-0.103027800715662,-0.10528488852188277,-0.6443958161299201,0.02191301954307734,0.01942747041012935,0.027189650426644618,-0.3023314065510597,-0.2726396917148364,-0.13726947426369393,212293.7561244151,0.002415370941157846
-0.103027800715662,-0.10528488852188277,-0.6643958161299202,0.02191301954307734,0.01942747041012935,0.01718965042664461,-0.2723314065510597,-0.26263969171483637,-0.13726947426369393,211108.7561244151,0.006587696075438743
-0.103027800715662,-0.10528488852188277,-0.6743958161299202,0.03191301954307735,0.02942747041012936,0.027189650426644618,-0.3023314065510597,-0.2826396917148364,-0.13726947426369393,210329.7561244151,0.010629129409789329
-0.103027800715662,-0.10528488852188277,-0.6943958161299202,0.01191301954307733,0.01942747041012935,0.01718965042664461,-0.31233140655105973,-0.2726396917148364,-0.15726947426369392,210128.7561244151,0.011631679534911399
-0.103027800715662,-0.10528488852188277,-0.7043958161299202,0.01191301954307733,0.00942747041012934,0.027189650426644618,-0.3523314065510597,-0.3426396917148364,-0.15726947426369392,209391.7561244151,0.014618825912478428
-0.103027800715662,-0.10528488852188277,-0.6943958161299202,0.01191301954307733,0.00942747041012934,0.03718965042664463,-0.3423314065510597,-0.30263969171483635,-0.16726947426369393,208506.7561244151,0.01962919235229066
-0.103027800715662,-0.10528488852188277,-0.6943958161299202,0.03191301954307735,0.02942747041012936,-0.0028103495733554085,-0.3923314065510597,-0.36263969171483634,-0.1772694742636939,208245.7561244151,0.022618484497069602
-0.103027800715662,-0.10528488852188277,-0.7043958161299202,0.03191301954307735,0.049427470410129376,-0.0028103495733554085,-0.3923314065510597,-0.36263969171483634,-0.1772694742636939,207512.7561244151,0.02363128662109304
-0.103027800715662,-0.10528488852188277,-0.7143958161299201,0.03191301954307735,0.02942747041012936,-0.0028103495733554085,-0.3423314065510597,-0.32263969171483636,-0.16726947426369393,206617.7561244151,0.027629804611208897
-0.103027800715662,-0.10528488852188277,-0.6843958161299202,0.02191301954307734,0.02942747041012936,-0.012810349573355417,-0.37233140655105973,-0.30263969171483635,-0.1772694742636939,206122.7561244151,0.031629037857054954
-0.103027800715662,-0.10528488852188277,-0.7043958161299202,0.04191301954307736,0.03942747041012937,-0.022810349573355426,-0.3523314065510597,-0.33263969171483637,-0.1772694742636939,205489.7561244151,0.03588147163391042
-0.103027800715662,-0.10528488852188277,-0.7143958161299201,0.04191301954307736,0.049427470410129376,-0.022810349573355426,-0.3423314065510597,-0.33263969171483637,-0.18726947426369392,204070.7561244151,0.03588147163391042
-0.103027800715662,-0.10528488852188277,-0.7043958161299202,0.04191301954307736,0.02942747041012936,-0.012810349573355417,-0.3323314065510597,-0.32263969171483636,-0.19726947426369393,202983.7561244151,0.039812517166136985
-0.103027800715662,-0.10528488852188277,-0.7043958161299202,0.04191301954307736,0.02942747041012936,-0.04281034957335539,-0.3523314065510597,-0.31263969171483635,-0.18726947426369392,201216.7561244151,0.04366750717163015
-0.103027800715662,-0.10528488852188277,-0.6843958161299202,0.03191301954307735,0.03942747041012937,-0.03281034957335538,-0.31233140655105973,-0.2726396917148364,-0.19726947426369393,199703.7561244151,0.04816431999206472
-0.103027800715662,-0.10528488852188277,-0.6943958161299202,0.02191301954307734,0.02942747041012936,-0.04281034957335539,-0.32233140655105974,-0.30263969171483635,-0.18726947426369392,198204.7561244151,0.04913921356201101
-0.103027800715662,-0.10528488852188277,-0.6943958161299202,0.03191301954307735,0.03942747041012937,-0.03281034957335538,-0.2823314065510597,-0.26263969171483637,-0.18726947426369392,196803.7561244151,0.05215735435485769
-0.103027800715662,-0.10528488852188277,-0.7043958161299202,0.04191301954307736,0.049427470410129376,-0.03281034957335538,-0.2723314065510597,-0.2726396917148364,-0.1772694742636939,195940.7561244151,0.05616445541381765
-0.103027800715662,-0.10528488852188277,-0.6843958161299202,0.05191301954307731,0.049427470410129376,-0.04281034957335539,-0.2823314065510597,-0.2726396917148364,-0.18726947426369392,195449.7561244151,0.06021327972412038
-0.103027800715662,-0.10528488852188277,-0.7143958161299201,0.04191301954307736,0.049427470410129376,-0.03281034957335538,-0.3323314065510597,-0.2826396917148364,-0.18726947426369392,194862.7561244151,0.06114931106567667
-0.103027800715662,-0.10528488852188277,-0.7143958161299201,0.05191301954307731,0.05942747041012933,-0.0528103495733554,-0.2923314065510597,-0.2826396917148364,-0.1772694742636939,193577.7561244151,0.06405658721923757
-0.103027800715662,-0.10528488852188277,-0.6943958161299202,0.06191301954307732,0.05942747041012933,-0.08281034957335542,-0.3023314065510597,-0.2726396917148364,-0.1772694742636939,192140.7561244151,0.06824369430541921
-0.103027800715662,-0.10528488852188277,-0.7143958161299201,0.07191301954307733,0.06942747041012934,-0.0628103495733554,-0.2923314065510597,-0.2726396917148364,-0.1772694742636939,191349.7561244151,0.07328052520751882
-0.103027800715662,-0.10528488852188277,-0.7143958161299201,0.07191301954307733,0.07942747041012935,-0.07281034957335542,-0.32233140655105974,-0.30263969171483635,-0.16726947426369393,190848.7561244151,0.07328052520751882
-0.103027800715662,-0.10528488852188277,-0.7143958161299201,0.07191301954307733,0.06942747041012934,-0.1128103495733554,-0.3323314065510597,-0.2926396917148364,-0.18726947426369392,190119.7561244151,0.07601494789123464
-0.103027800715662,-0.10528488852188277,-0.7243958161299201,0.08191301954307734,0.07942747041012935,-0.0528103495733554,-0.3323314065510597,-0.31263969171483635,-0.1772694742636939,189750.7561244151,0.08165712356567667
-0.103027800715662,-0.10528488852188277,-0.7043958161299202,0.09191301954307735,0.07942747041012935,-0.10281034957335539,-0.3523314065510597,-0.33263969171483637,-0.1772694742636939,189005.7561244151,0.08576889038085866
-0.103027800715662,-0.10528488852188277,-0.7343958161299201,0.08191301954307734,0.07942747041012935,-0.08281034957335542,-0.31233140655105973,-0.31263969171483635,-0.1772694742636939,188452.7561244151,0.08850998878478933
-0.103027800715662,-0.10528488852188277,-0.7043958161299202,0.07191301954307733,0.07942747041012935,-0.04281034957335539,-0.3023314065510597,-0.2826396917148364,-0.16726947426369393,188245.7561244151,0.08959193229675577
-0.103027800715662,-0.10528488852188277,-0.7243958161299201,0.07191301954307733,0.08942747041012936,-0.0528103495733554,-0.2923314065510597,-0.26263969171483637,-0.16726947426369393,187846.7561244151,0.09386010169982839
-0.103027800715662,-0.10528488852188277,-0.7243958161299201,0.08191301954307734,0.07942747041012935,-0.07281034957335542,-0.31233140655105973,-0.2826396917148364,-0.1772694742636939,187397.7561244151,0.09701890945434499
-0.103027800715662,-0.10528488852188277,-0.7343958161299201,0.10191301954307735,0.09942747041012936,-0.07281034957335542,-0.3023314065510597,-0.2826396917148364,-0.16726947426369393,187210.7561244151,0.10107202529907156
-0.103027800715662,-0.10528488852188277,-0.7243958161299201,0.07191301954307733,0.07942747041012935,-0.0628103495733554,-0.2923314065510597,-0.26263969171483637,-0.16726947426369393,187161.7561244151,0.10208005905151651
-0.103027800715662,-0.10528488852188277,-0.7243958161299201,0.08191301954307734,0.08942747041012936,-0.07281034957335542,-0.3023314065510597,-0.2726396917148364,-0.16726947426369393,186960.7561244151,0.10508031845092702
-0.103027800715662,-0.10528488852188277,-0.7343958161299201,0.09191301954307735,0.09942747041012936,-0.0628103495733554,-0.2823314065510597,-0.25263969171483636,-0.15726947426369392,186791.7561244151,0.10932583808898855
-0.103027800715662,-0.10528488852188277,-0.7243958161299201,0.09191301954307735,0.09942747041012936,-0.07281034957335542,-0.3023314065510597,-0.2726396917148364,-0.1472694742636939,186974.7561244151,0.1134082794189446
-0.103027800715662,-0.10528488852188277,-0.6943958161299202,0.08191301954307734,0.08942747041012936,-0.10281034957335539,-0.2823314065510597,-0.26263969171483637,-0.1472694742636939,186953.7561244151,0.1134082794189446
-0.103027800715662,-0.09528488852188277,-0.6743958161299202,0.09191301954307735,0.08942747041012936,-0.10281034957335539,-0.2823314065510597,-0.25263969171483636,-0.16726947426369393,186544.7561244151,0.11665291786193777
-0.09302780071566201,-0.09528488852188277,-0.6643958161299202,0.09191301954307735,0.08942747041012936,-0.08281034957335542,-0.26233140655105974,-0.25263969171483636,-0.16726947426369393,186343.7561244151,0.1216938018798821
-0.103027800715662,-0.09528488852188277,-0.6843958161299202,0.09191301954307735,0.08942747041012936,-0.08281034957335542,-0.2723314065510597,-0.26263969171483637,-0.15726947426369392,185772.7561244151,0.1267220497131305
-0.09302780071566201,-0.09528488852188277,-0.6743958161299202,0.09191301954307735,0.09942747041012936,-0.09281034957335538,-0.2823314065510597,-0.26263969171483637,-0.15726947426369392,184735.7561244151,0.1267220497131305
-0.103027800715662,-0.09528488852188277,-0.6643958161299202,0.10191301954307735,0.10942747041012937,-0.09281034957335538,-0.2923314065510597,-0.2726396917148364,-0.15726947426369392,184184.7561244151,0.12972183227538991
-0.103027800715662,-0.09528488852188277,-0.6743958161299202,0.10191301954307735,0.09942747041012936,-0.09281034957335538,-0.2823314065510597,-0.25263969171483636,-0.1772694742636939,183439.7561244151,0.13377280235290456
-0.09302780071566201,-0.09528488852188277,-0.6843958161299202,0.11191301954307731,0.10942747041012937,-0.08281034957335542,-0.3023314065510597,-0.2726396917148364,-0.15726947426369392,182218.7561244151,0.13774175643920827
-0.09302780071566201,-0.09528488852188277,-0.6743958161299202,0.11191301954307731,0.10942747041012937,-0.09281034957335538,-0.2823314065510597,-0.25263969171483636,-0.1472694742636939,181061.7561244151,0.13874239921569753
-0.103027800715662,-0.09528488852188277,-0.6843958161299202,0.10191301954307735,0.10942747041012937,-0.07281034957335542,-0.26233140655105974,-0.25263969171483636,-0.15726947426369392,180504.7561244151,0.14274187088012624
-0.09302780071566201,-0.09528488852188277,-0.6743958161299202,0.10191301954307735,0.10942747041012937,-0.09281034957335538,-0.2923314065510597,-0.2726396917148364,-0.15726947426369392,179441.7561244151,0.14608473777770925
-0.09302780071566201,-0.09528488852188277,-0.6743958161299202,0.09191301954307735,0.09942747041012936,-0.08281034957335542,-0.2923314065510597,-0.2726396917148364,-0.15726947426369392,178408.7561244151,0.15060348510742472
-0.09302780071566201,-0.09528488852188277,-0.6743958161299202,0.10191301954307735,0.09942747041012936,-0.08281034957335542,-0.3023314065510597,-0.2726396917148364,-0.15726947426369392,177807.7561244151,0.15060348510742472
-0.09302780071566201,-0.09528488852188277,-0.6743958161299202,0.11191301954307731,0.10942747041012937,-0.07281034957335542,-0.3023314065510597,-0.2726396917148364,-0.15726947426369392,177220.7561244151,0.15460200309752992
-0.103027800715662,-0.09528488852188277,-0.6843958161299202,0.10191301954307735,0.09942747041012936,-0.0628103495733554,-0.2823314065510597,-0.26263969171483637,-0.1472694742636939,175909.7561244151,0.1586498737335198
-0.103027800715662,-0.10528488852188277,-0.7043958161299202,0.11191301954307731,0.11942747041012933,-0.0628103495733554,-0.25233140655105973,-0.22263969171483639,-0.1472694742636939,175236.7561244151,0.16320056915283132
-0.103027800715662,-0.10528488852188277,-0.7343958161299201,0.12191301954307732,0.11942747041012933,-0.04281034957335539,-0.25233140655105973,-0.22263969171483639,-0.1472694742636939,174659.7561244151,0.16723937988280824
-0.103027800715662,-0.10528488852188277,-0.7443958161299201,0.12191301954307732,0.12942747041012934,-0.03281034957335538,-0.24233140655105972,-0.22263969171483639,-0.1472694742636939,173806.7561244151,0.16723937988280824
-0.103027800715662,-0.10528488852188277,-0.7643958161299201,0.12191301954307732,0.12942747041012934,-0.04281034957335539,-0.26233140655105974,-0.24263969171483635,-0.15726947426369392,172843.7561244151,0.1712390899658196
-0.103027800715662,-0.10528488852188277,-0.7343958161299201,0.12191301954307732,0.12942747041012934,-0.04281034957335539,-0.2723314065510597,-0.25263969171483636,-0.16726947426369393,171846.7561244151,0.1758851528167682
-0.103027800715662,-0.10528488852188277,-0.7443958161299201,0.14191301954307733,0.13942747041012934,-0.04281034957335539,-0.3023314065510597,-0.26263969171483637,-0.1772694742636939,170661.7561244151,0.1788358211517327
-0.103027800715662,-0.10528488852188277,-0.7443958161299201,0.12191301954307732,0.13942747041012934,-0.0628103495733554,-0.25233140655105973,-0.24263969171483635,-0.1772694742636939,169450.7561244151,0.1798893928527825
-0.103027800715662,-0.10528488852188277,-0.7543958161299201,0.14191301954307733,0.13942747041012934,-0.0528103495733554,-0.26233140655105974,-0.2326396917148364,-0.1772694742636939,168937.7561244151,0.18288702964782644
-0.103027800715662,-0.10528488852188277,-0.7543958161299201,0.13191301954307733,0.13942747041012934,-0.04281034957335539,-0.25233140655105973,-0.24263969171483635,-0.18726947426369392,168352.7561244151,0.18688220977783132
-0.103027800715662,-0.10528488852188277,-0.7543958161299201,0.14191301954307733,0.14942747041012935,-0.03281034957335538,-0.2723314065510597,-0.26263969171483637,-0.18726947426369392,167831.7561244151,0.19094557762145925
-0.103027800715662,-0.10528488852188277,-0.7543958161299201,0.13191301954307733,0.12942747041012934,-0.0628103495733554,-0.2823314065510597,-0.25263969171483636,-0.19726947426369393,167004.7561244151,0.19197244644164968
-0.103027800715662,-0.10528488852188277,-0.7443958161299201,0.14191301954307733,0.14942747041012935,-0.08281034957335542,-0.2723314065510597,-0.25263969171483636,-0.21726947426369392,166291.7561244151,0.19489688873290945
-0.103027800715662,-0.10528488852188277,-0.7643958161299201,0.14191301954307733,0.14942747041012935,-0.07281034957335542,-0.24233140655105972,-0.2326396917148364,-0.22726947426369393,166064.7561244151,0.19903321266174245
-0.09302780071566201,-0.09528488852188277,-0.7443958161299201,0.13191301954307733,0.13942747041012934,-0.08281034957335542,-0.25233140655105973,-0.22263969171483639,-0.21726947426369392,165095.7561244151,0.20306010246276784
-0.063027800715662,-0.06528488852188277,-0.7443958161299201,0.13191301954307733,0.12942747041012934,-0.07281034957335542,-0.25233140655105973,-0.2326396917148364,-0.21726947426369392,164128.7561244151,0.2040600299835198
-0.103027800715662,-0.09528488852188277,-0.7643958161299201,0.13191301954307733,0.14942747041012935,-0.0628103495733554,-0.23233140655105972,-0.20263969171483637,-0.21726947426369392,163039.7561244151,0.2070664882659905
-0.073027800715662,-0.08528488852188276,-0.7643958161299201,0.14191301954307733,0.14942747041012935,-0.0628103495733554,-0.23233140655105972,-0.22263969171483639,-0.21726947426369392,161864.7561244151,0.2110640525817864
-0.013027800715662008,-0.005284888521882761,-0.7343958161299201,0.13191301954307733,0.13942747041012934,-0.07281034957335542,-0.24233140655105972,-0.21263969171483638,-0.22726947426369393,161075.7561244151,0.2160853862762444
0.04697219928433799,0.05471511147811724,-0.7443958161299201,0.12191301954307732,0.12942747041012934,-0.07281034957335542,-0.19233140655105974,-0.1726396917148364,-0.2072694742636939,160374.7561244151,0.21709365844726491
0.096972199284338,0.11471511147811723,-0.7443958161299201,0.12191301954307732,0.12942747041012934,-0.07281034957335542,-0.20233140655105974,-0.18263969171483635,-0.22726947426369393,159779.7561244151,0.2203721523284905
0.18697219928433798,0.1847151114781172,-0.7243958161299201,0.12191301954307732,0.12942747041012934,-0.08281034957335542,-0.18233140655105973,-0.1726396917148364,-0.24726947426369392,158898.7561244151,0.22341461181640554
0.266972199284338,0.2647151114781172,-0.7043958161299202,0.11191301954307731,0.11942747041012933,-0.08281034957335542,-0.20233140655105974,-0.1726396917148364,-0.25726947426369395,158139.7561244151,0.2284154415130608
0.31697219928433795,0.3147151114781172,-0.6143958161299201,0.09191301954307735,0.09942747041012936,-0.10281034957335539,-0.19233140655105974,-0.1626396917148364,-0.23726947426369394,157088.7561244151,0.23171205520629812
0.43697219928433806,0.44471511147811726,-0.5743958161299201,0.09191301954307735,0.09942747041012936,-0.09281034957335538,-0.20233140655105974,-0.18263969171483635,-0.22726947426369393,156235.7561244151,0.23241539001464773
0.556972199284338,0.5447151114781172,-0.5343958161299202,0.08191301954307734,0.08942747041012936,-0.1128103495733554,-0.20233140655105974,-0.19263969171483636,-0.25726947426369395,155406.7561244151,0.236409139633178
0.636972199284338,0.6147151114781172,-0.5243958161299201,0.07191301954307733,0.07942747041012935,-0.1128103495733554,-0.1523314065510597,-0.15263969171483638,-0.23726947426369394,155165.7561244151,0.2414299964904778
0.7069721992843381,0.7047151114781173,-0.4943958161299201,0.06191301954307732,0.06942747041012934,-0.1228103495733554,-0.1523314065510597,-0.13263969171483636,-0.24726947426369392,155426.7561244151,0.24411101341247843
0.766972199284338,0.7447151114781172,-0.47439581612992016,0.05191301954307731,0.06942747041012934,-0.1128103495733554,-0.1423314065510597,-0.14263969171483637,-0.23726947426369394,155747.7561244151,0.24517197608948038
0.796972199284338,0.7647151114781172,-0.47439581612992016,0.05191301954307731,0.06942747041012934,-0.10281034957335539,-0.1423314065510597,-0.12263969171483635,-0.22726947426369393,155986.7561244151,0.24949378967285085
0.856972199284338,0.8347151114781172,-0.46439581612992015,0.05191301954307731,0.05942747041012933,-0.10281034957335539,-0.1423314065510597,-0.13263969171483636,-0.23726947426369394,156403.7561244151,0.2528609752655022
0.916972199284338,0.9047151114781172,-0.4243958161299201,0.04191301954307736,0.05942747041012933,-0.1328103495733554,-0.13233140655105968,-0.12263969171483635,-0.24726947426369392,156900.7561244151,0.2567927360534661
0.926972199284338,0.9047151114781172,-0.41439581612992016,0.04191301954307736,0.05942747041012933,-0.10281034957335539,-0.1423314065510597,-0.13263969171483636,-0.23726947426369394,157657.7561244151,0.25788540840148855
0.9669721992843381,0.9447151114781173,-0.4343958161299201,0.03191301954307735,0.049427470410129376,-0.10281034957335539,-0.12233140655105967,-0.12263969171483635,-0.23726947426369394,158388.7561244151,0.2609827041626005
1.026972199284338,1.0047151114781174,-0.39439581612992014,0.03191301954307735,0.03942747041012937,-0.1128103495733554,-0.1623314065510597,-0.15263969171483638,-0.24726947426369392,159299.7561244151,0.26510043144226003
1.096972199284338,1.0647151114781173,-0.40439581612992015,0.02191301954307734,0.03942747041012937,-0.1228103495733554,-0.17233140655105972,-0.1726396917148364,-0.23726947426369394,159804.7561244151,0.268594455718997
1.136972199284338,1.1047151114781173,-0.3743958161299201,0.02191301954307734,0.02942747041012936,-0.14281034957335542,-0.18233140655105973,-0.1626396917148364,-0.25726947426369395,160685.7561244151,0.2696001052856438
1.146972199284338,1.1347151114781173,-0.3643958161299201,0.02191301954307734,0.02942747041012936,-0.1328103495733554,-0.18233140655105973,-0.1626396917148364,-0.23726947426369394,161990.7561244151,0.27360458374023366
1.206972199284338,1.1847151114781174,-0.3143958161299201,0.01191301954307733,0.02942747041012936,-0.15281034957335538,-0.18233140655105973,-0.1626396917148364,-0.24726947426369392,162621.7561244151,0.27760047912597585
1.2569721992843381,1.2347151114781174,-0.32439581612992013,0.01191301954307733,0.01942747041012935,-0.1228103495733554,-0.18233140655105973,-0.1726396917148364,-0.23726947426369394,163526.7561244151,0.2816228389739983
1.316972199284338,1.2947151114781172,-0.3043958161299201,0.0019130195430773211,0.00942747041012934,-0.1228103495733554,-0.2223314065510597,-0.19263969171483636,-0.24726947426369392,164771.7561244151,0.2816228389739983
1.366972199284338,1.3547151114781173,-0.28439581612992015,-0.00808698045692266,-0.0005725295898706406,-0.16281034957335538,-0.2123314065510597,-0.19263969171483636,-0.2672694742636939,165892.7561244151,0.2858643054962151
1.426972199284338,1.3947151114781173,-0.3143958161299201,-0.00808698045692266,-0.0005725295898706406,-0.1328103495733554,-0.25233140655105973,-0.2326396917148364,-0.2872694742636939,167193.7561244151,0.289828968048095
1.476972199284338,1.4547151114781174,-0.3643958161299201,-0.01808698045692267,-0.0005725295898706406,-0.1328103495733554,-0.24233140655105972,-0.2326396917148364,-0.25726947426369395,168338.7561244151,0.2939035415649407
1.5069721992843381,1.4747151114781174,-0.34439581612992015,-0.01808698045692267,-0.01057252958987065,-0.15281034957335538,-0.25233140655105973,-0.24263969171483635,-0.2672694742636939,169771.7561244151,0.2939035415649407
1.536972199284338,1.5147151114781174,-0.34439581612992015,-0.01808698045692267,-0.0005725295898706406,-0.15281034957335538,-0.26233140655105974,-0.25263969171483636,-0.2872694742636939,171424.7561244151,0.2979030132293694
1.566972199284338,1.5447151114781172,-0.29439581612992016,-0.01808698045692267,-0.01057252958987065,-0.15281034957335538,-0.24233140655105972,-0.2326396917148364,-0.25726947426369395,173341.7561244151,0.3019032001495354
1.576972199284338,1.5547151114781173,-0.28439581612992015,-0.01808698045692267,-0.01057252958987065,-0.15281034957335538,-0.25233140655105973,-0.2326396917148364,-0.24726947426369392,174822.7561244151,0.30590314865112234
1.616972199284338,1.5847151114781173,-0.3043958161299201,-0.028086980456922678,-0.02057252958987066,-0.14281034957335542,-0.25233140655105973,-0.25263969171483636,-0.22726947426369393,176643.7561244151,0.30960483551024964
1.636972199284338,1.6247151114781173,-0.24439581612992012,-0.028086980456922678,-0.02057252958987066,-0.1328103495733554,-0.2723314065510597,-0.25263969171483636,-0.22726947426369393,178900.7561244151,0.30960483551024964
1.666972199284338,1.6547151114781173,-0.20439581612992008,-0.028086980456922678,-0.01057252958987065,-0.14281034957335542,-0.2723314065510597,-0.25263969171483636,-0.25726947426369395,181239.7561244151,0.3137578487396233
1.696972199284338,1.6847151114781174,-0.17439581612992017,-0.028086980456922678,-0.02057252958987066,-0.1728103495733554,-0.3023314065510597,-0.2826396917148364,-0.25726947426369395,184356.7561244151,0.3187942028045647
1.736972199284338,1.7147151114781174,-0.18439581612992018,-0.03808698045692266,-0.02057252958987066,-0.16281034957335538,-0.2823314065510597,-0.2926396917148364,-0.24726947426369392,187363.7561244151,0.3220862865447991
1.776972199284338,1.7547151114781174,-0.14439581612992014,-0.028086980456922678,-0.02057252958987066,-0.16281034957335538,-0.31233140655105973,-0.30263969171483635,-0.25726947426369395,190074.7561244151,0.3228084564208977
1.796972199284338,1.7747151114781172,-0.14439581612992014,-0.03808698045692266,-0.03057252958987064,-0.1728103495733554,-0.31233140655105973,-0.30263969171483635,-0.24726947426369392,192325.7561244151,0.3267957687377958
1.786972199284338,1.7747151114781172,-0.15439581612992015,-0.028086980456922678,-0.02057252958987066,-0.16281034957335538,-0.2923314065510597,-0.2826396917148364,-0.25726947426369395,194642.7561244151,0.3307959556579583
1.786972199284338,1.7747151114781172,-0.14439581612992014,-0.03808698045692266,-0.03057252958987064,-0.1828103495733554,-0.3023314065510597,-0.2926396917148364,-0.24726947426369392,197069.7561244151,0.3351859569549589
1.826972199284338,1.8147151114781173,-0.14439581612992014,-0.03808698045692266,-0.03057252958987064,-0.1828103495733554,-0.2923314065510597,-0.2826396917148364,-0.25726947426369395,199488.7561244151,0.3351859569549589
1.826972199284338,1.8047151114781173,-0.13439581612992013,-0.03808698045692266,-0.03057252958987064,-0.14281034957335542,-0.31233140655105973,-0.31263969171483635,-0.23726947426369394,201853.7561244151,0.3383407115936272
1.836972199284338,1.8247151114781173,-0.14439581612992014,-0.04808698045692267,-0.03057252958987064,-0.15281034957335538,-0.3023314065510597,-0.2926396917148364,-0.23726947426369394,203966.7561244151,0.34377713203430105
1.856972199284338,1.8447151114781173,-0.12439581612992012,-0.04808698045692267,-0.04057252958987065,-0.15281034957335538,-0.2923314065510597,-0.2826396917148364,-0.23726947426369394,205835.7561244151,0.3471395492553704
1.846972199284338,1.8147151114781173,-0.14439581612992014,-0.03808698045692266,-0.03057252958987064,-0.15281034957335538,-0.3023314065510597,-0.2926396917148364,-0.21726947426369392,207666.7561244151,0.34813351631164835
1.836972199284338,1.8147151114781173,-0.13439581612992013,-0.04808698045692267,-0.03057252958987064,-0.1228103495733554,-0.2923314065510597,-0.2826396917148364,-0.22726947426369393,210397.7561244151,0.351174068450927
1.826972199284338,1.7947151114781172,-0.15439581612992015,-0.03808698045692266,-0.03057252958987064,-0.15281034957335538,-0.31233140655105973,-0.2926396917148364,-0.23726947426369394,212842.7561244151,0.35512776374816823
1.776972199284338,1.7647151114781174,-0.14439581612992014,-0.028086980456922678,-0.02057252958987066,-0.1328103495733554,-0.3023314065510597,-0.2926396917148364,-0.22726947426369393,214765.7561244151,0.35925097465515066
1.776972199284338,1.7747151114781172,-0.14439581612992014,-0.01808698045692267,-0.01057252958987065,-0.1328103495733554,-0.32233140655105974,-0.32263969171483636,-0.23726947426369394,217416.7561244151,0.35925097465515066
1.7669721992843381,1.7447151114781174,-0.15439581612992015,-0.01808698045692267,-0.01057252958987065,-0.10281034957335539,-0.3523314065510597,-0.33263969171483637,-0.22726947426369393,220457.7561244151,0.36222834587097097
1.736972199284338,1.7347151114781174,-0.14439581612992014,-0.028086980456922678,-0.01057252958987065,-0.1328103495733554,-0.3423314065510597,-0.3426396917148364,-0.24726947426369392,223244.7561244151,0.367795658111568
1.736972199284338,1.7147151114781174,-0.0943958161299201,-0.00808698045692266,-0.0005725295898706406,-0.14281034957335542,-0.3523314065510597,-0.3426396917148364,-0.23726947426369394,226735.7561244151,0.37177653312683034
1.726972199284338,1.6947151114781174,-0.0943958161299201,-0.01808698045692267,0.00942747041012934,-0.1228103495733554,-0.3323314065510597,-0.32263969171483636,-0.23726947426369394,230148.7561244151,0.3750283241272001
1.736972199284338,1.7247151114781174,-0.06439581612992018,-0.00808698045692266,0.00942747041012934,-0.1228103495733554,-0.3423314065510597,-0.33263969171483637,-0.25726947426369395,233241.7561244151,0.376104545593261
1.296972199284338,1.3147151114781173,0.1756041838700798,0.2319130195430773,0.23942747041012932,-0.0028103495733554085,-0.38233140655105974,-0.36263969171483634,-0.1472694742636939,233245.7561244151,0.45255846977233816
1.296972199284338,1.3147151114781173,0.20560418387007984,0.2519130195430773,0.25942747041012937,0.027189650426644618,-0.37233140655105973,-0.3526396917148364,-0.13726947426369393,231410.7561244151,0.4536036968231194
1.346972199284338,1.3547151114781173,0.23560418387007986,0.27191301954307734,0.2994274704101294,0.027189650426644618,-0.3623314065510597,-0.3526396917148364,-0.1472694742636939,230049.7561244151,0.45705027580260804
1.306972199284338,1.3147151114781173,0.22560418387007986,0.29191301954307736,0.3194274704101294,0.03718965042664463,-0.38233140655105974,-0.36263969171483634,-0.13726947426369393,229258.7561244151,0.4613503932952874
1.306972199284338,1.3047151114781173,0.24560418387007987,0.30191301954307737,0.3194274704101294,0.027189650426644618,-0.38233140655105974,-0.36263969171483634,-0.13726947426369393,228835.7561244151,0.465607833862304
1.286972199284338,1.2947151114781172,0.2656041838700799,0.3319130195430773,0.34942747041012934,0.01718965042664461,-0.38233140655105974,-0.36263969171483634,-0.1472694742636939,228342.7561244151,0.4663536071777301
1.146972199284338,1.1747151114781174,0.20560418387007984,0.40191301954307734,0.4094274704101294,0.027189650426644618,-0.3923314065510597,-0.37263969171483635,-0.13726947426369393,227589.7561244151,0.46937127113342214
1.116972199284338,1.1147151114781173,0.1656041838700799,0.40191301954307734,0.4194274704101294,0.03718965042664463,-0.3923314065510597,-0.36263969171483634,-0.13726947426369393,227036.7561244151,0.47435994148254323
1.056972199284338,1.0947151114781173,0.1556041838700799,0.4519130195430773,0.4594274704101293,0.01718965042664461,-0.3623314065510597,-0.3426396917148364,-0.13726947426369393,226155.7561244151,0.4783708572387688
0.9569721992843381,0.9547151114781173,0.1356041838700799,0.4919130195430773,0.5094274704101294,0.047189650426644636,-0.3523314065510597,-0.33263969171483637,-0.13726947426369393,225036.7561244151,0.4783708572387688
0.926972199284338,0.9547151114781173,0.11560418387007987,0.5219130195430773,0.5394274704101294,0.08718965042664456,-0.3623314065510597,-0.3426396917148364,-0.11726947426369391,223807.7561244151,0.4823717594146757
0.876972199284338,0.9047151114781172,0.11560418387007987,0.5319130195430773,0.5494274704101294,0.09718965042664457,-0.3523314065510597,-0.33263969171483637,-0.11726947426369391,222308.7561244151,0.48675150871276784
0.846972199284338,0.8847151114781172,0.12560418387007988,0.5719130195430774,0.5794274704101294,0.10718965042664458,-0.3423314065510597,-0.31263969171483635,-0.11726947426369391,220505.7561244151,0.4907516956329303
0.806972199284338,0.8247151114781173,0.10560418387007986,0.6219130195430773,0.6294274704101294,0.08718965042664456,-0.3423314065510597,-0.31263969171483635,-0.11726947426369391,219284.7561244151,0.4907516956329303
0.776972199284338,0.7947151114781172,0.09560418387007985,0.6619130195430774,0.6694274704101294,0.10718965042664458,-0.3323314065510597,-0.31263969171483635,-0.11726947426369391,218339.7561244151,0.4947518825530999
0.726972199284338,0.7347151114781172,0.10560418387007986,0.6619130195430774,0.6794274704101294,0.1371896504266446,-0.32233140655105974,-0.30263969171483635,-0.10726947426369393,216778.7561244151,0.4983119487762444
0.6969721992843381,0.7147151114781172,0.11560418387007987,0.6719130195430774,0.6994274704101294,0.1471896504266446,-0.31233140655105973,-0.2926396917148364,-0.10726947426369393,215583.7561244151,0.5022179603576618
0.676972199284338,0.6847151114781173,0.11560418387007987,0.7119130195430773,0.7194274704101293,0.1371896504266446,-0.3023314065510597,-0.2826396917148364,-0.10726947426369393,214594.7561244151,0.5032472133636468
0.656972199284338,0.6647151114781172,0.11560418387007987,0.7019130195430773,0.7194274704101293,0.1271896504266446,-0.3023314065510597,-0.2826396917148364,-0.10726947426369393,213917.7561244151,0.5063621520996087
0.636972199284338,0.6547151114781172,0.11560418387007987,0.7419130195430773,0.7594274704101294,0.09718965042664457,-0.3023314065510597,-0.2826396917148364,-0.10726947426369393,213684.7561244151,0.5116910457611077
0.616972199284338,0.6347151114781172,0.1356041838700799,0.7819130195430773,0.7994274704101294,0.1371896504266446,-0.31233140655105973,-0.2826396917148364,-0.11726947426369391,213689.7561244151,0.515025329589843
0.596972199284338,0.6147151114781172,0.12560418387007988,0.8019130195430774,0.8194274704101294,0.1271896504266446,-0.3023314065510597,-0.2826396917148364,-0.11726947426369391,213412.7561244151,0.5182992935180621
0.586972199284338,0.5947151114781172,0.1556041838700799,0.8319130195430774,0.8394274704101294,0.1371896504266446,-0.2923314065510597,-0.2726396917148364,-0.10726947426369393,213129.7561244151,0.5190054893493645
0.5669721992843381,0.5747151114781173,0.1556041838700799,0.8619130195430774,0.8894274704101295,0.1271896504266446,-0.2823314065510597,-0.26263969171483637,-0.11726947426369391,213010.7561244151,0.5240017890930169
0.556972199284338,0.5647151114781173,0.1456041838700799,0.8819130195430774,0.8894274704101295,0.1371896504266446,-0.2823314065510597,-0.26263969171483637,-0.10726947426369393,212397.7561244151,0.5270659446716301
0.5669721992843381,0.5747151114781173,0.1356041838700799,0.9019130195430772,0.9094274704101293,0.1271896504266446,-0.2823314065510597,-0.26263969171483637,-0.11726947426369391,212054.7561244151,0.531071615219119
0.516972199284338,0.5247151114781172,0.1356041838700799,0.9419130195430773,0.9494274704101293,0.1271896504266446,-0.2823314065510597,-0.26263969171483637,-0.10726947426369393,211607.7561244151,0.5321111202239983
0.526972199284338,0.5447151114781172,0.12560418387007988,0.9619130195430773,0.9794274704101293,0.11718965042664459,-0.2823314065510597,-0.26263969171483637,-0.11726947426369391,211222.7561244151,0.5356988430023186
0.506972199284338,0.5247151114781172,0.1356041838700799,0.9719130195430773,0.9794274704101293,0.1271896504266446,-0.2823314065510597,-0.26263969171483637,-0.10726947426369393,211279.7561244151,0.5390476703643792
0.516972199284338,0.5347151114781172,0.12560418387007988,0.9619130195430773,0.9794274704101293,0.1471896504266446,-0.2823314065510597,-0.25263969171483636,-0.10726947426369393,211322.7561244151,0.543425273895263
0.516972199284338,0.5347151114781172,0.10560418387007986,0.9619130195430773,0.9794274704101293,0.15718965042664462,-0.2823314065510597,-0.26263969171483637,-0.10726947426369393,211503.7561244151,0.5444783687591546
0.506972199284338,0.5147151114781172,0.10560418387007986,1.0119130195430772,1.0094274704101294,0.17718965042664464,-0.2723314065510597,-0.25263969171483636,-0.11726947426369391,211426.7561244151,0.5484773635864215
0.42697219928433805,0.4547151114781173,0.08560418387007984,1.0319130195430772,1.0294274704101294,0.17718965042664464,-0.2723314065510597,-0.25263969171483636,-0.11726947426369391,211483.7561244151,0.5527793884277301
0.43697219928433806,0.4547151114781173,0.06560418387007982,1.0419130195430775,1.0394274704101294,0.18718965042664465,-0.2723314065510597,-0.25263969171483636,-0.11726947426369391,211526.7561244151,0.5557798862457268
0.42697219928433805,0.43471511147811726,0.03560418387007991,1.0619130195430775,1.0694274704101294,0.1471896504266446,-0.2723314065510597,-0.25263969171483636,-0.11726947426369391,211833.7561244151,0.5557798862457268
0.376972199284338,0.3947151114781172,-0.014395816129920136,1.0619130195430775,1.0594274704101294,0.1271896504266446,-0.26233140655105974,-0.24263969171483635,-0.11726947426369391,211956.7561244151,0.5607795238494866
0.356972199284338,0.3647151114781172,0.005604183870079882,1.0719130195430773,1.0794274704101294,0.11718965042664459,-0.24233140655105972,-0.22263969171483639,-0.10726947426369393,212143.7561244151,0.5646016120910637
0.31697219928433795,0.3247151114781172,-0.06439581612992018,1.0819130195430775,1.0694274704101294,0.10718965042664458,-0.23233140655105972,-0.21263969171483638,-0.10726947426369393,212820.7561244151,0.5687403202056878
0.276972199284338,0.29471511147811724,-0.11439581612992011,1.0719130195430773,1.0794274704101294,0.10718965042664458,-0.23233140655105972,-0.21263969171483638,-0.10726947426369393,213723.7561244151,0.5687403202056878
0.256972199284338,0.2547151114781172,-0.14439581612992014,1.0719130195430773,1.0694274704101294,0.10718965042664458,-0.23233140655105972,-0.21263969171483638,-0.10726947426369393,214988.7561244151,0.5719224929809599
0.216972199284338,0.21471511147811723,-0.18439581612992018,1.0319130195430772,1.0394274704101294,0.09718965042664457,-0.2123314065510597,-0.18263969171483635,-0.10726947426369393,216133.7561244151,0.576438379287719
0.19697219928433798,0.1947151114781172,-0.2243958161299201,0.9719130195430773,0.9994274704101294,0.06718965042664465,-0.20233140655105974,-0.1726396917148364,-0.10726947426369393,217148.7561244151,0.58026475906372
0.136972199284338,0.14471511147811722,-0.26439581612992014,0.9419130195430773,0.9494274704101293,0.08718965042664456,-0.19233140655105974,-0.1726396917148364,-0.09726947426369392,218383.7561244151,0.584324550628665
0.126972199284338,0.12471511147811724,-0.28439581612992015,0.9019130195430772,0.8994274704101293,0.09718965042664457,-0.18233140655105973,-0.1626396917148364,-0.09726947426369392,220088.7561244151,0.584324550628665
0.126972199284338,0.12471511147811724,-0.33439581612992014,0.8119130195430774,0.8094274704101294,0.07718965042664455,-0.17233140655105972,-0.14263969171483637,-0.09726947426369392,221733.7561244151,0.5892509937286405
0.096972199284338,0.08471511147811724,-0.34439581612992015,0.7719130195430773,0.7594274704101294,0.06718965042664465,-0.1623314065510597,-0.14263969171483637,-0.09726947426369392,223458.7561244151,0.5932507038116483
0.03697219928433801,0.04471511147811723,-0.3643958161299201,0.7319130195430773,0.7394274704101294,0.07718965042664455,-0.1523314065510597,-0.13263969171483636,-0.10726947426369393,225213.7561244151,0.596368741989135
-0.003027800715661999,0.01471511147811723,-0.3743958161299201,0.7019130195430773,0.6994274704101294,0.08718965042664456,-0.12233140655105967,-0.09263969171483633,-0.09726947426369392,227308.7561244151,0.596368741989135
0.01697219928433799,0.01471511147811723,-0.40439581612992015,0.6819130195430774,0.6694274704101294,0.09718965042664457,-0.11233140655105966,-0.08263969171483632,-0.09726947426369392,228915.7561244151,0.6017612934112506
-0.023027800715662003,-0.01528488852188277,-0.4343958161299201,0.7019130195430773,0.6994274704101294,0.10718965042664458,-0.10233140655105977,-0.08263969171483632,-0.08726947426369391,230196.7561244151,0.604575586318969
-0.033027800715662,-0.03528488852188276,-0.47439581612992016,0.7019130195430773,0.7194274704101293,0.11718965042664459,-0.11233140655105966,-0.09263969171483633,-0.09726947426369392,230685.7561244151,0.6087309837341301
-0.073027800715662,-0.07528488852188277,-0.4943958161299201,0.7519130195430773,0.7494274704101294,0.1271896504266446,-0.12233140655105967,-0.09263969171483633,-0.09726947426369392,231070.7561244151,0.6095768928527825
-0.083027800715662,-0.07528488852188277,-0.5143958161299201,0.7819130195430773,0.7794274704101294,0.1271896504266446,-0.10233140655105977,-0.08263969171483632,-0.09726947426369392,231687.7561244151,0.613557052612304
-0.073027800715662,-0.08528488852188276,-0.5243958161299201,0.7319130195430773,0.7394274704101294,0.10718965042664458,-0.10233140655105977,-0.08263969171483632,-0.10726947426369393,232212.7561244151,0.6175579547882073
-0.083027800715662,-0.08528488852188276,-0.5143958161299201,0.7219130195430773,0.7194274704101293,0.1271896504266446,-0.11233140655105966,-0.09263969171483633,-0.10726947426369393,233037.7561244151,0.6205629825592034
-0.09302780071566201,-0.09528488852188277,-0.5343958161299202,0.8519130195430774,0.8394274704101294,0.10718965042664458,-0.13233140655105968,-0.10263969171483633,-0.10726947426369393,233860.7561244151,0.6346666336059599
-0.09302780071566201,-0.09528488852188277,-0.5343958161299202,0.8419130195430774,0.8394274704101294,0.08718965042664456,-0.08233140655105975,-0.06263969171483641,-0.11726947426369391,233637.7561244151,0.6386675357818596
-0.103027800715662,-0.10528488852188277,-0.5343958161299202,0.8119130195430774,0.8194274704101294,0.09718965042664457,-0.08233140655105975,-0.06263969171483641,-0.10726947426369393,233752.7561244151,0.6426674842834466
-0.103027800715662,-0.10528488852188277,-0.5443958161299202,0.8319130195430774,0.8394274704101294,0.11718965042664459,-0.07233140655105974,-0.04263969171483639,-0.10726947426369393,232751.7561244151,0.6457159042358391
-0.103027800715662,-0.10528488852188277,-0.5443958161299202,0.8519130195430774,0.8594274704101295,0.10718965042664458,-0.042331406551059714,-0.03263969171483638,-0.10726947426369393,231512.7561244151,0.6467232227325432
-0.09302780071566201,-0.10528488852188277,-0.5043958161299201,0.8819130195430774,0.8794274704101295,0.10718965042664458,-0.05233140655105972,-0.04263969171483639,-0.11726947426369391,230203.7561244151,0.6502148628234856
-0.09302780071566201,-0.09528488852188277,-0.4843958161299201,0.8719130195430774,0.8694274704101295,0.10718965042664458,-0.05233140655105972,-0.022639691714836374,-0.12726947426369392,229158.7561244151,0.6544148445129387
-0.09302780071566201,-0.09528488852188277,-0.5143958161299201,0.9019130195430772,0.8994274704101293,0.10718965042664458,-0.042331406551059714,-0.022639691714836374,-0.12726947426369392,227957.7561244151,0.6584147930145257
-0.09302780071566201,-0.09528488852188277,-0.5043958161299201,0.9119130195430772,0.8994274704101293,0.08718965042664456,-0.042331406551059714,-0.022639691714836374,-0.12726947426369392,226962.7561244151,0.6616992473602288
-0.09302780071566201,-0.09528488852188277,-0.5043958161299201,0.9019130195430772,0.8994274704101293,0.08718965042664456,-0.022331406551059696,-0.012639691714836365,-0.13726947426369393,226367.7561244151,0.6624266624450676
-0.103027800715662,-0.09528488852188277,-0.5143958161299201,0.8819130195430774,0.8794274704101295,0.10718965042664458,-0.012331406551059687,0.0073603082851636525,-0.12726947426369392,225924.7561244151,0.666300964355468
-0.103027800715662,-0.10528488852188277,-0.5143958161299201,0.8619130195430774,0.8694274704101295,0.10718965042664458,0.027668593448940237,0.04736030828516358,-0.12726947426369392,224871.7561244151,0.6704830646514885
-0.09302780071566201,-0.09528488852188277,-0.5143958161299201,0.8719130195430774,0.8694274704101295,0.08718965042664456,0.047668593448940255,0.0673603082851636,-0.1472694742636939,223972.7561244151,0.674207162857055
-0.09302780071566201,-0.09528488852188277,-0.4943958161299201,0.8619130195430774,0.8694274704101295,0.07718965042664455,0.07766859344894028,0.09736030828516362,-0.13726947426369393,222209.7561244151,0.6752516746520989
-0.09302780071566201,-0.09528488852188277,-0.5043958161299201,0.8819130195430774,0.8794274704101295,0.09718965042664457,0.0976685934489403,0.12736030828516365,-0.13726947426369393,220154.7561244151,0.6789857864379876
-0.09302780071566201,-0.09528488852188277,-0.5043958161299201,0.8919130195430772,0.9194274704101293,0.07718965042664455,0.11766859344894032,0.12736030828516365,-0.13726947426369393,218209.7561244151,0.6830341339111321
-0.09302780071566201,-0.09528488852188277,-0.47439581612992016,0.9119130195430772,0.9094274704101293,0.06718965042664465,0.13766859344894034,0.14736030828516367,-0.13726947426369393,216112.7561244151,0.6870419502258294
-0.09302780071566201,-0.09528488852188277,-0.47439581612992016,0.9319130195430773,0.9294274704101293,0.08718965042664456,0.14766859344894023,0.15736030828516367,-0.13726947426369393,214919.7561244151,0.6880292415618889
-0.09302780071566201,-0.09528488852188277,-0.45439581612992014,0.9519130195430773,0.9494274704101293,0.07718965042664455,0.15766859344894024,0.17736030828516358,-0.13726947426369393,213516.7561244151,0.6910559654235833
-0.09302780071566201,-0.09528488852188277,-0.47439581612992016,0.9619130195430773,0.9594274704101293,0.047189650426644636,0.16766859344894025,0.17736030828516358,-0.1472694742636939,212107.7561244151,0.6950337409973137
-0.09302780071566201,-0.09528488852188277,-0.47439581612992016,0.9419130195430773,0.9294274704101293,0.01718965042664461,0.16766859344894025,0.1873603082851636,-0.1472694742636939,211336.7561244151,0.6993808269500761
-0.09302780071566201,-0.09528488852188277,-0.5043958161299201,0.8519130195430774,0.8494274704101294,0.01718965042664461,0.19766859344894028,0.2073603082851636,-0.1472694742636939,211031.7561244151,0.6993808269500761
-0.09302780071566201,-0.09528488852188277,-0.5243958161299201,0.8419130195430774,0.8394274704101294,0.047189650426644636,0.2176685934489403,0.22736030828516363,-0.1472694742636939,210708.7561244151,0.7034482479095416
-0.09302780071566201,-0.09528488852188277,-0.5143958161299201,0.8519130195430774,0.8594274704101295,0.03718965042664463,0.17766859344894026,0.1973603082851636,-0.1472694742636939,209935.7561244151,0.7077421665191643
-0.09302780071566201,-0.09528488852188277,-0.5143958161299201,0.8719130195430774,0.8594274704101295,0.03718965042664463,0.18766859344894027,0.2073603082851636,-0.13726947426369393,209512.7561244151,0.7113720893859821
-0.09302780071566201,-0.09528488852188277,-0.5043958161299201,0.7819130195430773,0.7694274704101294,0.027189650426644618,0.19766859344894028,0.1973603082851636,-0.16726947426369393,208955.7561244151,0.7113720893859821
-0.09302780071566201,-0.09528488852188277,-0.5443958161299202,0.7519130195430773,0.7694274704101294,-0.0028103495733554085,0.16766859344894025,0.1873603082851636,-0.1772694742636939,207926.7561244151,0.7164537429809599
-0.09302780071566201,-0.08528488852188276,-0.4943958161299201,0.7819130195430773,0.7994274704101294,-0.04281034957335539,0.18766859344894027,0.1873603082851636,-0.19726947426369393,207165.7561244151,0.7207929611206048
-0.09302780071566201,-0.09528488852188277,-0.5243958161299201,0.7619130195430773,0.7594274704101294,0.03718965042664463,0.13766859344894034,0.14736030828516367,-0.16726947426369393,205738.7561244151,0.7237920284271233
-0.083027800715662,-0.08528488852188276,-0.4843958161299201,0.8819130195430774,0.8694274704101295,-0.0528103495733554,0.11766859344894032,0.12736030828516365,-0.19726947426369393,203915.7561244151,0.7277991294860833
-0.083027800715662,-0.07528488852188277,-0.46439581612992015,0.8419130195430774,0.8394274704101294,-0.04281034957335539,0.13766859344894034,0.14736030828516367,-0.18726947426369392,201822.7561244151,0.7277991294860833
-0.083027800715662,-0.08528488852188276,-0.47439581612992016,0.8619130195430774,0.8494274704101294,-0.0528103495733554,0.15766859344894024,0.15736030828516367,-0.18726947426369392,200643.7561244151,0.7327920913696282
-0.083027800715662,-0.07528488852188277,-0.44439581612992013,0.8819130195430774,0.8594274704101295,-0.0528103495733554,0.15766859344894024,0.17736030828516358,-0.19726947426369393,199570.7561244151,0.7357632637023954
-0.083027800715662,-0.07528488852188277,-0.46439581612992015,0.8319130195430774,0.8194274704101294,-0.0628103495733554,0.18766859344894027,0.1873603082851636,-0.19726947426369393,198031.7561244151,0.7400593280792229
-0.073027800715662,-0.07528488852188277,-0.46439581612992015,0.8519130195430774,0.8294274704101294,-0.07281034957335542,0.14766859344894023,0.14736030828516367,-0.2072694742636939,196622.7561244151,0.7400593280792229
-0.073027800715662,-0.07528488852188277,-0.44439581612992013,0.8019130195430774,0.7894274704101294,-0.0528103495733554,0.15766859344894024,0.16736030828516368,-0.18726947426369392,195837.7561244151,0.7433783531188958
-0.073027800715662,-0.07528488852188277,-0.4843958161299201,0.8319130195430774,0.8294274704101294,-0.08281034957335542,0.14766859344894023,0.14736030828516367,-0.2072694742636939,194790.7561244151,0.7484380722045891
-0.083027800715662,-0.07528488852188277,-0.5043958161299201,0.8019130195430774,0.7894274704101294,-0.07281034957335542,0.11766859344894032,0.12736030828516365,-0.18726947426369392,193549.7561244151,0.7522747039794879
-0.083027800715662,-0.08528488852188276,-0.5143958161299201,0.7919130195430774,0.7594274704101294,-0.0628103495733554,0.12766859344894033,0.13736030828516366,-0.19726947426369393,192746.7561244151,0.7522747039794879
-0.073027800715662,-0.07528488852188277,-0.5043958161299201,0.7419130195430773,0.7294274704101293,-0.0628103495733554,0.12766859344894033,0.13736030828516366,-0.2072694742636939,191491.7561244151,0.7566301345825188
-0.083027800715662,-0.07528488852188277,-0.5343958161299202,0.7719130195430773,0.7494274704101294,-0.07281034957335542,0.11766859344894032,0.09736030828516362,-0.19726947426369393,190514.7561244151,0.7606691837310784
-0.083027800715662,-0.08528488852188276,-0.5543958161299202,0.7619130195430773,0.7394274704101294,-0.07281034957335542,0.08766859344894029,0.09736030828516362,-0.19726947426369393,189661.7561244151,0.7650410652160637
-0.083027800715662,-0.07528488852188277,-0.5543958161299202,0.7919130195430774,0.7794274704101294,-0.07281034957335542,0.06766859344894027,0.0673603082851636,-0.19726947426369393,188802.7561244151,0.7655655860900872
-0.083027800715662,-0.08528488852188276,-0.5843958161299201,0.7219130195430773,0.7194274704101293,-0.09281034957335538,0.027668593448940237,0.04736030828516358,-0.18726947426369392,187941.7561244151,0.7682129859924309
-0.083027800715662,-0.08528488852188276,-0.5743958161299201,0.7019130195430773,0.6694274704101294,-0.08281034957335542,0.027668593448940237,0.02736030828516367,-0.18726947426369392,187976.7561244151,0.7728008747100823
-0.083027800715662,-0.08528488852188276,-0.5543958161299202,0.6519130195430773,0.6394274704101294,-0.09281034957335538,0.007668593448940331,0.0073603082851636525,-0.1772694742636939,187577.7561244151,0.7769538879394524
-0.083027800715662,-0.08528488852188276,-0.5643958161299201,0.6219130195430773,0.6094274704101293,-0.0628103495733554,-0.002331406551059678,0.02736030828516367,-0.16726947426369393,186552.7561244151,0.7778436660766594
-0.083027800715662,-0.08528488852188276,-0.5843958161299201,0.6319130195430773,0.6094274704101293,-0.07281034957335542,-0.012331406551059687,0.02736030828516367,-0.1772694742636939,186355.7561244151,0.7818715095519977
-0.083027800715662,-0.08528488852188276,-0.5943958161299201,0.5919130195430773,0.6194274704101294,-0.07281034957335542,-0.032331406551059705,-0.012639691714836365,-0.18726947426369392,186242.7561244151,0.785842847824096
-0.083027800715662,-0.08528488852188276,-0.6243958161299201,0.6119130195430773,0.5994274704101293,-0.08281034957335542,-0.06233140655105973,-0.03263969171483638,-0.19726947426369393,186171.7561244151,0.7889418125152581
-0.09302780071566201,-0.09528488852188277,-0.6243958161299201,0.5919130195430773,0.5794274704101294,-0.1328103495733554,-0.08233140655105975,-0.0526396917148364,-0.2072694742636939,186428.7561244151,0.7929305553436272
-0.083027800715662,-0.09528488852188277,-0.6543958161299201,0.5919130195430773,0.5694274704101294,-0.1128103495733554,-0.07233140655105974,-0.0526396917148364,-0.19726947426369393,186899.7561244151,0.7939590930938714
-0.09302780071566201,-0.08528488852188276,-0.6343958161299201,0.5519130195430774,0.5394274704101294,-0.1128103495733554,-0.07233140655105974,-0.0526396917148364,-0.19726947426369393,186756.7561244151,0.7971732139587395
-0.09302780071566201,-0.09528488852188277,-0.6443958161299201,0.5219130195430773,0.5194274704101294,-0.08281034957335542,-0.11233140655105966,-0.09263969171483633,-0.19726947426369393,186517.7561244151,0.8012618541717558
-0.09302780071566201,-0.09528488852188277,-0.6543958161299201,0.4819130195430773,0.46942747041012933,-0.07281034957335542,-0.11233140655105966,-0.08263969171483632,-0.18726947426369392,186088.7561244151,0.8052532196044879
-0.09302780071566201,-0.09528488852188277,-0.6643958161299202,0.41191301954307735,0.4194274704101294,-0.08281034957335542,-0.10233140655105977,-0.0526396917148364,-0.1772694742636939,185391.7561244151,0.8052532196044879
-0.09302780071566201,-0.09528488852188277,-0.6743958161299202,0.3419130195430773,0.33942747041012933,-0.09281034957335538,-0.12233140655105967,-0.11263969171483634,-0.18726947426369392,184738.7561244151,0.8092815399169915
-0.09302780071566201,-0.09528488852188277,-0.6843958161299202,0.3219130195430774,0.3094274704101294,-0.07281034957335542,-0.11233140655105966,-0.09263969171483633,-0.1772694742636939,184229.7561244151,0.8142499446868889
-0.09302780071566201,-0.09528488852188277,-0.6643958161299202,0.27191301954307734,0.2794274704101294,-0.08281034957335542,-0.11233140655105966,-0.07263969171483642,-0.1772694742636939,183176.7561244151,0.817463827133178
-0.09302780071566201,-0.09528488852188277,-0.6743958161299202,0.2519130195430773,0.23942747041012932,-0.07281034957335542,-0.12233140655105967,-0.12263969171483635,-0.16726947426369393,182103.7561244151,0.817463827133178
-0.103027800715662,-0.10528488852188277,-0.6643958161299202,0.21191301954307734,0.20942747041012935,-0.07281034957335542,-0.13233140655105968,-0.12263969171483635,-0.16726947426369393,180958.7561244151,0.822974395751956
-0.09302780071566201,-0.09528488852188277,-0.6843958161299202,0.19191301954307732,0.19942747041012934,-0.09281034957335538,-0.1423314065510597,-0.11263969171483634,-0.16726947426369393,180187.7561244151,0.8259553432464593
-0.09302780071566201,-0.09528488852188277,-0.6743958161299202,0.1719130195430773,0.16942747041012937,-0.08281034957335542,-0.17233140655105972,-0.1626396917148364,-0.15726947426369392,179096.7561244151,0.8301558017730706
-0.09302780071566201,-0.09528488852188277,-0.6743958161299202,0.1719130195430773,0.16942747041012937,-0.07281034957335542,-0.18233140655105973,-0.1626396917148364,-0.15726947426369392,177979.7561244151,0.8309728622436481
-0.103027800715662,-0.10528488852188277,-0.6843958161299202,0.18191301954307731,0.17942747041012932,-0.07281034957335542,-0.1523314065510597,-0.12263969171483635,-0.1472694742636939,176892.7561244151,0.8349484920501702
-0.103027800715662,-0.09528488852188277,-0.6843958161299202,0.14191301954307733,0.14942747041012935,-0.0528103495733554,-0.1423314065510597,-0.12263969171483635,-0.15726947426369392,175823.7561244151,0.8389732360839837
-0.09302780071566201,-0.09528488852188277,-0.6743958161299202,0.15191301954307734,0.14942747041012935,-0.07281034957335542,-0.1423314065510597,-0.12263969171483635,-0.15726947426369392,174712.7561244151,0.8425013542175286
-0.103027800715662,-0.10528488852188277,-0.7043958161299202,0.14191301954307733,0.14942747041012935,-0.0628103495733554,-0.12233140655105967,-0.10263969171483633,-0.15726947426369392,173741.7561244151,0.8435523033142083
-0.103027800715662,-0.10528488852188277,-0.7143958161299201,0.15191301954307734,0.15942747041012936,-0.0628103495733554,-0.13233140655105968,-0.10263969171483633,-0.15726947426369392,172746.7561244151,0.8469457149505608
-0.103027800715662,-0.10528488852188277,-0.6943958161299202,0.13191301954307733,0.13942747041012934,-0.0528103495733554,-0.13233140655105968,-0.12263969171483635,-0.15726947426369392,171831.7561244151,0.850967359542846
-0.103027800715662,-0.10528488852188277,-0.7243958161299201,0.14191301954307733,0.13942747041012934,-0.07281034957335542,-0.13233140655105968,-0.10263969171483633,-0.16726947426369393,170850.7561244151,0.8547913551330559
-0.103027800715662,-0.10528488852188277,-0.7443958161299201,0.14191301954307733,0.13942747041012934,-0.0528103495733554,-0.10233140655105977,-0.08263969171483632,-0.15726947426369392,169361.7561244151,0.8559956073760979
-0.103027800715662,-0.10528488852188277,-0.7543958161299201,0.14191301954307733,0.14942747041012935,-0.04281034957335539,-0.10233140655105977,-0.07263969171483642,-0.16726947426369393,168382.7561244151,0.8592359542846673
-0.103027800715662,-0.10528488852188277,-0.7543958161299201,0.14191301954307733,0.14942747041012935,-0.0528103495733554,-0.10233140655105977,-0.07263969171483642,-0.1772694742636939,167515.7561244151,0.863705110549926
-0.103027800715662,-0.10528488852188277,-0.7643958161299201,0.14191301954307733,0.13942747041012934,-0.0528103495733554,-0.09233140655105976,-0.08263969171483632,-0.16726947426369393,166542.7561244151,0.8667599678039544
-0.103027800715662,-0.10528488852188277,-0.7643958161299201,0.14191301954307733,0.14942747041012935,-0.0628103495733554,-0.08233140655105975,-0.08263969171483632,-0.16726947426369393,165641.7561244151,0.8707553863525384
-0.103027800715662,-0.10528488852188277,-0.7643958161299201,0.13191301954307733,0.14942747041012935,-0.0528103495733554,-0.06233140655105973,-0.07263969171483642,-0.16726947426369393,164872.7561244151,0.8717634201049798
-0.103027800715662,-0.10528488852188277,-0.7643958161299201,0.13191301954307733,0.13942747041012934,-0.0628103495733554,-0.11233140655105966,-0.10263969171483633,-0.1772694742636939,163553.7561244151,0.8757621765136712
-0.103027800715662,-0.10528488852188277,-0.7643958161299201,0.13191301954307733,0.13942747041012934,-0.08281034957335542,-0.11233140655105966,-0.10263969171483633,-0.21726947426369392,162480.7561244151,0.8797728538513176
-0.103027800715662,-0.10528488852188277,-0.7643958161299201,0.12191301954307732,0.12942747041012934,-0.07281034957335542,-0.11233140655105966,-0.10263969171483633,-0.2072694742636939,161603.7561244151,0.883071851730346
-0.103027800715662,-0.10528488852188277,-0.7643958161299201,0.13191301954307733,0.12942747041012934,-0.07281034957335542,-0.10233140655105977,-0.08263969171483632,-0.2072694742636939,160986.7561244151,0.884099197387691
-0.083027800715662,-0.08528488852188276,-0.7543958161299201,0.13191301954307733,0.13942747041012934,-0.0528103495733554,-0.11233140655105966,-0.12263969171483635,-0.19726947426369393,159787.7561244151,0.8868488788604765
-0.083027800715662,-0.07528488852188277,-0.7543958161299201,0.13191301954307733,0.13942747041012934,-0.07281034957335542,-0.13233140655105968,-0.13263969171483636,-0.19726947426369393,158792.7561244151,0.8920442581176786
-0.04302780071566201,-0.03528488852188276,-0.7343958161299201,0.14191301954307733,0.13942747041012934,-0.0628103495733554,-0.1523314065510597,-0.14263969171483637,-0.19726947426369393,158505.7561244151,0.895055961608886
0.01697219928433799,0.01471511147811723,-0.7343958161299201,0.14191301954307733,0.13942747041012934,-0.0628103495733554,-0.13233140655105968,-0.12263969171483635,-0.2072694742636939,157700.7561244151,0.895055961608886
0.146972199284338,0.14471511147811722,-0.7143958161299201,0.12191301954307732,0.12942747041012934,-0.08281034957335542,-0.12233140655105967,-0.10263969171483633,-0.22726947426369393,156973.7561244151,0.9000424861907987
0.19697219928433798,0.1947151114781172,-0.7243958161299201,0.11191301954307731,0.12942747041012934,-0.10281034957335539,-0.10233140655105977,-0.08263969171483632,-0.24726947426369392,155836.7561244151,0.9040462493896477
0.266972199284338,0.2647151114781172,-0.6743958161299202,0.12191301954307732,0.12942747041012934,-0.08281034957335542,-0.12233140655105967,-0.10263969171483633,-0.21726947426369392,154969.7561244151,0.9076930999755817
0.32697219928433796,0.3047151114781172,-0.6743958161299202,0.10191301954307735,0.11942747041012933,-0.10281034957335539,-0.12233140655105967,-0.11263969171483634,-0.23726947426369394,154576.7561244151,0.9087261676788358
0.42697219928433805,0.42471511147811725,-0.6343958161299201,0.09191301954307735,0.09942747041012936,-0.10281034957335539,-0.13233140655105968,-0.10263969171483633,-0.22726947426369393,154077.7561244151,0.9122120857238798
0.516972199284338,0.5147151114781172,-0.5843958161299201,0.08191301954307734,0.08942747041012936,-0.1128103495733554,-0.09233140655105976,-0.08263969171483632,-0.24726947426369392,153378.7561244151,0.9163128852844231
0.676972199284338,0.6747151114781172,-0.5743958161299201,0.06191301954307732,0.07942747041012935,-0.1328103495733554,-0.12233140655105967,-0.11263969171483634,-0.24726947426369392,152899.7561244151,0.920355033874511
0.806972199284338,0.7847151114781172,-0.40439581612992015,0.05191301954307731,0.05942747041012933,-0.1728103495733554,-0.10233140655105977,-0.09263969171483633,-0.2672694742636939,152292.7561244151,0.9213096618652337
0.876972199284338,0.8847151114781172,-0.34439581612992015,0.04191301954307736,0.05942747041012933,-0.1728103495733554,-0.12233140655105967,-0.10263969171483633,-0.25726947426369395,152145.7561244151,0.9243089675903278
0.9969721992843381,0.9947151114781173,-0.3143958161299201,0.03191301954307735,0.02942747041012936,-0.15281034957335538,-0.09233140655105976,-0.08263969171483632,-0.2672694742636939,151544.7561244151,0.9284765243530266
1.046972199284338,1.0447151114781172,-0.28439581612992015,0.02191301954307734,0.02942747041012936,-0.16281034957335538,-0.09233140655105976,-0.09263969171483633,-0.2672694742636939,150643.7561244151,0.93331332206726
1.126972199284338,1.1147151114781173,-0.28439581612992015,0.0019130195430773211,0.01942747041012935,-0.1728103495733554,-0.09233140655105976,-0.08263969171483632,-0.25726947426369395,149890.7561244151,0.936585617065429
1.186972199284338,1.1747151114781174,-0.24439581612992012,0.0019130195430773211,0.00942747041012934,-0.16281034957335538,-0.07233140655105974,-0.07263969171483642,-0.25726947426369395,150097.7561244151,0.9376301288604765
1.2469721992843381,1.2247151114781174,-0.2543958161299201,-0.00808698045692266,0.00942747041012934,-0.1728103495733554,-0.07233140655105974,-0.06263969171483641,-0.24726947426369392,150042.7561244151,0.9416768074035637
1.296972199284338,1.2847151114781172,-0.2543958161299201,-0.00808698045692266,0.00942747041012934,-0.15281034957335538,-0.06233140655105973,-0.06263969171483641,-0.24726947426369392,150087.7561244151,0.9456479072570794
1.336972199284338,1.3247151114781173,-0.2143958161299201,-0.01808698045692267,-0.01057252958987065,-0.16281034957335538,-0.07233140655105974,-0.06263969171483641,-0.24726947426369392,149774.7561244151,0.9488896846771233
1.376972199284338,1.3647151114781173,-0.2143958161299201,-0.01808698045692267,-0.01057252958987065,-0.14281034957335542,-0.07233140655105974,-0.07263969171483642,-0.24726947426369392,149813.7561244151,0.9496767044067376
1.406972199284338,1.3947151114781173,-0.24439581612992012,-0.01808698045692267,-0.01057252958987065,-0.16281034957335538,-0.07233140655105974,-0.07263969171483642,-0.24726947426369392,150414.7561244151,0.9536795139312737
1.436972199284338,1.4247151114781174,-0.2243958161299201,-0.00808698045692266,-0.0005725295898706406,-0.16281034957335538,-0.06233140655105973,-0.06263969171483641,-0.24726947426369392,150299.7561244151,0.9579975128173821
1.4969721992843381,1.4747151114781174,-0.20439581612992008,-0.028086980456922678,-0.01057252958987065,-0.16281034957335538,-0.08233140655105975,-0.08263969171483632,-0.25726947426369395,150090.7561244151,0.9602334022522001
1.556972199284338,1.5347151114781172,-0.16439581612992016,-0.028086980456922678,-0.02057252958987066,-0.14281034957335542,-0.10233140655105977,-0.10263969171483633,-0.24726947426369392,150255.7561244151,0.9613022327423089
1.616972199284338,1.5947151114781173,-0.13439581612992013,-0.028086980456922678,-0.02057252958987066,-0.15281034957335538,-0.1423314065510597,-0.14263969171483637,-0.24726947426369392,150638.7561244151,0.9655460834503202
1.686972199284338,1.6647151114781173,-0.12439581612992012,-0.028086980456922678,-0.02057252958987066,-0.15281034957335538,-0.1623314065510597,-0.1626396917148364,-0.24726947426369392,151047.7561244151,0.9699880599975579
1.736972199284338,1.7147151114781174,-0.07439581612992019,-0.03808698045692266,-0.03057252958987064,-0.16281034957335538,-0.19233140655105974,-0.18263969171483635,-0.24726947426369392,151074.7561244151,0.9740945816040032
1.776972199284338,1.7547151114781174,-0.04439581612992016,-0.03808698045692266,-0.03057252958987064,-0.14281034957335542,-0.2123314065510597,-0.20263969171483637,-0.23726947426369394,150877.7561244151,0.9740945816040032
1.806972199284338,1.7947151114781172,-0.06439581612992018,-0.03808698045692266,-0.02057252958987066,-0.1328103495733554,-0.2223314065510597,-0.22263969171483639,-0.24726947426369392,151820.7561244151,0.9773535251617425
1.846972199284338,1.8347151114781173,-0.034395816129920154,-0.03808698045692266,-0.03057252958987064,-0.1328103495733554,-0.24233140655105972,-0.2326396917148364,-0.25726947426369395,152733.7561244151,0.9820794582366901
1.916972199284338,1.8947151114781173,-0.014395816129920136,-0.05808698045692268,-0.04057252958987065,-0.14281034957335542,-0.25233140655105973,-0.24263969171483635,-0.25726947426369395,153366.7561244151,0.9860934734344475
1.9469721992843378,1.9447151114781172,0.03560418387007991,-0.04808698045692267,-0.04057252958987065,-0.15281034957335538,-0.26233140655105974,-0.24263969171483635,-0.2672694742636939,154597.7561244151,0.9860934734344475
2.0069721992843377,1.9847151114781172,0.055604183870079815,-0.05808698045692268,-0.05057252958987066,-0.14281034957335542,-0.2823314065510597,-0.2726396917148364,-0.25726947426369395,156476.7561244151,0.9900931835174553
2.0269721992843377,1.9947151114781174,0.07560418387007983,-0.06808698045692266,-0.05057252958987066,-0.14281034957335542,-0.25233140655105973,-0.25263969171483636,-0.24726947426369392,158615.7561244151,0.993674707412719
2.056972199284338,2.044715111478117,0.10560418387007986,-0.05808698045692268,-0.05057252958987066,-0.1228103495733554,-0.25233140655105973,-0.26263969171483637,-0.22726947426369393,160846.7561244151,0.998231124877929
2.096972199284338,2.084715111478117,0.11560418387007987,-0.06808698045692266,-0.05057252958987066,-0.1228103495733554,-0.2723314065510597,-0.25263969171483636,-0.23726947426369394,162929.7561244151,0.9993037700653069
2.126972199284338,2.104715111478117,0.1356041838700799,-0.05808698045692268,-0.05057252958987066,-0.15281034957335538,-0.2723314065510597,-0.26263969171483637,-0.25726947426369395,165534.7561244151,1.0023135662078886
2.146972199284338,2.1347151114781173,0.1356041838700799,-0.06808698045692266,-0.05057252958987066,-0.15281034957335538,-0.2923314065510597,-0.2826396917148364,-0.25726947426369395,167673.7561244151,1.0063020706176786
2.1769721992843376,2.164715111478117,0.12560418387007988,-0.05808698045692268,-0.04057252958987065,-0.1828103495733554,-0.31233140655105973,-0.30263969171483635,-0.2772694742636939,169664.7561244151,1.0103456497192376
2.1969721992843376,2.194715111478117,0.1456041838700799,-0.05808698045692268,-0.05057252958987066,-0.16281034957335538,-0.31233140655105973,-0.30263969171483635,-0.2672694742636939,172359.7561244151,1.013669204711917
2.2169721992843376,2.204715111478117,0.1556041838700799,-0.03808698045692266,-0.03057252958987064,-0.15281034957335538,-0.3423314065510597,-0.33263969171483637,-0.24726947426369392,175192.7561244151,1.01465101242065
2.2369721992843377,2.224715111478117,0.18560418387007982,-0.03808698045692266,-0.02057252958987066,-0.15281034957335538,-0.32233140655105974,-0.31263969171483635,-0.25726947426369395,177347.7561244151,1.019000959396358
2.2369721992843377,2.224715111478117,0.1756041838700798,-0.04808698045692267,-0.04057252958987065,-0.1828103495733554,-0.31233140655105973,-0.30263969171483635,-0.2772694742636939,179258.7561244151,1.0230094909667997
2.2569721992843377,2.254715111478117,0.21560418387007985,-0.03808698045692266,-0.02057252958987066,-0.1828103495733554,-0.3523314065510597,-0.33263969171483637,-0.2772694742636939,181313.7561244151,1.0263695240020745
2.266972199284338,2.264715111478117,0.22560418387007986,-0.05808698045692268,-0.04057252958987065,-0.1828103495733554,-0.3423314065510597,-0.33263969171483637,-0.2872694742636939,182672.7561244151,1.0269951343536405
2.2569721992843377,2.244715111478117,0.22560418387007986,-0.04808698045692267,-0.03057252958987064,-0.16281034957335538,-0.3423314065510597,-0.32263969171483636,-0.2672694742636939,183993.7561244151,1.0309938907623284
2.266972199284338,2.254715111478117,0.23560418387007986,-0.04808698045692267,-0.03057252958987064,-0.1828103495733554,-0.32233140655105974,-0.32263969171483636,-0.2772694742636939,185766.7561244151,1.0353695869445794
2.246972199284338,2.244715111478117,0.23560418387007986,-0.04808698045692267,-0.03057252958987064,-0.1828103495733554,-0.3523314065510597,-0.3426396917148364,-0.2772694742636939,187467.7561244151,1.0393976688385003
2.2369721992843377,2.234715111478117,0.21560418387007985,-0.04808698045692267,-0.02057252958987066,-0.15281034957335538,-0.3423314065510597,-0.33263969171483637,-0.2672694742636939,189836.7561244151,1.0393976688385003
2.206972199284338,2.224715111478117,0.21560418387007985,-0.03808698045692266,-0.02057252958987066,-0.1828103495733554,-0.3323314065510597,-0.32263969171483636,-0.2772694742636939,192117.7561244151,1.043390941619876
2.1769721992843376,2.164715111478117,0.18560418387007982,-0.03808698045692266,-0.02057252958987066,-0.16281034957335538,-0.32233140655105974,-0.33263969171483637,-0.2672694742636939,194132.7561244151,1.0469986915588407
2.1569721992843376,2.154715111478117,0.1556041838700799,-0.028086980456922678,-0.01057252958987065,-0.1828103495733554,-0.3323314065510597,-0.33263969171483637,-0.25726947426369395,196355.7561244151,1.0513333797454827
2.166972199284338,2.144715111478117,0.1756041838700798,-0.03808698045692266,-0.02057252958987066,-0.15281034957335538,-0.3523314065510597,-0.3426396917148364,-0.25726947426369395,199066.7561244151,1.0513333797454827
2.126972199284338,2.124715111478117,0.12560418387007988,-0.028086980456922678,-0.01057252958987065,-0.16281034957335538,-0.3323314065510597,-0.31263969171483635,-0.2672694742636939,201963.7561244151,1.0553450107574456
2.096972199284338,2.084715111478117,0.1756041838700798,-0.028086980456922678,-0.01057252958987065,-0.16281034957335538,-0.3423314065510597,-0.33263969171483637,-0.25726947426369395,205320.7561244151,1.0597106933593707
2.096972199284338,2.0947151114781173,0.1756041838700798,-0.028086980456922678,-0.01057252958987065,-0.1928103495733554,-0.3623314065510597,-0.3526396917148364,-0.2672694742636939,208441.7561244151,1.063171339035037
2.126972199284338,2.0947151114781173,0.19560418387007983,-0.00808698045692266,0.00942747041012934,-0.1728103495733554,-0.37233140655105973,-0.3526396917148364,-0.2872694742636939,211284.7561244151,1.064214658737182
2.0869721992843377,2.084715111478117,0.23560418387007986,-0.01808698045692267,-0.01057252958987065,-0.1828103495733554,-0.38233140655105974,-0.37263969171483635,-0.30726947426369394,214213.7561244151,1.0687841892242425
2.076972199284338,2.064715111478117,0.2856041838700799,0.0019130195430773211,0.00942747041012934,-0.1928103495733554,-0.4023314065510597,-0.38263969171483636,-0.2872694742636939,217152.7561244151,1.071797561645507
2.1069721992843378,2.104715111478117,0.33560418387007995,0.0019130195430773211,0.01942747041012935,-0.1828103495733554,-0.4123314065510597,-0.4026396917148364,-0.30726947426369394,220323.7561244151,1.0767948150634794
2.096972199284338,2.084715111478117,0.36560418387007976,0.01191301954307733,0.03942747041012937,-0.1828103495733554,-0.4023314065510597,-0.38263969171483636,-0.29726947426369393,222584.7561244151,1.0767948150634794
2.056972199284338,2.0547151114781173,0.4056041838700798,0.01191301954307733,0.03942747041012937,-0.1828103495733554,-0.4023314065510597,-0.38263969171483636,-0.2872694742636939,223645.7561244151,1.0807859420776396
2.056972199284338,2.0547151114781173,0.44560418387007983,0.03191301954307735,0.049427470410129376,-0.1928103495733554,-0.4223314065510597,-0.39263969171483637,-0.2872694742636939,223798.7561244151,1.0851432800292962
2.076972199284338,2.0747151114781173,0.48560418387007986,0.02191301954307734,0.03942747041012937,-0.1828103495733554,-0.4323314065510597,-0.4026396917148364,-0.2672694742636939,223059.7561244151,1.0882277011871295
2.166972199284338,2.164715111478117,0.5156041838700799,0.02191301954307734,0.03942747041012937,-0.16281034957335538,-0.4223314065510597,-0.4026396917148364,-0.2672694742636939,221594.7561244151,1.0892030715942376
2.166972199284338,2.174715111478117,0.5556041838700799,0.02191301954307734,0.03942747041012937,-0.1828103495733554,-0.4223314065510597,-0.4126396917148364,-0.2772694742636939,220673.7561244151,1.0925542831420891
2.186972199284338,2.184715111478117,0.5756041838700799,0.01191301954307733,0.03942747041012937,-0.1828103495733554,-0.4023314065510597,-0.39263969171483637,-0.29726947426369393,220436.7561244151,1.0970825672149687
2.1769721992843376,2.174715111478117,0.5656041838700799,0.03191301954307735,0.049427470410129376,-0.1828103495733554,-0.4023314065510597,-0.39263969171483637,-0.2872694742636939,219685.7561244151,1.1009799957275384
2.1069721992843378,2.1147151114781173,0.5656041838700799,0.04191301954307736,0.05942747041012933,-0.1728103495733554,-0.4223314065510597,-0.4026396917148364,-0.2872694742636939,218988.7561244151,1.1046957492828398
2.0669721992843377,2.0747151114781173,0.5556041838700799,0.05191301954307731,0.06942747041012934,-0.1828103495733554,-0.44233140655105974,-0.4226396917148364,-0.2772694742636939,218255.7561244151,1.1057555198669426
2.016972199284338,2.014715111478117,0.48560418387007986,0.04191301954307736,0.06942747041012934,-0.15281034957335538,-0.4323314065510597,-0.4126396917148364,-0.2872694742636939,218220.7561244151,1.1087266921997063
1.9969721992843381,2.024715111478117,0.48560418387007986,0.05191301954307731,0.06942747041012934,-0.14281034957335542,-0.4323314065510597,-0.4226396917148364,-0.2672694742636939,218345.7561244151,1.1137551784515338
1.9669721992843379,1.9647151114781172,0.48560418387007986,0.07191301954307733,0.08942747041012936,-0.14281034957335542,-0.4223314065510597,-0.4026396917148364,-0.25726947426369395,218118.7561244151,1.1168238639831536
1.876972199284338,1.8947151114781173,0.44560418387007983,0.09191301954307735,0.10942747041012937,-0.14281034957335542,-0.4323314065510597,-0.4126396917148364,-0.25726947426369395,217879.7561244151,1.1177551269531243
1.806972199284338,1.7947151114781172,0.44560418387007983,0.11191301954307731,0.12942747041012934,-0.1228103495733554,-0.45233140655105974,-0.4226396917148364,-0.25726947426369395,217420.7561244151,1.1207248687744098
1.726972199284338,1.7247151114781174,0.3856041838700798,0.1719130195430773,0.18942747041012933,-0.09281034957335538,-0.4323314065510597,-0.4126396917148364,-0.21726947426369392,217415.7561244151,1.1250922203063993
1.616972199284338,1.6347151114781173,0.36560418387007976,0.19191301954307732,0.20942747041012935,-0.08281034957335542,-0.4223314065510597,-0.4126396917148364,-0.21726947426369392,216798.7561244151,1.1291403293609577
1.486972199284338,1.4947151114781174,0.3956041838700798,0.2319130195430773,0.24942747041012933,-0.0628103495733554,-0.4123314065510597,-0.4026396917148364,-0.18726947426369392,216243.7561244151,1.1291403293609577
1.4969721992843381,1.4947151114781174,0.37560418387007977,0.26191301954307733,0.2894274704101294,-0.03281034957335538,-0.4123314065510597,-0.39263969171483637,-0.1772694742636939,215514.7561244151,1.1332768917083698
1.436972199284338,1.4447151114781174,0.36560418387007976,0.29191301954307736,0.3194274704101294,-0.04281034957335539,-0.4123314065510597,-0.39263969171483637,-0.1772694742636939,214357.7561244151,1.1380147457122796
1.406972199284338,1.4347151114781174,0.44560418387007983,0.3219130195430774,0.33942747041012933,-0.04281034957335539,-0.3923314065510597,-0.37263969171483635,-0.1772694742636939,213310.7561244151,1.141477298736568
1.426972199284338,1.4347151114781174,0.44560418387007983,0.3319130195430773,0.34942747041012934,-0.022810349573355426,-0.38233140655105974,-0.37263969171483635,-0.1772694742636939,212075.7561244151,1.141477298736568
1.416972199284338,1.4447151114781174,0.48560418387007986,0.3319130195430773,0.34942747041012934,-0.022810349573355426,-0.3623314065510597,-0.3526396917148364,-0.16726947426369393,210902.7561244151,1.1454751014709466
1.426972199284338,1.4347151114781174,0.4956041838700799,0.3719130195430773,0.3894274704101294,-0.012810349573355417,-0.38233140655105974,-0.37263969171483635,-0.16726947426369393,210081.7561244151,1.1496037960052483
1.346972199284338,1.3447151114781173,0.46560418387007985,0.39191301954307733,0.4094274704101294,0.0071896504266446,-0.3623314065510597,-0.3426396917148364,-0.16726947426369393,209260.7561244151,1.154524517059329
1.276972199284338,1.3047151114781173,0.47560418387007986,0.40191301954307734,0.4294274704101294,0.0071896504266446,-0.3623314065510597,-0.3426396917148364,-0.1772694742636939,208145.7561244151,1.154524517059329
1.2469721992843381,1.2447151114781174,0.46560418387007985,0.4419130195430774,0.46942747041012933,0.01718965042664461,-0.3623314065510597,-0.3426396917148364,-0.16726947426369393,207288.7561244151,1.1588654041290276
1.146972199284338,1.1447151114781173,0.4256041838700798,0.4719130195430773,0.48942747041012935,0.027189650426644618,-0.3523314065510597,-0.33263969171483637,-0.15726947426369392,206697.7561244151,1.1628374576568596
1.106972199284338,1.1147151114781173,0.4156041838700798,0.5319130195430773,0.5494274704101294,0.057189650426644645,-0.3423314065510597,-0.32263969171483636,-0.15726947426369392,206084.7561244151,1.16699571609497
1.0169721992843381,1.0347151114781172,0.3956041838700798,0.5619130195430774,0.5794274704101294,0.06718965042664465,-0.3423314065510597,-0.33263969171483637,-0.1472694742636939,205525.7561244151,1.16699571609497
0.9969721992843381,1.0247151114781172,0.32560418387007994,0.5919130195430773,0.6094274704101293,0.057189650426644645,-0.3323314065510597,-0.31263969171483635,-0.1472694742636939,204130.7561244151,1.1701802730560296
0.9569721992843381,0.9747151114781173,0.33560418387007995,0.6219130195430773,0.6394274704101294,0.09718965042664457,-0.3423314065510597,-0.32263969171483636,-0.1472694742636939,203233.7561244151,1.1742357730865471
0.896972199284338,0.9047151114781172,0.34560418387007996,0.6919130195430774,0.7094274704101293,0.07718965042664455,-0.3323314065510597,-0.32263969171483636,-0.13726947426369393,202128.7561244151,1.1783442020416217
0.8269721992843381,0.8647151114781172,0.32560418387007994,0.7419130195430773,0.7694274704101294,0.08718965042664456,-0.32233140655105974,-0.31263969171483635,-0.13726947426369393,200627.7561244151,1.1824097156524616
0.836972199284338,0.8447151114781172,0.33560418387007995,0.7719130195430773,0.7794274704101294,0.11718965042664459,-0.32233140655105974,-0.31263969171483635,-0.13726947426369393,199494.7561244151,1.183292341232299
0.796972199284338,0.8247151114781173,0.33560418387007995,0.8319130195430774,0.8394274704101294,0.11718965042664459,-0.32233140655105974,-0.31263969171483635,-0.13726947426369393,198845.7561244151,1.1864311218261676
0.796972199284338,0.8247151114781173,0.2956041838700799,0.8519130195430774,0.8694274704101295,0.1271896504266446,-0.32233140655105974,-0.30263969171483635,-0.13726947426369393,198398.7561244151,1.1906218051910393
0.766972199284338,0.7947151114781172,0.31560418387007994,0.8719130195430774,0.8894274704101295,0.1271896504266446,-0.3023314065510597,-0.2926396917148364,-0.13726947426369393,198289.7561244151,1.195269060134887
0.756972199284338,0.7847151114781172,0.31560418387007994,0.9019130195430772,0.9194274704101293,0.1471896504266446,-0.3023314065510597,-0.2826396917148364,-0.13726947426369393,198038.7561244151,1.195269060134887
0.6969721992843381,0.7247151114781172,0.32560418387007994,0.9419130195430773,0.9594274704101293,0.16718965042664463,-0.2923314065510597,-0.2726396917148364,-0.13726947426369393,197327.7561244151,1.199801874160766
0.6969721992843381,0.7147151114781172,0.33560418387007995,0.9619130195430773,0.9794274704101293,0.1471896504266446,-0.3023314065510597,-0.2726396917148364,-0.13726947426369393,196480.7561244151,1.2037572383880608
0.676972199284338,0.7047151114781173,0.3056041838700799,1.0119130195430772,1.0294274704101294,0.16718965042664463,-0.3023314065510597,-0.2826396917148364,-0.13726947426369393,196015.7561244151,1.2067732334136956
0.676972199284338,0.6947151114781173,0.31560418387007994,1.0119130195430772,1.0394274704101294,0.21718965042664456,-0.2923314065510597,-0.2826396917148364,-0.13726947426369393,195268.7561244151,1.2067732334136956
0.646972199284338,0.6547151114781172,0.2656041838700799,1.0119130195430772,1.0294274704101294,0.22718965042664457,-0.2923314065510597,-0.2726396917148364,-0.13726947426369393,194843.7561244151,1.2107738971710198
0.606972199284338,0.6247151114781172,0.2756041838700799,1.0519130195430773,1.0694274704101294,0.21718965042664456,-0.2823314065510597,-0.2726396917148364,-0.13726947426369393,193826.7561244151,1.214861345291137
0.586972199284338,0.5847151114781172,0.2656041838700799,1.0719130195430773,1.0794274704101294,0.21718965042664456,-0.2723314065510597,-0.26263969171483637,-0.13726947426369393,192953.7561244151,1.2191259384155266
0.5769721992843381,0.5847151114781172,0.24560418387007987,1.0919130195430773,1.0994274704101294,0.20718965042664456,-0.2723314065510597,-0.26263969171483637,-0.13726947426369393,192622.7561244151,1.2191259384155266
0.536972199284338,0.5547151114781173,0.23560418387007986,1.1219130195430775,1.1294274704101295,0.19718965042664455,-0.2723314065510597,-0.26263969171483637,-0.13726947426369393,191981.7561244151,1.2231184959411578
0.526972199284338,0.5447151114781172,0.19560418387007983,1.1519130195430773,1.1594274704101293,0.22718965042664457,-0.2823314065510597,-0.26263969171483637,-0.13726947426369393,190864.7561244151,1.2271234512329094
0.516972199284338,0.5347151114781172,0.1556041838700799,1.1819130195430771,1.1994274704101293,0.23718965042664458,-0.2823314065510597,-0.25263969171483636,-0.12726947426369392,190339.7561244151,1.231122684478759
0.486972199284338,0.5147151114781172,0.1356041838700799,1.2219130195430772,1.2394274704101294,0.23718965042664458,-0.26233140655105974,-0.25263969171483636,-0.12726947426369392,189682.7561244151,1.2321185588836663
0.44697219928433807,0.4747151114781172,0.11560418387007987,1.2619130195430772,1.2794274704101294,0.2671896504266446,-0.2723314065510597,-0.25263969171483636,-0.13726947426369393,189077.7561244151,1.235123825073238
0.40697219928433803,0.42471511147811725,0.10560418387007986,1.2819130195430772,1.2894274704101294,0.23718965042664458,-0.2723314065510597,-0.26263969171483637,-0.12726947426369392,189128.7561244151,1.2391285419464104
0.396972199284338,0.40471511147811723,0.07560418387007983,1.2819130195430772,1.2894274704101294,0.23718965042664458,-0.26233140655105974,-0.24263969171483635,-0.12726947426369392,189051.7561244151,1.2436484813690178
0.386972199284338,0.41471511147811724,0.06560418387007982,1.2719130195430774,1.2794274704101294,0.21718965042664456,-0.2823314065510597,-0.26263969171483637,-0.13726947426369393,189268.7561244151,1.244679403305053
0.366972199284338,0.3747151114781172,0.04560418387007992,1.2919130195430775,1.2994274704101294,0.20718965042664456,-0.2723314065510597,-0.24263969171483635,-0.12726947426369392,189433.7561244151,1.2478701591491692
0.32697219928433796,0.3347151114781172,-0.014395816129920136,1.3019130195430773,1.3094274704101294,0.18718965042664465,-0.26233140655105974,-0.24263969171483635,-0.12726947426369392,190162.7561244151,1.2517790317535393
0.276972199284338,0.29471511147811724,-0.07439581612992019,1.3019130195430773,1.2994274704101294,0.19718965042664455,-0.25233140655105973,-0.24263969171483635,-0.11726947426369391,190995.7561244151,1.255879116058349
0.276972199284338,0.28471511147811723,-0.12439581612992012,1.2819130195430772,1.2894274704101294,0.20718965042664456,-0.24233140655105972,-0.22263969171483639,-0.11726947426369391,191880.7561244151,1.2599443912506096
0.23697219928433802,0.23471511147811724,-0.17439581612992017,1.2519130195430774,1.2594274704101294,0.20718965042664456,-0.2223314065510597,-0.20263969171483637,-0.10726947426369393,192711.7561244151,1.2599443912506096
0.18697219928433798,0.1847151114781172,-0.19439581612992018,1.2519130195430774,1.2694274704101294,0.19718965042664455,-0.2123314065510597,-0.19263969171483636,-0.10726947426369393,193646.7561244151,1.2649442672729485
0.17697219928433802,0.17471511147811725,-0.24439581612992012,1.2319130195430774,1.2394274704101294,0.1371896504266446,-0.2123314065510597,-0.20263969171483637,-0.10726947426369393,194757.7561244151,1.2684850215911858
0.146972199284338,0.15471511147811723,-0.3143958161299201,1.2019130195430772,1.2194274704101293,0.1271896504266446,-0.20233140655105974,-0.18263969171483635,-0.10726947426369393,196102.7561244151,1.2727276802062981
0.116972199284338,0.11471511147811723,-0.32439581612992013,1.1719130195430774,1.1794274704101293,0.09718965042664457,-0.18233140655105973,-0.1626396917148364,-0.10726947426369393,198047.7561244151,1.273781490325927
0.07697219928433799,0.08471511147811724,-0.33439581612992014,1.1419130195430771,1.1394274704101295,0.11718965042664459,-0.17233140655105972,-0.15263969171483638,-0.10726947426369393,200436.7561244151,1.276105594635009
0.056972199284338,0.06471511147811725,-0.35439581612992016,1.1319130195430773,1.1294274704101295,0.11718965042664459,-0.1623314065510597,-0.14263969171483637,-0.10726947426369393,203257.7561244151,1.2804309844970696
0.006972199284337996,0.024715111478117238,-0.38439581612992013,1.1219130195430775,1.1194274704101295,0.10718965042664458,-0.1623314065510597,-0.14263969171483637,-0.10726947426369393,205636.7561244151,1.2845792293548577
-0.013027800715662008,-0.01528488852188277,-0.41439581612992016,1.1019130195430775,1.0994274704101294,0.1271896504266446,-0.17233140655105972,-0.15263969171483638,-0.10726947426369393,207101.7561244151,1.2845792293548577
-0.033027800715662,-0.025284888521882765,-0.40439581612992015,1.1319130195430773,1.1194274704101295,0.1271896504266446,-0.17233140655105972,-0.14263969171483637,-0.10726947426369393,208224.7561244151,1.288753938674926
-0.04302780071566201,-0.03528488852188276,-0.45439581612992014,1.1019130195430775,1.1094274704101295,0.15718965042664462,-0.1623314065510597,-0.14263969171483637,-0.10726947426369393,209009.7561244151,1.2932204723358112
-0.04302780071566201,-0.04528488852188277,-0.46439581612992015,1.1019130195430775,1.1094274704101295,0.1371896504266446,-0.18233140655105973,-0.15263969171483638,-0.10726947426369393,209602.7561244151,1.2971772670745843
-0.063027800715662,-0.055284888521882763,-0.44439581612992013,1.0919130195430773,1.0994274704101294,0.15718965042664462,-0.1523314065510597,-0.13263969171483636,-0.10726947426369393,209891.7561244151,1.2982339382171624
-0.073027800715662,-0.07528488852188277,-0.4943958161299201,1.0719130195430773,1.0794274704101294,0.17718965042664464,-0.1423314065510597,-0.12263969171483635,-0.10726947426369393,210934.7561244151,1.3014993190765338
-0.073027800715662,-0.07528488852188277,-0.5043958161299201,1.0719130195430773,1.0694274704101294,0.15718965042664462,-0.12233140655105967,-0.10263969171483633,-0.10726947426369393,211791.7561244151,1.3054928302764885
-0.073027800715662,-0.07528488852188277,-0.4943958161299201,1.0819130195430775,1.0994274704101294,0.17718965042664464,-0.13233140655105968,-0.11263969171483634,-0.10726947426369393,212322.7561244151,1.3095168590545647
-0.083027800715662,-0.08528488852188276,-0.4943958161299201,1.0919130195430773,1.0994274704101294,0.16718965042664463,-0.12233140655105967,-0.10263969171483633,-0.10726947426369393,212947.7561244151,1.3095168590545647
-0.09302780071566201,-0.08528488852188276,-0.4943958161299201,1.1319130195430773,1.1194274704101295,0.16718965042664463,-0.13233140655105968,-0.11263969171483634,-0.10726947426369393,213974.7561244151,1.3135027408599846
-0.09302780071566201,-0.09528488852188277,-0.47439581612992016,1.1319130195430773,1.1394274704101295,0.18718965042664465,-0.13233140655105968,-0.10263969171483633,-0.10726947426369393,214419.7561244151,1.3185514926910393
-0.09302780071566201,-0.09528488852188277,-0.4843958161299201,1.1419130195430771,1.1494274704101293,0.15718965042664462,-0.13233140655105968,-0.11263969171483634,-0.11726947426369391,214568.7561244151,1.3219537258148186
-0.09302780071566201,-0.09528488852188277,-0.4843958161299201,1.1319130195430773,1.1494274704101293,0.1471896504266446,-0.10233140655105977,-0.09263969171483633,-0.11726947426369391,214607.7561244151,1.3258831024169915
-0.09302780071566201,-0.09528488852188277,-0.47439581612992016,1.1119130195430773,1.1394274704101295,0.1371896504266446,-0.08233140655105975,-0.07263969171483642,-0.11726947426369391,214686.7561244151,1.326928806304931
-0.09302780071566201,-0.09528488852188277,-0.46439581612992015,1.1319130195430773,1.1494274704101293,0.1371896504266446,-0.09233140655105976,-0.06263969171483641,-0.12726947426369392,214135.7561244151,1.330404472351077
-0.083027800715662,-0.08528488852188276,-0.45439581612992014,1.1319130195430773,1.1394274704101295,0.1471896504266446,-0.06233140655105973,-0.04263969171483639,-0.11726947426369391,212804.7561244151,1.3346998214721673
-0.09302780071566201,-0.09528488852188277,-0.45439581612992014,1.1519130195430773,1.1494274704101293,0.1371896504266446,-0.05233140655105972,-0.04263969171483639,-0.12726947426369392,211333.7561244151,1.338099908828731
-0.09302780071566201,-0.09528488852188277,-0.47439581612992016,1.1219130195430775,1.1294274704101295,0.1371896504266446,-0.05233140655105972,-0.03263969171483638,-0.12726947426369392,209834.7561244151,1.3390478610992425
-0.09302780071566201,-0.09528488852188277,-0.4843958161299201,1.1319130195430773,1.1294274704101295,0.1371896504266446,-0.042331406551059714,-0.022639691714836374,-0.12726947426369392,208973.7561244151,1.343057346343997
-0.09302780071566201,-0.09528488852188277,-0.4843958161299201,1.1019130195430775,1.1194274704101295,0.1471896504266446,-0.042331406551059714,-0.03263969171483638,-0.11726947426369391,208306.7561244151,1.3470572948455803
-0.09302780071566201,-0.09528488852188277,-0.4943958161299201,1.1019130195430775,1.1094274704101295,0.15718965042664462,-0.032331406551059705,-0.022639691714836374,-0.12726947426369392,207863.7561244151,1.3503322124481194
-0.103027800715662,-0.09528488852188277,-0.47439581612992016,1.1119130195430773,1.1194274704101295,0.1471896504266446,-0.002331406551059678,0.0073603082851636525,-0.13726947426369393,207072.7561244151,1.3510486602783196
-0.103027800715662,-0.09528488852188277,-0.4843958161299201,1.1319130195430773,1.1394274704101295,0.1271896504266446,0.007668593448940331,0.01736030828516366,-0.13726947426369393,206647.7561244151,1.3543235778808587
-0.09302780071566201,-0.09528488852188277,-0.45439581612992014,1.1019130195430775,1.1194274704101295,0.1271896504266446,0.027668593448940237,0.04736030828516358,-0.13726947426369393,205768.7561244151,1.3585359573364215
-0.09302780071566201,-0.09528488852188277,-0.44439581612992013,1.1119130195430773,1.1294274704101295,0.11718965042664459,0.06766859344894027,0.0773603082851636,-0.13726947426369393,204711.7561244151,1.3625354290008502
-0.09302780071566201,-0.09528488852188277,-0.44439581612992013,1.0919130195430773,1.0994274704101294,0.10718965042664458,0.08766859344894029,0.09736030828516362,-0.13726947426369393,203016.7561244151,1.3635961532592802
-0.09302780071566201,-0.09528488852188277,-0.44439581612992013,1.1019130195430775,1.1194274704101295,0.11718965042664459,0.0976685934489403,0.10736030828516363,-0.13726947426369393,200921.7561244151,1.3661953926086419
-0.09302780071566201,-0.09528488852188277,-0.41439581612992016,1.1219130195430775,1.1194274704101295,0.11718965042664459,0.11766859344894032,0.13736030828516366,-0.13726947426369393,198322.7561244151,1.3712119579315178
-0.09302780071566201,-0.09528488852188277,-0.41439581612992016,1.1019130195430775,1.1094274704101295,0.11718965042664459,0.13766859344894034,0.13736030828516366,-0.1472694742636939,197105.7561244151,1.3752178668975823
-0.09302780071566201,-0.09528488852188277,-0.39439581612992014,1.1019130195430775,1.1194274704101295,0.09718965042664457,0.11766859344894032,0.12736030828516365,-0.1472694742636939,196286.7561244151,1.3752178668975823
-0.09302780071566201,-0.09528488852188277,-0.38439581612992013,1.0819130195430775,1.0894274704101294,0.06718965042664465,0.12766859344894033,0.13736030828516366,-0.13726947426369393,194955.7561244151,1.3792225837707512
-0.09302780071566201,-0.09528488852188277,-0.40439581612992015,1.1019130195430775,1.0994274704101294,0.057189650426644645,0.13766859344894034,0.14736030828516367,-0.1472694742636939,193684.7561244151,1.3832292079925566
-0.09302780071566201,-0.09528488852188277,-0.41439581612992016,1.0519130195430773,1.0594274704101294,0.047189650426644636,0.16766859344894025,0.1873603082851636,-0.15726947426369392,192919.7561244151,1.3872425079345696
-0.09302780071566201,-0.09528488852188277,-0.41439581612992016,1.0119130195430772,1.0194274704101294,0.027189650426644618,0.16766859344894025,0.17736030828516358,-0.16726947426369393,192516.7561244151,1.3882572174072259
-0.09302780071566201,-0.09528488852188277,-0.45439581612992014,0.9919130195430773,0.9994274704101294,0.01718965042664461,0.16766859344894025,0.1873603082851636,-0.18726947426369392,192047.7561244151,1.3914768218994098
-0.09302780071566201,-0.08528488852188276,-0.4343958161299201,0.9719130195430773,0.9894274704101294,0.01718965042664461,0.15766859344894024,0.16736030828516368,-0.16726947426369393,191528.7561244151,1.3954336166381829
-0.09302780071566201,-0.09528488852188277,-0.47439581612992016,1.0119130195430772,1.0194274704101294,-0.0028103495733554085,0.16766859344894025,0.17736030828516358,-0.16726947426369393,191039.7561244151,1.3995434761047356
-0.09302780071566201,-0.08528488852188276,-0.5143958161299201,0.9819130195430773,0.9594274704101293,-0.0028103495733554085,0.17766859344894026,0.1873603082851636,-0.1772694742636939,190518.7561244151,1.4025365829467766
-0.083027800715662,-0.08528488852188276,-0.45439581612992014,0.9119130195430772,0.9194274704101293,-0.022810349573355426,0.15766859344894024,0.16736030828516368,-0.19726947426369393,189871.7561244151,1.403540086746215
-0.083027800715662,-0.08528488852188276,-0.4843958161299201,0.9319130195430773,0.9694274704101293,-0.0028103495733554085,0.16766859344894025,0.17736030828516358,-0.19726947426369393,189010.7561244151,1.4075407505035393
-0.083027800715662,-0.08528488852188276,-0.4843958161299201,0.9219130195430773,0.9294274704101293,-0.0028103495733554085,0.16766859344894025,0.1873603082851636,-0.18726947426369392,187589.7561244151,1.4125408649444537
-0.083027800715662,-0.08528488852188276,-0.4943958161299201,0.8919130195430772,0.8894274704101295,-0.03281034957335538,0.18766859344894027,0.1973603082851636,-0.19726947426369393,185730.7561244151,1.415950965881347
-0.073027800715662,-0.07528488852188277,-0.45439581612992014,0.9019130195430772,0.9194274704101293,-0.07281034957335542,0.16766859344894025,0.1873603082851636,-0.2072694742636939,184263.7561244151,1.4165892124176018
-0.073027800715662,-0.07528488852188277,-0.4243958161299201,0.8919130195430772,0.8894274704101295,-0.07281034957335542,0.17766859344894026,0.2073603082851636,-0.19726947426369393,183086.7561244151,1.4205858230590778
-0.073027800715662,-0.07528488852188277,-0.41439581612992016,0.8719130195430774,0.8694274704101295,-0.07281034957335542,0.19766859344894028,0.1973603082851636,-0.19726947426369393,181883.7561244151,1.4248892784118645
-0.073027800715662,-0.07528488852188277,-0.44439581612992013,0.9019130195430772,0.8894274704101295,-0.08281034957335542,0.18766859344894027,0.2073603082851636,-0.18726947426369392,180446.7561244151,1.4281477451324456
-0.073027800715662,-0.07528488852188277,-0.4343958161299201,0.8719130195430774,0.8894274704101295,-0.10281034957335539,0.18766859344894027,0.2073603082851636,-0.19726947426369393,179187.7561244151,1.4292020320892362
-0.073027800715662,-0.07528488852188277,-0.45439581612992014,0.8419130195430774,0.8094274704101294,-0.07281034957335542,0.18766859344894027,0.1973603082851636,-0.19726947426369393,177892.7561244151,1.4322876453399687
-0.073027800715662,-0.07528488852188277,-0.4343958161299201,0.8619130195430774,0.8594274704101295,-0.07281034957335542,0.16766859344894025,0.1873603082851636,-0.2072694742636939,176623.7561244151,1.4363069057464593
-0.073027800715662,-0.07528488852188277,-0.4243958161299201,0.8719130195430774,0.8594274704101295,-0.07281034957335542,0.13766859344894034,0.16736030828516368,-0.2072694742636939,175442.7561244151,1.4413032054901116
-0.073027800715662,-0.07528488852188277,-0.4343958161299201,0.8419130195430774,0.8294274704101294,-0.10281034957335539,0.12766859344894033,0.14736030828516367,-0.2072694742636939,174151.7561244151,1.4413032054901116
-0.083027800715662,-0.07528488852188277,-0.5243958161299201,0.8519130195430774,0.8394274704101294,-0.0628103495733554,0.08766859344894029,0.10736030828516363,-0.18726947426369392,172792.7561244151,1.44533724784851
-0.073027800715662,-0.07528488852188277,-0.5243958161299201,0.8419130195430774,0.8394274704101294,-0.08281034957335542,0.0976685934489403,0.10736030828516363,-0.19726947426369393,172121.7561244151,1.449308347702022
-0.083027800715662,-0.08528488852188276,-0.5443958161299202,0.7919130195430774,0.7694274704101294,-0.1128103495733554,0.037668593448940246,0.0773603082851636,-0.21726947426369392,171490.7561244151,1.4536644935607903
-0.083027800715662,-0.07528488852188277,-0.5543958161299202,0.7619130195430773,0.7294274704101293,-0.09281034957335538,0.037668593448940246,0.0673603082851636,-0.2072694742636939,170863.7561244151,1.4536644935607903
-0.083027800715662,-0.08528488852188276,-0.5443958161299202,0.7319130195430773,0.6994274704101294,-0.1128103495733554,0.057668593448940264,0.0673603082851636,-0.21726947426369392,169802.7561244151,1.4578566074371295
-0.083027800715662,-0.08528488852188276,-0.5543958161299202,0.7819130195430773,0.7794274704101294,-0.07281034957335542,0.027668593448940237,0.02736030828516367,-0.2072694742636939,168807.7561244151,1.4619469165801995
-0.083027800715662,-0.08528488852188276,-0.5643958161299201,0.6619130195430774,0.6394274704101294,-0.09281034957335538,0.01766859344894023,0.02736030828516367,-0.18726947426369392,168340.7561244151,1.46535677909851
-0.083027800715662,-0.08528488852188276,-0.5643958161299201,0.6619130195430774,0.6494274704101294,-0.0528103495733554,0.01766859344894023,0.02736030828516367,-0.19726947426369393,168277.7561244151,1.4688407897949176
-0.09302780071566201,-0.08528488852188276,-0.6043958161299201,0.6019130195430773,0.5994274704101293,-0.10281034957335539,-0.022331406551059696,-0.012639691714836365,-0.2072694742636939,168672.7561244151,1.4688407897949176
-0.09302780071566201,-0.08528488852188276,-0.6043958161299201,0.6319130195430773,0.5994274704101293,-0.09281034957335538,-0.022331406551059696,-0.012639691714836365,-0.21726947426369392,168919.7561244151,1.4731542587280266
-0.083027800715662,-0.08528488852188276,-0.6243958161299201,0.5819130195430773,0.5694274704101294,-0.1128103495733554,0.027668593448940237,0.04736030828516358,-0.21726947426369392,168630.7561244151,1.47754521369934
-0.09302780071566201,-0.08528488852188276,-0.6343958161299201,0.5419130195430774,0.5194274704101294,-0.1228103495733554,0.037668593448940246,0.02736030828516367,-0.2072694742636939,168505.7561244151,1.480807971954345
-0.103027800715662,-0.09528488852188277,-0.6543958161299201,0.5419130195430774,0.5294274704101294,-0.10281034957335539,-0.042331406551059714,-0.03263969171483638,-0.2072694742636939,168862.7561244151,1.4815363407135003
-0.09302780071566201,-0.09528488852188277,-0.6343958161299201,0.5819130195430773,0.5594274704101294,-0.09281034957335538,-0.05233140655105972,-0.04263969171483639,-0.19726947426369393,168767.7561244151,1.485536766052249
-0.09302780071566201,-0.09528488852188277,-0.6443958161299201,0.5019130195430773,0.47942747041012934,-0.07281034957335542,-0.012331406551059687,0.0073603082851636525,-0.19726947426369393,168294.7561244151,1.4896690368652337
-0.09302780071566201,-0.09528488852188277,-0.6243958161299201,0.39191301954307733,0.4094274704101294,-0.08281034957335542,-0.06233140655105973,-0.07263969171483642,-0.18726947426369392,167461.7561244151,1.4937479019165032
-0.103027800715662,-0.10528488852188277,-0.6643958161299202,0.39191301954307733,0.36942747041012935,-0.0628103495733554,-0.11233140655105966,-0.10263969171483633,-0.18726947426369392,166894.7561244151,1.4948205471038776
-0.09302780071566201,-0.09528488852188277,-0.6643958161299202,0.3219130195430774,0.3194274704101294,-0.09281034957335538,-0.11233140655105966,-0.10263969171483633,-0.19726947426369393,166257.7561244151,1.4981865406036405
-0.103027800715662,-0.10528488852188277,-0.7043958161299202,0.3119130195430774,0.2994274704101294,-0.10281034957335539,-0.09233140655105976,-0.07263969171483642,-0.1772694742636939,165280.7561244151,1.502666664123531
-0.103027800715662,-0.09528488852188277,-0.6743958161299202,0.2519130195430773,0.24942747041012933,-0.1128103495733554,-0.07233140655105974,-0.0526396917148364,-0.18726947426369392,164237.7561244151,1.5060097694396966
-0.103027800715662,-0.10528488852188277,-0.6843958161299202,0.22191301954307735,0.22942747041012937,-0.1128103495733554,-0.09233140655105976,-0.08263969171483632,-0.1772694742636939,163056.7561244151,1.507064771652221
-0.103027800715662,-0.10528488852188277,-0.6943958161299202,0.22191301954307735,0.23942747041012932,-0.10281034957335539,-0.09233140655105976,-0.09263969171483633,-0.1772694742636939,162177.7561244151,1.5110499382019036
-0.103027800715662,-0.10528488852188277,-0.7043958161299202,0.19191301954307732,0.18942747041012933,-0.09281034957335538,-0.08233140655105975,-0.0526396917148364,-0.1772694742636939,161368.7561244151,1.5150637149810784
-0.103027800715662,-0.10528488852188277,-0.6943958161299202,0.16191301954307735,0.15942747041012936,-0.09281034957335538,-0.10233140655105977,-0.08263969171483632,-0.1772694742636939,160575.7561244151,1.5190758228301995
-0.103027800715662,-0.10528488852188277,-0.6843958161299202,0.18191301954307731,0.16942747041012937,-0.08281034957335542,-0.09233140655105976,-0.08263969171483632,-0.1772694742636939,159562.7561244151,1.5190758228301995
-0.103027800715662,-0.10528488852188277,-0.6843958161299202,0.16191301954307735,0.15942747041012936,-0.09281034957335538,-0.11233140655105966,-0.08263969171483632,-0.1772694742636939,158685.7561244151,1.5223674297332792
-0.103027800715662,-0.10528488852188277,-0.7043958161299202,0.14191301954307733,0.14942747041012935,-0.08281034957335542,-0.08233140655105975,-0.07263969171483642,-0.1772694742636939,157826.7561244151,1.5264486789703362
-0.103027800715662,-0.10528488852188277,-0.7043958161299202,0.13191301954307733,0.13942747041012934,-0.07281034957335542,-0.05233140655105972,-0.04263969171483639,-0.18726947426369392,156887.7561244151,1.531769943237304
-0.103027800715662,-0.10528488852188277,-0.7043958161299202,0.12191301954307732,0.12942747041012934,-0.08281034957335542,-0.032331406551059705,-0.0026396917148363563,-0.16726947426369393,156072.7561244151,1.531769943237304
-0.103027800715662,-0.10528488852188277,-0.7143958161299201,0.12191301954307732,0.10942747041012937,-0.0628103495733554,-0.002331406551059678,0.0073603082851636525,-0.1772694742636939,155341.7561244151,1.5342516422271721
-0.103027800715662,-0.10528488852188277,-0.7443958161299201,0.13191301954307733,0.12942747041012934,-0.07281034957335542,-0.05233140655105972,-0.03263969171483638,-0.18726947426369392,154446.7561244151,1.5399128913879387
-0.103027800715662,-0.10528488852188277,-0.7343958161299201,0.14191301954307733,0.13942747041012934,-0.07281034957335542,-0.032331406551059705,0.0073603082851636525,-0.1772694742636939,153579.7561244151,1.5430464267730706
-0.103027800715662,-0.10528488852188277,-0.7443958161299201,0.12191301954307732,0.12942747041012934,-0.0528103495733554,-0.002331406551059678,0.0073603082851636525,-0.16726947426369393,153076.7561244151,1.5463513851165764
-0.103027800715662,-0.10528488852188277,-0.7443958161299201,0.11191301954307731,0.12942747041012934,-0.07281034957335542,0.027668593448940237,0.03736030828516368,-0.1772694742636939,152391.7561244151,1.5463513851165764
-0.103027800715662,-0.10528488852188277,-0.7443958161299201,0.13191301954307733,0.12942747041012934,-0.0628103495733554,-0.022331406551059696,-0.012639691714836365,-0.1772694742636939,151810.7561244151,1.5510539531707757
-0.103027800715662,-0.10528488852188277,-0.7443958161299201,0.13191301954307733,0.13942747041012934,-0.0528103495733554,-0.022331406551059696,-0.022639691714836374,-0.16726947426369393,151235.7561244151,1.556096982955932
-0.103027800715662,-0.10528488852188277,-0.7443958161299201,0.14191301954307733,0.12942747041012934,-0.07281034957335542,-0.05233140655105972,-0.04263969171483639,-0.18726947426369392,151036.7561244151,1.5592271804809599
-0.103027800715662,-0.10528488852188277,-0.7643958161299201,0.12191301954307732,0.13942747041012934,-0.0628103495733554,-0.05233140655105972,-0.022639691714836374,-0.18726947426369392,150051.7561244151,1.5600673675537102
-0.103027800715662,-0.10528488852188277,-0.7443958161299201,0.13191301954307733,0.13942747041012934,-0.07281034957335542,-0.042331406551059714,-0.022639691714836374,-0.18726947426369392,149202.7561244151,1.5640971183776884
-0.103027800715662,-0.10528488852188277,-0.7443958161299201,0.13191301954307733,0.12942747041012934,-0.07281034957335542,-0.042331406551059714,-0.03263969171483638,-0.18726947426369392,148177.7561244151,1.5672261238098102
-0.09302780071566201,-0.08528488852188276,-0.7343958161299201,0.13191301954307733,0.13942747041012934,-0.07281034957335542,-0.042331406551059714,-0.022639691714836374,-0.19726947426369393,147006.7561244151,1.5714990615844755
-0.083027800715662,-0.07528488852188277,-0.7243958161299201,0.14191301954307733,0.14942747041012935,-0.08281034957335542,-0.06233140655105973,-0.0526396917148364,-0.19726947426369393,146417.7561244151,1.5720693588256829
-0.033027800715662,-0.03528488852188276,-0.7143958161299201,0.14191301954307733,0.13942747041012934,-0.09281034957335538,-0.05233140655105972,-0.04263969171483639,-0.22726947426369393,145664.7561244151,1.575365495681762
0.03697219928433801,0.03471511147811725,-0.7043958161299202,0.13191301954307733,0.13942747041012934,-0.09281034957335538,-0.06233140655105973,-0.06263969171483641,-0.2072694742636939,144277.7561244151,1.5801245689392083
0.096972199284338,0.10471511147811723,-0.7343958161299201,0.13191301954307733,0.13942747041012934,-0.08281034957335542,-0.10233140655105977,-0.09263969171483633,-0.21726947426369392,143556.7561244151,1.5841063976287835
0.166972199284338,0.16471511147811724,-0.6943958161299202,0.12191301954307732,0.12942747041012934,-0.09281034957335538,-0.08233140655105975,-0.06263969171483641,-0.24726947426369392,142801.7561244151,1.5841063976287835
0.24697219928433797,0.23471511147811724,-0.6643958161299202,0.11191301954307731,0.12942747041012934,-0.09281034957335538,-0.13233140655105968,-0.10263969171483633,-0.23726947426369394,141924.7561244151,1.587990474700927
0.31697219928433795,0.3147151114781172,-0.6643958161299202,0.12191301954307732,0.11942747041012933,-0.1328103495733554,-0.1523314065510597,-0.12263969171483635,-0.25726947426369395,141257.7561244151,1.592017602920528
0.40697219928433803,0.3947151114781172,-0.6343958161299201,0.10191301954307735,0.11942747041012933,-0.10281034957335539,-0.1523314065510597,-0.12263969171483635,-0.23726947426369394,140320.7561244151,1.5961300849914508
0.486972199284338,0.4847151114781172,-0.6043958161299201,0.09191301954307735,0.10942747041012937,-0.1128103495733554,-0.1423314065510597,-0.14263969171483637,-0.25726947426369395,139511.7561244151,1.597042274475097
0.666972199284338,0.6447151114781172,-0.4943958161299201,0.08191301954307734,0.08942747041012936,-0.15281034957335538,-0.1423314065510597,-0.14263969171483637,-0.2672694742636939,138698.7561244151,1.5999068737030022
0.8169721992843381,0.7847151114781172,-0.4243958161299201,0.06191301954307732,0.06942747041012934,-0.16281034957335538,-0.1423314065510597,-0.13263969171483636,-0.2772694742636939,137937.7561244151,1.6051089286804192
0.926972199284338,0.9147151114781172,-0.33439581612992014,0.05191301954307731,0.05942747041012933,-0.16281034957335538,-0.1623314065510597,-0.14263969171483637,-0.2872694742636939,137284.7561244151,1.6091091156005817
1.0069721992843381,0.9947151114781173,-0.28439581612992015,0.03191301954307735,0.049427470410129376,-0.1928103495733554,-0.17233140655105972,-0.1626396917148364,-0.2772694742636939,136273.7561244151,1.6124085903167682
1.166972199284338,1.1547151114781173,-0.19439581612992018,0.02191301954307734,0.01942747041012935,-0.1828103495733554,-0.19233140655105974,-0.1726396917148364,-0.2772694742636939,135518.7561244151,1.6131095409393303
1.316972199284338,1.3047151114781173,-0.1043958161299201,0.0019130195430773211,0.00942747041012934,-0.1928103495733554,-0.18233140655105973,-0.1626396917148364,-0.2772694742636939,134925.7561244151,1.6161005020141594
1.426972199284338,1.4147151114781173,-0.07439581612992019,-0.00808698045692266,0.00942747041012934,-0.1728103495733554,-0.18233140655105973,-0.1726396917148364,-0.2772694742636939,134462.7561244151,1.6202587604522698
1.526972199284338,1.5147151114781174,-0.034395816129920154,-0.01808698045692267,-0.01057252958987065,-0.1728103495733554,-0.19233140655105974,-0.18263969171483635,-0.2772694742636939,133593.7561244151,1.6244339466094964
1.626972199284338,1.6147151114781173,-0.004395816129920127,-0.028086980456922678,-0.02057252958987066,-0.16281034957335538,-0.20233140655105974,-0.19263969171483636,-0.2672694742636939,132754.7561244151,1.6244339466094964
1.7469721992843381,1.7447151114781174,0.10560418387007986,-0.03808698045692266,-0.03057252958987064,-0.16281034957335538,-0.2123314065510597,-0.20263969171483637,-0.25726947426369395,132453.7561244151,1.6284794330596881
1.846972199284338,1.8347151114781173,0.22560418387007986,-0.05808698045692268,-0.04057252958987065,-0.1828103495733554,-0.2123314065510597,-0.21263969171483638,-0.2672694742636939,131832.7561244151,1.6330475330352776
1.976972199284338,1.9747151114781174,0.3856041838700798,-0.04808698045692267,-0.04057252958987065,-0.1928103495733554,-0.25233140655105973,-0.2326396917148364,-0.2772694742636939,130845.75612441509,1.636041355133056
2.126972199284338,2.104715111478117,0.45560418387007984,-0.06808698045692266,-0.05057252958987066,-0.16281034957335538,-0.2723314065510597,-0.25263969171483636,-0.2672694742636939,130568.75612441509,1.6370498657226555
2.206972199284338,2.204715111478117,0.5456041838700799,-0.07808698045692267,-0.06057252958987064,-0.16281034957335538,-0.25233140655105973,-0.25263969171483636,-0.2672694742636939,130037.75612441509,1.641046476364135
2.3169721992843377,2.294715111478117,0.6556041838700798,-0.06808698045692266,-0.06057252958987064,-0.16281034957335538,-0.2823314065510597,-0.2826396917148364,-0.25726947426369395,129210.75612441509,1.6450776576995843
2.386972199284338,2.3847151114781173,0.8156041838700799,-0.07808698045692267,-0.06057252958987064,-0.1728103495733554,-0.2923314065510597,-0.2826396917148364,-0.2672694742636939,128495.75612441509,1.6491460323333698
2.4669721992843376,2.464715111478117,0.9356041838700798,-0.07808698045692267,-0.06057252958987064,-0.1828103495733554,-0.32233140655105974,-0.31263969171483635,-0.2772694742636939,128054.75612441509,1.6501800537109368
2.556972199284338,2.544715111478117,1.06560418387008,-0.07808698045692267,-0.06057252958987064,-0.1728103495733554,-0.3323314065510597,-0.32263969171483636,-0.2672694742636939,127431.75612441509,1.653269958496093
2.646972199284338,2.644715111478117,1.1656041838700797,-0.08808698045692268,-0.07057252958987065,-0.20281034957335542,-0.3523314065510597,-0.3526396917148364,-0.2672694742636939,127038.75612441509,1.6575271606445305
2.6969721992843376,2.694715111478117,1.23560418387008,-0.08808698045692268,-0.07057252958987065,-0.20281034957335542,-0.3623314065510597,-0.37263969171483635,-0.29726947426369393,126899.75612441509,1.661530685424804
2.7769721992843377,2.764715111478117,1.33560418387008,-0.08808698045692268,-0.07057252958987065,-0.22281034957335538,-0.3923314065510597,-0.38263969171483636,-0.30726947426369394,126916.75612441509,1.661530685424804
2.826972199284338,2.8247151114781173,1.44560418387008,-0.08808698045692268,-0.07057252958987065,-0.2328103495733554,-0.4123314065510597,-0.4026396917148364,-0.30726947426369394,126399.75612441509,1.665530633926391
2.876972199284338,2.8647151114781173,1.52560418387008,-0.08808698045692268,-0.07057252958987065,-0.2528103495733554,-0.3923314065510597,-0.38263969171483636,-0.29726947426369393,125964.75612441509,1.6700517654418903
2.9269721992843376,2.914715111478117,1.6456041838700801,-0.08808698045692268,-0.07057252958987065,-0.26281034957335536,-0.3923314065510597,-0.39263969171483637,-0.3172694742636939,125993.75612441509,1.673668336868289
2.9669721992843376,2.964715111478117,1.7256041838700802,-0.09808698045692266,-0.08057252958987066,-0.26281034957335536,-0.4123314065510597,-0.4026396917148364,-0.3172694742636939,126264.75612441509,1.6776506423950188
3.0069721992843377,2.994715111478117,1.8256041838700798,-0.09808698045692266,-0.08057252958987066,-0.27281034957335537,-0.4023314065510597,-0.4026396917148364,-0.3172694742636939,126163.75612441509,1.6782519340515165
3.056972199284338,3.044715111478117,1.87560418387008,-0.08808698045692268,-0.08057252958987066,-0.2828103495733554,-0.4323314065510597,-0.4326396917148364,-0.30726947426369394,126182.75612441509,1.6823567867279046
3.0869721992843377,3.0747151114781173,1.92560418387008,-0.09808698045692266,-0.08057252958987066,-0.2928103495733554,-0.4323314065510597,-0.4326396917148364,-0.3172694742636939,126527.75612441509,1.6863545894622796
3.126972199284338,3.1147151114781173,2.01560418387008,-0.09808698045692266,-0.08057252958987066,-0.2928103495733554,-0.45233140655105974,-0.44263969171483636,-0.3172694742636939,126616.75612441509,1.6893538951873737
3.1569721992843376,3.154715111478117,2.07560418387008,-0.09808698045692266,-0.08057252958987066,-0.3028103495733554,-0.46233140655105975,-0.45263969171483637,-0.3172694742636939,126965.75612441509,1.6903545379638665
3.186972199284338,3.174715111478117,2.13560418387008,-0.09808698045692266,-0.08057252958987066,-0.3028103495733554,-0.46233140655105975,-0.45263969171483637,-0.3172694742636939,126900.75612441509,1.6943544864654498
3.206972199284338,3.194715111478117,2.17560418387008,-0.09808698045692266,-0.08057252958987066,-0.3128103495733554,-0.46233140655105975,-0.45263969171483637,-0.3172694742636939,126919.75612441509,1.6983551502227776
3.226972199284338,3.214715111478117,2.22560418387008,-0.10808698045692267,-0.09057252958987064,-0.3128103495733554,-0.46233140655105975,-0.45263969171483637,-0.3172694742636939,127058.75612441509,1.7026111602783196
3.246972199284338,3.244715111478117,2.29560418387008,-0.10808698045692267,-0.09057252958987064,-0.3228103495733554,-0.4723314065510597,-0.4626396917148364,-0.3172694742636939,127315.75612441509,1.7026111602783196
3.266972199284338,3.254715111478117,2.32560418387008,-0.10808698045692267,-0.09057252958987064,-0.3228103495733554,-0.4723314065510597,-0.4626396917148364,-0.3172694742636939,127316.75612441509,1.7067117214202874
3.286972199284338,3.274715111478117,2.37560418387008,-0.10808698045692267,-0.09057252958987064,-0.3328103495733554,-0.4823314065510597,-0.47263969171483633,-0.3172694742636939,127187.75612441509,1.7105524063110344
3.306972199284338,3.294715111478117,2.39560418387008,-0.10808698045692267,-0.09057252958987064,-0.3328103495733554,-0.4923314065510597,-0.48263969171483634,-0.3172694742636939,126776.75612441509,1.7150663852691643
3.306972199284338,3.3047151114781173,2.44560418387008,-0.10808698045692267,-0.09057252958987064,-0.34281034957335543,-0.4923314065510597,-0.47263969171483633,-0.3172694742636939,126371.75612441509,1.7160398483276396
3.326972199284338,3.314715111478117,2.48560418387008,-0.10808698045692267,-0.09057252958987064,-0.34281034957335543,-0.4823314065510597,-0.47263969171483633,-0.3172694742636939,126104.75612441509,1.7186562538146966
3.3369721992843377,3.334715111478117,2.52560418387008,-0.10808698045692267,-0.09057252958987064,-0.34281034957335543,-0.4723314065510597,-0.47263969171483633,-0.3172694742636939,125715.75612441509,1.7237779617309599
3.346972199284338,3.334715111478117,2.55560418387008,-0.10808698045692267,-0.09057252958987064,-0.34281034957335543,-0.4923314065510597,-0.48263969171483634,-0.3172694742636939,125722.75612441509,1.7270335674285882
3.3569721992843378,3.3447151114781173,2.57560418387008,-0.10808698045692267,-0.09057252958987064,-0.34281034957335543,-0.4823314065510597,-0.47263969171483633,-0.30726947426369394,125847.75612441509,1.7277779102325432
3.3569721992843378,3.354715111478117,2.61560418387008,-0.10808698045692267,-0.09057252958987064,-0.34281034957335543,-0.4823314065510597,-0.48263969171483634,-0.3172694742636939,125470.75612441509,1.7307781696319608
3.366972199284338,3.354715111478117,2.65560418387008,-0.09808698045692266,-0.08057252958987066,-0.3528103495733554,-0.4823314065510597,-0.47263969171483633,-0.30726947426369394,125359.75612441509,1.7353648662567167
3.366972199284338,3.3647151114781173,2.67560418387008,-0.09808698045692266,-0.08057252958987066,-0.3528103495733554,-0.4823314065510597,-0.47263969171483633,-0.30726947426369394,124990.75612441509,1.740417432785037
3.366972199284338,3.3647151114781173,2.70560418387008,-0.09808698045692266,-0.08057252958987066,-0.3528103495733554,-0.4823314065510597,-0.48263969171483634,-0.30726947426369394,124511.75612441509,1.7435020923614495
3.3569721992843378,3.3647151114781173,2.72560418387008,-0.09808698045692266,-0.07057252958987065,-0.3528103495733554,-0.4723314065510597,-0.47263969171483633,-0.30726947426369394,124220.75612441509,1.7446918010711663
3.366972199284338,3.3647151114781173,2.7456041838700798,-0.08808698045692268,-0.07057252958987065,-0.3528103495733554,-0.4723314065510597,-0.47263969171483633,-0.30726947426369394,124307.75612441509,1.7481028556823723
3.3569721992843378,3.3647151114781173,2.77560418387008,-0.08808698045692268,-0.07057252958987065,-0.3528103495733554,-0.4723314065510597,-0.47263969171483633,-0.30726947426369394,124050.75612441509,1.7514492988586419
3.3569721992843378,3.3647151114781173,2.78560418387008,-0.08808698045692268,-0.07057252958987065,-0.3528103495733554,-0.4723314065510597,-0.4626396917148364,-0.30726947426369394,123575.75612441509,1.7557324886321979
3.3569721992843378,3.354715111478117,2.79560418387008,-0.08808698045692268,-0.06057252958987064,-0.34281034957335543,-0.4823314065510597,-0.47263969171483633,-0.30726947426369394,122856.75612441509,1.7557324886321979
3.3569721992843378,3.354715111478117,2.80560418387008,-0.07808698045692267,-0.06057252958987064,-0.34281034957335543,-0.4823314065510597,-0.47263969171483633,-0.30726947426369394,122467.75612441509,1.760474395751956
3.3569721992843378,3.354715111478117,2.81560418387008,-0.07808698045692267,-0.06057252958987064,-0.34281034957335543,-0.4823314065510597,-0.48263969171483634,-0.30726947426369394,122032.75612441509,1.7647850036621087
3.3569721992843378,3.354715111478117,2.82560418387008,-0.07808698045692267,-0.06057252958987064,-0.34281034957335543,-0.4923314065510597,-0.48263969171483634,-0.30726947426369394,121317.75612441509,1.7675573348999016
3.366972199284338,3.3647151114781173,2.83560418387008,-0.07808698045692267,-0.05057252958987066,-0.3328103495733554,-0.4823314065510597,-0.47263969171483633,-0.30726947426369394,120516.75612441509,1.76857681274414
3.346972199284338,3.3447151114781173,2.83560418387008,-0.06808698045692266,-0.04057252958987065,-0.3328103495733554,-0.4923314065510597,-0.48263969171483634,-0.30726947426369394,119817.75612441509,1.7718450546264641
3.346972199284338,3.3447151114781173,2.84560418387008,-0.06808698045692266,-0.04057252958987065,-0.3328103495733554,-0.4823314065510597,-0.48263969171483634,-0.30726947426369394,119214.75612441509,1.776887130737304
3.3369721992843377,3.334715111478117,2.86560418387008,-0.05808698045692268,-0.03057252958987064,-0.3328103495733554,-0.4923314065510597,-0.48263969171483634,-0.30726947426369394,118445.75612441509,1.7802288055419915
3.3169721992843377,3.314715111478117,2.85560418387008,-0.04808698045692267,-0.02057252958987066,-0.3228103495733554,-0.4823314065510597,-0.48263969171483634,-0.30726947426369394,117746.75612441509,1.7809381008148186
3.2969721992843377,3.3047151114781173,2.86560418387008,-0.028086980456922678,-0.0005725295898706406,-0.3128103495733554,-0.4823314065510597,-0.48263969171483634,-0.3172694742636939,117151.75612441509,1.784447145462039
3.286972199284338,3.2847151114781172,2.86560418387008,-0.00808698045692266,0.00942747041012934,-0.3228103495733554,-0.4823314065510597,-0.48263969171483634,-0.3172694742636939,116178.75612441509,1.7890474319458
3.2569721992843377,3.264715111478117,2.86560418387008,0.0019130195430773211,0.02942747041012936,-0.3128103495733554,-0.4723314065510597,-0.47263969171483633,-0.30726947426369394,115501.75612441509,1.7930550098419182
3.226972199284338,3.234715111478117,2.85560418387008,0.04191301954307736,0.05942747041012933,-0.3028103495733554,-0.4723314065510597,-0.47263969171483633,-0.30726947426369394,114486.75612441509,1.7940983295440667
3.1969721992843376,3.204715111478117,2.85560418387008,0.06191301954307732,0.07942747041012935,-0.2928103495733554,-0.46233140655105975,-0.4626396917148364,-0.30726947426369394,113459.75612441509,1.7970933437347405
3.166972199284338,3.184715111478117,2.84560418387008,0.09191301954307735,0.10942747041012937,-0.2828103495733554,-0.46233140655105975,-0.4626396917148364,-0.30726947426369394,113022.75612441509,1.8014211177825956
3.136972199284338,3.154715111478117,2.84560418387008,0.13191301954307733,0.14942747041012935,-0.2828103495733554,-0.46233140655105975,-0.4626396917148364,-0.3172694742636939,112081.75612441509,1.805421304702758
3.0669721992843377,3.0947151114781173,2.83560418387008,0.18191301954307731,0.19942747041012934,-0.27281034957335537,-0.46233140655105975,-0.45263969171483637,-0.3172694742636939,111212.75612441509,1.805421304702758
3.016972199284338,3.044715111478117,2.82560418387008,0.2419130195430773,0.24942747041012933,-0.26281034957335536,-0.45233140655105974,-0.44263969171483636,-0.30726947426369394,110521.75612441509,1.809421253204345
2.9469721992843376,2.974715111478117,2.81560418387008,0.30191301954307737,0.3194274704101294,-0.2428103495733554,-0.44233140655105974,-0.44263969171483636,-0.3172694742636939,109578.75612441509,1.8134209632873564
2.886972199284338,2.914715111478117,2.79560418387008,0.3819130195430773,0.3894274704101294,-0.22281034957335538,-0.4323314065510597,-0.4326396917148364,-0.30726947426369394,108399.75612441509,1.8177368164062493
2.7969721992843377,2.814715111478117,2.77560418387008,0.4919130195430773,0.49942747041012936,-0.20281034957335542,-0.4323314065510597,-0.4326396917148364,-0.30726947426369394,107080.75612441509,1.8212329864501946
2.706972199284338,2.744715111478117,2.7456041838700798,0.5819130195430773,0.5794274704101294,-0.1828103495733554,-0.4223314065510597,-0.4226396917148364,-0.30726947426369394,105875.75612441509,1.8212329864501946
2.616972199284338,2.644715111478117,2.70560418387008,0.6919130195430774,0.6894274704101294,-0.15281034957335538,-0.4123314065510597,-0.4126396917148364,-0.30726947426369394,105142.75612441509,1.8258134841918903
2.536972199284338,2.5547151114781173,2.67560418387008,0.7819130195430773,0.7894274704101294,-0.10281034957335539,-0.3923314065510597,-0.4026396917148364,-0.30726947426369394,104137.75612441509,1.8298441886901848
2.416972199284338,2.444715111478117,2.63560418387008,0.9019130195430772,0.9094274704101293,-0.07281034957335542,-0.3923314065510597,-0.39263969171483637,-0.30726947426369394,103008.75612441509,1.8338441371917682
2.346972199284338,2.374715111478117,2.58560418387008,0.9819130195430773,0.9994274704101294,-0.022810349573355426,-0.38233140655105974,-0.39263969171483637,-0.30726947426369394,102035.75612441509,1.8338441371917682
2.2569721992843377,2.2847151114781172,2.54560418387008,1.0819130195430775,1.0894274704101294,0.027189650426644618,-0.38233140655105974,-0.39263969171483637,-0.30726947426369394,100946.75612441509,1.8378407478332477
2.1769721992843376,2.204715111478117,2.48560418387008,1.1619130195430771,1.1794274704101293,0.10718965042664458,-0.38233140655105974,-0.4026396917148364,-0.30726947426369394,99489.75612441509,1.8428861618041985
2.076972199284338,2.1147151114781173,2.41560418387008,1.2719130195430774,1.2794274704101294,0.19718965042664455,-0.37233140655105973,-0.39263969171483637,-0.30726947426369394,98702.75612441509,1.845927429199218
2.0069721992843377,2.044715111478117,2.37560418387008,1.3519130195430775,1.3694274704101295,0.22718965042664457,-0.37233140655105973,-0.38263969171483636,-0.30726947426369394,97711.75612441509,1.8470022201538079
1.9269721992843378,1.9747151114781174,2.31560418387008,1.4319130195430771,1.4394274704101293,0.29718965042664464,-0.3623314065510597,-0.37263969171483635,-0.30726947426369394,96226.75612441509,1.8493554115295403
1.846972199284338,1.8947151114781173,2.2456041838700798,1.5219130195430774,1.5394274704101294,0.3671896504266446,-0.3623314065510597,-0.36263969171483634,-0.30726947426369394,94907.75612441509,1.8545038223266594
1.7569721992843381,1.8047151114781173,2.17560418387008,1.6219130195430775,1.6194274704101295,0.42718965042664464,-0.3623314065510597,-0.37263969171483635,-0.30726947426369394,94260.75612441509,1.8585035324096673
1.686972199284338,1.7247151114781174,2.13560418387008,1.6719130195430774,1.6794274704101293,0.4771896504266446,-0.3423314065510597,-0.3526396917148364,-0.30726947426369394,93379.75612441509,1.8585035324096673
1.606972199284338,1.6547151114781173,2.03560418387008,1.771913019543077,1.7694274704101294,0.5671896504266447,-0.3523314065510597,-0.36263969171483634,-0.30726947426369394,92190.75612441509,1.8624987125396757
1.536972199284338,1.5847151114781173,1.98560418387008,1.8419130195430773,1.8394274704101292,0.6371896504266445,-0.3423314065510597,-0.36263969171483634,-0.30726947426369394,91069.75612441509,1.8664648056030266
1.476972199284338,1.5147151114781174,1.9156041838700801,1.9019130195430773,1.8994274704101293,0.6971896504266446,-0.3323314065510597,-0.3526396917148364,-0.30726947426369394,90124.75612441509,1.8700818538665764
1.416972199284338,1.4647151114781174,1.85560418387008,1.9819130195430774,1.9694274704101296,0.7771896504266447,-0.3423314065510597,-0.36263969171483634,-0.29726947426369393,89267.75612441509,1.8710801124572747
1.356972199284338,1.4047151114781173,1.77560418387008,2.041913019543077,2.0394274704101294,0.8571896504266447,-0.3623314065510597,-0.37263969171483635,-0.29726947426369393,88850.75612441509,1.875092697143554
1.306972199284338,1.3547151114781173,1.71560418387008,2.101913019543077,2.089427470410129,0.9271896504266446,-0.3623314065510597,-0.37263969171483635,-0.29726947426369393,88313.75612441509,1.879698467254638
1.2569721992843381,1.3047151114781173,1.6356041838700799,2.161913019543077,2.1394274704101295,0.9871896504266446,-0.3623314065510597,-0.37263969171483635,-0.29726947426369393,87886.75612441509,1.882872533798217
1.206972199284338,1.2547151114781174,1.56560418387008,2.221913019543077,2.2094274704101293,1.0571896504266447,-0.37233140655105973,-0.38263969171483636,-0.29726947426369393,87353.75612441509,1.8839480400085442
1.156972199284338,1.2047151114781174,1.5156041838700798,2.271913019543077,2.2594274704101296,1.1071896504266447,-0.38233140655105974,-0.4026396917148364,-0.29726947426369393,86870.75612441509,1.8869468688964837
1.096972199284338,1.1547151114781173,1.48560418387008,2.3419130195430773,2.3294274704101294,1.1471896504266446,-0.3923314065510597,-0.4026396917148364,-0.29726947426369393,86965.75612441509,1.8912362575530999
1.056972199284338,1.0947151114781173,1.42560418387008,2.3819130195430773,2.3694274704101295,1.1971896504266446,-0.3923314065510597,-0.4026396917148364,-0.29726947426369393,87186.75612441509,1.8951670646667473
1.0169721992843381,1.0547151114781173,1.3656041838700799,2.451913019543077,2.4294274704101295,1.2471896504266446,-0.4023314065510597,-0.4126396917148364,-0.29726947426369393,86999.75612441509,1.8992077827453606
0.9869721992843381,1.0347151114781172,1.33560418387008,2.4619130195430774,2.4494274704101295,1.2871896504266447,-0.4323314065510597,-0.4326396917148364,-0.2872694742636939,86572.75612441509,1.8992077827453606
0.9469721992843381,0.9947151114781173,1.2856041838700798,2.511913019543077,2.4894274704101296,1.3371896504266447,-0.4223314065510597,-0.4326396917148364,-0.2872694742636939,86357.75612441509,1.9032725811004632
0.926972199284338,0.9647151114781173,1.25560418387008,2.5519130195430773,2.5394274704101294,1.3771896504266448,-0.46233140655105975,-0.45263969171483637,-0.29726947426369393,86190.75612441509,1.907762956619262
0.896972199284338,0.9347151114781173,1.21560418387008,2.581913019543077,2.569427470410129,1.4171896504266446,-0.46233140655105975,-0.4626396917148364,-0.2872694742636939,86019.75612441509,1.9114770412445061
0.886972199284338,0.9247151114781172,1.1656041838700797,2.6119130195430773,2.5994274704101294,1.4771896504266446,-0.4823314065510597,-0.47263969171483633,-0.29726947426369393,85644.75612441509,1.91278524398804
0.866972199284338,0.8947151114781172,1.1156041838700799,2.641913019543077,2.6294274704101293,1.5071896504266447,-0.4723314065510597,-0.47263969171483633,-0.2872694742636939,85477.75612441509,1.9162873744964593
0.846972199284338,0.8747151114781172,1.0756041838700798,2.661913019543077,2.6494274704101293,1.5471896504266447,-0.4923314065510597,-0.48263969171483634,-0.2872694742636939,85114.75612441509,1.9202866077423089
0.806972199284338,0.8447151114781172,1.06560418387008,2.7119130195430774,2.6994274704101295,1.5771896504266445,-0.5123314065510597,-0.5026396917148364,-0.29726947426369393,84861.75612441509,1.9235553264617913
0.776972199284338,0.8247151114781173,1.0156041838700798,2.741913019543077,2.7394274704101296,1.6171896504266445,-0.5223314065510597,-0.5226396917148364,-0.29726947426369393,85030.75612441509,1.9242882251739495
0.776972199284338,0.8047151114781173,0.9956041838700799,2.7519130195430774,2.7394274704101296,1.6371896504266445,-0.5123314065510597,-0.5026396917148364,-0.2872694742636939,84679.75612441509,1.9275564670562737
0.766972199284338,0.8047151114781173,0.9656041838700798,2.771913019543077,2.7694274704101294,1.6671896504266448,-0.5323314065510597,-0.5226396917148364,-0.2872694742636939,84394.75612441509,1.9316617965698235
0.746972199284338,0.7747151114781172,0.9556041838700798,2.8019130195430773,2.779427470410129,1.6871896504266448,-0.5323314065510597,-0.5226396917148364,-0.2872694742636939,84171.75612441509,1.9359473705291705
0.736972199284338,0.7647151114781172,0.9156041838700798,2.8019130195430773,2.8094274704101294,1.7071896504266448,-0.5423314065510597,-0.5326396917148364,-0.2872694742636939,84052.75612441509,1.9365477085113554
0.726972199284338,0.7547151114781172,0.8956041838700798,2.8219130195430773,2.8094274704101294,1.7371896504266446,-0.5523314065510597,-0.5326396917148364,-0.29726947426369393,83053.75612441509,1.9398009300231962
0.716972199284338,0.7347151114781172,0.85560418387008,2.831913019543077,2.8294274704101294,1.7771896504266447,-0.5823314065510597,-0.5526396917148364,-0.29726947426369393,82550.75612441509,1.9446842193603509
0.726972199284338,0.7347151114781172,0.8256041838700799,2.8419130195430773,2.839427470410129,1.8071896504266445,-0.5723314065510597,-0.5526396917148364,-0.2872694742636939,82367.75612441509,1.9486844062805204
0.6969721992843381,0.7147151114781172,0.8156041838700799,2.8619130195430773,2.8594274704101292,1.8271896504266445,-0.5723314065510597,-0.5526396917148364,-0.2872694742636939,81516.75612441509,1.9486844062805204
0.676972199284338,0.7047151114781173,0.7656041838700799,2.871913019543077,2.8694274704101295,1.8571896504266447,-0.5723314065510597,-0.5526396917148364,-0.2872694742636939,81261.75612441509,1.9516744136810296
0.666972199284338,0.6947151114781173,0.7656041838700799,2.8819130195430773,2.8794274704101293,1.8771896504266448,-0.5823314065510597,-0.5626396917148364,-0.2872694742636939,80932.75612441509,1.9566916942596428
0.666972199284338,0.6847151114781173,0.7256041838700799,2.891913019543077,2.8894274704101295,1.8971896504266448,-0.5723314065510597,-0.5626396917148364,-0.2872694742636939,80465.75612441509,1.9604343891143792
0.656972199284338,0.6647151114781172,0.7056041838700798,2.911913019543077,2.9194274704101293,1.9171896504266448,-0.6023314065510597,-0.5726396917148364,-0.2872694742636939,80356.75612441509,1.9644689083099358
0.626972199284338,0.6447151114781172,0.6956041838700798,2.931913019543077,2.9294274704101295,1.9271896504266446,-0.5923314065510598,-0.5626396917148364,-0.2872694742636939,79567.75612441509,1.9644689083099358
0.606972199284338,0.6247151114781172,0.6856041838700798,2.9419130195430774,2.9494274704101295,1.9371896504266448,-0.5923314065510598,-0.5726396917148364,-0.2872694742636939,79108.75612441509,1.9694852352142362
0.596972199284338,0.6147151114781172,0.6656041838700798,2.951913019543077,2.9594274704101293,1.9571896504266448,-0.5923314065510598,-0.5726396917148364,-0.2872694742636939,78671.75612441509,1.9728972434997587
0.586972199284338,0.6047151114781172,0.6456041838700798,2.9619130195430774,2.9594274704101293,1.9571896504266448,-0.5823314065510597,-0.5626396917148364,-0.2872694742636939,78382.75612441509,1.9766487598419182
0.556972199284338,0.5947151114781172,0.6356041838700798,2.9619130195430774,2.9694274704101296,1.9771896504266449,-0.5623314065510597,-0.5526396917148364,-0.2772694742636939,77835.75612441509,1.9766487598419182
0.556972199284338,0.5747151114781173,0.60560418387008,2.9619130195430774,2.9694274704101296,1.9771896504266449,-0.5723314065510597,-0.5526396917148364,-0.2772694742636939,77262.75612441509,1.9816526889801018
0.546972199284338,0.5647151114781173,0.59560418387008,2.971913019543077,2.9794274704101293,1.9671896504266446,-0.5423314065510597,-0.5326396917148364,-0.2772694742636939,76803.75612441509,1.9856512069702106
0.536972199284338,0.5547151114781173,0.60560418387008,2.9619130195430774,2.9794274704101293,1.9571896504266448,-0.5323314065510597,-0.5326396917148364,-0.2772694742636939,76426.75612441509,1.9890274524688714
0.536972199284338,0.5547151114781173,0.60560418387008,2.971913019543077,2.9794274704101293,1.9571896504266448,-0.5423314065510597,-0.5326396917148364,-0.2672694742636939,75813.75612441509,1.9898209095001178
0.526972199284338,0.5547151114781173,0.58560418387008,2.971913019543077,2.9894274704101296,1.9771896504266449,-0.4723314065510597,-0.5726396917148364,-0.2672694742636939,75474.75612441509,1.993052434921264
0.516972199284338,0.5647151114781173,0.59560418387008,2.931913019543077,2.9794274704101293,1.9371896504266448,-0.45233140655105974,-0.5426396917148364,-0.2672694742636939,75373.75612441509,1.9971615791320794
0.476972199284338,0.5447151114781172,0.60560418387008,2.971913019543077,2.9994274704101294,1.9171896504266448,-0.4923314065510597,-0.5226396917148364,-0.2672694742636939,74766.75612441509,2.0011901378631585
0.476972199284338,0.5147151114781172,0.58560418387008,2.971913019543077,3.029427470410129,1.9171896504266448,-0.45233140655105974,-0.5626396917148364,-0.25726947426369395,73949.75612441509,2.002191495895385
0.476972199284338,0.4947151114781172,0.5656041838700799,2.9819130195430774,3.0194274704101294,1.8971896504266448,-0.46233140655105975,-0.5526396917148364,-0.25726947426369395,73698.75612441509,2.005190086364742
0.476972199284338,0.5047151114781172,0.5656041838700799,2.9419130195430774,3.029427470410129,1.9071896504266446,-0.4323314065510597,-0.5526396917148364,-0.25726947426369395,73667.75612441509,2.0101994991302483
0.43697219928433806,0.5047151114781172,0.5456041838700799,2.9219130195430774,3.0394274704101294,1.9071896504266446,-0.38233140655105974,-0.5726396917148364,-0.25726947426369395,72920.75612441509,2.01322693824768
0.43697219928433806,0.5147151114781172,0.5656041838700799,2.911913019543077,3.0394274704101294,1.8771896504266448,-0.38233140655105974,-0.5626396917148364,-0.24726947426369392,72315.75612441509,2.0142704963684075
0.41697219928433804,0.4847151114781172,0.5756041838700799,2.911913019543077,3.0194274704101294,1.8771896504266448,-0.3523314065510597,-0.5226396917148364,-0.24726947426369392,72150.75612441509,2.0174989223480218
0.44697219928433807,0.4747151114781172,0.5556041838700799,2.9419130195430774,2.9794274704101293,1.8571896504266447,-0.4123314065510597,-0.49263969171483635,-0.24726947426369392,71903.75612441509,2.022539567947387
0.42697219928433805,0.46471511147811717,0.5756041838700799,2.9219130195430774,2.9794274704101293,1.8371896504266447,-0.3923314065510597,-0.45263969171483637,-0.23726947426369394,71462.75612441509,2.0258085250854485
0.40697219928433803,0.4747151114781172,0.5756041838700799,2.891913019543077,2.9894274704101296,1.8271896504266445,-0.3423314065510597,-0.48263969171483634,-0.23726947426369394,71265.75612441509,2.0268709182739286
0.41697219928433804,0.46471511147811717,0.5656041838700799,2.8819130195430773,2.9594274704101293,1.7971896504266447,-0.3423314065510597,-0.4326396917148364,-0.22726947426369393,70784.75612441509,2.029875230789184
0.41697219928433804,0.46471511147811717,0.5756041838700799,2.8619130195430773,2.9194274704101293,1.7871896504266445,-0.3023314065510597,-0.38263969171483636,-0.22726947426369393,70213.75612441509,2.033942890167239
0.40697219928433803,0.44471511147811726,0.58560418387008,2.851913019543077,2.8994274704101293,1.7671896504266444,-0.3023314065510597,-0.36263969171483634,-0.21726947426369392,69902.75612441509,2.038976383209228
0.386972199284338,0.4747151114781172,0.58560418387008,2.761913019543077,2.9494274704101295,1.7371896504266446,-0.1623314065510597,-0.44263969171483636,-0.21726947426369392,69423.75612441509,2.038976383209228
0.396972199284338,0.42471511147811725,0.5756041838700799,2.7819130195430772,2.8694274704101295,1.7071896504266448,-0.23233140655105972,-0.32263969171483636,-0.2072694742636939,68864.75612441509,2.041977834701534
0.396972199284338,0.41471511147811724,0.59560418387008,2.771913019543077,2.8294274704101294,1.6871896504266448,-0.24233140655105972,-0.26263969171483637,-0.2072694742636939,68513.75612441509,2.0464336395263665
0.40697219928433803,0.42471511147811725,0.5756041838700799,2.7519130195430774,2.7894274704101294,1.6971896504266446,-0.2223314065510597,-0.2326396917148364,-0.19726947426369393,67952.75612441509,2.0514339923858635
0.396972199284338,0.41471511147811724,0.58560418387008,2.7119130195430774,2.7494274704101294,1.6671896504266448,-0.18233140655105973,-0.19263969171483636,-0.19726947426369393,67479.75612441509,2.0545372486114495
0.396972199284338,0.40471511147811723,0.5656041838700799,2.6719130195430774,2.7194274704101296,1.6671896504266448,-0.1423314065510597,-0.1626396917148364,-0.18726947426369392,67268.75612441509,2.0554639816284137
0.386972199284338,0.40471511147811723,0.5156041838700799,2.641913019543077,2.6894274704101293,1.6771896504266446,-0.11233140655105966,-0.12263969171483635,-0.18726947426369392,66833.75612441509,2.058496665954589
0.386972199284338,0.40471511147811723,0.4956041838700799,2.5919130195430773,2.6394274704101295,1.6771896504266446,-0.07233140655105974,-0.09263969171483633,-0.1772694742636939,66626.75612441509,2.0628034591674798
0.376972199284338,0.3947151114781172,0.5156041838700799,2.5519130195430773,2.6094274704101292,1.6571896504266446,-0.002331406551059678,-0.04263969171483639,-0.1772694742636939,66227.75612441509,2.066626739501956
0.356972199284338,0.3847151114781172,0.48560418387007986,2.5019130195430774,2.5794274704101294,1.6571896504266446,0.047668593448940255,-0.0026396917148363563,-0.16726947426369393,65354.756124415086,2.067692708969119
0.366972199284338,0.3747151114781172,0.4956041838700799,2.451913019543077,2.5194274704101294,1.6171896504266445,0.11766859344894032,0.04736030828516358,-0.15726947426369392,64993.756124415086,2.071288061141967
0.356972199284338,0.3847151114781172,0.46560418387007985,2.3619130195430773,2.4794274704101293,1.6371896504266445,0.18766859344894027,0.09736030828516362,-0.15726947426369392,64922.756124415086,2.075374794006347
0.33697219928433797,0.35471511147811724,0.46560418387007985,2.331913019543077,2.4194274704101293,1.6071896504266447,0.2376685934489403,0.16736030828516368,-0.1472694742636939,64337.756124415086,2.079740953445434
0.32697219928433796,0.35471511147811724,0.45560418387007984,2.291913019543077,2.3894274704101295,1.6071896504266447,0.28766859344894025,0.1973603082851636,-0.1472694742636939,64424.756124415086,2.0807232379913323
0.32697219928433796,0.34471511147811723,0.47560418387007986,2.2519130195430774,2.319427470410129,1.5671896504266447,0.3276685934489403,0.2873603082851637,-0.13726947426369393,64351.756124415086,2.0837232589721673
0.31697219928433795,0.3347151114781172,0.44560418387007983,2.2119130195430774,2.2694274704101294,1.5671896504266447,0.3776685934489403,0.3373603082851636,-0.13726947426369393,64140.756124415086,2.087722969055175
0.30697219928433794,0.3147151114781172,0.44560418387007983,2.141913019543077,2.2094274704101293,1.5371896504266445,0.4476685934489404,0.4073603082851637,-0.12726947426369392,63779.756124415086,2.0917818069458
0.29697219928433805,0.3147151114781172,0.4356041838700798,2.081913019543077,2.1494274704101293,1.5071896504266447,0.5176685934489402,0.47736030828516374,-0.11726947426369391,63460.756124415086,2.092723083496093
0.28697219928433804,0.3047151114781172,0.45560418387007984,2.021913019543077,2.0794274704101294,1.4471896504266446,0.5876685934489403,0.5473603082851636,-0.11726947426369391,63313.756124415086,2.096061658859252
0.28697219928433804,0.29471511147811724,0.4256041838700798,1.9719130195430772,2.0394274704101294,1.4671896504266446,0.6376685934489403,0.5973603082851636,-0.10726947426369393,63072.756124415086,2.0998811244964593
0.28697219928433804,0.3047151114781172,0.3956041838700798,1.8819130195430773,1.9694274704101296,1.4571896504266446,0.7176685934489402,0.6473603082851637,-0.10726947426369393,63023.756124415086,2.1042074680328398
0.29697219928433805,0.3047151114781172,0.4256041838700798,1.8419130195430773,1.9194274704101293,1.4071896504266446,0.7476685934489402,0.7173603082851637,-0.10726947426369393,63048.756124415086,2.1052624702453606
0.28697219928433804,0.3047151114781172,0.44560418387007983,1.791913019543077,1.8594274704101292,1.3671896504266448,0.8076685934489403,0.7673603082851636,-0.09726947426369392,63053.756124415086,2.1074060916900628
0.28697219928433804,0.3047151114781172,0.46560418387007985,1.7019130195430772,1.7994274704101292,1.3571896504266447,0.8876685934489403,0.8173603082851636,-0.08726947426369391,63288.756124415086,2.1129908084869378
0.276972199284338,0.3047151114781172,0.47560418387007986,1.6319130195430773,1.7194274704101293,1.3271896504266447,0.9676685934489402,0.9073603082851637,-0.08726947426369391,63383.756124415086,2.1170117378234856
0.276972199284338,0.28471511147811723,0.48560418387007986,1.6019130195430775,1.6794274704101293,1.2871896504266447,1.0076685934489402,0.9573603082851637,-0.0772694742636939,63296.756124415086,2.1170117378234856
0.28697219928433804,0.29471511147811724,0.45560418387007984,1.5419130195430775,1.6194274704101295,1.2971896504266447,1.0476685934489403,1.0073603082851634,-0.0772694742636939,63301.756124415086,2.1209907054901116
0.266972199284338,0.2747151114781172,0.47560418387007986,1.4819130195430774,1.5494274704101294,1.2271896504266446,1.1276685934489403,1.0873603082851635,-0.0672694742636939,63422.756124415086,2.1239952564239495
0.276972199284338,0.29471511147811724,0.48560418387007986,1.4319130195430771,1.5194274704101294,1.1871896504266446,1.1776685934489404,1.1073603082851635,-0.0672694742636939,63499.756124415086,2.1290370941162102
0.266972199284338,0.28471511147811723,0.4956041838700799,1.3819130195430773,1.4694274704101293,1.1671896504266446,1.2676685934489402,1.1373603082851638,-0.05726947426369394,63510.756124415086,2.132627201080318
0.256972199284338,0.2747151114781172,0.5156041838700799,1.3619130195430773,1.4494274704101293,1.1171896504266448,1.2776685934489402,1.1873603082851636,-0.05726947426369394,63683.756124415086,2.1336669445037835
0.256972199284338,0.2647151114781172,0.4956041838700799,1.3219130195430773,1.4194274704101293,1.1371896504266445,1.3076685934489403,1.2473603082851636,-0.037269474263693925,63462.756124415086,2.1371221065521233
0.24697219928433797,0.2647151114781172,0.4956041838700799,1.2619130195430772,1.3994274704101293,1.1071896504266447,1.3876685934489403,1.2573603082851634,-0.037269474263693925,63757.756124415086,2.141176414489742
0.24697219928433797,0.2647151114781172,0.47560418387007986,1.2219130195430772,1.3194274704101294,1.0971896504266447,1.4276685934489404,1.3273603082851637,-0.027269474263693916,63440.756124415086,2.145215702056884
0.226972199284338,0.2447151114781172,0.47560418387007986,1.1719130195430774,1.3394274704101294,1.0871896504266447,1.4976685934489402,1.3273603082851637,-0.027269474263693916,63389.756124415086,2.1461765289306634
0.206972199284338,0.22471511147811724,0.4356041838700798,1.1219130195430775,1.3494274704101294,1.0671896504266447,1.58766859344894,1.3873603082851633,-0.017269474263693907,63442.756124415086,2.1487657546997063
0.206972199284338,0.22471511147811724,0.4156041838700798,1.1219130195430775,1.2194274704101293,1.0071896504266447,1.5576685934489403,1.4673603082851634,0.0027305257363060553,63331.756124415086,2.1541089534759514
0.206972199284338,0.22471511147811724,0.46560418387007985,1.1019130195430775,1.1894274704101293,1.0171896504266447,1.6176685934489403,1.4973603082851636,0.012730525736306064,62804.756124415086,2.1580719470977776
0.18697219928433798,0.20471511147811722,0.45560418387007984,1.0819130195430775,1.1694274704101293,0.9771896504266446,1.6376685934489403,1.5573603082851637,0.022730525736306073,62605.756124415086,2.1580719470977776
0.18697219928433798,0.1947151114781172,0.4356041838700798,1.0019130195430774,1.1094274704101295,0.9471896504266446,1.7176685934489404,1.5773603082851637,0.0527305257363061,62694.756124415086,2.1615144729614215
0.166972199284338,0.17471511147811725,0.4056041838700798,0.9519130195430773,1.0694274704101294,0.9171896504266446,1.7776685934489405,1.6473603082851636,0.08273052573630607,62021.756124415086,2.1654402732849114
0.146972199284338,0.16471511147811724,0.36560418387007976,0.9319130195430773,1.0194274704101294,0.9271896504266446,1.7976685934489405,1.7273603082851636,0.15273052573630608,60974.756124415086,2.1698464870452874
0.156972199284338,0.16471511147811724,0.34560418387007996,0.8919130195430772,1.0294274704101294,0.8871896504266445,1.85766859344894,1.7573603082851634,0.21273052573630613,60755.756124415086,2.1708817005157464
0.146972199284338,0.16471511147811724,0.32560418387007994,0.8319130195430774,0.9594274704101293,0.8971896504266446,1.9276685934489404,1.8173603082851635,0.2927305257363061,60264.756124415086,2.173571300506591
0.136972199284338,0.14471511147811722,0.2756041838700799,0.8019130195430774,0.9194274704101293,0.8671896504266448,1.9676685934489404,1.8573603082851635,0.36273052573630604,59009.756124415086,2.1787726402282708
0.116972199284338,0.12471511147811724,0.2556041838700799,0.7519130195430773,0.8494274704101294,0.8271896504266447,2.0276685934489405,1.9873603082851634,0.48273052573630604,57898.756124415086,2.182763767242431
0.10697219928433799,0.10471511147811723,0.24560418387007987,0.7219130195430773,0.8094274704101294,0.7771896504266447,2.0976685934489403,2.0273603082851634,0.5827305257363061,56997.756124415086,2.182763767242431
0.086972199284338,0.09471511147811724,0.18560418387007982,0.6419130195430773,0.7294274704101293,0.7571896504266447,2.18766859344894,2.1373603082851633,0.7327305257363061,55560.756124415086,2.186766576766967
0.086972199284338,0.08471511147811724,0.1456041838700799,0.6019130195430773,0.6694274704101294,0.7371896504266446,2.22766859344894,2.1873603082851636,0.812730525736306,54361.756124415086,2.190109682083129
0.06697219928433801,0.07471511147811723,0.09560418387007985,0.5419130195430774,0.6394274704101294,0.7071896504266446,2.3076685934489403,2.2373603082851634,0.9727305257363061,53302.756124415086,2.19509048461914
0.056972199284338,0.06471511147811725,0.08560418387007984,0.5619130195430774,0.6094274704101293,0.6771896504266446,2.33766859344894,2.2973603082851635,1.052730525736306,52053.756124415086,2.19509048461914
0.056972199284338,0.05471511147811724,0.08560418387007984,0.4919130195430773,0.5794274704101294,0.6271896504266448,2.3876685934489403,2.3273603082851637,1.162730525736306,50654.756124415086,2.1982137680053704
0.04697219928433799,0.04471511147811723,0.03560418387007991,0.4419130195430774,0.5394274704101294,0.6271896504266448,2.4276685934489404,2.3773603082851635,1.2227305257363061,49751.756124415086,2.202214193344119
0.03697219928433801,0.03471511147811725,-0.004395816129920127,0.42191301954307736,0.5094274704101294,0.5971896504266447,2.4676685934489404,2.4273603082851634,1.332730525736306,48806.756124415086,2.2065808296203606
0.026972199284338,0.024715111478117238,-0.07439581612992019,0.39191301954307733,0.47942747041012934,0.5871896504266447,2.49766859344894,2.4673603082851634,1.422730525736306,47665.756124415086,2.2098273754119866
0.01697219928433799,0.01471511147811723,-0.1043958161299201,0.3619130195430773,0.4394274704101294,0.5371896504266447,2.5276685934489405,2.5073603082851634,1.552730525736306,46242.756124415086,2.2098273754119866
0.006972199284337996,0.004715111478117234,-0.13439581612992013,0.3219130195430774,0.3894274704101294,0.5071896504266447,2.58766859344894,2.5573603082851637,1.6827305257363059,44873.756124415086,2.21557874679565
-0.003027800715661999,-0.01528488852188277,-0.17439581612992017,0.3219130195430774,0.3894274704101294,0.4971896504266446,2.62766859344894,2.6173603082851633,1.762730525736306,43506.756124415086,2.2189335346221917
-0.003027800715661999,-0.01528488852188277,-0.19439581612992018,0.29191301954307736,0.35942747041012935,0.45718965042664456,2.64766859344894,2.6473603082851636,1.8527305257363063,42237.756124415086,2.222931575775142
-0.013027800715662008,-0.01528488852188277,-0.18439581612992018,0.30191301954307737,0.35942747041012935,0.42718965042664464,2.6576685934489404,2.6573603082851633,1.902730525736306,41032.756124415086,2.223978233337398
-0.013027800715662008,-0.01528488852188277,-0.18439581612992018,0.28191301954307735,0.34942747041012934,0.4071896504266446,2.6776685934489404,2.6673603082851636,1.972730525736306,39541.756124415086,2.2263254642486565
-0.023027800715662003,-0.01528488852188277,-0.2143958161299201,0.27191301954307734,0.33942747041012933,0.3971896504266446,2.68766859344894,2.6773603082851634,2.022730525736306,39134.756124415086,2.2314893722534137
-0.013027800715662008,-0.01528488852188277,-0.24439581612992012,0.26191301954307733,0.32942747041012943,0.3671896504266446,2.68766859344894,2.6873603082851636,2.1027305257363063,38873.756124415086,2.2345742702484124
-0.013027800715662008,-0.01528488852188277,-0.24439581612992012,0.2519130195430773,0.3094274704101294,0.33718965042664456,2.6976685934489404,2.6873603082851636,2.152730525736306,38402.756124415086,2.235631895065307
-0.023027800715662003,-0.025284888521882765,-0.27439581612992014,0.2419130195430773,0.2994274704101294,0.30718965042664464,2.70766859344894,2.7173603082851634,2.242730525736306,37831.756124415086,2.239729595184329
-0.023027800715662003,-0.025284888521882765,-0.3043958161299201,0.21191301954307734,0.2794274704101294,0.2771896504266446,2.72766859344894,2.7373603082851634,2.302730525736306,37290.756124415086,2.243729782104488
-0.04302780071566201,-0.04528488852188277,-0.29439581612992016,0.19191301954307732,0.25942747041012937,0.23718965042664458,2.7376685934489404,2.7473603082851636,2.3527305257363063,37049.756124415086,2.248112630844119
-0.04302780071566201,-0.04528488852188277,-0.33439581612992014,0.20191301954307733,0.24942747041012933,0.21718965042664456,2.7376685934489404,2.7473603082851636,2.412730525736306,36678.756124415086,2.248112630844119
-0.04302780071566201,-0.04528488852188277,-0.3643958161299201,0.1719130195430773,0.20942747041012935,0.18718965042664465,2.74766859344894,2.7573603082851634,2.462730525736306,36411.756124415086,2.251547765731811
-0.04302780071566201,-0.04528488852188277,-0.3743958161299201,0.14191301954307733,0.17942747041012932,0.16718965042664463,2.7576685934489404,2.7673603082851637,2.522730525736306,35842.756124415086,2.2552425384521477
-0.053027800715662,-0.055284888521882763,-0.41439581612992016,0.13191301954307733,0.15942747041012936,0.16718965042664463,2.7676685934489402,2.7873603082851637,2.572730525736306,35141.756124415086,2.259303998947143
-0.063027800715662,-0.06528488852188277,-0.4343958161299201,0.12191301954307732,0.15942747041012936,0.1371896504266446,2.7676685934489402,2.7873603082851637,2.592730525736306,34710.756124415086,2.260344457626342
-0.053027800715662,-0.055284888521882763,-0.47439581612992016,0.10191301954307735,0.14942747041012935,0.1271896504266446,2.7676685934489402,2.7773603082851634,2.662730525736306,34389.756124415086,2.2639741420745843
-0.063027800715662,-0.06528488852188277,-0.4843958161299201,0.08191301954307734,0.11942747041012933,0.09718965042664457,2.7776685934489405,2.7873603082851637,2.702730525736306,33978.756124415086,2.2688087940216057
-0.063027800715662,-0.06528488852188277,-0.4943958161299201,0.05191301954307731,0.10942747041012937,0.08718965042664456,2.7776685934489405,2.7973603082851635,2.722730525736306,33803.756124415086,2.272344303131103
-0.063027800715662,-0.06528488852188277,-0.5043958161299201,0.06191301954307732,0.08942747041012936,0.06718965042664465,2.7576685934489404,2.7873603082851637,2.772730525736306,33418.756124415086,2.275620412826534
-0.053027800715662,-0.06528488852188277,-0.5043958161299201,0.03191301954307735,0.06942747041012934,0.03718965042664463,2.7576685934489404,2.7973603082851635,2.812730525736306,32927.756124415086,2.276313495635982
-0.053027800715662,-0.06528488852188277,-0.5143958161299201,0.0019130195430773211,0.01942747041012935,0.0071896504266446,2.7776685934489405,2.8173603082851635,2.8527305257363063,32522.756124415086,2.2808370113372796
-0.063027800715662,-0.06528488852188277,-0.5143958161299201,-0.00808698045692266,0.01942747041012935,-0.012810349573355417,2.7676685934489402,2.8073603082851637,2.862730525736306,31853.756124415086,2.284810495376586
-0.053027800715662,-0.06528488852188277,-0.5243958161299201,-0.01808698045692267,0.01942747041012935,-0.022810349573355426,2.7376685934489404,2.7873603082851637,2.902730525736306,30930.756124415086,2.288286638259887
-0.063027800715662,-0.06528488852188277,-0.5543958161299202,-0.028086980456922678,-0.0005725295898706406,-0.04281034957335539,2.7176685934489404,2.7773603082851634,2.962730525736306,30555.756124415086,2.2890932083129876
-0.063027800715662,-0.06528488852188277,-0.5643958161299201,-0.03808698045692266,-0.03057252958987064,-0.07281034957335542,2.72766859344894,2.7673603082851637,3.002730525736306,30404.756124415086,2.2926778316497796
-0.073027800715662,-0.07528488852188277,-0.5743958161299201,-0.028086980456922678,0.00942747041012934,-0.0628103495733554,2.66766859344894,2.7573603082851634,3.012730525736306,29979.756124415086,2.2960445404052763
-0.073027800715662,-0.07528488852188277,-0.5843958161299201,-0.04808698045692267,-0.03057252958987064,-0.07281034957335542,2.6776685934489404,2.7273603082851636,3.052730525736306,29596.756124415086,2.3006221771240227
-0.073027800715662,-0.08528488852188276,-0.5943958161299201,-0.07808698045692267,-0.05057252958987066,-0.10281034957335539,2.6376685934489403,2.7473603082851636,3.0827305257363062,28897.756124415086,2.301322174072265
-0.073027800715662,-0.07528488852188277,-0.6043958161299201,-0.06808698045692266,-0.06057252958987064,-0.10281034957335539,2.6176685934489403,2.6673603082851636,3.1227305257363063,27910.756124415086,2.3056783199310296
-0.073027800715662,-0.07528488852188277,-0.6143958161299201,-0.08808698045692268,-0.07057252958987065,-0.1228103495733554,2.58766859344894,2.6373603082851633,3.1427305257363063,27245.756124415086,2.3098823547363274
-0.073027800715662,-0.08528488852188276,-0.6243958161299201,-0.08808698045692268,-0.08057252958987066,-0.14281034957335542,2.5176685934489402,2.5673603082851635,3.162730525736306,26270.756124415086,2.3128520965576165
-0.083027800715662,-0.08528488852188276,-0.6443958161299201,-0.09808698045692266,-0.09057252958987064,-0.15281034957335538,2.4276685934489404,2.5573603082851637,3.192730525736306,25519.756124415086,2.313860130310058
-0.083027800715662,-0.08528488852188276,-0.6643958161299202,-0.09808698045692266,-0.09057252958987064,-0.1828103495733554,2.37766859344894,2.4773603082851636,3.222730525736306,24978.756124415086,2.3179256439208977
-0.083027800715662,-0.08528488852188276,-0.6543958161299201,-0.08808698045692268,-0.08057252958987066,-0.1728103495733554,2.3676685934489403,2.4273603082851634,3.222730525736306,24079.756124415086,2.3219255924224846
-0.073027800715662,-0.08528488852188276,-0.6643958161299202,-0.08808698045692268,-0.08057252958987066,-0.20281034957335542,2.2676685934489402,2.3673603082851633,3.252730525736306,23366.756124415086,2.3254224777221673
-0.063027800715662,-0.08528488852188276,-0.6543958161299201,-0.09808698045692266,-0.09057252958987064,-0.20281034957335542,2.2176685934489404,2.3473603082851637,3.252730525736306,22741.756124415086,2.32639570236206
-0.073027800715662,-0.07528488852188277,-0.6543958161299201,-0.08808698045692268,-0.08057252958987066,-0.20281034957335542,2.18766859344894,2.2873603082851637,3.252730525736306,21898.756124415086,2.329422903060916
-0.063027800715662,-0.07528488852188277,-0.6543958161299201,-0.08808698045692268,-0.08057252958987066,-0.21281034957335537,2.08766859344894,2.2973603082851635,3.252730525736306,21171.756124415086,2.33331389427185
-0.063027800715662,-0.08528488852188276,-0.6643958161299202,-0.08808698045692268,-0.08057252958987066,-0.20281034957335542,1.9776685934489402,2.3473603082851637,3.252730525736306,21056.756124415086,2.338352155685424
-0.053027800715662,-0.07528488852188277,-0.6643958161299202,-0.07808698045692267,-0.08057252958987066,-0.21281034957335537,2.0476685934489405,2.3073603082851637,3.262730525736306,20857.756124415086,2.338352155685424
-0.063027800715662,-0.06528488852188277,-0.6543958161299201,-0.08808698045692268,-0.08057252958987066,-0.21281034957335537,2.1376685934489403,2.2073603082851636,3.252730525736306,20312.756124415086,2.34210820198059
-0.063027800715662,-0.06528488852188277,-0.6543958161299201,-0.08808698045692268,-0.07057252958987065,-0.1928103495733554,2.0976685934489403,2.1873603082851636,3.232730525736306,20071.756124415086,2.34627194404602
-0.053027800715662,-0.055284888521882763,-0.6443958161299201,-0.07808698045692267,-0.07057252958987065,-0.1928103495733554,2.0276685934489405,2.1073603082851635,3.222730525736306,19918.756124415086,2.3505720615386956
-0.053027800715662,-0.055284888521882763,-0.6443958161299201,-0.07808698045692267,-0.07057252958987065,-0.1928103495733554,1.9676685934489404,2.0273603082851634,3.192730525736306,19869.756124415086,2.353824090957641
-0.023027800715662003,-0.03528488852188276,-0.6343958161299201,-0.06808698045692266,-0.06057252958987064,-0.1928103495733554,1.85766859344894,1.9273603082851634,3.182730525736306,19466.756124415086,2.3548700332641594
-0.023027800715662003,-0.025284888521882765,-0.6343958161299201,-0.07808698045692267,-0.07057252958987065,-0.1928103495733554,1.7676685934489402,1.8273603082851637,3.172730525736306,19293.756124415086,2.3581335067749016
-0.023027800715662003,-0.025284888521882765,-0.6243958161299201,-0.06808698045692266,-0.06057252958987064,-0.20281034957335542,1.6576685934489404,1.7373603082851634,3.1427305257363063,19046.756124415086,2.3631519794464104
-0.013027800715662008,-0.025284888521882765,-0.6143958161299201,-0.06808698045692266,-0.06057252958987064,-0.21281034957335537,1.60766859344894,1.6673603082851636,3.112730525736306,18649.756124415086,2.366132688522338
-0.023027800715662003,-0.025284888521882765,-0.6143958161299201,-0.04808698045692267,-0.05057252958987066,-0.20281034957335542,1.5376685934489402,1.6273603082851635,3.092730525736306,17806.756124415086,2.366132688522338
-0.003027800715661999,-0.01528488852188277,-0.6143958161299201,-0.05808698045692268,-0.05057252958987066,-0.22281034957335538,1.4476685934489404,1.5273603082851634,3.062730525736306,17333.756124415086,2.3696548461914055
-0.003027800715661999,-0.01528488852188277,-0.6043958161299201,-0.05808698045692268,-0.05057252958987066,-0.20281034957335542,1.4076685934489404,1.4973603082851636,3.002730525736306,16634.756124415086,2.3744325160980218
-0.003027800715661999,-0.005284888521882761,-0.5843958161299201,-0.04808698045692267,-0.05057252958987066,-0.20281034957335542,1.3476685934489403,1.4473603082851634,2.972730525736306,16413.756124415086,2.3784334182739286
0.006972199284337996,-0.005284888521882761,-0.5843958161299201,-0.05808698045692268,-0.05057252958987066,-0.21281034957335537,1.3276685934489403,1.4173603082851636,2.922730525736306,16098.756124415084,2.3784334182739286
0.006972199284337996,-0.005284888521882761,-0.5643958161299201,-0.04808698045692267,-0.04057252958987065,-0.1828103495733554,1.2576685934489402,1.3373603082851635,2.842730525736306,15991.756124415084,2.3827745437622063
0.006972199284337996,0.004715111478117234,-0.5643958161299201,-0.04808698045692267,-0.04057252958987065,-0.1828103495733554,1.1776685934489404,1.2873603082851637,2.782730525736306,15534.756124415084,2.3863651275634794
0.01697219928433799,0.004715111478117234,-0.5543958161299202,-0.03808698045692266,-0.04057252958987065,-0.1828103495733554,1.1376685934489403,1.2273603082851636,2.732730525736306,15207.756124415084,2.390843105316158
0.01697219928433799,0.01471511147811723,-0.5443958161299202,-0.028086980456922678,-0.02057252958987066,-0.1828103495733554,1.1076685934489403,1.1873603082851636,2.672730525736306,14914.756124415084,2.390843105316158
0.026972199284338,0.01471511147811723,-0.5343958161299202,-0.028086980456922678,-0.02057252958987066,-0.16281034957335538,1.0476685934489403,1.1173603082851638,2.592730525736306,14619.756124415084,2.394842815399169
0.026972199284338,0.024715111478117238,-0.5243958161299201,-0.03808698045692266,-0.03057252958987064,-0.16281034957335538,0.9976685934489402,1.0773603082851637,2.532730525736306,14466.756124415084,2.398474407196044
0.04697219928433799,0.04471511147811723,-0.5243958161299201,-0.028086980456922678,-0.02057252958987066,-0.14281034957335542,0.9376685934489404,1.0173603082851637,2.462730525736306,14049.756124415084,2.4034945487976067
0.06697219928433801,0.05471511147811724,-0.5143958161299201,-0.01808698045692267,-0.02057252958987066,-0.14281034957335542,0.8676685934489403,0.9473603082851637,2.382730525736306,13574.756124415084,2.4034945487976067
0.07697219928433799,0.06471511147811725,-0.4943958161299201,-0.01808698045692267,-0.02057252958987066,-0.1228103495733554,0.8076685934489403,0.8973603082851637,2.292730525736306,13201.756124415084,2.4076108455657987
0.086972199284338,0.07471511147811723,-0.4843958161299201,-0.01808698045692267,-0.01057252958987065,-0.1328103495733554,0.7776685934489402,0.8573603082851636,2.272730525736306,13002.756124415084,2.4114949226379387
0.086972199284338,0.08471511147811724,-0.47439581612992016,-0.00808698045692266,-0.0005725295898706406,-0.15281034957335538,0.7376685934489402,0.7973603082851636,2.192730525736306,13191.756124415084,2.4154948711395257
0.096972199284338,0.10471511147811723,-0.47439581612992016,0.0019130195430773211,0.00942747041012934,-0.15281034957335538,0.6776685934489404,0.7473603082851635,2.112730525736306,12976.756124415084,2.4188236713409417
0.10697219928433799,0.10471511147811723,-0.45439581612992014,-0.00808698045692266,-0.0005725295898706406,-0.1128103495733554,0.6476685934489403,0.6873603082851637,2.002730525736306,12741.756124415084,2.4194952964782708
0.116972199284338,0.12471511147811724,-0.4343958161299201,0.0019130195430773211,0.00942747041012934,-0.1128103495733554,0.5776685934489403,0.6273603082851636,1.9427305257363061,12628.756124415084,2.423881244659423
0.136972199284338,0.14471511147811722,-0.41439581612992016,0.01191301954307733,0.00942747041012934,-0.1128103495733554,0.5376685934489402,0.5873603082851636,1.842730525736306,12559.756124415084,2.427294206619262
0.146972199284338,0.14471511147811722,-0.41439581612992016,0.01191301954307733,0.00942747041012934,-0.10281034957335539,0.4876685934489402,0.5673603082851636,1.7727305257363062,12394.756124415084,2.4315981388092034
0.156972199284338,0.15471511147811723,-0.39439581612992014,0.02191301954307734,0.01942747041012935,-0.08281034957335542,0.4576685934489402,0.5173603082851636,1.652730525736306,12363.756124415084,2.4315981388092034
0.146972199284338,0.14471511147811722,-0.38439581612992013,0.04191301954307736,0.03942747041012937,-0.03281034957335538,0.38766859344894034,0.4573603082851637,1.582730525736306,12176.756124415084,2.4357416152954094
0.146972199284338,0.15471511147811723,-0.38439581612992013,0.04191301954307736,0.05942747041012933,-0.04281034957335539,0.3676685934489403,0.4373603082851637,1.532730525736306,12183.756124415084,2.4397439479827874
0.17697219928433802,0.17471511147811725,-0.38439581612992013,0.04191301954307736,0.049427470410129376,-0.0628103495733554,0.3176685934489403,0.3473603082851636,1.4627305257363061,11946.756124415084,2.4442319393157987
0.17697219928433802,0.1847151114781172,-0.40439581612992015,0.03191301954307735,0.049427470410129376,-0.03281034957335538,0.29766859344894026,0.3373603082851636,1.402730525736306,11957.756124415084,2.445201349258422
0.18697219928433798,0.1847151114781172,-0.39439581612992014,0.05191301954307731,0.05942747041012933,-0.04281034957335539,0.30766859344894026,0.3473603082851636,1.342730525736306,11658.756124415084,2.4484302520751946
0.19697219928433798,0.1947151114781172,-0.3743958161299201,0.06191301954307732,0.05942747041012933,-0.022810349573355426,0.26766859344894023,0.3073603082851636,1.302730525736306,11183.756124415084,2.452478599548339
0.18697219928433798,0.1947151114781172,-0.3643958161299201,0.06191301954307732,0.06942747041012934,-0.022810349573355426,0.24766859344894032,0.2873603082851637,1.2227305257363061,11172.756124415084,2.4566864490509026
0.19697219928433798,0.20471511147811722,-0.39439581612992014,0.05191301954307731,0.05942747041012933,0.01718965042664461,0.2276685934489403,0.26736030828516366,1.132730525736306,11263.756124415084,2.4574567794799798
0.19697219928433798,0.1947151114781172,-0.3643958161299201,0.05191301954307731,0.05942747041012933,-0.022810349573355426,0.16766859344894025,0.1973603082851636,1.122730525736306,11366.756124415084,2.4605738639831536
0.19697219928433798,0.20471511147811722,-0.34439581612992015,0.06191301954307732,0.06942747041012934,-0.03281034957335538,0.13766859344894034,0.1873603082851636,1.0227305257363062,11137.756124415084,2.464906167984008
0.24697219928433797,0.16471511147811724,-0.34439581612992015,0.10191301954307735,0.01942747041012935,-0.03281034957335538,0.13766859344894034,0.10736030828516363,1.0127305257363062,11462.756124415084,2.467918109893798
0.256972199284338,0.20471511147811722,-0.34439581612992015,0.10191301954307735,0.049427470410129376,-0.0028103495733554085,0.08766859344894029,0.08736030828516361,0.9727305257363061,11025.756124415084,2.469675731658935
0.226972199284338,0.21471511147811723,-0.33439581612992014,0.08191301954307734,0.06942747041012934,0.0071896504266446,0.0976685934489403,0.09736030828516362,0.8927305257363061,10786.756124415084,2.4726571559906
0.226972199284338,0.1947151114781172,-0.32439581612992013,0.08191301954307734,0.06942747041012934,0.03718965042664463,0.06766859344894027,0.08736030828516361,0.852730525736306,10609.756124415084,2.476939630508422
0.23697219928433802,0.15471511147811723,-0.29439581612992016,0.13191301954307733,0.03942747041012937,0.01718965042664461,0.11766859344894032,0.03736030828516368,0.802730525736306,10272.756124415084,2.4809853553772
0.256972199284338,0.16471511147811724,-0.29439581612992016,0.13191301954307733,0.049427470410129376,0.057189650426644645,0.08766859344894029,0.01736030828516366,0.6927305257363061,10469.756124415084,2.4840704917907708
0.24697219928433797,0.16471511147811724,-0.3143958161299201,0.13191301954307733,0.03942747041012937,0.027189650426644618,0.08766859344894029,0.02736030828516367,0.7127305257363061,10850.756124415084,2.4851336002349846
0.256972199284338,0.16471511147811724,-0.3143958161299201,0.15191301954307734,0.05942747041012933,0.057189650426644645,0.07766859344894028,0.01736030828516366,0.6327305257363061,10921.756124415084,2.4900319099426262
0.266972199284338,0.1947151114781172,-0.3043958161299201,0.14191301954307733,0.05942747041012933,0.057189650426644645,0.057668593448940264,-0.012639691714836365,0.5827305257363061,11016.756124415084,2.493436288833614
0.256972199284338,0.20471511147811722,-0.33439581612992014,0.14191301954307733,0.05942747041012933,0.057189650426644645,0.037668593448940246,-0.012639691714836365,0.592730525736306,10943.756124415084,2.4968091964721673
0.266972199284338,0.22471511147811724,-0.29439581612992016,0.13191301954307733,0.07942747041012935,0.047189650426644636,-0.002331406551059678,-0.012639691714836365,0.602730525736306,10576.756124415084,2.4968091964721673
0.276972199284338,0.23471511147811724,-0.3143958161299201,0.16191301954307735,0.049427470410129376,0.03718965042664463,0.027668593448940237,-0.012639691714836365,0.5827305257363061,10615.756124415084,2.501875114440921
0.31697219928433795,0.21471511147811723,-0.3143958161299201,0.15191301954307734,0.09942747041012936,0.07718965042664455,0.01766859344894023,-0.022639691714836374,0.49273052573630605,10624.756124415084,2.505846691131591
0.28697219928433804,0.2747151114781172,-0.3043958161299201,0.16191301954307735,0.07942747041012935,0.057189650426644645,0.007668593448940331,-0.09263969171483633,0.4527305257363061,10283.756124415084,2.5095095157623284
0.28697219928433804,0.2747151114781172,-0.29439581612992016,0.14191301954307733,0.12942747041012934,0.06718965042664465,-0.042331406551059714,-0.012639691714836365,0.4427305257363061,10282.756124415084,2.510417890548702
0.32697219928433796,0.2447151114781172,-0.27439581612992014,0.18191301954307731,0.08942747041012936,0.09718965042664457,0.01766859344894023,-0.08263969171483632,0.46273052573630613,10687.756124415084,2.513610553741451
0.29697219928433805,0.2647151114781172,-0.2543958161299201,0.18191301954307731,0.13942747041012934,0.09718965042664457,-0.032331406551059705,-0.0526396917148364,0.4227305257363061,10554.756124415084,2.518647384643554
0.30697219928433794,0.2647151114781172,-0.2543958161299201,0.18191301954307731,0.10942747041012937,0.09718965042664457,-0.032331406551059705,-0.06263969171483641,0.36273052573630604,10379.756124415084,2.5212640285491936
0.31697219928433795,0.2447151114781172,-0.2343958161299201,0.18191301954307731,0.11942747041012933,0.11718965042664459,-0.05233140655105972,-0.06263969171483641,0.3227305257363061,10608.756124415084,2.5223299980163603
0.28697219928433804,0.2747151114781172,-0.24439581612992012,0.15191301954307734,0.13942747041012934,0.10718965042664458,-0.06233140655105973,-0.04263969171483639,0.3027305257363061,10523.756124415084,2.525603008270263
0.28697219928433804,0.28471511147811723,-0.2343958161299201,0.14191301954307733,0.11942747041012933,0.07718965042664455,-0.07233140655105974,-0.06263969171483641,0.23273052573630604,10300.756124415084,2.5295927047729485
0.29697219928433805,0.2447151114781172,-0.2343958161299201,0.14191301954307733,0.12942747041012934,0.10718965042664458,-0.032331406551059705,-0.11263969171483634,0.23273052573630604,10141.756124415084,2.534105730056762
0.30697219928433794,0.2747151114781172,-0.24439581612992012,0.16191301954307735,0.12942747041012934,0.10718965042664458,-0.07233140655105974,-0.08263969171483632,0.24273052573630605,10346.756124415084,2.5351607322692864
0.31697219928433795,0.2747151114781172,-0.2343958161299201,0.14191301954307733,0.13942747041012934,0.10718965042664458,-0.09233140655105976,-0.06263969171483641,0.20273052573630612,10293.756124415084,2.5381366729736357
0.32697219928433796,0.2547151114781172,-0.24439581612992012,0.15191301954307734,0.12942747041012934,0.09718965042664457,-0.08233140655105975,-0.07263969171483642,0.1727305257363061,9900.756124415084,2.5431420326232903
0.30697219928433794,0.29471511147811724,-0.2543958161299201,0.15191301954307734,0.13942747041012934,0.10718965042664458,-0.08233140655105975,-0.07263969171483642,0.1627305257363061,10035.756124415084,2.546651077270507
0.32697219928433796,0.2447151114781172,-0.2343958161299201,0.20191301954307733,0.06942747041012934,0.09718965042664457,-0.002331406551059678,-0.21263969171483638,0.08273052573630607,10192.756124415084,2.546651077270507
0.33697219928433797,0.2447151114781172,-0.2343958161299201,0.19191301954307732,0.08942747041012936,0.07718965042664455,-0.05233140655105972,-0.09263969171483633,0.1127305257363061,9965.756124415084,2.5509378433227567
0.30697219928433794,0.3047151114781172,-0.2243958161299201,0.16191301954307735,0.14942747041012935,0.07718965042664455,-0.12233140655105967,-0.12263969171483635,0.09273052573630608,9648.756124415084,2.5552696704864495
0.31697219928433795,0.3147151114781172,-0.2143958161299201,0.16191301954307735,0.13942747041012934,0.09718965042664457,-0.07233140655105974,-0.11263969171483634,0.08273052573630607,9909.756124415084,2.558603954315185
0.33697219928433797,0.3147151114781172,-0.2243958161299201,0.18191301954307731,0.12942747041012934,0.11718965042664459,-0.10233140655105977,-0.13263969171483636,0.06273052573630605,9778.756124415084,2.56244344711304
0.33697219928433797,0.3247151114781172,-0.2143958161299201,0.16191301954307735,0.15942747041012936,0.11718965042664459,-0.1423314065510597,-0.10263969171483633,0.06273052573630605,9693.756124415084,2.56244344711304
0.33697219928433797,0.3347151114781172,-0.2343958161299201,0.1719130195430773,0.14942747041012935,0.09718965042664457,-0.13233140655105968,-0.15263969171483638,0.04273052573630609,9722.756124415084,2.5669714927673297
0.386972199284338,0.2647151114781172,-0.20439581612992008,0.22191301954307735,0.10942747041012937,0.11718965042664459,-0.13233140655105968,-0.13263969171483636,0.022730525736306073,9667.756124415084,2.571860980987548
0.32697219928433796,0.3347151114781172,-0.2143958161299201,0.18191301954307731,0.17942747041012932,0.09718965042664457,-0.1523314065510597,-0.12263969171483635,0.0027305257363060553,9648.756124415084,2.575128507614135
0.33697219928433797,0.3347151114781172,-0.20439581612992008,0.18191301954307731,0.17942747041012932,0.07718965042664455,-0.1623314065510597,-0.1626396917148364,0.0027305257363060553,9573.756124415084,2.575128507614135
0.33697219928433797,0.34471511147811723,-0.19439581612992018,0.1719130195430773,0.17942747041012932,0.06718965042664465,-0.17233140655105972,-0.14263969171483637,0.0027305257363060553,9426.756124415084,2.579149675369262
0.346972199284338,0.34471511147811723,-0.17439581612992017,0.1719130195430773,0.15942747041012936,0.07718965042664455,-0.19233140655105974,-0.1726396917148364,-0.027269474263693916,9225.756124415084,2.584142875671386
0.346972199284338,0.35471511147811724,-0.19439581612992018,0.1719130195430773,0.15942747041012936,0.08718965042664456,-0.19233140655105974,-0.1726396917148364,-0.037269474263693925,9168.756124415084,2.58762617111206
0.356972199284338,0.35471511147811724,-0.19439581612992018,0.19191301954307732,0.10942747041012937,0.09718965042664457,-0.20233140655105974,-0.1726396917148364,-0.047269474263693934,9087.756124415084,2.58762617111206
0.366972199284338,0.3647151114781172,-0.17439581612992017,0.1719130195430773,0.15942747041012936,0.08718965042664456,-0.20233140655105974,-0.20263969171483637,-0.047269474263693934,8954.756124415084,2.5919935226440423
0.366972199284338,0.3747151114781172,-0.18439581612992018,0.1719130195430773,0.16942747041012937,0.07718965042664455,-0.2123314065510597,-0.20263969171483637,-0.047269474263693934,8737.756124415084,2.5952848911285393
0.376972199284338,0.3747151114781172,-0.17439581612992017,0.18191301954307731,0.16942747041012937,0.06718965042664465,-0.2123314065510597,-0.20263969171483637,-0.037269474263693925,8954.756124415084,2.599593830108642
