-0.09552349546578731,-0.09588348447375655,-0.5959549326738114,0.056177521297059635,0.052129705963176676,0.005715856004396835,-0.49602088485847756,-0.46573784006595237,-0.2755757076119813,175717.8991481176,0.003528070449828391
-0.08552349546578732,-0.09588348447375655,-0.5959549326738114,0.07617752129705965,0.0721297059631767,-0.0042841439956031735,-0.4160208848584776,-0.4357378400659524,-0.2655757076119813,175086.8991481176,0.0070852756500237035
-0.09552349546578731,-0.09588348447375655,-0.6059549326738114,0.06617752129705964,0.0721297059631767,-0.014284143995603182,-0.49602088485847756,-0.4757378400659524,-0.25557570761198134,174555.8991481176,0.011101675033568625
-0.09552349546578731,-0.09588348447375655,-0.6259549326738114,0.07617752129705965,0.0821297059631767,0.015715856004396844,-0.5160208848584775,-0.4857378400659524,-0.2755757076119813,174240.8991481176,0.012165260314940696
-0.09552349546578731,-0.09588348447375655,-0.6059549326738114,0.06617752129705964,0.0721297059631767,-0.014284143995603182,-0.4760208848584776,-0.4857378400659524,-0.2855757076119813,173675.8991481176,0.016488027572631125
-0.09552349546578731,-0.09588348447375655,-0.6159549326738114,0.0861775212970596,0.0821297059631767,-0.04428414399560321,-0.4460208848584776,-0.4357378400659524,-0.2755757076119813,172658.8991481176,0.019456100463866477
-0.09552349546578731,-0.09588348447375655,-0.6159549326738114,0.07617752129705965,0.062129705963176685,-0.02428414399560319,-0.4260208848584776,-0.40573784006595237,-0.2855757076119813,171501.8991481176,0.02361912727355886
-0.09552349546578731,-0.09588348447375655,-0.6259549326738114,0.056177521297059635,0.0721297059631767,-0.014284143995603182,-0.4660208848584776,-0.4557378400659524,-0.2755757076119813,170364.8991481176,0.02448601722717214
-0.08552349546578732,-0.08588348447375656,-0.5959549326738114,0.056177521297059635,0.0721297059631767,-0.0042841439956031735,-0.4560208848584776,-0.4357378400659524,-0.2655757076119813,168789.8991481176,0.028459739685057883
-0.09552349546578731,-0.09588348447375655,-0.6359549326738114,0.07617752129705965,0.0721297059631767,-0.04428414399560321,-0.4460208848584776,-0.4357378400659524,-0.2855757076119813,168066.8991481176,0.03248615264892862
-0.08552349546578732,-0.08588348447375656,-0.6059549326738114,0.0861775212970596,0.0821297059631767,-0.02428414399560319,-0.4460208848584776,-0.4457378400659524,-0.29557570761198126,167573.8991481176,0.035964441299437766
-0.08552349546578732,-0.08588348447375656,-0.5959549326738114,0.07617752129705965,0.0821297059631767,-0.05428414399560322,-0.4560208848584776,-0.4157378400659524,-0.2755757076119813,166586.8991481176,0.03704280853271413
-0.07552349546578731,-0.07588348447375655,-0.5959549326738114,0.09617752129705961,0.09212970596317666,-0.04428414399560321,-0.43602088485847756,-0.40573784006595237,-0.2855757076119813,165405.8991481176,0.040825557708739524
-0.08552349546578732,-0.08588348447375656,-0.6159549326738114,0.07617752129705965,0.0821297059631767,-0.06428414399560317,-0.43602088485847756,-0.3857378400659524,-0.2655757076119813,164456.8991481176,0.045253944396971946
-0.09552349546578731,-0.08588348447375656,-0.6159549326738114,0.0861775212970596,0.09212970596317666,-0.06428414399560317,-0.4460208848584776,-0.4257378400659524,-0.2755757076119813,163199.8991481176,0.048326921463011985
-0.09552349546578731,-0.09588348447375655,-0.6159549326738114,0.07617752129705965,0.09212970596317666,-0.02428414399560319,-0.4460208848584776,-0.4257378400659524,-0.2755757076119813,161976.8991481176,0.04933757781982351
-0.09552349546578731,-0.08588348447375656,-0.6159549326738114,0.0861775212970596,0.09212970596317666,-0.0342841439956032,-0.4760208848584776,-0.4557378400659524,-0.2655757076119813,161147.8991481176,0.05242009162902761
-0.09552349546578731,-0.09588348447375655,-0.6159549326738114,0.09617752129705961,0.10212970596317666,-0.07428414399560318,-0.4460208848584776,-0.4257378400659524,-0.2755757076119813,160346.8991481176,0.05643529891968058
-0.08552349546578732,-0.08588348447375656,-0.6259549326738114,0.09617752129705961,0.09212970596317666,-0.04428414399560321,-0.4660208848584776,-0.4457378400659524,-0.2855757076119813,159819.8991481176,0.061602544784541635
-0.09552349546578731,-0.09588348447375655,-0.6259549326738114,0.09617752129705961,0.09212970596317666,-0.06428414399560317,-0.4560208848584776,-0.4557378400659524,-0.2855757076119813,159084.8991481176,0.06461734771728445
-0.08552349546578732,-0.08588348447375656,-0.6159549326738114,0.09617752129705961,0.10212970596317666,-0.04428414399560321,-0.4260208848584776,-0.40573784006595237,-0.25557570761198134,158817.8991481176,0.06560201644897035
-0.08552349546578732,-0.07588348447375655,-0.5859549326738115,0.0861775212970596,0.09212970596317666,-0.05428414399560322,-0.4560208848584776,-0.40573784006595237,-0.25557570761198134,158376.8991481176,0.06976909637451101
-0.07552349546578731,-0.07588348447375655,-0.5759549326738115,0.09617752129705961,0.10212970596317666,-0.12428414399560317,-0.4160208848584776,-0.3957378400659524,-0.2755757076119813,158117.8991481176,0.07322044372558167
-0.08552349546578732,-0.08588348447375656,-0.5859549326738115,0.10617752129705962,0.11212970596317667,-0.1042841439956032,-0.4160208848584776,-0.3857378400659524,-0.2655757076119813,157362.8991481176,0.07681674957275675
-0.09552349546578731,-0.08588348447375656,-0.5859549326738115,0.10617752129705962,0.11212970596317667,-0.08428414399560319,-0.43602088485847756,-0.4357378400659524,-0.25557570761198134,157065.8991481176,0.07681674957275675
-0.09552349546578731,-0.08588348447375656,-0.5859549326738115,0.12617752129705964,0.12212970596317668,-0.0342841439956032,-0.43602088485847756,-0.4157378400659524,-0.25557570761198134,157200.8991481176,0.08104748725891042
-0.09552349546578731,-0.09588348447375655,-0.6059549326738114,0.12617752129705964,0.1321297059631767,-0.07428414399560318,-0.4260208848584776,-0.4157378400659524,-0.2455757076119813,157539.8991481176,0.08514518737792898
-0.09552349546578731,-0.09588348447375655,-0.6059549326738114,0.10617752129705962,0.11212970596317667,-0.08428414399560319,-0.3860208848584776,-0.3757378400659524,-0.25557570761198134,157464.8991481176,0.08933777809142995
-0.09552349546578731,-0.09588348447375655,-0.5959549326738114,0.09617752129705961,0.10212970596317666,-0.0942841439956032,-0.4060208848584776,-0.3857378400659524,-0.2455757076119813,157097.8991481176,0.08933777809142995
-0.09552349546578731,-0.09588348447375655,-0.5859549326738115,0.10617752129705962,0.11212970596317667,-0.07428414399560318,-0.4260208848584776,-0.40573784006595237,-0.25557570761198134,157442.8991481176,0.09343690872192312
-0.07552349546578731,-0.07588348447375655,-0.5759549326738115,0.09617752129705961,0.11212970596317667,-0.07428414399560318,-0.4460208848584776,-0.4157378400659524,-0.2455757076119813,157407.8991481176,0.09747524261474183
-0.07552349546578731,-0.07588348447375655,-0.5759549326738115,0.10617752129705962,0.11212970596317667,-0.06428414399560317,-0.4460208848584776,-0.4257378400659524,-0.25557570761198134,156660.8991481176,0.10153384208679128
-0.07552349546578731,-0.07588348447375655,-0.5959549326738114,0.10617752129705962,0.10212970596317666,-0.07428414399560318,-0.43602088485847756,-0.40573784006595237,-0.2755757076119813,156701.8991481176,0.10253567695617605
-0.07552349546578731,-0.07588348447375655,-0.6059549326738114,0.10617752129705962,0.11212970596317667,-0.06428414399560317,-0.4160208848584776,-0.3957378400659524,-0.2755757076119813,156698.8991481176,0.10604901313781667
-0.08552349546578732,-0.08588348447375656,-0.6059549326738114,0.10617752129705962,0.10212970596317666,-0.08428414399560319,-0.3960208848584776,-0.3757378400659524,-0.2655757076119813,156389.8991481176,0.10963244438171671
-0.07552349546578731,-0.07588348447375655,-0.6159549326738114,0.11617752129705963,0.11212970596317667,-0.1042841439956032,-0.4460208848584776,-0.40573784006595237,-0.2755757076119813,155752.8991481176,0.11372609138488698
-0.05552349546578731,-0.05588348447375655,-0.6059549326738114,0.10617752129705962,0.10212970596317666,-0.1042841439956032,-0.4060208848584776,-0.3757378400659524,-0.2755757076119813,154913.8991481176,0.11478848457336355
-0.06552349546578731,-0.05588348447375655,-0.5959549326738114,0.10617752129705962,0.10212970596317666,-0.11428414399560322,-0.3960208848584776,-0.3657378400659524,-0.25557570761198134,154232.8991481176,0.11743469238280824
-0.04552349546578731,-0.04588348447375655,-0.5959549326738114,0.10617752129705962,0.11212970596317667,-0.11428414399560322,-0.4260208848584776,-0.3957378400659524,-0.2755757076119813,153669.8991481176,0.12274069786072062
-0.04552349546578731,-0.04588348447375655,-0.5859549326738115,0.11617752129705963,0.11212970596317667,-0.11428414399560322,-0.4260208848584776,-0.3957378400659524,-0.2655757076119813,152720.8991481176,0.12675566673278738
-0.025523495465787305,-0.025883484473756546,-0.5759549326738115,0.11617752129705963,0.12212970596317668,-0.11428414399560322,-0.4160208848584776,-0.3857378400659524,-0.2755757076119813,151707.8991481176,0.12675566673278738
-0.01552349546578731,-0.01588348447375655,-0.5859549326738115,0.11617752129705963,0.11212970596317667,-0.12428414399560317,-0.3860208848584776,-0.3557378400659524,-0.25557570761198134,150998.8991481176,0.12973947525024343
-0.025523495465787305,-0.01588348447375655,-0.5859549326738115,0.10617752129705962,0.11212970596317667,-0.11428414399560322,-0.3660208848584776,-0.3457378400659524,-0.25557570761198134,150087.8991481176,0.1338331222534137
-0.025523495465787305,-0.025883484473756546,-0.6059549326738114,0.10617752129705962,0.11212970596317667,-0.11428414399560322,-0.3460208848584776,-0.3357378400659524,-0.25557570761198134,149320.8991481176,0.13881082534789968
-0.005523495465787315,-0.005883484473756556,-0.5859549326738115,0.10617752129705962,0.11212970596317667,-0.1042841439956032,-0.3360208848584776,-0.3257378400659524,-0.2455757076119813,148653.8991481176,0.14210076332092214
-0.005523495465787315,-0.005883484473756556,-0.6059549326738114,0.09617752129705961,0.11212970596317667,-0.1042841439956032,-0.3360208848584776,-0.3257378400659524,-0.2455757076119813,147646.8991481176,0.14210076332092214
-0.005523495465787315,-0.005883484473756556,-0.5759549326738115,0.11617752129705963,0.11212970596317667,-0.11428414399560322,-0.3360208848584776,-0.3157378400659524,-0.25557570761198134,146711.8991481176,0.14616484642028738
-0.01552349546578731,-0.005883484473756556,-0.5859549326738115,0.10617752129705962,0.11212970596317667,-0.11428414399560322,-0.3260208848584776,-0.3157378400659524,-0.25557570761198134,145886.8991481176,0.15016384124755788
-0.005523495465787315,-0.005883484473756556,-0.6159549326738114,0.10617752129705962,0.12212970596317668,-0.1042841439956032,-0.3360208848584776,-0.3157378400659524,-0.2655757076119813,144845.8991481176,0.15451116561889577
0.03447650453421269,0.024116515526243443,-0.5959549326738114,0.10617752129705962,0.11212970596317667,-0.0942841439956032,-0.3260208848584776,-0.3157378400659524,-0.25557570761198134,143700.8991481176,0.1551389217376702
0.03447650453421269,0.05411651552624344,-0.5859549326738115,0.10617752129705962,0.11212970596317667,-0.0942841439956032,-0.3360208848584776,-0.3157378400659524,-0.25557570761198134,142851.8991481176,0.15812773704528738
0.0744765045342127,0.07411651552624346,-0.5959549326738114,0.11617752129705963,0.12212970596317668,-0.0942841439956032,-0.3360208848584776,-0.3157378400659524,-0.25557570761198134,142148.8991481176,0.16273446083068777
0.09447650453421269,0.08411651552624344,-0.6159549326738114,0.11617752129705963,0.12212970596317668,-0.07428414399560318,-0.3260208848584776,-0.3057378400659524,-0.25557570761198134,140837.8991481176,0.16631932258605886
0.09447650453421269,0.08411651552624344,-0.6059549326738114,0.10617752129705962,0.12212970596317668,-0.04428414399560321,-0.31602088485847757,-0.3057378400659524,-0.25557570761198134,139888.8991481176,0.1673156738281243
0.09447650453421269,0.08411651552624344,-0.6259549326738114,0.10617752129705962,0.12212970596317668,-0.0342841439956032,-0.29602088485847755,-0.2857378400659524,-0.25557570761198134,138889.8991481176,0.1714295864105182
0.12447650453421269,0.12411651552624345,-0.6059549326738114,0.10617752129705962,0.11212970596317667,-0.06428414399560317,-0.3260208848584776,-0.3157378400659524,-0.25557570761198134,137930.8991481176,0.17540855407714773
0.12447650453421269,0.11411651552624344,-0.6159549326738114,0.10617752129705962,0.12212970596317668,-0.0342841439956032,-0.3360208848584776,-0.3157378400659524,-0.25557570761198134,137191.8991481176,0.17941946983336976
0.1344765045342127,0.11411651552624344,-0.6159549326738114,0.12617752129705964,0.1321297059631767,-0.08428414399560319,-0.3260208848584776,-0.3257378400659524,-0.2755757076119813,136216.8991481176,0.17941946983336976
0.14447650453421268,0.13411651552624346,-0.6359549326738114,0.11617752129705963,0.1321297059631767,-0.05428414399560322,-0.3660208848584776,-0.3457378400659524,-0.2755757076119813,135425.8991481176,0.18344302177428773
0.18447650453421272,0.17411651552624346,-0.6259549326738114,0.12617752129705964,0.1321297059631767,-0.06428414399560317,-0.3960208848584776,-0.3657378400659524,-0.2655757076119813,134798.8991481176,0.18723363876342702
0.2144765045342127,0.20411651552624344,-0.6059549326738114,0.11617752129705963,0.12212970596317668,-0.08428414399560319,-0.37602088485847757,-0.3557378400659524,-0.2655757076119813,133495.8991481176,0.1910314083099358
0.2244765045342127,0.22411651552624345,-0.6259549326738114,0.11617752129705963,0.12212970596317668,-0.07428414399560318,-0.37602088485847757,-0.3657378400659524,-0.2755757076119813,132804.8991481176,0.19210071563720632
0.3344765045342127,0.3141165155262434,-0.5859549326738115,0.11617752129705963,0.12212970596317668,-0.08428414399560319,-0.3660208848584776,-0.3457378400659524,-0.2655757076119813,132119.8991481176,0.19661874771118093
0.4044765045342127,0.38411651552624343,-0.5859549326738115,0.10617752129705962,0.12212970596317668,-0.08428414399560319,-0.3860208848584776,-0.3657378400659524,-0.2855757076119813,131304.8991481176,0.20049400329589773
0.48447650453421265,0.4641165155262435,-0.6059549326738114,0.09617752129705961,0.10212970596317666,-0.07428414399560318,-0.3860208848584776,-0.3657378400659524,-0.2855757076119813,130471.89914811762,0.20449442863464284
0.6044765045342126,0.5941165155262433,-0.47595493267381145,0.0861775212970596,0.09212970596317666,-0.11428414399560322,-0.3960208848584776,-0.3757378400659524,-0.3055757076119813,129756.89914811762,0.2078287124633782
0.6644765045342127,0.6441165155262434,-0.4959549326738114,0.07617752129705965,0.0821297059631767,-0.1042841439956032,-0.4060208848584776,-0.3957378400659524,-0.3155757076119813,128859.89914811762,0.20849413871765066
0.8044765045342127,0.7941165155262435,-0.42595493267381146,0.06617752129705964,0.0721297059631767,-0.1042841439956032,-0.4160208848584776,-0.3857378400659524,-0.3155757076119813,128236.89914811762,0.21249480247497488
0.9044765045342127,0.8741165155262434,-0.39595493267381143,0.046177521297059626,0.062129705963176685,-0.13428414399560318,-0.4160208848584776,-0.3957378400659524,-0.3455757076119813,127713.89914811762,0.2162198543548577
1.0144765045342128,0.9941165155262435,-0.34595493267381144,0.03617752129705962,0.04212970596317667,-0.13428414399560318,-0.4260208848584776,-0.3957378400659524,-0.3555757076119813,126990.89914811762,0.22029299736022878
1.1644765045342127,1.1341165155262434,-0.28595493267381145,0.026177521297059636,0.032129705963176686,-0.1542841439956032,-0.4160208848584776,-0.40573784006595237,-0.3555757076119813,126463.89914811762,0.22029299736022878
1.2344765045342128,1.2041165155262434,-0.21595493267381144,0.016177521297059627,0.022129705963176677,-0.1642841439956032,-0.43602088485847756,-0.4157378400659524,-0.3655757076119813,126244.89914811762,0.22471566200256277
1.3844765045342127,1.3441165155262433,-0.1159549326738114,0.006177521297059618,0.012129705963176668,-0.19428414399560318,-0.4460208848584776,-0.4257378400659524,-0.3655757076119813,125573.89914811762,0.22894020080566335
1.5244765045342128,1.4841165155262435,-0.0959549326738115,-0.013822478702940372,0.002129705963176687,-0.2142841439956032,-0.4460208848584776,-0.4357378400659524,-0.3955757076119813,124750.89914811762,0.2330157279968219
1.6344765045342127,1.5841165155262433,-0.0959549326738115,-0.013822478702940372,-0.007870294036823322,-0.18428414399560317,-0.4560208848584776,-0.4557378400659524,-0.3855757076119813,124041.89914811762,0.2330157279968219
1.7544765045342128,1.7141165155262434,-0.035954932673811446,-0.03382247870294036,-0.01787029403682333,-0.20428414399560318,-0.4660208848584776,-0.4557378400659524,-0.3955757076119813,123448.89914811762,0.23698086738586355
1.8344765045342126,1.7841165155262433,0.044045067326188514,-0.03382247870294036,-0.027870294036823312,-0.2242841439956032,-0.4660208848584776,-0.4557378400659524,-0.4155757076119813,123115.89914811762,0.24098343849182058
1.8844765045342127,1.8441165155262433,0.10404506732618857,-0.04382247870294037,-0.027870294036823312,-0.2142841439956032,-0.4760208848584776,-0.46573784006595237,-0.4155757076119813,123432.89914811762,0.2449829101562493
1.9344765045342125,1.8941165155262434,0.09404506732618856,-0.04382247870294037,-0.03787029403682332,-0.2142841439956032,-0.4760208848584776,-0.4757378400659524,-0.4155757076119813,123783.89914811762,0.2449829101562493
1.9844765045342128,1.9341165155262432,0.10404506732618857,-0.04382247870294037,-0.03787029403682332,-0.2142841439956032,-0.4860208848584776,-0.4757378400659524,-0.4055757076119813,124374.89914811762,0.24853129386901784
2.004476504534213,1.9641165155262434,0.12404506732618858,-0.04382247870294037,-0.03787029403682332,-0.20428414399560318,-0.4860208848584776,-0.4757378400659524,-0.4055757076119813,125607.89914811762,0.25307030677795694
2.054476504534213,2.0041165155262437,0.10404506732618857,-0.04382247870294037,-0.03787029403682332,-0.20428414399560318,-0.5060208848584775,-0.4857378400659524,-0.3955757076119813,126320.89914811762,0.25711460113524964
2.1044765045342126,2.0641165155262438,0.12404506732618858,-0.04382247870294037,-0.03787029403682332,-0.2342841439956032,-0.5160208848584775,-0.4957378400659524,-0.4255757076119813,127013.89914811762,0.258176279067996
2.124476504534213,2.0741165155262435,0.1340450673261886,-0.04382247870294037,-0.03787029403682332,-0.24428414399560316,-0.5260208848584775,-0.5057378400659525,-0.4155757076119813,127990.89914811762,0.2617072582244866
2.174476504534213,2.1341165155262436,0.1340450673261886,-0.03382247870294036,-0.027870294036823312,-0.2342841439956032,-0.5560208848584776,-0.5357378400659524,-0.4155757076119813,129225.89914811762,0.26570696830749085
2.1944765045342125,2.1641165155262434,0.1640450673261885,-0.03382247870294036,-0.01787029403682333,-0.2342841439956032,-0.5760208848584776,-0.5557378400659524,-0.4255757076119813,130258.89914811762,0.2693547725677483
2.2344765045342125,2.1941165155262436,0.1540450673261885,-0.04382247870294037,-0.027870294036823312,-0.2242841439956032,-0.5960208848584776,-0.5757378400659524,-0.4155757076119813,131495.8991481176,0.27337403297424245
2.254476504534213,2.2241165155262435,0.21404506732618855,-0.03382247870294036,-0.027870294036823312,-0.2342841439956032,-0.5860208848584776,-0.5757378400659524,-0.4355757076119813,133216.8991481176,0.27337403297424245
2.294476504534213,2.2541165155262437,0.21404506732618855,-0.03382247870294036,-0.01787029403682333,-0.2342841439956032,-0.6060208848584776,-0.5857378400659524,-0.4355757076119813,134369.8991481176,0.2775594711303704
2.344476504534213,2.2941165155262437,0.23404506732618857,-0.03382247870294036,-0.01787029403682333,-0.24428414399560316,-0.6260208848584776,-0.6057378400659523,-0.4355757076119813,135958.8991481176,0.2815596580505364
2.344476504534213,2.3041165155262435,0.2640450673261886,-0.02382247870294038,-0.01787029403682333,-0.2242841439956032,-0.6160208848584776,-0.5957378400659524,-0.4355757076119813,137591.8991481176,0.28571887016296316
2.3644765045342124,2.3341165155262438,0.2840450673261885,-0.013822478702940372,-0.007870294036823322,-0.2242841439956032,-0.6060208848584776,-0.5957378400659524,-0.4355757076119813,139284.8991481176,0.28660030364990163
2.3944765045342127,2.354116515526244,0.3040450673261885,-0.013822478702940372,-0.007870294036823322,-0.2342841439956032,-0.6260208848584776,-0.6157378400659523,-0.4355757076119813,141071.8991481176,0.29060001373290945
2.4144765045342123,2.394116515526244,0.3640450673261886,-0.013822478702940372,-0.007870294036823322,-0.2342841439956032,-0.6460208848584776,-0.6257378400659523,-0.4355757076119813,143252.8991481176,0.2948224067687981
2.4144765045342123,2.394116515526244,0.3940450673261886,0.006177521297059618,0.012129705963176668,-0.2242841439956032,-0.6360208848584776,-0.6157378400659523,-0.4255757076119813,145479.8991481176,0.29801626205444265
2.4444765045342125,2.4241165155262436,0.3640450673261886,0.006177521297059618,0.012129705963176668,-0.2342841439956032,-0.6460208848584776,-0.6257378400659523,-0.4355757076119813,147796.8991481176,0.29801626205444265
2.4444765045342125,2.4141165155262434,0.43404506732618864,0.006177521297059618,0.012129705963176668,-0.2342841439956032,-0.6260208848584776,-0.6057378400659523,-0.4455757076119813,149999.8991481176,0.30262370109558034
2.4544765045342123,2.4241165155262436,0.3940450673261886,0.006177521297059618,0.012129705963176668,-0.2242841439956032,-0.6360208848584776,-0.6157378400659523,-0.4255757076119813,152210.8991481176,0.30617518424988077
2.464476504534213,2.4341165155262434,0.4140450673261886,0.006177521297059618,0.012129705963176668,-0.2342841439956032,-0.6560208848584776,-0.6357378400659524,-0.4255757076119813,154325.8991481176,0.31069512367248464
2.4844765045342125,2.4641165155262437,0.45404506732618866,0.006177521297059618,0.012129705963176668,-0.2242841439956032,-0.6560208848584776,-0.6357378400659524,-0.4355757076119813,156300.8991481176,0.31174058914184855
2.4844765045342125,2.4641165155262437,0.43404506732618864,0.006177521297059618,0.012129705963176668,-0.19428414399560318,-0.6560208848584776,-0.6357378400659524,-0.4055757076119813,157949.8991481176,0.31399078369140554
2.4844765045342125,2.4641165155262437,0.42404506732618863,0.006177521297059618,0.012129705963176668,-0.20428414399560318,-0.6560208848584776,-0.6457378400659524,-0.4055757076119813,159350.8991481176,0.31853075027465394
2.4844765045342125,2.4641165155262437,0.42404506732618863,0.006177521297059618,0.012129705963176668,-0.20428414399560318,-0.6560208848584776,-0.6457378400659524,-0.4155757076119813,160921.8991481176,0.32273359298705984
2.4844765045342125,2.4641165155262437,0.4040450673261886,0.006177521297059618,0.012129705963176668,-0.2142841439956032,-0.6660208848584775,-0.6457378400659524,-0.4355757076119813,162848.8991481176,0.3237585544586139
2.4744765045342128,2.4541165155262434,0.42404506732618863,0.016177521297059627,0.022129705963176677,-0.20428414399560318,-0.6560208848584776,-0.6357378400659524,-0.4155757076119813,164551.8991481176,0.3260693073272698
2.4444765045342125,2.4241165155262436,0.3740450673261886,0.026177521297059636,0.032129705963176686,-0.20428414399560318,-0.6660208848584775,-0.6457378400659524,-0.4155757076119813,166548.8991481176,0.33157773017883585
2.4344765045342127,2.4041165155262436,0.3840450673261886,0.026177521297059636,0.032129705963176686,-0.20428414399560318,-0.6660208848584775,-0.6457378400659524,-0.4255757076119813,168951.8991481176,0.33457751274108816
2.4144765045342123,2.4041165155262436,0.3840450673261886,0.046177521297059626,0.062129705963176685,-0.19428414399560318,-0.6860208848584776,-0.6657378400659524,-0.4155757076119813,170974.8991481176,0.3355621814727776
2.3644765045342124,2.3441165155262436,0.31404506732618853,0.056177521297059635,0.0721297059631767,-0.18428414399560317,-0.6860208848584776,-0.6657378400659524,-0.4155757076119813,173529.8991481176,0.3395776271820061
2.3644765045342124,2.3441165155262436,0.31404506732618853,0.03617752129705962,0.052129705963176676,-0.18428414399560317,-0.6960208848584776,-0.6757378400659524,-0.4155757076119813,176662.8991481176,0.34357781410217214
2.3644765045342124,2.3441165155262436,0.2940450673261885,0.046177521297059626,0.062129705963176685,-0.1742841439956032,-0.6860208848584776,-0.6657378400659524,-0.3955757076119813,179075.8991481176,0.3471426486968987
2.294476504534213,2.2741165155262437,0.2640450673261886,0.056177521297059635,0.0721297059631767,-0.1542841439956032,-0.6660208848584775,-0.6557378400659524,-0.3855757076119813,181506.8991481176,0.351110649108886
2.294476504534213,2.2441165155262435,0.2940450673261885,0.056177521297059635,0.0721297059631767,-0.1642841439956032,-0.6860208848584776,-0.6657378400659524,-0.37557570761198134,184211.8991481176,0.35188097953796316
2.2444765045342123,2.2341165155262437,0.33404506732618855,0.06617752129705964,0.062129705963176685,-0.18428414399560317,-0.6860208848584776,-0.6657378400659524,-0.3855757076119813,186502.8991481176,0.35500569343566823
2.2244765045342128,2.2141165155262437,0.3740450673261886,0.07617752129705965,0.0821297059631767,-0.1742841439956032,-0.6860208848584776,-0.6557378400659524,-0.3855757076119813,188193.8991481176,0.35957331657409597
2.2044765045342123,2.1941165155262436,0.4040450673261886,0.0861775212970596,0.09212970596317666,-0.1742841439956032,-0.6860208848584776,-0.6657378400659524,-0.3855757076119813,190250.8991481176,0.3637315750122063
2.1944765045342125,2.1741165155262436,0.46404506732618844,0.07617752129705965,0.09212970596317666,-0.1742841439956032,-0.6860208848584776,-0.6557378400659524,-0.3855757076119813,191753.8991481176,0.36471076011657644
2.2044765045342123,2.1941165155262436,0.48404506732618846,0.0861775212970596,0.10212970596317666,-0.1542841439956032,-0.6960208848584776,-0.6657378400659524,-0.37557570761198134,192754.8991481176,0.36771054267883585
2.174476504534213,2.1541165155262436,0.5340450673261885,0.09617752129705961,0.10212970596317666,-0.1742841439956032,-0.6760208848584776,-0.6457378400659524,-0.3855757076119813,193515.8991481176,0.3717128753662102
2.1844765045342127,2.1641165155262434,0.5340450673261885,0.10617752129705962,0.12212970596317668,-0.1542841439956032,-0.6660208848584775,-0.6557378400659524,-0.3655757076119813,194078.8991481176,0.37582082748413015
2.1844765045342127,2.1741165155262436,0.5640450673261885,0.11617752129705963,0.1321297059631767,-0.13428414399560318,-0.6660208848584775,-0.6457378400659524,-0.3655757076119813,194063.8991481176,0.3767106056213336
2.1844765045342127,2.1841165155262434,0.5940450673261886,0.13617752129705965,0.1421297059631767,-0.1542841439956032,-0.6560208848584776,-0.6357378400659524,-0.37557570761198134,193622.8991481176,0.38093848228454164
2.1944765045342125,2.1941165155262436,0.6140450673261886,0.11617752129705963,0.1421297059631767,-0.1542841439956032,-0.6460208848584776,-0.6257378400659523,-0.3655757076119813,192599.8991481176,0.384915781021121
2.2044765045342123,2.2041165155262434,0.6340450673261886,0.12617752129705964,0.1321297059631767,-0.11428414399560322,-0.6460208848584776,-0.6157378400659523,-0.3455757076119813,190722.8991481176,0.38739223480224894
2.1844765045342127,2.1841165155262434,0.6940450673261886,0.13617752129705965,0.15212970596317665,-0.1442841439956032,-0.6360208848584776,-0.6157378400659523,-0.3655757076119813,189199.8991481176,0.3884589195251422
2.2044765045342123,2.2141165155262437,0.7140450673261884,0.12617752129705964,0.15212970596317665,-0.1442841439956032,-0.6360208848584776,-0.6257378400659523,-0.3555757076119813,188922.8991481176,0.3923334598541288
2.214476504534213,2.2041165155262434,0.7340450673261885,0.12617752129705964,0.15212970596317665,-0.12428414399560317,-0.6260208848584776,-0.6157378400659523,-0.3555757076119813,188491.8991481176,0.39670248031615785
2.174476504534213,2.1741165155262436,0.7040450673261887,0.1461775212970596,0.16212970596317666,-0.11428414399560322,-0.6260208848584776,-0.6057378400659523,-0.3555757076119813,187820.8991481176,0.4005929946899407
2.1644765045342123,2.1741165155262436,0.7540450673261885,0.12617752129705964,0.1421297059631767,-0.12428414399560317,-0.6260208848584776,-0.6057378400659523,-0.3455757076119813,187757.8991481176,0.4015771865844755
2.1544765045342125,2.144116515526244,0.7340450673261885,0.1461775212970596,0.16212970596317666,-0.1042841439956032,-0.6260208848584776,-0.6057378400659523,-0.3455757076119813,187816.8991481176,0.40458650588989187
2.094476504534213,2.0941165155262436,0.7240450673261885,0.16617752129705962,0.17212970596317667,-0.1042841439956032,-0.6260208848584776,-0.6057378400659523,-0.3355757076119813,187731.8991481176,0.40958662033080984
2.0644765045342126,2.0641165155262438,0.6840450673261886,0.1561775212970596,0.17212970596317667,-0.0942841439956032,-0.6260208848584776,-0.6057378400659523,-0.3455757076119813,187764.8991481176,0.41358609199523855
2.014476504534213,2.0341165155262435,0.6840450673261886,0.16617752129705962,0.18212970596317668,-0.0942841439956032,-0.6260208848584776,-0.6057378400659523,-0.3455757076119813,187997.8991481176,0.4167561054229729
1.9844765045342128,1.9941165155262432,0.6640450673261886,0.18617752129705964,0.2021297059631767,-0.08428414399560319,-0.6360208848584776,-0.6157378400659523,-0.3155757076119813,187662.8991481176,0.41783137321472097
1.8944765045342127,1.8841165155262434,0.5940450673261886,0.19617752129705965,0.21212970596317665,-0.07428414399560318,-0.6260208848584776,-0.5957378400659524,-0.3055757076119813,187691.8991481176,0.4212214469909661
1.8144765045342126,1.8141165155262433,0.5540450673261885,0.2161775212970596,0.23212970596317667,-0.0342841439956032,-0.6060208848584776,-0.5857378400659524,-0.29557570761198126,187694.8991481176,0.4254829406738274
1.6744765045342127,1.6641165155262434,0.47404506732618845,0.2661775212970596,0.27212970596317665,-0.02428414399560319,-0.5760208848584776,-0.5657378400659524,-0.2855757076119813,187551.8991481176,0.429493856430053
1.5744765045342126,1.5641165155262433,0.42404506732618863,0.31617752129705967,0.3421297059631767,0.005715856004396835,-0.5960208848584776,-0.5657378400659524,-0.2755757076119813,187660.8991481176,0.429493856430053
1.4644765045342127,1.4641165155262434,0.49404506732618847,0.3361775212970597,0.3421297059631767,0.005715856004396835,-0.5660208848584776,-0.5557378400659524,-0.2755757076119813,187347.8991481176,0.43348259925842214
1.4144765045342127,1.4341165155262434,0.47404506732618845,0.3561775212970597,0.3721297059631766,-0.0042841439956031735,-0.5760208848584776,-0.5457378400659524,-0.2655757076119813,185930.8991481176,0.43749923706054616
1.3944765045342127,1.4041165155262434,0.49404506732618847,0.40617752129705964,0.4321297059631767,0.015715856004396844,-0.5660208848584776,-0.5457378400659524,-0.2455757076119813,184015.8991481176,0.44120378494262624
1.3644765045342127,1.3741165155262434,0.48404506732618846,0.4461775212970597,0.4521297059631767,0.04571585600439676,-0.5460208848584776,-0.5357378400659524,-0.2455757076119813,181918.8991481176,0.44120378494262624
1.3544765045342126,1.3741165155262434,0.5540450673261885,0.43617752129705967,0.4621297059631767,0.03571585600439686,-0.5460208848584776,-0.5257378400659524,-0.2455757076119813,180593.8991481176,0.44576306343078187
1.3444765045342126,1.3641165155262434,0.5440450673261885,0.4561775212970597,0.4621297059631767,0.06571585600439678,-0.5460208848584776,-0.5257378400659524,-0.2455757076119813,179534.8991481176,0.45020718574523855
1.3044765045342126,1.3341165155262433,0.5740450673261885,0.4761775212970597,0.4921297059631766,0.03571585600439686,-0.5460208848584776,-0.5357378400659524,-0.2455757076119813,178387.8991481176,0.45364327430725027
1.2544765045342128,1.2641165155262435,0.5540450673261885,0.5161775212970596,0.5321297059631767,0.0957158560043968,-0.5460208848584776,-0.5257378400659524,-0.2255757076119813,177312.8991481176,0.454379749298095
1.1944765045342127,1.2141165155262434,0.45404506732618866,0.5361775212970596,0.5721297059631767,0.11571585600439682,-0.5360208848584775,-0.5257378400659524,-0.2355757076119813,176903.8991481176,0.45746583938598206
1.1344765045342127,1.1541165155262434,0.46404506732618844,0.5661775212970597,0.5821297059631767,0.12571585600439683,-0.5360208848584775,-0.5257378400659524,-0.2255757076119813,176522.8991481176,0.4623796463012688
1.0944765045342126,1.1141165155262434,0.48404506732618846,0.5961775212970597,0.6221297059631766,0.0957158560043968,-0.5260208848584775,-0.5157378400659525,-0.2355757076119813,175633.8991481176,0.46565051078796316
1.0244765045342128,1.0341165155262433,0.48404506732618846,0.6561775212970596,0.6721297059631767,0.10571585600439681,-0.5260208848584775,-0.4957378400659524,-0.2255757076119813,174450.8991481176,0.4663722038269036
0.9544765045342127,0.9841165155262435,0.45404506732618866,0.6861775212970597,0.7121297059631767,0.12571585600439683,-0.5260208848584775,-0.4957378400659524,-0.2255757076119813,173399.8991481176,0.47014923095703054
0.8944765045342127,0.9041165155262434,0.5140450673261885,0.7661775212970596,0.7821297059631767,0.16571585600439676,-0.5060208848584775,-0.4957378400659524,-0.2255757076119813,172266.8991481176,0.474263143539428
0.7944765045342127,0.7841165155262435,0.46404506732618844,0.8261775212970597,0.8421297059631767,0.15571585600439686,-0.49602088485847756,-0.4757378400659524,-0.2255757076119813,171017.8991481176,0.4778444290161161
0.7744765045342127,0.8041165155262435,0.48404506732618846,0.8561775212970597,0.8921297059631768,0.17571585600439676,-0.4860208848584776,-0.46573784006595237,-0.18557570761198128,169422.8991481176,0.4789139747619622
0.7344765045342126,0.7541165155262435,0.46404506732618844,0.8861775212970597,0.9021297059631768,0.18571585600439677,-0.4760208848584776,-0.4557378400659524,-0.1955757076119813,167351.8991481176,0.4821071147918694
0.7244765045342126,0.7341165155262435,0.47404506732618845,0.9361775212970596,0.9621297059631766,0.18571585600439677,-0.4660208848584776,-0.46573784006595237,-0.18557570761198128,165846.8991481176,0.487554740905761
0.6744765045342127,0.6941165155262434,0.44404506732618865,0.9961775212970596,1.0221297059631766,0.17571585600439676,-0.4760208848584776,-0.46573784006595237,-0.18557570761198128,164381.8991481176,0.4907128334045403
0.6944765045342127,0.7041165155262434,0.43404506732618864,0.9961775212970596,1.0021297059631766,0.19571585600439678,-0.4660208848584776,-0.4457378400659524,-0.2155757076119813,163156.8991481176,0.4947893142700188
0.6644765045342127,0.6941165155262434,0.48404506732618846,0.9761775212970596,1.0121297059631766,0.2157158560043968,-0.4660208848584776,-0.4557378400659524,-0.2155757076119813,162663.8991481176,0.4947893142700188
0.6644765045342127,0.6941165155262434,0.5040450673261885,1.0661775212970597,1.0921297059631767,0.2057158560043968,-0.4660208848584776,-0.4557378400659524,-0.2155757076119813,162760.8991481176,0.49959893226623464
0.6544765045342127,0.6641165155262434,0.5040450673261885,1.1061775212970597,1.1121297059631767,0.2157158560043968,-0.4660208848584776,-0.4557378400659524,-0.2155757076119813,162387.8991481176,0.503645610809329
0.6144765045342127,0.6241165155262434,0.48404506732618846,1.1461775212970597,1.1521297059631768,0.24571585600439683,-0.4660208848584776,-0.4457378400659524,-0.2155757076119813,161932.8991481176,0.5069083690643303
0.5844765045342127,0.6041165155262433,0.49404506732618847,1.1761775212970595,1.1921297059631766,0.23571585600439682,-0.4560208848584776,-0.4357378400659524,-0.2055757076119813,161517.8991481176,0.5076457977294879
0.5544765045342127,0.5741165155262435,0.46404506732618844,1.2161775212970596,1.2421297059631766,0.27571585600439685,-0.4460208848584776,-0.4257378400659524,-0.2055757076119813,161106.8991481176,0.5116457462310784
0.5444765045342127,0.5641165155262435,0.48404506732618846,1.2361775212970596,1.2521297059631766,0.25571585600439684,-0.4460208848584776,-0.4357378400659524,-0.2155757076119813,160755.8991481176,0.5157055377960198
0.5144765045342127,0.5341165155262435,0.47404506732618845,1.2661775212970596,1.2721297059631766,0.28571585600439686,-0.4460208848584776,-0.4257378400659524,-0.2155757076119813,160602.8991481176,0.51923055648804
0.49447650453421266,0.5141165155262435,0.46404506732618844,1.2961775212970597,1.3121297059631767,0.30571585600439677,-0.4460208848584776,-0.4257378400659524,-0.2155757076119813,160341.8991481176,0.5203222751617425
0.48447650453421265,0.5041165155262435,0.45404506732618866,1.3061775212970597,1.3221297059631767,0.29571585600439676,-0.4460208848584776,-0.4257378400659524,-0.2055757076119813,160302.8991481176,0.523673486709594
0.48447650453421265,0.5041165155262435,0.4140450673261886,1.3161775212970597,1.3321297059631767,0.28571585600439686,-0.4460208848584776,-0.4357378400659524,-0.2055757076119813,160187.8991481176,0.5276274204254108
0.46447650453421274,0.4841165155262434,0.3740450673261886,1.3561775212970597,1.3721297059631767,0.30571585600439677,-0.4560208848584776,-0.4357378400659524,-0.2155757076119813,160632.8991481176,0.5312273025512688
0.45447650453421273,0.4741165155262434,0.35404506732618857,1.3661775212970597,1.3921297059631768,0.3157158560043968,-0.4460208848584776,-0.4357378400659524,-0.2155757076119813,160881.8991481176,0.5322725296020501
0.4344765045342127,0.4441165155262435,0.32404506732618854,1.3661775212970597,1.3821297059631767,0.3157158560043968,-0.43602088485847756,-0.4357378400659524,-0.2155757076119813,161018.8991481176,0.5359892368316643
0.38447650453421267,0.39411651552624344,0.2640450673261886,1.4061775212970598,1.4321297059631766,0.3357158560043968,-0.4560208848584776,-0.4357378400659524,-0.2155757076119813,161349.8991481176,0.5399741649627678
0.3644765045342127,0.3741165155262434,0.22404506732618856,1.3761775212970597,1.4021297059631768,0.3357158560043968,-0.43602088485847756,-0.4157378400659524,-0.2155757076119813,162882.8991481176,0.5439791202545194
0.3344765045342127,0.34411651552624345,0.1640450673261885,1.4061775212970598,1.4121297059631768,0.3257158560043968,-0.4260208848584776,-0.4157378400659524,-0.2155757076119813,163989.8991481176,0.5449797630310087
0.2844765045342127,0.29411651552624346,0.07404506732618854,1.3961775212970597,1.4121297059631768,0.3557158560043968,-0.4260208848584776,-0.40573784006595237,-0.2055757076119813,165108.8991481176,0.54797716140747
0.2844765045342127,0.28411651552624345,0.034045067326188505,1.3661775212970597,1.3921297059631768,0.3357158560043968,-0.4160208848584776,-0.40573784006595237,-0.2055757076119813,166441.8991481176,0.5517427444458001
0.2444765045342127,0.2541165155262434,0.034045067326188505,1.3661775212970597,1.3821297059631767,0.30571585600439677,-0.4060208848584776,-0.3857378400659524,-0.18557570761198128,167956.8991481176,0.5558750152587884
0.2444765045342127,0.2541165155262434,-0.035954932673811446,1.3261775212970597,1.3421297059631767,0.29571585600439676,-0.3960208848584776,-0.3757378400659524,-0.18557570761198128,169241.8991481176,0.5602278232574456
0.20447650453421268,0.20411651552624344,-0.06595493267381147,1.3061775212970597,1.3121297059631767,0.30571585600439677,-0.3960208848584776,-0.3657378400659524,-0.18557570761198128,170636.8991481176,0.5609364032745354
0.1644765045342127,0.17411651552624346,-0.06595493267381147,1.2661775212970596,1.2621297059631766,0.2257158560043968,-0.3560208848584776,-0.3457378400659524,-0.18557570761198128,172071.8991481176,0.5649299144744866
0.1344765045342127,0.14411651552624344,-0.0959549326738115,1.2361775212970596,1.2421297059631766,0.2257158560043968,-0.3560208848584776,-0.3357378400659524,-0.18557570761198128,173434.8991481176,0.5692512512207024
0.14447650453421268,0.16411651552624346,-0.14595493267381143,1.1661775212970598,1.1821297059631766,0.19571585600439678,-0.3460208848584776,-0.3357378400659524,-0.18557570761198128,175359.8991481176,0.5725786209106438
0.11447650453421268,0.12411651552624345,-0.17595493267381146,1.1561775212970598,1.1621297059631768,0.17571585600439676,-0.3460208848584776,-0.3357378400659524,-0.18557570761198128,177442.8991481176,0.5732643127441399
0.09447650453421269,0.09411651552624345,-0.26595493267381143,1.0861775212970597,1.1021297059631767,0.13571585600439684,-0.3360208848584776,-0.3257378400659524,-0.1955757076119813,179707.8991481176,0.5767764568328886
0.06447650453421269,0.06411651552624345,-0.30595493267381146,1.0861775212970597,1.0921297059631767,0.13571585600439684,-0.3460208848584776,-0.3257378400659524,-0.1955757076119813,181830.8991481176,0.5807957172393792
0.03447650453421269,0.04411651552624346,-0.28595493267381145,1.0861775212970597,1.0921297059631767,0.14571585600439685,-0.3260208848584776,-0.3157378400659524,-0.18557570761198128,183253.8991481176,0.5851540088653593
0.05447650453421268,0.05411651552624344,-0.29595493267381145,1.0761775212970597,1.0921297059631767,0.15571585600439686,-0.3260208848584776,-0.3157378400659524,-0.1955757076119813,183958.8991481176,0.5851540088653593
0.024476504534212684,0.03411651552624345,-0.29595493267381145,1.0761775212970597,1.0921297059631767,0.16571585600439676,-0.3360208848584776,-0.3057378400659524,-0.1955757076119813,184181.8991481176,0.5881306648254387
0.0444765045342127,0.04411651552624346,-0.29595493267381145,1.0661775212970597,1.0821297059631767,0.13571585600439684,-0.30602088485847756,-0.2957378400659524,-0.1955757076119813,184796.8991481176,0.593070459365844
-0.01552349546578731,-0.005883484473756556,-0.34595493267381144,1.0661775212970597,1.0821297059631767,0.14571585600439685,-0.31602088485847757,-0.2957378400659524,-0.2055757076119813,185763.8991481176,0.5971247673034661
-0.01552349546578731,-0.01588348447375655,-0.35595493267381145,1.0861775212970597,1.1121297059631767,0.14571585600439685,-0.31602088485847757,-0.3057378400659524,-0.2155757076119813,186442.8991481176,0.5971247673034661
-0.025523495465787305,-0.035883484473756555,-0.33595493267381143,1.0961775212970597,1.0921297059631767,0.15571585600439686,-0.29602088485847755,-0.2957378400659524,-0.2155757076119813,186715.8991481176,0.6010620117187493
-0.035523495465787314,-0.035883484473756555,-0.34595493267381144,1.0761775212970597,1.0821297059631767,0.14571585600439685,-0.29602088485847755,-0.27573784006595237,-0.2155757076119813,187708.8991481176,0.6058265686035185
-0.04552349546578731,-0.04588348447375655,-0.37595493267381147,1.0961775212970597,1.1021297059631767,0.14571585600439685,-0.30602088485847756,-0.27573784006595237,-0.2255757076119813,187959.8991481176,0.6098262786865227
-0.04552349546578731,-0.05588348447375655,-0.3859549326738114,1.0861775212970597,1.1021297059631767,0.13571585600439684,-0.30602088485847756,-0.2857378400659524,-0.2155757076119813,187840.8991481176,0.6098262786865227
-0.05552349546578731,-0.05588348447375655,-0.39595493267381143,1.1061775212970597,1.1121297059631767,0.18571585600439677,-0.28602088485847754,-0.26573784006595236,-0.2155757076119813,188109.8991481176,0.6138264656066887
-0.06552349546578731,-0.06588348447375655,-0.3859549326738114,1.0861775212970597,1.0821297059631767,0.13571585600439684,-0.27602088485847753,-0.26573784006595236,-0.2155757076119813,188218.8991481176,0.6178214073181145
-0.07552349546578731,-0.07588348447375655,-0.3859549326738114,1.0961775212970597,1.1121297059631767,0.16571585600439676,-0.29602088485847755,-0.27573784006595237,-0.2355757076119813,188031.8991481176,0.6216840267181389
-0.08552349546578732,-0.07588348447375655,-0.37595493267381147,1.1061775212970597,1.1121297059631767,0.16571585600439676,-0.26602088485847764,-0.25573784006595235,-0.2355757076119813,188056.8991481176,0.62534852027893
-0.08552349546578732,-0.08588348447375656,-0.39595493267381143,1.1061775212970597,1.1121297059631767,0.16571585600439676,-0.2360208848584776,-0.21573784006595242,-0.2255757076119813,187101.8991481176,0.626380395889278
-0.07552349546578731,-0.08588348447375656,-0.34595493267381144,1.1061775212970597,1.1121297059631767,0.15571585600439686,-0.2560208848584776,-0.22573784006595243,-0.2255757076119813,185272.8991481176,0.6306800365447991
-0.08552349546578732,-0.08588348447375656,-0.34595493267381144,1.1261775212970597,1.1521297059631768,0.14571585600439685,-0.24602088485847762,-0.22573784006595243,-0.2355757076119813,183617.8991481176,0.634679985046386
-0.06552349546578731,-0.06588348447375655,-0.35595493267381145,1.1261775212970597,1.1321297059631767,0.11571585600439682,-0.2160208848584776,-0.21573784006595242,-0.2355757076119813,182788.8991481176,0.6379472732543938
-0.06552349546578731,-0.06588348447375655,-0.34595493267381144,1.1061775212970597,1.1221297059631767,0.13571585600439684,-0.2160208848584776,-0.1957378400659524,-0.2355757076119813,182343.8991481176,0.6386801719665556
-0.07552349546578731,-0.06588348447375655,-0.35595493267381145,1.0961775212970597,1.1121297059631767,0.12571585600439683,-0.19602088485847757,-0.1757378400659524,-0.2355757076119813,182478.8991481176,0.6426801204681389
-0.07552349546578731,-0.06588348447375655,-0.35595493267381145,1.0861775212970597,1.0821297059631767,0.11571585600439682,-0.18602088485847756,-0.15573784006595237,-0.2355757076119813,182093.8991481176,0.647364807128902
-0.06552349546578731,-0.06588348447375655,-0.34595493267381144,1.0261775212970596,1.0421297059631767,0.0957158560043968,-0.16602088485847755,-0.16573784006595238,-0.2455757076119813,181306.8991481176,0.6503591060638421
-0.06552349546578731,-0.06588348447375655,-0.34595493267381144,1.0361775212970596,1.0521297059631767,0.0857158560043968,-0.16602088485847755,-0.16573784006595238,-0.25557570761198134,180923.8991481176,0.6503591060638421
-0.07552349546578731,-0.07588348447375655,-0.3159549326738115,1.0661775212970597,1.0621297059631767,0.05571585600439677,-0.16602088485847755,-0.16573784006595238,-0.25557570761198134,180714.8991481176,0.6548571109771721
-0.08552349546578732,-0.07588348447375655,-0.3259549326738114,1.0461775212970597,1.0421297059631767,0.04571585600439676,-0.1060208848584776,-0.11573784006595245,-0.2655757076119813,179387.8991481176,0.6588038921356194
-0.07552349546578731,-0.07588348447375655,-0.26595493267381143,1.0161775212970596,1.0421297059631767,0.05571585600439677,-0.11602088485847761,-0.10573784006595244,-0.2655757076119813,177330.8991481176,0.6625439643859821
-0.07552349546578731,-0.07588348447375655,-0.2559549326738115,1.0161775212970596,1.0121297059631766,0.03571585600439686,-0.08602088485847759,-0.0657378400659524,-0.2655757076119813,175189.8991481176,0.6625439643859821
-0.08552349546578732,-0.07588348447375655,-0.24595493267381147,1.0061775212970596,1.0121297059631766,0.04571585600439676,-0.06602088485847757,-0.0657378400659524,-0.2655757076119813,173514.8991481176,0.6671387672424309
-0.07552349546578731,-0.07588348447375655,-0.20595493267381143,1.0461775212970597,1.0521297059631767,0.04571585600439676,-0.07602088485847758,-0.07573784006595241,-0.2755757076119813,172355.8991481176,0.6710016250610344
-0.07552349546578731,-0.07588348447375655,-0.17595493267381146,1.0161775212970596,1.0321297059631767,0.015715856004396844,-0.03602088485847754,-0.035737840065952375,-0.2755757076119813,171542.8991481176,0.6750607013702385
-0.07552349546578731,-0.07588348447375655,-0.17595493267381146,1.0561775212970597,1.0521297059631767,0.025715856004396853,-0.04602088485847755,-0.035737840065952375,-0.2655757076119813,170925.8991481176,0.6750607013702385
-0.07552349546578731,-0.07588348447375655,-0.18595493267381147,1.0161775212970596,1.0221297059631766,0.005715856004396835,-0.016020884858477635,-0.015737840065952358,-0.2855757076119813,170508.8991481176,0.6790606498718219
-0.07552349546578731,-0.07588348447375655,-0.22595493267381145,0.9961775212970596,0.9821297059631766,-0.0042841439956031735,-0.0060208848584776264,-0.005737840065952349,-0.2855757076119813,169931.8991481176,0.6834923744201689
-0.07552349546578731,-0.07588348447375655,-0.21595493267381144,0.9661775212970596,0.9521297059631766,0.015715856004396844,0.013979115141522391,0.024262159934047567,-0.2755757076119813,169370.8991481176,0.6869668483734124
-0.07552349546578731,-0.07588348447375655,-0.24595493267381147,0.9261775212970595,0.9321297059631766,0.005715856004396835,0.03397911514152241,0.034262159934047576,-0.2855757076119813,168867.8991481176,0.6879977703094475
-0.07552349546578731,-0.07588348447375655,-0.20595493267381143,0.9261775212970595,0.9421297059631766,-0.0042841439956031735,0.04397911514152242,0.044262159934047585,-0.29557570761198126,168456.8991481176,0.6911417961120598
-0.07552349546578731,-0.07588348447375655,-0.24595493267381147,0.8861775212970597,0.9121297059631768,0.005715856004396835,0.05397911514152243,0.044262159934047585,-0.2855757076119813,167869.8991481176,0.6961392879486077
-0.06552349546578731,-0.06588348447375655,-0.24595493267381147,0.8961775212970597,0.8921297059631768,-0.02428414399560319,0.05397911514152243,0.0642621599340476,-0.2855757076119813,166578.8991481176,0.6999365806579583
-0.07552349546578731,-0.06588348447375655,-0.27595493267381144,0.8761775212970597,0.8721297059631767,-0.0342841439956032,0.05397911514152243,0.0642621599340476,-0.29557570761198126,165515.8991481176,0.7009801387786858
-0.06552349546578731,-0.06588348447375655,-0.24595493267381147,0.8261775212970597,0.8321297059631767,-0.06428414399560317,0.05397911514152243,0.044262159934047585,-0.3055757076119813,165004.8991481176,0.7032417774200432
-0.06552349546578731,-0.05588348447375655,-0.22595493267381145,0.8361775212970597,0.8421297059631767,-0.05428414399560322,0.03397911514152241,0.034262159934047576,-0.3055757076119813,163981.8991481176,0.708659362792968
-0.05552349546578731,-0.05588348447375655,-0.2559549326738115,0.8861775212970597,0.8821297059631767,-0.07428414399560318,0.0039791151415223824,0.014262159934047558,-0.3255757076119813,162870.8991481176,0.7123713016510003
-0.04552349546578731,-0.04588348447375655,-0.27595493267381144,0.8861775212970597,0.8921297059631768,-0.07428414399560318,0.0039791151415223824,0.014262159934047558,-0.3255757076119813,161553.8991481176,0.7158107280731194
-0.04552349546578731,-0.04588348447375655,-0.3159549326738115,0.9061775212970598,0.9021297059631768,-0.08428414399560319,0.04397911514152242,0.044262159934047585,-0.3055757076119813,160404.8991481176,0.71690030097961
-0.05552349546578731,-0.05588348447375655,-0.30595493267381146,0.8861775212970597,0.8721297059631767,-0.08428414399560319,0.04397911514152242,0.054262159934047594,-0.3055757076119813,159291.8991481176,0.7198752880096428
-0.05552349546578731,-0.05588348447375655,-0.3159549326738115,0.8961775212970597,0.8721297059631767,-0.08428414399560319,0.04397911514152242,0.024262159934047567,-0.29557570761198126,158522.8991481176,0.7247228145599358
-0.05552349546578731,-0.04588348447375655,-0.28595493267381145,0.8261775212970597,0.8121297059631767,-0.08428414399560319,0.05397911514152243,0.0642621599340476,-0.29557570761198126,157599.8991481176,0.7273432731628375
-0.05552349546578731,-0.05588348447375655,-0.30595493267381146,0.8161775212970597,0.8121297059631767,-0.08428414399560319,0.06397911514152244,0.0642621599340476,-0.3055757076119813,156342.8991481176,0.7284068584442096
-0.05552349546578731,-0.05588348447375655,-0.28595493267381145,0.8561775212970597,0.8321297059631767,-0.07428414399560318,0.0239791151415224,0.024262159934047567,-0.3055757076119813,154885.8991481176,0.7318961143493645
-0.05552349546578731,-0.05588348447375655,-0.34595493267381144,0.8361775212970597,0.8321297059631767,-0.1042841439956032,0.0239791151415224,0.00426215993404766,-0.3355757076119813,153680.8991481176,0.736890506744384
-0.04552349546578731,-0.04588348447375655,-0.35595493267381145,0.8361775212970597,0.8021297059631767,-0.0942841439956032,-0.0060208848584776264,-0.015737840065952358,-0.3055757076119813,152641.8991481176,0.7398731231689446
-0.05552349546578731,-0.04588348447375655,-0.37595493267381147,0.7861775212970596,0.7621297059631766,-0.08428414399560319,-0.0060208848584776264,0.014262159934047558,-0.3055757076119813,152206.8991481176,0.7408604145050042
-0.05552349546578731,-0.04588348447375655,-0.39595493267381143,0.7561775212970596,0.7321297059631767,-0.0942841439956032,-0.04602088485847755,-0.0657378400659524,-0.3055757076119813,151825.8991481176,0.7438613891601591
-0.05552349546578731,-0.05588348447375655,-0.43595493267381147,0.7361775212970596,0.7121297059631767,-0.06428414399560317,-0.016020884858477635,-0.015737840065952358,-0.3055757076119813,151244.8991481176,0.7489029884338407
-0.05552349546578731,-0.05588348447375655,-0.39595493267381143,0.7461775212970596,0.7221297059631767,-0.06428414399560317,-0.026020884858477533,-0.045737840065952384,-0.2855757076119813,150481.8991481176,0.7519070625305204
-0.07552349546578731,-0.06588348447375655,-0.4459549326738115,0.6661775212970596,0.6321297059631766,-0.06428414399560317,-0.03602088485847754,-0.045737840065952384,-0.2855757076119813,150226.8991481176,0.752907466888427
-0.06552349546578731,-0.06588348447375655,-0.43595493267381147,0.6161775212970596,0.6021297059631767,-0.07428414399560318,-0.05602088485847756,-0.07573784006595241,-0.2855757076119813,149847.8991481176,0.7569047927856438
-0.07552349546578731,-0.06588348447375655,-0.42595493267381146,0.6361775212970596,0.6021297059631767,-0.0342841439956032,-0.016020884858477635,-0.0657378400659524,-0.2655757076119813,149660.8991481176,0.7609033107757597
-0.035523495465787314,-0.035883484473756555,-0.43595493267381147,0.6461775212970596,0.5921297059631767,-0.04428414399560321,-0.06602088485847757,-0.10573784006595244,-0.2855757076119813,149407.8991481176,0.7649156570434563
-0.06552349546578731,-0.05588348447375655,-0.43595493267381147,0.6061775212970597,0.5521297059631767,-0.04428414399560321,-0.04602088485847755,-0.10573784006595244,-0.29557570761198126,149336.8991481176,0.7659241676330559
-0.06552349546578731,-0.05588348447375655,-0.42595493267381146,0.6361775212970596,0.5821297059631767,-0.1042841439956032,-0.14602088485847764,-0.1757378400659524,-0.3055757076119813,149563.8991481176,0.7687901973724394
-0.07552349546578731,-0.06588348447375655,-0.4559549326738115,0.5961775212970597,0.5421297059631767,-0.11428414399560322,-0.06602088485847757,-0.11573784006595245,-0.29557570761198126,149700.8991481176,0.7728545188903801
-0.07552349546578731,-0.06588348447375655,-0.47595493267381145,0.5961775212970597,0.5421297059631767,-0.1042841439956032,-0.14602088485847764,-0.1757378400659524,-0.29557570761198126,149473.8991481176,0.7768187046051018
-0.07552349546578731,-0.07588348447375655,-0.4959549326738114,0.5461775212970597,0.5121297059631766,-0.1042841439956032,-0.15602088485847754,-0.1857378400659524,-0.2855757076119813,149404.8991481176,0.7778203010559075
-0.07552349546578731,-0.07588348447375655,-0.48595493267381146,0.5661775212970597,0.5021297059631766,-0.11428414399560322,-0.18602088485847756,-0.23573784006595244,-0.3055757076119813,149585.8991481176,0.7818247795104938
-0.07552349546578731,-0.07588348447375655,-0.5159549326738114,0.5061775212970596,0.4521297059631767,-0.11428414399560322,-0.2560208848584776,-0.27573784006595237,-0.29557570761198126,149812.8991481176,0.7851263999938958
-0.07552349546578731,-0.06588348447375655,-0.5259549326738114,0.4661775212970597,0.41212970596317666,-0.11428414399560322,-0.2360208848584776,-0.24573784006595234,-0.29557570761198126,149605.8991481176,0.7891611576080315
-0.06552349546578731,-0.05588348447375655,-0.5459549326738115,0.41617752129705965,0.38212970596317664,-0.12428414399560317,-0.2560208848584776,-0.27573784006595237,-0.29557570761198126,148952.8991481176,0.793351364135745
-0.06552349546578731,-0.06588348447375655,-0.5559549326738115,0.3461775212970597,0.3221297059631767,-0.12428414399560317,-0.26602088485847764,-0.3157378400659524,-0.29557570761198126,148461.8991481176,0.79417176246643
-0.05552349546578731,-0.05588348447375655,-0.5459549326738115,0.3361775212970597,0.3021297059631767,-0.11428414399560322,-0.3260208848584776,-0.3257378400659524,-0.2855757076119813,147324.8991481176,0.7973718166351276
-0.04552349546578731,-0.05588348447375655,-0.5359549326738114,0.29617752129705965,0.2621297059631767,-0.12428414399560317,-0.27602088485847753,-0.2857378400659524,-0.2855757076119813,146355.8991481176,0.8019260883331292
-0.025523495465787305,-0.035883484473756555,-0.5259549326738114,0.2561775212970596,0.24212970596317668,-0.13428414399560318,-0.30602088485847756,-0.3157378400659524,-0.2755757076119813,145772.8991481176,0.8059262752532952
-0.025523495465787305,-0.025883484473756546,-0.5259549326738114,0.2561775212970596,0.23212970596317667,-0.13428414399560318,-0.2560208848584776,-0.2857378400659524,-0.2755757076119813,144659.8991481176,0.8069223880767815
-0.025523495465787305,-0.025883484473756546,-0.5259549326738114,0.2161775212970596,0.2021297059631767,-0.13428414399560318,-0.2560208848584776,-0.27573784006595237,-0.2655757076119813,143944.8991481176,0.8099262237548821
-0.025523495465787305,-0.025883484473756546,-0.5259549326738114,0.2061775212970596,0.1921297059631767,-0.1442841439956032,-0.29602088485847755,-0.2957378400659524,-0.2655757076119813,143263.8991481176,0.8139297485351591
-0.025523495465787305,-0.025883484473756546,-0.5559549326738115,0.17617752129705963,0.17212970596317667,-0.12428414399560317,-0.2560208848584776,-0.2857378400659524,-0.2655757076119813,142216.8991481176,0.8179678440093987
-0.025523495465787305,-0.025883484473756546,-0.5759549326738115,0.17617752129705963,0.17212970596317667,-0.11428414399560322,-0.2160208848584776,-0.24573784006595234,-0.25557570761198134,141327.8991481176,0.81893439292908
-0.035523495465787314,-0.035883484473756555,-0.5659549326738115,0.16617752129705962,0.16212970596317666,-0.12428414399560317,-0.24602088485847762,-0.26573784006595236,-0.25557570761198134,140608.8991481176,0.822392416000369
-0.025523495465787305,-0.025883484473756546,-0.5759549326738115,0.1461775212970596,0.1421297059631767,-0.1042841439956032,-0.2260208848584776,-0.24573784006595234,-0.25557570761198134,139561.8991481176,0.826276493072509
-0.005523495465787315,-0.005883484473756556,-0.5659549326738115,0.1461775212970596,0.1421297059631767,-0.11428414399560322,-0.2260208848584776,-0.23573784006595244,-0.25557570761198134,138402.8991481176,0.830276441574096
-0.09552349546578731,-0.08588348447375656,-0.6159549326738114,0.1461775212970596,0.1421297059631767,-0.1042841439956032,-0.20602088485847758,-0.23573784006595244,-0.25557570761198134,137279.8991481176,0.8312723159790032
-0.01552349546578731,0.014116515526243448,-0.5859549326738115,0.13617752129705965,0.1321297059631767,-0.0942841439956032,-0.20602088485847758,-0.22573784006595243,-0.25557570761198134,136292.8991481176,0.834255409240722
0.014476504534212689,0.014116515526243448,-0.6159549326738114,0.13617752129705965,0.1421297059631767,-0.1042841439956032,-0.17602088485847756,-0.21573784006595242,-0.25557570761198134,135041.8991481176,0.839665365219119
0.0444765045342127,0.05411651552624344,-0.6059549326738114,0.1461775212970596,0.1421297059631767,-0.1042841439956032,-0.17602088485847756,-0.21573784006595242,-0.2655757076119813,133556.8991481176,0.8428699493408196
0.05447650453421268,0.05411651552624344,-0.6059549326738114,0.13617752129705965,0.1421297059631767,-0.1042841439956032,-0.16602088485847755,-0.1857378400659524,-0.25557570761198134,132695.8991481176,0.8439363956451409
0.0744765045342127,0.06411651552624345,-0.6159549326738114,0.13617752129705965,0.15212970596317665,-0.0942841439956032,-0.15602088485847754,-0.1857378400659524,-0.25557570761198134,132056.8991481176,0.8469678878784137
0.0744765045342127,0.07411651552624346,-0.6059549326738114,0.13617752129705965,0.1321297059631767,-0.1042841439956032,-0.14602088485847764,-0.1857378400659524,-0.25557570761198134,131157.8991481176,0.8511075496673577
0.12447650453421269,0.09411651552624345,-0.6059549326738114,0.1461775212970596,0.15212970596317665,-0.0942841439956032,-0.18602088485847756,-0.20573784006595242,-0.25557570761198134,130516.89914811762,0.8551589965820305
0.11447650453421268,0.10411651552624346,-0.6059549326738114,0.1461775212970596,0.1421297059631767,-0.08428414399560319,-0.17602088485847756,-0.20573784006595242,-0.25557570761198134,129787.89914811762,0.8561572551727288
0.1644765045342127,0.13411651552624346,-0.6059549326738114,0.1461775212970596,0.15212970596317665,-0.0942841439956032,-0.2260208848584776,-0.24573784006595234,-0.2655757076119813,129140.89914811762,0.8591486930847196
0.20447650453421268,0.17411651552624346,-0.5859549326738115,0.1461775212970596,0.15212970596317665,-0.1042841439956032,-0.2360208848584776,-0.26573784006595236,-0.2755757076119813,128345.89914811762,0.8631472110748284
0.2644765045342127,0.22411651552624345,-0.5959549326738114,0.13617752129705965,0.1421297059631767,-0.1042841439956032,-0.26602088485847764,-0.2957378400659524,-0.2855757076119813,127336.89914811762,0.8673219203948968
0.2944765045342127,0.24411651552624347,-0.6059549326738114,0.13617752129705965,0.1421297059631767,-0.1042841439956032,-0.29602088485847755,-0.3057378400659524,-0.29557570761198126,126829.89914811762,0.8713638305664055
0.31447650453421266,0.27411651552624344,-0.6059549326738114,0.12617752129705964,0.1421297059631767,-0.11428414399560322,-0.2560208848584776,-0.2857378400659524,-0.29557570761198126,126100.89914811762,0.8713638305664055
0.3944765045342127,0.34411651552624345,-0.5859549326738115,0.11617752129705963,0.12212970596317668,-0.11428414399560322,-0.27602088485847753,-0.2857378400659524,-0.29557570761198126,125191.89914811762,0.8754436492919915
0.47447650453421264,0.42411651552624346,-0.5359549326738114,0.09617752129705961,0.11212970596317667,-0.11428414399560322,-0.26602088485847764,-0.2957378400659524,-0.2855757076119813,124682.89914811762,0.8795210838317864
0.5744765045342127,0.5041165155262435,-0.5159549326738114,0.0861775212970596,0.10212970596317666,-0.12428414399560317,-0.29602088485847755,-0.3057378400659524,-0.3055757076119813,123961.89914811762,0.8837968826293938
0.6444765045342127,0.5741165155262435,-0.48595493267381146,0.0861775212970596,0.09212970596317666,-0.1442841439956032,-0.28602088485847754,-0.2957378400659524,-0.3155757076119813,122946.89914811762,0.8845977306365995
0.7544765045342127,0.6941165155262434,-0.4559549326738115,0.06617752129705964,0.0821297059631767,-0.1542841439956032,-0.31602088485847757,-0.3157378400659524,-0.3455757076119813,122095.89914811762,0.8876187324523954
0.8344765045342127,0.7441165155262435,-0.41595493267381145,0.06617752129705964,0.0821297059631767,-0.13428414399560318,-0.3460208848584776,-0.3457378400659524,-0.3255757076119813,121440.89914811762,0.8923780441284137
0.9344765045342127,0.8541165155262433,-0.39595493267381143,0.046177521297059626,0.062129705963176685,-0.1742841439956032,-0.3460208848584776,-0.3457378400659524,-0.3455757076119813,120601.89914811762,0.8963920593261676
1.0644765045342126,0.9741165155262435,-0.30595493267381146,0.026177521297059636,0.04212970596317667,-0.1742841439956032,-0.37602088485847757,-0.3857378400659524,-0.3555757076119813,119832.89914811762,0.8963920593261676
1.1844765045342127,1.1141165155262434,-0.24595493267381147,0.016177521297059627,0.032129705963176686,-0.18428414399560317,-0.3360208848584776,-0.3657378400659524,-0.3655757076119813,119295.89914811762,0.899898958206176
1.2744765045342128,1.1941165155262434,-0.20595493267381143,0.006177521297059618,0.012129705963176668,-0.2142841439956032,-0.3660208848584776,-0.3857378400659524,-0.3955757076119813,118584.89914811762,0.903910827636718
1.4744765045342128,1.3741165155262434,-0.19595493267381148,-0.013822478702940372,0.002129705963176687,-0.19428414399560318,-0.4060208848584776,-0.4257378400659524,-0.3855757076119813,117699.89914811762,0.9081873416900628
1.6044765045342126,1.5041165155262435,-0.12595493267381142,-0.013822478702940372,0.002129705963176687,-0.2142841439956032,-0.43602088485847756,-0.4357378400659524,-0.3955757076119813,117196.89914811762,0.9092187404632561
1.7844765045342126,1.6641165155262434,-0.045954932673811455,-0.03382247870294036,-0.027870294036823312,-0.2342841439956032,-0.4460208848584776,-0.4557378400659524,-0.4155757076119813,116965.89914811762,0.912061166763305
1.8744765045342127,1.7741165155262435,0.034045067326188505,-0.03382247870294036,-0.027870294036823312,-0.2542841439956032,-0.4460208848584776,-0.4757378400659524,-0.4155757076119813,116744.89914811762,0.9161848545074456
1.9844765045342128,1.8941165155262434,0.09404506732618856,-0.04382247870294037,-0.027870294036823312,-0.24428414399560316,-0.49602088485847756,-0.5057378400659525,-0.4255757076119813,116041.89914811762,0.920184803009036
2.094476504534213,1.9841165155262435,0.1440450673261886,-0.04382247870294037,-0.027870294036823312,-0.2542841439956032,-0.5060208848584775,-0.5157378400659525,-0.4255757076119813,115560.89914811762,0.9212955951690667
2.1944765045342125,2.104116515526244,0.23404506732618857,-0.03382247870294036,-0.027870294036823312,-0.2742841439956032,-0.5360208848584775,-0.5457378400659524,-0.4255757076119813,115075.89914811762,0.9251846790313678
2.2444765045342123,2.1641165155262434,0.2940450673261885,-0.03382247870294036,-0.01787029403682333,-0.2742841439956032,-0.5560208848584776,-0.5657378400659524,-0.4255757076119813,115030.89914811762,0.92918510437012
2.3144765045342126,2.2241165155262435,0.2740450673261885,-0.04382247870294037,-0.027870294036823312,-0.2742841439956032,-0.5660208848584776,-0.5857378400659524,-0.4355757076119813,114917.89914811762,0.9331345081329303
2.3544765045342126,2.2641165155262435,0.31404506732618853,-0.03382247870294036,-0.027870294036823312,-0.2642841439956032,-0.5660208848584776,-0.5757378400659524,-0.4455757076119813,114734.89914811762,0.9331345081329303
2.384476504534213,2.3041165155262435,0.34404506732618856,-0.02382247870294038,-0.01787029403682333,-0.2542841439956032,-0.5660208848584776,-0.5757378400659524,-0.4355757076119813,114877.89914811762,0.937964630126956
2.4044765045342125,2.3341165155262438,0.3640450673261886,-0.02382247870294038,-0.007870294036823322,-0.2642841439956032,-0.5660208848584776,-0.5757378400659524,-0.4255757076119813,115142.89914811762,0.9418274879455595
2.4544765045342123,2.3841165155262436,0.3840450673261886,-0.013822478702940372,-0.007870294036823322,-0.2642841439956032,-0.5860208848584776,-0.5957378400659524,-0.4255757076119813,115453.89914811762,0.9453224658966057
2.4844765045342125,2.4141165155262434,0.42404506732618863,-0.03382247870294036,-0.01787029403682333,-0.2642841439956032,-0.5760208848584776,-0.5957378400659524,-0.4355757076119813,115812.89914811762,0.9492103576660149
2.504476504534213,2.4441165155262436,0.43404506732618864,-0.02382247870294038,-0.007870294036823322,-0.2642841439956032,-0.5960208848584776,-0.6057378400659523,-0.4355757076119813,116587.89914811762,0.9492103576660149
2.5244765045342126,2.4641165155262437,0.46404506732618844,-0.02382247870294038,-0.01787029403682333,-0.2642841439956032,-0.5960208848584776,-0.6057378400659523,-0.4355757076119813,116904.89914811762,0.9532188892364495
2.554476504534213,2.4941165155262435,0.46404506732618844,-0.013822478702940372,-0.007870294036823322,-0.2642841439956032,-0.5960208848584776,-0.6057378400659523,-0.4355757076119813,117547.89914811762,0.9572236061096184
2.5744765045342124,2.5141165155262435,0.5340450673261885,-0.03382247870294036,-0.01787029403682333,-0.2642841439956032,-0.6160208848584776,-0.6257378400659523,-0.4355757076119813,118760.89914811762,0.9612268924713163
2.6144765045342124,2.5541165155262435,0.5640450673261885,-0.02382247870294038,-0.01787029403682333,-0.2642841439956032,-0.6260208848584776,-0.6357378400659524,-0.4455757076119813,119865.89914811762,0.9622244358062737
2.624476504534213,2.5841165155262438,0.6240450673261886,-0.013822478702940372,-0.007870294036823322,-0.2642841439956032,-0.6160208848584776,-0.6257378400659523,-0.4455757076119813,121040.89914811762,0.9652218341827385
2.6444765045342127,2.604116515526244,0.6440450673261886,-0.02382247870294038,-0.01787029403682333,-0.2642841439956032,-0.6260208848584776,-0.6257378400659523,-0.4255757076119813,122265.89914811762,0.9703270912170403
2.6544765045342125,2.6141165155262436,0.6740450673261886,-0.013822478702940372,-0.007870294036823322,-0.2542841439956032,-0.6360208848584776,-0.6357378400659524,-0.4255757076119813,123892.89914811762,0.9736458778381305
2.6644765045342123,2.6341165155262436,0.7040450673261887,-0.013822478702940372,0.002129705963176687,-0.2742841439956032,-0.6260208848584776,-0.6357378400659524,-0.4355757076119813,125333.89914811762,0.9746784687042229
2.674476504534213,2.6341165155262436,0.7240450673261885,-0.003822478702940363,0.012129705963176668,-0.2542841439956032,-0.6260208848584776,-0.6457378400659524,-0.4255757076119813,126850.89914811762,0.9776768207550042
2.7044765045342123,2.6641165155262434,0.7640450673261885,-0.003822478702940363,0.002129705963176687,-0.2842841439956032,-0.6560208848584776,-0.6657378400659524,-0.4555757076119813,128541.89914811762,0.9817392349243192
2.7044765045342123,2.6741165155262436,0.8040450673261885,0.006177521297059618,0.012129705963176668,-0.2842841439956032,-0.6660208848584775,-0.6657378400659524,-0.4555757076119813,130076.89914811762,0.9860321998596184
2.7044765045342123,2.6841165155262434,0.8140450673261885,-0.013822478702940372,-0.007870294036823322,-0.2842841439956032,-0.6660208848584775,-0.6757378400659524,-0.4455757076119813,131671.8991481176,0.9870645523071282
2.714476504534213,2.6941165155262436,0.8140450673261885,0.006177521297059618,0.012129705963176668,-0.2942841439956032,-0.6660208848584775,-0.6757378400659524,-0.4555757076119813,133578.8991481176,0.9902584075927727
2.7244765045342128,2.7041165155262434,0.8340450673261885,0.006177521297059618,0.012129705963176668,-0.2742841439956032,-0.6660208848584775,-0.6757378400659524,-0.4455757076119813,135411.8991481176,0.9942078113555901
2.7344765045342125,2.7141165155262437,0.8340450673261885,0.006177521297059618,0.012129705963176668,-0.2742841439956032,-0.6760208848584776,-0.6857378400659524,-0.4555757076119813,137532.8991481176,0.9982566356658928
2.7244765045342128,2.7041165155262434,0.8540450673261886,0.006177521297059618,0.012129705963176668,-0.2742841439956032,-0.6660208848584775,-0.6757378400659524,-0.4555757076119813,138903.8991481176,0.9997784614562981
2.7244765045342128,2.7041165155262434,0.8840450673261886,0.006177521297059618,0.012129705963176668,-0.2842841439956032,-0.6660208848584775,-0.6657378400659524,-0.4555757076119813,140388.8991481176,1.0028221130371087
2.7244765045342128,2.7041165155262434,0.8940450673261886,0.006177521297059618,0.012129705963176668,-0.2742841439956032,-0.6660208848584775,-0.6657378400659524,-0.4455757076119813,141909.8991481176,1.0076438903808587
2.7344765045342125,2.7041165155262434,0.9040450673261886,0.006177521297059618,0.012129705963176668,-0.2742841439956032,-0.6660208848584775,-0.6757378400659524,-0.4555757076119813,143252.8991481176,1.0104915618896477
2.7344765045342125,2.7141165155262437,0.9040450673261886,0.006177521297059618,0.012129705963176668,-0.2742841439956032,-0.6760208848584776,-0.6857378400659524,-0.4555757076119813,144745.8991481176,1.0147845268249505
2.7244765045342128,2.7041165155262434,0.9140450673261886,0.006177521297059618,0.012129705963176668,-0.2742841439956032,-0.6860208848584776,-0.6857378400659524,-0.4455757076119813,146152.8991481176,1.0155291080474846
2.7044765045342123,2.6941165155262436,0.9340450673261886,0.016177521297059627,0.022129705963176677,-0.2742841439956032,-0.6660208848584775,-0.6757378400659524,-0.4455757076119813,148067.8991481176,1.0192710876464837
2.6844765045342127,2.6641165155262434,0.8940450673261886,0.026177521297059636,0.032129705963176686,-0.2642841439956032,-0.6860208848584776,-0.6857378400659524,-0.4455757076119813,149984.8991481176,1.023534965515136
2.634476504534213,2.6341165155262436,0.8640450673261886,0.026177521297059636,0.032129705963176686,-0.2642841439956032,-0.6860208848584776,-0.6957378400659524,-0.4455757076119813,152131.8991481176,1.0268649578094475
2.6144765045342124,2.5941165155262436,0.8440450673261886,0.006177521297059618,0.022129705963176677,-0.2642841439956032,-0.7060208848584776,-0.6957378400659524,-0.4455757076119813,154486.8991481176,1.027534914016723
2.594476504534213,2.5841165155262438,0.8240450673261885,0.026177521297059636,0.04212970596317667,-0.2542841439956032,-0.6960208848584776,-0.6957378400659524,-0.4455757076119813,156673.8991481176,1.0315348625183098
2.584476504534213,2.5641165155262438,0.8140450673261885,0.03617752129705962,0.052129705963176676,-0.24428414399560316,-0.6960208848584776,-0.7057378400659524,-0.4355757076119813,158832.8991481176,1.035537672042846
2.5344765045342124,2.5441165155262437,0.8540450673261886,0.056177521297059635,0.0721297059631767,-0.2342841439956032,-0.6960208848584776,-0.6957378400659524,-0.4255757076119813,160477.8991481176,1.0395347595214837
2.5244765045342126,2.5141165155262435,0.8640450673261886,0.056177521297059635,0.062129705963176685,-0.2342841439956032,-0.6960208848584776,-0.6957378400659524,-0.4255757076119813,162580.8991481176,1.0395347595214837
2.4844765045342125,2.4741165155262435,0.9040450673261886,0.07617752129705965,0.09212970596317666,-0.2542841439956032,-0.6960208848584776,-0.6957378400659524,-0.4155757076119813,164823.8991481176,1.0432879447937005
2.4844765045342125,2.4641165155262437,0.8440450673261886,0.07617752129705965,0.0821297059631767,-0.2242841439956032,-0.6860208848584776,-0.6857378400659524,-0.4255757076119813,167018.8991481176,1.0483002185821562
2.424476504534213,2.4341165155262434,0.8640450673261886,0.07617752129705965,0.09212970596317666,-0.19428414399560318,-0.6760208848584776,-0.6857378400659524,-0.4055757076119813,169027.8991481176,1.0517971038818388
2.4144765045342123,2.4041165155262436,0.8540450673261886,0.07617752129705965,0.09212970596317666,-0.2242841439956032,-0.6860208848584776,-0.6857378400659524,-0.4255757076119813,171242.8991481176,1.0528733253478997
2.4044765045342125,2.4041165155262436,0.8540450673261886,0.0861775212970596,0.10212970596317666,-0.2242841439956032,-0.6960208848584776,-0.6857378400659524,-0.4255757076119813,173103.8991481176,1.0559508323669426
2.4044765045342125,2.4041165155262436,0.8740450673261886,0.0861775212970596,0.11212970596317667,-0.2242841439956032,-0.6860208848584776,-0.6757378400659524,-0.4355757076119813,174108.8991481176,1.060892295837398
2.344476504534213,2.3441165155262436,0.9440450673261886,0.10617752129705962,0.12212970596317668,-0.19428414399560318,-0.6760208848584776,-0.6857378400659524,-0.4255757076119813,175483.8991481176,1.0643262386321979
2.344476504534213,2.3441165155262436,0.9440450673261886,0.10617752129705962,0.12212970596317668,-0.20428414399560318,-0.6860208848584776,-0.6857378400659524,-0.4155757076119813,176414.8991481176,1.0652913570404046
2.3144765045342126,2.3241165155262435,0.9640450673261884,0.10617752129705962,0.1321297059631767,-0.1742841439956032,-0.6560208848584776,-0.6657378400659524,-0.3955757076119813,175955.8991481176,1.0680434226989703
2.264476504534213,2.2841165155262435,0.9940450673261885,0.12617752129705964,0.15212970596317665,-0.18428414399560317,-0.6560208848584776,-0.6657378400659524,-0.3955757076119813,174812.8991481176,1.072081279754638
2.2844765045342124,2.3041165155262435,1.0040450673261885,0.12617752129705964,0.1421297059631767,-0.1742841439956032,-0.6660208848584775,-0.6757378400659524,-0.3955757076119813,174155.8991481176,1.0762180805206292
2.334476504534213,2.354116515526244,1.0240450673261885,0.11617752129705963,0.1421297059631767,-0.19428414399560318,-0.6560208848584776,-0.6657378400659524,-0.3955757076119813,173102.8991481176,1.077286911010745
2.334476504534213,2.3641165155262436,1.0840450673261885,0.11617752129705963,0.1321297059631767,-0.18428414399560317,-0.6560208848584776,-0.6657378400659524,-0.4055757076119813,171781.8991481176,1.080732059478759
2.344476504534213,2.3841165155262436,1.0840450673261885,0.12617752129705964,0.1421297059631767,-0.19428414399560318,-0.6460208848584776,-0.6557378400659524,-0.4055757076119813,171262.8991481176,1.0847317695617669
2.3544765045342126,2.374116515526244,1.0740450673261885,0.13617752129705965,0.15212970596317665,-0.18428414399560317,-0.6360208848584776,-0.6457378400659524,-0.3955757076119813,170691.8991481176,1.08876891136169
2.264476504534213,2.2941165155262437,1.0540450673261885,0.1561775212970596,0.17212970596317667,-0.1642841439956032,-0.6260208848584776,-0.6257378400659523,-0.37557570761198134,169970.8991481176,1.0920893669128375
2.2044765045342123,2.2341165155262437,0.9840450673261885,0.1561775212970596,0.17212970596317667,-0.1642841439956032,-0.6260208848584776,-0.6257378400659523,-0.37557570761198134,169685.8991481176,1.092776727676391
2.174476504534213,2.1941165155262436,0.9440450673261886,0.1461775212970596,0.16212970596317666,-0.1542841439956032,-0.6260208848584776,-0.6257378400659523,-0.37557570761198134,169030.8991481176,1.0978667259216301
2.124476504534213,2.1341165155262436,0.8940450673261886,0.1461775212970596,0.18212970596317668,-0.13428414399560318,-0.6160208848584776,-0.6257378400659523,-0.3555757076119813,168641.8991481176,1.1012687206268303
2.004476504534213,2.0341165155262435,0.8540450673261886,0.18617752129705964,0.21212970596317665,-0.11428414399560322,-0.6060208848584776,-0.6057378400659523,-0.3455757076119813,168840.8991481176,1.1052424430847196
1.9544765045342125,1.9541165155262432,0.8140450673261885,0.2061775212970596,0.23212970596317667,-0.1042841439956032,-0.5960208848584776,-0.5957378400659524,-0.3355757076119813,168315.8991481176,1.1052424430847196
1.8644765045342127,1.8941165155262434,0.7940450673261885,0.2161775212970596,0.24212970596317668,-0.0942841439956032,-0.5960208848584776,-0.5957378400659524,-0.3055757076119813,167540.8991481176,1.1090483188629143
1.7144765045342127,1.7541165155262435,0.7940450673261885,0.29617752129705965,0.3221297059631767,-0.07428414399560318,-0.5860208848584776,-0.5957378400659524,-0.29557570761198126,166815.8991481176,1.114030075073238
1.6244765045342127,1.6441165155262434,0.8440450673261886,0.3361775212970597,0.36212970596317673,-0.05428414399560322,-0.5560208848584776,-0.5757378400659524,-0.29557570761198126,166362.8991481176,1.1175720214843707
1.5544765045342126,1.5841165155262433,0.8440450673261886,0.3661775212970596,0.38212970596317664,-0.05428414399560322,-0.5560208848584776,-0.5757378400659524,-0.2655757076119813,165395.8991481176,1.11859745979309
1.5144765045342128,1.5241165155262435,0.8540450673261886,0.41617752129705965,0.4421297059631767,-0.02428414399560319,-0.5560208848584776,-0.5557378400659524,-0.2755757076119813,163704.8991481176,1.1216170310974078
1.5344765045342126,1.5641165155262433,0.8540450673261886,0.43617752129705967,0.4621297059631767,-0.0042841439956031735,-0.5460208848584776,-0.5557378400659524,-0.25557570761198134,162181.8991481176,1.1259173870086663
1.5344765045342126,1.5641165155262433,0.8840450673261886,0.4861775212970596,0.5021297059631766,0.005715856004396835,-0.5460208848584776,-0.5557378400659524,-0.25557570761198134,160322.8991481176,1.1303915500640862
1.4944765045342128,1.5241165155262435,0.9340450673261886,0.5361775212970596,0.5421297059631767,-0.02428414399560319,-0.5360208848584775,-0.5557378400659524,-0.25557570761198134,158507.8991481176,1.1303915500640862
1.4644765045342127,1.5141165155262435,0.9140450673261886,0.5361775212970596,0.5621297059631767,-0.0042841439956031735,-0.5360208848584775,-0.5457378400659524,-0.2455757076119813,157260.8991481176,1.1333622455596881
1.4544765045342127,1.4941165155262435,0.9540450673261887,0.5661775212970597,0.5921297059631767,-0.0042841439956031735,-0.5260208848584775,-0.5457378400659524,-0.25557570761198134,156073.8991481176,1.1383916854858391
1.3844765045342127,1.4241165155262434,0.9040450673261886,0.5961775212970597,0.6121297059631767,0.005715856004396835,-0.5360208848584775,-0.5357378400659524,-0.2455757076119813,155220.8991481176,1.142394018173217
1.2844765045342126,1.3341165155262433,0.8940450673261886,0.6461775212970596,0.6721297059631767,0.025715856004396853,-0.5360208848584775,-0.5457378400659524,-0.2455757076119813,154519.8991481176,1.1433708190917997
1.2344765045342128,1.2841165155262433,0.8040450673261885,0.6661775212970596,0.6821297059631767,0.03571585600439686,-0.5360208848584775,-0.5457378400659524,-0.2355757076119813,153978.8991481176,1.1469015598297112
1.1944765045342127,1.2241165155262435,0.7340450673261885,0.7361775212970596,0.7621297059631766,0.04571585600439676,-0.5360208848584775,-0.5457378400659524,-0.2255757076119813,153075.8991481176,1.1498686790466301
1.1044765045342126,1.1141165155262434,0.7440450673261885,0.7761775212970596,0.8121297059631767,0.0857158560043968,-0.5160208848584775,-0.5257378400659524,-0.2155757076119813,152408.8991481176,1.1548790454864495
1.0444765045342126,1.0641165155262433,0.7340450673261885,0.8361775212970597,0.8721297059631767,0.0957158560043968,-0.5060208848584775,-0.5157378400659525,-0.2155757076119813,152171.8991481176,1.1578311443328886
0.9444765045342127,0.9841165155262435,0.6740450673261886,0.9161775212970598,0.9421297059631766,0.16571585600439676,-0.49602088485847756,-0.5157378400659525,-0.2155757076119813,151706.8991481176,1.1581995010376005
0.8844765045342127,0.9341165155262434,0.6640450673261886,0.9761775212970596,0.9921297059631766,0.13571585600439684,-0.5060208848584775,-0.5057378400659525,-0.2155757076119813,150715.8991481176,1.161914539337161
0.8144765045342127,0.8541165155262433,0.6740450673261886,0.9961775212970596,1.0121297059631766,0.16571585600439676,-0.4860208848584776,-0.5057378400659525,-0.2055757076119813,149460.8991481176,1.1669244289398186
0.7844765045342127,0.8141165155262435,0.6840450673261886,1.0461775212970597,1.0721297059631767,0.17571585600439676,-0.5060208848584775,-0.5157378400659525,-0.2055757076119813,148073.8991481176,1.1702212810516386
0.7744765045342127,0.8141165155262435,0.6840450673261886,1.0661775212970597,1.0921297059631767,0.17571585600439676,-0.4860208848584776,-0.4957378400659524,-0.2055757076119813,147000.8991481176,1.1702212810516386
0.7844765045342127,0.8141165155262435,0.7040450673261887,1.1161775212970597,1.1421297059631768,0.18571585600439677,-0.4760208848584776,-0.4957378400659524,-0.2055757076119813,145873.8991481176,1.174073410034179
0.7744765045342127,0.8041165155262435,0.6840450673261886,1.1361775212970597,1.1721297059631768,0.18571585600439677,-0.4760208848584776,-0.4957378400659524,-0.2055757076119813,144910.8991481176,1.179117155075076
0.7544765045342127,0.7941165155262435,0.6540450673261886,1.1661775212970598,1.1921297059631766,0.2157158560043968,-0.4660208848584776,-0.4957378400659524,-0.2055757076119813,144387.8991481176,1.1823780059814446
0.7344765045342126,0.7741165155262435,0.6740450673261886,1.2461775212970596,1.2521297059631766,0.2257158560043968,-0.4760208848584776,-0.5057378400659525,-0.2055757076119813,144334.8991481176,1.1831378459930377
0.6844765045342127,0.7341165155262435,0.6740450673261886,1.2761775212970596,1.2921297059631767,0.23571585600439682,-0.4860208848584776,-0.4957378400659524,-0.2055757076119813,143807.8991481176,1.187444639205932
0.6444765045342127,0.6841165155262434,0.6440450673261886,1.3061775212970597,1.3221297059631767,0.24571585600439683,-0.4660208848584776,-0.4957378400659524,-0.2055757076119813,142976.8991481176,1.1917511940002434
0.6044765045342126,0.6441165155262434,0.6040450673261886,1.3561775212970597,1.3721297059631767,0.27571585600439685,-0.4760208848584776,-0.4957378400659524,-0.2155757076119813,141911.8991481176,1.1950633049011223
0.5644765045342127,0.5941165155262433,0.5940450673261886,1.4061775212970598,1.4221297059631768,0.28571585600439686,-0.4560208848584776,-0.4857378400659524,-0.2055757076119813,140736.8991481176,1.1958987236022907
0.5544765045342127,0.5841165155262436,0.5540450673261885,1.4261775212970595,1.4521297059631766,0.3357158560043968,-0.4660208848584776,-0.4857378400659524,-0.2155757076119813,140735.8991481176,1.199311447143554
0.5344765045342127,0.5641165155262435,0.5540450673261885,1.4361775212970596,1.4621297059631766,0.3157158560043968,-0.4460208848584776,-0.46573784006595237,-0.2255757076119813,140506.8991481176,1.203978490829467
0.5144765045342127,0.5441165155262435,0.5040450673261885,1.4661775212970596,1.4921297059631766,0.3357158560043968,-0.4460208848584776,-0.4857378400659524,-0.2155757076119813,140127.8991481176,1.2077567100524895
0.5144765045342127,0.5441165155262435,0.5040450673261885,1.4861775212970596,1.4921297059631766,0.3357158560043968,-0.4660208848584776,-0.4757378400659524,-0.2155757076119813,140060.8991481176,1.2077567100524895
0.46447650453421274,0.4841165155262434,0.48404506732618846,1.5261775212970596,1.5421297059631767,0.3457158560043968,-0.4560208848584776,-0.4757378400659524,-0.2255757076119813,139467.8991481176,1.2117468833923297
0.45447650453421273,0.4841165155262434,0.5140450673261885,1.5061775212970596,1.5321297059631767,0.3457158560043968,-0.4460208848584776,-0.4757378400659524,-0.2255757076119813,139148.8991481176,1.2157566070556634
0.4244765045342127,0.4441165155262435,0.42404506732618863,1.5261775212970596,1.5521297059631767,0.3657158560043968,-0.4460208848584776,-0.46573784006595237,-0.2255757076119813,139213.8991481176,1.2207567214965849
0.4044765045342127,0.41411651552624346,0.4040450673261886,1.5461775212970597,1.5821297059631767,0.3657158560043968,-0.4460208848584776,-0.4757378400659524,-0.2255757076119813,139342.8991481176,1.223150205612182
0.37447650453421266,0.40411651552624345,0.3840450673261886,1.5561775212970597,1.5821297059631767,0.37571585600439683,-0.4460208848584776,-0.46573784006595237,-0.2255757076119813,139913.8991481176,1.2241987705230706
0.3244765045342127,0.33411651552624344,0.33404506732618855,1.5561775212970597,1.5821297059631767,0.39571585600439685,-0.43602088485847756,-0.4457378400659524,-0.2255757076119813,140794.8991481176,1.2281977653503446
0.2944765045342127,0.3141165155262434,0.2540450673261886,1.5361775212970596,1.5721297059631767,0.37571585600439683,-0.4160208848584776,-0.4457378400659524,-0.2155757076119813,141829.8991481176,1.2327644348144524
0.2744765045342127,0.28411651552624345,0.17404506732618852,1.5561775212970597,1.5821297059631767,0.37571585600439683,-0.4260208848584776,-0.4557378400659524,-0.2255757076119813,143448.8991481176,1.2360443592071562
0.2344765045342127,0.2541165155262434,0.17404506732618852,1.4861775212970596,1.5221297059631766,0.38571585600439684,-0.4160208848584776,-0.4257378400659524,-0.2155757076119813,144813.8991481176,1.2370995998382561
0.2144765045342127,0.22411651552624345,0.09404506732618856,1.5061775212970596,1.5121297059631766,0.41571585600439676,-0.3960208848584776,-0.4157378400659524,-0.2055757076119813,145720.8991481176,1.2400867462158196
0.18447650453421272,0.20411651552624344,0.024045067326188496,1.4761775212970596,1.5121297059631766,0.38571585600439684,-0.3960208848584776,-0.4157378400659524,-0.2055757076119813,146813.8991481176,1.2441117286682122
0.14447650453421268,0.16411651552624346,0.034045067326188505,1.4461775212970596,1.4721297059631766,0.3457158560043968,-0.3860208848584776,-0.40573784006595237,-0.1955757076119813,148338.8991481176,1.2483310222625725
0.12447650453421269,0.13411651552624346,-0.045954932673811455,1.4361775212970596,1.4521297059631766,0.29571585600439676,-0.3860208848584776,-0.40573784006595237,-0.1955757076119813,149659.8991481176,1.2491368770599358
0.11447650453421268,0.11411651552624344,-0.06595493267381147,1.3761775212970597,1.4021297059631768,0.25571585600439684,-0.3660208848584776,-0.3857378400659524,-0.1955757076119813,151260.8991481176,1.2531313419342034
0.09447650453421269,0.10411651552624346,-0.1059549326738114,1.3061775212970597,1.3521297059631767,0.25571585600439684,-0.3460208848584776,-0.3757378400659524,-0.1955757076119813,153673.8991481176,1.2571370124816887
0.0744765045342127,0.08411651552624344,-0.13595493267381142,1.3261775212970597,1.3621297059631767,0.23571585600439682,-0.3360208848584776,-0.3657378400659524,-0.2055757076119813,156026.8991481176,1.2603494644165032
0.05447650453421268,0.06411651552624345,-0.20595493267381143,1.3161775212970597,1.3421297059631767,0.23571585600439682,-0.3260208848584776,-0.3557378400659524,-0.1955757076119813,158271.8991481176,1.2611367225646966
0.06447650453421269,0.06411651552624345,-0.21595493267381144,1.3061775212970597,1.3321297059631767,0.24571585600439683,-0.3260208848584776,-0.3557378400659524,-0.1955757076119813,160004.8991481176,1.265705776214599
0.024476504534212684,0.024116515526243443,-0.24595493267381147,1.3061775212970597,1.3321297059631767,0.25571585600439684,-0.31602088485847757,-0.3457378400659524,-0.1955757076119813,160593.8991481176,1.2697784423828082
-0.005523495465787315,0.004116515526243453,-0.27595493267381144,1.3061775212970597,1.3221297059631767,0.25571585600439684,-0.31602088485847757,-0.3457378400659524,-0.1955757076119813,161040.8991481176,1.2729029178619378
-0.005523495465787315,-0.005883484473756556,-0.3159549326738115,1.2961775212970597,1.3321297059631767,0.29571585600439676,-0.31602088485847757,-0.3457378400659524,-0.1955757076119813,161637.8991481176,1.2738289356231682
-0.025523495465787305,-0.025883484473756546,-0.28595493267381145,1.2961775212970597,1.3021297059631767,0.25571585600439684,-0.31602088485847757,-0.3457378400659524,-0.2055757076119813,162048.8991481176,1.2780909061431878
-0.05552349546578731,-0.05588348447375655,-0.29595493267381145,1.2961775212970597,1.3221297059631767,0.27571585600439685,-0.31602088485847757,-0.3357378400659524,-0.1955757076119813,162067.8991481176,1.28113408088684
-0.05552349546578731,-0.05588348447375655,-0.26595493267381143,1.2661775212970596,1.2921297059631767,0.27571585600439685,-0.28602088485847754,-0.3157378400659524,-0.2155757076119813,162624.8991481176,1.2847673416137688
-0.05552349546578731,-0.04588348447375655,-0.27595493267381144,1.2561775212970596,1.2821297059631767,0.25571585600439684,-0.28602088485847754,-0.3157378400659524,-0.2055757076119813,163045.8991481176,1.2858020782470696
-0.05552349546578731,-0.04588348447375655,-0.27595493267381144,1.2861775212970596,1.3021297059631767,0.26571585600439684,-0.27602088485847753,-0.3157378400659524,-0.2255757076119813,163632.8991481176,1.2898122787475579
-0.06552349546578731,-0.06588348447375655,-0.30595493267381146,1.2861775212970596,1.3021297059631767,0.24571585600439683,-0.27602088485847753,-0.3157378400659524,-0.2155757076119813,164641.8991481176,1.293812704086303
-0.06552349546578731,-0.06588348447375655,-0.30595493267381146,1.2961775212970597,1.3021297059631767,0.25571585600439684,-0.28602088485847754,-0.3157378400659524,-0.2155757076119813,165172.8991481176,1.2978121757507282
-0.07552349546578731,-0.06588348447375655,-0.28595493267381145,1.2761775212970596,1.2821297059631767,0.25571585600439684,-0.26602088485847764,-0.2957378400659524,-0.2255757076119813,165311.8991481176,1.301646184921264
-0.07552349546578731,-0.06588348447375655,-0.30595493267381146,1.3061775212970597,1.3221297059631767,0.26571585600439684,-0.2560208848584776,-0.26573784006595236,-0.2155757076119813,165638.8991481176,1.3021294593811028
-0.05552349546578731,-0.05588348447375655,-0.29595493267381145,1.2761775212970596,1.3021297059631767,0.27571585600439685,-0.2260208848584776,-0.26573784006595236,-0.2255757076119813,165447.8991481176,1.30560750961304
-0.07552349546578731,-0.07588348447375655,-0.30595493267381146,1.3061775212970597,1.3221297059631767,0.25571585600439684,-0.2260208848584776,-0.26573784006595236,-0.2255757076119813,164610.8991481176,1.311022472381591
-0.07552349546578731,-0.07588348447375655,-0.30595493267381146,1.2961775212970597,1.3121297059631767,0.27571585600439685,-0.2160208848584776,-0.25573784006595235,-0.2255757076119813,163241.8991481176,1.3140098571777301
-0.07552349546578731,-0.06588348447375655,-0.30595493267381146,1.3161775212970597,1.3321297059631767,0.29571585600439676,-0.2160208848584776,-0.25573784006595235,-0.2155757076119813,161850.8991481176,1.3150212287902825
-0.07552349546578731,-0.07588348447375655,-0.28595493267381145,1.2861775212970596,1.3121297059631767,0.25571585600439684,-0.18602088485847756,-0.21573784006595242,-0.2155757076119813,160743.8991481176,1.3180138587951689
-0.07552349546578731,-0.07588348447375655,-0.24595493267381147,1.3161775212970597,1.3221297059631767,0.2157158560043968,-0.17602088485847756,-0.21573784006595242,-0.2155757076119813,159872.8991481176,1.323021364212039
-0.07552349546578731,-0.07588348447375655,-0.26595493267381143,1.2961775212970597,1.3221297059631767,0.19571585600439678,-0.15602088485847754,-0.20573784006595242,-0.2155757076119813,159377.8991481176,1.3261489391326897
-0.07552349546578731,-0.07588348447375655,-0.29595493267381145,1.3061775212970597,1.3221297059631767,0.23571585600439682,-0.14602088485847764,-0.1957378400659524,-0.2255757076119813,159332.8991481176,1.3270215511321979
-0.07552349546578731,-0.07588348447375655,-0.29595493267381145,1.2761775212970596,1.2921297059631767,0.18571585600439677,-0.14602088485847764,-0.1957378400659524,-0.2355757076119813,158911.8991481176,1.3299340724945061
-0.07552349546578731,-0.07588348447375655,-0.27595493267381144,1.2161775212970596,1.2321297059631766,0.14571585600439685,-0.11602088485847761,-0.16573784006595238,-0.2455757076119813,158928.8991481176,1.33435673713684
-0.07552349546578731,-0.06588348447375655,-0.27595493267381144,1.1761775212970595,1.1921297059631766,0.11571585600439682,-0.07602088485847758,-0.14573784006595236,-0.25557570761198134,158995.8991481176,1.3384520530700676
-0.07552349546578731,-0.07588348447375655,-0.17595493267381146,1.1661775212970598,1.1721297059631768,0.07571585600439679,-0.04602088485847755,-0.11573784006595245,-0.25557570761198134,158148.8991481176,1.339300107955932
-0.07552349546578731,-0.07588348447375655,-0.15595493267381144,1.1661775212970598,1.1821297059631766,0.025715856004396853,-0.05602088485847756,-0.10573784006595244,-0.2655757076119813,156469.8991481176,1.3423299312591546
-0.07552349546578731,-0.06588348447375655,-0.13595493267381142,1.1861775212970596,1.2121297059631766,0.04571585600439676,-0.03602088485847754,-0.09573784006595243,-0.2655757076119813,154868.8991481176,1.3473002433776884
-0.07552349546578731,-0.06588348447375655,-0.12595493267381142,1.1661775212970598,1.1821297059631766,0.03571585600439686,0.0039791151415223824,-0.0657378400659524,-0.2655757076119813,152899.8991481176,1.350725841522216
-0.07552349546578731,-0.07588348447375655,-0.13595493267381142,1.1661775212970598,1.1921297059631766,0.05571585600439677,0.013979115141522391,-0.045737840065952384,-0.2655757076119813,151336.8991481176,1.3517972946166985
-0.07552349546578731,-0.07588348447375655,-0.1059549326738114,1.1661775212970598,1.1921297059631766,0.05571585600439677,0.013979115141522391,-0.045737840065952384,-0.25557570761198134,149849.8991481176,1.3557178497314446
-0.07552349546578731,-0.06588348447375655,-0.14595493267381143,1.1561775212970598,1.1921297059631766,0.05571585600439677,0.0239791151415224,-0.035737840065952375,-0.25557570761198134,149244.8991481176,1.35870714187622
-0.07552349546578731,-0.07588348447375655,-0.17595493267381146,1.1261775212970597,1.1521297059631768,0.015715856004396844,0.03397911514152241,-0.035737840065952375,-0.2655757076119813,148911.8991481176,1.3628854274749749
-0.07552349546578731,-0.06588348447375655,-0.18595493267381147,1.0961775212970597,1.1221297059631767,0.03571585600439686,0.05397911514152243,-0.015737840065952358,-0.2755757076119813,148338.8991481176,1.366884422302249
-0.07552349546578731,-0.06588348447375655,-0.18595493267381147,1.0761775212970597,1.1121297059631767,0.015715856004396844,0.07397911514152244,-0.005737840065952349,-0.2755757076119813,147947.8991481176,1.366884422302249
-0.07552349546578731,-0.07588348447375655,-0.18595493267381147,1.0761775212970597,1.1021297059631767,-0.02428414399560319,0.08397911514152245,0.00426215993404766,-0.3055757076119813,148096.8991481176,1.3708822250366204
-0.07552349546578731,-0.06588348447375655,-0.18595493267381147,1.0661775212970597,1.0821297059631767,-0.0342841439956032,0.09397911514152246,0.024262159934047567,-0.3055757076119813,148249.8991481176,1.3758844852447503
-0.07552349546578731,-0.06588348447375655,-0.20595493267381143,1.0061775212970596,1.0221297059631766,-0.0042841439956031735,0.08397911514152245,0.014262159934047558,-0.29557570761198126,147782.8991481176,1.3790382862091022
-0.06552349546578731,-0.06588348447375655,-0.18595493267381147,1.0061775212970596,1.0021297059631766,-0.04428414399560321,0.10397911514152236,0.024262159934047567,-0.29557570761198126,146889.8991481176,1.3795792579650872
-0.07552349546578731,-0.06588348447375655,-0.16595493267381145,0.9961775212970596,1.0021297059631766,-0.05428414399560322,0.08397911514152245,0.014262159934047558,-0.3055757076119813,145926.8991481176,1.3836080551147418
-0.06552349546578731,-0.06588348447375655,-0.19595493267381148,0.9561775212970596,0.9621297059631766,-0.04428414399560321,0.12397911514152238,0.054262159934047594,-0.3055757076119813,145173.8991481176,1.3887533664703362
-0.06552349546578731,-0.05588348447375655,-0.22595493267381145,0.9561775212970596,0.9721297059631766,-0.06428414399560317,0.1339791151415224,0.054262159934047594,-0.3255757076119813,144092.8991481176,1.3914048194885247
-0.06552349546578731,-0.05588348447375655,-0.22595493267381145,0.9561775212970596,0.9421297059631766,-0.08428414399560319,0.11397911514152237,0.044262159934047585,-0.3255757076119813,143133.8991481176,1.3924717426300042
-0.06552349546578731,-0.05588348447375655,-0.20595493267381143,0.9661775212970596,0.9721297059631766,-0.06428414399560317,0.10397911514152236,0.034262159934047576,-0.3155757076119813,142320.8991481176,1.3968767642974846
-0.06552349546578731,-0.05588348447375655,-0.24595493267381147,0.9561775212970596,0.9621297059631766,-0.08428414399560319,0.09397911514152246,0.024262159934047567,-0.3255757076119813,141275.8991481176,1.4007164955139189
-0.04552349546578731,-0.04588348447375655,-0.21595493267381144,0.9561775212970596,0.9421297059631766,-0.0942841439956032,0.09397911514152246,0.044262159934047585,-0.3155757076119813,140198.8991481176,1.403955173492431
-0.05552349546578731,-0.05588348447375655,-0.23595493267381146,0.9861775212970596,0.9621297059631766,-0.06428414399560317,0.09397911514152246,0.014262159934047558,-0.29557570761198126,139257.8991481176,1.4050099372863762
-0.04552349546578731,-0.04588348447375655,-0.24595493267381147,0.9461775212970596,0.9121297059631768,-0.08428414399560319,0.11397911514152237,0.024262159934047567,-0.3055757076119813,137892.8991481176,1.4079980373382561
-0.05552349546578731,-0.05588348447375655,-0.26595493267381143,0.9261775212970595,0.9121297059631768,-0.07428414399560318,0.11397911514152237,0.054262159934047594,-0.3155757076119813,136393.8991481176,1.4130091190338128
-0.05552349546578731,-0.04588348447375655,-0.27595493267381144,0.9061775212970598,0.8821297059631767,-0.0942841439956032,0.12397911514152238,0.044262159934047585,-0.3155757076119813,135092.8991481176,1.415993404388427
-0.04552349546578731,-0.04588348447375655,-0.26595493267381143,0.8661775212970597,0.8321297059631767,-0.06428414399560317,0.11397911514152237,0.034262159934047576,-0.3055757076119813,134149.8991481176,1.415993404388427
-0.04552349546578731,-0.04588348447375655,-0.28595493267381145,0.8661775212970597,0.8221297059631767,-0.0942841439956032,0.06397911514152244,0.014262159934047558,-0.3155757076119813,133392.8991481176,1.4210075855255155
-0.04552349546578731,-0.04588348447375655,-0.30595493267381146,0.7961775212970597,0.7721297059631766,-0.1042841439956032,0.07397911514152244,0.014262159934047558,-0.3055757076119813,132755.8991481176,1.4248582839965849
-0.05552349546578731,-0.04588348447375655,-0.37595493267381147,0.8061775212970597,0.7621297059631766,-0.08428414399560319,0.0239791151415224,-0.015737840065952358,-0.3255757076119813,132182.8991481176,1.428303432464599
-0.05552349546578731,-0.04588348447375655,-0.36595493267381146,0.7561775212970596,0.7121297059631767,-0.1042841439956032,0.03397911514152241,-0.005737840065952349,-0.3155757076119813,131661.8991481176,1.4315940856933587
-0.06552349546578731,-0.06588348447375655,-0.42595493267381146,0.7761775212970596,0.7321297059631767,-0.06428414399560317,0.0039791151415223824,-0.05573784006595239,-0.3255757076119813,131096.8991481176,1.4325932979583698
-0.05552349546578731,-0.05588348447375655,-0.3859549326738114,0.7261775212970597,0.6621297059631767,-0.1042841439956032,-0.0060208848584776264,-0.045737840065952384,-0.3055757076119813,130811.89914811762,1.4365934848785393
-0.06552349546578731,-0.05588348447375655,-0.36595493267381146,0.7061775212970597,0.6621297059631767,-0.07428414399560318,-0.04602088485847755,-0.10573784006595244,-0.3155757076119813,130364.89914811762,1.4405936717987018
-0.06552349546578731,-0.05588348447375655,-0.43595493267381147,0.6761775212970597,0.6321297059631766,-0.06428414399560317,-0.026020884858477533,-0.0657378400659524,-0.3055757076119813,130559.89914811762,1.4445940971374505
-0.06552349546578731,-0.05588348447375655,-0.3859549326738114,0.6261775212970596,0.5721297059631767,-0.07428414399560318,-0.05602088485847756,-0.11573784006595245,-0.2855757076119813,130644.89914811762,1.4445940971374505
-0.06552349546578731,-0.06588348447375655,-0.4559549326738115,0.6261775212970596,0.5621297059631767,-0.08428414399560319,-0.05602088485847756,-0.08573784006595242,-0.3055757076119813,130325.89914811762,1.4499446868896477
-0.07552349546578731,-0.06588348447375655,-0.43595493267381147,0.6061775212970597,0.5421297059631767,-0.0942841439956032,-0.0960208848584776,-0.13573784006595235,-0.3055757076119813,130214.89914811762,1.4532825469970696
-0.05552349546578731,-0.04588348447375655,-0.43595493267381147,0.5861775212970597,0.5321297059631767,-0.1042841439956032,-0.11602088485847761,-0.13573784006595235,-0.3055757076119813,130769.89914811762,1.4571890354156487
-0.04552349546578731,-0.035883484473756555,-0.4459549326738115,0.5761775212970597,0.5421297059631767,-0.1042841439956032,-0.0960208848584776,-0.12573784006595234,-0.3255757076119813,131348.8991481176,1.4582445144653278
-0.05552349546578731,-0.04588348447375655,-0.47595493267381145,0.5561775212970597,0.4921297059631766,-0.13428414399560318,-0.15602088485847754,-0.1857378400659524,-0.3055757076119813,131337.8991481176,1.4612419128417997
-0.04552349546578731,-0.035883484473756555,-0.4959549326738114,0.5261775212970596,0.4721297059631767,-0.1042841439956032,-0.16602088485847755,-0.20573784006595242,-0.2855757076119813,130836.89914811762,1.466529083251956
-0.04552349546578731,-0.04588348447375655,-0.48595493267381146,0.4961775212970596,0.4521297059631767,-0.1042841439956032,-0.17602088485847756,-0.21573784006595242,-0.3055757076119813,130889.89914811762,1.4690777778625481
-0.035523495465787314,-0.04588348447375655,-0.5059549326738114,0.4661775212970597,0.42212970596317667,-0.12428414399560317,-0.2160208848584776,-0.25573784006595235,-0.3155757076119813,131136.8991481176,1.4701473236083977
-0.025523495465787305,-0.035883484473756555,-0.5359549326738114,0.43617752129705967,0.38212970596317664,-0.1042841439956032,-0.2560208848584776,-0.27573784006595237,-0.3055757076119813,131197.8991481176,1.4741475105285637
-0.025523495465787305,-0.025883484473756546,-0.5359549326738114,0.3661775212970596,0.3421297059631767,-0.11428414399560322,-0.24602088485847762,-0.24573784006595234,-0.3055757076119813,130406.89914811762,1.4783451080322259
-0.01552349546578731,-0.025883484473756546,-0.5559549326738115,0.31617752129705967,0.3021297059631767,-0.1042841439956032,-0.2260208848584776,-0.24573784006595234,-0.29557570761198126,129411.89914811762,1.481603813171386
-0.01552349546578731,-0.01588348447375655,-0.5659549326738115,0.29617752129705965,0.27212970596317665,-0.11428414399560322,-0.24602088485847762,-0.27573784006595237,-0.2855757076119813,128908.89914811762,1.482345533370971
-0.01552349546578731,-0.025883484473756546,-0.5359549326738114,0.29617752129705965,0.2621297059631767,-0.12428414399560317,-0.20602088485847758,-0.22573784006595243,-0.2855757076119813,128097.89914811762,1.4856075763702385
0.004476504534212694,0.004116515526243453,-0.5359549326738114,0.23617752129705963,0.23212970596317667,-0.1442841439956032,-0.2360208848584776,-0.26573784006595236,-0.2855757076119813,127438.89914811762,1.4906517982482903
0.004476504534212694,-0.005883484473756556,-0.5259549326738114,0.22617752129705962,0.22212970596317666,-0.13428414399560318,-0.24602088485847762,-0.26573784006595236,-0.2755757076119813,126839.89914811762,1.4946414947509759
0.004476504534212694,0.004116515526243453,-0.5259549326738114,0.18617752129705964,0.18212970596317668,-0.1442841439956032,-0.17602088485847756,-0.20573784006595242,-0.2655757076119813,126240.89914811762,1.4946414947509759
0.03447650453421269,0.024116515526243443,-0.5359549326738114,0.18617752129705964,0.1921297059631767,-0.12428414399560317,-0.19602088485847757,-0.21573784006595242,-0.2655757076119813,125817.89914811762,1.498928499221801
0.06447650453421269,0.04411651552624346,-0.5559549326738115,0.16617752129705962,0.15212970596317665,-0.11428414399560322,-0.19602088485847757,-0.22573784006595243,-0.2655757076119813,125058.89914811762,1.5022496700286858
0.0744765045342127,0.06411651552624345,-0.5759549326738115,0.16617752129705962,0.15212970596317665,-0.1042841439956032,-0.16602088485847755,-0.1957378400659524,-0.25557570761198134,124423.89914811762,1.5063960075378375
0.05447650453421268,0.04411651552624346,-0.5459549326738115,0.13617752129705965,0.1321297059631767,-0.12428414399560317,-0.16602088485847755,-0.1957378400659524,-0.25557570761198134,123502.89914811762,1.5101437091827385
0.0744765045342127,0.05411651552624344,-0.5559549326738115,0.12617752129705964,0.12212970596317668,-0.11428414399560322,-0.14602088485847764,-0.1857378400659524,-0.2455757076119813,122661.89914811762,1.510778617858886
0.1044765045342127,0.08411651552624344,-0.5659549326738115,0.11617752129705963,0.12212970596317668,-0.1042841439956032,-0.15602088485847754,-0.1857378400659524,-0.2455757076119813,121778.89914811762,1.5151998519897418
0.1044765045342127,0.08411651552624344,-0.5859549326738115,0.10617752129705962,0.11212970596317667,-0.11428414399560322,-0.13602088485847763,-0.1757378400659524,-0.25557570761198134,120919.89914811762,1.5187046051025384
0.12447650453421269,0.11411651552624344,-0.5859549326738115,0.10617752129705962,0.11212970596317667,-0.12428414399560317,-0.13602088485847763,-0.1857378400659524,-0.25557570761198134,120272.89914811762,1.5226251602172844
0.1344765045342127,0.11411651552624344,-0.5859549326738115,0.10617752129705962,0.11212970596317667,-0.0942841439956032,-0.12602088485847762,-0.16573784006595238,-0.25557570761198134,118957.89914811762,1.5233458995819085
0.1544765045342127,0.13411651552624346,-0.5759549326738115,0.11617752129705963,0.12212970596317668,-0.1042841439956032,-0.13602088485847763,-0.16573784006595238,-0.25557570761198134,117824.89914811762,1.5273255825042718
0.1744765045342127,0.14411651552624344,-0.5959549326738114,0.12617752129705964,0.12212970596317668,-0.1042841439956032,-0.11602088485847761,-0.1757378400659524,-0.25557570761198134,117313.89914811762,1.5313360214233391
0.18447650453421272,0.15411651552624345,-0.6059549326738114,0.10617752129705962,0.11212970596317667,-0.1042841439956032,-0.0960208848584776,-0.15573784006595237,-0.2455757076119813,116672.89914811762,1.5353362083435016
0.20447650453421268,0.17411651552624346,-0.5759549326738115,0.10617752129705962,0.11212970596317667,-0.11428414399560322,-0.13602088485847763,-0.16573784006595238,-0.25557570761198134,116131.89914811762,1.5353362083435016
0.2244765045342127,0.19411651552624343,-0.5959549326738114,0.10617752129705962,0.12212970596317668,-0.1042841439956032,-0.12602088485847762,-0.1757378400659524,-0.25557570761198134,115442.89914811762,1.5393366336822503
0.2444765045342127,0.22411651552624345,-0.5659549326738115,0.11617752129705963,0.11212970596317667,-0.1042841439956032,-0.17602088485847756,-0.20573784006595242,-0.2755757076119813,114357.89914811762,1.5433485031127958
0.2644765045342127,0.22411651552624345,-0.6059549326738114,0.12617752129705964,0.1321297059631767,-0.11428414399560322,-0.16602088485847755,-0.1957378400659524,-0.2755757076119813,113630.89914811762,1.5476829528808587
0.3244765045342127,0.27411651552624344,-0.6059549326738114,0.11617752129705963,0.12212970596317668,-0.1042841439956032,-0.17602088485847756,-0.20573784006595242,-0.2755757076119813,113027.89914811762,1.5476829528808587
0.3444765045342127,0.3141165155262434,-0.5759549326738115,0.11617752129705963,0.12212970596317668,-0.1042841439956032,-0.16602088485847755,-0.1957378400659524,-0.2755757076119813,112078.89914811762,1.5521599769592278
0.3944765045342127,0.34411651552624345,-0.5359549326738114,0.10617752129705962,0.11212970596317667,-0.12428414399560317,-0.17602088485847756,-0.21573784006595242,-0.29557570761198126,111433.89914811762,1.556477260589599
0.46447650453421274,0.40411651552624345,-0.5259549326738114,0.10617752129705962,0.11212970596317667,-0.11428414399560322,-0.16602088485847755,-0.21573784006595242,-0.2855757076119813,110924.89914811762,1.5596735000610344
0.5244765045342127,0.4641165155262435,-0.5659549326738115,0.10617752129705962,0.12212970596317668,-0.12428414399560317,-0.2160208848584776,-0.24573784006595234,-0.3155757076119813,110107.89914811762,1.5607492446899407
0.6044765045342126,0.5441165155262435,-0.5059549326738114,0.09617752129705961,0.11212970596317667,-0.11428414399560322,-0.2360208848584776,-0.25573784006595235,-0.3155757076119813,109168.89914811762,1.5638455867767327
0.7244765045342126,0.6641165155262434,-0.47595493267381145,0.07617752129705965,0.09212970596317666,-0.13428414399560318,-0.28602088485847754,-0.3057378400659524,-0.3255757076119813,108297.89914811762,1.5688716888427727
0.7944765045342127,0.7241165155262435,-0.4559549326738115,0.06617752129705964,0.0821297059631767,-0.13428414399560318,-0.29602088485847755,-0.3157378400659524,-0.3255757076119813,108164.89914811762,1.5728716373443596
0.8944765045342127,0.8041165155262435,-0.35595493267381145,0.046177521297059626,0.0721297059631767,-0.1442841439956032,-0.3260208848584776,-0.3457378400659524,-0.37557570761198134,107903.89914811762,1.5760681152343707
0.9744765045342128,0.8741165155262434,-0.30595493267381146,0.046177521297059626,0.062129705963176685,-0.18428414399560317,-0.3260208848584776,-0.3557378400659524,-0.3655757076119813,107152.89914811762,1.576856327056884
1.1044765045342126,1.0041165155262435,-0.24595493267381147,0.026177521297059636,0.04212970596317667,-0.18428414399560317,-0.3460208848584776,-0.3657378400659524,-0.3655757076119813,106307.89914811762,1.5798670768737786
1.2144765045342127,1.1341165155262434,-0.26595493267381143,0.016177521297059627,0.032129705963176686,-0.1742841439956032,-0.3560208848584776,-0.3857378400659524,-0.37557570761198134,105456.89914811762,1.5839659690856926
1.3444765045342126,1.2441165155262435,-0.17595493267381146,-0.003822478702940363,0.012129705963176668,-0.19428414399560318,-0.3660208848584776,-0.3857378400659524,-0.3855757076119813,105357.89914811762,1.5882303237915032
1.4744765045342128,1.3741165155262434,-0.1159549326738114,-0.013822478702940372,0.002129705963176687,-0.20428414399560318,-0.3960208848584776,-0.40573784006595237,-0.3955757076119813,104928.89914811762,1.588962030410766
1.6144765045342127,1.5041165155262435,-0.055954932673811464,-0.02382247870294038,-0.007870294036823322,-0.2242841439956032,-0.3960208848584776,-0.40573784006595237,-0.4055757076119813,104219.89914811762,1.5919801712036126
1.7544765045342128,1.6341165155262434,-0.025954932673811437,-0.03382247870294036,-0.01787029403682333,-0.2242841439956032,-0.4260208848584776,-0.4357378400659524,-0.4055757076119813,103968.89914811762,1.596969556808471
1.8744765045342127,1.7641165155262435,0.06404506732618853,-0.04382247870294037,-0.027870294036823312,-0.2542841439956032,-0.4160208848584776,-0.4457378400659524,-0.4255757076119813,103591.89914811762,1.6002575874328606
1.9344765045342125,1.8241165155262433,0.21404506732618855,-0.03382247870294036,-0.01787029403682333,-0.2642841439956032,-0.4460208848584776,-0.4757378400659524,-0.4155757076119813,103030.89914811762,1.600969982147216
2.0744765045342124,1.9541165155262432,0.21404506732618855,-0.04382247870294037,-0.027870294036823312,-0.2342841439956032,-0.49602088485847756,-0.5157378400659525,-0.4255757076119813,102883.89914811762,1.605366897583007
2.174476504534213,2.0641165155262438,0.2840450673261885,-0.04382247870294037,-0.027870294036823312,-0.2542841439956032,-0.5260208848584775,-0.5457378400659524,-0.4255757076119813,102580.89914811762,1.6092066287994378
2.2744765045342126,2.1741165155262436,0.2940450673261885,-0.04382247870294037,-0.027870294036823312,-0.24428414399560316,-0.5560208848584776,-0.5657378400659524,-0.4355757076119813,102189.89914811762,1.6126412868499749
2.374476504534213,2.2641165155262435,0.43404506732618864,-0.02382247870294038,-0.01787029403682333,-0.2642841439956032,-0.5660208848584776,-0.5857378400659524,-0.4455757076119813,101584.89914811762,1.6132528305053704
2.464476504534213,2.394116515526244,0.5640450673261885,-0.02382247870294038,-0.027870294036823312,-0.2742841439956032,-0.5860208848584776,-0.5957378400659524,-0.4455757076119813,101591.89914811762,1.6172348976135247
2.544476504534213,2.4641165155262437,0.7240450673261885,-0.03382247870294036,-0.027870294036823312,-0.2642841439956032,-0.6060208848584776,-0.6157378400659523,-0.4455757076119813,101372.89914811762,1.621074867248531
2.6144765045342124,2.5341165155262435,0.8540450673261886,-0.03382247870294036,-0.027870294036823312,-0.2642841439956032,-0.6060208848584776,-0.6157378400659523,-0.4455757076119813,100945.89914811762,1.625552606582641
2.6944765045342125,2.624116515526244,0.9640450673261884,-0.04382247870294037,-0.027870294036823312,-0.2742841439956032,-0.6260208848584776,-0.6257378400659523,-0.4455757076119813,100554.89914811762,1.625552606582641
2.7444765045342123,2.6941165155262436,1.0940450673261886,-0.04382247870294037,-0.03787029403682332,-0.2742841439956032,-0.6160208848584776,-0.6257378400659523,-0.4455757076119813,99937.89914811762,1.6295456409454339
2.8244765045342124,2.7841165155262435,1.2440450673261885,-0.05382247870294038,-0.03787029403682332,-0.2742841439956032,-0.6360208848584776,-0.6557378400659524,-0.4455757076119813,99732.89914811762,1.633552980422973
2.8644765045342124,2.8241165155262435,1.3040450673261885,-0.03382247870294036,-0.027870294036823312,-0.2942841439956032,-0.6560208848584776,-0.6657378400659524,-0.4455757076119813,99759.89914811762,1.637586307525634
2.924476504534213,2.8841165155262436,1.4140450673261886,-0.03382247870294036,-0.027870294036823312,-0.2942841439956032,-0.6660208848584775,-0.6757378400659524,-0.4555757076119813,99330.89914811762,1.6385375976562493
2.9744765045342128,2.9441165155262436,1.4940450673261887,-0.03382247870294036,-0.027870294036823312,-0.2942841439956032,-0.6660208848584775,-0.6757378400659524,-0.4455757076119813,99077.89914811762,1.6420261383056634
3.014476504534213,2.9841165155262437,1.5840450673261885,-0.03382247870294036,-0.027870294036823312,-0.3042841439956032,-0.6660208848584775,-0.6757378400659524,-0.4455757076119813,98944.89914811762,1.645228815078731
3.044476504534213,3.0141165155262435,1.6440450673261886,-0.03382247870294036,-0.027870294036823312,-0.3042841439956032,-0.6760208848584776,-0.6857378400659524,-0.4455757076119813,99085.89914811762,1.6502806663513176
3.094476504534213,3.0541165155262435,1.7140450673261884,-0.03382247870294036,-0.027870294036823312,-0.3142841439956032,-0.6760208848584776,-0.6857378400659524,-0.4555757076119813,99364.89914811762,1.6535968303680377
3.124476504534213,3.0941165155262436,1.8040450673261887,-0.04382247870294037,-0.027870294036823312,-0.3142841439956032,-0.6860208848584776,-0.6857378400659524,-0.4455757076119813,99647.89914811762,1.6543282985687284
3.1544765045342125,3.1341165155262436,1.8740450673261886,-0.04382247870294037,-0.03787029403682332,-0.3242841439956032,-0.6860208848584776,-0.6957378400659524,-0.4555757076119813,99962.89914811762,1.65830750465393
3.1944765045342125,3.1741165155262436,1.9540450673261887,-0.05382247870294038,-0.03787029403682332,-0.3242841439956032,-0.6960208848584776,-0.7057378400659524,-0.4555757076119813,99895.89914811762,1.6623281955718987
3.2244765045342128,3.2041165155262434,2.0440450673261887,-0.05382247870294038,-0.03787029403682332,-0.3342841439956032,-0.7060208848584776,-0.7057378400659524,-0.4555757076119813,100102.89914811762,1.665606212615966
3.2444765045342123,3.2341165155262437,2.114045067326188,-0.05382247870294038,-0.03787029403682332,-0.3442841439956032,-0.7060208848584776,-0.7157378400659524,-0.4555757076119813,100341.89914811762,1.6663076400756829
3.264476504534213,3.2541165155262437,2.1840450673261884,-0.04382247870294037,-0.03787029403682332,-0.3442841439956032,-0.7160208848584776,-0.7257378400659524,-0.4555757076119813,100594.89914811762,1.670967531204223
3.2844765045342124,3.2841165155262435,2.2340450673261882,-0.05382247870294038,-0.03787029403682332,-0.35428414399560315,-0.7160208848584776,-0.7257378400659524,-0.4555757076119813,100611.89914811762,1.6749298095703118
3.304476504534213,3.2941165155262437,2.2740450673261883,-0.05382247870294038,-0.03787029403682332,-0.35428414399560315,-0.7160208848584776,-0.7157378400659524,-0.4555757076119813,100756.89914811762,1.6782619476318388
3.334476504534213,3.3241165155262435,2.3040450673261885,-0.05382247870294038,-0.04787029403682333,-0.35428414399560315,-0.7160208848584776,-0.7257378400659524,-0.4455757076119813,101075.89914811762,1.6789769649505608
3.344476504534213,3.3441165155262436,2.364045067326188,-0.05382247870294038,-0.04787029403682333,-0.36428414399560316,-0.7260208848584776,-0.7257378400659524,-0.4555757076119813,100818.89914811762,1.6830751419067376
3.344476504534213,3.354116515526244,2.3840450673261886,-0.05382247870294038,-0.03787029403682332,-0.35428414399560315,-0.7160208848584776,-0.7257378400659524,-0.4555757076119813,100733.89914811762,1.687402439117431
3.3644765045342124,3.374116515526244,2.4340450673261884,-0.05382247870294038,-0.04787029403682333,-0.36428414399560316,-0.7160208848584776,-0.7257378400659524,-0.4555757076119813,100798.89914811762,1.6906768798828082
3.384476504534213,3.394116515526244,2.4740450673261885,-0.05382247870294038,-0.03787029403682332,-0.36428414399560316,-0.7260208848584776,-0.7257378400659524,-0.4555757076119813,100987.89914811762,1.6913859367370598
3.384476504534213,3.394116515526244,2.5140450673261885,-0.05382247870294038,-0.04787029403682333,-0.37428414399560317,-0.7160208848584776,-0.7257378400659524,-0.4455757076119813,100940.89914811762,1.6954071044921868
3.3944765045342127,3.4041165155262436,2.534045067326189,-0.05382247870294038,-0.03787029403682332,-0.37428414399560317,-0.7160208848584776,-0.7257378400659524,-0.4455757076119813,101103.89914811762,1.6993860721588128
3.4044765045342125,3.4141165155262434,2.5940450673261886,-0.05382247870294038,-0.03787029403682332,-0.37428414399560317,-0.7160208848584776,-0.7257378400659524,-0.4455757076119813,100466.89914811762,1.7037791728973382
3.4044765045342125,3.4241165155262436,2.624045067326189,-0.05382247870294038,-0.03787029403682332,-0.37428414399560317,-0.7160208848584776,-0.7257378400659524,-0.4455757076119813,100035.89914811762,1.7037791728973382
3.4044765045342125,3.4241165155262436,2.654045067326188,-0.05382247870294038,-0.03787029403682332,-0.3842841439956032,-0.7060208848584776,-0.7257378400659524,-0.4455757076119813,99956.89914811762,1.7068266391754108
3.4144765045342123,3.4441165155262436,2.6740450673261886,-0.05382247870294038,-0.03787029403682332,-0.3842841439956032,-0.7160208848584776,-0.7257378400659524,-0.4455757076119813,99695.89914811762,1.711159420013427
3.4144765045342123,3.4441165155262436,2.704045067326189,-0.05382247870294038,-0.03787029403682332,-0.3842841439956032,-0.7160208848584776,-0.7257378400659524,-0.4455757076119813,99404.89914811762,1.7153181552886956
3.4144765045342123,3.4441165155262436,2.744045067326189,-0.05382247870294038,-0.03787029403682332,-0.3842841439956032,-0.7060208848584776,-0.7257378400659524,-0.4455757076119813,99265.89914811762,1.7187034606933587
3.4144765045342123,3.4441165155262436,2.7640450673261885,-0.06382247870294036,-0.03787029403682332,-0.3842841439956032,-0.7060208848584776,-0.7157378400659524,-0.4455757076119813,99144.89914811762,1.7197591781616204
3.4144765045342123,3.4441165155262436,2.8040450673261885,-0.05382247870294038,-0.03787029403682332,-0.3842841439956032,-0.7060208848584776,-0.7257378400659524,-0.4455757076119813,98829.89914811762,1.7227456092834466
3.4144765045342123,3.4441165155262436,2.8340450673261888,-0.05382247870294038,-0.027870294036823312,-0.3942841439956032,-0.7060208848584776,-0.7257378400659524,-0.4455757076119813,98328.89914811762,1.727462720870971
3.4044765045342125,3.4441165155262436,2.8540450673261883,-0.04382247870294037,-0.027870294036823312,-0.3942841439956032,-0.7060208848584776,-0.7157378400659524,-0.4455757076119813,98115.89914811762,1.731969785690307
3.4044765045342125,3.4341165155262434,2.864045067326188,-0.04382247870294037,-0.027870294036823312,-0.3942841439956032,-0.7060208848584776,-0.7157378400659524,-0.4455757076119813,97808.89914811762,1.731969785690307
3.4044765045342125,3.4341165155262434,2.874045067326189,-0.04382247870294037,-0.027870294036823312,-0.3842841439956032,-0.7160208848584776,-0.7157378400659524,-0.4455757076119813,97553.89914811762,1.7359752178192096
3.4144765045342123,3.4341165155262434,2.8940450673261884,-0.04382247870294037,-0.027870294036823312,-0.3842841439956032,-0.7160208848584776,-0.7157378400659524,-0.4455757076119813,96798.89914811762,1.7399675369262688
3.4044765045342125,3.4241165155262436,2.904045067326188,-0.03382247870294036,-0.007870294036823322,-0.3842841439956032,-0.7160208848584776,-0.7157378400659524,-0.4455757076119813,96039.89914811762,1.7439732074737542
3.4044765045342125,3.4241165155262436,2.9240450673261886,-0.03382247870294036,-0.007870294036823322,-0.3842841439956032,-0.7260208848584776,-0.7157378400659524,-0.4455757076119813,95688.89914811762,1.7449526309967034
3.3944765045342127,3.4141165155262434,2.9240450673261886,-0.013822478702940372,0.002129705963176687,-0.37428414399560317,-0.7260208848584776,-0.7157378400659524,-0.4455757076119813,95155.89914811762,1.7489735603332477
3.384476504534213,3.4041165155262436,2.944045067326188,-0.013822478702940372,0.012129705963176668,-0.3842841439956032,-0.7260208848584776,-0.7157378400659524,-0.4455757076119813,94692.89914811762,1.751872253417968
3.374476504534213,3.394116515526244,2.954045067326189,-0.003822478702940363,0.012129705963176668,-0.37428414399560317,-0.7260208848584776,-0.7157378400659524,-0.4455757076119813,94071.89914811762,1.756716203689571
3.3544765045342126,3.3841165155262436,2.954045067326189,0.006177521297059618,0.022129705963176677,-0.37428414399560317,-0.7260208848584776,-0.7157378400659524,-0.4455757076119813,93492.89914811762,1.756716203689571
3.344476504534213,3.354116515526244,2.9640450673261887,0.006177521297059618,0.032129705963176686,-0.36428414399560316,-0.7160208848584776,-0.7057378400659524,-0.4455757076119813,92831.89914811762,1.7609400272369378
3.3244765045342124,3.3441165155262436,2.9640450673261887,0.016177521297059627,0.032129705963176686,-0.36428414399560316,-0.7060208848584776,-0.7057378400659524,-0.4455757076119813,92042.89914811762,1.7644559860229485
3.3144765045342126,3.3341165155262438,2.9740450673261885,0.016177521297059627,0.04212970596317667,-0.36428414399560316,-0.7160208848584776,-0.7057378400659524,-0.4455757076119813,91763.89914811762,1.7687806606292718
3.294476504534213,3.3141165155262438,2.9840450673261882,0.026177521297059636,0.04212970596317667,-0.36428414399560316,-0.7060208848584776,-0.6957378400659524,-0.4455757076119813,91106.89914811762,1.7698201656341546
3.2744765045342126,3.2941165155262437,2.9840450673261882,0.03617752129705962,0.062129705963176685,-0.35428414399560315,-0.7060208848584776,-0.6957378400659524,-0.4455757076119813,90243.89914811762,1.772793006896972
3.2444765045342123,3.2641165155262435,2.9840450673261882,0.06617752129705964,0.0821297059631767,-0.35428414399560315,-0.6960208848584776,-0.6857378400659524,-0.4455757076119813,88950.89914811762,1.7767924785614007
3.214476504534213,3.2241165155262435,2.994045067326189,0.09617752129705961,0.11212970596317667,-0.35428414399560315,-0.6960208848584776,-0.6857378400659524,-0.4455757076119813,87895.89914811762,1.7807878971099846
3.1544765045342125,3.1841165155262434,2.9840450673261882,0.12617752129705964,0.1421297059631767,-0.3342841439956032,-0.6860208848584776,-0.6757378400659524,-0.4455757076119813,86780.89914811762,1.7817878246307366
3.1144765045342124,3.1341165155262436,2.9740450673261885,0.16617752129705962,0.17212970596317667,-0.3242841439956032,-0.6860208848584776,-0.6757378400659524,-0.4455757076119813,85699.89914811762,1.784792137145999
3.0744765045342124,3.104116515526244,2.9740450673261885,0.17617752129705963,0.1921297059631767,-0.3242841439956032,-0.6660208848584775,-0.6657378400659524,-0.4455757076119813,84772.89914811762,1.7888721942901604
3.004476504534213,3.0341165155262435,2.954045067326189,0.23617752129705963,0.2521297059631767,-0.3142841439956032,-0.6560208848584776,-0.6557378400659524,-0.4455757076119813,83979.89914811762,1.7928575992584221
2.9344765045342127,2.9741165155262435,2.944045067326188,0.28617752129705964,0.3021297059631767,-0.3042841439956032,-0.6460208848584776,-0.6357378400659524,-0.4455757076119813,82786.89914811762,1.796941947937011
2.8644765045342124,2.9041165155262436,2.9240450673261886,0.3461775212970597,0.36212970596317673,-0.2842841439956032,-0.6360208848584776,-0.6457378400659524,-0.4455757076119813,81231.89914811762,1.7979449748992877
2.7844765045342124,2.8141165155262438,2.8940450673261884,0.4461775212970597,0.4721297059631767,-0.2642841439956032,-0.6460208848584776,-0.6357378400659524,-0.4455757076119813,79656.89914811762,1.8009790897369378
2.7044765045342123,2.7341165155262437,2.874045067326189,0.5461775212970597,0.5821297059631767,-0.24428414399560316,-0.6360208848584776,-0.6257378400659523,-0.4455757076119813,78149.89914811762,1.8050837039947503
2.6144765045342124,2.6541165155262436,2.8440450673261886,0.6261775212970596,0.6421297059631766,-0.2242841439956032,-0.6260208848584776,-0.6257378400659523,-0.4455757076119813,76940.89914811762,1.809403371810916
2.504476504534213,2.5541165155262435,2.7940450673261887,0.7361775212970596,0.7521297059631766,-0.19428414399560318,-0.6160208848584776,-0.6157378400659523,-0.4355757076119813,75441.89914811762,1.810064506530761
2.4044765045342125,2.4341165155262434,2.744045067326189,0.8561775212970597,0.8721297059631767,-0.1442841439956032,-0.6160208848584776,-0.6057378400659523,-0.4355757076119813,73898.89914811762,1.8134760379791288
2.294476504534213,2.354116515526244,2.704045067326189,0.9561775212970596,0.9621297059631766,-0.11428414399560322,-0.6060208848584776,-0.5957378400659524,-0.4455757076119813,72745.89914811762,1.8175401210784905
2.2044765045342123,2.2541165155262437,2.6740450673261886,1.0761775212970597,1.0921297059631767,-0.08428414399560319,-0.5960208848584776,-0.5957378400659524,-0.4355757076119813,71426.89914811762,1.8217172145843499
2.1044765045342126,2.1641165155262434,2.6340450673261886,1.1661775212970598,1.1721297059631768,-0.07428414399560318,-0.5860208848584776,-0.5957378400659524,-0.4355757076119813,70163.89914811762,1.8217172145843499
2.004476504534213,2.0641165155262438,2.6040450673261883,1.2561775212970596,1.2621297059631766,-0.014284143995603182,-0.5660208848584776,-0.5757378400659524,-0.4355757076119813,69008.89914811762,1.825994682312011
1.9444765045342127,1.9941165155262432,2.5240450673261883,1.3461775212970597,1.3521297059631767,0.025715856004396853,-0.5660208848584776,-0.5757378400659524,-0.4355757076119813,67805.89914811762,1.8304585933685296
1.8444765045342126,1.9041165155262434,2.4840450673261882,1.4361775212970596,1.4321297059631766,0.0857158560043968,-0.5560208848584776,-0.5657378400659524,-0.4355757076119813,66600.89914811762,1.8335258483886712
1.7844765045342126,1.8341165155262433,2.414045067326189,1.5061775212970596,1.5121297059631766,0.14571585600439685,-0.5460208848584776,-0.5657378400659524,-0.4355757076119813,66151.89914811762,1.8344373226165764
1.7144765045342127,1.7541165155262435,2.3440450673261886,1.5861775212970597,1.5921297059631767,0.23571585600439682,-0.5460208848584776,-0.5457378400659524,-0.4355757076119813,65222.89914811762,1.8384375095367425
1.6444765045342127,1.6941165155262434,2.2940450673261887,1.6661775212970598,1.6721297059631768,0.29571585600439676,-0.5260208848584775,-0.5357378400659524,-0.4355757076119813,64457.89914811762,1.8424536705017083
1.5644765045342126,1.6041165155262433,2.2240450673261885,1.7461775212970596,1.7521297059631766,0.37571585600439683,-0.5260208848584775,-0.5357378400659524,-0.4355757076119813,64240.89914811762,1.846377801895141
1.5044765045342128,1.5441165155262433,2.1440450673261884,1.8061775212970594,1.8221297059631767,0.4357158560043968,-0.5160208848584775,-0.5257378400659524,-0.4255757076119813,63595.89914811762,1.847431850433349
1.4144765045342127,1.4741165155262435,2.0840450673261888,1.8861775212970595,1.8821297059631767,0.5157158560043968,-0.5060208848584775,-0.5257378400659524,-0.4355757076119813,62876.89914811762,1.8504178047180169
1.3444765045342126,1.3941165155262434,2.0140450673261885,1.9661775212970596,1.9721297059631766,0.5857158560043969,-0.5060208848584775,-0.5257378400659524,-0.4255757076119813,62491.89914811762,1.8555926799774163
1.2844765045342126,1.3341165155262433,1.9340450673261886,2.0261775212970594,2.0321297059631767,0.6657158560043968,-0.4560208848584776,-0.5357378400659524,-0.4255757076119813,61898.89914811762,1.8582956314086907
1.1844765045342127,1.2941165155262433,1.8740450673261886,2.0961775212970593,2.0921297059631767,0.7157158560043968,-0.4460208848584776,-0.5457378400659524,-0.4255757076119813,61661.89914811762,1.8593444347381585
1.1544765045342127,1.2141165155262434,1.8040450673261887,2.1561775212970593,2.1621297059631766,0.7657158560043968,-0.4760208848584776,-0.5157378400659525,-0.4255757076119813,61508.89914811762,1.8636857986450188
1.1244765045342127,1.1641165155262434,1.7540450673261885,2.1961775212970593,2.212129705963177,0.8357158560043969,-0.49602088485847756,-0.5157378400659525,-0.4255757076119813,61263.89914811762,1.8676840782165556
1.0544765045342126,1.0941165155262433,1.6440450673261886,2.2761775212970594,2.2821297059631767,0.9257158560043968,-0.49602088485847756,-0.5057378400659525,-0.4155757076119813,60884.89914811762,1.8716837882995598
1.0244765045342128,1.0641165155262433,1.6040450673261886,2.306177521297059,2.3121297059631765,0.9757158560043968,-0.5060208848584775,-0.5157378400659525,-0.4155757076119813,60791.89914811762,1.8716837882995598
0.9844765045342128,1.0141165155262435,1.5540450673261887,2.3661775212970593,2.3721297059631765,1.0257158560043969,-0.5260208848584775,-0.5257378400659524,-0.4155757076119813,60824.89914811762,1.8756839752197259
0.9544765045342127,0.9841165155262435,1.4740450673261887,2.4161775212970595,2.4121297059631766,1.1157158560043967,-0.5460208848584776,-0.5457378400659524,-0.4155757076119813,60761.89914811762,1.878649425506591
0.9244765045342127,0.9641165155262434,1.4440450673261884,2.4461775212970593,2.4521297059631766,1.1557158560043967,-0.5460208848584776,-0.5557378400659524,-0.4155757076119813,60692.89914811762,1.8829645633697503
0.8844765045342127,0.9241165155262434,1.3940450673261886,2.5161775212970596,2.5121297059631766,1.2057158560043968,-0.5760208848584776,-0.5857378400659524,-0.4155757076119813,60461.89914811762,1.886917066574096
0.8644765045342127,0.8941165155262434,1.3540450673261886,2.5461775212970594,2.542129705963177,1.2357158560043968,-0.5860208848584776,-0.5957378400659524,-0.4155757076119813,60560.89914811762,1.887875032424926
0.8344765045342127,0.8741165155262434,1.3040450673261885,2.5861775212970595,2.5821297059631765,1.2757158560043969,-0.6060208848584776,-0.5957378400659524,-0.4055757076119813,60999.89914811762,1.8919796466827385
0.8144765045342127,0.8441165155262433,1.2440450673261885,2.6061775212970595,2.6121297059631767,1.335715856004397,-0.6160208848584776,-0.6057378400659523,-0.4055757076119813,60922.89914811762,1.8949472427368157
0.7744765045342127,0.8041165155262435,1.2140450673261884,2.6561775212970593,2.6621297059631766,1.3757158560043967,-0.6260208848584776,-0.6257378400659523,-0.4055757076119813,60511.89914811762,1.8989467144012444
0.7644765045342127,0.7941165155262435,1.1540450673261886,2.6861775212970596,2.6821297059631766,1.4357158560043968,-0.6560208848584776,-0.6457378400659524,-0.4055757076119813,60502.89914811762,1.8999468803405755
0.7544765045342127,0.7741165155262435,1.1440450673261886,2.7161775212970594,2.7221297059631766,1.4257158560043968,-0.6560208848584776,-0.6457378400659524,-0.4055757076119813,60517.89914811762,1.904044342041015
0.7344765045342126,0.7541165155262435,1.1140450673261886,2.7461775212970596,2.752129705963177,1.4757158560043968,-0.6660208848584775,-0.6657378400659524,-0.4055757076119813,60770.89914811762,1.9077224254608112
0.7044765045342127,0.7241165155262435,1.0440450673261885,2.7961775212970594,2.8021297059631767,1.5557158560043969,-0.6860208848584776,-0.6857378400659524,-0.4055757076119813,60745.89914811762,1.9117526531219475
0.6844765045342127,0.7241165155262435,1.0140450673261885,2.806177521297059,2.8221297059631767,1.5557158560043969,-0.6960208848584776,-0.6957378400659524,-0.4055757076119813,60386.89914811762,1.9127568721771233
0.6644765045342127,0.6941165155262434,0.9940450673261885,2.8261775212970592,2.8421297059631767,1.5857158560043967,-0.6860208848584776,-0.6957378400659524,-0.4055757076119813,59903.89914811762,1.9169365882873564
0.6544765045342127,0.6841165155262434,0.9640450673261884,2.8561775212970595,2.8621297059631767,1.6257158560043967,-0.7160208848584776,-0.7157378400659524,-0.4055757076119813,59736.89914811762,1.9209343910217278
0.6244765045342127,0.6541165155262434,0.9240450673261886,2.8861775212970593,2.8921297059631765,1.655715856004397,-0.7160208848584776,-0.7157378400659524,-0.3955757076119813,59665.89914811762,1.9249345779418903
0.6244765045342127,0.6441165155262434,0.8940450673261886,2.8961775212970595,2.9021297059631768,1.675715856004397,-0.7260208848584776,-0.7057378400659524,-0.4055757076119813,59474.89914811762,1.9249345779418903
0.6044765045342126,0.6041165155262433,0.8640450673261886,2.9161775212970595,2.922129705963177,1.7057158560043968,-0.7260208848584776,-0.7157378400659524,-0.3955757076119813,59111.89914811762,1.928914022445678
0.5844765045342127,0.5941165155262433,0.8340450673261885,2.9261775212970593,2.942129705963177,1.7357158560043966,-0.7460208848584776,-0.7257378400659524,-0.4055757076119813,58442.89914811762,1.9329344749450676
0.5744765045342127,0.5841165155262436,0.7940450673261885,2.9361775212970596,2.9521297059631766,1.7657158560043968,-0.7460208848584776,-0.7257378400659524,-0.3955757076119813,57895.89914811762,1.9365839481353753
0.5444765045342127,0.5541165155262435,0.7940450673261885,2.9661775212970594,2.9721297059631766,1.7657158560043968,-0.7460208848584776,-0.7257378400659524,-0.3955757076119813,57782.89914811762,1.9375915050506585
0.5344765045342127,0.5441165155262435,0.7740450673261885,2.9761775212970596,2.982129705963177,1.7857158560043969,-0.7660208848584775,-0.7357378400659524,-0.3955757076119813,57217.89914811762,1.9415192127227776
0.5244765045342127,0.5241165155262435,0.7340450673261885,2.9861775212970594,3.002129705963177,1.8357158560043967,-0.7660208848584775,-0.7357378400659524,-0.3955757076119813,56926.89914811762,1.9449243068695061
0.5044765045342127,0.5141165155262435,0.6840450673261886,3.0061775212970594,3.022129705963177,1.865715856004397,-0.7660208848584775,-0.7357378400659524,-0.3955757076119813,56545.89914811762,1.9496063709259026
0.5044765045342127,0.5141165155262435,0.6640450673261886,2.9961775212970596,3.0121297059631766,1.8757158560043967,-0.7560208848584776,-0.7257378400659524,-0.3855757076119813,56220.89914811762,1.9496063709259026
0.47447650453421264,0.4841165155262434,0.6640450673261886,3.0261775212970594,3.0321297059631767,1.8957158560043967,-0.7560208848584776,-0.7257378400659524,-0.3955757076119813,56105.89914811762,1.9538027763366692
0.47447650453421264,0.4841165155262434,0.6540450673261886,3.0161775212970596,3.0521297059631767,1.8957158560043967,-0.7460208848584776,-0.7157378400659524,-0.3855757076119813,55448.89914811762,1.9567710876464837
0.45447650453421273,0.4641165155262435,0.6140450673261886,3.0261775212970594,3.0621297059631765,1.9157158560043968,-0.7360208848584776,-0.7257378400659524,-0.3855757076119813,55115.89914811762,1.961717081069942
0.4344765045342127,0.4441165155262435,0.5840450673261885,3.056177521297059,3.0721297059631767,1.945715856004397,-0.7360208848584776,-0.7157378400659524,-0.3855757076119813,55086.89914811762,1.9650284767150872
0.4244765045342127,0.4441165155262435,0.5640450673261885,3.056177521297059,3.0821297059631765,1.945715856004397,-0.7560208848584776,-0.7257378400659524,-0.3855757076119813,54623.89914811762,1.9657647132873564
0.4244765045342127,0.4341165155262435,0.5640450673261885,3.0661775212970594,3.0721297059631767,1.945715856004397,-0.7360208848584776,-0.7157378400659524,-0.37557570761198134,54146.89914811762,1.9697646617889397
0.4144765045342127,0.42411651552624346,0.5440450673261885,3.0761775212970592,3.0921297059631767,1.9557158560043968,-0.7460208848584776,-0.7157378400659524,-0.37557570761198134,53851.89914811762,1.9727649211883538
0.3944765045342127,0.40411651552624345,0.5440450673261885,3.0761775212970592,3.0921297059631767,1.9357158560043968,-0.7260208848584776,-0.7057378400659524,-0.37557570761198134,53492.89914811762,1.9767446041107206
0.38447650453421267,0.39411651552624344,0.5340450673261885,3.0661775212970594,3.0921297059631767,1.925715856004397,-0.7060208848584776,-0.6957378400659524,-0.37557570761198134,53411.89914811762,1.9777507305145257
0.37447650453421266,0.39411651552624344,0.5440450673261885,3.0761775212970592,3.1021297059631765,1.9157158560043968,-0.7060208848584776,-0.6857378400659524,-0.3655757076119813,53056.89914811762,1.9814543247222893
0.3644765045342127,0.3741165155262434,0.5140450673261885,3.0761775212970592,3.1021297059631765,1.925715856004397,-0.7060208848584776,-0.6857378400659524,-0.3655757076119813,52387.89914811762,1.9864964008331292
0.3644765045342127,0.36411651552624347,0.5040450673261885,3.0661775212970594,3.0921297059631767,1.925715856004397,-0.6760208848584776,-0.6657378400659524,-0.3555757076119813,52030.89914811762,1.9895095348358112
0.3544765045342127,0.36411651552624347,0.5040450673261885,3.0661775212970594,3.0921297059631767,1.8957158560043967,-0.6860208848584776,-0.6757378400659524,-0.3555757076119813,51917.89914811762,1.9895095348358112
0.3644765045342127,0.3741165155262434,0.48404506732618846,3.0361775212970596,3.0721297059631767,1.8957158560043967,-0.6660208848584775,-0.6557378400659524,-0.3555757076119813,51620.89914811762,1.993535947799682
0.3544765045342127,0.36411651552624347,0.5240450673261885,3.0461775212970594,3.0721297059631767,1.865715856004397,-0.6560208848584776,-0.6457378400659524,-0.3455757076119813,51153.89914811762,1.9976310253143303
0.3444765045342127,0.35411651552624346,0.5040450673261885,3.0261775212970594,3.0621297059631765,1.865715856004397,-0.6460208848584776,-0.6357378400659524,-0.3455757076119813,50868.89914811762,2.0021459579467766
0.3344765045342127,0.34411651552624345,0.49404506732618847,3.0161775212970596,3.0721297059631767,1.845715856004397,-0.6360208848584776,-0.6257378400659523,-0.3355757076119813,50845.89914811762,2.0031623363494866
0.3344765045342127,0.34411651552624345,0.46404506732618844,3.0161775212970596,3.0321297059631767,1.845715856004397,-0.6060208848584776,-0.6057378400659523,-0.3355757076119813,50212.89914811762,2.0061826229095416
0.3244765045342127,0.33411651552624344,0.46404506732618844,2.9961775212970596,3.0321297059631767,1.8357158560043967,-0.5960208848584776,-0.5957378400659524,-0.3355757076119813,50153.89914811762,2.010182571411132
0.3244765045342127,0.33411651552624344,0.46404506732618844,2.9561775212970596,3.002129705963177,1.8057158560043969,-0.5660208848584776,-0.5757378400659524,-0.3255757076119813,49942.89914811762,2.014167976379394
0.3244765045342127,0.33411651552624344,0.45404506732618866,2.9261775212970593,3.022129705963177,1.7957158560043966,-0.5360208848584775,-0.5957378400659524,-0.3255757076119813,49697.89914811762,2.01516146659851
0.3244765045342127,0.33411651552624344,0.44404506732618865,2.8961775212970595,3.002129705963177,1.8057158560043969,-0.5060208848584775,-0.5657378400659524,-0.3155757076119813,49102.89914811762,2.0181841373443596
0.3044765045342127,0.32411651552624343,0.3940450673261886,2.8761775212970595,2.982129705963177,1.8157158560043967,-0.4660208848584776,-0.5457378400659524,-0.3155757076119813,48665.89914811762,2.022116374969478
0.3044765045342127,0.32411651552624343,0.3840450673261886,2.8261775212970592,2.9521297059631766,1.8057158560043969,-0.4260208848584776,-0.5157378400659525,-0.3055757076119813,48344.89914811762,2.0269121646881096
0.2944765045342127,0.3141165155262434,0.3940450673261886,2.7961775212970594,2.922129705963177,1.7857158560043969,-0.4060208848584776,-0.4957378400659524,-0.3055757076119813,47759.89914811762,2.0269121646881096
0.2944765045342127,0.3141165155262434,0.3840450673261886,2.7761775212970594,2.9121297059631766,1.7857158560043969,-0.37602088485847757,-0.46573784006595237,-0.3055757076119813,47528.89914811762,2.03054494857788
0.2844765045342127,0.30411651552624347,0.34404506732618856,2.7561775212970594,2.8421297059631767,1.7657158560043968,-0.3660208848584776,-0.40573784006595237,-0.29557570761198126,47239.89914811762,2.03503770828247
0.2944765045342127,0.29411651552624346,0.3740450673261886,2.7261775212970596,2.8021297059631767,1.7757158560043966,-0.3260208848584776,-0.3757378400659524,-0.2855757076119813,46804.89914811762,2.0395514488220208
0.2844765045342127,0.29411651552624346,0.4040450673261886,2.6961775212970593,2.772129705963177,1.7257158560043968,-0.28602088485847754,-0.3357378400659524,-0.2855757076119813,46759.89914811762,2.04260964393616
0.2944765045342127,0.30411651552624347,0.3840450673261886,2.6361775212970593,2.7221297059631766,1.695715856004397,-0.24602088485847762,-0.3057378400659524,-0.2855757076119813,46292.89914811762,2.04260964393616
0.2844765045342127,0.29411651552624346,0.4040450673261886,2.6061775212970595,2.692129705963177,1.675715856004397,-0.20602088485847758,-0.26573784006595236,-0.2855757076119813,46089.89914811762,2.0475396633148186
0.2744765045342127,0.28411651552624345,0.44404506732618865,2.556177521297059,2.6621297059631766,1.6657158560043968,-0.15602088485847754,-0.22573784006595243,-0.2755757076119813,45786.89914811762,2.051613044738769
0.2644765045342127,0.28411651552624345,0.48404506732618846,2.5061775212970594,2.6521297059631768,1.6257158560043967,-0.1060208848584776,-0.21573784006595242,-0.2655757076119813,45431.89914811762,2.0552620410919182
0.2644765045342127,0.27411651552624344,0.44404506732618865,2.4561775212970596,2.5821297059631765,1.595715856004397,-0.05602088485847756,-0.16573784006595238,-0.2655757076119813,45032.89914811762,2.056299400329589
0.25447650453421267,0.27411651552624344,0.47404506732618845,2.3661775212970593,2.5821297059631765,1.5557158560043969,0.03397911514152241,-0.1757378400659524,-0.2655757076119813,44985.89914811762,2.059298706054687
0.2444765045342127,0.26411651552624343,0.47404506732618845,2.3261775212970592,2.542129705963177,1.5557158560043969,0.09397911514152246,-0.12573784006595234,-0.25557570761198134,44460.89914811762,2.0633034229278557
0.2444765045342127,0.26411651552624343,0.48404506732618846,2.306177521297059,2.442129705963177,1.5057158560043966,0.11397911514152237,-0.005737840065952349,-0.2455757076119813,44207.89914811762,2.0683006763458245
0.2344765045342127,0.2541165155262434,0.46404506732618844,2.2561775212970594,2.3821297059631767,1.4957158560043968,0.1539791151415224,0.044262159934047585,-0.2455757076119813,44394.89914811762,2.0683006763458245
0.2444765045342127,0.26411651552624343,0.46404506732618844,2.2061775212970596,2.3221297059631767,1.4857158560043966,0.20397911514152245,0.09426215993404763,-0.2455757076119813,44059.89914811762,2.072299194335937
0.2444765045342127,0.2541165155262434,0.45404506732618866,2.1361775212970593,2.2621297059631766,1.4857158560043966,0.2539791151415225,0.15426215993404757,-0.2455757076119813,43928.89914811762,2.076736164093017
0.2444765045342127,0.2541165155262434,0.45404506732618866,2.0661775212970594,2.1821297059631766,1.4657158560043968,0.33397911514152234,0.23426215993404764,-0.2255757076119813,43913.89914811762,2.0801271915435784
0.2344765045342127,0.24411651552624347,0.44404506732618865,2.0361775212970596,2.1421297059631765,1.4357158560043968,0.3739791151415224,0.2742621599340477,-0.2255757076119813,43884.89914811762,2.0810927867889397
0.2344765045342127,0.24411651552624347,0.43404506732618864,1.9761775212970598,2.0921297059631767,1.3857158560043967,0.43397911514152243,0.3242621599340475,-0.2155757076119813,44019.89914811762,2.0842077255249016
0.2444765045342127,0.2541165155262434,0.45404506732618866,1.9361775212970598,2.0521297059631767,1.3857158560043967,0.46397911514152246,0.36426215993404754,-0.2155757076119813,43984.89914811762,2.0888626098632805
0.2344765045342127,0.24411651552624347,0.43404506732618864,1.8561775212970597,1.9821297059631768,1.3657158560043967,0.5239791151415225,0.4142621599340476,-0.2055757076119813,43843.89914811762,2.0929078578948968
0.2244765045342127,0.24411651552624347,0.4040450673261886,1.8061775212970594,1.9121297059631766,1.3557158560043967,0.5839791151415223,0.47426215993404763,-0.2055757076119813,43826.89914811762,2.0929078578948968
0.20447650453421268,0.21411651552624344,0.3940450673261886,1.7461775212970596,1.8721297059631765,1.3157158560043969,0.6639791151415224,0.5442621599340477,-0.1955757076119813,43945.89914811762,2.0961205482482903
0.20447650453421268,0.21411651552624344,0.4140450673261886,1.7061775212970596,1.8421297059631767,1.2757158560043969,0.6839791151415224,0.5642621599340477,-0.1955757076119813,44146.89914811762,2.100172472000118
0.20447650453421268,0.22411651552624345,0.4140450673261886,1.6461775212970597,1.7821297059631767,1.2357158560043968,0.7539791151415225,0.6242621599340475,-0.18557570761198128,44135.89914811762,2.1049084186553983
0.19447650453421267,0.21411651552624344,0.44404506732618865,1.6161775212970597,1.7821297059631767,1.2057158560043968,0.8139791151415223,0.6042621599340475,-0.18557570761198128,43914.89914811762,2.107770872116088
0.20447650453421268,0.21411651552624344,0.46404506732618844,1.5861775212970597,1.7121297059631766,1.1457158560043967,0.8339791151415223,0.6942621599340476,-0.18557570761198128,43865.89914811762,2.1088613986968987
0.19447650453421267,0.21411651552624344,0.45404506732618866,1.5561775212970597,1.6821297059631766,1.1257158560043967,0.8739791151415224,0.7442621599340477,-0.18557570761198128,44032.89914811762,2.1128615856170647
0.19447650453421267,0.20411651552624344,0.47404506732618845,1.5161775212970596,1.6421297059631768,1.085715856004397,0.9239791151415224,0.7242621599340476,-0.17557570761198132,44225.89914811762,2.116954278945922
0.18447650453421272,0.19411651552624343,0.47404506732618845,1.4661775212970596,1.6121297059631767,1.095715856004397,0.9839791151415225,0.8242621599340475,-0.1555757076119813,44096.89914811762,2.120659065246585
0.1644765045342127,0.17411651552624346,0.44404506732618865,1.4161775212970598,1.6421297059631768,1.0457158560043969,1.0539791151415223,0.8642621599340475,-0.1555757076119813,43703.89914811762,2.1213185310363762
0.1744765045342127,0.18411651552624347,0.43404506732618864,1.3661775212970597,1.5321297059631767,1.0657158560043969,1.1139791151415224,0.8842621599340476,-0.1555757076119813,43382.89914811762,2.125318241119384
0.1644765045342127,0.17411651552624346,0.43404506732618864,1.3161775212970597,1.4821297059631766,1.0457158560043969,1.1639791151415224,0.9042621599340476,-0.1355757076119813,43389.89914811762,2.129298400878902
0.1544765045342127,0.16411651552624346,0.4140450673261886,1.2661775212970596,1.4221297059631768,1.0257158560043969,1.2039791151415224,1.0542621599340478,-0.12557570761198128,43162.89914811762,2.1328706264495843
0.1344765045342127,0.14411651552624344,0.42404506732618863,1.2161775212970596,1.3821297059631767,1.0257158560043969,1.2739791151415223,1.1042621599340476,-0.10557570761198132,42629.89914811762,2.133951377868648
0.1344765045342127,0.15411651552624345,0.4140450673261886,1.1961775212970596,1.2921297059631767,0.9557158560043968,1.3039791151415225,1.1942621599340475,-0.07557570761198129,42184.89914811762,2.137385320663448
0.12447650453421269,0.13411651552624346,0.3940450673261886,1.1261775212970597,1.2421297059631766,0.9257158560043968,1.3739791151415224,1.2442621599340473,-0.025575707611981302,41491.89914811762,2.1412105083465605
0.11447650453421268,0.12411651552624345,0.34404506732618856,1.0961775212970597,1.2221297059631766,0.9057158560043967,1.4039791151415226,1.2742621599340476,0.044424292388018705,40846.89914811762,2.146262836456298
0.11447650453421268,0.11411651552624344,0.34404506732618856,1.0561775212970597,1.1721297059631768,0.8657158560043967,1.4239791151415222,1.3142621599340476,0.12442429238801866,39689.89914811762,2.146262836456298
0.1044765045342127,0.10411651552624346,0.2540450673261886,1.0061775212970596,1.1021297059631767,0.8357158560043969,1.4739791151415225,1.3842621599340474,0.23442429238801865,38960.89914811762,2.1493732452392535
0.08447650453421268,0.08411651552624344,0.23404506732618857,0.9661775212970596,1.0521297059631767,0.8057158560043969,1.5239791151415223,1.4442621599340475,0.32442429238801873,37821.89914811762,2.1545388221740716
0.08447650453421268,0.08411651552624344,0.20404506732618855,0.8961775212970597,0.9821297059631766,0.7857158560043969,1.6439791151415224,1.5442621599340476,0.3944242923880187,37288.89914811762,2.1583816528320305
0.0744765045342127,0.07411651552624346,0.18404506732618853,0.8161775212970597,0.9321297059631766,0.7957158560043969,1.6939791151415222,1.6042621599340476,0.4444242923880187,36087.89914811762,2.1583816528320305
0.0444765045342127,0.04411651552624346,0.1640450673261885,0.7861775212970596,0.8721297059631767,0.7457158560043968,1.7739791151415223,1.6942621599340475,0.5644242923880187,34940.89914811762,2.16238088607788
0.0444765045342127,0.04411651552624346,0.1440450673261886,0.7361775212970596,0.8421297059631767,0.7257158560043968,1.8239791151415226,1.7642621599340473,0.6444242923880188,34171.89914811762,2.1663813114166217
0.0444765045342127,0.03411651552624345,0.09404506732618856,0.6961775212970597,0.7621297059631766,0.6557158560043967,1.8839791151415226,1.8442621599340474,0.7544242923880187,33406.89914811762,2.1703810214996366
0.0444765045342127,0.03411651552624345,0.09404506732618856,0.6361775212970596,0.7121297059631767,0.6157158560043967,1.9239791151415222,1.8942621599340477,0.8344242923880187,32613.899148117616,2.1739058017730706
0.03447650453421269,0.03411651552624345,0.024045067326188496,0.5761775212970597,0.6521297059631767,0.5957158560043969,2.0039791151415223,1.9842621599340475,1.0044242923880187,32236.899148117616,2.174905014038089
0.014476504534212689,0.014116515526243448,-0.055954932673811464,0.5361775212970596,0.6021297059631767,0.5657158560043969,2.0639791151415223,2.0442621599340476,1.1444242923880188,31493.899148117616,2.178132724761962
-0.005523495465787315,-0.005883484473756556,-0.1159549326738114,0.5161775212970596,0.5821297059631767,0.5157158560043968,2.1239791151415224,2.1142621599340474,1.3644242923880188,30166.899148117616,2.182237577438354
0.004476504534212694,-0.005883484473756556,-0.1059549326738114,0.4961775212970596,0.5321297059631767,0.4857158560043968,2.1639791151415224,2.1742621599340475,1.4144242923880186,29727.899148117616,2.1861879348754876
-0.01552349546578731,-0.01588348447375655,-0.17595493267381146,0.4661775212970597,0.5121297059631766,0.4857158560043968,2.2139791151415222,2.2242621599340473,1.5444242923880185,28902.899148117616,2.1861879348754876
-0.025523495465787305,-0.025883484473756546,-0.18595493267381147,0.43617752129705967,0.5121297059631766,0.4657158560043968,2.2739791151415223,2.2742621599340476,1.6144242923880188,27945.899148117616,2.190221738815307
-0.035523495465787314,-0.035883484473756555,-0.20595493267381143,0.4461775212970597,0.4821297059631767,0.4557158560043968,2.2939791151415223,2.3142621599340476,1.6744242923880188,27300.899148117616,2.194369983673095
-0.035523495465787314,-0.035883484473756555,-0.19595493267381148,0.41617752129705965,0.4621297059631767,0.42571585600439676,2.3039791151415225,2.3242621599340474,1.7344242923880189,26899.899148117616,2.1982802867889397
-0.035523495465787314,-0.025883484473756546,-0.22595493267381145,0.40617752129705964,0.4521297059631767,0.40571585600439686,2.3339791151415223,2.3542621599340476,1.8244242923880187,26448.899148117616,2.1995138645172077
-0.035523495465787314,-0.035883484473756555,-0.23595493267381146,0.3661775212970596,0.41212970596317666,0.39571585600439685,2.3639791151415226,2.3642621599340474,1.8644242923880188,26501.899148117616,2.2030908584594755
-0.035523495465787314,-0.035883484473756555,-0.24595493267381147,0.3561775212970597,0.40212970596317665,0.3457158560043968,2.3739791151415224,2.3842621599340474,1.9344242923880186,26622.899148117616,2.2079154968261676
-0.04552349546578731,-0.04588348447375655,-0.26595493267381143,0.3561775212970597,0.40212970596317665,0.3257158560043968,2.3939791151415224,2.4042621599340475,1.9844242923880189,26473.899148117616,2.2108628273010247
-0.04552349546578731,-0.05588348447375655,-0.28595493267381145,0.30617752129705966,0.36212970596317673,0.30571585600439677,2.4339791151415224,2.4342621599340477,2.0444242923880185,26492.899148117616,2.211586427688598
-0.04552349546578731,-0.05588348447375655,-0.3159549326738115,0.29617752129705965,0.3521297059631767,0.29571585600439676,2.4339791151415224,2.4242621599340475,2.0944242923880187,26267.899148117616,2.215565633773803
-0.04552349546578731,-0.05588348447375655,-0.33595493267381143,0.27617752129705964,0.3421297059631767,0.26571585600439684,2.443979115141522,2.4342621599340477,2.2044242923880186,26084.899148117616,2.219587039947509
-0.05552349546578731,-0.05588348447375655,-0.36595493267381146,0.22617752129705962,0.28212970596317666,0.2157158560043968,2.4739791151415225,2.4742621599340473,2.254424292388019,25925.899148117616,2.223566007614135
-0.04552349546578731,-0.05588348447375655,-0.37595493267381147,0.22617752129705962,0.27212970596317665,0.2157158560043968,2.4839791151415223,2.4842621599340475,2.3044242923880187,25410.899148117616,2.223566007614135
-0.05552349546578731,-0.05588348447375655,-0.3859549326738114,0.2061775212970596,0.2521297059631767,0.18571585600439677,2.4939791151415225,2.5042621599340475,2.3444242923880187,25309.899148117616,2.2265748500824003
-0.05552349546578731,-0.05588348447375655,-0.40595493267381144,0.18617752129705964,0.22212970596317666,0.16571585600439676,2.4939791151415225,2.5142621599340473,2.3944242923880186,25018.899148117616,2.231177043914794
-0.05552349546578731,-0.05588348447375655,-0.40595493267381144,0.1561775212970596,0.1921297059631767,0.15571585600439686,2.5039791151415223,2.5242621599340476,2.4344242923880186,24553.899148117616,2.2355939865112298
-0.05552349546578731,-0.05588348447375655,-0.41595493267381145,0.1461775212970596,0.18212970596317668,0.11571585600439682,2.5039791151415223,2.5342621599340474,2.4744242923880186,24520.899148117616,2.236594152450561
-0.05552349546578731,-0.05588348447375655,-0.41595493267381145,0.11617752129705963,0.1421297059631767,0.06571585600439678,2.5139791151415225,2.5342621599340474,2.5344242923880187,24313.899148117616,2.2395939350128167
-0.05552349546578731,-0.06588348447375655,-0.42595493267381146,0.10617752129705962,0.1421297059631767,0.05571585600439677,2.5139791151415225,2.5342621599340474,2.5744242923880187,23820.899148117616,2.2435707569122307
-0.05552349546578731,-0.05588348447375655,-0.4559549326738115,0.10617752129705962,0.1321297059631767,0.025715856004396853,2.5039791151415223,2.5342621599340474,2.654424292388019,23721.899148117616,2.248598289489742
-0.05552349546578731,-0.05588348447375655,-0.4459549326738115,0.07617752129705965,0.12212970596317668,0.025715856004396853,2.4839791151415223,2.5242621599340476,2.654424292388019,23154.899148117616,2.25122423171997
-0.06552349546578731,-0.06588348447375655,-0.46595493267381144,0.046177521297059626,0.09212970596317666,-0.014284143995603182,2.4939791151415225,2.5242621599340476,2.694424292388019,22621.899148117616,2.252235603332519
-0.06552349546578731,-0.06588348447375655,-0.46595493267381144,0.026177521297059636,0.062129705963176685,-0.02428414399560319,2.4739791151415225,2.5242621599340476,2.7244242923880186,22480.899148117616,2.2562422275543206
-0.06552349546578731,-0.06588348447375655,-0.4959549326738114,0.026177521297059636,0.04212970596317667,-0.07428414399560318,2.4839791151415223,2.5142621599340473,2.774424292388019,22207.899148117616,2.2605266094207757
-0.06552349546578731,-0.06588348447375655,-0.5059549326738114,0.016177521297059627,0.032129705963176686,-0.08428414399560319,2.4539791151415224,2.4942621599340473,2.8144242923880185,21886.899148117616,2.2632765293121295
-0.06552349546578731,-0.06588348447375655,-0.5259549326738114,0.006177521297059618,0.022129705963176677,-0.1042841439956032,2.4539791151415224,2.4942621599340473,2.8544242923880185,21301.899148117616,2.264277410507198
-0.07552349546578731,-0.06588348447375655,-0.5259549326738114,0.006177521297059618,0.012129705963176668,-0.1042841439956032,2.423979115141522,2.4742621599340473,2.8744242923880186,20714.899148117616,2.2682804584503202
-0.07552349546578731,-0.07588348447375655,-0.5259549326738114,-0.013822478702940372,0.002129705963176687,-0.13428414399560318,2.4339791151415224,2.4842621599340475,2.8944242923880186,20177.899148117616,2.272466611862182
-0.06552349546578731,-0.06588348447375655,-0.5259549326738114,-0.013822478702940372,-0.007870294036823322,-0.12428414399560317,2.3939791151415224,2.4542621599340473,2.9144242923880186,19640.899148117616,2.276098203659057
-0.06552349546578731,-0.06588348447375655,-0.5359549326738114,-0.03382247870294036,-0.01787029403682333,-0.13428414399560318,2.3839791151415226,2.4442621599340475,2.944424292388019,19475.899148117616,2.2771417617797844
-0.06552349546578731,-0.06588348447375655,-0.5459549326738115,-0.02382247870294038,-0.007870294036823322,-0.1442841439956032,2.3739791151415224,2.4242621599340475,2.964424292388019,19086.899148117616,2.280143690109252
-0.06552349546578731,-0.06588348447375655,-0.5459549326738115,-0.04382247870294037,-0.027870294036823312,-0.1642841439956032,2.3439791151415226,2.4142621599340477,2.984424292388019,18921.899148117616,2.2843324661254876
-0.06552349546578731,-0.06588348447375655,-0.5559549326738115,-0.03382247870294036,-0.01787029403682333,-0.1642841439956032,2.3239791151415226,2.3842621599340474,3.004424292388019,18608.899148117616,2.2885062217712395
-0.06552349546578731,-0.06588348447375655,-0.5559549326738115,-0.04382247870294037,-0.03787029403682332,-0.1642841439956032,2.3039791151415225,2.3642621599340474,3.004424292388019,17839.899148117616,2.2895593166351276
-0.06552349546578731,-0.07588348447375655,-0.5559549326738115,-0.04382247870294037,-0.03787029403682332,-0.1442841439956032,2.2839791151415225,2.3542621599340476,3.004424292388019,17324.899148117616,2.2937485694885247
-0.07552349546578731,-0.07588348447375655,-0.5559549326738115,-0.04382247870294037,-0.027870294036823312,-0.18428414399560317,2.2239791151415225,2.2942621599340476,3.0144242923880187,17287.899148117616,2.2979270935058587
-0.07552349546578731,-0.07588348447375655,-0.5559549326738115,-0.03382247870294036,-0.027870294036823312,-0.19428414399560318,2.1339791151415226,2.2642621599340473,3.024424292388019,16836.899148117616,2.3016533374786405
-0.07552349546578731,-0.07588348447375655,-0.5459549326738115,-0.04382247870294037,-0.027870294036823312,-0.19428414399560318,2.0839791151415223,2.2042621599340473,3.0444242923880185,16383.899148117616,2.3016533374786405
-0.06552349546578731,-0.07588348447375655,-0.5659549326738115,-0.03382247870294036,-0.027870294036823312,-0.2142841439956032,2.0239791151415223,2.1542621599340475,3.0344242923880187,15908.899148117616,2.3051039695739703
-0.06552349546578731,-0.06588348447375655,-0.5559549326738115,-0.04382247870294037,-0.027870294036823312,-0.2242841439956032,1.9439791151415222,2.0742621599340474,3.0444242923880185,14887.899148117616,2.3100838184356682
-0.06552349546578731,-0.06588348447375655,-0.5559549326738115,-0.03382247870294036,-0.03787029403682332,-0.2142841439956032,1.8839791151415226,1.9842621599340475,3.0544242923880187,14574.899148117616,2.314083290100097
-0.07552349546578731,-0.07588348447375655,-0.5559549326738115,-0.03382247870294036,-0.027870294036823312,-0.24428414399560316,1.8339791151415223,1.9042621599340475,3.0444242923880185,14061.899148117616,2.317318153381347
-0.07552349546578731,-0.07588348447375655,-0.5459549326738115,-0.03382247870294036,-0.027870294036823312,-0.2342841439956032,1.7739791151415223,1.8342621599340476,3.0344242923880187,13280.899148117616,2.318083238601684
-0.06552349546578731,-0.06588348447375655,-0.5459549326738115,-0.02382247870294038,-0.01787029403682333,-0.2142841439956032,1.7039791151415224,1.7642621599340473,3.024424292388019,12813.899148117616,2.3213994026184075
-0.06552349546578731,-0.07588348447375655,-0.5459549326738115,-0.02382247870294038,-0.01787029403682333,-0.2342841439956032,1.6239791151415224,1.6942621599340475,3.0144242923880187,12148.899148117616,2.3267533302307157
-0.06552349546578731,-0.06588348447375655,-0.5459549326738115,-0.013822478702940372,-0.01787029403682333,-0.2342841439956032,1.6239791151415224,1.6942621599340475,2.9944242923880187,11875.899148117616,2.3290311813354485
-0.06552349546578731,-0.06588348447375655,-0.5359549326738114,-0.02382247870294038,-0.01787029403682333,-0.24428414399560316,1.5639791151415223,1.6342621599340474,3.004424292388019,11668.899148117616,2.330100488662719
-0.06552349546578731,-0.06588348447375655,-0.5359549326738114,-0.02382247870294038,-0.027870294036823312,-0.2342841439956032,1.5539791151415225,1.6242621599340477,2.9944242923880187,11131.899148117616,2.3346092224121087
-0.06552349546578731,-0.06588348447375655,-0.5359549326738114,-0.03382247870294036,-0.027870294036823312,-0.2242841439956032,1.5539791151415225,1.6242621599340477,2.984424292388019,10896.899148117616,2.3389484405517607
-0.06552349546578731,-0.06588348447375655,-0.5359549326738114,-0.03382247870294036,-0.027870294036823312,-0.2242841439956032,1.5539791151415225,1.6142621599340474,2.984424292388019,10319.899148117616,2.3419489383697503
-0.06552349546578731,-0.06588348447375655,-0.5359549326738114,-0.03382247870294036,-0.027870294036823312,-0.2242841439956032,1.5339791151415225,1.5942621599340474,2.964424292388019,10244.899148117616,2.342956495285037
-0.06552349546578731,-0.06588348447375655,-0.5259549326738114,-0.02382247870294038,-0.01787029403682333,-0.2342841439956032,1.4839791151415223,1.5542621599340474,2.9544242923880186,10211.899148117616,2.3462833881378167
-0.06552349546578731,-0.06588348447375655,-0.5159549326738114,-0.02382247870294038,-0.01787029403682333,-0.2142841439956032,1.3939791151415224,1.4742621599340473,2.9144242923880186,10342.899148117616,2.3506953239440875
-0.06552349546578731,-0.06588348447375655,-0.5159549326738114,-0.02382247870294038,-0.01787029403682333,-0.2242841439956032,1.3139791151415223,1.4042621599340475,2.884424292388019,10335.899148117616,2.35396499633789
-0.05552349546578731,-0.06588348447375655,-0.5059549326738114,-0.02382247870294038,-0.01787029403682333,-0.2142841439956032,1.2439791151415225,1.3142621599340476,2.8244242923880187,10138.899148117616,2.3546990871429436
-0.06552349546578731,-0.06588348447375655,-0.5059549326738114,-0.03382247870294036,-0.01787029403682333,-0.20428414399560318,1.1839791151415224,1.2642621599340473,2.7644242923880187,9943.899148117616,2.3586992740631096
-0.04552349546578731,-0.04588348447375655,-0.48595493267381146,-0.02382247870294038,-0.01787029403682333,-0.20428414399560318,1.1239791151415224,1.1942621599340475,2.714424292388019,9904.899148117616,2.362672281265258
-0.04552349546578731,-0.05588348447375655,-0.48595493267381146,-0.02382247870294038,-0.01787029403682333,-0.1742841439956032,1.0539791151415223,1.1342621599340474,2.6644242923880186,9785.899148117616,2.3665472984313993
-0.04552349546578731,-0.04588348447375655,-0.47595493267381145,-0.02382247870294038,-0.01787029403682333,-0.1642841439956032,1.0339791151415225,1.0842621599340476,2.5944242923880187,9184.899148117616,2.3675882339477567
-0.035523495465787314,-0.035883484473756555,-0.47595493267381145,-0.02382247870294038,-0.01787029403682333,-0.1442841439956032,0.9639791151415225,1.0342621599340478,2.524424292388019,8331.899148117616,2.3716048717498808
-0.035523495465787314,-0.04588348447375655,-0.47595493267381145,-0.02382247870294038,0.002129705963176687,-0.1742841439956032,0.9039791151415224,0.9742621599340476,2.484424292388019,7978.899148117616,2.3757018566131585
-0.035523495465787314,-0.035883484473756555,-0.46595493267381144,-0.003822478702940363,0.002129705963176687,-0.1642841439956032,0.8439791151415224,0.9042621599340476,2.444424292388019,7539.899148117616,2.3790034770965605
-0.035523495465787314,-0.035883484473756555,-0.4559549326738115,-0.003822478702940363,0.012129705963176668,-0.1442841439956032,0.7739791151415225,0.8442621599340475,2.3044242923880187,7472.899148117616,2.3827988624572747
-0.035523495465787314,-0.035883484473756555,-0.4459549326738115,-0.013822478702940372,0.002129705963176687,-0.13428414399560318,0.7639791151415225,0.8242621599340475,2.214424292388019,7903.899148117616,2.383858394622802
-0.035523495465787314,-0.035883484473756555,-0.43595493267381147,-0.02382247870294038,-0.01787029403682333,-0.11428414399560322,0.7239791151415225,0.7742621599340477,2.1244242923880186,7702.899148117616,2.386982870101928
-0.035523495465787314,-0.035883484473756555,-0.43595493267381147,-0.03382247870294036,-0.027870294036823312,-0.11428414399560322,0.6739791151415224,0.7342621599340476,2.0344242923880187,7227.899148117616,2.3909990310668903
-0.035523495465787314,-0.035883484473756555,-0.41595493267381145,-0.02382247870294038,-0.027870294036823312,-0.12428414399560317,0.6439791151415224,0.6942621599340476,1.9444242923880188,6504.899148117616,2.3949949264526396
-0.035523495465787314,-0.035883484473756555,-0.40595493267381144,-0.003822478702940363,0.002129705963176687,-0.1042841439956032,0.6339791151415224,0.7042621599340476,1.8444242923880187,6459.899148117616,2.3959977149963336
-0.035523495465787314,-0.035883484473756555,-0.39595493267381143,-0.02382247870294038,-0.01787029403682333,-0.0942841439956032,0.5639791151415223,0.6242621599340475,1.8044242923880187,6434.899148117616,2.399002981185916
-0.035523495465787314,-0.035883484473756555,-0.39595493267381143,-0.03382247870294036,-0.01787029403682333,-0.0942841439956032,0.5339791151415225,0.5842621599340475,1.7144242923880189,6033.899148117616,2.4040205001831048
-0.035523495465787314,-0.035883484473756555,-0.39595493267381143,-0.003822478702940363,0.012129705963176668,-0.1042841439956032,0.4939791151415225,0.5542621599340477,1.6844242923880186,5972.899148117616,2.4073063850402825
-0.035523495465787314,-0.025883484473756546,-0.3859549326738114,-0.003822478702940363,0.002129705963176687,-0.06428414399560317,0.47397911514152247,0.49426215993404765,1.6044242923880185,6373.899148117616,2.4073063850402825
-0.025523495465787305,-0.035883484473756555,-0.3859549326738114,-0.003822478702940363,0.012129705963176668,-0.04428414399560321,0.4239791151415224,0.4542621599340476,1.4744242923880186,6366.899148117616,2.4114498615264885
-0.025523495465787305,-0.025883484473756546,-0.36595493267381146,0.006177521297059618,0.012129705963176668,-0.04428414399560321,0.3939791151415224,0.4342621599340476,1.4744242923880186,5903.899148117616,2.4156026363372796
-0.025523495465787305,-0.025883484473756546,-0.36595493267381146,0.006177521297059618,0.012129705963176668,-0.04428414399560321,0.35397911514152236,0.40426215993404757,1.4244242923880186,5686.899148117616,2.4196047306060784
-0.025523495465787305,-0.025883484473756546,-0.36595493267381146,0.006177521297059618,0.012129705963176668,-0.014284143995603182,0.34397911514152235,0.38426215993404755,1.3144242923880187,5905.899148117616,2.4206048965454094
-0.025523495465787305,-0.025883484473756546,-0.36595493267381146,-0.003822478702940363,-0.007870294036823322,-0.0042841439956031735,0.3139791151415223,0.36426215993404754,1.2544242923880187,5916.899148117616,2.4236046791076618
-0.025523495465787305,-0.025883484473756546,-0.36595493267381146,-0.003822478702940363,0.002129705963176687,-0.0042841439956031735,0.2939791151415223,0.3342621599340475,1.1744242923880186,5387.899148117616,2.4286098003387444
-0.025523495465787305,-0.025883484473756546,-0.35595493267381145,-0.003822478702940363,0.002129705963176687,0.015715856004396844,0.24397911514152248,0.3042621599340477,1.0944242923880187,5544.899148117616,2.4320792675018303
-0.025523495465787305,-0.025883484473756546,-0.35595493267381145,0.016177521297059627,0.022129705963176677,-0.0042841439956031735,0.23397911514152248,0.2742621599340477,1.0444242923880187,5643.899148117616,2.433110904693603
-0.025523495465787305,-0.025883484473756546,-0.34595493267381144,0.016177521297059627,0.022129705963176677,0.05571585600439677,0.21397911514152246,0.2742621599340477,0.9444242923880186,5632.899148117616,2.435785484313964
-0.025523495465787305,-0.025883484473756546,-0.34595493267381144,0.016177521297059627,0.022129705963176677,0.025715856004396853,0.23397911514152248,0.26426215993404767,0.9244242923880186,5399.899148117616,2.441139650344848
-0.025523495465787305,-0.025883484473756546,-0.33595493267381143,-0.013822478702940372,0.012129705963176668,0.06571585600439678,0.20397911514152245,0.24426215993404765,0.8344242923880187,5364.899148117616,2.4451226711273186
-0.025523495465787305,-0.01588348447375655,-0.33595493267381143,0.006177521297059618,0.012129705963176668,0.06571585600439678,0.22397911514152247,0.24426215993404765,0.7944242923880187,5109.899148117616,2.4451226711273186
-0.025523495465787305,-0.025883484473756546,-0.3159549326738115,0.016177521297059627,0.012129705963176668,0.0957158560043968,0.22397911514152247,0.24426215993404765,0.7144242923880186,5488.899148117616,2.449122619628902
-0.025523495465787305,-0.025883484473756546,-0.3159549326738115,0.006177521297059618,0.012129705963176668,0.0857158560043968,0.1639791151415224,0.1742621599340476,0.6244242923880188,5331.899148117616,2.4531397342681878
-0.01552349546578731,-0.01588348447375655,-0.3159549326738115,-0.003822478702940363,0.012129705963176668,0.07571585600439679,0.12397911514152238,0.14426215993404756,0.6444242923880188,5184.899148117616,2.4571227550506585
-0.025523495465787305,-0.025883484473756546,-0.3259549326738114,0.016177521297059627,0.022129705963176677,0.0857158560043968,0.10397911514152236,0.14426215993404756,0.5944242923880187,5383.899148117616,2.4601430416107206
-0.025523495465787305,-0.025883484473756546,-0.3259549326738114,0.006177521297059618,0.012129705963176668,0.0957158560043968,0.1439791151415224,0.15426215993404757,0.6144242923880188,5160.899148117616,2.4614307403564446
-0.025523495465787305,-0.025883484473756546,-0.34595493267381144,0.016177521297059627,0.022129705963176677,0.0957158560043968,0.1339791151415224,0.16426215993404758,0.5544242923880187,5557.899148117616,2.4649934291839593
-0.025523495465787305,-0.025883484473756546,-0.36595493267381146,0.026177521297059636,0.032129705963176686,0.10571585600439681,0.10397911514152236,0.13426215993404755,0.48442429238801865,5844.899148117616,2.4692866325378375
-0.025523495465787305,-0.025883484473756546,-0.35595493267381145,0.026177521297059636,0.022129705963176677,0.0857158560043968,0.10397911514152236,0.12426215993404766,0.4444242923880187,5421.899148117616,2.4727079391479485
-0.025523495465787305,-0.025883484473756546,-0.35595493267381145,0.026177521297059636,0.032129705963176686,0.0957158560043968,0.10397911514152236,0.13426215993404755,0.46442429238801874,5458.899148117616,2.473319005966186
-0.025523495465787305,-0.025883484473756546,-0.36595493267381146,0.026177521297059636,0.032129705963176686,0.0957158560043968,0.07397911514152244,0.10426215993404764,0.4244242923880187,5473.899148117616,2.477298927307128
-0.025523495465787305,-0.025883484473756546,-0.33595493267381143,0.026177521297059636,0.032129705963176686,0.06571585600439678,0.05397911514152243,0.08426215993404762,0.37442429238801866,5448.899148117616,2.481284809112548
-0.025523495465787305,-0.025883484473756546,-0.33595493267381143,0.026177521297059636,0.032129705963176686,0.0957158560043968,0.05397911514152243,0.08426215993404762,0.32442429238801873,5311.899148117616,2.485361766815185
-0.01552349546578731,-0.01588348447375655,-0.34595493267381144,0.026177521297059636,0.032129705963176686,0.13571585600439684,0.013979115141522391,0.034262159934047576,0.35442429238801865,5704.899148117616,2.485361766815185
-0.01552349546578731,-0.01588348447375655,-0.33595493267381143,0.026177521297059636,0.032129705963176686,0.0957158560043968,0.0239791151415224,0.054262159934047594,0.3044242923880187,5587.899148117616,2.489824485778808
-0.01552349546578731,-0.01588348447375655,-0.34595493267381144,0.026177521297059636,0.032129705963176686,0.0857158560043968,0.03397911514152241,0.08426215993404762,0.2644242923880187,5320.899148117616,2.4942140102386468
-0.01552349546578731,-0.01588348447375655,-0.34595493267381144,0.026177521297059636,0.032129705963176686,0.0857158560043968,0.0239791151415224,0.07426215993404761,0.2644242923880187,5313.899148117616,2.497700405120849
-0.01552349546578731,-0.01588348447375655,-0.33595493267381143,0.006177521297059618,0.032129705963176686,0.07571585600439679,-0.0060208848584776264,0.044262159934047585,0.21442429238801874,5300.899148117616,2.498773050308227
-0.01552349546578731,-0.005883484473756556,-0.3259549326738114,0.006177521297059618,0.012129705963176668,0.06571585600439678,0.0039791151415223824,0.034262159934047576,0.21442429238801874,5307.899148117616,2.501173448562625
-0.01552349546578731,-0.01588348447375655,-0.3259549326738114,0.006177521297059618,0.002129705963176687,0.07571585600439679,-0.0060208848584776264,-0.005737840065952349,0.12442429238801866,5282.899148117616,2.505857896804809
-0.01552349546578731,-0.01588348447375655,-0.3159549326738115,-0.003822478702940363,0.002129705963176687,0.07571585600439679,-0.0060208848584776264,0.00426215993404766,0.1544242923880187,5261.899148117616,2.5098597526550286
-0.025523495465787305,-0.025883484473756546,-0.33595493267381143,0.006177521297059618,0.012129705963176668,0.0957158560043968,-0.026020884858477533,0.00426215993404766,0.14442429238801868,5298.899148117616,2.510853481292724
-0.025523495465787305,-0.01588348447375655,-0.33595493267381143,0.006177521297059618,0.012129705963176668,0.11571585600439682,-0.026020884858477533,-0.005737840065952349,0.10442429238801865,5523.899148117616,2.514857482910159
-0.01552349546578731,-0.01588348447375655,-0.3259549326738114,0.006177521297059618,0.012129705963176668,0.0957158560043968,-0.04602088485847755,-0.05573784006595239,0.07442429238801873,5476.899148117616,2.518228721618648
-0.01552349546578731,-0.005883484473756556,-0.34595493267381144,0.016177521297059627,0.012129705963176668,0.0857158560043968,-0.03602088485847754,-0.015737840065952358,0.08442429238801874,5031.899148117616,2.522217226028438
-0.01552349546578731,-0.01588348447375655,-0.33595493267381143,0.006177521297059618,0.012129705963176668,0.0857158560043968,-0.06602088485847757,-0.045737840065952384,0.08442429238801874,4978.899148117616,2.5259775638580315
-0.025523495465787305,-0.01588348447375655,-0.3259549326738114,-0.003822478702940363,0.012129705963176668,0.0957158560043968,-0.08602088485847759,-0.07573784006595241,0.054424292388018713,5167.899148117616,2.5270428180694537
-0.005523495465787315,-0.005883484473756556,-0.3259549326738114,0.006177521297059618,0.012129705963176668,0.0957158560043968,-0.1060208848584776,-0.07573784006595241,0.034424292388018696,5276.899148117616,2.531088781356811
-0.01552349546578731,-0.005883484473756556,-0.3159549326738115,0.006177521297059618,0.012129705963176668,0.0957158560043968,-0.0960208848584776,-0.09573784006595243,0.054424292388018713,4765.899148117616,2.5350830078124993
-0.01552349546578731,-0.005883484473756556,-0.30595493267381146,0.006177521297059618,0.012129705963176668,0.0957158560043968,-0.12602088485847762,-0.09573784006595243,0.054424292388018713,4578.899148117616,2.5383784294128375
-0.005523495465787315,-0.005883484473756556,-0.30595493267381146,0.016177521297059627,0.022129705963176677,0.10571585600439681,-0.13602088485847763,-0.13573784006595235,0.044424292388018705,4953.899148117616,2.5383784294128375
-0.005523495465787315,-0.005883484473756556,-0.3159549326738115,0.016177521297059627,0.022129705963176677,0.12571585600439683,-0.17602088485847756,-0.16573784006595238,0.044424292388018705,5042.899148117616,2.5434376716613762
-0.005523495465787315,-0.005883484473756556,-0.29595493267381145,0.016177521297059627,0.012129705963176668,0.11571585600439682,-0.18602088485847756,-0.1857378400659524,0.034424292388018696,4991.899148117616,2.547902059555053
-0.005523495465787315,0.004116515526243453,-0.30595493267381146,0.016177521297059627,0.012129705963176668,0.10571585600439681,-0.19602088485847757,-0.1857378400659524,0.044424292388018705,5070.899148117616,2.551274967193603
-0.005523495465787315,-0.005883484473756556,-0.29595493267381145,0.016177521297059627,0.012129705963176668,0.10571585600439681,-0.2160208848584776,-0.20573784006595242,0.044424292388018705,4767.899148117616,2.551274967193603
-0.005523495465787315,0.004116515526243453,-0.30595493267381146,0.006177521297059618,0.012129705963176668,0.10571585600439681,-0.2260208848584776,-0.1857378400659524,0.034424292388018696,4916.899148117616,2.5553080558776884
-0.005523495465787315,-0.005883484473756556,-0.3159549326738115,0.006177521297059618,0.04212970596317667,0.11571585600439682,-0.2260208848584776,-0.22573784006595243,0.024424292388018687,4559.899148117616,2.55997986793518
0.004476504534212694,-0.005883484473756556,-0.30595493267381146,0.03617752129705962,0.022129705963176677,0.0957158560043968,-0.2360208848584776,-0.21573784006595242,0.004424292388018669,4738.899148117616,2.5632416725158684
0.004476504534212694,0.004116515526243453,-0.30595493267381146,0.046177521297059626,0.052129705963176676,0.11571585600439682,-0.24602088485847762,-0.20573784006595242,0.014424292388018678,4811.899148117616,2.5642961978912346
0.014476504534212689,0.004116515526243453,-0.30595493267381146,0.046177521297059626,0.052129705963176676,0.11571585600439682,-0.2560208848584776,-0.22573784006595243,0.004424292388018669,4890.899148117616,2.5672947883605985
0.004476504534212694,0.004116515526243453,-0.30595493267381146,0.056177521297059635,0.062129705963176685,0.12571585600439683,-0.28602088485847754,-0.25573784006595235,-0.025575707611981302,4661.899148117616,2.571564388275142
0.004476504534212694,0.004116515526243453,-0.29595493267381145,0.046177521297059626,0.052129705963176676,0.10571585600439681,-0.28602088485847754,-0.24573784006595234,0.004424292388018669,4588.899148117616,2.575447273254394
-0.005523495465787315,-0.005883484473756556,-0.29595493267381145,0.046177521297059626,0.04212970596317667,0.11571585600439682,-0.29602088485847755,-0.27573784006595237,-0.03557570761198131,4609.899148117616,2.576502513885494
-0.005523495465787315,-0.005883484473756556,-0.29595493267381145,0.03617752129705962,0.052129705963176676,0.11571585600439682,-0.29602088485847755,-0.27573784006595237,-0.03557570761198131,4614.899148117616,2.579610300064086
-0.005523495465787315,-0.005883484473756556,-0.28595493267381145,0.046177521297059626,0.052129705963176676,0.13571585600439684,-0.31602088485847757,-0.27573784006595237,-0.03557570761198131,4555.899148117616,2.5846514225006096
-0.005523495465787315,-0.005883484473756556,-0.29595493267381145,0.056177521297059635,0.062129705963176685,0.10571585600439681,-0.31602088485847757,-0.2857378400659524,-0.04557570761198132,4598.899148117616,2.587288808822631
-0.005523495465787315,-0.005883484473756556,-0.30595493267381146,0.056177521297059635,0.062129705963176685,0.10571585600439681,-0.3260208848584776,-0.2957378400659524,-0.04557570761198132,4739.899148117616,2.5883297443389885
-0.005523495465787315,0.004116515526243453,-0.28595493267381145,0.046177521297059626,0.052129705963176676,0.0957158560043968,-0.3460208848584776,-0.2957378400659524,-0.05557570761198133,4346.899148117616,2.5923437595367425
-0.005523495465787315,-0.005883484473756556,-0.29595493267381145,0.046177521297059626,0.052129705963176676,0.10571585600439681,-0.3360208848584776,-0.3057378400659524,-0.05557570761198133,3939.8991481176163,2.595539760589599
