-0.4796395156851953,-0.33646395156851916,-0.28200880572372045,-0.17800770500825533,-0.3850027517886624,-0.05161529994496421,-0.253145294441387,-0.2676719867914144,-0.09078425976884974,13746.752614199231,0.0011105060577385473
-0.4196395156851953,-0.34646395156851917,-0.27200880572372044,-0.18800770500825534,-0.3850027517886624,-0.0616152999449642,-0.263145294441387,-0.25767198679141445,-0.09078425976884974,13943.752614199231,0.005204153060912375
-0.4496395156851953,-0.3564639515685192,-0.2620088057237205,-0.18800770500825534,-0.3950027517886624,-0.0616152999449642,-0.253145294441387,-0.2676719867914144,-0.07078425976884975,13954.752614199231,0.009217453002928977
-0.4196395156851953,-0.3564639515685192,-0.27200880572372044,-0.16800770500825535,-0.4250027517886624,-0.0616152999449642,-0.243145294441387,-0.2876719867914144,-0.08078425976884974,13877.752614199231,0.010215234756469016
-0.4396395156851953,-0.33646395156851916,-0.29200880572372045,-0.15800770500825534,-0.4050027517886624,-0.05161529994496421,-0.253145294441387,-0.3076719867914144,-0.10078425976884975,13714.752614199231,0.013282251358031516
-0.4196395156851953,-0.3564639515685192,-0.2520088057237205,-0.16800770500825535,-0.4050027517886624,-0.0616152999449642,-0.29314529444138704,-0.3076719867914144,-0.11078425976884974,13563.752614199231,0.017626476287841086
-0.4196395156851953,-0.34646395156851917,-0.3220088057237205,-0.18800770500825534,-0.4150027517886624,-0.05161529994496421,-0.29314529444138704,-0.3176719867914144,-0.11078425976884974,13520.752614199231,0.020915937423705344
-0.4696395156851953,-0.31646395156851925,-0.28200880572372045,-0.15800770500825534,-0.4150027517886624,-0.05161529994496421,-0.363145294441387,-0.3476719867914144,-0.11078425976884974,13709.752614199231,0.020915937423705344
-0.3996395156851953,-0.31646395156851925,-0.21200880572372044,-0.17800770500825533,-0.4250027517886624,-0.05161529994496421,-0.383145294441387,-0.3376719867914144,-0.11078425976884974,13974.752614199231,0.025118064880370383
-0.4096395156851953,-0.31646395156851925,-0.2620088057237205,-0.17800770500825533,-0.44500275178866244,-0.05161529994496421,-0.363145294441387,-0.2976719867914144,-0.12078425976884974,13625.752614199231,0.029593658447264914
-0.3896395156851953,-0.2764639515685192,-0.2520088057237205,-0.17800770500825533,-0.44500275178866244,-0.04161529994496421,-0.383145294441387,-0.3176719867914144,-0.12078425976884974,13670.752614199231,0.0330552577972405
-0.4896395156851953,-0.22646395156851917,-0.19200880572372048,-0.18800770500825534,-0.44500275178866244,-0.05161529994496421,-0.373145294441387,-0.3176719867914144,-0.11078425976884974,14043.752614199231,0.03412432670593191
-0.4896395156851953,-0.22646395156851917,-0.23200880572372046,-0.16800770500825535,-0.46500275178866246,-0.04161529994496421,-0.383145294441387,-0.3276719867914144,-0.13078425976884975,14658.752614199231,0.03753585815429261
-0.4696395156851953,-0.22646395156851917,-0.21200880572372044,-0.17800770500825533,-0.4850027517886624,-0.05161529994496421,-0.35314529444138704,-0.2976719867914144,-0.10078425976884975,14667.752614199231,0.042679738998412375
-0.4796395156851953,-0.17646395156851924,-0.1420088057237205,-0.16800770500825535,-0.45500275178866245,-0.05161529994496421,-0.313145294441387,-0.3176719867914144,-0.12078425976884974,14484.752614199231,0.04611535072326589
-0.4296395156851953,-0.20646395156851916,-0.16200880572372045,-0.13800770500825535,-0.47500275178866247,-0.05161529994496421,-0.303145294441387,-0.3076719867914144,-0.11078425976884974,14585.752614199231,0.04673905372619558
-0.4396395156851953,-0.17646395156851924,-0.22200880572372045,-0.13800770500825535,-0.46500275178866246,-0.0616152999449642,-0.303145294441387,-0.3076719867914144,-0.11078425976884974,14628.752614199231,0.05075235366821218
-0.4496395156851953,-0.19646395156851926,-0.15200880572372044,-0.15800770500825534,-0.45500275178866245,-0.04161529994496421,-0.263145294441387,-0.3076719867914144,-0.10078425976884975,14519.752614199231,0.05452938079833913
-0.4396395156851953,-0.19646395156851926,-0.16200880572372045,-0.17800770500825533,-0.45500275178866245,-0.04161529994496421,-0.29314529444138704,-0.3176719867914144,-0.09078425976884974,14738.752614199231,0.05839748382567933
-0.4396395156851953,-0.11646395156851919,-0.13200880572372048,-0.18800770500825534,-0.45500275178866245,-0.05161529994496421,-0.333145294441387,-0.2976719867914144,-0.08078425976884974,14683.752614199231,0.05839748382567933
-0.3696395156851953,-0.09646395156851917,-0.12200880572372047,-0.20800770500825533,-0.46500275178866246,-0.05161529994496421,-0.303145294441387,-0.3076719867914144,-0.09078425976884974,14596.752614199231,0.06328506469726491
-0.4096395156851953,-0.1264639515685192,-0.10200880572372045,-0.19800770500825535,-0.45500275178866245,-0.04161529994496421,-0.303145294441387,-0.3176719867914144,-0.10078425976884975,14661.752614199231,0.06621522903442312
-0.4296395156851953,-0.036463951568519226,-0.15200880572372044,-0.21800770500825534,-0.47500275178866247,-0.04161529994496421,-0.303145294441387,-0.3276719867914144,-0.09078425976884974,15036.752614199231,0.07128376960754323
-0.4296395156851953,-0.07646395156851926,-0.10200880572372045,-0.21800770500825534,-0.47500275178866247,-0.05161529994496421,-0.29314529444138704,-0.3276719867914144,-0.09078425976884974,15145.752614199231,0.0742542266845696
-0.4096395156851953,-0.07646395156851926,-0.09200880572372044,-0.19800770500825535,-0.47500275178866247,-0.031615299944964204,-0.343145294441387,-0.36767198679141444,-0.10078425976884975,14924.752614199231,0.0742542266845696
-0.3496395156851953,-0.0064639515685191995,-0.042008805723720455,-0.19800770500825535,-0.5150027517886624,-0.05161529994496421,-0.383145294441387,-0.36767198679141444,-0.10078425976884975,15023.752614199231,0.07928414344787527
-0.37963951568519533,0.023536048431480827,-0.052008805723720464,-0.20800770500825533,-0.5350027517886624,-0.04161529994496421,-0.333145294441387,-0.35767198679141443,-0.13078425976884975,15250.752614199231,0.08328433036804128
-0.3896395156851953,0.06353604843148086,-0.012008805723720428,-0.20800770500825533,-0.5250027517886624,-0.05161529994496421,-0.29314529444138704,-0.35767198679141443,-0.12078425976884974,15395.752614199231,0.08678026199340749
-0.3896395156851953,0.033536048431480836,-0.0020088057237204193,-0.19800770500825535,-0.5450027517886624,-0.05161529994496421,-0.313145294441387,-0.3476719867914144,-0.13078425976884975,15642.752614199231,0.08783264160156179
-0.3596395156851953,0.043536048431480845,0.017991194276279487,-0.18800770500825534,-0.5350027517886624,-0.05161529994496421,-0.313145294441387,-0.3476719867914144,-0.12078425976884974,15961.752614199231,0.09128398895263601
-0.3496395156851953,0.1235360484314807,0.05799119427627952,-0.21800770500825534,-0.5450027517886624,-0.04161529994496421,-0.333145294441387,-0.35767198679141443,-0.12078425976884974,15968.752614199231,0.09515042304992605
-0.2896395156851953,0.1435360484314807,0.047991194276279514,-0.20800770500825533,-0.5650027517886624,-0.05161529994496421,-0.343145294441387,-0.37767198679141445,-0.12078425976884974,16089.752614199231,0.09911580085754323
-0.3396395156851953,0.20353604843148076,0.05799119427627952,-0.19800770500825535,-0.5550027517886624,-0.04161529994496421,-0.393145294441387,-0.36767198679141444,-0.13078425976884975,16424.75261419923,0.10019154548644948
-0.3096395156851953,0.21353604843148077,0.047991194276279514,-0.18800770500825534,-0.5250027517886624,-0.04161529994496421,-0.323145294441387,-0.36767198679141444,-0.14078425976884973,16479.75261419923,0.1031691551208489
-0.2596395156851953,0.22353604843148078,0.12799119427627959,-0.19800770500825535,-0.5450027517886624,-0.05161529994496421,-0.363145294441387,-0.37767198679141445,-0.14078425976884973,16688.75261419923,0.1081900119781487
-0.2596395156851953,0.2535360484314808,0.12799119427627959,-0.19800770500825535,-0.5650027517886624,-0.04161529994496421,-0.363145294441387,-0.37767198679141445,-0.13078425976884975,17049.75261419923,0.11119241714477113
-0.2696395156851953,0.3535360484314809,0.12799119427627959,-0.20800770500825533,-0.5550027517886624,-0.031615299944964204,-0.373145294441387,-0.36767198679141444,-0.12078425976884974,16740.75261419923,0.11216850280761648
-0.2596395156851953,0.41353604843148073,0.1479911942762795,-0.21800770500825534,-0.5950027517886625,-0.04161529994496421,-0.373145294441387,-0.36767198679141444,-0.10078425976884975,16459.75261419923,0.11523480415344167
-0.2896395156851953,0.43353604843148075,0.1479911942762795,-0.22800770500825535,-0.6050027517886625,-0.04161529994496421,-0.373145294441387,-0.35767198679141443,-0.13078425976884975,16436.75261419923,0.11958546638489054
-0.2696395156851953,0.4835360484314808,0.1679911942762795,-0.21800770500825534,-0.6150027517886625,-0.04161529994496421,-0.41314529444138703,-0.37767198679141445,-0.14078425976884973,16503.75261419923,0.12373824119568155
-0.2796395156851953,0.5335360484314808,0.18799119427627953,-0.20800770500825533,-0.5750027517886624,-0.04161529994496421,-0.393145294441387,-0.36767198679141444,-0.13078425976884975,16838.75261419923,0.12373824119568155
-0.24963951568519527,0.5535360484314809,0.1579911942762795,-0.21800770500825534,-0.6150027517886625,-0.031615299944964204,-0.363145294441387,-0.4076719867914144,-0.14078425976884973,16717.75261419923,0.12717552185058523
-0.24963951568519527,0.6535360484314807,0.22799119427627956,-0.22800770500825535,-0.6150027517886625,-0.04161529994496421,-0.333145294441387,-0.36767198679141444,-0.14078425976884973,16812.75261419923,0.1322240352630608
-0.2596395156851953,0.7635360484314808,0.19799119427627954,-0.21800770500825534,-0.6050027517886625,-0.031615299944964204,-0.393145294441387,-0.3876719867914144,-0.13078425976884975,17369.75261419923,0.13624734878539968
-0.22963951568519525,0.7735360484314808,0.21799119427627955,-0.20800770500825533,-0.5850027517886625,-0.021615299944964195,-0.41314529444138703,-0.3876719867914144,-0.13078425976884975,17002.75261419923,0.13624734878539968
-0.22963951568519525,0.7935360484314808,0.23799119427627957,-0.19800770500825535,-0.5750027517886624,-0.011615299944964214,-0.393145294441387,-0.37767198679141445,-0.12078425976884974,17049.75261419923,0.13923616409301687
-0.21963951568519535,0.8135360484314809,0.23799119427627957,-0.20800770500825533,-0.5750027517886624,-0.011615299944964214,-0.363145294441387,-0.37767198679141445,-0.10078425976884975,17734.75261419923,0.14324755668640066
-0.19963951568519533,0.8135360484314809,0.2679911942762795,-0.19800770500825535,-0.5850027517886625,-0.011615299944964214,-0.373145294441387,-0.3876719867914144,-0.12078425976884974,17805.75261419923,0.14825553894042898
-0.1596395156851953,0.8635360484314807,0.2679911942762795,-0.22800770500825535,-0.5750027517886624,-0.021615299944964195,-0.373145294441387,-0.3976719867914144,-0.12078425976884974,18016.75261419923,0.1514327049255364
-0.11963951568519526,0.8935360484314807,0.2779911942762795,-0.20800770500825533,-0.5650027517886624,-0.0016152999449642047,-0.41314529444138703,-0.4076719867914144,-0.15078425976884974,17625.75261419923,0.15243287086486745
-0.10963951568519525,0.9335360484314807,0.2779911942762795,-0.20800770500825533,-0.5750027517886624,-0.0016152999449642047,-0.373145294441387,-0.41767198679141443,-0.12078425976884974,17492.75261419923,0.1565293788909905
-0.07963951568519534,0.9635360484314808,0.2879911942762795,-0.20800770500825533,-0.5650027517886624,-0.0016152999449642047,-0.403145294441387,-0.41767198679141443,-0.13078425976884975,18165.75261419923,0.16037387847899964
-0.07963951568519534,0.9735360484314808,0.2879911942762795,-0.21800770500825534,-0.5850027517886625,-0.0016152999449642047,-0.393145294441387,-0.4076719867914144,-0.12078425976884974,17916.75261419923,0.16428322792053152
-0.05963951568519532,0.9935360484314806,0.3079911942762795,-0.20800770500825533,-0.5750027517886624,-0.011615299944964214,-0.383145294441387,-0.3976719867914144,-0.10078425976884975,17761.75261419923,0.16544981002807546
-0.04963951568519531,1.0335360484314806,0.3079911942762795,-0.19800770500825535,-0.5750027517886624,-0.011615299944964214,-0.383145294441387,-0.3876719867914144,-0.13078425976884975,18360.75261419923,0.1684617519378655
-0.06963951568519533,1.0335360484314806,0.3079911942762795,-0.19800770500825535,-0.5650027517886624,-0.021615299944964195,-0.41314529444138703,-0.4076719867914144,-0.14078425976884973,19239.75261419923,0.1734501838684075
-0.05963951568519532,1.0435360484314808,0.32799119427627954,-0.20800770500825533,-0.5550027517886624,-0.031615299944964204,-0.43314529444138705,-0.41767198679141443,-0.16078425976884975,18584.75261419923,0.17684097290038991
-0.05963951568519532,1.0635360484314809,0.3679911942762796,-0.20800770500825533,-0.5350027517886624,-0.021615299944964195,-0.41314529444138703,-0.4076719867914144,-0.15078425976884974,17851.75261419923,0.17684097290038991
-0.0396395156851953,1.0735360484314806,0.35799119427627957,-0.21800770500825534,-0.5450027517886624,-0.021615299944964195,-0.41314529444138703,-0.3876719867914144,-0.13078425976884975,18404.75261419923,0.18102951049804616
-0.06963951568519533,1.0935360484314807,0.3979911942762795,-0.20800770500825533,-0.5250027517886624,-0.021615299944964195,-0.383145294441387,-0.3976719867914144,-0.13078425976884975,19077.75261419923,0.18535490036010316
-0.04963951568519531,1.1135360484314807,0.3779911942762796,-0.20800770500825533,-0.5250027517886624,-0.021615299944964195,-0.403145294441387,-0.3876719867914144,-0.14078425976884973,19370.75261419923,0.18917722702026651
-0.029639515685195295,1.123536048431481,0.3879911942762795,-0.20800770500825533,-0.5150027517886624,-0.021615299944964195,-0.403145294441387,-0.3876719867914144,-0.14078425976884973,19361.75261419923,0.19019622802734304
-0.029639515685195295,1.1335360484314807,0.4179911942762795,-0.21800770500825534,-0.5250027517886624,-0.031615299944964204,-0.43314529444138705,-0.4076719867914144,-0.15078425976884974,19664.75261419923,0.19431085586548136
-0.07963951568519534,1.1535360484314807,0.44799119427627954,-0.23800770500825535,-0.5150027517886624,-0.021615299944964195,-0.443145294441387,-0.4076719867914144,-0.14078425976884973,19667.75261419923,0.1977869987487786
-0.0396395156851953,1.1535360484314807,0.44799119427627954,-0.20800770500825533,-0.5250027517886624,-0.031615299944964204,-0.473145294441387,-0.4076719867914144,-0.16078425976884975,19536.75261419923,0.20179648399352956
-0.029639515685195295,1.1135360484314807,0.45799119427627955,-0.20800770500825533,-0.5250027517886624,-0.031615299944964204,-0.483145294441387,-0.42767198679141444,-0.15078425976884974,19311.75261419923,0.20179648399352956
-0.019639515685195286,1.0835360484314809,0.48799119427627957,-0.19800770500825535,-0.5250027517886624,-0.031615299944964204,-0.493145294441387,-0.3976719867914144,-0.15078425976884974,19730.75261419923,0.2058317184448235
0.04036048431480466,1.0235360484314808,0.5079911942762796,-0.19800770500825535,-0.5150027517886624,-0.031615299944964204,-0.493145294441387,-0.4076719867914144,-0.15078425976884974,20477.75261419923,0.20942707061767507
0.04036048431480466,1.0335360484314806,0.5179911942762796,-0.23800770500825535,-0.5050027517886624,-0.04161529994496421,-0.493145294441387,-0.4076719867914144,-0.15078425976884974,20806.75261419923,0.21306915283203054
0.050360484314804665,1.0335360484314806,0.5379911942762796,-0.24800770500825534,-0.5050027517886624,-0.031615299944964204,-0.453145294441387,-0.3976719867914144,-0.14078425976884973,21105.75261419923,0.21778197288513113
0.050360484314804665,0.9735360484314808,0.5679911942762796,-0.23800770500825535,-0.49500275178866243,-0.031615299944964204,-0.43314529444138705,-0.3976719867914144,-0.14078425976884973,21786.75261419923,0.21848793029785085
0.08036048431480469,0.9435360484314808,0.5979911942762794,-0.24800770500825534,-0.49500275178866243,-0.031615299944964204,-0.443145294441387,-0.3876719867914144,-0.12078425976884974,21815.75261419923,0.22250266075134206
0.08036048431480469,0.8835360484314807,0.6279911942762795,-0.23800770500825535,-0.4850027517886624,-0.031615299944964204,-0.43314529444138705,-0.3876719867914144,-0.12078425976884974,21984.75261419923,0.22581548690796183
0.11036048431480472,0.8735360484314807,0.6579911942762795,-0.24800770500825534,-0.47500275178866247,-0.031615299944964204,-0.453145294441387,-0.3976719867914144,-0.15078425976884974,22393.75261419923,0.22997756004333425
0.12036048431480473,0.8735360484314807,0.6479911942762795,-0.21800770500825534,-0.46500275178866246,-0.04161529994496421,-0.483145294441387,-0.3876719867914144,-0.15078425976884974,22642.75261419923,0.23112006187438894
0.0903604843148047,0.8935360484314807,0.6679911942762795,-0.24800770500825534,-0.44500275178866244,-0.04161529994496421,-0.483145294441387,-0.3976719867914144,-0.14078425976884973,22581.75261419923,0.23394651412964151
0.12036048431480473,0.8735360484314807,0.6979911942762795,-0.22800770500825535,-0.43500275178866243,-0.04161529994496421,-0.463145294441387,-0.3976719867914144,-0.13078425976884975,22396.75261419923,0.2382413864135735
0.11036048431480472,0.8935360484314807,0.7179911942762796,-0.23800770500825535,-0.43500275178866243,-0.04161529994496421,-0.463145294441387,-0.3876719867914144,-0.13078425976884975,22557.75261419923,0.24224753379821706
0.10036048431480471,0.8835360484314807,0.7179911942762796,-0.20800770500825533,-0.4250027517886624,-0.031615299944964204,-0.463145294441387,-0.3876719867914144,-0.13078425976884975,22528.75261419923,0.24325294494628835
0.0903604843148047,0.9035360484314807,0.7279911942762796,-0.17800770500825533,-0.3850027517886624,-0.031615299944964204,-0.483145294441387,-0.3876719867914144,-0.13078425976884975,22893.75261419923,0.2462501049041741
0.060360484314804674,0.9235360484314807,0.7079911942762795,-0.20800770500825533,-0.3750027517886625,-0.011615299944964214,-0.43314529444138705,-0.36767198679141444,-0.12078425976884974,23430.75261419923,0.2504484176635735
0.04036048431480466,0.9635360484314808,0.7179911942762796,-0.20800770500825533,-0.3550027517886625,-0.0016152999449642047,-0.43314529444138705,-0.35767198679141443,-0.10078425976884975,23075.75261419923,0.25496525764464906
0.030360484314804648,0.9235360484314807,0.7379911942762796,-0.22800770500825535,-0.3650027517886625,-0.011615299944964214,-0.43314529444138705,-0.35767198679141443,-0.10078425976884975,23304.75261419923,0.25496525764464906
0.07036048431480468,0.9135360484314807,0.7279911942762796,-0.23800770500825535,-0.34500275178866247,0.008384700055035804,-0.43314529444138705,-0.35767198679141443,-0.10078425976884975,23507.75261419923,0.25907559394836355
0.07036048431480468,0.8935360484314807,0.7479911942762796,-0.21800770500825534,-0.32500275178866245,-0.0016152999449642047,-0.43314529444138705,-0.35767198679141443,-0.10078425976884975,23068.75261419923,0.26318330764770437
0.07036048431480468,0.8635360484314807,0.7679911942762796,-0.22800770500825535,-0.32500275178866245,0.008384700055035804,-0.443145294441387,-0.35767198679141443,-0.10078425976884975,23125.75261419923,0.26726193428039835
0.08036048431480469,0.8635360484314807,0.7379911942762796,-0.22800770500825535,-0.30500275178866243,0.0383847000550358,-0.43314529444138705,-0.36767198679141444,-0.10078425976884975,23186.75261419923,0.26726193428039835
0.0903604843148047,0.8035360484314809,0.7479911942762796,-0.18800770500825534,-0.2650027517886624,0.028384700055035794,-0.513145294441387,-0.3876719867914144,-0.12078425976884974,23019.75261419923,0.27123994827270437
0.07036048431480468,0.7835360484314808,0.7679911942762796,-0.18800770500825534,-0.20500275178866245,0.0683847000550358,-0.523145294441387,-0.3876719867914144,-0.12078425976884974,22848.75261419923,0.2752689838409417
0.08036048431480469,0.7635360484314808,0.7779911942762796,-0.17800770500825533,-0.1550027517886624,0.07838470005503578,-0.483145294441387,-0.37767198679141445,-0.08078425976884974,23041.75261419923,0.27937932014464906
0.0903604843148047,0.7735360484314808,0.7679911942762796,-0.14800770500825533,-0.1350027517886624,0.17838470005503582,-0.473145294441387,-0.37767198679141445,-0.09078425976884974,22736.75261419923,0.2802621841430657
0.0903604843148047,0.7635360484314808,0.7579911942762796,-0.14800770500825533,-0.1250027517886625,0.17838470005503582,-0.493145294441387,-0.36767198679141444,-0.11078425976884974,22565.75261419923,0.2835268497467034
0.12036048431480473,0.7335360484314808,0.7579911942762796,-0.13800770500825535,-0.1250027517886625,0.2283847000550358,-0.493145294441387,-0.37767198679141445,-0.11078425976884974,22828.75261419923,0.2877752304077177
0.13036048431480474,0.7235360484314808,0.7579911942762796,-0.10800770500825535,-0.11500275178866248,0.2583847000550358,-0.483145294441387,-0.35767198679141443,-0.09078425976884974,22841.75261419923,0.2917944908142083
0.17036048431480466,0.7035360484314808,0.7679911942762796,-0.09800770500825534,-0.09500275178866247,0.2683847000550358,-0.453145294441387,-0.35767198679141443,-0.09078425976884974,22310.75261419923,0.29586572647094656
0.16036048431480465,0.6535360484314807,0.7679911942762796,-0.05800770500825536,-0.06500275178866244,0.2983847000550358,-0.43314529444138705,-0.36767198679141444,-0.09078425976884974,22571.75261419923,0.29586572647094656
0.17036048431480466,0.6535360484314807,0.7979911942762796,-0.08800770500825533,-0.05500275178866243,0.3783847000550358,-0.443145294441387,-0.37767198679141445,-0.07078425976884975,22742.75261419923,0.3000840663909905
0.16036048431480465,0.6235360484314807,0.7779911942762796,-0.06800770500825531,-0.03500275178866241,0.38838470005503584,-0.453145294441387,-0.3876719867914144,-0.08078425976884974,22755.75261419923,0.3040849685668938
0.10036048431480471,0.6035360484314809,0.7779911942762796,-0.06800770500825531,-0.005002751788662496,0.3383847000550358,-0.443145294441387,-0.37767198679141445,-0.08078425976884974,22086.75261419923,0.3080837249755852
0.14036048431480475,0.5735360484314809,0.7379911942762796,0.0019922949917446364,0.06499724821133757,0.2783847000550358,-0.463145294441387,-0.37767198679141445,-0.09078425976884974,22049.75261419923,0.3080837249755852
0.10036048431480471,0.4935360484314808,0.8279911942762794,-0.018007705008255326,0.07499724821133757,0.30838470005503577,-0.473145294441387,-0.35767198679141443,-0.09078425976884974,22064.75261419923,0.31250948905944753
0.08036048431480469,0.5135360484314808,0.7979911942762796,0.021992294991744654,0.07499724821133757,0.38838470005503584,-0.443145294441387,-0.36767198679141444,-0.10078425976884975,21561.75261419923,0.3162779331207304
0.11036048431480472,0.4935360484314808,0.8079911942762796,0.04199229499174467,0.09499724821133759,0.3783847000550358,-0.43314529444138705,-0.37767198679141445,-0.09078425976884974,21572.75261419923,0.32003540992736745
0.12036048431480473,0.5135360484314808,0.7779911942762796,0.021992294991744654,0.12499724821133762,0.40838470005503574,-0.43314529444138705,-0.3476719867914144,-0.08078425976884974,21645.75261419923,0.3207275390624993
0.0903604843148047,0.4835360484314808,0.7979911942762796,0.03199229499174466,0.12499724821133762,0.3783847000550358,-0.43314529444138705,-0.36767198679141444,-0.08078425976884974,21246.75261419923,0.3247305870056145
0.07036048431480468,0.4735360484314808,0.8179911942762796,0.07199229499174464,0.17499724821133766,0.3783847000550358,-0.473145294441387,-0.3476719867914144,-0.10078425976884975,21101.75261419923,0.328743648529052
0.060360484314804674,0.5135360484314808,0.7679911942762796,0.08199229499174465,0.20499724821133747,0.41838470005503575,-0.43314529444138705,-0.3376719867914144,-0.07078425976884975,20818.75261419923,0.3327188014984124
0.07036048431480468,0.4735360484314808,0.7379911942762796,0.08199229499174465,0.2449972482113375,0.38838470005503584,-0.393145294441387,-0.3176719867914144,-0.05078425976884973,20745.75261419923,0.3327188014984124
0.08036048431480469,0.44353604843148076,0.7579911942762796,0.09199229499174466,0.2449972482113375,0.3783847000550358,-0.43314529444138705,-0.3176719867914144,-0.05078425976884973,20608.75261419923,0.3367027759551995
0.08036048431480469,0.43353604843148075,0.8079911942762796,0.14199229499174465,0.2549972482113375,0.38838470005503584,-0.393145294441387,-0.3176719867914144,-0.05078425976884973,20493.75261419923,0.3413466930389397
0.050360484314804665,0.3935360484314807,0.7679911942762796,0.15199229499174466,0.29499724821133755,0.40838470005503574,-0.403145294441387,-0.3176719867914144,-0.08078425976884974,19816.75261419923,0.34540505409241007
0.050360484314804665,0.3535360484314809,0.7479911942762796,0.18199229499174469,0.28499724821133754,0.43838470005503577,-0.403145294441387,-0.2876719867914144,-0.05078425976884973,19161.75261419923,0.34540505409241007
0.07036048431480468,0.3935360484314807,0.7379911942762796,0.17199229499174468,0.3349972482113376,0.43838470005503577,-0.373145294441387,-0.2876719867914144,-0.04078425976884975,18962.75261419923,0.34891123771667765
0.060360484314804674,0.3735360484314807,0.7279911942762796,0.23199229499174462,0.31499724821133757,0.4583847000550358,-0.373145294441387,-0.2776719867914144,-0.05078425976884973,19257.75261419923,0.35390944480895925
0.030360484314804648,0.3635360484314807,0.7579911942762796,0.27199229499174465,0.31499724821133757,0.4783847000550358,-0.393145294441387,-0.24767198679141442,-0.020784259768849733,18734.75261419923,0.35793585777282644
-0.0396395156851953,0.3835360484314807,0.7579911942762796,0.29199229499174467,0.31499724821133757,0.5083847000550359,-0.373145294441387,-0.22767198679141443,-0.030784259768849742,17941.75261419923,0.35793585777282644
-0.05963951568519532,0.4035360484314807,0.7279911942762796,0.3219922949917447,0.3249972482113376,0.5383847000550357,-0.343145294441387,-0.22767198679141443,-0.020784259768849733,17704.75261419923,0.3619582176208489
-0.08963951568519535,0.3935360484314807,0.7679911942762796,0.3119922949917447,0.3249972482113376,0.5883847000550357,-0.35314529444138704,-0.21767198679141442,0.009215740231150266,17795.75261419923,0.36492891311645437
-0.09963951568519536,0.43353604843148075,0.7279911942762796,0.3319922949917447,0.3649972482113376,0.5983847000550357,-0.363145294441387,-0.21767198679141442,-0.010784259768849752,18178.75261419923,0.37036342620849183
-0.09963951568519536,0.41353604843148073,0.6979911942762795,0.3619922949917446,0.40499724821133765,0.6183847000550358,-0.373145294441387,-0.22767198679141443,-0.010784259768849752,18511.75261419923,0.37301535606384206
-0.09963951568519536,0.3735360484314807,0.6979911942762795,0.3219922949917447,0.40499724821133765,0.6583847000550358,-0.323145294441387,-0.1976719867914144,0.009215740231150266,18092.75261419923,0.37301535606384206
-0.019639515685195286,0.3435360484314809,0.7279911942762796,0.3619922949917446,0.40499724821133765,0.6883847000550358,-0.323145294441387,-0.2076719867914144,-0.010784259768849752,18023.75261419923,0.3772975921630852
-0.0396395156851953,0.3635360484314807,0.7079911942762795,0.40199229499174466,0.38499724821133763,0.7083847000550358,-0.323145294441387,-0.2376719867914144,-0.010784259768849752,17638.75261419923,0.3812899112701409
-0.07963951568519534,0.32353604843148087,0.6779911942762795,0.39199229499174465,0.41499724821133765,0.6983847000550358,-0.303145294441387,-0.24767198679141442,-0.010784259768849752,17305.75261419923,0.38579149246216105
-0.06963951568519533,0.32353604843148087,0.6379911942762795,0.39199229499174465,0.42499724821133766,0.6883847000550358,-0.343145294441387,-0.22767198679141443,-0.0007842597688497432,17318.75261419923,0.38579149246216105
-0.08963951568519535,0.28353604843148084,0.6979911942762795,0.4319922949917447,0.45499724821133747,0.7483847000550359,-0.35314529444138704,-0.2376719867914144,-0.010784259768849752,17709.75261419923,0.39045567512512136
-0.07963951568519534,0.31353604843148086,0.6779911942762795,0.4319922949917447,0.45499724821133747,0.7183847000550359,-0.313145294441387,-0.2376719867914144,0.009215740231150266,17778.75261419923,0.39452548027038503
-0.08963951568519535,0.30353604843148085,0.6579911942762795,0.4319922949917447,0.45499724821133747,0.7383847000550359,-0.333145294441387,-0.2676719867914144,-0.020784259768849733,17609.75261419923,0.3981060504913323
-0.029639515685195295,0.2535360484314808,0.6479911942762795,0.4419922949917447,0.5049972482113375,0.7483847000550359,-0.323145294441387,-0.2676719867914144,-0.010784259768849752,17154.75261419923,0.3994516849517815
-0.029639515685195295,0.2535360484314808,0.6679911942762795,0.4519922949917447,0.5449972482113375,0.7683847000550359,-0.333145294441387,-0.2976719867914144,-0.030784259768849742,17335.75261419923,0.4024726867675774
-0.04963951568519531,0.2335360484314808,0.6379911942762795,0.4319922949917447,0.5649972482113376,0.7983847000550357,-0.35314529444138704,-0.2876719867914144,-0.05078425976884973,17740.75261419923,0.4063503265380852
-0.07963951568519534,0.2635360484314808,0.5879911942762794,0.4619922949917447,0.5149972482113375,0.7883847000550357,-0.333145294441387,-0.35767198679141443,-0.05078425976884973,18009.75261419923,0.41024394035339284
-0.0396395156851953,0.2335360484314808,0.5879911942762794,0.4719922949917446,0.5449972482113375,0.8283847000550357,-0.333145294441387,-0.3376719867914144,-0.07078425976884975,17902.75261419923,0.4113213539123528
-0.06963951568519533,0.21353604843148077,0.5479911942762796,0.4719922949917446,0.5549972482113376,0.8583847000550358,-0.35314529444138704,-0.3276719867914144,-0.05078425976884973,18051.75261419923,0.41546411514282156
-0.08963951568519535,0.2435360484314808,0.5079911942762796,0.4819922949917446,0.5749972482113376,0.8483847000550357,-0.363145294441387,-0.3476719867914144,-0.04078425976884975,18566.75261419923,0.4188012599945061
-0.09963951568519536,0.21353604843148077,0.5579911942762796,0.5119922949917446,0.5449972482113375,0.8683847000550358,-0.393145294441387,-0.3276719867914144,-0.05078425976884973,18547.75261419923,0.4229304313659661
-0.17963951568519532,0.2635360484314808,0.4979911942762796,0.5419922949917446,0.5749972482113376,0.8683847000550358,-0.43314529444138705,-0.3476719867914144,-0.07078425976884975,19076.75261419923,0.42385239601135183
-0.12963951568519527,0.17353604843148074,0.47799119427627956,0.5619922949917446,0.5549972482113376,0.8883847000550358,-0.443145294441387,-0.36767198679141444,-0.10078425976884975,19593.75261419923,0.42744345664977956
-0.18963951568519533,0.22353604843148078,0.5279911942762796,0.5719922949917446,0.5649972482113376,0.9083847000550358,-0.443145294441387,-0.36767198679141444,-0.08078425976884974,19852.75261419923,0.4314476966857903
-0.1696395156851953,0.20353604843148076,0.5379911942762796,0.5519922949917446,0.5749972482113376,0.9383847000550358,-0.43314529444138705,-0.35767198679141443,-0.08078425976884974,20345.75261419923,0.4347865104675286
-0.1696395156851953,0.21353604843148077,0.5179911942762796,0.5519922949917446,0.5949972482113376,0.9683847000550356,-0.453145294441387,-0.37767198679141445,-0.11078425976884974,19968.75261419923,0.43904013633727956
-0.13963951568519528,0.18353604843148075,0.47799119427627956,0.5219922949917446,0.6049972482113376,0.9583847000550358,-0.483145294441387,-0.3476719867914144,-0.10078425976884975,19969.75261419923,0.4401151657104485
-0.11963951568519526,0.1035360484314809,0.5179911942762796,0.5019922949917446,0.6349972482113376,0.9983847000550357,-0.483145294441387,-0.3976719867914144,-0.14078425976884973,20432.75261419923,0.44304795265197683
-0.08963951568519535,0.08353604843148088,0.4979911942762796,0.5219922949917446,0.6349972482113376,0.9283847000550358,-0.523145294441387,-0.4076719867914144,-0.13078425976884975,20619.75261419923,0.4471396923065214
-0.08963951568519535,0.08353604843148088,0.5379911942762796,0.5319922949917446,0.6449972482113376,0.9483847000550358,-0.493145294441387,-0.41767198679141443,-0.14078425976884973,20572.75261419923,0.4511682510376005
-0.13963951568519528,0.1235360484314807,0.4979911942762796,0.5019922949917446,0.6349972482113376,0.9683847000550356,-0.463145294441387,-0.3876719867914144,-0.14078425976884973,20849.75261419923,0.4521510124206536
-0.08963951568519535,0.1035360484314809,0.48799119427627957,0.5519922949917446,0.6249972482113376,0.9483847000550358,-0.493145294441387,-0.36767198679141444,-0.13078425976884975,21296.75261419923,0.4552442550659208
-0.12963951568519527,0.08353604843148088,0.4279911942762795,0.6119922949917447,0.6149972482113376,0.9783847000550356,-0.493145294441387,-0.3876719867914144,-0.13078425976884975,21811.75261419923,0.46022219657897523
-0.08963951568519535,0.09353604843148089,0.4079911942762795,0.6119922949917447,0.6449972482113376,0.9783847000550356,-0.493145294441387,-0.3876719867914144,-0.13078425976884975,22128.75261419923,0.4632131576538079
-0.1496395156851953,0.053536048431480854,0.4079911942762795,0.5919922949917447,0.6449972482113376,0.9783847000550356,-0.503145294441387,-0.4076719867914144,-0.13078425976884975,22063.75261419923,0.46445960998535085
-0.17963951568519532,0.09353604843148089,0.4179911942762795,0.6319922949917447,0.6049972482113376,0.9883847000550356,-0.503145294441387,-0.4376719867914144,-0.15078425976884974,22180.75261419923,0.4676396369934075
-0.1496395156851953,0.06353604843148086,0.3679911942762796,0.6319922949917447,0.6049972482113376,0.9983847000550357,-0.463145294441387,-0.41767198679141443,-0.15078425976884974,22199.75261419923,0.4716424465179436
-0.1596395156851953,0.023536048431480827,0.35799119427627957,0.6619922949917447,0.5949972482113376,1.0083847000550357,-0.493145294441387,-0.41767198679141443,-0.13078425976884975,22438.75261419923,0.4756969928741448
-0.12963951568519527,0.023536048431480827,0.3779911942762796,0.6819922949917447,0.5649972482113376,1.0183847000550357,-0.533145294441387,-0.4076719867914144,-0.15078425976884974,22455.75261419923,0.4756969928741448
-0.1496395156851953,-0.01646395156851921,0.3879911942762795,0.7119922949917448,0.4949972482113375,1.0283847000550357,-0.493145294441387,-0.3876719867914144,-0.13078425976884975,22408.75261419923,0.48043913841247843
-0.1596395156851953,0.0035360484314808094,0.35799119427627957,0.7319922949917448,0.5249972482113375,1.0283847000550357,-0.483145294441387,-0.4076719867914144,-0.14078425976884973,23079.75261419923,0.4842099666595452
-0.18963951568519533,-0.026463951568519217,0.34799119427627956,0.7119922949917448,0.5149972482113375,1.0483847000550357,-0.513145294441387,-0.41767198679141443,-0.15078425976884974,23586.75261419923,0.48881883621216105
-0.1596395156851953,-0.056463951568519244,0.35799119427627957,0.6919922949917447,0.5349972482113375,1.0683847000550357,-0.503145294441387,-0.37767198679141445,-0.12078425976884974,23659.75261419923,0.48881883621216105
-0.18963951568519533,-0.056463951568519244,0.33799119427627955,0.7219922949917448,0.5249972482113375,1.0783847000550357,-0.483145294441387,-0.36767198679141444,-0.10078425976884975,23686.75261419923,0.4920866012573235
-0.1496395156851953,-0.046463951568519235,0.3979911942762795,0.6919922949917447,0.5549972482113376,1.0483847000550357,-0.463145294441387,-0.3376719867914144,-0.11078425976884974,23495.75261419923,0.4968184947967522
-0.1696395156851953,-0.06646395156851925,0.33799119427627955,0.7119922949917448,0.5149972482113375,1.0783847000550357,-0.493145294441387,-0.3276719867914144,-0.12078425976884974,23354.75261419923,0.5008184432983391
-0.13963951568519528,-0.036463951568519226,0.33799119427627955,0.7119922949917448,0.5249972482113375,1.0683847000550357,-0.453145294441387,-0.2876719867914144,-0.09078425976884974,23337.75261419923,0.5008184432983391
-0.13963951568519528,-0.01646395156851921,0.3679911942762796,0.7319922949917448,0.5249972482113375,1.0583847000550357,-0.41314529444138703,-0.3176719867914144,-0.030784259768849742,23968.75261419923,0.5051960468292265
-0.18963951568519533,0.043536048431480845,0.3879911942762795,0.7219922949917448,0.5249972482113375,1.0483847000550357,-0.403145294441387,-0.2676719867914144,-0.020784259768849733,23949.75261419923,0.5086960315704374
-0.18963951568519533,0.033536048431480836,0.32799119427627954,0.7119922949917448,0.5349972482113375,1.0683847000550357,-0.403145294441387,-0.3176719867914144,-0.04078425976884975,23730.75261419923,0.5132798671722405
-0.19963951568519533,0.043536048431480845,0.32799119427627954,0.7319922949917448,0.5149972482113375,1.0483847000550357,-0.41314529444138703,-0.2976719867914144,-0.06078425976884974,23815.75261419923,0.5142890930175774
-0.18963951568519533,-0.026463951568519217,0.31799119427627953,0.6919922949917447,0.5249972482113375,1.0483847000550357,-0.383145294441387,-0.3176719867914144,-0.05078425976884973,23896.75261419923,0.5173630237579339
-0.17963951568519532,-0.01646395156851921,0.2879911942762795,0.6819922949917447,0.5449972482113375,1.0583847000550357,-0.383145294441387,-0.25767198679141445,-0.05078425976884973,24235.75261419923,0.5209986686706536
-0.17963951568519532,-0.026463951568519217,0.2779911942762795,0.6819922949917447,0.5749972482113376,1.0283847000550357,-0.373145294441387,-0.25767198679141445,-0.05078425976884973,24308.75261419923,0.5251032829284661
-0.21963951568519535,0.023536048431480827,0.2779911942762795,0.6819922949917447,0.5349972482113375,1.0383847000550357,-0.343145294441387,-0.25767198679141445,-0.020784259768849733,24065.75261419923,0.5291070461273222
-0.20963951568519534,0.023536048431480827,0.2879911942762795,0.6519922949917447,0.5549972482113376,1.0283847000550357,-0.35314529444138704,-0.24767198679141442,-0.010784259768849752,23812.75261419923,0.5291070461273222
-0.20963951568519534,0.023536048431480827,0.2879911942762795,0.6319922949917447,0.5749972482113376,1.0083847000550357,-0.263145294441387,-0.21767198679141442,0.029215740231150256,23851.75261419923,0.533154916763305
-0.22963951568519525,0.1235360484314807,0.2779911942762795,0.6319922949917447,0.5849972482113376,0.9983847000550357,-0.263145294441387,-0.16767198679141443,0.029215740231150256,24192.75261419923,0.537197303771972
-0.2696395156851953,0.16353604843148073,0.24799119427627958,0.6119922949917447,0.6049972482113376,0.9683847000550356,-0.243145294441387,-0.1376719867914144,0.07921574023115027,24103.75261419923,0.5412306308746331
-0.2696395156851953,0.11353604843148069,0.2679911942762795,0.6419922949917447,0.6249972482113376,0.9683847000550356,-0.21314529444138702,-0.16767198679141443,0.029215740231150256,23934.75261419923,0.5412306308746331
-0.2796395156851953,0.053536048431480854,0.3079911942762795,0.6219922949917447,0.6149972482113376,0.9483847000550358,-0.20314529444138701,-0.11767198679141444,0.049215740231150246,23879.75261419923,0.5458030223846393
-0.22963951568519525,0.1035360484314809,0.2779911942762795,0.5719922949917446,0.6249972482113376,0.9183847000550358,-0.123145294441387,-0.09767198679141442,0.10921574023115024,23770.75261419923,0.5499057292938225
-0.2696395156851953,0.09353604843148089,0.3079911942762795,0.5719922949917446,0.6049972482113376,0.9383847000550358,-0.123145294441387,-0.0676719867914144,0.14921574023115028,23729.75261419923,0.5538818359374993
-0.22963951568519525,0.07353604843148087,0.31799119427627953,0.5919922949917447,0.5949972482113376,0.9283847000550358,-0.05314529444138705,-0.047671986791414434,0.13921574023115027,23410.75261419923,0.5544108867645257
-0.17963951568519532,0.033536048431480836,0.3079911942762795,0.5719922949917446,0.6149972482113376,0.9083847000550358,-0.003145294441387003,-0.017671986791414407,0.15921574023115023,23501.75261419923,0.5579823970794635
-0.18963951568519533,0.1435360484314807,0.2779911942762795,0.5619922949917446,0.6149972482113376,0.9383847000550358,-0.013145294441387012,0.012328013208585564,0.18921574023115026,23056.75261419923,0.5619825839996331
-0.1596395156851953,0.1235360484314807,0.33799119427627955,0.5419922949917446,0.6349972482113376,0.8583847000550358,0.03685470555861303,0.022328013208585573,0.21921574023115023,23113.75261419923,0.5663127422332757
-0.12963951568519527,0.11353604843148069,0.3779911942762796,0.4919922949917446,0.6749972482113377,0.8783847000550358,0.006854705558613006,0.0523280132085856,0.24921574023115026,23698.75261419923,0.5673603534698479
-0.1696395156851953,0.18353604843148075,0.3979911942762795,0.5319922949917446,0.6349972482113376,0.8083847000550357,0.08685470555861297,0.06232801320858561,0.27921574023115026,23633.75261419923,0.5695688247680657
-0.1496395156851953,0.19353604843148076,0.4279911942762795,0.5119922949917446,0.6349972482113376,0.8783847000550358,0.07685470555861296,0.09232801320858564,0.26921574023115025,23202.75261419923,0.5745687007904046
-0.13963951568519528,0.2435360484314808,0.3779911942762796,0.4819922949917446,0.6549972482113376,0.8283847000550357,0.08685470555861297,0.11232801320858554,0.3192157402311503,23609.75261419923,0.5786923885345452
-0.12963951568519527,0.2335360484314808,0.3779911942762796,0.4919922949917446,0.6249972482113376,0.8483847000550357,0.07685470555861296,0.15232801320858558,0.3492157402311503,23238.75261419923,0.5796868324279778
-0.1696395156851953,0.28353604843148084,0.4079911942762795,0.4419922949917447,0.6349972482113376,0.8483847000550357,0.10685470555861298,0.14232801320858557,0.37921574023115023,22739.75261419923,0.5827128410339313
-0.1696395156851953,0.3635360484314807,0.3879911942762795,0.4419922949917447,0.6049972482113376,0.8683847000550358,0.14685470555861302,0.14232801320858557,0.4292157402311503,22862.75261419923,0.586711120605468
-0.20963951568519534,0.3735360484314807,0.35799119427627957,0.41199229499174467,0.6349972482113376,0.8183847000550357,0.126854705558613,0.21232801320858563,0.4492157402311503,23257.75261419923,0.5906755447387688
-0.18963951568519533,0.3535360484314809,0.3679911942762796,0.4419922949917447,0.5549972482113376,0.8283847000550357,0.06685470555861295,0.23232801320858554,0.48921574023115033,22930.75261419923,0.5906755447387688
-0.17963951568519532,0.4035360484314807,0.4379911942762795,0.4519922949917447,0.5749972482113376,0.8183847000550357,0.16685470555861304,0.21232801320858563,0.49921574023115023,22555.75261419923,0.5947103023529046
-0.20963951568519534,0.4735360484314808,0.3979911942762795,0.41199229499174467,0.5849972482113376,0.8483847000550357,0.17685470555861293,0.22232801320858553,0.5192157402311502,22446.75261419923,0.5995151519775384
-0.1496395156851953,0.5335360484314808,0.3979911942762795,0.3519922949917446,0.5949972482113376,0.8183847000550357,0.15685470555861303,0.2723280132085856,0.5392157402311503,22075.75261419923,0.6040815830230706
-0.1596395156851953,0.5535360484314809,0.3779911942762796,0.3519922949917446,0.6049972482113376,0.8083847000550357,0.19685470555861295,0.2723280132085856,0.5992157402311503,21454.75261419923,0.6074733257293694
-0.10963951568519525,0.5035360484314808,0.35799119427627957,0.3519922949917446,0.5649972482113376,0.8083847000550357,0.22685470555861298,0.2823280132085856,0.5792157402311503,21821.75261419923,0.6074733257293694
-0.11963951568519526,0.6035360484314809,0.3779911942762796,0.3419922949917446,0.5549972482113376,0.8483847000550357,0.256854705558613,0.2923280132085856,0.5692157402311503,21998.75261419923,0.6107189178466825
-0.11963951568519526,0.5635360484314809,0.34799119427627956,0.3619922949917446,0.5549972482113376,0.8083847000550357,0.276854705558613,0.2923280132085856,0.6092157402311503,21233.75261419923,0.6157714843749993
-0.12963951568519527,0.6535360484314807,0.34799119427627956,0.3319922949917447,0.5249972482113375,0.7983847000550357,0.28685470555861303,0.2723280132085856,0.6392157402311502,21150.75261419923,0.6195146560668938
-0.10963951568519525,0.6935360484314808,0.3779911942762796,0.3319922949917447,0.5349972482113375,0.7883847000550357,0.266854705558613,0.3223280132085856,0.6292157402311502,21331.75261419923,0.6204936027526848
-0.08963951568519535,0.6435360484314807,0.4079911942762795,0.28199229499174466,0.5349972482113375,0.7883847000550357,0.266854705558613,0.3023280132085856,0.6392157402311502,21278.75261419923,0.6243946075439446
-0.07963951568519534,0.6635360484314807,0.44799119427627954,0.3019922949917447,0.5149972482113375,0.7783847000550357,0.29685470555861293,0.2923280132085856,0.6392157402311502,21191.75261419923,0.627848815917968
-0.05963951568519532,0.7235360484314808,0.4179911942762795,0.27199229499174465,0.4949972482113375,0.7983847000550357,0.32685470555861296,0.2923280132085856,0.6592157402311503,21170.75261419923,0.631675195693969
-0.029639515685195295,0.7035360484314808,0.4279911942762795,0.29199229499174467,0.5049972482113375,0.7583847000550359,0.31685470555861295,0.3023280132085856,0.6392157402311502,21107.75261419923,0.631675195693969
-0.029639515685195295,0.7335360484314808,0.4979911942762796,0.1919922949917447,0.5049972482113375,0.7983847000550357,0.29685470555861293,0.34232801320858564,0.6892157402311503,21274.75261419923,0.6361145496368401
-0.009639515685195277,0.7235360484314808,0.5179911942762796,0.1919922949917447,0.44499724821133746,0.7683847000550359,0.31685470555861295,0.35232801320858553,0.6892157402311503,21343.75261419923,0.6404251575469999
-0.04963951568519531,0.7735360484314808,0.5079911942762796,0.17199229499174468,0.4749972482113375,0.7583847000550359,0.346854705558613,0.35232801320858553,0.6992157402311503,21354.75261419923,0.6444227218627923
-0.029639515685195295,0.7835360484314808,0.5079911942762796,0.2019922949917447,0.43499724821133745,0.7383847000550359,0.356854705558613,0.34232801320858564,0.7092157402311503,21727.75261419923,0.6444227218627923
-0.0396395156851953,0.8235360484314809,0.4979911942762796,0.2119922949917447,0.40499724821133765,0.7183847000550359,0.356854705558613,0.3323280132085856,0.6992157402311503,21744.75261419923,0.6484512805938714
-0.04963951568519531,0.8635360484314807,0.4979911942762796,0.2219922949917446,0.41499724821133765,0.6383847000550358,0.396854705558613,0.3323280132085856,0.7092157402311503,21325.75261419923,0.6528281688690178
-0.0396395156851953,0.8735360484314807,0.48799119427627957,0.16199229499174467,0.4649972482113375,0.6783847000550358,0.396854705558613,0.3223280132085856,0.7192157402311503,21032.75261419923,0.6560143947601311
-0.0396395156851953,0.9235360484314807,0.48799119427627957,0.15199229499174466,0.44499724821133746,0.6983847000550358,0.356854705558613,0.34232801320858564,0.7392157402311503,21373.75261419923,0.657063436508178
-0.06963951568519533,0.9635360484314808,0.4979911942762796,0.15199229499174466,0.43499724821133745,0.6783847000550358,0.346854705558613,0.36232801320858554,0.7392157402311503,21682.75261419923,0.6607694149017291
-0.04963951568519531,0.9435360484314808,0.4979911942762796,0.17199229499174468,0.42499724821133766,0.6683847000550358,0.386854705558613,0.35232801320858553,0.7292157402311503,21613.75261419923,0.664864253997802
0.010360484314804741,0.9135360484314807,0.4979911942762796,0.14199229499174465,0.44499724821133746,0.6083847000550358,0.386854705558613,0.37232801320858555,0.7692157402311502,21850.75261419923,0.6688758850097649
0.030360484314804648,0.8935360484314807,0.5179911942762796,0.11199229499174468,0.44499724821133746,0.6383847000550358,0.396854705558613,0.36232801320858554,0.7292157402311503,22007.75261419923,0.6698395729064934
0.04036048431480466,0.8635360484314807,0.5579911942762796,0.061992294991744634,0.45499724821133747,0.6183847000550358,0.376854705558613,0.37232801320858555,0.7592157402311502,21848.75261419923,0.6733588695526116
0.050360484314804665,0.8535360484314809,0.5779911942762794,0.061992294991744634,0.4649972482113375,0.6083847000550358,0.356854705558613,0.38232801320858556,0.7792157402311503,22041.75261419923,0.6773588180542021
0.050360484314804665,0.8435360484314809,0.5579911942762796,0.05199229499174468,0.4849972482113375,0.6083847000550358,0.366854705558613,0.35232801320858553,0.7392157402311503,22408.75261419923,0.6813587665557854
0.04036048431480466,0.8635360484314807,0.5579911942762796,0.07199229499174464,0.4649972482113375,0.6183847000550358,0.376854705558613,0.36232801320858554,0.7792157402311503,22587.75261419923,0.6847941398620598
0.050360484314804665,0.8235360484314809,0.5979911942762794,0.061992294991744634,0.45499724821133747,0.5983847000550357,0.376854705558613,0.37232801320858555,0.8192157402311503,22174.75261419923,0.6856252670288079
0.030360484314804648,0.8435360484314809,0.5979911942762794,0.05199229499174468,0.44499724821133746,0.6183847000550358,0.396854705558613,0.4023280132085856,0.8392157402311503,22181.75261419923,0.6888617992401116
0.060360484314804674,0.8235360484314809,0.6179911942762795,0.05199229499174468,0.4749972482113375,0.5683847000550357,0.40685470555861303,0.4123280132085856,0.8092157402311503,22006.75261419923,0.6934694766998284
0.04036048431480466,0.8135360484314809,0.6279911942762795,0.03199229499174466,0.45499724821133747,0.6183847000550358,0.386854705558613,0.4323280132085856,0.7992157402311503,21619.75261419923,0.6974665641784661
0.08036048431480469,0.7935360484314808,0.6179911942762795,0.0019922949917446364,0.45499724821133747,0.6283847000550358,0.356854705558613,0.4523280132085856,0.8092157402311503,21688.75261419923,0.6974665641784661
0.0903604843148047,0.7635360484314808,0.6679911942762795,0.0019922949917446364,0.4649972482113375,0.6383847000550358,0.366854705558613,0.47232801320858553,0.8092157402311503,22441.75261419923,0.7014457702636712
0.0903604843148047,0.7435360484314808,0.6879911942762795,0.0019922949917446364,0.44499724821133746,0.6583847000550358,0.40685470555861303,0.4523280132085856,0.8192157402311503,22792.75261419923,0.7054674148559599
0.04036048431480466,0.7235360484314808,0.7079911942762795,0.021992294991744654,0.4649972482113375,0.6683847000550358,0.42685470555861305,0.4523280132085856,0.8492157402311503,22743.75261419923,0.709803771972652
0.10036048431480471,0.7235360484314808,0.7279911942762796,0.021992294991744654,0.44499724821133746,0.6983847000550358,0.4868547055586129,0.4523280132085856,0.8392157402311503,22342.75261419923,0.709803771972652
0.11036048431480472,0.6835360484314807,0.7279911942762796,0.04199229499174467,0.43499724821133745,0.6883847000550358,0.4668547055586131,0.46232801320858563,0.8692157402311503,22129.75261419923,0.7139381885528522
0.0903604843148047,0.6935360484314808,0.7079911942762795,0.011992294991744645,0.41499724821133765,0.7083847000550358,0.4768547055586131,0.47232801320858553,0.8792157402311503,22750.75261419923,0.7173335075378411
0.10036048431480471,0.6635360484314807,0.7179911942762796,0.021992294991744654,0.43499724821133745,0.6883847000550358,0.5068547055586129,0.47232801320858553,0.9092157402311504,23131.75261419923,0.7220661163330071
0.11036048431480472,0.6735360484314807,0.7379911942762796,0.021992294991744654,0.42499724821133766,0.7183847000550359,0.4968547055586129,0.49232801320858555,0.9592157402311502,22894.75261419923,0.7220661163330071
0.11036048431480472,0.6635360484314807,0.7479911942762796,0.03199229499174466,0.45499724821133747,0.7283847000550359,0.5168547055586129,0.5123280132085856,0.9692157402311502,22853.75261419923,0.7260655879974358
0.11036048431480472,0.5935360484314809,0.7579911942762796,0.04199229499174467,0.44499724821133746,0.6883847000550358,0.5268547055586129,0.5423280132085856,0.9092157402311504,22888.75261419923,0.73006625175476
0.11036048431480472,0.5935360484314809,0.7779911942762796,0.021992294991744654,0.43499724821133745,0.7283847000550359,0.5268547055586129,0.5623280132085856,0.9492157402311502,23295.75261419923,0.7345067977905302
0.12036048431480473,0.5535360484314809,0.7679911942762796,0.021992294991744654,0.44499724821133746,0.6883847000550358,0.4868547055586129,0.5823280132085856,1.0092157402311501,23154.75261419923,0.7354943275451653
0.0903604843148047,0.5035360484314808,0.7379911942762796,0.011992294991744645,0.44499724821133746,0.6683847000550358,0.4868547055586129,0.5823280132085856,1.0392157402311502,23021.75261419923,0.7384833812713616
0.07036048431480468,0.5635360484314809,0.6979911942762795,0.05199229499174468,0.43499724821133745,0.6683847000550358,0.4968547055586129,0.6023280132085856,0.9892157402311502,23218.75261419923,0.7415422916412382
0.060360484314804674,0.5835360484314809,0.7079911942762795,0.04199229499174467,0.43499724821133745,0.6683847000550358,0.4968547055586129,0.5923280132085856,1.0092157402311501,23693.75261419923,0.7476441383361809
0.04036048431480466,0.5835360484314809,0.6579911942762795,0.05199229499174468,0.41499724821133765,0.6583847000550358,0.5368547055586129,0.6223280132085857,1.0092157402311501,23762.75261419923,0.7501840114593499
0.030360484314804648,0.5535360484314809,0.6779911942762795,0.03199229499174466,0.45499724821133747,0.6983847000550358,0.596854705558613,0.5923280132085856,1.0192157402311501,23277.75261419923,0.7512418746948235
0.030360484314804648,0.4635360484314808,0.6979911942762795,0.03199229499174466,0.39499724821133764,0.6683847000550358,0.576854705558613,0.6123280132085857,1.0692157402311502,23546.75261419923,0.7549600124359124
0.0903604843148047,0.44353604843148076,0.6879911942762795,0.04199229499174467,0.42499724821133766,0.6483847000550358,0.626854705558613,0.5823280132085856,1.0292157402311501,23283.75261419923,0.7589933395385735
0.11036048431480472,0.42353604843148074,0.6979911942762795,0.011992294991744645,0.44499724821133746,0.6683847000550358,0.616854705558613,0.6123280132085857,1.0592157402311502,23382.75261419923,0.7629944801330524
0.15036048431480464,0.41353604843148073,0.6979911942762795,0.021992294991744654,0.43499724821133745,0.6983847000550358,0.596854705558613,0.6423280132085857,1.0792157402311502,23199.75261419923,0.7629944801330524
0.16036048431480465,0.3535360484314809,0.6879911942762795,0.05199229499174468,0.4949972482113375,0.6183847000550358,0.636854705558613,0.6423280132085857,1.0992157402311502,23426.75261419923,0.7670073032379179
0.10036048431480471,0.3335360484314809,0.6679911942762795,0.03199229499174466,0.4749972482113375,0.6083847000550358,0.616854705558613,0.6823280132085855,1.1192157402311502,23283.75261419923,0.7715060234069817
0.10036048431480471,0.3535360484314809,0.6579911942762795,0.08199229499174465,0.4949972482113375,0.5483847000550357,0.626854705558613,0.7023280132085855,1.0992157402311502,23156.75261419923,0.7751175880432122
0.08036048431480469,0.3635360484314807,0.5979911942762794,0.12199229499174463,0.4749972482113375,0.4983847000550358,0.636854705558613,0.7023280132085855,1.0692157402311502,23439.75261419923,0.7751175880432122
0.08036048431480469,0.3335360484314809,0.6079911942762795,0.10199229499174467,0.4649972482113375,0.5483847000550357,0.656854705558613,0.6723280132085855,1.0792157402311502,23522.75261419923,0.7800683498382526
0.08036048431480469,0.3335360484314809,0.6079911942762795,0.09199229499174466,0.4949972482113375,0.6083847000550358,0.626854705558613,0.6923280132085855,1.1292157402311502,23547.75261419923,0.7833656787872307
0.08036048431480469,0.30353604843148085,0.5979911942762794,0.05199229499174468,0.5249972482113375,0.5283847000550357,0.636854705558613,0.7023280132085855,1.0992157402311502,23800.75261419923,0.7874335765838616
0.07036048431480468,0.2435360484314808,0.6079911942762795,0.08199229499174465,0.5149972482113375,0.5183847000550359,0.656854705558613,0.6923280132085855,1.1192157402311502,23381.75261419923,0.7883660316467278
0.060360484314804674,0.2435360484314808,0.5579911942762796,0.04199229499174467,0.5149972482113375,0.5183847000550359,0.6968547055586131,0.6823280132085855,1.0892157402311502,22956.75261419923,0.7923633575439446
0.04036048431480466,0.2535360484314808,0.5579911942762796,0.061992294991744634,0.4949972482113375,0.5683847000550357,0.7368547055586129,0.6623280132085855,1.0792157402311502,22651.75261419923,0.7963654518127434
-0.019639515685195286,0.2535360484314808,0.5279911942762796,0.09199229499174466,0.5349972482113375,0.5983847000550357,0.7368547055586129,0.6923280132085855,1.1092157402311502,22780.75261419923,0.8004066467285185
-0.019639515685195286,0.2335360484314808,0.5979911942762794,0.10199229499174467,0.5049972482113375,0.5883847000550357,0.6968547055586131,0.6723280132085855,1.0992157402311502,23125.75261419923,0.8004066467285185
0.010360484314804741,0.2335360484314808,0.6179911942762795,0.11199229499174468,0.5049972482113375,0.6183847000550358,0.7368547055586129,0.6623280132085855,1.0692157402311502,23274.75261419923,0.8033289432525592
0.010360484314804741,0.2435360484314808,0.5979911942762794,0.13199229499174464,0.5049972482113375,0.6283847000550358,0.7268547055586131,0.7023280132085855,1.0692157402311502,22933.75261419923,0.80815238952637
-0.04963951568519531,0.20353604843148076,0.5879911942762794,0.14199229499174465,0.5149972482113375,0.5883847000550357,0.7468547055586129,0.7023280132085855,1.0692157402311502,22608.75261419923,0.8122243404388421
-0.029639515685195295,0.21353604843148077,0.5679911942762796,0.15199229499174466,0.5049972482113375,0.6283847000550358,0.7368547055586129,0.7223280132085855,1.0592157402311502,22619.75261419923,0.8122243404388421
-0.05963951568519532,0.22353604843148078,0.5279911942762796,0.15199229499174466,0.4649972482113375,0.6683847000550358,0.7368547055586129,0.7023280132085855,1.0892157402311502,22896.75261419923,0.8162240505218499
-0.0396395156851953,0.20353604843148076,0.5379911942762796,0.15199229499174466,0.5049972482113375,0.6383847000550358,0.8068547055586129,0.6723280132085855,1.0492157402311502,22797.75261419923,0.8199305057525592
-0.06963951568519533,0.20353604843148076,0.48799119427627957,0.17199229499174468,0.5149972482113375,0.6583847000550358,0.816854705558613,0.6923280132085855,1.0292157402311501,22604.75261419923,0.8242556571960442
-0.04963951568519531,0.17353604843148074,0.45799119427627955,0.15199229499174466,0.4949972482113375,0.6583847000550358,0.816854705558613,0.6823280132085855,0.9892157402311502,22551.75261419923,0.8281621456146233
-0.029639515685195295,0.19353604843148076,0.4979911942762796,0.1919922949917447,0.5149972482113375,0.6483847000550358,0.7768547055586129,0.6823280132085855,1.0192157402311501,23034.75261419923,0.8292302608490019
-0.05963951568519532,0.20353604843148076,0.45799119427627955,0.18199229499174469,0.5049972482113375,0.6683847000550358,0.8068547055586129,0.6623280132085855,1.0392157402311502,22867.75261419923,0.831940841674804
-0.10963951568519525,0.20353604843148076,0.46799119427627955,0.2119922949917447,0.5249972482113375,0.6283847000550358,0.7868547055586129,0.6423280132085857,1.0292157402311501,22126.75261419923,0.8366155147552483
-0.12963951568519527,0.1035360484314809,0.44799119427627954,0.2219922949917446,0.5549972482113376,0.6283847000550358,0.7168547055586131,0.7023280132085855,1.0792157402311502,22559.75261419923,0.8398732662200921
-0.13963951568519528,0.09353604843148089,0.3879911942762795,0.2019922949917447,0.5549972482113376,0.6383847000550358,0.7268547055586131,0.7123280132085855,1.0692157402311502,22724.75261419923,0.8409499645233183
-0.08963951568519535,0.1035360484314809,0.4179911942762795,0.2119922949917447,0.5249972482113375,0.6783847000550358,0.7068547055586131,0.6823280132085855,1.0892157402311502,22643.75261419923,0.844347429275512
-0.08963951568519535,0.09353604843148089,0.45799119427627955,0.25199229499174464,0.5049972482113375,0.6883847000550358,0.666854705558613,0.6823280132085855,1.1192157402311502,22396.75261419923,0.8489946842193596
-0.08963951568519535,0.09353604843148089,0.47799119427627956,0.25199229499174464,0.5049972482113375,0.7083847000550358,0.646854705558613,0.7023280132085855,1.1092157402311502,22811.75261419923,0.8529893875122099
-0.08963951568519535,0.08353604843148088,0.48799119427627957,0.27199229499174465,0.4949972482113375,0.7383847000550359,0.656854705558613,0.6823280132085855,1.1192157402311502,22492.75261419923,0.8529893875122099
-0.08963951568519535,0.07353604843148087,0.48799119427627957,0.27199229499174465,0.5249972482113375,0.6883847000550358,0.606854705558613,0.6923280132085855,1.1692157402311503,22471.75261419923,0.8565649509429925
-0.09963951568519536,0.053536048431480854,0.45799119427627955,0.3019922949917447,0.5249972482113375,0.6883847000550358,0.586854705558613,0.7023280132085855,1.1292157402311502,22500.75261419923,0.860581827163692
-0.07963951568519534,0.06353604843148086,0.46799119427627955,0.3019922949917447,0.5949972482113376,0.6383847000550358,0.596854705558613,0.6623280132085855,1.1692157402311503,22579.75261419923,0.8656148433685296
-0.08963951568519535,0.053536048431480854,0.4179911942762795,0.3519922949917446,0.5949972482113376,0.6583847000550358,0.566854705558613,0.6623280132085855,1.1492157402311503,22764.75261419923,0.8656148433685296
-0.10963951568519525,0.053536048431480854,0.44799119427627954,0.37199229499174463,0.5949972482113376,0.6783847000550358,0.606854705558613,0.6323280132085857,1.1392157402311502,23103.75261419923,0.8696264743804925
-0.09963951568519536,0.023536048431480827,0.4279911942762795,0.39199229499174465,0.6149972482113376,0.6883847000550358,0.616854705558613,0.6523280132085857,1.1192157402311502,23206.75261419923,0.873616170883178
-0.10963951568519525,0.043536048431480845,0.3879911942762795,0.38199229499174464,0.6049972482113376,0.7183847000550359,0.636854705558613,0.6323280132085857,1.1092157402311502,22813.75261419923,0.8775002479553216
-0.10963951568519525,0.08353604843148088,0.44799119427627954,0.39199229499174465,0.6149972482113376,0.7483847000550359,0.606854705558613,0.6323280132085857,1.1192157402311502,22772.75261419923,0.8785516738891594
-0.09963951568519536,0.053536048431480854,0.4379911942762795,0.39199229499174465,0.6149972482113376,0.7883847000550357,0.5568547055586129,0.6423280132085857,1.1292157402311502,23165.75261419923,0.8815299987792926
-0.11963951568519526,0.11353604843148069,0.3879911942762795,0.40199229499174466,0.6349972482113376,0.7883847000550357,0.5168547055586129,0.6423280132085857,1.1392157402311502,23236.75261419923,0.8855304241180413
-0.1496395156851953,0.06353604843148086,0.3979911942762795,0.4319922949917447,0.6249972482113376,0.7683847000550359,0.4968547055586129,0.6423280132085857,1.1592157402311503,22823.75261419923,0.8898396015167194
-0.1696395156851953,0.06353604843148086,0.35799119427627957,0.4819922949917446,0.5749972482113376,0.8383847000550357,0.5168547055586129,0.5923280132085856,1.1492157402311503,23114.75261419923,0.8936829090118401
-0.18963951568519533,0.023536048431480827,0.3079911942762795,0.5119922949917446,0.5649972482113376,0.8683847000550358,0.5568547055586129,0.5823280132085856,1.1292157402311502,22919.75261419923,0.8936829090118401
-0.1696395156851953,0.033536048431480836,0.32799119427627954,0.5019922949917446,0.5549972482113376,0.8883847000550358,0.5168547055586129,0.5823280132085856,1.1392157402311502,22952.75261419923,0.8977512836456292
-0.18963951568519533,0.06353604843148086,0.35799119427627957,0.4819922949917446,0.5749972482113376,0.9083847000550358,0.4768547055586131,0.5823280132085856,1.1392157402311502,23281.75261419923,0.9027790546417194
-0.19963951568519533,0.08353604843148088,0.3679911942762796,0.4819922949917446,0.6049972482113376,0.8783847000550358,0.4868547055586129,0.6023280132085856,1.1392157402311502,23118.75261419923,0.9063777446746819
-0.1596395156851953,0.043536048431480845,0.3979911942762795,0.4719922949917446,0.6249972482113376,0.9083847000550358,0.42685470555861305,0.6123280132085857,1.1592157402311503,23149.75261419923,0.907409620285037
-0.1496395156851953,0.033536048431480836,0.35799119427627957,0.4819922949917446,0.6049972482113376,0.9583847000550358,0.40685470555861303,0.5823280132085856,1.1392157402311502,23204.75261419923,0.9104105949401848
-0.18963951568519533,0.043536048431480845,0.3679911942762796,0.4319922949917447,0.6449972482113376,0.9383847000550358,0.44685470555861306,0.5723280132085856,1.1592157402311503,23117.75261419923,0.9143018245697014
-0.1696395156851953,-0.0064639515685191995,0.33799119427627955,0.4519922949917447,0.6749972482113377,0.8983847000550358,0.376854705558613,0.5923280132085856,1.0792157402311502,23508.75261419923,0.9181627750396721
-0.18963951568519533,-0.01646395156851921,0.33799119427627955,0.4519922949917447,0.6249972482113376,0.9283847000550358,0.41685470555861304,0.5423280132085856,1.0392157402311502,23759.75261419923,0.9188653945922844
-0.18963951568519533,-0.026463951568519217,0.33799119427627955,0.5319922949917446,0.5949972482113376,0.9383847000550358,0.40685470555861303,0.5723280132085856,1.0192157402311501,23510.75261419923,0.9229449748992913
-0.19963951568519533,-0.0064639515685191995,0.32799119427627954,0.5319922949917446,0.6149972482113376,0.9083847000550358,0.346854705558613,0.5323280132085856,1.0192157402311501,23487.75261419923,0.926923465728759
-0.18963951568519533,0.033536048431480836,0.3679911942762796,0.5319922949917446,0.6549972482113376,0.8783847000550358,0.366854705558613,0.49232801320858555,1.0092157402311501,23322.75261419923,0.9299249172210686
-0.18963951568519533,-0.01646395156851921,0.3779911942762796,0.5419922949917446,0.6249972482113376,0.8783847000550358,0.30685470555861294,0.5123280132085856,1.0592157402311502,23533.75261419923,0.9309157848358112
-0.20963951568519534,0.023536048431480827,0.3679911942762796,0.5919922949917447,0.6749972482113377,0.8583847000550358,0.28685470555861303,0.5323280132085856,0.9892157402311502,23716.75261419923,0.9349245548248284
-0.17963951568519532,0.023536048431480827,0.3679911942762796,0.6019922949917447,0.6449972482113376,0.8483847000550357,0.276854705558613,0.5023280132085856,0.9392157402311502,23705.75261419923,0.9394030094146721
-0.17963951568519532,-0.01646395156851921,0.32799119427627954,0.6119922949917447,0.5949972482113376,0.8983847000550358,0.236854705558613,0.48232801320858554,0.8992157402311504,23902.75261419923,0.9434957027435296
-0.1696395156851953,-0.0064639515685191995,0.34799119427627956,0.6319922949917447,0.5349972482113375,0.9283847000550358,0.266854705558613,0.48232801320858554,0.8692157402311503,24349.75261419923,0.9434957027435296
-0.21963951568519535,-0.0064639515685191995,0.31799119427627953,0.6519922949917447,0.5349972482113375,0.9383847000550358,0.29685470555861293,0.4123280132085856,0.8292157402311503,24182.75261419923,0.9465033531188922
-0.19963951568519533,-0.046463951568519235,0.3079911942762795,0.6419922949917447,0.5449972482113375,0.9283847000550358,0.266854705558613,0.39232801320858557,0.8092157402311503,24489.75261419923,0.9514891624450676
-0.18963951568519533,-0.046463951568519235,0.35799119427627957,0.6519922949917447,0.5249972482113375,0.9483847000550358,0.22685470555861298,0.3323280132085856,0.7892157402311503,24054.75261419923,0.9555096149444573
-0.17963951568519532,0.013536048431480818,0.35799119427627957,0.6719922949917447,0.5249972482113375,0.9483847000550358,0.236854705558613,0.36232801320858554,0.7392157402311503,24511.75261419923,0.9589340209960895
-0.19963951568519533,-0.0064639515685191995,0.34799119427627956,0.6219922949917447,0.5849972482113376,0.9783847000550356,0.236854705558613,0.3123280132085856,0.6792157402311503,24438.75261419923,0.960065555572509
-0.18963951568519533,-0.01646395156851921,0.35799119427627957,0.6119922949917447,0.5949972482113376,0.9383847000550358,0.236854705558613,0.3223280132085856,0.6892157402311503,24113.75261419923,0.9632596492767291
-0.19963951568519533,-0.0064639515685191995,0.33799119427627955,0.5919922949917447,0.5949972482113376,0.9383847000550358,0.20685470555861296,0.35232801320858553,0.6692157402311503,24256.75261419923,0.9673695087432854
-0.19963951568519533,0.023536048431480827,0.31799119427627953,0.6319922949917447,0.5649972482113376,0.9283847000550358,0.22685470555861298,0.2823280132085856,0.6992157402311503,24347.75261419923,0.9712545394897454
-0.19963951568519533,-0.036463951568519226,0.31799119427627953,0.6319922949917447,0.5649972482113376,0.8983847000550358,0.20685470555861296,0.26232801320858556,0.6192157402311503,24134.75261419923,0.9712545394897454
-0.20963951568519534,0.0035360484314808094,0.3079911942762795,0.6119922949917447,0.5849972482113376,0.9083847000550358,0.20685470555861296,0.23232801320858554,0.6192157402311503,24665.75261419923,0.9763197422027616
-0.12963951568519527,0.0035360484314808094,0.32799119427627954,0.6319922949917447,0.5649972482113376,0.9083847000550358,0.19685470555861295,0.25232801320858556,0.6292157402311502,24512.75261419923,0.9792906761169462
-0.19963951568519533,-0.0064639515685191995,0.3079911942762795,0.6219922949917447,0.5549972482113376,0.9083847000550358,0.18685470555861294,0.26232801320858556,0.6092157402311503,23699.75261419923,0.9832875251770012
-0.1696395156851953,-0.0064639515685191995,0.31799119427627953,0.6219922949917447,0.5949972482113376,0.8783847000550358,0.136854705558613,0.23232801320858554,0.5892157402311503,23492.75261419923,0.9842888832092278
-0.13963951568519528,-0.046463951568519235,0.32799119427627954,0.6219922949917447,0.5749972482113376,0.8683847000550358,0.08685470555861297,0.22232801320858553,0.5992157402311503,23873.75261419923,0.988391828536983
-0.23963951568519526,-0.0064639515685191995,0.35799119427627957,0.5819922949917447,0.6449972482113376,0.8883847000550358,0.08685470555861297,0.25232801320858556,0.5892157402311503,24220.75261419923,0.9919445037841754
-0.18963951568519533,-0.026463951568519217,0.32799119427627954,0.5419922949917446,0.6049972482113376,0.8683847000550358,0.10685470555861298,0.24232801320858555,0.6692157402311503,24053.75261419923,0.9959158420562773
-0.17963951568519532,-0.01646395156851921,0.35799119427627957,0.5319922949917446,0.6549972482113376,0.8683847000550358,0.08685470555861297,0.24232801320858555,0.6492157402311503,24188.75261419923,0.9959158420562773
-0.23963951568519526,-0.046463951568519235,0.35799119427627957,0.5319922949917446,0.6349972482113376,0.8183847000550357,0.09685470555861297,0.21232801320858563,0.6292157402311502,23811.75261419923,0.9999503612518303
-0.19963951568519533,-0.01646395156851921,0.34799119427627956,0.5219922949917446,0.6449972482113376,0.7883847000550357,0.05685470555861294,0.22232801320858553,0.6092157402311503,23864.75261419923,1.0041260242462116
-0.17963951568519532,0.013536048431480818,0.32799119427627954,0.4919922949917446,0.6749972482113377,0.7883847000550357,0.05685470555861294,0.24232801320858555,0.7292157402311503,23815.75261419923,1.009118747711181
-0.22963951568519525,0.043536048431480845,0.34799119427627956,0.5019922949917446,0.6349972482113376,0.8083847000550357,0.06685470555861295,0.2923280132085856,0.7292157402311503,23274.75261419923,1.009118747711181
-0.21963951568519535,0.08353604843148088,0.34799119427627956,0.5219922949917446,0.6049972482113376,0.8283847000550357,0.10685470555861298,0.2923280132085856,0.7092157402311503,23315.75261419923,1.0132510185241692
-0.20963951568519534,0.08353604843148088,0.35799119427627957,0.4619922949917447,0.6249972482113376,0.8583847000550358,0.136854705558613,0.2823280132085856,0.6992157402311503,22920.75261419923,1.0165402412414544
-0.19963951568519533,0.1435360484314807,0.3779911942762796,0.4819922949917446,0.6349972482113376,0.8583847000550358,0.126854705558613,0.2923280132085856,0.6792157402311503,22705.75261419923,1.02083773612976
-0.1696395156851953,0.16353604843148073,0.35799119427627957,0.40199229499174466,0.6649972482113377,0.8283847000550357,0.126854705558613,0.2923280132085856,0.6992157402311503,22894.75261419923,1.0218903541564934
-0.1696395156851953,0.1435360484314807,0.34799119427627956,0.4819922949917446,0.6349972482113376,0.8283847000550357,0.11685470555861299,0.3123280132085856,0.6992157402311503,22455.75261419923,1.0244431018829339
-0.18963951568519533,0.15353604843148072,0.3679911942762796,0.4719922949917446,0.6049972482113376,0.7983847000550357,0.126854705558613,0.3023280132085856,0.7392157402311503,21972.75261419923,1.0287191390991204
-0.1596395156851953,0.19353604843148076,0.3679911942762796,0.4319922949917447,0.6449972482113376,0.7783847000550357,0.15685470555861303,0.2723280132085856,0.7692157402311502,22301.75261419923,1.0342583179473834
-0.18963951568519533,0.20353604843148076,0.33799119427627955,0.4319922949917447,0.6149972482113376,0.7483847000550359,0.14685470555861302,0.2923280132085856,0.7792157402311503,22552.75261419923,1.0365852832794182
-0.17963951568519532,0.31353604843148086,0.3679911942762796,0.40199229499174466,0.6149972482113376,0.7483847000550359,0.16685470555861304,0.3123280132085856,0.8092157402311503,22691.75261419923,1.037258338928222
-0.19963951568519533,0.28353604843148084,0.33799119427627955,0.39199229499174465,0.6049972482113376,0.8083847000550357,0.20685470555861296,0.3323280132085856,0.7792157402311503,22212.75261419923,1.0408098220825224
-0.19963951568519533,0.3335360484314809,0.34799119427627956,0.41199229499174467,0.5749972482113376,0.8183847000550357,0.18685470555861294,0.3323280132085856,0.7692157402311502,22167.75261419923,1.0453044891357415
-0.23963951568519526,0.3535360484314809,0.33799119427627955,0.38199229499174464,0.5949972482113376,0.7583847000550359,0.22685470555861298,0.34232801320858564,0.7892157402311503,22294.75261419923,1.0493869304656975
-0.19963951568519533,0.3535360484314809,0.35799119427627957,0.41199229499174467,0.5849972482113376,0.7683847000550359,0.19685470555861295,0.3323280132085856,0.7792157402311503,22165.75261419923,1.0503556251525836
-0.20963951568519534,0.3935360484314807,0.3679911942762796,0.37199229499174463,0.5649972482113376,0.7483847000550359,0.18685470555861294,0.3123280132085856,0.7992157402311503,21654.75261419923,1.0536515235900872
-0.19963951568519533,0.3935360484314807,0.34799119427627956,0.39199229499174465,0.5449972482113375,0.7283847000550359,0.21685470555861297,0.37232801320858555,0.8092157402311503,21873.75261419923,1.0573701381683343
-0.19963951568519533,0.4035360484314807,0.3779911942762796,0.39199229499174465,0.5149972482113375,0.7583847000550359,0.22685470555861298,0.34232801320858564,0.8292157402311503,22118.75261419923,1.0619863986968952
-0.1596395156851953,0.42353604843148074,0.32799119427627954,0.3519922949917446,0.5149972482113375,0.7483847000550359,0.256854705558613,0.34232801320858564,0.7492157402311502,22235.75261419923,1.0619863986968952
-0.11963951568519526,0.3935360484314807,0.35799119427627957,0.28199229499174466,0.5149972482113375,0.7083847000550358,0.276854705558613,0.36232801320858554,0.7792157402311503,21570.75261419923,1.0660192489624016
-0.04963951568519531,0.3835360484314807,0.3979911942762795,0.28199229499174466,0.5249972482113375,0.7383847000550359,0.29685470555861293,0.36232801320858554,0.7992157402311503,21011.75261419923,1.0700184822082512
-0.06963951568519533,0.41353604843148073,0.3979911942762795,0.29199229499174467,0.5149972482113375,0.7083847000550358,0.30685470555861294,0.38232801320858556,0.7892157402311503,21344.75261419923,1.0735489845275836
-0.05963951568519532,0.4635360484314808,0.4279911942762795,0.23199229499174462,0.5349972482113375,0.7183847000550359,0.33685470555861297,0.38232801320858556,0.7892157402311503,21119.75261419923,1.0745007514953606
-0.06963951568519533,0.4735360484314808,0.45799119427627955,0.23199229499174462,0.5349972482113375,0.7183847000550359,0.31685470555861295,0.3123280132085856,0.7892157402311503,21328.75261419923,1.0780801296234124
-0.0396395156851953,0.4835360484314808,0.44799119427627954,0.2219922949917446,0.5049972482113375,0.6583847000550358,0.30685470555861294,0.34232801320858564,0.7892157402311503,21529.75261419923,1.0831276893615716
-0.009639515685195277,0.4835360484314808,0.48799119427627957,0.2219922949917446,0.4949972482113375,0.6683847000550358,0.33685470555861297,0.34232801320858564,0.8192157402311503,21742.75261419923,1.0868153095245319
-0.009639515685195277,0.4835360484314808,0.5179911942762796,0.1919922949917447,0.4949972482113375,0.6783847000550358,0.356854705558613,0.3323280132085856,0.8292157402311503,21495.75261419923,1.0868153095245319
0.0003604843148047321,0.4735360484314808,0.5279911942762796,0.1919922949917447,0.45499724821133747,0.6883847000550358,0.356854705558613,0.3223280132085856,0.7992157402311503,21724.75261419923,1.09125466346741
0.010360484314804741,0.4835360484314808,0.5379911942762796,0.16199229499174467,0.4849972482113375,0.6883847000550358,0.366854705558613,0.34232801320858564,0.8192157402311503,21823.75261419923,1.0947038650512688
0.0003604843148047321,0.5035360484314808,0.5379911942762796,0.2019922949917447,0.4849972482113375,0.6783847000550358,0.33685470555861297,0.35232801320858553,0.8092157402311503,21794.75261419923,1.099134159088134
-0.0396395156851953,0.5735360484314809,0.4979911942762796,0.18199229499174469,0.4749972482113375,0.6483847000550358,0.366854705558613,0.36232801320858554,0.7992157402311503,22449.75261419923,1.1024007320404046
-0.029639515685195295,0.5735360484314809,0.4979911942762796,0.13199229499174464,0.4849972482113375,0.6183847000550358,0.356854705558613,0.34232801320858564,0.8292157402311503,21856.75261419923,1.1031345844268792
-0.029639515685195295,0.5935360484314809,0.47799119427627956,0.12199229499174463,0.4949972482113375,0.6083847000550358,0.356854705558613,0.34232801320858564,0.8392157402311503,21967.75261419923,1.1068589210510247
-0.029639515685195295,0.6135360484314807,0.4979911942762796,0.11199229499174468,0.4749972482113375,0.5783847000550357,0.396854705558613,0.35232801320858553,0.8292157402311503,22372.75261419923,1.1118716716766386
-0.029639515685195295,0.6435360484314807,0.46799119427627955,0.09199229499174466,0.4649972482113375,0.5983847000550357,0.396854705558613,0.36232801320858554,0.8292157402311503,22423.75261419923,1.1142427444458
0.010360484314804741,0.6335360484314807,0.48799119427627957,0.10199229499174467,0.45499724821133747,0.5683847000550357,0.44685470555861306,0.3223280132085856,0.8092157402311503,22410.75261419923,1.1153130054473834
0.04036048431480466,0.6035360484314809,0.5279911942762796,0.08199229499174465,0.4649972482113375,0.6083847000550358,0.43685470555861305,0.34232801320858564,0.8492157402311503,22287.75261419923,1.1186565876007037
0.04036048431480466,0.5835360484314809,0.5179911942762796,0.07199229499174464,0.4749972482113375,0.6283847000550358,0.4568547055586131,0.4223280132085856,0.8392157402311503,22336.75261419923,1.1234304428100579
0.08036048431480469,0.5635360484314809,0.5179911942762796,0.05199229499174468,0.5049972482113375,0.5683847000550357,0.4668547055586131,0.34232801320858564,0.8592157402311503,22247.75261419923,1.1266231060028105
0.10036048431480471,0.5435360484314808,0.5379911942762796,0.061992294991744634,0.4849972482113375,0.6483847000550358,0.44685470555861306,0.37232801320858555,0.8492157402311503,22394.75261419923,1.1275398254394524
0.0903604843148047,0.5135360484314808,0.5779911942762794,0.09199229499174466,0.44499724821133746,0.6683847000550358,0.4568547055586131,0.39232801320858557,0.8392157402311503,23027.75261419923,1.1315359592437737
0.11036048431480472,0.4735360484314808,0.6379911942762795,0.10199229499174467,0.42499724821133766,0.6583847000550358,0.4768547055586131,0.35232801320858553,0.8392157402311503,23170.75261419923,1.1360451698303216
0.14036048431480475,0.45353604843148076,0.6279911942762795,0.11199229499174468,0.40499724821133765,0.6683847000550358,0.4668547055586131,0.38232801320858556,0.8692157402311503,23333.75261419923,1.1400115013122516
0.17036048431480466,0.45353604843148076,0.6279911942762795,0.12199229499174463,0.42499724821133766,0.6183847000550358,0.4668547055586131,0.38232801320858556,0.8592157402311503,23688.75261419923,1.1400115013122516
0.11036048431480472,0.4635360484314808,0.6579911942762795,0.07199229499174464,0.44499724821133746,0.6683847000550358,0.4768547055586131,0.38232801320858556,0.8592157402311503,23367.75261419923,1.1440550804138176
0.13036048431480474,0.4635360484314808,0.6579911942762795,0.07199229499174464,0.41499724821133765,0.6683847000550358,0.4968547055586129,0.37232801320858555,0.8692157402311503,23298.75261419923,1.1477400779724114
0.10036048431480471,0.44353604843148076,0.6579911942762795,0.05199229499174468,0.4749972482113375,0.6283847000550358,0.4968547055586129,0.36232801320858554,0.8892157402311504,23395.75261419923,1.1516623020172112
0.12036048431480473,0.44353604843148076,0.6779911942762795,0.07199229499174464,0.45499724821133747,0.6183847000550358,0.4568547055586131,0.37232801320858555,0.8892157402311504,23634.75261419923,1.1527077674865716
0.12036048431480473,0.44353604843148076,0.6979911942762795,0.04199229499174467,0.4849972482113375,0.6383847000550358,0.4668547055586131,0.4023280132085856,0.8992157402311504,23957.75261419923,1.1559762477874784
0.14036048431480475,0.4635360484314808,0.6979911942762795,0.061992294991744634,0.4649972482113375,0.6183847000550358,0.4668547055586131,0.4023280132085856,0.8992157402311504,23998.75261419923,1.1597141742706292
0.12036048431480473,0.4735360484314808,0.6779911942762795,0.061992294991744634,0.4749972482113375,0.6783847000550358,0.4968547055586129,0.4223280132085856,0.9092157402311504,23867.75261419923,1.1638159275054925
0.0903604843148047,0.4835360484314808,0.7079911942762795,0.03199229499174466,0.4649972482113375,0.6783847000550358,0.5168547055586129,0.4123280132085856,0.8992157402311504,23404.75261419923,1.1671158790588407
0.11036048431480472,0.4635360484314808,0.7079911942762795,0.04199229499174467,0.4649972482113375,0.6883847000550358,0.5468547055586129,0.4123280132085856,0.8992157402311504,23479.75261419923,1.1680879116058378
0.04036048431480466,0.43353604843148075,0.7379911942762796,0.05199229499174468,0.45499724821133747,0.6883847000550358,0.5568547055586129,0.4323280132085856,0.9192157402311504,23470.75261419923,1.1720847606658893
0.050360484314804665,0.43353604843148075,0.7179911942762796,0.05199229499174468,0.44499724821133746,0.6883847000550358,0.5368547055586129,0.4423280132085856,0.9292157402311504,23477.75261419923,1.1760825634002678
0.08036048431480469,0.41353604843148073,0.7579911942762796,0.04199229499174467,0.45499724821133747,0.6883847000550358,0.4768547055586131,0.47232801320858553,0.9292157402311504,23880.75261419923,1.1800825119018512
0.08036048431480469,0.4035360484314807,0.7279911942762796,0.061992294991744634,0.43499724821133745,0.7083847000550358,0.4568547055586131,0.5323280132085856,0.9692157402311502,23971.75261419923,1.1810860157012897
0.08036048431480469,0.3735360484314807,0.7079911942762795,0.05199229499174468,0.42499724821133766,0.6983847000550358,0.4868547055586129,0.5523280132085856,0.9792157402311502,24228.75261419923,1.1841723442077594
0.030360484314804648,0.41353604843148073,0.7179911942762796,0.061992294991744634,0.43499724821133745,0.6683847000550358,0.4568547055586131,0.5523280132085856,1.0292157402311501,24169.75261419923,1.1888069629669218
-0.029639515685195295,0.3935360484314807,0.6879911942762795,0.061992294991744634,0.38499724821133763,0.6583847000550358,0.5168547055586129,0.5423280132085856,1.0292157402311501,24134.75261419923,1.192853641510009
0.04036048431480466,0.3835360484314807,0.6379911942762795,0.08199229499174465,0.38499724821133763,0.6583847000550358,0.5368547055586129,0.5123280132085856,1.0592157402311502,24217.75261419923,1.192853641510009
0.010360484314804741,0.3535360484314809,0.6379911942762795,0.09199229499174466,0.3649972482113376,0.6483847000550358,0.5168547055586129,0.5523280132085856,1.0392157402311502,24220.75261419923,1.1968554973602288
-0.019639515685195286,0.3835360484314807,0.6279911942762795,0.11199229499174468,0.3749972482113376,0.6483847000550358,0.5268547055586129,0.5523280132085856,1.0292157402311501,24625.75261419923,1.2012993812561064
0.0003604843148047321,0.3535360484314809,0.6379911942762795,0.10199229499174467,0.3549972482113376,0.6283847000550358,0.4968547055586129,0.5923280132085856,1.0492157402311502,23792.75261419923,1.2050444602966301
0.0003604843148047321,0.32353604843148087,0.6379911942762795,0.11199229499174468,0.3549972482113376,0.6083847000550358,0.4968547055586129,0.5923280132085856,1.0492157402311502,24121.75261419923,1.2058677196502678
0.04036048431480466,0.30353604843148085,0.6379911942762795,0.13199229499174464,0.3549972482113376,0.5983847000550357,0.5168547055586129,0.5923280132085856,1.0392157402311502,24394.75261419923,1.20937533378601
0.02036048431480475,0.28353604843148084,0.6179911942762795,0.13199229499174464,0.39499724821133764,0.6283847000550358,0.5068547055586129,0.6223280132085857,1.0792157402311502,23883.75261419923,1.2134043693542473
0.04036048431480466,0.2335360484314808,0.5979911942762794,0.11199229499174468,0.40499724821133765,0.6083847000550358,0.5168547055586129,0.5923280132085856,1.0892157402311502,23942.75261419923,1.2173983573913603
0.02036048431480475,0.2335360484314808,0.5679911942762796,0.09199229499174466,0.43499724821133745,0.4983847000550358,0.5568547055586129,0.6023280132085856,1.0892157402311502,23955.75261419923,1.218403768539428
-0.009639515685195277,0.20353604843148076,0.5279911942762796,0.08199229499174465,0.45499724821133747,0.4683847000550358,0.5468547055586129,0.6023280132085856,1.0992157402311502,24216.75261419923,1.2219027996063225
0.0003604843148047321,0.22353604843148078,0.6079911942762795,0.10199229499174467,0.44499724821133746,0.4983847000550358,0.5468547055586129,0.6223280132085857,1.0692157402311502,23837.75261419923,1.2260488986968952
-0.04963951568519531,0.2735360484314808,0.6379911942762795,0.08199229499174465,0.44499724821133746,0.5483847000550357,0.566854705558613,0.6223280132085857,1.0492157402311502,22992.75261419923,1.229852628707885
-0.029639515685195295,0.29353604843148084,0.6079911942762795,0.10199229499174467,0.43499724821133745,0.5783847000550357,0.606854705558613,0.6423280132085857,1.0892157402311502,21909.75261419923,1.229852628707885
-0.029639515685195295,0.2435360484314808,0.5979911942762794,0.10199229499174467,0.43499724821133745,0.6183847000550358,0.5568547055586129,0.6523280132085857,1.0992157402311502,20974.75261419923,1.2338652133941643
0.010360484314804741,0.2335360484314808,0.5179911942762796,0.14199229499174465,0.4649972482113375,0.5883847000550357,0.586854705558613,0.6523280132085857,1.0692157402311502,20911.75261419923,1.2375730991363518
-0.0396395156851953,0.2435360484314808,0.5379911942762796,0.13199229499174464,0.4749972482113375,0.5183847000550359,0.626854705558613,0.6823280132085855,1.0692157402311502,21204.75261419923,1.2415787696838407
-0.019639515685195286,0.18353604843148075,0.48799119427627957,0.09199229499174466,0.4749972482113375,0.5483847000550357,0.626854705558613,0.7023280132085855,1.0892157402311502,21429.75261419923,1.2455827713012688
0.030360484314804648,0.16353604843148073,0.47799119427627956,0.10199229499174467,0.4949972482113375,0.5283847000550357,0.606854705558613,0.7023280132085855,1.0892157402311502,21150.75261419923,1.2465826988220208
-0.009639515685195277,0.18353604843148075,0.47799119427627956,0.10199229499174467,0.4949972482113375,0.5683847000550357,0.626854705558613,0.7523280132085856,1.0592157402311502,21007.75261419923,1.2496661663055413
-0.019639515685195286,0.17353604843148074,0.46799119427627955,0.10199229499174467,0.5049972482113375,0.5683847000550357,0.626854705558613,0.7023280132085855,1.0692157402311502,20560.75261419923,1.254705619812011
-0.019639515685195286,0.15353604843148072,0.45799119427627955,0.10199229499174467,0.5049972482113375,0.5883847000550357,0.656854705558613,0.7123280132085855,1.0492157402311502,20723.75261419923,1.2579743385314934
-0.05963951568519532,0.15353604843148072,0.44799119427627954,0.07199229499174464,0.4749972482113375,0.6183847000550358,0.656854705558613,0.6923280132085855,1.0492157402311502,20828.75261419923,1.2579743385314934
-0.019639515685195286,0.1335360484314807,0.4379911942762795,0.11199229499174468,0.4949972482113375,0.6283847000550358,0.676854705558613,0.6923280132085855,1.0792157402311502,20431.75261419923,1.2630240440368645
-0.09963951568519536,0.1435360484314807,0.4079911942762795,0.12199229499174463,0.4849972482113375,0.6683847000550358,0.656854705558613,0.6923280132085855,1.0792157402311502,20728.75261419923,1.2671443939208977
-0.08963951568519535,0.1335360484314807,0.4179911942762795,0.13199229499174464,0.4849972482113375,0.6683847000550358,0.686854705558613,0.6923280132085855,1.0692157402311502,20661.75261419923,1.2704016685485833
-0.09963951568519536,0.1035360484314809,0.4279911942762795,0.16199229499174467,0.4949972482113375,0.6683847000550358,0.7068547055586131,0.6923280132085855,1.0292157402311501,20572.75261419923,1.27114386558533
-0.11963951568519526,0.09353604843148089,0.47799119427627956,0.18199229499174469,0.4749972482113375,0.6683847000550358,0.6968547055586131,0.6923280132085855,1.0392157402311502,20417.75261419923,1.274585199356082
-0.10963951568519525,0.1035360484314809,0.47799119427627956,0.18199229499174469,0.4649972482113375,0.6983847000550358,0.7068547055586131,0.7023280132085855,1.0592157402311502,20442.75261419923,1.2789515972137444
-0.1596395156851953,0.09353604843148089,0.4379911942762795,0.2119922949917447,0.4649972482113375,0.7283847000550359,0.7368547055586129,0.7123280132085855,1.0692157402311502,20529.75261419923,1.282882642745971
-0.1496395156851953,0.09353604843148089,0.44799119427627954,0.2119922949917447,0.4849972482113375,0.7083847000550358,0.7068547055586131,0.6723280132085855,1.0592157402311502,20594.75261419923,1.2839357376098626
-0.1496395156851953,0.06353604843148086,0.4379911942762795,0.1919922949917447,0.4649972482113375,0.7083847000550358,0.686854705558613,0.6823280132085855,1.0592157402311502,20341.75261419923,1.2865993499755852
-0.1496395156851953,-0.0064639515685191995,0.3779911942762796,0.17199229499174468,0.4949972482113375,0.7083847000550358,0.686854705558613,0.6723280132085855,1.0392157402311502,19694.75261419923,1.2910983085632317
-0.1696395156851953,0.0035360484314808094,0.3779911942762796,0.1919922949917447,0.5149972482113375,0.6883847000550358,0.7168547055586131,0.6723280132085855,1.0592157402311502,19779.75261419923,1.2956377983093255
-0.09963951568519536,0.013536048431480818,0.4279911942762795,0.2219922949917446,0.5149972482113375,0.6983847000550358,0.666854705558613,0.7123280132085855,1.0592157402311502,20540.75261419923,1.296650600433349
-0.1496395156851953,0.023536048431480827,0.4179911942762795,0.23199229499174462,0.5149972482113375,0.6883847000550358,0.6968547055586131,0.6923280132085855,1.0592157402311502,20369.75261419923,1.2991985797882073
-0.13963951568519528,0.013536048431480818,0.3779911942762796,0.2219922949917446,0.5049972482113375,0.6983847000550358,0.686854705558613,0.6823280132085855,1.1192157402311502,20522.75261419923,1.3042842864990263
-0.1696395156851953,0.023536048431480827,0.3679911942762796,0.27199229499174465,0.4749972482113375,0.7283847000550359,0.656854705558613,0.6523280132085857,1.0992157402311502,20279.75261419923,1.3072838306426995
-0.1496395156851953,-0.0064639515685191995,0.3779911942762796,0.28199229499174466,0.4749972482113375,0.7683847000550359,0.616854705558613,0.6823280132085855,1.1092157402311502,20248.75261419923,1.3115114688873284
-0.17963951568519532,0.0035360484314808094,0.34799119427627956,0.3019922949917447,0.4649972482113375,0.7683847000550359,0.646854705558613,0.6723280132085855,1.0792157402311502,20385.75261419923,1.3122841835022
-0.11963951568519526,-0.01646395156851921,0.3879911942762795,0.27199229499174465,0.5249972482113375,0.7083847000550358,0.616854705558613,0.7023280132085855,1.0792157402311502,20240.75261419923,1.3162838935852044
-0.1496395156851953,-0.036463951568519226,0.33799119427627955,0.27199229499174465,0.5849972482113376,0.6883847000550358,0.626854705558613,0.7023280132085855,1.0792157402311502,20253.75261419923,1.3198446750640862
-0.1696395156851953,-0.056463951568519244,0.34799119427627956,0.28199229499174466,0.6049972482113376,0.6983847000550358,0.636854705558613,0.6523280132085857,1.1092157402311502,20618.75261419923,1.3237595081329339
-0.18963951568519533,-0.01646395156851921,0.4079911942762795,0.3219922949917447,0.5849972482113376,0.6883847000550358,0.596854705558613,0.6723280132085855,1.0792157402311502,20841.75261419923,1.3237595081329339
-0.17963951568519532,-0.026463951568519217,0.3879911942762795,0.3319922949917447,0.5649972482113376,0.7383847000550359,0.5068547055586129,0.6223280132085857,1.1292157402311502,20794.75261419923,1.3276338100433343
-0.18963951568519533,0.0035360484314808094,0.3879911942762795,0.3419922949917446,0.5749972482113376,0.7583847000550359,0.5268547055586129,0.6523280132085857,1.1192157402311502,20415.75261419923,1.3332049369812005
-0.1496395156851953,0.023536048431480827,0.35799119427627957,0.39199229499174465,0.5649972482113376,0.7483847000550359,0.5268547055586129,0.6323280132085857,1.1192157402311502,20416.75261419923,1.3356863975524895
-0.19963951568519533,0.023536048431480827,0.3679911942762796,0.37199229499174463,0.5749972482113376,0.7983847000550357,0.5368547055586129,0.6123280132085857,1.1192157402311502,20451.75261419923,1.3366987228393583
-0.18963951568519533,0.023536048431480827,0.3079911942762795,0.40199229499174466,0.5749972482113376,0.8083847000550357,0.5068547055586129,0.6223280132085857,1.1492157402311503,20252.75261419923,1.3403286457061725
-0.1696395156851953,-0.056463951568519244,0.3079911942762795,0.39199229499174465,0.5849972482113376,0.8183847000550357,0.4868547055586129,0.6323280132085857,1.1492157402311503,20441.75261419923,1.3445751190185575
-0.1696395156851953,-0.056463951568519244,0.33799119427627955,0.40199229499174466,0.5949972482113376,0.8283847000550357,0.4668547055586131,0.6323280132085857,1.1292157402311502,20766.75261419923,1.348540258407592
-0.20963951568519534,-0.026463951568519217,0.3679911942762796,0.38199229499174464,0.5849972482113376,0.8183847000550357,0.4668547055586131,0.6323280132085857,1.1492157402311503,20181.75261419923,1.348540258407592
-0.19963951568519533,-0.026463951568519217,0.35799119427627957,0.39199229499174465,0.6049972482113376,0.8383847000550357,0.4668547055586131,0.5923280132085856,1.1492157402311503,19834.75261419923,1.3525602340698235
-0.20963951568519534,0.0035360484314808094,0.35799119427627957,0.41199229499174467,0.6249972482113376,0.8483847000550357,0.4868547055586129,0.5823280132085856,1.1092157402311502,20223.75261419923,1.3572329998016386
-0.19963951568519533,0.0035360484314808094,0.3679911942762796,0.4419922949917447,0.5949972482113376,0.8583847000550358,0.5068547055586129,0.6023280132085856,1.1192157402311502,20266.75261419923,1.3612291336059599
-0.18963951568519533,-0.0064639515685191995,0.3679911942762796,0.4319922949917447,0.5949972482113376,0.8283847000550357,0.4668547055586131,0.5623280132085856,1.0692157402311502,20091.75261419923,1.3612291336059599
-0.19963951568519533,-0.036463951568519226,0.3879911942762795,0.4419922949917447,0.6149972482113376,0.8583847000550358,0.4968547055586129,0.5523280132085856,1.0692157402311502,20204.75261419923,1.3644189357757561
-0.18963951568519533,-0.07646395156851926,0.3079911942762795,0.4419922949917447,0.6149972482113376,0.8483847000550357,0.44685470555861306,0.5323280132085856,1.0592157402311502,20449.75261419923,1.3693644523620598
-0.20963951568519534,-0.026463951568519217,0.2879911942762795,0.4419922949917447,0.6549972482113376,0.8283847000550357,0.4768547055586131,0.5223280132085856,1.0592157402311502,20192.75261419923,1.3734704971313434
-0.23963951568519526,-0.026463951568519217,0.2779911942762795,0.4819922949917446,0.6549972482113376,0.8183847000550357,0.4768547055586131,0.5023280132085856,1.0492157402311502,20367.75261419923,1.376745653152465
-0.20963951568519534,-0.056463951568519244,0.2979911942762795,0.4919922949917446,0.6349972482113376,0.8283847000550357,0.44685470555861306,0.5223280132085856,1.0292157402311501,20292.75261419923,1.3774704456329339
-0.20963951568519534,-0.01646395156851921,0.2879911942762795,0.4919922949917446,0.6349972482113376,0.8283847000550357,0.41685470555861304,0.5023280132085856,1.0792157402311502,20333.75261419923,1.3814699172973626
-0.20963951568519534,-0.056463951568519244,0.3079911942762795,0.5019922949917446,0.6349972482113376,0.8683847000550358,0.376854705558613,0.48232801320858554,1.0292157402311501,20196.75261419923,1.3854703426361077
-0.18963951568519533,-0.07646395156851926,0.2779911942762795,0.5319922949917446,0.5849972482113376,0.8983847000550358,0.346854705558613,0.49232801320858555,0.9692157402311502,20387.75261419923,1.3896164417266839
-0.21963951568519535,-0.08646395156851916,0.31799119427627953,0.5319922949917446,0.6049972482113376,0.8783847000550358,0.356854705558613,0.48232801320858554,0.9792157402311502,20362.75261419923,1.3896164417266839
-0.18963951568519533,-0.07646395156851926,0.2779911942762795,0.5719922949917446,0.5449972482113375,0.8883847000550358,0.31685470555861295,0.48232801320858554,0.9492157402311502,20341.75261419923,1.3941330432891839
-0.20963951568519534,-0.09646395156851917,0.20799119427627955,0.5719922949917446,0.5349972482113375,0.9283847000550358,0.28685470555861303,0.49232801320858555,0.9092157402311504,20220.75261419923,1.3976509094238274
-0.21963951568519535,-0.08646395156851916,0.19799119427627954,0.5419922949917446,0.5649972482113376,0.9083847000550358,0.20685470555861296,0.4423280132085856,0.8792157402311503,20683.75261419923,1.402161788940429
-0.20963951568519534,-0.036463951568519226,0.22799119427627956,0.5519922949917446,0.5649972482113376,0.8883847000550358,0.236854705558613,0.4223280132085856,0.8492157402311503,21008.75261419923,1.4022435665130608
-0.23963951568519526,-0.08646395156851916,0.2679911942762795,0.5519922949917446,0.5749972482113376,0.9083847000550358,0.21685470555861297,0.39232801320858557,0.8592157402311503,20353.75261419923,1.4056751251220696
-0.22963951568519525,-0.06646395156851925,0.2879911942762795,0.5319922949917446,0.5649972482113376,0.9183847000550358,0.276854705558613,0.4023280132085856,0.8492157402311503,20222.75261419923,1.4103238105773919
-0.19963951568519533,-0.09646395156851917,0.2579911942762796,0.5319922949917446,0.5549972482113376,0.9283847000550358,0.20685470555861296,0.39232801320858557,0.7592157402311502,20685.75261419923,1.4136132717132526
-0.19963951568519533,-0.10646395156851918,0.31799119427627953,0.5419922949917446,0.5549972482113376,0.9383847000550358,0.18685470555861294,0.36232801320858554,0.8192157402311503,20662.75261419923,1.4143237590789752
-0.1696395156851953,-0.10646395156851918,0.3079911942762795,0.5319922949917446,0.5549972482113376,0.8983847000550358,0.15685470555861303,0.38232801320858556,0.8092157402311503,20631.75261419923,1.4183244228363066
-0.18963951568519533,-0.08646395156851916,0.23799119427627957,0.5419922949917446,0.5449972482113375,0.8983847000550358,0.16685470555861304,0.34232801320858564,0.7892157402311503,20792.75261419923,1.4223238945007317
-0.23963951568519526,-0.07646395156851926,0.2679911942762795,0.5319922949917446,0.5549972482113376,0.9183847000550358,0.18685470555861294,0.3223280132085856,0.7592157402311502,20529.75261419923,1.4268161773681634
-0.21963951568519535,-0.1364639515685192,0.2879911942762795,0.5219922949917446,0.5549972482113376,0.9283847000550358,0.19685470555861295,0.3323280132085856,0.7192157402311503,20838.75261419923,1.4268161773681634
-0.17963951568519532,-0.08646395156851916,0.2979911942762795,0.4919922949917446,0.5549972482113376,0.9383847000550358,0.236854705558613,0.26232801320858556,0.7192157402311503,20389.75261419923,1.430435371398925
-0.17963951568519532,-0.036463951568519226,0.33799119427627955,0.5219922949917446,0.5349972482113375,0.9183847000550358,0.22685470555861298,0.3123280132085856,0.6892157402311503,20452.75261419923,1.4352397441864007
-0.2596395156851953,-0.01646395156851921,0.2979911942762795,0.4919922949917446,0.5749972482113376,0.9383847000550358,0.20685470555861296,0.3323280132085856,0.7092157402311503,21079.75261419923,1.4382187843322782
-0.2796395156851953,-0.046463951568519235,0.23799119427627957,0.4619922949917447,0.5749972482113376,0.9383847000550358,0.21685470555861297,0.3223280132085856,0.6792157402311503,20938.75261419923,1.4392768859863274
-0.2696395156851953,-0.09646395156851917,0.2579911942762796,0.4319922949917447,0.5849972482113376,0.8683847000550358,0.236854705558613,0.3123280132085856,0.6992157402311503,20637.75261419923,1.442632627487182
-0.21963951568519535,-0.10646395156851918,0.2679911942762795,0.4719922949917446,0.5749972482113376,0.8783847000550358,0.21685470555861297,0.3023280132085856,0.7092157402311503,20342.75261419923,1.4467999458312981
-0.19963951568519533,-0.11646395156851919,0.2579911942762796,0.4419922949917447,0.5849972482113376,0.8783847000550358,0.20685470555861296,0.2723280132085856,0.6592157402311503,20351.75261419923,1.4508718967437737
-0.20963951568519534,-0.06646395156851925,0.2879911942762795,0.4319922949917447,0.5649972482113376,0.9083847000550358,0.15685470555861303,0.3223280132085856,0.6492157402311503,20262.75261419923,1.4548124790191643
-0.18963951568519533,-0.056463951568519244,0.3079911942762795,0.40199229499174466,0.6249972482113376,0.8883847000550358,0.18685470555861294,0.2923280132085856,0.7192157402311503,20173.75261419923,1.4548124790191643
-0.23963951568519526,-0.046463951568519235,0.32799119427627954,0.40199229499174466,0.6049972482113376,0.8483847000550357,0.16685470555861304,0.2923280132085856,0.7292157402311503,20094.75261419923,1.4589228153228753
-0.24963951568519527,0.023536048431480827,0.3679911942762796,0.4419922949917447,0.5649972482113376,0.7883847000550357,0.14685470555861302,0.3223280132085856,0.7192157402311503,19621.75261419923,1.462978553771972
-0.2596395156851953,0.013536048431480818,0.3779911942762796,0.38199229499174464,0.6049972482113376,0.7983847000550357,0.11685470555861299,0.3123280132085856,0.7292157402311503,19822.75261419923,1.4671890258789055
-0.2696395156851953,0.023536048431480827,0.3679911942762796,0.37199229499174463,0.6049972482113376,0.7783847000550357,0.15685470555861303,0.3123280132085856,0.7192157402311503,19939.75261419923,1.4681648731231682
-0.22963951568519525,0.07353604843148087,0.35799119427627957,0.40199229499174466,0.6249972482113376,0.7783847000550357,0.16685470555861304,0.3223280132085856,0.7292157402311503,19432.75261419923,1.4713696956634514
-0.19963951568519533,0.09353604843148089,0.33799119427627955,0.41199229499174467,0.6249972482113376,0.7783847000550357,0.126854705558613,0.2923280132085856,0.7692157402311502,19277.75261419923,1.4761652469635003
-0.22963951568519525,0.11353604843148069,0.34799119427627956,0.3619922949917446,0.6349972482113376,0.7583847000550359,0.17685470555861293,0.35232801320858553,0.7892157402311503,19036.75261419923,1.479230594635009
-0.23963951568519526,0.15353604843148072,0.34799119427627956,0.37199229499174463,0.6149972482113376,0.7883847000550357,0.15685470555861303,0.38232801320858556,0.7792157402311503,19191.75261419923,1.4802505493164055
-0.2596395156851953,0.15353604843148072,0.2979911942762795,0.37199229499174463,0.5749972482113376,0.7483847000550359,0.17685470555861293,0.34232801320858564,0.7792157402311503,18762.75261419923,1.4832441329956048
-0.21963951568519535,0.20353604843148076,0.3779911942762796,0.3519922949917446,0.5949972482113376,0.7083847000550358,0.14685470555861302,0.39232801320858557,0.7692157402311502,18771.75261419923,1.488309812545772
-0.21963951568519535,0.17353604843148074,0.31799119427627953,0.3119922949917447,0.5749972482113376,0.7783847000550357,0.21685470555861297,0.39232801320858557,0.8092157402311503,18344.75261419923,1.4912917137146025
-0.19963951568519533,0.2435360484314808,0.33799119427627955,0.3119922949917447,0.5649972482113376,0.7883847000550357,0.18685470555861294,0.4223280132085856,0.7692157402311502,18103.75261419923,1.4922739982604973
-0.13963951568519528,0.19353604843148076,0.2979911942762795,0.3519922949917446,0.5149972482113375,0.7683847000550359,0.17685470555861293,0.4023280132085856,0.7992157402311503,17924.75261419923,1.4962796688079862
-0.13963951568519528,0.19353604843148076,0.3079911942762795,0.3419922949917446,0.5049972482113375,0.8183847000550357,0.19685470555861295,0.37232801320858555,0.7692157402311502,17893.75261419923,1.4996809482574456
-0.17963951568519532,0.22353604843148078,0.32799119427627954,0.3619922949917446,0.4849972482113375,0.8083847000550357,0.19685470555861295,0.4023280132085856,0.8192157402311503,18050.75261419923,1.504315090179439
-0.18963951568519533,0.2335360484314808,0.2979911942762795,0.3319922949917447,0.5249972482113375,0.7483847000550359,0.22685470555861298,0.4023280132085856,0.8292157402311503,17939.75261419923,1.504315090179439
-0.13963951568519528,0.2435360484314808,0.32799119427627954,0.3219922949917447,0.5249972482113375,0.7483847000550359,0.22685470555861298,0.4223280132085856,0.8092157402311503,17924.75261419923,1.5084938526153557
-0.13963951568519528,0.28353604843148084,0.2979911942762795,0.29199229499174467,0.5249972482113375,0.7283847000550359,0.236854705558613,0.4323280132085856,0.7792157402311503,18223.75261419923,1.5127837181091301
-0.13963951568519528,0.32353604843148087,0.3679911942762796,0.28199229499174466,0.5349972482113375,0.7183847000550359,0.236854705558613,0.4023280132085856,0.7992157402311503,17560.75261419923,1.5161053657531696
-0.11963951568519526,0.3535360484314809,0.34799119427627956,0.27199229499174465,0.5349972482113375,0.7183847000550359,0.256854705558613,0.36232801320858554,0.8192157402311503,17643.75261419923,1.5171384334564202
-0.11963951568519526,0.3535360484314809,0.4079911942762795,0.29199229499174467,0.5149972482113375,0.6483847000550358,0.236854705558613,0.4223280132085856,0.8092157402311503,17800.75261419923,1.5201770782470696
-0.09963951568519536,0.3435360484314809,0.4179911942762795,0.27199229499174465,0.4949972482113375,0.6483847000550358,0.236854705558613,0.38232801320858556,0.8392157402311503,18041.75261419923,1.5242061138153034
-0.06963951568519533,0.32353604843148087,0.4079911942762795,0.2219922949917446,0.5049972482113375,0.6683847000550358,0.276854705558613,0.4023280132085856,0.8292157402311503,17524.75261419923,1.529178571701049
-0.04963951568519531,0.3435360484314809,0.4379911942762795,0.2019922949917447,0.5449972482113375,0.6283847000550358,0.256854705558613,0.36232801320858554,0.8092157402311503,17245.75261419923,1.5322057723999016
-0.009639515685195277,0.3735360484314807,0.44799119427627954,0.16199229499174467,0.5349972482113375,0.5983847000550357,0.30685470555861294,0.38232801320858556,0.8092157402311503,17186.75261419923,1.5331794738769524
0.0003604843148047321,0.41353604843148073,0.45799119427627955,0.16199229499174467,0.5149972482113375,0.6283847000550358,0.29685470555861293,0.39232801320858557,0.8192157402311503,17635.75261419923,1.5365345001220696
-0.009639515685195277,0.43353604843148075,0.46799119427627955,0.15199229499174466,0.4949972482113375,0.6183847000550358,0.28685470555861303,0.36232801320858554,0.8292157402311503,17656.75261419923,1.5405501842498808
-0.009639515685195277,0.44353604843148076,0.48799119427627957,0.18199229499174469,0.4949972482113375,0.5783847000550357,0.29685470555861293,0.4123280132085856,0.8092157402311503,17343.75261419923,1.544827890396121
-0.029639515685195295,0.44353604843148076,0.4979911942762796,0.13199229499174464,0.5149972482113375,0.5483847000550357,0.30685470555861294,0.37232801320858555,0.8292157402311503,17392.75261419923,1.5455502986907952
-0.05963951568519532,0.5035360484314808,0.5079911942762796,0.10199229499174467,0.4849972482113375,0.5683847000550357,0.30685470555861294,0.37232801320858555,0.7992157402311503,16967.75261419923,1.5490478992462116
-0.04963951568519531,0.4935360484314808,0.5079911942762796,0.14199229499174465,0.4849972482113375,0.5383847000550357,0.28685470555861303,0.36232801320858554,0.8092157402311503,17488.75261419923,1.5540518283844023
-0.0396395156851953,0.5135360484314808,0.4979911942762796,0.13199229499174464,0.44499724821133746,0.5583847000550357,0.28685470555861303,0.38232801320858556,0.7792157402311503,18121.75261419923,1.557661724090572
-0.029639515685195295,0.4935360484314808,0.4979911942762796,0.15199229499174466,0.44499724821133746,0.5683847000550357,0.32685470555861296,0.38232801320858556,0.8492157402311503,18272.75261419923,1.557661724090572
-0.019639515685195286,0.5335360484314808,0.5279911942762796,0.15199229499174466,0.4749972482113375,0.5883847000550357,0.33685470555861297,0.38232801320858556,0.8592157402311503,18093.75261419923,1.561652851104732
0.02036048431480475,0.4935360484314808,0.5179911942762796,0.12199229499174463,0.4649972482113375,0.6083847000550358,0.31685470555861295,0.39232801320858557,0.8592157402311503,18032.75261419923,1.5657841682434075
0.010360484314804741,0.5035360484314808,0.5379911942762796,0.10199229499174467,0.44499724821133746,0.5883847000550357,0.33685470555861297,0.38232801320858556,0.8292157402311503,18137.75261419923,1.56976671218872
0.010360484314804741,0.4835360484314808,0.5379911942762796,0.10199229499174467,0.44499724821133746,0.5883847000550357,0.356854705558613,0.37232801320858555,0.8092157402311503,18222.75261419923,1.5709635734558098
0.04036048431480466,0.4935360484314808,0.5679911942762796,0.07199229499174464,0.4649972482113375,0.5483847000550357,0.366854705558613,0.35232801320858553,0.8492157402311503,18669.75261419923,1.5743078708648675
0.04036048431480466,0.4635360484314808,0.5679911942762796,0.07199229499174464,0.44499724821133746,0.5383847000550357,0.366854705558613,0.36232801320858554,0.8292157402311503,18730.75261419923,1.57802863121033
0.060360484314804674,0.44353604843148076,0.6079911942762795,0.05199229499174468,0.4649972482113375,0.5583847000550357,0.41685470555861304,0.39232801320858557,0.8192157402311503,18507.75261419923,1.5820266723632805
0.04036048431480466,0.42353604843148074,0.6279911942762795,0.04199229499174467,0.4649972482113375,0.5683847000550357,0.376854705558613,0.4023280132085856,0.8492157402311503,18892.75261419923,1.5820266723632805
0.07036048431480468,0.43353604843148075,0.6179911942762795,0.061992294991744634,0.45499724821133747,0.5383847000550357,0.376854705558613,0.35232801320858553,0.8692157402311503,19125.75261419923,1.58695740699768
0.11036048431480472,0.43353604843148075,0.6179911942762795,0.04199229499174467,0.4649972482113375,0.5183847000550359,0.44685470555861306,0.39232801320858557,0.8592157402311503,19454.75261419923,1.5903305530548089
0.10036048431480471,0.3935360484314807,0.6379911942762795,0.011992294991744645,0.41499724821133765,0.5483847000550357,0.42685470555861305,0.37232801320858555,0.8292157402311503,18859.75261419923,1.59442753791809
0.10036048431480471,0.43353604843148075,0.6479911942762795,0.0019922949917446364,0.45499724821133747,0.5083847000550359,0.41685470555861304,0.4023280132085856,0.8292157402311503,19268.75261419923,1.59442753791809
0.12036048431480473,0.3935360484314807,0.6779911942762795,0.021992294991744654,0.45499724821133747,0.4883847000550358,0.42685470555861305,0.4123280132085856,0.8292157402311503,19601.75261419923,1.598427248001098
0.08036048431480469,0.43353604843148075,0.6979911942762795,0.0019922949917446364,0.45499724821133747,0.4783847000550358,0.4668547055586131,0.4123280132085856,0.8092157402311503,19862.75261419923,1.6024219512939446
0.10036048431480471,0.42353604843148074,0.6779911942762795,-0.008007705008255317,0.45499724821133747,0.5283847000550357,0.4868547055586129,0.38232801320858556,0.8692157402311503,19659.75261419923,1.607427787780761
0.11036048431480472,0.3835360484314807,0.7079911942762795,0.011992294991744645,0.42499724821133766,0.5183847000550359,0.44685470555861306,0.4223280132085856,0.8992157402311504,19358.75261419923,1.6105229377746575
0.08036048431480469,0.43353604843148075,0.6779911942762795,-0.008007705008255317,0.44499724821133746,0.5083847000550359,0.4868547055586129,0.46232801320858563,0.8492157402311503,19545.75261419923,1.6114260673522942
0.07036048431480468,0.44353604843148076,0.6879911942762795,0.0019922949917446364,0.42499724821133766,0.5283847000550357,0.5068547055586129,0.4323280132085856,0.8492157402311503,19818.75261419923,1.6148683547973626
0.08036048431480469,0.4035360484314807,0.6679911942762795,0.011992294991744645,0.40499724821133765,0.5583847000550357,0.5168547055586129,0.4123280132085856,0.8992157402311504,19887.75261419923,1.6191794395446806
0.050360484314804665,0.45353604843148076,0.6779911942762795,0.03199229499174466,0.41499724821133765,0.5583847000550357,0.5168547055586129,0.4223280132085856,0.8792157402311503,19484.75261419923,1.6226360321044915
0.060360484314804674,0.4035360484314807,0.6779911942762795,0.021992294991744654,0.42499724821133766,0.5983847000550357,0.5068547055586129,0.48232801320858554,0.9092157402311504,19821.75261419923,1.6233591556549065
0.04036048431480466,0.3735360484314807,0.6779911942762795,0.03199229499174466,0.41499724821133765,0.5783847000550357,0.5068547055586129,0.4223280132085856,0.9192157402311504,19812.75261419923,1.6273583889007561
0.08036048431480469,0.3335360484314809,0.6879911942762795,0.05199229499174468,0.38499724821133763,0.5883847000550357,0.5168547055586129,0.46232801320858563,0.8792157402311503,19377.75261419923,1.6313588142395012
0.010360484314804741,0.3435360484314809,0.6879911942762795,0.05199229499174468,0.3749972482113376,0.6083847000550358,0.4968547055586129,0.49232801320858555,0.9192157402311504,19426.75261419923,1.635358524322509
-0.029639515685195295,0.32353604843148087,0.6979911942762795,0.04199229499174467,0.3749972482113376,0.5883847000550357,0.4868547055586129,0.48232801320858554,0.9792157402311502,20161.75261419923,1.635358524322509
0.0003604843148047321,0.32353604843148087,0.6679911942762795,0.05199229499174468,0.38499724821133763,0.5883847000550357,0.5368547055586129,0.5023280132085856,0.9692157402311502,20446.75261419923,1.6402110576629596
0.02036048431480475,0.32353604843148087,0.6679911942762795,0.03199229499174466,0.3749972482113376,0.6183847000550358,0.5468547055586129,0.5123280132085856,1.0292157402311501,20159.75261419923,1.6442377090454094
0.030360484314804648,0.29353604843148084,0.6479911942762795,0.05199229499174468,0.38499724821133763,0.5783847000550357,0.4668547055586131,0.5423280132085856,0.9992157402311502,20182.75261419923,1.647180271148681
0.02036048431480475,0.31353604843148086,0.6679911942762795,0.04199229499174467,0.38499724821133763,0.5583847000550357,0.5068547055586129,0.5623280132085856,0.9992157402311502,20265.75261419923,1.647180271148681
0.010360484314804741,0.29353604843148084,0.6279911942762795,0.04199229499174467,0.3649972482113376,0.5083847000550359,0.5268547055586129,0.5723280132085856,1.0192157402311501,20526.75261419923,1.6516696929931634
0.0003604843148047321,0.30353604843148085,0.6179911942762795,0.03199229499174466,0.39499724821133764,0.5083847000550359,0.5268547055586129,0.5723280132085856,1.0592157402311502,20673.75261419923,1.6556736946105985
-0.009639515685195277,0.2435360484314808,0.6179911942762795,0.05199229499174468,0.39499724821133764,0.4883847000550358,0.4968547055586129,0.5623280132085856,1.0492157402311502,20478.75261419923,1.6603462219238274
-0.0396395156851953,0.21353604843148077,0.6479911942762795,0.07199229499174464,0.39499724821133764,0.5083847000550359,0.5068547055586129,0.5523280132085856,1.0192157402311501,20519.75261419923,1.6603462219238274
-0.029639515685195295,0.22353604843148078,0.6379911942762795,0.08199229499174465,0.3749972482113376,0.5183847000550359,0.5068547055586129,0.5823280132085856,1.0092157402311501,20962.75261419923,1.664346408843997
0.010360484314804741,0.22353604843148078,0.6379911942762795,0.09199229499174466,0.39499724821133764,0.5183847000550359,0.5268547055586129,0.5923280132085856,1.0492157402311502,20827.75261419923,1.6686729907989495
0.0003604843148047321,0.18353604843148075,0.5479911942762796,0.08199229499174465,0.40499724821133765,0.4583847000550358,0.5268547055586129,0.5823280132085856,1.0492157402311502,21068.75261419923,1.6719333648681634
0.0003604843148047321,0.18353604843148075,0.5579911942762796,0.09199229499174466,0.39499724821133764,0.4883847000550358,0.5168547055586129,0.5623280132085856,1.0392157402311502,20947.75261419923,1.6729995727539055
-0.05963951568519532,0.15353604843148072,0.5579911942762796,0.09199229499174466,0.39499724821133764,0.5083847000550359,0.5168547055586129,0.5923280132085856,1.0492157402311502,20562.75261419923,1.6769058227539055
-0.019639515685195286,0.16353604843148073,0.5079911942762796,0.05199229499174468,0.44499724821133746,0.4483847000550358,0.576854705558613,0.5423280132085856,1.0292157402311501,20111.75261419923,1.6805555343627923
0.010360484314804741,0.21353604843148077,0.45799119427627955,0.05199229499174468,0.45499724821133747,0.42838470005503576,0.626854705558613,0.5623280132085856,1.0192157402311501,19616.75261419923,1.6846386909484856
0.0003604843148047321,0.2335360484314808,0.5079911942762796,0.08199229499174465,0.42499724821133766,0.5483847000550357,0.666854705558613,0.5623280132085856,1.0092157402311501,19583.75261419923,1.6856817722320514
-0.009639515685195277,0.2335360484314808,0.5179911942762796,0.07199229499174464,0.41499724821133765,0.5583847000550357,0.606854705558613,0.6123280132085857,1.0192157402311501,18796.75261419923,1.6890246391296415
-0.04963951568519531,0.2335360484314808,0.48799119427627957,0.05199229499174468,0.43499724821133745,0.5783847000550357,0.606854705558613,0.6423280132085857,1.0392157402311502,17439.75261419923,1.6934508800506585
-0.0396395156851953,0.19353604843148076,0.4979911942762796,0.05199229499174468,0.44499724821133746,0.5683847000550357,0.616854705558613,0.6523280132085857,1.0592157402311502,17308.75261419923,1.6974515438079862
-0.0396395156851953,0.15353604843148072,0.48799119427627957,0.07199229499174464,0.44499724821133746,0.5483847000550357,0.576854705558613,0.6423280132085857,1.0392157402311502,17237.75261419923,1.7008056163787835
0.010360484314804741,0.1335360484314807,0.48799119427627957,0.05199229499174468,0.44499724821133746,0.5483847000550357,0.626854705558613,0.6423280132085857,1.0392157402311502,17350.75261419923,1.7014014244079618
-0.029639515685195295,0.11353604843148069,0.48799119427627957,0.08199229499174465,0.4749972482113375,0.5483847000550357,0.606854705558613,0.6423280132085857,1.0192157402311501,17487.75261419923,1.7045554637908893
-0.04963951568519531,0.08353604843148088,0.48799119427627957,0.11199229499174468,0.43499724821133745,0.5883847000550357,0.666854705558613,0.6423280132085857,1.0492157402311502,17392.75261419923,1.7095539093017607
-0.07963951568519534,0.07353604843148087,0.45799119427627955,0.13199229499174464,0.43499724821133745,0.5783847000550357,0.616854705558613,0.6623280132085855,1.0392157402311502,17253.75261419923,1.7125541687011712
-0.11963951568519526,0.08353604843148088,0.4379911942762795,0.14199229499174465,0.4649972482113375,0.5383847000550357,0.616854705558613,0.6623280132085855,1.0392157402311502,17648.75261419923,1.7135524272918694
-0.09963951568519536,0.07353604843148087,0.47799119427627956,0.14199229499174465,0.43499724821133745,0.5483847000550357,0.626854705558613,0.6823280132085855,1.0592157402311502,17401.75261419923,1.7175504684448235
-0.11963951568519526,0.053536048431480854,0.47799119427627956,0.18199229499174469,0.43499724821133745,0.5883847000550357,0.626854705558613,0.6423280132085857,1.0292157402311501,17246.75261419923,1.7208768844604485
-0.11963951568519526,0.053536048431480854,0.5079911942762796,0.1919922949917447,0.43499724821133745,0.5783847000550357,0.636854705558613,0.6723280132085855,1.0592157402311502,16781.75261419923,1.7249707698822014
-0.1496395156851953,0.043536048431480845,0.45799119427627955,0.2219922949917446,0.44499724821133746,0.5583847000550357,0.616854705558613,0.6623280132085855,1.0492157402311502,16626.75261419923,1.7259993076324456
-0.1596395156851953,0.023536048431480827,0.45799119427627955,0.1919922949917447,0.4949972482113375,0.5383847000550357,0.636854705558613,0.6123280132085857,1.0692157402311502,16921.75261419923,1.728990030288692
-0.13963951568519528,0.053536048431480854,0.45799119427627955,0.2019922949917447,0.4849972482113375,0.5583847000550357,0.676854705558613,0.6323280132085857,1.0392157402311502,16620.75261419923,1.7345132350921624
-0.13963951568519528,-0.0064639515685191995,0.3979911942762795,0.1919922949917447,0.4949972482113375,0.5683847000550357,0.676854705558613,0.6123280132085857,1.0792157402311502,16627.75261419923,1.7377674102783196
-0.1696395156851953,0.013536048431480818,0.3779911942762796,0.2119922949917447,0.45499724821133747,0.5883847000550357,0.656854705558613,0.6123280132085857,1.0792157402311502,16888.75261419923,1.7388286113739007
-0.13963951568519528,-0.026463951568519217,0.3779911942762796,0.2119922949917447,0.4649972482113375,0.6183847000550358,0.626854705558613,0.6223280132085857,1.0892157402311502,17065.75261419923,1.7413634777069085
-0.13963951568519528,-0.01646395156851921,0.3679911942762796,0.2019922949917447,0.4649972482113375,0.6383847000550358,0.626854705558613,0.6223280132085857,1.0792157402311502,16786.75261419923,1.7464088916778522
-0.1496395156851953,-0.026463951568519217,0.3879911942762795,0.2019922949917447,0.4849972482113375,0.6683847000550358,0.636854705558613,0.5923280132085856,1.0792157402311502,16449.75261419923,1.7503764152526848
-0.11963951568519526,-0.07646395156851926,0.3979911942762795,0.1919922949917447,0.5149972482113375,0.6583847000550358,0.606854705558613,0.6323280132085857,1.1192157402311502,16538.75261419923,1.7503764152526848
-0.1496395156851953,-0.09646395156851917,0.3979911942762795,0.1919922949917447,0.5349972482113375,0.6683847000550358,0.626854705558613,0.6123280132085857,1.0992157402311502,16365.752614199231,1.7544090270996087
-0.1496395156851953,-0.1264639515685192,0.4379911942762795,0.2219922949917446,0.5549972482113376,0.6483847000550358,0.586854705558613,0.6023280132085856,1.1092157402311502,16408.75261419923,1.758227777481082
-0.1496395156851953,-0.08646395156851916,0.3679911942762796,0.2219922949917446,0.5649972482113376,0.6983847000550358,0.5468547055586129,0.5723280132085856,1.1092157402311502,16277.752614199231,1.7625021457672112
-0.1696395156851953,-0.056463951568519244,0.2979911942762795,0.24199229499174463,0.5449972482113375,0.6783847000550358,0.566854705558613,0.5723280132085856,1.1292157402311502,16270.752614199231,1.7659918785095208
-0.13963951568519528,-0.07646395156851926,0.31799119427627953,0.25199229499174464,0.5349972482113375,0.7183847000550359,0.5468547055586129,0.5523280132085856,1.1592157402311503,16721.75261419923,1.7659918785095208
-0.11963951568519526,-0.09646395156851917,0.2979911942762795,0.24199229499174463,0.5449972482113375,0.6983847000550358,0.5368547055586129,0.5723280132085856,1.1392157402311502,16716.75261419923,1.7711898803710895
-0.13963951568519528,-0.06646395156851925,0.31799119427627953,0.26199229499174465,0.5549972482113376,0.6683847000550358,0.596854705558613,0.5823280132085856,1.1292157402311502,16431.75261419923,1.7751903057098417
-0.13963951568519528,-0.06646395156851925,0.3079911942762795,0.28199229499174466,0.5449972482113375,0.6883847000550358,0.5168547055586129,0.5923280132085856,1.1392157402311502,16578.75261419923,1.7787918567657464
-0.13963951568519528,-0.08646395156851916,0.2679911942762795,0.29199229499174467,0.5649972482113376,0.7183847000550359,0.4968547055586129,0.5823280132085856,1.1392157402311502,16573.75261419923,1.7787918567657464
-0.1496395156851953,-0.07646395156851926,0.18799119427627953,0.3219922949917447,0.5649972482113376,0.7483847000550359,0.5268547055586129,0.5523280132085856,1.0992157402311502,16142.752614199231,1.7827722549438505
-0.1496395156851953,-0.08646395156851916,0.21799119427627955,0.3419922949917446,0.5349972482113375,0.7583847000550359,0.5168547055586129,0.5923280132085856,1.0792157402311502,16205.752614199231,1.786669206619262
-0.1496395156851953,-0.09646395156851917,0.21799119427627955,0.3619922949917446,0.5349972482113375,0.7683847000550359,0.5068547055586129,0.5423280132085856,1.0892157402311502,16698.75261419923,1.790490818023681
-0.18963951568519533,-0.09646395156851917,0.24799119427627958,0.3319922949917447,0.5649972482113376,0.8183847000550357,0.5168547055586129,0.5623280132085856,1.0892157402311502,16649.75261419923,1.790490818023681
-0.21963951568519535,-0.1464639515685192,0.24799119427627958,0.37199229499174463,0.5749972482113376,0.7583847000550359,0.5268547055586129,0.5523280132085856,1.0992157402311502,16430.75261419923,1.7955541133880608
-0.17963951568519532,-0.11646395156851919,0.24799119427627958,0.38199229499174464,0.6049972482113376,0.7883847000550357,0.5168547055586129,0.5523280132085856,1.0992157402311502,16107.752614199231,1.7995585918426507
-0.1496395156851953,-0.11646395156851919,0.23799119427627957,0.37199229499174463,0.6149972482113376,0.7683847000550359,0.5568547055586129,0.5023280132085856,1.1092157402311502,16182.752614199231,1.8035509109497063
-0.1696395156851953,-0.1464639515685192,0.17799119427627952,0.39199229499174465,0.6549972482113376,0.7583847000550359,0.5268547055586129,0.5123280132085856,1.0492157402311502,16279.752614199231,1.8045577526092522
-0.1596395156851953,-0.16646395156851923,0.19799119427627954,0.37199229499174463,0.6349972482113376,0.7583847000550359,0.5068547055586129,0.49232801320858555,1.0692157402311502,16438.75261419923,1.8067430973052971
-0.1696395156851953,-0.1364639515685192,0.18799119427627953,0.3619922949917446,0.6149972482113376,0.8083847000550357,0.4968547055586129,0.49232801320858555,1.0292157402311501,16375.752614199231,1.8119201183319085
-0.1496395156851953,-0.15646395156851922,0.19799119427627954,0.41199229499174467,0.6149972482113376,0.8083847000550357,0.43685470555861305,0.5023280132085856,1.0592157402311502,16638.75261419923,1.8154186725616448
-0.1596395156851953,-0.19646395156851926,0.1679911942762795,0.4419922949917447,0.6249972482113376,0.8383847000550357,0.42685470555861305,0.4523280132085856,1.0292157402311501,16923.75261419923,1.816494178771972
-0.19963951568519533,-0.15646395156851922,0.1679911942762795,0.4419922949917447,0.6249972482113376,0.8183847000550357,0.40685470555861303,0.4323280132085856,1.0092157402311501,16790.75261419923,1.8204490661621087
-0.18963951568519533,-0.18646395156851925,0.1479911942762795,0.4419922949917447,0.6149972482113376,0.8483847000550357,0.376854705558613,0.4523280132085856,0.9692157402311502,16547.75261419923,1.8238276958465605
-0.17963951568519532,-0.18646395156851925,0.1679911942762795,0.4819922949917446,0.6149972482113376,0.8283847000550357,0.40685470555861303,0.46232801320858563,0.9592157402311502,16334.752614199231,1.8278576850891106
-0.1696395156851953,-0.17646395156851924,0.12799119427627959,0.5019922949917446,0.6049972482113376,0.7983847000550357,0.386854705558613,0.4323280132085856,0.9492157402311502,16183.752614199231,1.828837585449218
-0.17963951568519532,-0.19646395156851926,0.12799119427627959,0.5219922949917446,0.5849972482113376,0.8383847000550357,0.33685470555861297,0.4423280132085856,0.9392157402311502,16246.752614199231,1.8321742534637444
-0.1696395156851953,-0.23646395156851918,0.11799119427627958,0.5319922949917446,0.6149972482113376,0.8383847000550357,0.33685470555861297,0.4223280132085856,0.9592157402311502,16327.752614199231,1.8357479095458977
-0.18963951568519533,-0.2464639515685192,0.10799119427627957,0.5219922949917446,0.5649972482113376,0.8183847000550357,0.33685470555861297,0.37232801320858555,0.9192157402311504,16056.752614199231,1.8406931877136223
-0.20963951568519534,-0.23646395156851918,0.06799119427627953,0.5619922949917446,0.5449972482113375,0.8483847000550357,0.30685470555861294,0.4023280132085856,0.8892157402311504,16065.752614199231,1.843895626068118
-0.21963951568519535,-0.2664639515685192,0.05799119427627952,0.5619922949917446,0.5349972482113375,0.8583847000550358,0.256854705558613,0.37232801320858555,0.8792157402311503,16292.752614199231,1.8447496414184563
-0.20963951568519534,-0.29646395156851924,0.07799119427627954,0.5319922949917446,0.5649972482113376,0.8883847000550358,0.256854705558613,0.36232801320858554,0.8692157402311503,16329.752614199231,1.8481771469116204
-0.19963951568519533,-0.23646395156851918,0.12799119427627959,0.5219922949917446,0.5549972482113376,0.9183847000550358,0.19685470555861295,0.36232801320858554,0.8492157402311503,16906.75261419923,1.853427839279174
-0.19963951568519533,-0.2564639515685192,0.13799119427627948,0.5019922949917446,0.5649972482113376,0.9083847000550358,0.18685470555861294,0.3323280132085856,0.8192157402311503,16781.75261419923,1.8554198265075676
-0.21963951568519535,-0.2564639515685192,0.1479911942762795,0.4819922949917446,0.5649972482113376,0.9083847000550358,0.20685470555861296,0.3223280132085856,0.8192157402311503,16692.75261419923,1.85695571899414
-0.23963951568519526,-0.2564639515685192,0.13799119427627948,0.5119922949917446,0.5849972482113376,0.9283847000550358,0.19685470555861295,0.3023280132085856,0.7692157402311502,16479.75261419923,1.8609838008880608
-0.21963951568519535,-0.2464639515685192,0.10799119427627957,0.5019922949917446,0.5649972482113376,0.9083847000550358,0.18685470555861294,0.2823280132085856,0.7692157402311502,16268.752614199231,1.8645355224609368
-0.20963951568519534,-0.2564639515685192,0.10799119427627957,0.5019922949917446,0.5349972482113375,0.9183847000550358,0.17685470555861293,0.2723280132085856,0.7192157402311503,16423.75261419923,1.8686334609985344
-0.23963951568519526,-0.2764639515685192,0.10799119427627957,0.5019922949917446,0.5549972482113376,0.8683847000550358,0.17685470555861293,0.25232801320858556,0.7592157402311502,16662.75261419923,1.8696891784667962
-0.2796395156851953,-0.33646395156851916,0.10799119427627957,0.4819922949917446,0.5949972482113376,0.9083847000550358,0.17685470555861293,0.2723280132085856,0.7392157402311503,16499.75261419923,1.8734206676483183
-0.22963951568519525,-0.32646395156851926,0.09799119427627956,0.4719922949917446,0.5849972482113376,0.8983847000550358,0.09685470555861297,0.25232801320858556,0.7192157402311503,16238.752614199231,1.8773827075958245
-0.2596395156851953,-0.32646395156851926,0.07799119427627954,0.4819922949917446,0.5949972482113376,0.8983847000550358,0.136854705558613,0.26232801320858556,0.6692157402311503,16237.752614199231,1.8808469295501702
-0.2596395156851953,-0.2864639515685192,0.06799119427627953,0.4519922949917447,0.5749972482113376,0.8883847000550358,0.09685470555861297,0.22232801320858553,0.7192157402311503,16588.75261419923,1.8817536354064934
-0.2596395156851953,-0.29646395156851924,0.027991194276279496,0.4619922949917447,0.5749972482113376,0.8883847000550358,0.06685470555861295,0.24232801320858555,0.6792157402311503,16327.752614199231,1.8848552227020257
-0.3096395156851953,-0.2564639515685192,0.07799119427627954,0.4919922949917446,0.5449972482113375,0.8883847000550358,0.08685470555861297,0.26232801320858556,0.6992157402311503,15856.752614199231,1.8892814636230462
-0.2596395156851953,-0.29646395156851924,0.05799119427627952,0.5019922949917446,0.5549972482113376,0.8683847000550358,0.10685470555861298,0.22232801320858553,0.6692157402311503,16201.752614199231,1.8937520503997796
-0.2896395156851953,-0.2664639515685192,0.07799119427627954,0.5219922949917446,0.5549972482113376,0.8683847000550358,0.126854705558613,0.23232801320858554,0.6892157402311503,16190.752614199231,1.8937520503997796
-0.2796395156851953,-0.32646395156851926,0.08799119427627955,0.4919922949917446,0.5749972482113376,0.9083847000550358,0.09685470555861297,0.25232801320858556,0.6792157402311503,16037.752614199231,1.897746276855468
-0.2896395156851953,-0.34646395156851917,0.06799119427627953,0.4419922949917447,0.5849972482113376,0.9183847000550358,0.05685470555861294,0.26232801320858556,0.6592157402311503,16016.752614199231,1.9023649215698235
-0.2996395156851953,-0.3864639515685192,0.05799119427627952,0.40199229499174466,0.6649972482113377,0.8983847000550358,0.06685470555861295,0.26232801320858556,0.6992157402311503,15607.752614199231,1.9064285278320305
-0.3096395156851953,-0.3564639515685192,0.06799119427627953,0.4319922949917447,0.5949972482113376,0.8783847000550358,0.06685470555861295,0.2823280132085856,0.6792157402311503,15892.752614199231,1.909748983383178
-0.2996395156851953,-0.3664639515685192,-0.032008805723720446,0.4519922949917447,0.5649972482113376,0.8783847000550358,0.126854705558613,0.2923280132085856,0.6892157402311503,15785.752614199231,1.909748983383178
-0.3396395156851953,-0.3564639515685192,-0.032008805723720446,0.41199229499174467,0.6149972482113376,0.8683847000550358,0.09685470555861297,0.2723280132085856,0.6892157402311503,15402.752614199231,1.9141911983490019
-0.31963951568519533,-0.3864639515685192,-0.012008805723720428,0.4219922949917447,0.6149972482113376,0.8383847000550357,0.10685470555861298,0.3123280132085856,0.7292157402311503,15105.752614199231,1.9185182571411126
-0.3696395156851953,-0.34646395156851917,0.017991194276279487,0.41199229499174467,0.6049972482113376,0.8383847000550357,0.06685470555861295,0.3323280132085856,0.6892157402311503,14860.752614199231,1.921848011016845
-0.3596395156851953,-0.3964639515685192,0.037991194276279505,0.4219922949917447,0.6249972482113376,0.7983847000550357,0.08685470555861297,0.3023280132085856,0.7392157402311503,14999.752614199231,1.921848011016845
-0.4096395156851953,-0.3764639515685192,-0.032008805723720446,0.37199229499174463,0.6749972482113377,0.7483847000550359,0.08685470555861297,0.36232801320858554,0.7192157402311503,14578.752614199231,1.9266309261322014
-0.3696395156851953,-0.34646395156851917,-0.0020088057237204193,0.38199229499174464,0.6149972482113376,0.7583847000550359,0.126854705558613,0.39232801320858557,0.7692157402311502,14117.752614199231,1.930630159378051
-0.3396395156851953,-0.3564639515685192,-0.032008805723720446,0.40199229499174466,0.5949972482113376,0.7883847000550357,0.136854705558613,0.4023280132085856,0.7192157402311503,13906.752614199231,1.9340908050537102
-0.3396395156851953,-0.41646395156851923,-0.052008805723720464,0.38199229499174464,0.6249972482113376,0.7583847000550359,0.14685470555861302,0.4123280132085856,0.7292157402311503,14121.752614199231,1.935048294067382
-0.3696395156851953,-0.4064639515685192,-0.052008805723720464,0.39199229499174465,0.6149972482113376,0.7483847000550359,0.136854705558613,0.4023280132085856,0.7492157402311502,13722.752614199231,1.939141941070556
-0.3496395156851953,-0.3964639515685192,-0.052008805723720464,0.3219922949917447,0.6249972482113376,0.7283847000550359,0.15685470555861303,0.38232801320858556,0.7592157402311502,13589.752614199231,1.9433731555938714
-0.3596395156851953,-0.43646395156851925,-0.022008805723720437,0.37199229499174463,0.6249972482113376,0.6783847000550358,0.16685470555861304,0.4423280132085856,0.7792157402311503,13632.752614199231,1.9468528747558551
-0.3696395156851953,-0.3964639515685192,-0.07200880572372048,0.3519922949917446,0.5749972482113376,0.6883847000550358,0.17685470555861293,0.4123280132085856,0.7892157402311503,13647.752614199231,1.9478549480438225
-0.3296395156851953,-0.3964639515685192,-0.08200880572372049,0.37199229499174463,0.6049972482113376,0.6683847000550358,0.14685470555861302,0.39232801320858557,0.8192157402311503,13598.752614199231,1.9514703273773222
-0.3296395156851953,-0.4064639515685192,-0.09200880572372044,0.3419922949917446,0.5849972482113376,0.6683847000550358,0.18685470555861294,0.4323280132085856,0.8192157402311503,13455.752614199231,1.954811525344848
-0.3696395156851953,-0.3564639515685192,-0.10200880572372045,0.3119922949917447,0.6049972482113376,0.6983847000550358,0.17685470555861293,0.4023280132085856,0.7792157402311503,13154.752614199231,1.9593755722045891
-0.3596395156851953,-0.3764639515685192,-0.11200880572372046,0.28199229499174466,0.5949972482113376,0.6283847000550358,0.14685470555861302,0.4523280132085856,0.7792157402311503,12863.752614199231,1.9593755722045891
-0.3496395156851953,-0.33646395156851916,-0.12200880572372047,0.25199229499174464,0.5849972482113376,0.6683847000550358,0.19685470555861295,0.4323280132085856,0.7892157402311503,12810.752614199231,1.9623598575592034
-0.3296395156851953,-0.34646395156851917,-0.12200880572372047,0.23199229499174462,0.5649972482113376,0.6683847000550358,0.18685470555861294,0.4123280132085856,0.8492157402311503,12609.752614199231,1.967367362976077
-0.31963951568519533,-0.3664639515685192,-0.06200880572372047,0.23199229499174462,0.5849972482113376,0.6383847000550358,0.19685470555861295,0.39232801320858557,0.8492157402311503,12314.752614199231,1.9708237171173089
-0.31963951568519533,-0.3764639515685192,-0.10200880572372045,0.2119922949917447,0.5949972482113376,0.6383847000550358,0.246854705558613,0.4023280132085856,0.8792157402311503,12169.752614199231,1.9718553543090813
-0.3696395156851953,-0.3664639515685192,-0.08200880572372049,0.16199229499174467,0.6049972482113376,0.6083847000550358,0.266854705558613,0.4123280132085856,0.8492157402311503,12434.752614199231,1.9748537063598626
-0.37963951568519533,-0.3664639515685192,-0.08200880572372049,0.13199229499174464,0.6249972482113376,0.6283847000550358,0.30685470555861294,0.4023280132085856,0.8592157402311503,12027.752614199231,1.9788565158844023
-0.3496395156851953,-0.3564639515685192,-0.11200880572372046,0.15199229499174466,0.6149972482113376,0.5783847000550357,0.28685470555861303,0.4023280132085856,0.8692157402311503,11994.752614199231,1.9838571071624784
-0.2996395156851953,-0.3664639515685192,-0.13200880572372048,0.15199229499174466,0.6149972482113376,0.5983847000550357,0.276854705558613,0.4023280132085856,0.8892157402311504,12235.752614199231,1.9870941162109368
-0.3396395156851953,-0.3764639515685192,-0.11200880572372046,0.12199229499174463,0.5949972482113376,0.5983847000550357,0.31685470555861295,0.4123280132085856,0.8792157402311503,12428.752614199231,1.9881314754486077
-0.3096395156851953,-0.3964639515685192,-0.13200880572372048,0.10199229499174467,0.6149972482113376,0.5783847000550357,0.30685470555861294,0.39232801320858557,0.8592157402311503,12197.752614199231,1.9910237312316887
-0.2896395156851953,-0.33646395156851916,-0.09200880572372044,0.07199229499174464,0.5949972482113376,0.6183847000550358,0.30685470555861294,0.4123280132085856,0.8392157402311503,12206.752614199231,1.9960870265960686
-0.2996395156851953,-0.3864639515685192,-0.08200880572372049,0.061992294991744634,0.5849972482113376,0.5783847000550357,0.31685470555861295,0.4023280132085856,0.8392157402311503,12039.752614199231,1.9991423606872516
-0.31963951568519533,-0.3764639515685192,-0.10200880572372045,0.07199229499174464,0.5849972482113376,0.5983847000550357,0.33685470555861297,0.4423280132085856,0.8192157402311503,12056.752614199231,2.000086975097652
-0.3296395156851953,-0.3764639515685192,-0.09200880572372044,0.07199229499174464,0.5649972482113376,0.5783847000550357,0.29685470555861293,0.4423280132085856,0.8492157402311503,12241.752614199231,2.0040874004364007
-0.3096395156851953,-0.3764639515685192,-0.07200880572372048,0.08199229499174465,0.5449972482113375,0.5683847000550357,0.346854705558613,0.4323280132085856,0.8192157402311503,11820.752614199231,2.0092262744903557
-0.31963951568519533,-0.3564639515685192,-0.06200880572372047,0.05199229499174468,0.5449972482113375,0.5583847000550357,0.396854705558613,0.4223280132085856,0.8192157402311503,11891.752614199231,2.011539649963378
-0.3396395156851953,-0.3764639515685192,-0.11200880572372046,0.05199229499174468,0.5549972482113376,0.5183847000550359,0.42685470555861305,0.37232801320858555,0.7892157402311503,12136.752614199231,2.0125846385955803
-0.31963951568519533,-0.3864639515685192,-0.08200880572372049,0.021992294991744654,0.5549972482113376,0.5083847000550359,0.40685470555861303,0.35232801320858553,0.8392157402311503,12509.752614199231,2.01658744812012
-0.31963951568519533,-0.3564639515685192,-0.10200880572372045,0.0019922949917446364,0.5249972482113375,0.5083847000550359,0.396854705558613,0.38232801320858556,0.8892157402311504,12812.752614199231,2.020614576339721
-0.31963951568519533,-0.33646395156851916,-0.12200880572372047,0.021992294991744654,0.4949972482113375,0.5283847000550357,0.396854705558613,0.39232801320858557,0.8692157402311503,12437.752614199231,2.0246250152587884
-0.31963951568519533,-0.32646395156851926,-0.08200880572372049,0.0019922949917446364,0.5049972482113375,0.4983847000550358,0.40685470555861303,0.36232801320858554,0.8792157402311503,12692.752614199231,2.0256304264068596
-0.2696395156851953,-0.32646395156851926,-0.07200880572372048,0.011992294991744645,0.5149972482113375,0.5283847000550357,0.4668547055586131,0.36232801320858554,0.8692157402311503,12327.752614199231,2.0286349773406975
-0.3296395156851953,-0.30646395156851924,-0.042008805723720455,0.011992294991744645,0.5149972482113375,0.5083847000550359,0.4668547055586131,0.4123280132085856,0.8792157402311503,12128.752614199231,2.032647562026977
-0.3396395156851953,-0.31646395156851925,-0.052008805723720464,-0.008007705008255317,0.4949972482113375,0.5083847000550359,0.4768547055586131,0.4123280132085856,0.9092157402311504,12731.752614199231,2.0363819122314446
-0.3396395156851953,-0.32646395156851926,-0.09200880572372044,0.011992294991744645,0.4849972482113375,0.4883847000550358,0.4868547055586129,0.38232801320858556,0.9092157402311504,12734.752614199231,2.0374438285827594
-0.3596395156851953,-0.30646395156851924,-0.11200880572372046,-0.028007705008255335,0.4649972482113375,0.5083847000550359,0.41685470555861304,0.4023280132085856,0.9292157402311504,12635.752614199231,2.0404169082641594
-0.3496395156851953,-0.32646395156851926,-0.11200880572372046,-0.028007705008255335,0.44499724821133746,0.4883847000550358,0.396854705558613,0.4223280132085856,0.9392157402311502,12820.752614199231,2.0443703651428216
-0.3696395156851953,-0.30646395156851924,-0.09200880572372044,-0.05800770500825536,0.42499724821133766,0.4883847000550358,0.40685470555861303,0.4223280132085856,0.9192157402311504,13553.752614199231,2.0491003513336175
-0.3696395156851953,-0.34646395156851917,-0.06200880572372047,-0.04800770500825535,0.41499724821133765,0.5083847000550359,0.4668547055586131,0.4223280132085856,0.9092157402311504,13704.752614199231,2.052437734603881
-0.3596395156851953,-0.32646395156851926,-0.032008805723720446,-0.08800770500825533,0.44499724821133746,0.4783847000550358,0.4868547055586129,0.47232801320858553,0.8892157402311504,13801.752614199231,2.0531475067138665
-0.3396395156851953,-0.31646395156851925,-0.07200880572372048,-0.07800770500825532,0.4649972482113375,0.4983847000550358,0.5068547055586129,0.4423280132085856,0.8892157402311504,13478.752614199231,2.0565993309020953
-0.3496395156851953,-0.31646395156851925,-0.032008805723720446,-0.07800770500825532,0.42499724821133766,0.42838470005503576,0.4768547055586131,0.4523280132085856,0.8792157402311503,13843.752614199231,2.061428499221801
-0.3696395156851953,-0.29646395156851924,-0.07200880572372048,-0.07800770500825532,0.41499724821133765,0.4483847000550358,0.43685470555861305,0.46232801320858563,0.9092157402311504,14020.752614199231,2.064738225936889
-0.3696395156851953,-0.2864639515685192,-0.06200880572372047,-0.09800770500825534,0.45499724821133747,0.40838470005503574,0.4868547055586129,0.4523280132085856,0.8892157402311504,14123.752614199231,2.065435600280761
-0.3596395156851953,-0.30646395156851924,-0.052008805723720464,-0.08800770500825533,0.43499724821133745,0.40838470005503574,0.4868547055586129,0.47232801320858553,0.9292157402311504,14508.752614199231,2.069752883911132
-0.3496395156851953,-0.2864639515685192,-0.032008805723720446,-0.10800770500825535,0.41499724821133765,0.3783847000550358,0.5368547055586129,0.4523280132085856,0.9092157402311504,14867.752614199231,2.0731915950775175
-0.3396395156851953,-0.30646395156851924,-0.052008805723720464,-0.09800770500825534,0.40499724821133765,0.3583847000550358,0.5568547055586129,0.46232801320858563,0.8592157402311503,14892.752614199231,2.0781790733337395
-0.3396395156851953,-0.31646395156851925,-0.07200880572372048,-0.09800770500825534,0.3749972482113376,0.38838470005503584,0.566854705558613,0.5023280132085856,0.9092157402311504,15263.752614199231,2.0781790733337395
-0.3596395156851953,-0.33646395156851916,-0.06200880572372047,-0.09800770500825534,0.3649972482113376,0.3483847000550358,0.576854705558613,0.5123280132085856,0.8792157402311503,15410.752614199231,2.082577419281005
-0.3696395156851953,-0.3664639515685192,-0.012008805723720428,-0.08800770500825533,0.30499724821133756,0.3383847000550358,0.596854705558613,0.5123280132085856,0.8692157402311503,15221.752614199231,2.0865771293640094
-0.3696395156851953,-0.34646395156851917,-0.042008805723720455,-0.07800770500825532,0.30499724821133756,0.3683847000550358,0.606854705558613,0.5323280132085856,0.8792157402311503,15406.752614199231,2.0896074295043974
-0.3396395156851953,-0.34646395156851917,-0.07200880572372048,-0.07800770500825532,0.3249972482113376,0.3283847000550358,0.5468547055586129,0.5723280132085856,0.9392157402311502,15379.752614199231,2.0905761241912835
-0.3696395156851953,-0.3664639515685192,-0.12200880572372047,-0.08800770500825533,0.30499724821133756,0.3283847000550358,0.5568547055586129,0.5523280132085856,0.9592157402311502,15866.752614199231,2.0945753574371295
-0.3696395156851953,-0.3964639515685192,-0.10200880572372045,-0.09800770500825534,0.28499724821133754,0.3283847000550358,0.566854705558613,0.5323280132085856,0.9692157402311502,15415.752614199231,2.098575067520141
-0.37963951568519533,-0.3964639515685192,-0.1420088057237205,-0.05800770500825536,0.2649972482113375,0.3483847000550358,0.576854705558613,0.5123280132085856,0.9992157402311502,15266.752614199231,2.102040004730224
-0.3596395156851953,-0.42646395156851924,-0.12200880572372047,-0.04800770500825535,0.27499724821133753,0.30838470005503577,0.5568547055586129,0.5523280132085856,1.0092157402311501,14969.752614199231,2.102040004730224
-0.3596395156851953,-0.41646395156851923,-0.13200880572372048,-0.04800770500825535,0.2349972482113375,0.3183847000550358,0.586854705558613,0.5923280132085856,0.9792157402311502,14978.752614199231,2.107301187515258
-0.3696395156851953,-0.41646395156851923,-0.1420088057237205,-0.12800770500825534,0.27499724821133753,0.23838470005503581,0.5068547055586129,0.6023280132085856,1.0092157402311501,14813.752614199231,2.110319566726684
-0.3596395156851953,-0.43646395156851925,-0.13200880572372048,-0.13800770500825535,0.28499724821133754,0.23838470005503581,0.566854705558613,0.5923280132085856,1.0192157402311501,14624.752614199231,2.115319919586181
-0.3696395156851953,-0.3964639515685192,-0.11200880572372046,-0.13800770500825535,0.28499724821133754,0.2183847000550358,0.5468547055586129,0.6123280132085857,1.0592157402311502,14289.752614199231,2.1185063838958733
-0.3996395156851953,-0.41646395156851923,-0.18200880572372047,-0.12800770500825534,0.2549972482113375,0.2183847000550358,0.566854705558613,0.5823280132085856,1.0792157402311502,14206.752614199231,2.1193196296691887
-0.37963951568519533,-0.3964639515685192,-0.15200880572372044,-0.11800770500825533,0.2349972482113375,0.19838470005503578,0.596854705558613,0.5623280132085856,1.0792157402311502,14019.752614199231,2.123750162124633
-0.3696395156851953,-0.4064639515685192,-0.16200880572372045,-0.09800770500825534,0.22499724821133749,0.2183847000550358,0.606854705558613,0.5923280132085856,1.0792157402311502,13384.752614199231,2.126955461502078
-0.3896395156851953,-0.42646395156851924,-0.15200880572372044,-0.08800770500825533,0.21499724821133748,0.2583847000550358,0.596854705558613,0.6123280132085857,1.0792157402311502,12641.752614199231,2.130693626403808
-0.3696395156851953,-0.3964639515685192,-0.17200880572372046,-0.08800770500825533,0.18499724821133745,0.23838470005503581,0.596854705558613,0.6323280132085857,1.1192157402311502,11766.752614199231,2.1317486286163323
-0.3696395156851953,-0.42646395156851924,-0.1420088057237205,-0.11800770500825533,0.18499724821133745,0.2283847000550358,0.606854705558613,0.6323280132085857,1.1092157402311502,11479.752614199231,2.134864997863769
-0.3596395156851953,-0.41646395156851923,-0.12200880572372047,-0.13800770500825535,0.18499724821133745,0.18838470005503577,0.626854705558613,0.6423280132085857,1.1092157402311502,11580.752614199231,2.139550638198852
-0.3296395156851953,-0.41646395156851923,-0.15200880572372044,-0.12800770500825534,0.18499724821133745,0.2083847000550358,0.606854705558613,0.6423280132085857,1.0892157402311502,11825.752614199231,2.1430079460144036
-0.3696395156851953,-0.43646395156851925,-0.13200880572372048,-0.13800770500825535,0.17499724821133766,0.1483847000550358,0.606854705558613,0.6723280132085855,1.1092157402311502,11648.752614199231,2.144062948226928
-0.3496395156851953,-0.41646395156851923,-0.1420088057237205,-0.14800770500825533,0.16499724821133765,0.1583847000550358,0.566854705558613,0.6823280132085855,1.1092157402311502,11825.752614199231,2.1474372863769524
-0.3696395156851953,-0.44646395156851926,-0.1420088057237205,-0.12800770500825534,0.18499724821133745,0.1483847000550358,0.636854705558613,0.6823280132085855,1.0992157402311502,11818.752614199231,2.1514377117156975
-0.3396395156851953,-0.44646395156851926,-0.16200880572372045,-0.11800770500825533,0.15499724821133765,0.17838470005503582,0.626854705558613,0.6723280132085855,1.0892157402311502,11619.752614199231,2.1544289112091057
-0.37963951568519533,-0.4764639515685192,-0.18200880572372047,-0.13800770500825535,0.17499724821133766,0.17838470005503582,0.646854705558613,0.6923280132085855,1.0892157402311502,11390.752614199231,2.1554288387298577
-0.3696395156851953,-0.45646395156851916,-0.18200880572372047,-0.11800770500825533,0.13499724821133763,0.17838470005503582,0.686854705558613,0.6423280132085857,1.0792157402311502,11575.752614199231,2.158960533142089
-0.31963951568519533,-0.46646395156851916,-0.19200880572372048,-0.11800770500825533,0.12499724821133762,0.1683847000550358,0.646854705558613,0.6323280132085857,1.1092157402311502,12344.752614199231,2.1629588127136223
-0.3496395156851953,-0.41646395156851923,-0.15200880572372044,-0.13800770500825535,0.14499724821133764,0.12838470005503577,0.646854705558613,0.6223280132085857,1.0992157402311502,12309.752614199231,2.167341184616088
-0.3296395156851953,-0.46646395156851916,-0.17200880572372046,-0.13800770500825535,0.11499724821133761,0.12838470005503577,0.676854705558613,0.6123280132085857,1.1392157402311502,11396.752614199231,2.167341184616088
-0.3396395156851953,-0.44646395156851926,-0.17200880572372046,-0.12800770500825534,0.1049972482113376,0.1583847000550358,0.636854705558613,0.6023280132085856,1.1392157402311502,11613.752614199231,2.1713423252105706
-0.3496395156851953,-0.43646395156851925,-0.1420088057237205,-0.14800770500825533,0.08499724821133758,0.1683847000550358,0.646854705558613,0.5923280132085856,1.1092157402311502,11286.752614199231,2.175526332855224
-0.3296395156851953,-0.4064639515685192,-0.1420088057237205,-0.09800770500825534,0.09499724821133759,0.17838470005503582,0.656854705558613,0.5723280132085856,1.1392157402311502,11155.752614199231,2.1805595874786405
-0.3596395156851953,-0.41646395156851923,-0.1420088057237205,-0.11800770500825533,0.08499724821133758,0.19838470005503578,0.676854705558613,0.5623280132085856,1.1492157402311503,11588.752614199231,2.1805595874786405
-0.3396395156851953,-0.44646395156851926,-0.17200880572372046,-0.10800770500825535,0.07499724821133757,0.2083847000550358,0.646854705558613,0.5723280132085856,1.1392157402311502,11443.752614199231,2.1841294288635247
-0.3296395156851953,-0.44646395156851926,-0.19200880572372048,-0.09800770500825534,0.04499724821133755,0.19838470005503578,0.606854705558613,0.5823280132085856,1.1592157402311503,11948.752614199231,2.188242149353023
-0.31963951568519533,-0.41646395156851923,-0.18200880572372047,-0.09800770500825534,0.07499724821133757,0.19838470005503578,0.616854705558613,0.5823280132085856,1.0892157402311502,11815.752614199231,2.1932947158813434
-0.3696395156851953,-0.44646395156851926,-0.19200880572372048,-0.08800770500825533,0.06499724821133757,0.2083847000550358,0.616854705558613,0.5923280132085856,1.1392157402311502,11552.752614199231,2.1956736564636223
-0.3696395156851953,-0.46646395156851916,-0.19200880572372048,-0.10800770500825535,0.06499724821133757,0.17838470005503582,0.616854705558613,0.5723280132085856,1.1292157402311502,11493.752614199231,2.196341943740844
-0.3596395156851953,-0.4764639515685192,-0.19200880572372048,-0.10800770500825535,0.06499724821133757,0.18838470005503577,0.636854705558613,0.5723280132085856,1.1092157402311502,11274.752614199231,2.2013573169708245
-0.3296395156851953,-0.45646395156851916,-0.15200880572372044,-0.12800770500825534,0.04499724821133755,0.18838470005503577,0.606854705558613,0.6023280132085856,1.0992157402311502,11345.752614199231,2.204311561584472
-0.3396395156851953,-0.43646395156851925,-0.18200880572372047,-0.08800770500825533,0.04499724821133755,0.19838470005503578,0.586854705558613,0.6023280132085856,1.1592157402311503,11258.752614199231,2.209012222290042
-0.31963951568519533,-0.42646395156851924,-0.17200880572372046,-0.09800770500825534,0.04499724821133755,0.18838470005503577,0.5468547055586129,0.5823280132085856,1.1592157402311503,11567.752614199231,2.209012222290042
-0.3396395156851953,-0.44646395156851926,-0.19200880572372048,-0.12800770500825534,0.03499724821133754,0.17838470005503582,0.576854705558613,0.5723280132085856,1.1492157402311503,11548.752614199231,2.213070344924926
-0.31963951568519533,-0.43646395156851925,-0.16200880572372045,-0.13800770500825535,0.04499724821133755,0.1683847000550358,0.5268547055586129,0.5923280132085856,1.1192157402311502,10811.752614199231,2.2175597667694085
-0.2996395156851953,-0.45646395156851916,-0.18200880572372047,-0.15800770500825534,0.03499724821133754,0.1683847000550358,0.5368547055586129,0.5923280132085856,1.1092157402311502,10502.752614199231,2.2205609798431354
-0.2896395156851953,-0.45646395156851916,-0.17200880572372046,-0.13800770500825535,0.014997248211337522,0.1583847000550358,0.5068547055586129,0.6123280132085857,1.1192157402311502,10491.752614199231,2.221540164947509
-0.3096395156851953,-0.42646395156851924,-0.17200880572372046,-0.12800770500825534,0.014997248211337522,0.1683847000550358,0.5368547055586129,0.6123280132085857,1.0892157402311502,10758.752614199231,2.2255551338195794
-0.31963951568519533,-0.44646395156851926,-0.15200880572372044,-0.14800770500825533,0.02499724821133753,0.13838470005503578,0.5168547055586129,0.5723280132085856,1.1392157402311502,10827.752614199231,2.2298724174499505
-0.2996395156851953,-0.41646395156851923,-0.16200880572372045,-0.13800770500825535,0.014997248211337522,0.11838470005503582,0.5168547055586129,0.6023280132085856,1.0992157402311502,10466.752614199231,2.233202409744262
-0.31963951568519533,-0.44646395156851926,-0.22200880572372045,-0.15800770500825534,-0.005002751788662496,0.10838470005503581,0.566854705558613,0.5123280132085856,1.1492157402311503,10595.752614199231,2.2342769622802727
-0.3096395156851953,-0.42646395156851924,-0.18200880572372047,-0.16800770500825535,-0.005002751788662496,0.10838470005503581,0.626854705558613,0.5123280132085856,1.0792157402311502,10726.752614199231,2.237615537643432
-0.3096395156851953,-0.41646395156851923,-0.19200880572372048,-0.15800770500825534,-0.015002751788662394,0.08838470005503579,0.5268547055586129,0.5023280132085856,1.1092157402311502,10929.752614199231,2.2421667098999016
-0.3396395156851953,-0.41646395156851923,-0.18200880572372047,-0.13800770500825535,-0.015002751788662394,0.0683847000550358,0.5468547055586129,0.5423280132085856,1.1092157402311502,10796.752614199231,2.2450110435485833
-0.31963951568519533,-0.42646395156851924,-0.19200880572372048,-0.14800770500825533,0.014997248211337522,0.08838470005503579,0.5568547055586129,0.5323280132085856,1.0992157402311502,10719.752614199231,2.2460767745971673
-0.31963951568519533,-0.41646395156851923,-0.21200880572372044,-0.18800770500825534,0.014997248211337522,0.07838470005503578,0.5468547055586129,0.5023280132085856,1.0792157402311502,10152.752614199231,2.2496137142181354
-0.3396395156851953,-0.4064639515685192,-0.20200880572372049,-0.16800770500825535,0.014997248211337522,0.07838470005503578,0.5168547055586129,0.5023280132085856,1.0192157402311501,9757.752614199231,2.2538146495819085
-0.3396395156851953,-0.3964639515685192,-0.20200880572372049,-0.16800770500825535,0.004997248211337513,0.07838470005503578,0.5468547055586129,0.47232801320858553,1.0392157402311502,10198.752614199231,2.2584013462066643
-0.31963951568519533,-0.3964639515685192,-0.20200880572372049,-0.15800770500825534,0.004997248211337513,0.05838470005503579,0.5368547055586129,0.46232801320858563,1.0092157402311501,9817.752614199231,2.261720848083492
-0.2896395156851953,-0.3964639515685192,-0.19200880572372048,-0.16800770500825535,-0.005002751788662496,0.05838470005503579,0.566854705558613,0.4423280132085856,1.0092157402311501,9566.752614199231,2.2624487400054925
-0.3296395156851953,-0.4064639515685192,-0.23200880572372046,-0.16800770500825535,0.004997248211337513,0.05838470005503579,0.5068547055586129,0.4523280132085856,0.9692157402311502,9659.752614199231,2.265871477127078
-0.3096395156851953,-0.3864639515685192,-0.21200880572372044,-0.16800770500825535,-0.015002751788662394,0.0683847000550358,0.44685470555861306,0.4523280132085856,0.9892157402311502,9538.752614199231,2.2703814029693596
-0.31963951568519533,-0.3964639515685192,-0.19200880572372048,-0.16800770500825535,-0.025002751788662403,0.048384700055035784,0.4768547055586131,0.4323280132085856,0.9792157402311502,9401.752614199231,2.2743818283081048
-0.2996395156851953,-0.3964639515685192,-0.19200880572372048,-0.13800770500825535,-0.025002751788662403,0.0383847000550358,0.43685470555861305,0.4323280132085856,0.9892157402311502,9546.752614199231,2.275393676757812
-0.2896395156851953,-0.3764639515685192,-0.18200880572372047,-0.13800770500825535,-0.03500275178866241,0.048384700055035784,0.4568547055586131,0.46232801320858563,0.9392157402311502,9717.752614199231,2.2792219638824456
-0.2796395156851953,-0.3864639515685192,-0.19200880572372048,-0.15800770500825534,-0.015002751788662394,0.028384700055035794,0.376854705558613,0.4523280132085856,0.9692157402311502,9256.752614199231,2.283457469940185
-0.2696395156851953,-0.3864639515685192,-0.19200880572372048,-0.18800770500825534,-0.015002751788662394,0.028384700055035794,0.346854705558613,0.4223280132085856,0.9592157402311502,9525.752614199231,2.2860917568206816
-0.3096395156851953,-0.3964639515685192,-0.20200880572372049,-0.18800770500825534,-0.03500275178866241,0.048384700055035784,0.33685470555861297,0.37232801320858555,0.9192157402311504,9754.752614199231,2.2860917568206816
-0.2996395156851953,-0.3964639515685192,-0.18200880572372047,-0.15800770500825534,-0.025002751788662403,0.0383847000550358,0.356854705558613,0.37232801320858555,0.8792157402311503,9663.752614199231,2.2901281833648675
-0.3096395156851953,-0.3964639515685192,-0.17200880572372046,-0.16800770500825535,-0.04500275178866242,0.0383847000550358,0.31685470555861295,0.36232801320858554,0.9392157402311502,9500.752614199231,2.295286607742309
-0.31963951568519533,-0.3964639515685192,-0.16200880572372045,-0.15800770500825534,-0.04500275178866242,0.0383847000550358,0.31685470555861295,0.34232801320858564,0.9092157402311504,9001.752614199231,2.298549842834472
-0.3396395156851953,-0.3864639515685192,-0.17200880572372046,-0.15800770500825534,-0.06500275178866244,0.028384700055035794,0.266854705558613,0.3323280132085856,0.8892157402311504,9064.752614199231,2.299286556243892
-0.3296395156851953,-0.3864639515685192,-0.19200880572372048,-0.14800770500825533,-0.07500275178866245,0.018384700055035785,0.266854705558613,0.3123280132085856,0.8892157402311504,9111.752614199231,2.303286743164062
-0.3396395156851953,-0.43646395156851925,-0.16200880572372045,-0.15800770500825534,-0.06500275178866244,0.028384700055035794,0.28685470555861303,0.2723280132085856,0.8492157402311503,8910.752614199231,2.307266187667846
-0.37963951568519533,-0.3964639515685192,-0.17200880572372046,-0.13800770500825535,-0.07500275178866245,0.028384700055035794,0.276854705558613,0.2823280132085856,0.8492157402311503,8829.752614199231,2.3108374595642083
-0.3696395156851953,-0.3964639515685192,-0.18200880572372047,-0.14800770500825533,-0.08500275178866246,0.028384700055035794,0.236854705558613,0.2823280132085856,0.8192157402311503,8952.752614199231,2.311905097961425
-0.3696395156851953,-0.3664639515685192,-0.18200880572372047,-0.17800770500825533,-0.09500275178866247,0.028384700055035794,0.256854705558613,0.2823280132085856,0.8492157402311503,8925.752614199231,2.3154556274414055
-0.3996395156851953,-0.3864639515685192,-0.21200880572372044,-0.16800770500825535,-0.08500275178866246,0.018384700055035785,0.20685470555861296,0.2923280132085856,0.8092157402311503,9050.752614199231,2.319912147521972
-0.37963951568519533,-0.43646395156851925,-0.20200880572372049,-0.13800770500825535,-0.08500275178866246,0.048384700055035784,0.17685470555861293,0.3123280132085856,0.7692157402311502,8921.752614199231,2.323198986053466
-0.37963951568519533,-0.4064639515685192,-0.19200880572372048,-0.16800770500825535,-0.09500275178866247,0.048384700055035784,0.15685470555861303,0.3123280132085856,0.7392157402311503,8530.752614199231,2.3274983882904046
-0.3996395156851953,-0.3964639515685192,-0.19200880572372048,-0.13800770500825535,-0.10500275178866247,0.048384700055035784,0.16685470555861304,0.2723280132085856,0.7492157402311502,8517.752614199231,2.3274983882904046
-0.3696395156851953,-0.3964639515685192,-0.19200880572372048,-0.12800770500825534,-0.11500275178866248,0.048384700055035784,0.17685470555861293,0.1823280132085856,0.7392157402311503,8412.752614199231,2.332485389709472
-0.37963951568519533,-0.4064639515685192,-0.19200880572372048,-0.12800770500825534,-0.11500275178866248,0.0383847000550358,0.16685470555861304,0.21232801320858563,0.7092157402311503,8407.752614199231,2.3356537342071526
-0.3896395156851953,-0.44646395156851926,-0.22200880572372045,-0.12800770500825534,-0.10500275178866247,0.0683847000550358,0.11685470555861299,0.23232801320858554,0.6992157402311503,8004.752614199231,2.339424324035644
-0.3996395156851953,-0.42646395156851924,-0.22200880572372045,-0.10800770500825535,-0.1450027517886624,0.07838470005503578,0.06685470555861295,0.1923280132085856,0.7192157402311503,8027.752614199231,2.3406748294830315
-0.37963951568519533,-0.41646395156851923,-0.18200880572372047,-0.13800770500825535,-0.1450027517886624,0.05838470005503579,0.06685470555861295,0.20232801320858562,0.6892157402311503,8298.752614199231,2.344459962844848
-0.3596395156851953,-0.3964639515685192,-0.19200880572372048,-0.13800770500825535,-0.1550027517886624,0.05838470005503579,-0.003145294441387003,0.1923280132085856,0.6892157402311503,7639.752614199231,2.348986101150512
-0.3296395156851953,-0.42646395156851924,-0.22200880572372045,-0.15800770500825534,-0.1250027517886625,0.0383847000550358,0.07685470555861296,0.1723280132085856,0.6792157402311503,7836.752614199231,2.3513817310333245
-0.3496395156851953,-0.41646395156851923,-0.22200880572372045,-0.16800770500825535,-0.11500275178866248,0.048384700055035784,0.04685470555861293,0.15232801320858558,0.6892157402311503,7905.752614199231,2.3524555683136015
-0.3296395156851953,-0.41646395156851923,-0.22200880572372045,-0.15800770500825534,-0.11500275178866248,0.05838470005503579,0.04685470555861293,0.15232801320858558,0.6792157402311503,7548.752614199231,2.3566705703735344
-0.3396395156851953,-0.4064639515685192,-0.20200880572372049,-0.15800770500825534,-0.11500275178866248,0.048384700055035784,0.006854705558613006,0.1723280132085856,0.6692157402311503,6785.752614199231,2.360563707351684
-0.3096395156851953,-0.4064639515685192,-0.23200880572372046,-0.16800770500825535,-0.09500275178866247,0.0383847000550358,0.016854705558613015,0.10232801320858553,0.6692157402311503,6966.752614199231,2.3645634174346917
-0.3096395156851953,-0.4064639515685192,-0.22200880572372045,-0.13800770500825535,-0.11500275178866248,0.05838470005503579,-0.003145294441387003,0.09232801320858564,0.6592157402311503,7077.752614199231,2.3645634174346917
-0.2996395156851953,-0.3964639515685192,-0.20200880572372049,-0.14800770500825533,-0.1350027517886624,0.05838470005503579,0.016854705558613015,0.09232801320858564,0.6392157402311502,7028.752614199231,2.3675484180450397
-0.2996395156851953,-0.3964639515685192,-0.21200880572372044,-0.14800770500825533,-0.1350027517886624,0.048384700055035784,0.006854705558613006,0.11232801320858554,0.5392157402311503,6623.752614199231,2.373052787780761
-0.2996395156851953,-0.3864639515685192,-0.21200880572372044,-0.16800770500825535,-0.1350027517886624,0.048384700055035784,-0.013145294441387012,0.10232801320858553,0.5792157402311503,6624.752614199231,2.377040338516238
-0.2896395156851953,-0.3764639515685192,-0.21200880572372044,-0.16800770500825535,-0.1350027517886624,0.048384700055035784,-0.02314529444138702,0.11232801320858554,0.5192157402311502,6773.752614199231,2.3775093078613274
-0.2896395156851953,-0.3764639515685192,-0.24200880572372047,-0.17800770500825533,-0.1350027517886624,0.028384700055035794,-0.03314529444138703,0.08232801320858563,0.49921574023115023,6680.752614199231,2.381302070617675
-0.2896395156851953,-0.3764639515685192,-0.22200880572372045,-0.13800770500825535,-0.1250027517886625,0.0383847000550358,-0.03314529444138703,0.11232801320858554,0.4492157402311503,6285.752614199231,2.3848614215850823
-0.2796395156851953,-0.3664639515685192,-0.22200880572372045,-0.13800770500825535,-0.11500275178866248,0.048384700055035784,-0.03314529444138703,0.08232801320858563,0.4492157402311503,6800.752614199231,2.3889598369598417
-0.2796395156851953,-0.3764639515685192,-0.22200880572372045,-0.13800770500825535,-0.11500275178866248,0.048384700055035784,-0.04314529444138704,0.0523280132085856,0.4292157402311503,6795.752614199231,2.3889598369598417
-0.2796395156851953,-0.3564639515685192,-0.21200880572372044,-0.14800770500825533,-0.1250027517886625,0.048384700055035784,-0.08314529444138696,0.10232801320858553,0.4392157402311503,6620.752614199231,2.392980289459228
-0.2896395156851953,-0.3764639515685192,-0.19200880572372048,-0.13800770500825535,-0.11500275178866248,0.05838470005503579,-0.10314529444138698,0.0523280132085856,0.4292157402311503,6187.752614199231,2.3969518661499016
-0.2896395156851953,-0.3564639515685192,-0.20200880572372049,-0.12800770500825534,-0.1250027517886625,0.05838470005503579,-0.07314529444138707,0.09232801320858564,0.39921574023115025,6258.752614199231,2.4009489536285393
-0.2796395156851953,-0.34646395156851917,-0.21200880572372044,-0.12800770500825534,-0.11500275178866248,0.05838470005503579,-0.07314529444138707,0.07232801320858562,0.40921574023115026,6755.752614199231,2.405056428909301
-0.2896395156851953,-0.3564639515685192,-0.22200880572372045,-0.13800770500825535,-0.11500275178866248,0.05838470005503579,-0.09314529444138697,0.012328013208585564,0.40921574023115026,6896.752614199231,2.405056428909301
-0.2896395156851953,-0.3664639515685192,-0.21200880572372044,-0.10800770500825535,-0.11500275178866248,0.0683847000550358,-0.07314529444138707,0.0023280132085855554,0.3492157402311503,6685.752614199231,2.409090709686282
-0.2896395156851953,-0.3964639515685192,-0.21200880572372044,-0.12800770500825534,-0.11500275178866248,0.0683847000550358,-0.09314529444138697,0.012328013208585564,0.41921574023115027,6554.752614199231,2.41413326263428
-0.3096395156851953,-0.3764639515685192,-0.22200880572372045,-0.11800770500825533,-0.1350027517886624,0.05838470005503579,-0.08314529444138696,0.012328013208585564,0.3492157402311503,6443.752614199231,2.4178461551666253
-0.31963951568519533,-0.3564639515685192,-0.22200880572372045,-0.10800770500825535,-0.1250027517886625,0.07838470005503578,-0.07314529444138707,-0.027671986791414416,0.3592157402311503,6110.752614199231,2.4178461551666253
-0.31963951568519533,-0.3664639515685192,-0.20200880572372049,-0.10800770500825535,-0.1250027517886625,0.0683847000550358,-0.09314529444138697,-0.007671986791414398,0.3592157402311503,6653.752614199231,2.421784353256225
-0.31963951568519533,-0.3764639515685192,-0.21200880572372044,-0.09800770500825534,-0.1250027517886625,0.0683847000550358,-0.10314529444138698,0.0023280132085855554,0.3392157402311503,6744.752614199231,2.4259511947631864
-0.3296395156851953,-0.3564639515685192,-0.21200880572372044,-0.10800770500825535,-0.1250027517886625,0.0683847000550358,-0.09314529444138697,-0.007671986791414398,0.3292157402311503,6237.752614199231,2.429849100112918
-0.3296395156851953,-0.34646395156851917,-0.20200880572372049,-0.10800770500825535,-0.11500275178866248,0.0683847000550358,-0.08314529444138696,-0.047671986791414434,0.3092157402311503,6310.752614199231,2.4309076786041253
-0.3096395156851953,-0.34646395156851917,-0.19200880572372048,-0.09800770500825534,-0.11500275178866248,0.07838470005503578,-0.05314529444138705,-0.017671986791414407,0.3192157402311503,6689.752614199231,2.434484910964965
-0.2796395156851953,-0.34646395156851917,-0.17200880572372046,-0.10800770500825535,-0.11500275178866248,0.0683847000550358,-0.123145294441387,-0.017671986791414407,0.28921574023115026,6700.752614199231,2.438513469696044
-0.2796395156851953,-0.34646395156851917,-0.19200880572372048,-0.10800770500825535,-0.11500275178866248,0.07838470005503578,-0.123145294441387,-0.0676719867914144,0.24921574023115026,7083.752614199231,2.4417767047882073
-0.2796395156851953,-0.3564639515685192,-0.18200880572372047,-0.08800770500825533,-0.1250027517886625,0.08838470005503579,-0.09314529444138697,-0.09767198679141442,0.26921574023115025,6730.752614199231,2.442486953735351
-0.2796395156851953,-0.33646395156851916,-0.17200880572372046,-0.07800770500825532,-0.11500275178866248,0.08838470005503579,-0.08314529444138696,-0.09767198679141442,0.19921574023115027,6625.752614199231,2.4465095520019524
-0.2896395156851953,-0.33646395156851916,-0.18200880572372047,-0.07800770500825532,-0.11500275178866248,0.07838470005503578,-0.10314529444138698,-0.1276719867914144,0.18921574023115026,6686.752614199231,2.4499129772186237
-0.2996395156851953,-0.34646395156851917,-0.18200880572372047,-0.07800770500825532,-0.10500275178866247,0.08838470005503579,-0.11314529444138699,-0.08767198679141441,0.21921574023115023,7031.752614199231,2.4541143894195585
-0.2996395156851953,-0.32646395156851926,-0.16200880572372045,-0.08800770500825533,-0.11500275178866248,0.08838470005503579,-0.14314529444138702,-0.10767198679141443,0.23921574023115025,7094.752614199231,2.4541143894195585
-0.2996395156851953,-0.32646395156851926,-0.16200880572372045,-0.08800770500825533,-0.11500275178866248,0.08838470005503579,-0.123145294441387,-0.1276719867914144,0.22921574023115024,6995.752614199231,2.4584443092346184
-0.2996395156851953,-0.3564639515685192,-0.16200880572372045,-0.10800770500825535,-0.11500275178866248,0.07838470005503578,-0.11314529444138699,-0.16767198679141443,0.19921574023115027,7104.752614199231,2.462687444686889
-0.2996395156851953,-0.31646395156851925,-0.16200880572372045,-0.09800770500825534,-0.10500275178866247,0.0683847000550358,-0.133145294441387,-0.21767198679141442,0.17921574023115025,7611.752614199231,2.4663316726684563
-0.3096395156851953,-0.31646395156851925,-0.15200880572372044,-0.09800770500825534,-0.09500275178866247,0.08838470005503579,-0.133145294441387,-0.2076719867914144,0.20921574023115028,7578.752614199231,2.4703366279602044
-0.2996395156851953,-0.33646395156851916,-0.1420088057237205,-0.09800770500825534,-0.11500275178866248,0.07838470005503578,-0.16314529444138703,-0.17767198679141444,0.17921574023115025,7723.752614199231,2.4710642814636223
-0.2996395156851953,-0.33646395156851916,-0.13200880572372048,-0.08800770500825533,-0.11500275178866248,0.07838470005503578,-0.09314529444138697,-0.17767198679141444,0.17921574023115025,7808.752614199231,2.4743320465087884
-0.3096395156851953,-0.31646395156851925,-0.13200880572372048,-0.08800770500825533,-0.10500275178866247,0.07838470005503578,-0.123145294441387,-0.17767198679141444,0.18921574023115026,7819.752614199231,2.479512166976928
-0.3096395156851953,-0.29646395156851924,-0.13200880572372048,-0.07800770500825532,-0.11500275178866248,0.08838470005503579,-0.10314529444138698,-0.1976719867914144,0.17921574023115025,8110.752614199231,2.4828235626220696
-0.31963951568519533,-0.29646395156851924,-0.13200880572372048,-0.07800770500825532,-0.10500275178866247,0.08838470005503579,-0.08314529444138696,-0.21767198679141442,0.11921574023115025,8147.752614199231,2.483511161804202
-0.3096395156851953,-0.30646395156851924,-0.12200880572372047,-0.08800770500825533,-0.11500275178866248,0.07838470005503578,-0.17314529444138704,-0.17767198679141444,0.08921574023115028,8366.752614199231,2.488066148757934
-0.3096395156851953,-0.30646395156851924,-0.13200880572372048,-0.07800770500825532,-0.10500275178866247,0.08838470005503579,-0.15314529444138703,-0.2076719867914144,0.08921574023115028,8495.752614199231,2.492239904403686
-0.31963951568519533,-0.32646395156851926,-0.12200880572372047,-0.08800770500825533,-0.11500275178866248,0.08838470005503579,-0.183145294441387,-0.1876719867914144,0.18921574023115026,8960.752614199231,2.4952675819396966
-0.31963951568519533,-0.31646395156851925,-0.13200880572372048,-0.07800770500825532,-0.10500275178866247,0.08838470005503579,-0.10314529444138698,-0.1876719867914144,0.12921574023115026,8979.752614199231,2.4960913181304925
-0.3096395156851953,-0.32646395156851926,-0.12200880572372047,-0.08800770500825533,-0.08500275178866246,0.0983847000550358,-0.07314529444138707,-0.21767198679141442,0.19921574023115027,8960.752614199231,2.4997083663940423
-0.2796395156851953,-0.31646395156851925,-0.12200880572372047,-0.08800770500825533,-0.09500275178866247,0.0983847000550358,-0.10314529444138698,-0.1976719867914144,0.18921574023115026,9151.752614199231,2.5036208152770953
-0.2996395156851953,-0.31646395156851925,-0.13200880572372048,-0.07800770500825532,-0.09500275178866247,0.11838470005503582,-0.06314529444138706,-0.2076719867914144,0.19921574023115027,9290.752614199231,2.507778596878051
-0.2996395156851953,-0.30646395156851924,-0.13200880572372048,-0.08800770500825533,-0.11500275178866248,0.0983847000550358,-0.11314529444138699,-0.22767198679141443,0.19921574023115027,9677.752614199231,2.507778596878051
-0.2896395156851953,-0.29646395156851924,-0.12200880572372047,-0.09800770500825534,-0.09500275178866247,0.0983847000550358,-0.123145294441387,-0.17767198679141444,0.18921574023115026,10104.752614199231,2.5125922679901116
-0.2996395156851953,-0.2864639515685192,-0.11200880572372046,-0.10800770500825535,-0.08500275178866246,0.07838470005503578,-0.10314529444138698,-0.2076719867914144,0.18921574023115026,10005.752614199231,2.5157985210418694
-0.3096395156851953,-0.2764639515685192,-0.09200880572372044,-0.08800770500825533,-0.08500275178866246,0.07838470005503578,-0.09314529444138697,-0.2076719867914144,0.19921574023115027,9894.752614199231,2.5198554515838616
-0.3096395156851953,-0.2664639515685192,-0.10200880572372045,-0.10800770500825535,-0.09500275178866247,0.08838470005503579,-0.09314529444138697,-0.21767198679141442,0.13921574023115027,10195.752614199231,2.5208599090576165
-0.2996395156851953,-0.2764639515685192,-0.10200880572372045,-0.08800770500825533,-0.09500275178866247,0.0983847000550358,-0.06314529444138706,-0.24767198679141442,0.11921574023115025,10106.752614199231,2.524319124221801
-0.2996395156851953,-0.2864639515685192,-0.13200880572372048,-0.07800770500825532,-0.11500275178866248,0.0983847000550358,-0.123145294441387,-0.25767198679141445,0.09921574023115023,10123.752614199231,2.5282790184020953
-0.2996395156851953,-0.29646395156851924,-0.13200880572372048,-0.10800770500825535,-0.1350027517886624,0.07838470005503578,-0.123145294441387,-0.25767198679141445,0.11921574023115025,10786.752614199231,2.5328325748443596
-0.2996395156851953,-0.29646395156851924,-0.17200880572372046,-0.13800770500825535,-0.16500275178866242,0.048384700055035784,-0.183145294441387,-0.2676719867914144,0.06921574023115026,10931.752614199231,2.536094379425048
-0.3296395156851953,-0.30646395156851924,-0.20200880572372049,-0.13800770500825535,-0.1550027517886624,0.048384700055035784,-0.21314529444138702,-0.2776719867914144,0.029215740231150256,10578.752614199231,2.5368327617645257
-0.3396395156851953,-0.31646395156851925,-0.17200880572372046,-0.09800770500825534,-0.17500275178866243,0.0383847000550358,-0.22314529444138703,-0.25767198679141445,0.009215740231150266,10751.752614199231,2.5408327102661126
-0.31963951568519533,-0.31646395156851925,-0.19200880572372048,-0.12800770500825534,-0.18500275178866243,0.0383847000550358,-0.243145294441387,-0.2776719867914144,0.009215740231150266,10046.752614199231,2.5452274799346917
-0.31963951568519533,-0.34646395156851917,-0.19200880572372048,-0.09800770500825534,-0.21500275178866246,0.048384700055035784,-0.303145294441387,-0.3076719867914144,-0.010784259768849752,10079.752614199231,2.5485510349273675
-0.2996395156851953,-0.3564639515685192,-0.21200880572372044,-0.12800770500825534,-0.18500275178866243,0.048384700055035784,-0.313145294441387,-0.3176719867914144,-0.06078425976884974,9942.752614199231,2.5496172428131096
-0.2996395156851953,-0.3764639515685192,-0.19200880572372048,-0.14800770500825533,-0.18500275178866243,0.028384700055035794,-0.29314529444138704,-0.3476719867914144,-0.05078425976884973,9287.752614199231,2.5530402183532708
-0.2996395156851953,-0.3564639515685192,-0.19200880572372048,-0.13800770500825535,-0.19500275178866244,0.048384700055035784,-0.263145294441387,-0.3476719867914144,-0.07078425976884975,8878.752614199231,2.5564758300781243
-0.3096395156851953,-0.3764639515685192,-0.22200880572372045,-0.12800770500825534,-0.21500275178866246,0.028384700055035794,-0.273145294441387,-0.37767198679141445,-0.07078425976884975,8633.752614199231,2.5606898784637444
-0.3396395156851953,-0.3964639515685192,-0.3120088057237205,-0.13800770500825535,-0.2450027517886625,0.018384700055035785,-0.333145294441387,-0.3476719867914144,-0.07078425976884975,8366.752614199231,2.5613195419311516
-0.31963951568519533,-0.45646395156851916,-0.30200880572372046,-0.09800770500825534,-0.23500275178866248,0.028384700055035794,-0.403145294441387,-0.3476719867914144,-0.09078425976884974,7941.752614199231,2.5653476238250725
-0.3096395156851953,-0.42646395156851924,-0.2620088057237205,-0.10800770500825535,-0.20500275178866245,0.028384700055035794,-0.333145294441387,-0.3176719867914144,-0.08078425976884974,6464.752614199231,2.5693201541900663
-0.31963951568519533,-0.42646395156851924,-0.2620088057237205,-0.10800770500825535,-0.18500275178866243,0.028384700055035794,-0.333145294441387,-0.3176719867914144,-0.06078425976884974,5043.752614199231,2.5728852272033684
-0.3096395156851953,-0.42646395156851924,-0.22200880572372045,-0.10800770500825535,-0.19500275178866244,0.018384700055035785,-0.313145294441387,-0.2876719867914144,-0.08078425976884974,4682.752614199231,2.57385869026184
-0.31963951568519533,-0.41646395156851923,-0.24200880572372047,-0.10800770500825535,-0.18500275178866243,0.018384700055035785,-0.313145294441387,-0.3276719867914144,-0.04078425976884975,4609.752614199231,2.5778533935546903
-0.31963951568519533,-0.42646395156851924,-0.23200880572372046,-0.13800770500825535,-0.19500275178866244,0.008384700055035804,-0.343145294441387,-0.2876719867914144,-0.010784259768849752,4462.752614199231,2.5819863796234124
-0.3096395156851953,-0.4064639515685192,-0.23200880572372046,-0.12800770500825534,-0.19500275178866244,0.008384700055035804,-0.313145294441387,-0.2976719867914144,-0.010784259768849752,4439.752614199231,2.585410547256469
-0.3296395156851953,-0.41646395156851923,-0.23200880572372046,-0.12800770500825534,-0.19500275178866244,0.008384700055035804,-0.303145294441387,-0.3076719867914144,-0.020784259768849733,4320.752614199231,2.586062860488891
-0.3396395156851953,-0.3964639515685192,-0.23200880572372046,-0.10800770500825535,-0.19500275178866244,0.008384700055035804,-0.323145294441387,-0.2976719867914144,-0.010784259768849752,4461.752614199231,2.5890070915222125
-0.3296395156851953,-0.42646395156851924,-0.23200880572372046,-0.13800770500825535,-0.19500275178866244,0.008384700055035804,-0.313145294441387,-0.2976719867914144,-0.0007842597688497432,4552.752614199231,2.594022703170772
-0.31963951568519533,-0.42646395156851924,-0.20200880572372049,-0.12800770500825534,-0.20500275178866245,-0.0016152999449642047,-0.313145294441387,-0.2976719867914144,-0.0007842597688497432,4583.752614199231,2.5980159759521477
-0.3296395156851953,-0.43646395156851925,-0.21200880572372044,-0.10800770500825535,-0.20500275178866245,0.008384700055035804,-0.29314529444138704,-0.2976719867914144,-0.010784259768849752,4618.752614199231,2.5980159759521477
