-0.3656746358889802,-0.402039021709261,-0.16577356416597977,-0.20802693047540544,-0.22022533663094268,-0.03038197306952456,-0.2816735366859027,-0.4378015938444626,-0.033165704863973605,3394.4960153888424,0.0024775981903069066
-0.3756746358889802,-0.37203902170926106,-0.20577356416597975,-0.20802693047540544,-0.21022533663094278,-0.04038197306952457,-0.2816735366859027,-0.4278015938444626,-0.02316570486397361,3235.4960153888424,0.0024775981903069066
-0.3756746358889802,-0.36203902170926106,-0.21577356416597976,-0.23802693047540543,-0.20022533663094277,-0.04038197306952457,-0.2616735366859027,-0.3978015938444626,-0.02316570486397361,2914.4960153888424,0.006487798690798741
-0.3756746358889802,-0.3820390217092611,-0.21577356416597976,-0.22802693047540543,-0.19022533663094277,-0.04038197306952457,-0.2616735366859027,-0.3878015938444626,-0.043165704863973614,3135.4960153888424,0.010663461685179954
-0.3656746358889802,-0.3820390217092611,-0.23577356416597978,-0.22802693047540543,-0.19022533663094277,-0.04038197306952457,-0.2716735366859027,-0.3978015938444626,-0.033165704863973605,3586.4960153888424,0.01478857994079874
-0.3956746358889802,-0.39203902170926097,-0.24577356416597979,-0.21802693047540542,-0.19022533663094277,-0.04038197306952457,-0.2716735366859027,-0.4278015938444626,-0.033165704863973605,3213.4960153888424,0.015798759460448508
-0.3756746358889802,-0.37203902170926106,-0.19577356416597974,-0.22802693047540543,-0.20022533663094277,-0.04038197306952457,-0.2716735366859027,-0.40780159384446263,-0.033165704863973605,3440.4960153888424,0.019013357162478428
-0.3756746358889802,-0.33203902170926103,-0.19577356416597974,-0.23802693047540543,-0.19022533663094277,-0.05038197306952456,-0.2616735366859027,-0.4178015938444626,-0.033165704863973605,3615.4960153888424,0.022895526885982065
-0.3656746358889802,-0.37203902170926106,-0.17577356416597978,-0.21802693047540542,-0.21022533663094278,-0.04038197306952457,-0.2616735366859027,-0.4278015938444626,-0.033165704863973605,3280.4960153888424,0.027092409133910422
-0.4356746358889802,-0.37203902170926106,-0.23577356416597978,-0.22802693047540543,-0.20022533663094277,-0.04038197306952457,-0.2716735366859027,-0.40780159384446263,-0.033165704863973605,3515.4960153888424,0.028092336654662375
-0.40567463588898023,-0.37203902170926106,-0.20577356416597975,-0.23802693047540543,-0.20022533663094277,-0.05038197306952456,-0.29167353668590273,-0.3778015938444626,-0.02316570486397361,3474.4960153888424,0.031092357635493784
-0.4256746358889802,-0.36203902170926106,-0.17577356416597978,-0.22802693047540543,-0.19022533663094277,-0.04038197306952457,-0.2816735366859027,-0.3678015938444626,-0.02316570486397361,3589.4960153888424,0.036092472076415305
-0.41567463588898024,-0.35203902170926105,-0.21577356416597976,-0.21802693047540542,-0.20022533663094277,-0.03038197306952456,-0.2616735366859027,-0.3678015938444626,-0.033165704863973605,3670.4960153888424,0.03958435058593679
-0.4356746358889802,-0.36203902170926106,-0.23577356416597978,-0.19802693047540543,-0.18022533663094276,-0.04038197306952457,-0.2716735366859027,-0.3778015938444626,-0.07316570486397361,3971.4960153888424,0.03958435058593679
-0.4356746358889802,-0.34203902170926104,-0.1857735641659798,-0.22802693047540543,-0.19022533663094277,-0.03038197306952456,-0.2716735366859027,-0.3678015938444626,-0.043165704863973614,3912.4960153888424,0.04324932098388601
-0.41567463588898024,-0.35203902170926105,-0.19577356416597974,-0.21802693047540542,-0.19022533663094277,-0.020381973069524564,-0.29167353668590273,-0.3578015938444626,-0.033165704863973605,3611.4960153888424,0.04748077392578054
-0.4456746358889802,-0.36203902170926106,-0.23577356416597978,-0.21802693047540542,-0.20022533663094277,-0.03038197306952456,-0.2816735366859027,-0.3578015938444626,-0.02316570486397361,4086.4960153888424,0.05148525238037038
-0.4556746358889802,-0.36203902170926106,-0.22577356416597977,-0.22802693047540543,-0.19022533663094277,-0.04038197306952457,-0.31167353668590275,-0.3378015938444626,-0.07316570486397361,4381.496015388842,0.05248684883117605
-0.4456746358889802,-0.34203902170926104,-0.21577356416597976,-0.23802693047540543,-0.20022533663094277,-0.03038197306952456,-0.30167353668590274,-0.34780159384446263,-0.05316570486397361,4384.496015388842,0.0554854393005364
-0.4456746358889802,-0.34203902170926104,-0.22577356416597977,-0.22802693047540543,-0.20022533663094277,-0.03038197306952456,-0.3216735366859027,-0.3678015938444626,-0.05316570486397361,4273.496015388842,0.06049509048461843
-0.4456746358889802,-0.33203902170926103,-0.1857735641659798,-0.2580269304754054,-0.19022533663094277,-0.04038197306952457,-0.3316735366859027,-0.3778015938444626,-0.05316570486397361,4348.496015388842,0.06384463310241628
-0.4556746358889802,-0.34203902170926104,-0.20577356416597975,-0.22802693047540543,-0.19022533663094277,-0.04038197306952457,-0.35167353668590273,-0.3778015938444626,-0.05316570486397361,4385.496015388842,0.06781334877014089
-0.4356746358889802,-0.37203902170926106,-0.1857735641659798,-0.24802693047540542,-0.20022533663094277,-0.03038197306952456,-0.3916735366859027,-0.34780159384446263,-0.05316570486397361,4674.496015388842,0.06781334877014089
-0.4356746358889802,-0.34203902170926104,-0.15577356416597976,-0.23802693047540543,-0.2402253366309427,-0.03038197306952456,-0.3916735366859027,-0.3878015938444626,-0.05316570486397361,4619.496015388842,0.07277126312255788
-0.40567463588898023,-0.312039021709261,-0.22577356416597977,-0.22802693047540543,-0.2302253366309427,-0.020381973069524564,-0.3916735366859027,-0.3978015938444626,-0.0631657048639736,4530.496015388842,0.07675118446350027
-0.35567463588898024,-0.34203902170926104,-0.15577356416597976,-0.23802693047540543,-0.2402253366309427,-0.020381973069524564,-0.43167353668590275,-0.40780159384446263,-0.0631657048639736,4439.496015388842,0.07975931167602468
-0.34567463588898023,-0.322039021709261,-0.07577356416597975,-0.2580269304754054,-0.2302253366309427,-0.01038197306952457,-0.43167353668590275,-0.3778015938444626,-0.0631657048639736,4222.496015388842,0.07975931167602468
-0.3756746358889802,-0.302039021709261,-0.06577356416597979,-0.23802693047540543,-0.22022533663094268,-0.01038197306952457,-0.41167353668590273,-0.40780159384446263,-0.05316570486397361,4425.496015388842,0.08477230072021058
-0.3356746358889802,-0.322039021709261,-0.11577356416597978,-0.24802693047540542,-0.22022533663094268,-0.020381973069524564,-0.3916735366859027,-0.4278015938444626,-0.07316570486397361,4856.496015388842,0.08979387283324769
-0.3356746358889802,-0.302039021709261,-0.10577356416597977,-0.23802693047540543,-0.2402253366309427,-0.00038197306952456045,-0.41167353668590273,-0.4278015938444626,-0.0631657048639736,4569.496015388842,0.09278721809387136
-0.3656746358889802,-0.302039021709261,-0.10577356416597977,-0.24802693047540542,-0.2302253366309427,-0.020381973069524564,-0.41167353668590273,-0.4378015938444626,-0.0631657048639736,4394.496015388842,0.09379143714904714
-0.3856746358889802,-0.312039021709261,-0.1257735641659798,-0.2580269304754054,-0.2402253366309427,-0.020381973069524564,-0.3816735366859027,-0.4278015938444626,-0.05316570486397361,4273.496015388842,0.09686703681945374
-0.3856746358889802,-0.26203902170926097,-0.11577356416597978,-0.26802693047540543,-0.2302253366309427,-0.020381973069524564,-0.41167353668590273,-0.4478015938444626,-0.0631657048639736,4256.496015388842,0.102109622955318
-0.3656746358889802,-0.282039021709261,-0.1257735641659798,-0.24802693047540542,-0.28022533663094273,-0.01038197306952457,-0.36167353668590274,-0.40780159384446263,-0.05316570486397361,4383.496015388842,0.1051082134246819
-0.3756746358889802,-0.292039021709261,-0.1257735641659798,-0.26802693047540543,-0.2702253366309427,-0.01038197306952457,-0.4016735366859027,-0.3978015938444626,-0.05316570486397361,4112.496015388842,0.10610408782958913
-0.3656746358889802,-0.23203902170926105,-0.11577356416597978,-0.24802693047540542,-0.2702253366309427,-0.020381973069524564,-0.3816735366859027,-0.4178015938444626,-0.05316570486397361,4547.496015388842,0.10947914123535085
-0.3756746358889802,-0.20203902170926102,-0.13577356416597974,-0.2880269304754054,-0.28022533663094273,-0.020381973069524564,-0.36167353668590274,-0.4278015938444626,-0.0631657048639736,5174.496015388842,0.11342544555663991
-0.35567463588898024,-0.182039021709261,-0.10577356416597977,-0.2880269304754054,-0.28022533663094273,-0.020381973069524564,-0.3916735366859027,-0.4178015938444626,-0.0631657048639736,5079.496015388842,0.11747546195983816
-0.34567463588898023,-0.15203902170926098,-0.10577356416597977,-0.2980269304754054,-0.29022533663094274,-0.01038197306952457,-0.4016735366859027,-0.4178015938444626,-0.0631657048639736,4498.496015388842,0.11747546195983816
-0.34567463588898023,-0.19203902170926102,-0.05577356416597978,-0.2880269304754054,-0.28022533663094273,-0.020381973069524564,-0.4016735366859027,-0.4178015938444626,-0.0631657048639736,4369.496015388842,0.12195725440978933
-0.34567463588898023,-0.14203902170926097,-0.015773564165979748,-0.2880269304754054,-0.31022533663094276,-0.020381973069524564,-0.3916735366859027,-0.40780159384446263,-0.05316570486397361,4732.496015388842,0.12596912384032777
-0.3056746358889802,-0.13203902170926107,0.00422643583402027,-0.2780269304754054,-0.32022533663094277,-0.01038197306952457,-0.42167353668590274,-0.4378015938444626,-0.0631657048639736,4415.496015388842,0.12927956581116007
-0.3256746358889802,-0.14203902170926097,0.054226435834020204,-0.2780269304754054,-0.3302253366309428,0.01961802693047543,-0.4016735366859027,-0.47780159384446264,-0.033165704863973605,4512.496015388842,0.13340396881103445
-0.3156746358889802,-0.15203902170926098,0.054226435834020204,-0.2780269304754054,-0.3602253366309427,-0.00038197306952456045,-0.3816735366859027,-0.4678015938444626,-0.033165704863973605,5323.496015388842,0.13340396881103445
-0.3156746358889802,-0.13203902170926107,0.044226435834020195,-0.2580269304754054,-0.3502253366309427,0.009618026930475448,-0.43167353668590275,-0.48780159384446264,-0.05316570486397361,5190.496015388842,0.13750524520873952
-0.3056746358889802,-0.11203902170926106,0.08422643583402023,-0.26802693047540543,-0.3502253366309427,0.01961802693047543,-0.4416735366859027,-0.48780159384446264,-0.033165704863973605,4875.496015388842,0.1423520565032952
-0.28567463588898023,-0.07203902170926102,0.07422643583402022,-0.2580269304754054,-0.3602253366309427,-0.00038197306952456045,-0.43167353668590275,-0.4978015938444626,-0.043165704863973614,5086.496015388842,0.14560098648071573
-0.2556746358889802,-0.032039021709260984,0.07422643583402022,-0.2780269304754054,-0.3902253366309427,-0.00038197306952456045,-0.41167353668590273,-0.47780159384446264,-0.033165704863973605,4933.496015388842,0.14634199142455984
-0.2756746358889802,0.04796097829073909,0.12422643583402027,-0.26802693047540543,-0.42022533663094275,-0.00038197306952456045,-0.4016735366859027,-0.4978015938444626,-0.033165704863973605,5014.496015388842,0.1503407478332477
-0.2656746358889802,0.057960978290738874,0.12422643583402027,-0.3080269304754054,-0.4502253366309427,-0.01038197306952457,-0.3816735366859027,-0.48780159384446264,-0.043165704863973614,5101.496015388842,0.15434141159057546
-0.2656746358889802,0.09796097829073891,0.1642264358340202,-0.2980269304754054,-0.4502253366309427,-0.03038197306952456,-0.42167353668590274,-0.4678015938444626,-0.033165704863973605,4890.496015388842,0.15819187164306214
-0.2756746358889802,0.15796097829073896,0.1742264358340202,-0.33802693047540544,-0.4602253366309427,-0.020381973069524564,-0.37167353668590275,-0.47780159384446264,-0.033165704863973605,5497.496015388842,0.15885920524597097
-0.3256746358889802,0.16796097829073897,0.1642264358340202,-0.33802693047540544,-0.47022533663094274,-0.020381973069524564,-0.3916735366859027,-0.47780159384446264,-0.033165704863973605,5652.496015388842,0.1623751640319817
-0.3256746358889802,0.23796097829073903,0.1642264358340202,-0.34802693047540545,-0.4602253366309427,-0.01038197306952457,-0.4016735366859027,-0.5078015938444627,-0.043165704863973614,5687.496015388842,0.16738743782043386
-0.3256746358889802,0.2879609782907391,0.1742264358340202,-0.33802693047540544,-0.4502253366309427,-0.01038197306952457,-0.42167353668590274,-0.4978015938444626,-0.05316570486397361,5906.496015388842,0.17048568725585866
-0.3256746358889802,0.27796097829073907,0.1842264358340202,-0.32802693047540543,-0.48022533663094275,-0.01038197306952457,-0.4416735366859027,-0.5178015938444627,-0.05316570486397361,6291.496015388842,0.17153258323669007
-0.29567463588898024,0.26796097829073906,0.1742264358340202,-0.32802693047540543,-0.48022533663094275,-0.01038197306952457,-0.4016735366859027,-0.5178015938444627,-0.043165704863973614,6336.496015388842,0.17514724731445241
-0.3156746358889802,0.3379609782907389,0.1842264358340202,-0.32802693047540543,-0.4602253366309427,-0.01038197306952457,-0.41167353668590273,-0.4978015938444626,-0.05316570486397361,5975.496015388842,0.1785003662109368
-0.3156746358889802,0.38796097829073894,0.1642264358340202,-0.32802693047540543,-0.5202253366309427,-0.01038197306952457,-0.4416735366859027,-0.48780159384446264,-0.043165704863973614,6120.496015388842,0.1825830459594755
-0.28567463588898023,0.41796097829073897,0.1642264358340202,-0.32802693047540543,-0.5002253366309427,-0.01038197306952457,-0.43167353668590275,-0.5378015938444626,-0.0631657048639736,6379.496015388842,0.18316049575805593
-0.2356746358889802,0.39796097829073895,0.21422643583402023,-0.3080269304754054,-0.5002253366309427,0.009618026930475448,-0.4416735366859027,-0.5478015938444626,-0.05316570486397361,6520.496015388842,0.186712455749511
-0.17567463588898025,0.38796097829073894,0.2642264358340203,-0.32802693047540543,-0.49022533663094275,-0.00038197306952456045,-0.4416735366859027,-0.5378015938444626,-0.043165704863973614,6237.496015388842,0.19071145057678152
-0.16567463588898024,0.38796097829073894,0.24422643583402026,-0.33802693047540544,-0.5002253366309427,0.009618026930475448,-0.4516735366859027,-0.5578015938444626,-0.043165704863973614,6178.496015388842,0.19504685401916433
-0.18567463588898026,0.40796097829073896,0.23422643583402025,-0.33802693047540544,-0.47022533663094274,0.009618026930475448,-0.43167353668590275,-0.5578015938444626,-0.043165704863973614,6431.496015388842,0.19606895446777273
-0.14567463588898022,0.447960978290739,0.2642264358340203,-0.3180269304754054,-0.4602253366309427,0.009618026930475448,-0.47167353668590273,-0.5378015938444626,-0.05316570486397361,6492.496015388842,0.2000798702239983
-0.16567463588898024,0.467960978290739,0.3142264358340202,-0.32802693047540543,-0.4402253366309427,-0.00038197306952456045,-0.4616735366859027,-0.5578015938444626,-0.0631657048639736,6389.496015388842,0.20408339500427175
-0.14567463588898022,0.437960978290739,0.35422643583402025,-0.3180269304754054,-0.42022533663094275,0.009618026930475448,-0.49167353668590275,-0.5578015938444626,-0.05316570486397361,6814.496015388842,0.20811409950256277
-0.14567463588898022,0.40796097829073896,0.37422643583402027,-0.3180269304754054,-0.42022533663094275,-0.00038197306952456045,-0.5016735366859028,-0.5478015938444626,-0.0631657048639736,6927.496015388842,0.21140522956848073
-0.1356746358889802,0.41796097829073897,0.36422643583402026,-0.3080269304754054,-0.41022533663094274,-0.00038197306952456045,-0.47167353668590273,-0.5678015938444626,-0.07316570486397361,7366.496015388842,0.2121159553527825
-0.1356746358889802,0.41796097829073897,0.37422643583402027,-0.32802693047540543,-0.3902253366309427,-0.00038197306952456045,-0.4616735366859027,-0.5478015938444626,-0.0631657048639736,7407.496015388842,0.2155973434448235
-0.1256746358889802,0.447960978290739,0.37422643583402027,-0.33802693047540544,-0.3902253366309427,-0.00038197306952456045,-0.4616735366859027,-0.5778015938444626,-0.0631657048639736,7064.496015388842,0.2205302238464384
-0.1356746358889802,0.477960978290739,0.37422643583402027,-0.32802693047540543,-0.41022533663094274,0.009618026930475448,-0.4616735366859027,-0.5778015938444626,-0.0631657048639736,6991.496015388842,0.22392077445983816
-0.08567463588898017,0.467960978290739,0.36422643583402026,-0.34802693047540545,-0.3902253366309427,-0.00038197306952456045,-0.5116735366859028,-0.5778015938444626,-0.05316570486397361,7606.496015388842,0.22468180656433034
-0.05567463588898025,0.5179609782907391,0.35422643583402025,-0.33802693047540544,-0.3802253366309427,-0.01038197306952457,-0.5416735366859027,-0.5778015938444626,-0.07316570486397361,7309.496015388842,0.22868199348449636
-0.08567463588898017,0.477960978290739,0.4042264358340202,-0.33802693047540544,-0.3802253366309427,-0.01038197306952457,-0.5316735366859027,-0.5678015938444626,-0.05316570486397361,7304.496015388842,0.23268194198608327
-0.04567463588898024,0.477960978290739,0.3842264358340203,-0.35802693047540546,-0.3902253366309427,-0.01038197306952457,-0.5116735366859028,-0.5678015938444626,-0.0631657048639736,8013.496015388842,0.23607273101806214
-0.04567463588898024,0.40796097829073896,0.4142264358340202,-0.32802693047540543,-0.3602253366309427,-0.01038197306952457,-0.5116735366859028,-0.5678015938444626,-0.043165704863973614,7884.496015388842,0.23712034225463796
-0.08567463588898017,0.437960978290739,0.4242264358340202,-0.3180269304754054,-0.3602253366309427,-0.00038197306952456045,-0.5116735366859028,-0.5678015938444626,-0.05316570486397361,7619.496015388842,0.24061031341552663
-0.10567463588898018,0.477960978290739,0.46422643583402023,-0.33802693047540544,-0.3302253366309428,-0.00038197306952456045,-0.48167353668590274,-0.5478015938444626,-0.043165704863973614,8052.496015388842,0.24511833190917898
-0.06567463588898026,0.41796097829073897,0.49422643583402026,-0.3180269304754054,-0.3302253366309428,-0.00038197306952456045,-0.49167353668590275,-0.5378015938444626,-0.05316570486397361,8831.496015388842,0.24819226264953542
-0.06567463588898026,0.457960978290739,0.5042264358340203,-0.34802693047540545,-0.31022533663094276,-0.00038197306952456045,-0.47167353668590273,-0.5278015938444626,-0.043165704863973614,8160.496015388842,0.2492587089538567
0.004325364111019803,0.38796097829073894,0.5042264358340203,-0.3180269304754054,-0.31022533663094276,-0.01038197306952457,-0.4616735366859027,-0.5378015938444626,-0.043165704863973614,7979.496015388842,0.2523808002471917
0.004325364111019803,0.37796097829073894,0.5442264358340203,-0.2980269304754054,-0.29022533663094274,-0.01038197306952457,-0.4416735366859027,-0.5078015938444627,-0.043165704863973614,8842.496015388842,0.2563850402832024
0.014325364111019812,0.427960978290739,0.5542264358340203,-0.2980269304754054,-0.28022533663094273,-0.00038197306952456045,-0.47167353668590273,-0.5078015938444627,-0.043165704863973614,8815.496015388842,0.2610477924346881
0.02432536411101982,0.37796097829073894,0.5642264358340203,-0.3080269304754054,-0.2702253366309427,-0.01038197306952457,-0.47167353668590273,-0.48780159384446264,-0.05316570486397361,8474.496015388842,0.2612308979034381
0.02432536411101982,0.40796097829073896,0.5642264358340203,-0.2880269304754054,-0.2402253366309427,-0.01038197306952457,-0.4516735366859027,-0.47780159384446264,-0.043165704863973614,8425.496015388842,0.26507229804992605
0.004325364111019803,0.39796097829073895,0.6042264358340201,-0.2980269304754054,-0.2502253366309427,0.009618026930475448,-0.48167353668590274,-0.4578015938444626,-0.033165704863973605,8700.496015388842,0.2691516399383538
0.04432536411101984,0.38796097829073894,0.6142264358340201,-0.32802693047540543,-0.22022533663094268,-0.01038197306952457,-0.47167353668590273,-0.4978015938444626,-0.043165704863973614,8609.496015388842,0.2731518268585198
0.04432536411101984,0.37796097829073894,0.6042264358340201,-0.2780269304754054,-0.21022533663094278,0.01961802693047543,-0.49167353668590275,-0.48780159384446264,-0.02316570486397361,8788.496015388842,0.27615160942077566
0.004325364111019803,0.38796097829073894,0.6142264358340201,-0.2880269304754054,-0.18022533663094276,-0.01038197306952457,-0.4616735366859027,-0.4678015938444626,-0.033165704863973605,9257.496015388842,0.2771515369415276
0.03432536411101983,0.3679609782907389,0.6342264358340202,-0.32802693047540543,-0.17022533663094275,-0.01038197306952457,-0.43167353668590275,-0.4578015938444626,-0.02316570486397361,9260.496015388842,0.28084392547607706
0.054325364111019736,0.3579609782907389,0.6042264358340201,-0.3180269304754054,-0.17022533663094275,-0.01038197306952457,-0.41167353668590273,-0.4578015938444626,-0.02316570486397361,9273.496015388842,0.2860042572021477
0.03432536411101983,0.3279609782907389,0.6242264358340202,-0.3180269304754054,-0.14022533663094272,0.009618026930475448,-0.42167353668590274,-0.48780159384446264,-0.033165704863973605,9160.496015388842,0.28930444717407156
0.04432536411101984,0.3379609782907389,0.6142264358340201,-0.2980269304754054,-0.1302253366309427,0.01961802693047543,-0.42167353668590274,-0.48780159384446264,-0.02316570486397361,8925.496015388842,0.2901069641113274
-0.03567463588898023,0.3379609782907389,0.6442264358340202,-0.2980269304754054,-0.09022533663094268,0.03961802693047545,-0.3916735366859027,-0.4578015938444626,-0.02316570486397361,9266.496015388842,0.2931043624877958
-0.04567463588898024,0.3379609782907389,0.6042264358340201,-0.2580269304754054,-0.10022533663094269,0.03961802693047545,-0.42167353668590274,-0.4578015938444626,0.006834295136026403,9373.496015388842,0.29760308265685964
-0.04567463588898024,0.3579609782907389,0.6342264358340202,-0.2880269304754054,-0.08022533663094278,0.05961802693047544,-0.41167353668590273,-0.4578015938444626,-0.013165704863973615,9268.496015388842,0.30163807868957093
-0.04567463588898024,0.3379609782907389,0.6042264358340201,-0.26802693047540543,-0.09022533663094268,0.08961802693047544,-0.4416735366859027,-0.4578015938444626,-0.0031657048639736063,8993.496015388842,0.30163807868957093
-0.08567463588898017,0.3479609782907389,0.5642264358340203,-0.26802693047540543,-0.06022533663094276,0.09961802693047545,-0.4616735366859027,-0.4678015938444626,-0.033165704863973605,8832.496015388842,0.3056392192840569
-0.07567463588898027,0.2979609782907391,0.6042264358340201,-0.22802693047540543,-0.030225336630942734,0.09961802693047545,-0.47167353668590273,-0.4378015938444626,-0.013165704863973615,8731.496015388842,0.30969924926757386
-0.09567463588898018,0.27796097829073907,0.5742264358340203,-0.19802693047540543,-0.020225336630942725,0.12961802693047544,-0.5116735366859028,-0.4578015938444626,-0.013165704863973615,8938.496015388842,0.3141197681426995
-0.07567463588898027,0.2979609782907391,0.5942264358340201,-0.19802693047540543,-0.0002253366309427074,0.07961802693047543,-0.47167353668590273,-0.4278015938444626,-0.0031657048639736063,8753.496015388842,0.3151185035705595
-0.06567463588898026,0.26796097829073906,0.5942264358340201,-0.1780269304754054,-0.0002253366309427074,0.09961802693047545,-0.4516735366859027,-0.4578015938444626,-0.0031657048639736063,8436.496015388842,0.3177165508270221
-0.08567463588898017,0.23796097829073903,0.5842264358340203,-0.19802693047540543,0.02977466336905732,0.10961802693047543,-0.47167353668590273,-0.4378015938444626,0.006834295136026403,8233.496015388842,0.3227164268493645
-0.06567463588898026,0.24796097829073904,0.5542264358340203,-0.1680269304754054,0.03977466336905722,0.10961802693047543,-0.4516735366859027,-0.4578015938444626,-0.0031657048639736063,8354.496015388842,0.3264536380767815
-0.08567463588898017,0.21796097829073902,0.6042264358340201,-0.13802693047540543,0.059774663369057235,0.12961802693047544,-0.4616735366859027,-0.4578015938444626,-0.0031657048639736063,8133.496015388842,0.32741971015930105
-0.10567463588898018,0.207960978290739,0.5642264358340203,-0.09802693047540545,0.009774663369057301,0.16961802693047542,-0.4416735366859027,-0.40780159384446263,0.006834295136026403,7888.496015388842,0.3297681331634479
-0.07567463588898027,0.24796097829073904,0.5642264358340203,-0.1080269304754054,0.03977466336905722,0.22961802693047542,-0.49167353668590275,-0.4178015938444626,-0.013165704863973615,7427.496015388842,0.33486886024475027
-0.10567463588898018,0.2879609782907391,0.5742264358340203,-0.08802693047540544,0.049774663369057226,0.19961802693047545,-0.4516735366859027,-0.4578015938444626,-0.013165704863973615,7500.496015388842,0.3387948989868157
-0.1256746358889802,0.22796097829073902,0.5642264358340203,-0.08802693047540544,0.07977466336905725,0.2196180269304754,-0.47167353668590273,-0.4378015938444626,-0.02316570486397361,7821.496015388842,0.3420800685882561
-0.10567463588898018,0.23796097829073903,0.5642264358340203,-0.058026930475405414,0.07977466336905725,0.2196180269304754,-0.4516735366859027,-0.4478015938444626,-0.0031657048639736063,8038.496015388842,0.342795801162719
-0.07567463588898027,0.17796097829073898,0.5742264358340203,-0.028026930475405443,0.08977466336905726,0.2196180269304754,-0.4616735366859027,-0.4478015938444626,0.006834295136026403,8071.496015388842,0.3467940807342522
-0.04567463588898024,0.17796097829073898,0.5542264358340203,-0.058026930475405414,0.08977466336905726,0.20961802693047546,-0.48167353668590274,-0.4478015938444626,-0.0031657048639736063,7794.496015388842,0.3510148048400872
-0.09567463588898018,0.16796097829073897,0.5742264358340203,-0.08802693047540544,0.1397746633690573,0.17961802693047543,-0.49167353668590275,-0.4478015938444626,-0.0031657048639736063,7627.496015388842,0.3543593406677239
-0.05567463588898025,0.10796097829073892,0.5042264358340203,-0.08802693047540544,0.15977466336905732,0.20961802693047546,-0.48167353668590274,-0.4378015938444626,0.006834295136026403,6902.496015388842,0.35506720542908
-0.11567463588898019,0.11796097829073893,0.49422643583402026,-0.048026930475405405,0.14977466336905731,0.23961802693047543,-0.48167353668590274,-0.4578015938444626,0.006834295136026403,6441.496015388842,0.3594429016113274
-0.09567463588898018,0.15796097829073896,0.47422643583402024,-0.048026930475405405,0.1397746633690573,0.24961802693047544,-0.5016735366859028,-0.47780159384446264,0.016834295136026384,6846.496015388842,0.36342782974243093
-0.08567463588898017,0.15796097829073896,0.4542264358340202,-0.058026930475405414,0.17977466336905734,0.24961802693047544,-0.5016735366859028,-0.4478015938444626,0.006834295136026403,7039.496015388842,0.36640615463256765
-0.1256746358889802,0.17796097829073898,0.47422643583402024,-0.028026930475405443,0.18977466336905735,0.2596180269304754,-0.5016735366859028,-0.4278015938444626,0.026834295136026393,6700.496015388842,0.3674098968505817
-0.11567463588898019,0.15796097829073896,0.4442264358340202,-0.058026930475405414,0.19977466336905736,0.30961802693047547,-0.48167353668590274,-0.4478015938444626,0.016834295136026384,6269.496015388842,0.37141032218933034
-0.16567463588898024,0.14796097829073895,0.4542264358340202,-0.03802693047540545,0.23977466336905717,0.3296180269304755,-0.49167353668590275,-0.4178015938444626,0.0368342951360264,6376.496015388842,0.375827503204345
-0.16567463588898024,0.12796097829073894,0.3942264358340203,-0.048026930475405405,0.24977466336905718,0.3396180269304754,-0.5016735366859028,-0.4178015938444626,0.016834295136026384,6551.496015388842,0.3797149181365995
-0.15567463588898023,0.057960978290738874,0.3942264358340203,-0.048026930475405405,0.2697746633690572,0.3396180269304754,-0.48167353668590274,-0.4178015938444626,0.016834295136026384,6262.496015388842,0.3797149181365995
-0.15567463588898023,0.06796097829073888,0.3842264358340203,-0.028026930475405443,0.2697746633690572,0.3696180269304754,-0.5116735366859028,-0.4278015938444626,0.026834295136026393,6387.496015388842,0.383715105056762
-0.17567463588898025,0.06796097829073888,0.36422643583402026,0.001973069524594584,0.2997746633690572,0.3196180269304755,-0.4616735366859027,-0.4178015938444626,0.016834295136026384,6366.496015388842,0.3880850791931145
-0.15567463588898023,0.07796097829073889,0.3942264358340203,0.011973069524594593,0.30977466336905723,0.3696180269304754,-0.48167353668590274,-0.40780159384446263,0.0368342951360264,6507.496015388842,0.39173884391784597
-0.20567463588898016,0.03796097829073908,0.35422643583402025,0.011973069524594593,0.34977466336905727,0.3896180269304754,-0.4616735366859027,-0.3878015938444626,0.026834295136026393,6246.496015388842,0.392781209945678
-0.19567463588898026,0.01796097829073906,0.3942264358340203,0.021973069524594546,0.33977466336905726,0.39961802693047543,-0.4516735366859027,-0.3878015938444626,0.05683429513602639,6033.496015388842,0.39636130332946706
-0.18567463588898026,0.007960978290739051,0.4142264358340202,0.001973069524594584,0.3697746633690573,0.39961802693047543,-0.4416735366859027,-0.3678015938444626,0.04683429513602638,6480.496015388842,0.4004604339599602
-0.19567463588898026,0.02796097829073907,0.4042264358340202,0.011973069524594593,0.34977466336905727,0.43961802693047536,-0.4616735366859027,-0.34780159384446263,0.0368342951360264,6607.496015388842,0.404563379287719
-0.18567463588898026,0.01796097829073906,0.37422643583402027,0.041973069524594564,0.3897746633690573,0.42961802693047546,-0.4516735366859027,-0.34780159384446263,0.0668342951360264,6076.496015388842,0.404563379287719
-0.18567463588898026,-0.0020390217092609575,0.3842264358340203,0.011973069524594593,0.3897746633690573,0.44961802693047537,-0.4416735366859027,-0.3578015938444626,0.07683429513602638,6611.496015388842,0.4085747718811028
-0.19567463588898026,-0.032039021709260984,0.37422643583402027,0.021973069524594546,0.3897746633690573,0.4696180269304754,-0.4416735366859027,-0.34780159384446263,0.05683429513602639,6550.496015388842,0.4125747203826897
-0.20567463588898016,-0.0020390217092609575,0.3942264358340203,0.0819730695245946,0.41977466336905733,0.44961802693047537,-0.4516735366859027,-0.3578015938444626,0.0668342951360264,6985.496015388842,0.416554403305053
-0.16567463588898024,-0.052039021709261,0.3242264358340202,0.06197306952459458,0.41977466336905733,0.4896180269304754,-0.4516735366859027,-0.3578015938444626,0.04683429513602638,7038.496015388842,0.4206249237060504
-0.16567463588898024,-0.04203902170926099,0.34422643583402024,0.10197306952459462,0.43977466336905735,0.4996180269304754,-0.4416735366859027,-0.3678015938444626,0.0368342951360264,6929.496015388842,0.4206249237060504
-0.18567463588898026,-0.09203902170926104,0.34422643583402024,0.11197306952459463,0.43977466336905735,0.5296180269304754,-0.4416735366859027,-0.3778015938444626,0.026834295136026393,6932.496015388842,0.42452855110168386
-0.17567463588898025,-0.10203902170926105,0.3042264358340202,0.13197306952459453,0.45977466336905737,0.5296180269304754,-0.4516735366859027,-0.3878015938444626,0.026834295136026393,7043.496015388842,0.428877544403079
-0.20567463588898016,-0.13203902170926107,0.2942264358340202,0.17197306952459457,0.43977466336905735,0.5596180269304754,-0.4016735366859027,-0.3778015938444626,0.016834295136026384,6866.496015388842,0.4326788902282708
-0.19567463588898026,-0.12203902170926106,0.3242264358340202,0.1919730695245946,0.43977466336905735,0.5796180269304754,-0.4016735366859027,-0.3778015938444626,0.0368342951360264,6889.496015388842,0.4339003086090081
-0.14567463588898022,-0.15203902170926098,0.2842264358340202,0.1919730695245946,0.41977466336905733,0.5896180269304754,-0.42167353668590274,-0.3978015938444626,0.016834295136026384,6946.496015388842,0.43653244972228933
-0.15567463588898023,-0.13203902170926107,0.2942264358340202,0.1919730695245946,0.4697746633690574,0.6196180269304754,-0.41167353668590273,-0.3878015938444626,0.026834295136026393,7301.496015388842,0.44202346801757386
-0.15567463588898023,-0.172039021709261,0.24422643583402026,0.18197306952459458,0.43977466336905735,0.6596180269304754,-0.42167353668590274,-0.3978015938444626,0.026834295136026393,6850.496015388842,0.44462318420410085
-0.18567463588898026,-0.14203902170926097,0.24422643583402026,0.2219730695245946,0.47977466336905716,0.6696180269304755,-0.4016735366859027,-0.4178015938444626,0.0368342951360264,6625.496015388842,0.44462318420410085
-0.16567463588898024,-0.13203902170926107,0.24422643583402026,0.23197306952459462,0.47977466336905716,0.6696180269304755,-0.4616735366859027,-0.4278015938444626,0.016834295136026384,6736.496015388842,0.44964332580566335
-0.18567463588898026,-0.13203902170926107,0.25422643583402027,0.2219730695245946,0.5097746633690572,0.6296180269304754,-0.49167353668590275,-0.4278015938444626,0.006834295136026403,7471.496015388842,0.45412750244140554
-0.20567463588898016,-0.182039021709261,0.14422643583402028,0.23197306952459462,0.4997746633690572,0.6696180269304755,-0.49167353668590275,-0.4378015938444626,0.006834295136026403,7764.496015388842,0.45729417800903605
-0.19567463588898026,-0.172039021709261,0.20422643583402023,0.27197306952459455,0.5197746633690572,0.6796180269304755,-0.5216735366859027,-0.4278015938444626,-0.0031657048639736063,8029.496015388842,0.458239030838012
-0.20567463588898016,-0.21203902170926103,0.15422643583402018,0.27197306952459455,0.5197746633690572,0.6896180269304754,-0.5216735366859027,-0.4478015938444626,0.006834295136026403,7908.496015388842,0.46224422454833913
-0.20567463588898016,-0.23203902170926105,0.1842264358340202,0.26197306952459454,0.5097746633690572,0.6996180269304754,-0.5316735366859027,-0.4478015938444626,-0.033165704863973605,7819.496015388842,0.4662220001220696
-0.17567463588898025,-0.21203902170926103,0.14422643583402028,0.25197306952459453,0.5097746633690572,0.7496180269304754,-0.5316735366859027,-0.4478015938444626,-0.033165704863973605,8200.496015388842,0.4695155143737786
-0.2356746358889802,-0.172039021709261,0.10422643583402025,0.26197306952459454,0.5097746633690572,0.7596180269304754,-0.5516735366859027,-0.48780159384446264,-0.013165704863973615,8191.496015388842,0.4702388763427727
-0.20567463588898016,-0.19203902170926102,0.10422643583402025,0.25197306952459453,0.4997746633690572,0.7796180269304754,-0.5516735366859027,-0.48780159384446264,-0.02316570486397361,7976.496015388842,0.47322578430176065
-0.21567463588898017,-0.22203902170926104,0.09422643583402024,0.3019730695245946,0.5097746633690572,0.7996180269304755,-0.5316735366859027,-0.4278015938444626,-0.02316570486397361,8155.496015388842,0.47822256088256765
-0.21567463588898017,-0.22203902170926104,0.10422643583402025,0.3019730695245946,0.5097746633690572,0.8096180269304754,-0.5316735366859027,-0.47780159384446264,-0.013165704863973615,8262.496015388842,0.48176188468933034
-0.22567463588898018,-0.272039021709261,0.09422643583402024,0.3419730695245946,0.5097746633690572,0.7896180269304754,-0.5316735366859027,-0.4478015938444626,-0.013165704863973615,8273.496015388842,0.4857129573821979
-0.17567463588898025,-0.292039021709261,0.11422643583402026,0.3019730695245946,0.5397746633690572,0.7896180269304754,-0.5116735366859028,-0.4478015938444626,-0.0031657048639736063,8586.496015388842,0.48679943084716726
-0.22567463588898018,-0.312039021709261,0.12422643583402027,0.26197306952459454,0.5197746633690572,0.7796180269304754,-0.49167353668590275,-0.4178015938444626,0.006834295136026403,8967.496015388842,0.49033160209656046
-0.2556746358889802,-0.34203902170926104,0.13422643583402027,0.27197306952459455,0.4997746633690572,0.7796180269304754,-0.47167353668590273,-0.40780159384446263,0.006834295136026403,8672.496015388842,0.494408082962039
-0.29567463588898024,-0.282039021709261,0.08422643583402023,0.3119730695245946,0.5197746633690572,0.8196180269304754,-0.5216735366859027,-0.4578015938444626,-0.033165704863973605,8661.496015388842,0.49770231246947816
-0.29567463588898024,-0.302039021709261,0.08422643583402023,0.27197306952459455,0.5397746633690572,0.8296180269304754,-0.5116735366859028,-0.4478015938444626,-0.0031657048639736063,8974.496015388842,0.49840493202209046
-0.29567463588898024,-0.33203902170926103,0.044226435834020195,0.29197306952459456,0.5097746633690572,0.7896180269304754,-0.5216735366859027,-0.4178015938444626,-0.013165704863973615,9355.496015388842,0.5024048805236809
-0.3056746358889802,-0.292039021709261,0.07422643583402022,0.29197306952459456,0.5397746633690572,0.8196180269304754,-0.5416735366859027,-0.4678015938444626,-0.02316570486397361,9072.496015388842,0.5069572448730462
-0.3356746358889802,-0.282039021709261,0.09422643583402024,0.3019730695245946,0.5297746633690572,0.7796180269304754,-0.5416735366859027,-0.4278015938444626,0.0368342951360264,8741.496015388842,0.5102297782897942
-0.3356746358889802,-0.302039021709261,0.10422643583402025,0.3219730695245946,0.5197746633690572,0.7796180269304754,-0.5016735366859028,-0.3978015938444626,0.006834295136026403,8984.496015388842,0.5109674453735309
-0.34567463588898023,-0.292039021709261,0.08422643583402023,0.3219730695245946,0.5397746633690572,0.7696180269304754,-0.49167353668590275,-0.4178015938444626,0.016834295136026384,9117.496015388842,0.5145315647125237
-0.35567463588898024,-0.312039021709261,0.09422643583402024,0.3519730695245946,0.5497746633690572,0.7996180269304755,-0.4616735366859027,-0.4278015938444626,-0.0031657048639736063,9350.496015388842,0.5194181919097893
-0.3356746358889802,-0.292039021709261,0.044226435834020195,0.3319730695245946,0.5497746633690572,0.7996180269304755,-0.48167353668590274,-0.3778015938444626,-0.013165704863973615,8921.496015388842,0.5225641250610344
-0.34567463588898023,-0.282039021709261,0.06422643583402021,0.3219730695245946,0.5497746633690572,0.7996180269304755,-0.4516735366859027,-0.4178015938444626,-0.033165704863973605,9162.496015388842,0.5225641250610344
-0.3256746358889802,-0.292039021709261,0.08422643583402023,0.3119730695245946,0.5397746633690572,0.7596180269304754,-0.43167353668590275,-0.4178015938444626,0.006834295136026403,9057.496015388842,0.527607870101928
-0.34567463588898023,-0.282039021709261,0.034226435834020186,0.29197306952459456,0.5897746633690573,0.8096180269304754,-0.43167353668590275,-0.3778015938444626,0.0368342951360264,9148.496015388842,0.5316352367401116
-0.34567463588898023,-0.292039021709261,0.034226435834020186,0.28197306952459456,0.5697746633690572,0.7796180269304754,-0.36167353668590274,-0.3578015938444626,0.04683429513602638,9837.496015388842,0.5348963260650628
-0.3756746358889802,-0.292039021709261,0.07422643583402022,0.3319730695245946,0.5297746633690572,0.7496180269304754,-0.36167353668590274,-0.3778015938444626,0.0668342951360264,9852.496015388842,0.5356351852416985
-0.35567463588898024,-0.312039021709261,0.024226435834020288,0.3319730695245946,0.5097746633690572,0.7696180269304754,-0.37167353668590275,-0.3678015938444626,0.05683429513602639,9901.496015388842,0.539635133743289
-0.34567463588898023,-0.292039021709261,0.06422643583402021,0.3719730695245945,0.5397746633690572,0.7396180269304754,-0.36167353668590274,-0.3778015938444626,0.05683429513602639,9626.496015388842,0.5436355590820305
-0.3756746358889802,-0.33203902170926103,0.07422643583402022,0.3719730695245945,0.5597746633690572,0.7096180269304754,-0.41167353668590273,-0.34780159384446263,0.026834295136026393,9231.496015388842,0.5477642536163323
-0.35567463588898024,-0.302039021709261,0.024226435834020288,0.3219730695245946,0.5797746633690573,0.7396180269304754,-0.35167353668590273,-0.3378015938444626,0.0368342951360264,9418.496015388842,0.5477642536163323
-0.34567463588898023,-0.322039021709261,0.024226435834020288,0.3519730695245946,0.5797746633690573,0.6996180269304754,-0.3916735366859027,-0.3178015938444626,0.026834295136026393,9859.496015388842,0.551413965225219
-0.29567463588898024,-0.312039021709261,0.10422643583402025,0.3219730695245946,0.5897746633690573,0.6696180269304755,-0.31167353668590275,-0.2978015938444626,0.04683429513602638,9712.496015388842,0.5555350303649895
-0.28567463588898023,-0.36203902170926106,0.12422643583402027,0.3619730695245946,0.6097746633690573,0.6696180269304755,-0.2616735366859027,-0.2778015938444626,0.07683429513602638,9775.496015388842,0.5606171607971184
-0.3056746358889802,-0.34203902170926104,0.08422643583402023,0.3419730695245946,0.5997746633690573,0.6496180269304754,-0.24167353668590275,-0.2478015938444626,0.10683429513602638,9470.496015388842,0.5626594543457024
-0.34567463588898023,-0.282039021709261,0.07422643583402022,0.3419730695245946,0.6097746633690573,0.6696180269304755,-0.25167353668590275,-0.21780159384446263,0.08683429513602639,9445.496015388842,0.5637273311614983
-0.3256746358889802,-0.272039021709261,0.07422643583402022,0.29197306952459456,0.6097746633690573,0.6496180269304754,-0.24167353668590275,-0.21780159384446263,0.10683429513602638,9756.496015388842,0.5677284717559807
-0.3256746358889802,-0.24203902170926106,0.08422643583402023,0.27197306952459455,0.6297746633690573,0.6796180269304755,-0.1816735366859027,-0.22780159384446264,0.1368342951360264,9797.496015388842,0.5727872371673577
-0.3156746358889802,-0.20203902170926102,0.07422643583402022,0.26197306952459454,0.5997746633690573,0.6996180269304754,-0.16167353668590267,-0.20780159384446262,0.1368342951360264,9622.496015388842,0.5760499954223626
-0.35567463588898024,-0.14203902170926097,0.06422643583402021,0.24197306952459452,0.5997746633690573,0.6396180269304754,-0.14167353668590277,-0.21780159384446263,0.1968342951360264,9473.496015388842,0.576766920089721
-0.3856746358889802,-0.12203902170926106,0.06422643583402021,0.2019730695245946,0.6697746633690573,0.6596180269304754,-0.12167353668590275,-0.16780159384446258,0.22683429513602638,10004.496015388842,0.5797862529754632
-0.3656746358889802,-0.12203902170926106,0.054226435834020204,0.17197306952459457,0.6297746633690573,0.6996180269304754,-0.12167353668590275,-0.12780159384446266,0.2468342951360264,9887.496015388842,0.584395360946651
-0.3256746358889802,-0.14203902170926097,0.024226435834020288,0.17197306952459457,0.5897746633690573,0.6696180269304755,-0.16167353668590267,-0.16780159384446258,0.23683429513602638,9666.496015388842,0.5877301216125481
-0.34567463588898023,-0.14203902170926097,0.034226435834020186,0.17197306952459457,0.6297746633690573,0.6196180269304754,-0.09167353668590272,-0.10780159384446264,0.2668342951360264,9631.496015388842,0.5887338638305657
-0.3356746358889802,-0.14203902170926097,0.08422643583402023,0.16197306952459456,0.6297746633690573,0.5996180269304754,-0.05167353668590269,-0.07780159384446261,0.2668342951360264,9020.496015388842,0.5927817344665556
-0.3156746358889802,-0.21203902170926103,0.044226435834020195,0.2019730695245946,0.6497746633690573,0.5996180269304754,-0.04167353668590268,-0.09780159384446263,0.2568342951360264,8903.496015388842,0.5971886634826618
-0.3256746358889802,-0.21203902170926103,0.08422643583402023,0.17197306952459457,0.6397746633690573,0.6396180269304754,-0.0716735366859027,-0.09780159384446263,0.2968342951360264,9010.496015388842,0.6011671543121295
-0.28567463588898023,-0.172039021709261,0.09422643583402024,0.16197306952459456,0.6197746633690573,0.6496180269304754,-0.05167353668590269,-0.047801593844462587,0.2968342951360264,9247.496015388842,0.6011671543121295
-0.3056746358889802,-0.11203902170926106,0.1742264358340202,0.17197306952459457,0.6297746633690573,0.6096180269304754,-0.09167353668590272,-0.02780159384446257,0.3268342951360264,9320.496015388842,0.6047005176544182
-0.3356746358889802,-0.06203902170926101,0.15422643583402018,0.17197306952459457,0.6397746633690573,0.5896180269304754,-0.05167353668590269,-0.047801593844462587,0.33683429513602636,9137.496015388842,0.6091758728027301
-0.3356746358889802,-0.052039021709261,0.19422643583402022,0.11197306952459463,0.6497746633690573,0.6096180269304754,-0.0616735366859027,0.002198406155537347,0.3168342951360264,9034.496015388842,0.613179159164428
-0.29567463588898024,-0.07203902170926102,0.1742264358340202,0.0819730695245946,0.6497746633690573,0.5996180269304754,-0.04167353668590268,0.002198406155537347,0.3568342951360264,9165.496015388842,0.613179159164428
-0.3056746358889802,-0.052039021709261,0.1842264358340202,0.0819730695245946,0.6397746633690573,0.5696180269304754,-0.09167353668590272,0.032198406155537374,0.3768342951360264,9278.496015388842,0.6175066947937005
-0.29567463588898024,-0.022039021709260975,0.15422643583402018,0.14197306952459454,0.5797746633690573,0.5596180269304754,-0.03167353668590278,0.05219840615553739,0.42683429513602644,9147.496015388842,0.6210655689239495
-0.28567463588898023,0.01796097829073906,0.1842264358340202,0.10197306952459462,0.5697746633690572,0.6096180269304754,-0.03167353668590278,0.0621984061555374,0.41683429513602643,8776.496015388842,0.6256103038787835
-0.28567463588898023,0.06796097829073888,0.21422643583402023,0.06197306952459458,0.6197746633690573,0.5396180269304754,-0.0016735366859027545,0.04219840615553738,0.46683429513602637,8631.496015388842,0.6292986392974846
-0.2756746358889802,0.10796097829073892,0.23422643583402025,0.09197306952459461,0.5997746633690573,0.5196180269304754,-0.03167353668590278,0.08219840615553742,0.46683429513602637,8670.496015388842,0.6300351142883294
-0.3356746358889802,0.16796097829073897,0.23422643583402025,0.05197306952459457,0.5897746633690573,0.5096180269304754,0.018326463314097263,0.10219840615553744,0.4868342951360264,9017.496015388842,0.6341347217559807
-0.3256746358889802,0.187960978290739,0.23422643583402025,0.041973069524594564,0.5997746633690573,0.5196180269304754,0.0583264633140973,0.0621984061555374,0.4868342951360264,9176.496015388842,0.6382748603820794
-0.3156746358889802,0.187960978290739,0.22422643583402024,0.001973069524594584,0.5697746633690572,0.5296180269304754,0.09832646331409722,0.09219840615553743,0.4968342951360264,8891.496015388842,0.6417920112609821
-0.35567463588898024,0.2879609782907391,0.20422643583402023,0.05197306952459457,0.5597746633690572,0.5096180269304754,0.08832646331409733,0.09219840615553743,0.5168342951360264,8820.496015388842,0.6417920112609821
-0.29567463588898024,0.27796097829073907,0.22422643583402024,0.011973069524594593,0.5297746633690572,0.4796180269304754,0.08832646331409733,0.12219840615553734,0.5368342951360264,8393.496015388842,0.6468214511871295
-0.2756746358889802,0.2879609782907391,0.2642264358340203,0.021973069524594546,0.5197746633690572,0.4996180269304754,0.10832646331409723,0.08219840615553742,0.5268342951360264,8042.496015388842,0.64943881034851
-0.2556746358889802,0.26796097829073906,0.24422643583402026,0.021973069524594546,0.4897746633690572,0.5196180269304754,0.08832646331409733,0.13219840615553735,0.5468342951360264,7955.496015388842,0.6538626670837395
-0.28567463588898023,0.3379609782907389,0.2842264358340202,-0.008026930475405425,0.4897746633690572,0.4896180269304754,0.06832646331409731,0.13219840615553735,0.5368342951360264,8190.496015388842,0.6549148082733147
-0.2556746358889802,0.3579609782907389,0.2842264358340202,0.001973069524594584,0.45977466336905737,0.4996180269304754,0.08832646331409733,0.12219840615553734,0.5568342951360263,8423.496015388842,0.6581360816955595
-0.2456746358889802,0.3479609782907389,0.3042264358340202,-0.028026930475405443,0.47977466336905716,0.4896180269304754,0.11832646331409724,0.09219840615553743,0.5468342951360264,8594.496015388842,0.6632799625396757
-0.2656746358889802,0.3679609782907389,0.3142264358340202,0.011973069524594593,0.45977466336905737,0.4796180269304754,0.10832646331409723,0.13219840615553735,0.5768342951360264,8619.496015388842,0.6665513038635247
-0.2456746358889802,0.3579609782907389,0.3242264358340202,-0.03802693047540545,0.4697746633690574,0.4896180269304754,0.12832646331409725,0.15219840615553737,0.5868342951360264,8988.496015388842,0.6665513038635247
-0.21567463588898017,0.3479609782907389,0.3142264358340202,-0.03802693047540545,0.45977466336905737,0.4796180269304754,0.13832646331409726,0.16219840615553738,0.5768342951360264,8955.496015388842,0.6709095954895048
-0.20567463588898016,0.3379609782907389,0.3842264358340203,-0.058026930475405414,0.43977466336905735,0.44961802693047537,0.11832646331409724,0.1921984061555374,0.5668342951360263,8644.496015388842,0.6750566482543938
-0.19567463588898026,0.3679609782907389,0.3942264358340203,-0.08802693047540544,0.44977466336905736,0.44961802693047537,0.14832646331409727,0.1821984061555374,0.5668342951360263,8673.496015388842,0.6790568351745598
-0.20567463588898016,0.3579609782907389,0.3842264358340203,-0.09802693047540545,0.45977466336905737,0.41961802693047545,0.1783264633140973,0.15219840615553737,0.5768342951360264,8676.496015388842,0.6790568351745598
-0.15567463588898023,0.3579609782907389,0.4342264358340202,-0.1080269304754054,0.44977466336905736,0.42961802693047546,0.1883264633140973,0.14219840615553736,0.5768342951360264,8355.496015388842,0.6820566177368157
-0.18567463588898026,0.3279609782907389,0.46422643583402023,-0.09802693047540545,0.41977466336905733,0.43961802693047536,0.15832646331409728,0.14219840615553736,0.5868342951360264,8328.496015388842,0.6870569705963163
-0.14567463588898022,0.3579609782907389,0.4142264358340202,-0.11802693047540541,0.42977466336905734,0.43961802693047536,0.14832646331409727,0.1721984061555374,0.5868342951360264,8289.496015388842,0.6908921718597405
-0.1256746358889802,0.3079609782907389,0.49422643583402026,-0.09802693047540545,0.42977466336905734,0.39961802693047543,0.13832646331409726,0.2021984061555374,0.5768342951360264,8354.496015388842,0.6919526576995843
-0.11567463588898019,0.3579609782907389,0.4342264358340202,-0.12802693047540542,0.44977466336905736,0.40961802693047544,0.12832646331409725,0.24219840615553734,0.5568342951360263,8893.496015388842,0.6958715438842802
-0.09567463588898018,0.3479609782907389,0.4542264358340202,-0.11802693047540541,0.41977466336905733,0.40961802693047544,0.11832646331409724,0.22219840615553743,0.5868342951360264,8868.496015388842,0.6997375011444085
-0.09567463588898018,0.3579609782907389,0.4342264358340202,-0.13802693047540543,0.41977466336905733,0.41961802693047545,0.09832646331409722,0.24219840615553734,0.6068342951360264,9131.496015388842,0.7034234523773186
-0.07567463588898027,0.3479609782907389,0.47422643583402024,-0.15802693047540545,0.43977466336905735,0.3796180269304754,0.09832646331409722,0.23219840615553744,0.5768342951360264,8946.496015388842,0.70701355934143
-0.09567463588898018,0.3579609782907389,0.49422643583402026,-0.15802693047540545,0.43977466336905735,0.39961802693047543,0.07832646331409732,0.21219840615553742,0.5568342951360263,8863.496015388842,0.7080616474151604
-0.06567463588898026,0.3279609782907389,0.5242264358340203,-0.15802693047540545,0.42977466336905734,0.4596180269304754,0.11832646331409724,0.1921984061555374,0.5868342951360264,8342.496015388842,0.7120623111724846
-0.05567463588898025,0.3479609782907389,0.48422643583402025,-0.1680269304754054,0.43977466336905735,0.44961802693047537,0.10832646331409723,0.1821984061555374,0.6068342951360264,8471.496015388842,0.7155827999114983
-0.03567463588898023,0.3279609782907389,0.48422643583402025,-0.1680269304754054,0.43977466336905735,0.43961802693047536,0.11832646331409724,0.1821984061555374,0.6268342951360264,9506.496015388842,0.7198125839233391
0.004325364111019803,0.37796097829073894,0.49422643583402026,-0.14802693047540544,0.43977466336905735,0.43961802693047536,0.11832646331409724,0.1921984061555374,0.6468342951360264,9569.496015388842,0.7198125839233391
0.014325364111019812,0.3279609782907389,0.5042264358340203,-0.13802693047540543,0.41977466336905733,0.43961802693047536,0.12832646331409725,0.2021984061555374,0.6368342951360264,9526.496015388842,0.723511886596679
0.03432536411101983,0.3079609782907389,0.48422643583402025,-0.20802693047540544,0.42977466336905734,0.4596180269304754,0.14832646331409727,0.2021984061555374,0.6368342951360264,9209.496015388842,0.7280988216400104
-0.015674635888980215,0.27796097829073907,0.5242264358340203,-0.20802693047540544,0.45977466336905737,0.43961802693047536,0.15832646331409728,0.23219840615553744,0.6568342951360264,8968.496015388842,0.7313594341278069
0.02432536411101982,0.27796097829073907,0.5642264358340203,-0.1780269304754054,0.43977466336905735,0.4596180269304754,0.1783264633140973,0.1821984061555374,0.6468342951360264,9547.496015388842,0.7320980548858635
0.004325364111019803,0.2879609782907391,0.5542264358340203,-0.18802693047540542,0.42977466336905734,0.42961802693047546,0.1883264633140973,0.1821984061555374,0.6768342951360264,9554.496015388842,0.7367500782012897
-0.015674635888980215,0.24796097829073904,0.5642264358340203,-0.18802693047540542,0.41977466336905733,0.44961802693047537,0.15832646331409728,0.22219840615553743,0.6968342951360263,9305.496015388842,0.7410270690917997
0.004325364111019803,0.27796097829073907,0.5542264358340203,-0.18802693047540542,0.42977466336905734,0.42961802693047546,0.25832646331409725,0.2021984061555374,0.6968342951360263,9450.496015388842,0.743529033660888
0.004325364111019803,0.26796097829073906,0.5942264358340201,-0.18802693047540542,0.3997746633690573,0.44961802693047537,0.25832646331409725,0.21219840615553742,0.7068342951360264,9927.496015388842,0.7445458889007597
-0.03567463588898023,0.3279609782907389,0.5542264358340203,-0.18802693047540542,0.4097746633690573,0.43961802693047536,0.24832646331409725,0.25219840615553735,0.7568342951360264,10230.496015388842,0.748550367355346
-0.025674635888980224,0.3379609782907389,0.5242264358340203,-0.1780269304754054,0.3997746633690573,0.4696180269304754,0.24832646331409725,0.26219840615553736,0.7568342951360264,10123.496015388842,0.7525298118591301
-0.03567463588898023,0.3379609782907389,0.5242264358340203,-0.1780269304754054,0.3997746633690573,0.41961802693047545,0.24832646331409725,0.26219840615553736,0.7668342951360264,9538.496015388842,0.7565457344055204
-0.04567463588898024,0.2979609782907391,0.5442264358340203,-0.1780269304754054,0.3997746633690573,0.40961802693047544,0.25832646331409725,0.2821984061555374,0.7968342951360264,9975.496015388842,0.7575456619262688
-0.03567463588898023,0.25796097829073905,0.5242264358340203,-0.1780269304754054,0.43977466336905735,0.3796180269304754,0.26832646331409726,0.2821984061555374,0.8268342951360264,10124.496015388842,0.7610587596893303
-0.05567463588898025,0.17796097829073898,0.5042264358340203,-0.1680269304754054,0.43977466336905735,0.3896180269304754,0.23832646331409724,0.2921984061555374,0.8468342951360264,9515.496015388842,0.7650606155395501
-0.04567463588898024,0.197960978290739,0.4542264358340202,-0.12802693047540542,0.42977466336905734,0.39961802693047543,0.22832646331409723,0.3421984061555374,0.8468342951360264,9650.496015388842,0.7690777301788358
-0.05567463588898025,0.16796097829073897,0.5042264358340203,-0.13802693047540543,0.42977466336905734,0.40961802693047544,0.24832646331409725,0.3321984061555374,0.8468342951360264,9777.496015388842,0.7723290443420403
-0.07567463588898027,0.17796097829073898,0.5042264358340203,-0.12802693047540542,0.4097746633690573,0.3596180269304754,0.27832646331409727,0.3021984061555374,0.8368342951360264,10072.496015388842,0.7723290443420403
-0.08567463588898017,0.207960978290739,0.5042264358340203,-0.13802693047540543,0.44977466336905736,0.3196180269304755,0.26832646331409726,0.3221984061555374,0.8468342951360264,10207.496015388842,0.7777952671051018
-0.10567463588898018,0.17796097829073898,0.48422643583402025,-0.12802693047540542,0.43977466336905735,0.28961802693047545,0.2983264633140973,0.3121984061555374,0.8668342951360264,10150.496015388842,0.78092713356018
-0.08567463588898017,0.16796097829073897,0.4542264358340202,-0.12802693047540542,0.43977466336905735,0.29961802693047546,0.2883264633140973,0.2921984061555374,0.8868342951360264,9967.496015388842,0.7846216678619378
-0.07567463588898027,0.13796097829073894,0.46422643583402023,-0.13802693047540543,0.4997746633690572,0.3196180269304755,0.3283264633140973,0.2821984061555374,0.8768342951360264,9850.496015388842,0.7846216678619378
-0.11567463588898019,0.0879609782907389,0.47422643583402024,-0.12802693047540542,0.5197746633690572,0.28961802693047545,0.3283264633140973,0.3121984061555374,0.8568342951360264,10017.496015388842,0.7891227722167997
-0.11567463588898019,0.17796097829073898,0.48422643583402025,-0.1080269304754054,0.4997746633690572,0.3196180269304755,0.3383264633140973,0.3121984061555374,0.8868342951360264,10028.496015388842,0.7934247970581048
-0.14567463588898022,0.13796097829073894,0.48422643583402025,-0.1080269304754054,0.4997746633690572,0.30961802693047547,0.3283264633140973,0.3321984061555374,0.8868342951360264,10009.496015388842,0.7975048542022698
-0.16567463588898024,0.13796097829073894,0.4442264358340202,-0.13802693047540543,0.5097746633690572,0.3296180269304755,0.3183264633140973,0.36219840615553744,0.9068342951360264,10042.496015388842,0.7975048542022698
-0.11567463588898019,0.11796097829073893,0.4442264358340202,-0.1080269304754054,0.47977466336905716,0.3596180269304754,0.2983264633140973,0.35219840615553744,0.9068342951360264,9841.496015388842,0.8015267372131305
-0.1356746358889802,0.06796097829073888,0.4242264358340202,-0.1080269304754054,0.4997746633690572,0.3396180269304754,0.37832646331409736,0.35219840615553744,0.9068342951360264,9354.496015388842,0.8054937839508085
-0.1256746358889802,0.04796097829073909,0.4342264358340202,-0.07802693047540543,0.47977466336905716,0.3396180269304754,0.36832646331409735,0.35219840615553744,0.9268342951360264,9509.496015388842,0.8090791225433307
-0.1356746358889802,0.007960978290739051,0.37422643583402027,-0.1080269304754054,0.4997746633690572,0.3596180269304754,0.4483264633140972,0.35219840615553744,0.8868342951360264,9764.496015388842,0.8101408004760771
-0.17567463588898025,0.02796097829073907,0.34422643583402024,-0.07802693047540543,0.47977466336905716,0.3196180269304755,0.3983264633140974,0.37219840615553745,0.9368342951360265,9693.496015388842,0.8131689548492425
-0.18567463588898026,-0.012039021709260966,0.34422643583402024,-0.07802693047540543,0.4897746633690572,0.3296180269304755,0.38832646331409737,0.4121984061555375,0.9068342951360264,9768.496015388842,0.8176354885101276
-0.16567463588898024,-0.012039021709260966,0.3242264358340202,-0.14802693047540544,0.5297746633690572,0.29961802693047546,0.36832646331409735,0.4121984061555375,0.8968342951360264,9803.496015388842,0.8218445301055901
-0.20567463588898016,-0.0020390217092609575,0.37422643583402027,-0.1080269304754054,0.5297746633690572,0.30961802693047547,0.38832646331409737,0.4321984061555373,0.8768342951360264,9840.496015388842,0.8231570243835442
-0.18567463588898026,0.007960978290739051,0.37422643583402027,-0.1080269304754054,0.5097746633690572,0.3296180269304755,0.38832646331409737,0.4121984061555375,0.8568342951360264,10057.496015388842,0.8261827945709221
-0.18567463588898026,-0.022039021709260975,0.3142264358340202,-0.06802693047540542,0.4997746633690572,0.3596180269304754,0.40832646331409717,0.4221984061555375,0.9168342951360264,9682.496015388842,0.83018250465393
-0.19567463588898026,0.01796097829073906,0.3242264358340202,-0.058026930475405414,0.4997746633690572,0.3696180269304754,0.37832646331409736,0.4621984061555373,0.8868342951360264,9773.496015388842,0.8342492103576618
-0.19567463588898026,-0.012039021709260966,0.3242264358340202,-0.09802693047540545,0.5097746633690572,0.3696180269304754,0.35832646331409734,0.49219840615553734,0.8868342951360264,9910.496015388842,0.838141632080081
-0.16567463588898024,-0.052039021709261,0.33422643583402023,-0.06802693047540542,0.5097746633690572,0.3896180269304754,0.36832646331409735,0.4621984061555373,0.9268342951360264,10101.496015388842,0.8391878128051751
-0.20567463588898016,-0.07203902170926102,0.34422643583402024,-0.058026930475405414,0.5197746633690572,0.3896180269304754,0.36832646331409735,0.48219840615553733,0.8968342951360264,9686.496015388842,0.8418287754058831
-0.22567463588898018,-0.09203902170926104,0.3142264358340202,-0.008026930475405425,0.47977466336905716,0.3896180269304754,0.3983264633140974,0.4521984061555373,0.8968342951360264,9765.496015388842,0.8463894844055204
-0.22567463588898018,-0.12203902170926106,0.24422643583402026,-0.008026930475405425,0.47977466336905716,0.3896180269304754,0.35832646331409734,0.4321984061555373,0.9268342951360264,9518.496015388842,0.8503725051879876
-0.29567463588898024,-0.10203902170926105,0.24422643583402026,-0.018026930475405434,0.4897746633690572,0.40961802693047544,0.3383264633140973,0.4421984061555373,0.9168342951360264,9717.496015388842,0.8503725051879876
-0.3356746358889802,-0.07203902170926102,0.2742264358340203,0.011973069524594593,0.4897746633690572,0.3896180269304754,0.3183264633140973,0.4121984061555375,0.8968342951360264,9448.496015388842,0.8543650627136223
-0.34567463588898023,-0.12203902170926106,0.21422643583402023,0.021973069524594546,0.4997746633690572,0.39961802693047543,0.36832646331409735,0.39219840615553747,0.9168342951360264,9577.496015388842,0.8586298942565911
-0.3156746358889802,-0.15203902170926098,0.24422643583402026,0.011973069524594593,0.4997746633690572,0.41961802693047545,0.36832646331409735,0.38219840615553746,0.9468342951360265,9724.496015388842,0.8624746322631829
-0.2756746358889802,-0.162039021709261,0.22422643583402024,0.021973069524594546,0.5197746633690572,0.44961802693047537,0.3983264633140974,0.3421984061555374,0.9268342951360264,9417.496015388842,0.8635248661041288
-0.2656746358889802,-0.15203902170926098,0.24422643583402026,0.001973069524594584,0.5597746633690572,0.42961802693047546,0.40832646331409717,0.3421984061555374,0.9468342951360265,9348.496015388842,0.8670005321502678
-0.2656746358889802,-0.15203902170926098,0.21422643583402023,0.011973069524594593,0.5497746633690572,0.44961802693047537,0.38832646331409737,0.3421984061555374,0.9368342951360265,9583.496015388842,0.8721756458282464
-0.2456746358889802,-0.13203902170926107,0.24422643583402026,0.021973069524594546,0.5297746633690572,0.40961802693047544,0.4183264633140972,0.3121984061555374,0.9768342951360265,9886.496015388842,0.8742832660675042
-0.22567463588898018,-0.162039021709261,0.23422643583402025,0.001973069524594584,0.5497746633690572,0.39961802693047543,0.35832646331409734,0.35219840615553744,0.9368342951360265,9425.496015388842,0.8753985881805448
-0.22567463588898018,-0.20203902170926102,0.24422643583402026,-0.008026930475405425,0.5697746633690572,0.39961802693047543,0.4183264633140972,0.3321984061555374,0.9168342951360264,9640.496015388842,0.8796813011169426
-0.2556746358889802,-0.19203902170926102,0.22422643583402024,0.021973069524594546,0.5897746633690573,0.40961802693047544,0.4183264633140972,0.3021984061555374,0.8768342951360264,10089.496015388842,0.8836781501769977
-0.2556746358889802,-0.172039021709261,0.20422643583402023,-0.028026930475405443,0.6297746633690573,0.4596180269304754,0.35832646331409734,0.3021984061555374,0.8868342951360264,10210.496015388842,0.887386751174926
-0.2356746358889802,-0.21203902170926103,0.1742264358340202,0.011973069524594593,0.6097746633690573,0.4696180269304754,0.36832646331409735,0.3121984061555374,0.8868342951360264,10643.496015388842,0.8881153583526604
-0.2556746358889802,-0.24203902170926106,0.1742264358340202,0.041973069524594564,0.5797746633690573,0.4896180269304754,0.37832646331409736,0.3021984061555374,0.8768342951360264,10134.496015388842,0.8916649341583245
-0.2456746358889802,-0.21203902170926103,0.19422643583402022,0.011973069524594593,0.6097746633690573,0.5096180269304754,0.40832646331409717,0.26219840615553736,0.9268342951360264,9925.496015388842,0.89663119316101
-0.2456746358889802,-0.24203902170926106,0.22422643583402024,0.031973069524594555,0.6397746633690573,0.5096180269304754,0.34832646331409733,0.27219840615553736,0.9268342951360264,9304.496015388842,0.8997220516204827
-0.2456746358889802,-0.25203902170926107,0.23422643583402025,0.041973069524594564,0.6397746633690573,0.5396180269304754,0.3083264633140973,0.25219840615553735,0.9068342951360264,9503.496015388842,0.9006287574768059
-0.2756746358889802,-0.24203902170926106,0.22422643583402024,0.05197306952459457,0.6097746633690573,0.5596180269304754,0.2983264633140973,0.24219840615553734,0.8968342951360264,9854.496015388842,0.903440189361568
-0.2356746358889802,-0.272039021709261,0.22422643583402024,0.041973069524594564,0.6197746633690573,0.5996180269304754,0.3083264633140973,0.2921984061555374,0.8268342951360264,9505.496015388842,0.9082757949829094
-0.22567463588898018,-0.23203902170926105,0.1842264358340202,0.07197306952459459,0.5997746633690573,0.6096180269304754,0.2883264633140973,0.26219840615553736,0.8668342951360264,9592.496015388842,0.9125370502471917
-0.2356746358889802,-0.26203902170926097,0.1742264358340202,0.0819730695245946,0.6097746633690573,0.6196180269304754,0.26832646331409726,0.24219840615553734,0.8768342951360264,9917.496015388842,0.9153258323669426
-0.2456746358889802,-0.24203902170926106,0.15422643583402018,0.06197306952459458,0.6597746633690573,0.5996180269304754,0.24832646331409725,0.23219840615553744,0.7868342951360264,10436.496015388842,0.9163245677947991
-0.2456746358889802,-0.22203902170926104,0.20422643583402023,0.07197306952459459,0.6397746633690573,0.5996180269304754,0.26832646331409726,0.26219840615553736,0.8268342951360264,10257.496015388842,0.9203319072723382
-0.28567463588898023,-0.22203902170926104,0.1642264358340202,0.07197306952459459,0.6197746633690573,0.6196180269304754,0.24832646331409725,0.22219840615553743,0.8868342951360264,10346.496015388842,0.9244291305541985
-0.29567463588898024,-0.182039021709261,0.1642264358340202,0.06197306952459458,0.6697746633690573,0.5496180269304755,0.22832646331409723,0.24219840615553734,0.8168342951360263,10261.496015388842,0.9279851436614983
-0.3056746358889802,-0.22203902170926104,0.1642264358340202,0.10197306952459462,0.6397746633690573,0.5796180269304754,0.20832646331409732,0.1921984061555374,0.8468342951360264,9860.496015388842,0.9279851436614983
-0.3156746358889802,-0.24203902170926106,0.12422643583402027,0.12197306952459452,0.6397746633690573,0.6296180269304754,0.20832646331409732,0.1921984061555374,0.8068342951360263,9771.496015388842,0.9324457168579094
-0.3056746358889802,-0.24203902170926106,0.13422643583402027,0.12197306952459452,0.5897746633690573,0.6596180269304754,0.20832646331409732,0.1721984061555374,0.7968342951360264,9878.496015388842,0.9363088130950921
-0.29567463588898024,-0.25203902170926107,0.10422643583402025,0.12197306952459452,0.5897746633690573,0.6496180269304754,0.1983264633140973,0.15219840615553737,0.7868342951360264,9899.496015388842,0.9397062778472893
-0.28567463588898023,-0.272039021709261,0.09422643583402024,0.17197306952459457,0.5997746633690573,0.6796180269304755,0.1883264633140973,0.14219840615553736,0.7368342951360264,9948.496015388842,0.940754842758178
-0.29567463588898024,-0.292039021709261,0.06422643583402021,0.17197306952459457,0.5997746633690573,0.6496180269304754,0.15832646331409728,0.15219840615553737,0.7968342951360264,10149.496015388842,0.9448358535766594
-0.2656746358889802,-0.292039021709261,0.044226435834020195,0.16197306952459456,0.5997746633690573,0.6296180269304754,0.10832646331409723,0.13219840615553735,0.7868342951360264,10370.496015388842,0.9488360404968219
-0.3056746358889802,-0.302039021709261,0.08422643583402023,0.16197306952459456,0.6197746633690573,0.6496180269304754,0.09832646331409722,0.15219840615553737,0.7468342951360264,10327.496015388842,0.9528154850006096
-0.2756746358889802,-0.292039021709261,0.07422643583402022,0.15197306952459455,0.6097746633690573,0.6796180269304755,0.06832646331409731,0.15219840615553737,0.7368342951360264,10366.496015388842,0.9528154850006096
-0.28567463588898023,-0.282039021709261,0.054226435834020204,0.14197306952459454,0.6097746633690573,0.6496180269304754,0.06832646331409731,0.12219840615553734,0.7568342951360264,10643.496015388842,0.9578363418579094
-0.28567463588898023,-0.292039021709261,0.07422643583402022,0.14197306952459454,0.6297746633690573,0.6496180269304754,0.04832646331409729,0.12219840615553734,0.6568342951360264,10382.496015388842,0.9618076801300042
-0.28567463588898023,-0.302039021709261,0.07422643583402022,0.17197306952459457,0.6397746633690573,0.6596180269304754,0.0583264633140973,0.11219840615553744,0.6868342951360263,10027.496015388842,0.9652461528778069
-0.2756746358889802,-0.282039021709261,0.09422643583402024,0.17197306952459457,0.5997746633690573,0.6696180269304755,-0.0016735366859027545,0.08219840615553742,0.6568342951360264,10736.496015388842,0.9663116455078082
-0.2756746358889802,-0.312039021709261,0.054226435834020204,0.15197306952459455,0.6097746633690573,0.6996180269304754,0.028326463314097272,0.07219840615553741,0.6468342951360264,10737.496015388842,0.9693271636962884
-0.2656746358889802,-0.312039021709261,0.06422643583402021,0.17197306952459457,0.5697746633690572,0.6896180269304754,0.028326463314097272,0.032198406155537374,0.6268342951360264,10898.496015388842,0.9735276222228997
-0.2756746358889802,-0.302039021709261,0.054226435834020204,0.2019730695245946,0.5997746633690573,0.6996180269304754,0.018326463314097263,0.002198406155537347,0.5468342951360264,10959.496015388842,0.9775175571441643
-0.3256746358889802,-0.312039021709261,0.07422643583402022,0.18197306952459458,0.5997746633690573,0.6696180269304755,-0.03167353668590278,0.07219840615553741,0.5668342951360263,10740.496015388842,0.9806413173675566
-0.28567463588898023,-0.312039021709261,0.07422643583402022,0.17197306952459457,0.5897746633690573,0.6896180269304754,-0.03167353668590278,0.002198406155537347,0.5168342951360264,10431.496015388842,0.9816264629364007
-0.28567463588898023,-0.272039021709261,0.00422643583402027,0.17197306952459457,0.5897746633690573,0.6996180269304754,-0.04167353668590268,0.04219840615553738,0.5068342951360264,10304.496015388842,0.9856068611145048
-0.28567463588898023,-0.24203902170926106,0.00422643583402027,0.2119730695245946,0.5897746633690573,0.6996180269304754,-0.04167353668590268,0.002198406155537347,0.4968342951360264,10725.496015388842,0.9896068096160882
-0.29567463588898024,-0.292039021709261,0.014226435834020279,0.2119730695245946,0.5897746633690573,0.6896180269304754,-0.08167353668590271,0.002198406155537347,0.5368342951360264,10934.496015388842,0.9936127185821562
-0.3156746358889802,-0.312039021709261,0.044226435834020195,0.2119730695245946,0.6197746633690573,0.6696180269304755,-0.10167353668590273,-0.007801593844462662,0.5068342951360264,11139.496015388842,0.9936127185821562
-0.3156746358889802,-0.292039021709261,0.024226435834020288,0.2119730695245946,0.5997746633690573,0.6496180269304754,-0.10167353668590273,-0.01780159384446256,0.5168342951360264,10780.496015388842,0.9976059913635247
-0.34567463588898023,-0.302039021709261,-0.035773564165979765,0.1919730695245946,0.5897746633690573,0.6796180269304755,-0.05167353668590269,0.012198406155537356,0.5368342951360264,10423.496015388842,1.0025863170623737
-0.3356746358889802,-0.302039021709261,0.024226435834020288,0.2019730695245946,0.5797746633690573,0.6896180269304754,-0.09167353668590272,0.05219840615553739,0.5668342951360263,10352.496015388842,1.005611848831176
-0.3356746358889802,-0.322039021709261,0.024226435834020288,0.2219730695245946,0.5697746633690572,0.7096180269304754,-0.04167353668590268,0.032198406155537374,0.5168342951360264,10345.496015388842,1.0065862655639641
-0.3356746358889802,-0.302039021709261,0.044226435834020195,0.23197306952459462,0.5897746633690573,0.7296180269304754,-0.0716735366859027,0.032198406155537374,0.5168342951360264,10146.496015388842,1.010628414154052
-0.3356746358889802,-0.312039021709261,0.024226435834020288,0.2119730695245946,0.6197746633690573,0.7396180269304754,-0.021673536685902772,0.022198406155537365,0.5368342951360264,10069.496015388842,1.0148362636566155
-0.3356746358889802,-0.272039021709261,0.034226435834020186,0.2019730695245946,0.5897746633690573,0.7296180269304754,-0.0616735366859027,0.022198406155537365,0.5368342951360264,9910.496015388842,1.0178479671478264
-0.3356746358889802,-0.272039021709261,-0.015773564165979748,0.23197306952459462,0.5397746633690572,0.7096180269304754,-0.04167353668590268,0.04219840615553738,0.5268342951360264,9587.496015388842,1.0188416957855182
-0.34567463588898023,-0.24203902170926106,0.054226435834020204,0.2219730695245946,0.5797746633690573,0.6496180269304754,-0.05167353668590269,0.05219840615553739,0.5668342951360263,9784.496015388842,1.0222808837890618
-0.3256746358889802,-0.20203902170926102,0.044226435834020195,0.2019730695245946,0.5897746633690573,0.6096180269304754,-0.03167353668590278,0.04219840615553738,0.5168342951360264,9687.496015388842,1.026025485992431
-0.28567463588898023,-0.23203902170926105,0.07422643583402022,0.1919730695245946,0.5897746633690573,0.6596180269304754,-0.03167353668590278,0.022198406155537365,0.5368342951360264,9716.496015388842,1.0310186862945585
-0.29567463588898024,-0.20203902170926102,0.014226435834020279,0.18197306952459458,0.5597746633690572,0.6896180269304754,-0.04167353668590268,0.04219840615553738,0.5768342951360264,10273.496015388842,1.0311486244201689
-0.2356746358889802,-0.20203902170926102,0.034226435834020186,0.17197306952459457,0.5797746633690573,0.6496180269304754,-0.04167353668590268,0.05219840615553739,0.5768342951360264,10194.496015388842,1.0341357707977288
-0.2556746358889802,-0.21203902170926103,0.054226435834020204,0.18197306952459458,0.6097746633690573,0.6796180269304755,0.0583264633140973,0.032198406155537374,0.5968342951360264,9869.496015388842,1.038864088058471
-0.21567463588898017,-0.22203902170926104,-0.005773564165979739,0.18197306952459458,0.6097746633690573,0.6496180269304754,0.03832646331409728,0.0621984061555374,0.5868342951360264,9874.496015388842,1.0428590297698968
-0.22567463588898018,-0.21203902170926103,0.034226435834020186,0.2019730695245946,0.6097746633690573,0.5996180269304754,0.03832646331409728,0.05219840615553739,0.5868342951360264,9825.496015388842,1.0428590297698968
-0.3056746358889802,-0.22203902170926104,0.014226435834020279,0.17197306952459457,0.5797746633690573,0.6396180269304754,0.07832646331409732,0.0621984061555374,0.6068342951360264,9992.496015388842,1.0468685150146477
-0.28567463588898023,-0.24203902170926106,0.024226435834020288,0.13197306952459453,0.6297746633690573,0.6096180269304754,0.0583264633140973,0.05219840615553739,0.6268342951360264,10123.496015388842,1.0518581390380888
-0.2556746358889802,-0.20203902170926102,0.024226435834020288,0.12197306952459452,0.6597746633690573,0.5796180269304754,0.06832646331409731,0.0621984061555374,0.6168342951360264,10084.496015388842,1.05591173171997
-0.29567463588898024,-0.21203902170926103,0.08422643583402023,0.12197306952459452,0.6197746633690573,0.5696180269304754,0.0583264633140973,0.0621984061555374,0.6168342951360264,10351.496015388842,1.0590071201324456
-0.28567463588898023,-0.21203902170926103,0.08422643583402023,0.12197306952459452,0.6297746633690573,0.5496180269304755,0.12832646331409725,0.07219840615553741,0.6568342951360264,10534.496015388842,1.0590071201324456
-0.3056746358889802,-0.22203902170926104,0.08422643583402023,0.0819730695245946,0.6597746633690573,0.5196180269304754,0.12832646331409725,0.08219840615553742,0.6468342951360264,10111.496015388842,1.0630418777465849
-0.3056746358889802,-0.162039021709261,0.06422643583402021,0.11197306952459463,0.6497746633690573,0.5596180269304754,0.13832646331409726,0.08219840615553742,0.6768342951360264,10006.496015388842,1.0671200275421135
-0.28567463588898023,-0.13203902170926107,0.08422643583402023,0.06197306952459458,0.6097746633690573,0.5596180269304754,0.14832646331409727,0.08219840615553742,0.6468342951360264,9627.496015388842,1.0712625503540032
-0.3156746358889802,-0.14203902170926097,0.12422643583402027,0.06197306952459458,0.6097746633690573,0.5896180269304754,0.13832646331409726,0.09219840615553743,0.6668342951360264,9444.496015388842,1.0718273639678948
-0.3256746358889802,-0.052039021709261,0.12422643583402027,0.07197306952459459,0.5997746633690573,0.5796180269304754,0.12832646331409725,0.10219840615553744,0.6668342951360264,9215.496015388842,1.076130580902099
-0.34567463588898023,-0.032039021709260984,0.10422643583402025,0.031973069524594555,0.6197746633690573,0.5796180269304754,0.13832646331409726,0.09219840615553743,0.6868342951360263,9888.496015388842,1.0792183399200432
-0.35567463588898024,-0.04203902170926099,0.10422643583402025,0.031973069524594555,0.5997746633690573,0.5396180269304754,0.13832646331409726,0.10219840615553744,0.6768342951360264,10097.496015388842,1.0833303451538079
-0.3356746358889802,-0.012039021709260966,0.10422643583402025,0.011973069524594593,0.5597746633690572,0.5296180269304754,0.14832646331409727,0.05219840615553739,0.6968342951360263,9730.496015388842,1.0833303451538079
-0.3756746358889802,0.01796097829073906,0.15422643583402018,-0.008026930475405425,0.5697746633690572,0.5296180269304754,0.13832646331409726,0.08219840615553742,0.6868342951360263,9931.496015388842,1.0873293399810784
-0.35567463588898024,0.02796097829073907,0.20422643583402023,0.011973069524594593,0.5397746633690572,0.5596180269304754,0.16832646331409729,0.10219840615553744,0.6968342951360263,9966.496015388842,1.0918843269348102
-0.35567463588898024,0.02796097829073907,0.1742264358340202,0.021973069524594546,0.5397746633690572,0.5596180269304754,0.1883264633140973,0.08219840615553742,0.6868342951360263,9659.496015388842,1.0959045410156243
-0.29567463588898024,0.057960978290738874,0.22422643583402024,-0.008026930475405425,0.5297746633690572,0.5596180269304754,0.20832646331409732,0.09219840615553743,0.6968342951360263,9702.496015388842,1.0959045410156243
-0.28567463588898023,0.04796097829073909,0.1742264358340202,-0.008026930475405425,0.4997746633690572,0.5796180269304754,0.20832646331409732,0.09219840615553743,0.6968342951360263,10019.496015388842,1.099913311004638
-0.29567463588898024,0.06796097829073888,0.25422643583402027,-0.008026930475405425,0.4697746633690574,0.5496180269304755,0.27832646331409727,0.10219840615553744,0.6568342951360264,10340.496015388842,1.1039051532745354
-0.28567463588898023,0.06796097829073888,0.24422643583402026,-0.028026930475405443,0.4897746633690572,0.5096180269304754,0.26832646331409726,0.11219840615553744,0.6768342951360264,9873.496015388842,1.1079122543334954
-0.2756746358889802,0.09796097829073891,0.2842264358340202,-0.03802693047540545,0.45977466336905737,0.4796180269304754,0.3183264633140973,0.0621984061555374,0.6668342951360264,10130.496015388842,1.1089314937591546
-0.22567463588898018,0.09796097829073891,0.3142264358340202,-0.028026930475405443,0.4897746633690572,0.4696180269304754,0.3283264633140973,0.0621984061555374,0.6868342951360263,10131.496015388842,1.1119255542755155
-0.2456746358889802,0.09796097829073891,0.2842264358340202,-0.058026930475405414,0.4897746633690572,0.4696180269304754,0.34832646331409733,0.07219840615553741,0.6668342951360264,10362.496015388842,1.1159340858459466
-0.22567463588898018,0.09796097829073891,0.3042264358340202,-0.06802693047540542,0.4897746633690572,0.4696180269304754,0.34832646331409733,0.08219840615553742,0.6868342951360263,10369.496015388842,1.1209370613098102
-0.21567463588898017,0.06796097829073888,0.3042264358340202,-0.03802693047540545,0.4697746633690574,0.4596180269304754,0.36832646331409735,0.0621984061555374,0.6768342951360264,10286.496015388842,1.1244642257690423
-0.21567463588898017,0.07796097829073889,0.33422643583402023,-0.08802693047540544,0.45977466336905737,0.42961802693047546,0.34832646331409733,0.05219840615553739,0.6768342951360264,10217.496015388842,1.1244642257690423
-0.20567463588898016,0.057960978290738874,0.36422643583402026,-0.08802693047540544,0.4697746633690574,0.42961802693047546,0.3383264633140973,0.09219840615553743,0.6968342951360263,10560.496015388842,1.1294738769531243
-0.21567463588898017,0.057960978290738874,0.4042264358340202,-0.06802693047540542,0.45977466336905737,0.39961802693047543,0.3283264633140973,0.07219840615553741,0.6868342951360263,10729.496015388842,1.1334607124328606
-0.2556746358889802,0.12796097829073894,0.3842264358340203,-0.11802693047540541,0.44977466336905736,0.39961802693047543,0.3183264633140973,0.11219840615553744,0.7068342951360264,10700.496015388842,1.1368834495544426
-0.2556746358889802,0.14796097829073895,0.36422643583402026,-0.11802693047540541,0.4697746633690574,0.41961802693047545,0.2983264633140973,0.0621984061555374,0.7268342951360264,10821.496015388842,1.1379277229309075
-0.2556746358889802,0.12796097829073894,0.37422643583402027,-0.15802693047540545,0.43977466336905735,0.41961802693047545,0.2983264633140973,0.09219840615553743,0.7268342951360264,11034.496015388842,1.1414813518524163
-0.2456746358889802,0.09796097829073891,0.35422643583402025,-0.14802693047540544,0.43977466336905735,0.3896180269304754,0.26832646331409726,0.09219840615553743,0.6868342951360263,10915.496015388842,1.1455835819244378
-0.22567463588898018,0.187960978290739,0.3842264358340203,-0.15802693047540545,0.42977466336905734,0.3696180269304754,0.2883264633140973,0.07219840615553741,0.6868342951360263,11064.496015388842,1.1496366977691643
-0.1356746358889802,0.16796097829073897,0.37422643583402027,-0.12802693047540542,0.41977466336905733,0.3796180269304754,0.2983264633140973,0.10219840615553744,0.6668342951360264,11357.496015388842,1.1496366977691643
-0.1256746358889802,0.11796097829073893,0.3842264358340203,-0.12802693047540542,0.42977466336905734,0.3696180269304754,0.25832646331409725,0.16219840615553738,0.6568342951360264,10938.496015388842,1.1526789188385003
-0.1356746358889802,0.12796097829073894,0.3942264358340203,-0.11802693047540541,0.43977466336905735,0.3796180269304754,0.21832646331409722,0.1721984061555374,0.6668342951360264,10593.496015388842,1.1576804637908928
-0.06567463588898026,0.11796097829073893,0.4142264358340202,-0.14802693047540544,0.44977466336905736,0.3696180269304754,0.22832646331409723,0.15219840615553737,0.6968342951360263,10764.496015388842,1.161755990982055
-0.11567463588898019,0.11796097829073893,0.3842264358340203,-0.14802693047540544,0.44977466336905736,0.3796180269304754,0.14832646331409727,0.13219840615553735,0.6468342951360264,11393.496015388842,1.161755990982055
-0.1356746358889802,0.14796097829073895,0.34422643583402024,-0.13802693047540543,0.45977466336905737,0.39961802693047543,0.08832646331409733,0.15219840615553737,0.5868342951360264,11220.496015388842,1.1658257961273186
-0.1256746358889802,0.27796097829073907,0.4242264358340202,-0.15802693047540545,0.44977466336905736,0.41961802693047545,0.10832646331409723,0.1921984061555374,0.6068342951360264,10349.496015388842,1.1698247909545891
-0.10567463588898018,0.24796097829073904,0.4342264358340202,-0.14802693047540544,0.45977466336905737,0.4596180269304754,0.12832646331409725,0.2021984061555374,0.6468342951360264,9054.496015388842,1.1738225936889641
-0.11567463588898019,0.22796097829073902,0.48422643583402025,-0.14802693047540544,0.44977466336905736,0.43961802693047536,0.13832646331409726,0.1921984061555374,0.6068342951360264,8503.496015388842,1.1738225936889641
-0.08567463588898017,0.23796097829073903,0.47422643583402024,-0.14802693047540544,0.44977466336905736,0.43961802693047536,0.10832646331409723,0.23219840615553744,0.6168342951360264,8264.496015388842,1.177822542190551
-0.09567463588898018,0.2879609782907391,0.4542264358340202,-0.13802693047540543,0.43977466336905735,0.40961802693047544,0.12832646331409725,0.1821984061555374,0.6368342951360264,8303.496015388842,1.1818243980407708
-0.07567463588898027,0.2979609782907391,0.4442264358340202,-0.13802693047540543,0.43977466336905735,0.40961802693047544,0.14832646331409727,0.1921984061555374,0.7068342951360264,8708.496015388842,1.1858238697051995
-0.09567463588898018,0.26796097829073906,0.47422643583402024,-0.13802693047540543,0.44977466336905736,0.39961802693047543,0.12832646331409725,0.21219840615553742,0.7268342951360264,8511.496015388842,1.1899294376373284
-0.09567463588898018,0.24796097829073904,0.4442264358340202,-0.12802693047540542,0.42977466336905734,0.39961802693047543,0.13832646331409726,0.23219840615553744,0.7468342951360264,8730.496015388842,1.1899294376373284
-0.08567463588898017,0.22796097829073902,0.4342264358340202,-0.12802693047540542,0.42977466336905734,0.40961802693047544,0.1883264633140973,0.26219840615553736,0.7168342951360264,9059.496015388842,1.193935585021972
-0.06567463588898026,0.22796097829073902,0.4442264358340202,-0.12802693047540542,0.43977466336905735,0.40961802693047544,0.16832646331409729,0.25219840615553735,0.7568342951360264,8522.496015388842,1.1990072250366204
-0.07567463588898027,0.197960978290739,0.47422643583402024,-0.12802693047540542,0.4697746633690574,0.3796180269304754,0.1783264633140973,0.25219840615553735,0.7368342951360264,8531.496015388842,1.2020010471343987
-0.1356746358889802,0.187960978290739,0.49422643583402026,-0.13802693047540543,0.45977466336905737,0.3896180269304754,0.24832646331409725,0.23219840615553744,0.7368342951360264,8856.496015388842,1.2020010471343987
-0.10567463588898018,0.12796097829073894,0.49422643583402026,-0.08802693047540544,0.43977466336905735,0.42961802693047546,0.25832646331409725,0.25219840615553735,0.7268342951360264,8851.496015388842,1.2060951709747307
-0.04567463588898024,0.0879609782907389,0.4342264358340202,-0.07802693047540543,0.43977466336905735,0.3796180269304754,0.24832646331409725,0.27219840615553736,0.7568342951360264,8660.496015388842,1.211098384857177
-0.10567463588898018,0.07796097829073889,0.49422643583402026,-0.08802693047540544,0.45977466336905737,0.3796180269304754,0.26832646331409726,0.2821984061555374,0.7468342951360264,8951.496015388842,1.2145292282104485
-0.09567463588898018,0.10796097829073892,0.46422643583402023,-0.09802693047540545,0.4697746633690574,0.3596180269304754,0.25832646331409725,0.2921984061555374,0.7868342951360264,9036.496015388842,1.2145292282104485
-0.09567463588898018,0.09796097829073891,0.4542264358340202,-0.12802693047540542,0.47977466336905716,0.3396180269304754,0.27832646331409727,0.26219840615553736,0.7868342951360264,9109.496015388842,1.2186529159545891
-0.11567463588898019,0.10796097829073892,0.4342264358340202,-0.11802693047540541,0.47977466336905716,0.3296180269304755,0.26832646331409726,0.2821984061555374,0.8368342951360264,8864.496015388842,1.2226907730102496
-0.1256746358889802,0.07796097829073889,0.4342264358340202,-0.09802693047540545,0.47977466336905716,0.3396180269304754,0.26832646331409726,0.27219840615553736,0.8468342951360264,8593.496015388842,1.2268034934997587
-0.16567463588898024,0.11796097829073893,0.4142264358340202,-0.11802693047540541,0.4697746633690574,0.3196180269304755,0.3183264633140973,0.3121984061555374,0.8568342951360264,8408.496015388842,1.2268034934997587
-0.18567463588898026,0.10796097829073892,0.4542264358340202,-0.08802693047540544,0.4697746633690574,0.3596180269304754,0.3183264633140973,0.27219840615553736,0.8668342951360264,8801.496015388842,1.230800819396972
-0.19567463588898026,0.11796097829073893,0.4242264358340202,-0.08802693047540544,0.4897746633690572,0.3296180269304755,0.3183264633140973,0.3221984061555374,0.8768342951360264,8564.496015388842,1.2348780155181878
-0.2456746358889802,0.13796097829073894,0.3942264358340203,-0.07802693047540543,0.47977466336905716,0.3396180269304754,0.3183264633140973,0.3021984061555374,0.8768342951360264,8369.496015388842,1.2388784408569329
-0.19567463588898026,0.10796097829073892,0.4142264358340202,-0.07802693047540543,0.4897746633690572,0.30961802693047547,0.3083264633140973,0.3121984061555374,0.8668342951360264,8330.496015388842,1.2399615764617913
-0.16567463588898024,0.057960978290738874,0.4442264358340202,-0.03802693047540545,0.45977466336905737,0.30961802693047547,0.34832646331409733,0.3221984061555374,0.9068342951360264,8519.496015388842,1.2429921150207512
-0.17567463588898025,0.03796097829073908,0.3942264358340203,-0.058026930475405414,0.43977466336905735,0.29961802693047546,0.35832646331409734,0.3321984061555374,0.8968342951360264,8568.496015388842,1.2479958057403593
-0.17567463588898025,0.04796097829073909,0.4242264358340202,-0.058026930475405414,0.44977466336905736,0.3296180269304755,0.3183264633140973,0.3421984061555374,0.9068342951360264,8577.496015388842,1.2509960651397698
-0.19567463588898026,0.01796097829073906,0.3942264358340203,-0.048026930475405405,0.43977466336905735,0.3496180269304754,0.2883264633140973,0.3421984061555374,0.9068342951360264,8838.496015388842,1.2520005226135247
-0.21567463588898017,0.03796097829073908,0.3842264358340203,-0.048026930475405405,0.47977466336905716,0.3396180269304754,0.3383264633140973,0.36219840615553744,0.8968342951360264,8395.496015388842,1.2560593605041497
-0.20567463588898016,0.01796097829073906,0.34422643583402024,-0.06802693047540542,0.5097746633690572,0.28961802693047545,0.3283264633140973,0.38219840615553746,0.8968342951360264,8326.496015388842,1.260060262680053
-0.2356746358889802,0.01796097829073906,0.33422643583402023,-0.07802693047540543,0.45977466336905737,0.3196180269304755,0.34832646331409733,0.38219840615553746,0.9068342951360264,8415.496015388842,1.264152002334594
-0.22567463588898018,-0.022039021709260975,0.34422643583402024,-0.09802693047540545,0.47977466336905716,0.29961802693047546,0.3283264633140973,0.38219840615553746,0.9068342951360264,8178.496015388842,1.2671503543853753
-0.20567463588898016,-0.052039021709261,0.3142264358340202,-0.058026930475405414,0.4697746633690574,0.30961802693047547,0.3083264633140973,0.4221984061555375,0.9068342951360264,8581.496015388842,1.2681529045104938
-0.22567463588898018,-0.022039021709260975,0.3242264358340202,-0.03802693047540545,0.43977466336905735,0.3596180269304754,0.2983264633140973,0.4621984061555373,0.8868342951360264,8802.496015388842,1.2722095966339104
-0.21567463588898017,-0.09203902170926104,0.3242264358340202,-0.048026930475405405,0.4897746633690572,0.3496180269304754,0.34832646331409733,0.4321984061555373,0.9068342951360264,8659.496015388842,1.2763046741485589
-0.21567463588898017,-0.06203902170926101,0.3242264358340202,-0.058026930475405414,0.4897746633690572,0.3496180269304754,0.3383264633140973,0.4621984061555373,0.8768342951360264,8312.496015388842,1.2802502632141106
-0.2456746358889802,-0.052039021709261,0.34422643583402024,-0.048026930475405405,0.5097746633690572,0.3896180269304754,0.35832646331409734,0.4321984061555373,0.8868342951360264,8367.496015388842,1.2802502632141106
-0.2456746358889802,-0.11203902170926106,0.33422643583402023,-0.018026930475405434,0.4997746633690572,0.3696180269304754,0.3383264633140973,0.4521984061555373,0.8768342951360264,8678.496015388842,1.2843164920806878
-0.2356746358889802,-0.10203902170926105,0.2742264358340203,-0.018026930475405434,0.4997746633690572,0.3196180269304755,0.3383264633140973,0.4721984061555373,0.9068342951360264,8539.496015388842,1.2883183479309075
-0.2456746358889802,-0.12203902170926106,0.2642264358340203,-0.008026930475405425,0.4897746633690572,0.3596180269304754,0.34832646331409733,0.4421984061555373,0.8968342951360264,8498.496015388842,1.292318534851077
-0.20567463588898016,-0.12203902170926106,0.20422643583402023,-0.018026930475405434,0.4897746633690572,0.3496180269304754,0.3183264633140973,0.5021984061555373,0.8968342951360264,8163.496015388842,1.293317508697509
-0.22567463588898018,-0.20203902170926102,0.25422643583402027,0.001973069524594584,0.4997746633690572,0.3396180269304754,0.3283264633140973,0.4621984061555373,0.9268342951360264,8030.496015388842,1.296313953399654
-0.28567463588898023,-0.172039021709261,0.2642264358340203,0.011973069524594593,0.5097746633690572,0.3396180269304754,0.3083264633140973,0.48219840615553733,0.9268342951360264,7891.496015388842,1.3007947921752923
-0.2556746358889802,-0.13203902170926107,0.21422643583402023,-0.008026930475405425,0.4997746633690572,0.3896180269304754,0.3283264633140973,0.4521984061555373,0.9068342951360264,8034.496015388842,1.3048803329467766
-0.3056746358889802,-0.11203902170926106,0.20422643583402023,-0.018026930475405434,0.5197746633690572,0.42961802693047546,0.34832646331409733,0.4221984061555375,0.9368342951360265,7923.496015388842,1.3048803329467766
-0.2656746358889802,-0.162039021709261,0.22422643583402024,0.001973069524594584,0.5197746633690572,0.42961802693047546,0.3083264633140973,0.4221984061555375,0.9068342951360264,7716.496015388842,1.3089041233062737
-0.2756746358889802,-0.19203902170926102,0.19422643583402022,0.021973069524594546,0.4897746633690572,0.44961802693047537,0.3183264633140973,0.4221984061555375,0.9468342951360265,7955.496015388842,1.312903833389278
-0.28567463588898023,-0.15203902170926098,0.20422643583402023,0.031973069524594555,0.4697746633690574,0.44961802693047537,0.3283264633140973,0.4121984061555375,0.9368342951360265,7920.496015388842,1.3169033050537102
-0.2656746358889802,-0.12203902170926106,0.1842264358340202,0.05197306952459457,0.47977466336905716,0.4596180269304754,0.2983264633140973,0.4621984061555373,0.9268342951360264,7889.496015388842,1.3182181835174553
-0.2756746358889802,-0.162039021709261,0.1842264358340202,-0.008026930475405425,0.5197746633690572,0.4796180269304754,0.2983264633140973,0.4321984061555373,0.9568342951360265,8234.496015388842,1.3212184429168694
-0.2356746358889802,-0.15203902170926098,0.1742264358340202,0.001973069524594584,0.5397746633690572,0.40961802693047544,0.35832646331409734,0.4021984061555375,0.9168342951360264,8261.496015388842,1.3257464885711663
-0.2756746358889802,-0.182039021709261,0.1842264358340202,0.001973069524594584,0.5397746633690572,0.43961802693047536,0.3083264633140973,0.37219840615553745,0.9168342951360264,8288.496015388842,1.3297447681426995
-0.2556746358889802,-0.15203902170926098,0.1642264358340202,0.001973069524594584,0.5497746633690572,0.42961802693047546,0.3183264633140973,0.4121984061555375,0.9168342951360264,7929.496015388842,1.333012533187862
-0.2756746358889802,-0.162039021709261,0.1642264358340202,0.001973069524594584,0.5797746633690573,0.4796180269304754,0.3083264633140973,0.39219840615553747,0.9268342951360264,8226.496015388842,1.3340718269348102
-0.2756746358889802,-0.22203902170926104,0.12422643583402027,0.041973069524594564,0.5797746633690573,0.4896180269304754,0.3183264633140973,0.37219840615553745,0.8968342951360264,8133.496015388842,1.3370625495910637
-0.3356746358889802,-0.24203902170926106,0.11422643583402026,0.07197306952459459,0.5797746633690573,0.4896180269304754,0.3083264633140973,0.39219840615553747,0.8968342951360264,8076.496015388842,1.3421205997467034
-0.3056746358889802,-0.21203902170926103,0.11422643583402026,0.06197306952459458,0.5597746633690572,0.5096180269304754,0.34832646331409733,0.3321984061555374,0.9368342951360265,8445.496015388842,1.345171642303466
-0.3056746358889802,-0.24203902170926106,0.1642264358340202,0.0819730695245946,0.5597746633690572,0.5096180269304754,0.3283264633140973,0.3121984061555374,0.9168342951360264,8124.496015388842,1.3462216377258294
-0.2556746358889802,-0.24203902170926106,0.15422643583402018,0.09197306952459461,0.5697746633690572,0.5396180269304754,0.2883264633140973,0.2821984061555374,0.9268342951360264,7889.496015388842,1.3501004695892362
-0.2656746358889802,-0.20203902170926102,0.13422643583402027,0.06197306952459458,0.5697746633690572,0.5196180269304754,0.2883264633140973,0.3021984061555374,0.9468342951360265,8020.496015388842,1.3539611816406243
-0.3056746358889802,-0.22203902170926104,0.12422643583402027,0.031973069524594555,0.5697746633690572,0.5496180269304755,0.2883264633140973,0.3221984061555374,0.9468342951360265,8451.496015388842,1.3579737663269036
-0.2756746358889802,-0.24203902170926106,0.11422643583402026,0.05197306952459457,0.5597746633690572,0.5496180269304755,0.25832646331409725,0.3121984061555374,0.9668342951360265,8628.496015388842,1.3579737663269036
-0.2656746358889802,-0.24203902170926106,0.12422643583402027,0.07197306952459459,0.5797746633690573,0.5796180269304754,0.27832646331409727,0.3121984061555374,0.9068342951360264,8241.496015388842,1.3620237827301018
-0.2656746358889802,-0.24203902170926106,0.12422643583402027,0.07197306952459459,0.5797746633690573,0.5796180269304754,0.2883264633140973,0.3221984061555374,0.8968342951360264,8214.496015388842,1.3660556793212884
-0.3156746358889802,-0.25203902170926107,0.13422643583402027,0.10197306952459462,0.5897746633690573,0.5596180269304754,0.2883264633140973,0.3421984061555374,0.8668342951360264,8641.496015388842,1.3701529026031487
-0.28567463588898023,-0.272039021709261,0.09422643583402024,0.07197306952459459,0.5997746633690573,0.5696180269304754,0.2883264633140973,0.3121984061555374,0.8968342951360264,8686.496015388842,1.3701529026031487
-0.2756746358889802,-0.26203902170926097,0.07422643583402022,0.0819730695245946,0.5997746633690573,0.5796180269304754,0.3183264633140973,0.3121984061555374,0.8268342951360264,8971.496015388842,1.3741549968719475
-0.2456746358889802,-0.272039021709261,0.09422643583402024,0.07197306952459459,0.5797746633690573,0.5896180269304754,0.25832646331409725,0.2821984061555374,0.8468342951360264,8924.496015388842,1.3791546344757073
-0.2356746358889802,-0.282039021709261,0.044226435834020195,0.06197306952459458,0.5597746633690572,0.5996180269304754,0.22832646331409723,0.2821984061555374,0.8468342951360264,8659.496015388842,1.3821546554565423
-0.2356746358889802,-0.26203902170926097,-0.005773564165979739,0.09197306952459461,0.5797746633690573,0.6296180269304754,0.20832646331409732,0.27219840615553736,0.8468342951360264,8518.496015388842,1.3832153797149687
-0.2356746358889802,-0.282039021709261,0.06422643583402021,0.09197306952459461,0.5697746633690572,0.6196180269304754,0.23832646331409724,0.22219840615553743,0.8568342951360264,8301.496015388842,1.3862416267395048
-0.2356746358889802,-0.292039021709261,0.044226435834020195,0.09197306952459461,0.5897746633690573,0.6096180269304754,0.21832646331409722,0.1821984061555374,0.8568342951360264,8194.496015388842,1.391239118576049
-0.2556746358889802,-0.34203902170926104,0.024226435834020288,0.11197306952459463,0.5697746633690572,0.6296180269304754,0.21832646331409722,0.16219840615553738,0.7968342951360264,8577.496015388842,1.3952433586120598
-0.2556746358889802,-0.322039021709261,-0.015773564165979748,0.0819730695245946,0.5697746633690572,0.6396180269304754,0.16832646331409729,0.1821984061555374,0.7968342951360264,8542.496015388842,1.3982383728027301
-0.2556746358889802,-0.33203902170926103,-0.015773564165979748,0.09197306952459461,0.5897746633690573,0.6396180269304754,0.10832646331409723,0.1921984061555374,0.7268342951360264,8675.496015388842,1.39950079917908
-0.2656746358889802,-0.322039021709261,0.034226435834020186,0.0819730695245946,0.5797746633690573,0.6396180269304754,0.10832646331409723,0.1721984061555374,0.7468342951360264,8718.496015388842,1.403568220138549
-0.2456746358889802,-0.37203902170926106,0.034226435834020186,0.11197306952459463,0.5797746633690573,0.6696180269304755,0.12832646331409725,0.1721984061555374,0.7568342951360264,8783.496015388842,1.4075645923614495
-0.2356746358889802,-0.322039021709261,-0.005773564165979739,0.0819730695245946,0.5797746633690573,0.6496180269304754,0.04832646331409729,0.1821984061555374,0.6968342951360263,8882.496015388842,1.4115771770477288
-0.2456746358889802,-0.322039021709261,-0.015773564165979748,0.07197306952459459,0.6197746633690573,0.6596180269304754,0.028326463314097272,0.1721984061555374,0.6768342951360264,9049.496015388842,1.4115771770477288
-0.2456746358889802,-0.35203902170926105,-0.035773564165979765,0.0819730695245946,0.5997746633690573,0.6796180269304755,0.028326463314097272,0.14219840615553736,0.6268342951360264,8846.496015388842,1.4155771255493192
-0.2556746358889802,-0.292039021709261,-0.015773564165979748,0.11197306952459463,0.5597746633690572,0.6996180269304754,0.03832646331409728,0.13219840615553735,0.6768342951360264,8851.496015388842,1.4196598052978509
-0.2356746358889802,-0.322039021709261,-0.035773564165979765,0.13197306952459453,0.5397746633690572,0.6696180269304755,-0.011673536685902763,0.13219840615553735,0.6368342951360264,8790.496015388842,1.423667383193969
-0.2656746358889802,-0.312039021709261,-0.015773564165979748,0.16197306952459456,0.5197746633690572,0.7096180269304754,0.03832646331409728,0.10219840615553744,0.5968342951360264,9095.496015388842,1.4241845130920403
-0.2556746358889802,-0.34203902170926104,-0.035773564165979765,0.13197306952459453,0.5597746633690572,0.7296180269304754,0.028326463314097272,0.07219840615553741,0.6168342951360264,9008.496015388842,1.4276723384857206
-0.2756746358889802,-0.33203902170926103,-0.05577356416597978,0.10197306952459462,0.5797746633690573,0.6996180269304754,0.04832646331409729,0.012198406155537356,0.6068342951360264,9071.496015388842,1.432815504074096
-0.2756746358889802,-0.322039021709261,-0.08577356416597975,0.09197306952459461,0.5597746633690572,0.6996180269304754,0.018326463314097263,0.04219840615553738,0.6068342951360264,9176.496015388842,1.4359185218811028
-0.2656746358889802,-0.322039021709261,-0.06577356416597979,0.09197306952459461,0.5597746633690572,0.6796180269304755,-0.05167353668590269,0.08219840615553742,0.6168342951360264,9039.496015388842,1.4369599342346184
-0.29567463588898024,-0.322039021709261,-0.10577356416597977,0.13197306952459453,0.5597746633690572,0.6996180269304754,-0.05167353668590269,0.05219840615553739,0.5668342951360263,9022.496015388842,1.440306615829467
-0.2756746358889802,-0.292039021709261,-0.10577356416597977,0.12197306952459452,0.5497746633690572,0.6596180269304754,-0.05167353668590269,0.022198406155537365,0.5668342951360263,8871.496015388842,1.444294881820678
-0.3056746358889802,-0.312039021709261,-0.11577356416597978,0.09197306952459461,0.5697746633690572,0.6796180269304755,-0.03167353668590278,0.04219840615553738,0.5768342951360264,8732.496015388842,1.4483057975769036
-0.3356746358889802,-0.322039021709261,-0.11577356416597978,0.11197306952459463,0.5697746633690572,0.6296180269304754,-0.09167353668590272,0.07219840615553741,0.5468342951360264,9163.496015388842,1.4492949962615995
-0.29567463588898024,-0.33203902170926103,-0.10577356416597977,0.16197306952459456,0.5797746633690573,0.6296180269304754,-0.011673536685902763,0.05219840615553739,0.5768342951360264,8780.496015388842,1.4524328231811516
-0.29567463588898024,-0.34203902170926104,-0.08577356416597975,0.17197306952459457,0.5797746633690573,0.6396180269304754,-0.021673536685902772,0.10219840615553744,0.5668342951360263,8857.496015388842,1.4565343379974394
-0.3056746358889802,-0.302039021709261,-0.05577356416597978,0.16197306952459456,0.5797746633690573,0.6296180269304754,-0.0616735366859027,0.08219840615553742,0.5568342951360263,8690.496015388842,1.4610332965850823
-0.2656746358889802,-0.3820390217092611,-0.06577356416597979,0.15197306952459455,0.5897746633690573,0.6496180269304754,-0.0616735366859027,0.11219840615553744,0.5668342951360263,8181.496015388842,1.4610332965850823
-0.28567463588898023,-0.302039021709261,-0.07577356416597975,0.14197306952459454,0.5897746633690573,0.6396180269304754,-0.09167353668590272,0.08219840615553742,0.5368342951360264,7996.496015388842,1.465046596527099
-0.2656746358889802,-0.302039021709261,-0.07577356416597975,0.15197306952459455,0.5697746633690572,0.6396180269304754,-0.0716735366859027,0.12219840615553734,0.5168342951360264,7973.496015388842,1.4690677642822259
-0.2756746358889802,-0.312039021709261,-0.045773564165979774,0.14197306952459454,0.5697746633690572,0.6196180269304754,-0.0616735366859027,0.0621984061555374,0.5168342951360264,7786.496015388842,1.4724375724792473
-0.28567463588898023,-0.26203902170926097,-0.07577356416597975,0.13197306952459453,0.5697746633690572,0.6096180269304754,-0.05167353668590269,0.04219840615553738,0.5468342951360264,8405.496015388842,1.4734386920928948
-0.2756746358889802,-0.282039021709261,0.00422643583402027,0.11197306952459463,0.5797746633690573,0.5896180269304754,-0.05167353668590269,0.05219840615553739,0.5368342951360264,8622.496015388842,1.4777523994445794
-0.3156746358889802,-0.26203902170926097,-0.035773564165979765,0.13197306952459453,0.5797746633690573,0.5996180269304754,-0.0016735366859027545,0.07219840615553741,0.5468342951360264,8369.496015388842,1.4809052467346184
-0.3256746358889802,-0.272039021709261,-0.035773564165979765,0.13197306952459453,0.5897746633690573,0.5996180269304754,0.028326463314097272,0.08219840615553742,0.5368342951360264,8216.496015388842,1.4851541042327874
-0.3156746358889802,-0.34203902170926104,0.00422643583402027,0.13197306952459453,0.5797746633690573,0.5996180269304754,0.03832646331409728,0.10219840615553744,0.5268342951360264,7755.496015388842,1.4885963916778557
-0.29567463588898024,-0.312039021709261,-0.005773564165979739,0.12197306952459452,0.5697746633690572,0.5996180269304754,0.008326463314097254,0.09219840615553743,0.5168342951360264,8012.496015388842,1.4885963916778557
-0.3056746358889802,-0.302039021709261,-0.015773564165979748,0.15197306952459455,0.6197746633690573,0.5696180269304754,0.008326463314097254,0.07219840615553741,0.5368342951360264,8019.496015388842,1.4938702106475823
-0.3156746358889802,-0.322039021709261,0.00422643583402027,0.12197306952459452,0.6097746633690573,0.5396180269304754,0.04832646331409729,0.11219840615553744,0.5668342951360263,7466.496015388842,1.4978708744049065
-0.3256746358889802,-0.272039021709261,0.024226435834020288,0.12197306952459452,0.5997746633690573,0.5296180269304754,0.04832646331409729,0.032198406155537374,0.5668342951360263,7491.496015388842,1.5018705844879143
-0.3256746358889802,-0.272039021709261,0.044226435834020195,0.12197306952459452,0.5897746633690573,0.5696180269304754,0.0583264633140973,0.07219840615553741,0.5568342951360263,7796.496015388842,1.5018705844879143
-0.3256746358889802,-0.24203902170926106,0.044226435834020195,0.09197306952459461,0.6097746633690573,0.5396180269304754,0.06832646331409731,0.09219840615553743,0.5768342951360264,7929.496015388842,1.5055055141448968
-0.3356746358889802,-0.19203902170926102,0.054226435834020204,0.041973069524594564,0.6297746633690573,0.5196180269304754,0.10832646331409723,0.08219840615553742,0.5968342951360264,7926.496015388842,1.510217380523681
-0.3156746358889802,-0.19203902170926102,0.06422643583402021,0.011973069524594593,0.6497746633690573,0.5196180269304754,0.08832646331409733,0.07219840615553741,0.6468342951360264,7473.496015388842,1.513900709152221
-0.29567463588898024,-0.20203902170926102,0.07422643583402022,0.05197306952459457,0.5897746633690573,0.5196180269304754,0.09832646331409722,0.10219840615553744,0.6568342951360264,7436.496015388842,1.514633131027221
-0.3056746358889802,-0.21203902170926103,0.10422643583402025,0.001973069524594584,0.6097746633690573,0.5096180269304754,0.10832646331409723,0.12219840615553734,0.6768342951360264,7855.496015388842,1.5186328411102288
-0.2756746358889802,-0.23203902170926105,0.08422643583402023,0.001973069524594584,0.5897746633690573,0.5096180269304754,0.13832646331409726,0.12219840615553734,0.6768342951360264,7574.496015388842,1.5226332664489703
-0.2756746358889802,-0.20203902170926102,0.10422643583402025,-0.008026930475405425,0.5797746633690573,0.5196180269304754,0.10832646331409723,0.13219840615553735,0.6768342951360264,7727.496015388842,1.5268668651580803
-0.3156746358889802,-0.162039021709261,0.12422643583402027,0.011973069524594593,0.5497746633690572,0.5296180269304754,0.15832646331409728,0.09219840615553743,0.6868342951360263,7380.496015388842,1.5268668651580803
-0.3156746358889802,-0.10203902170926105,0.13422643583402027,0.011973069524594593,0.5497746633690572,0.5396180269304754,0.1983264633140973,0.10219840615553744,0.7068342951360264,7367.496015388842,1.5303606510162346
-0.3156746358889802,-0.11203902170926106,0.12422643583402027,0.011973069524594593,0.5297746633690572,0.5596180269304754,0.21832646331409722,0.0621984061555374,0.6968342951360263,7330.496015388842,1.5351936340332024
-0.3656746358889802,-0.08203902170926103,0.13422643583402027,0.001973069524594584,0.4997746633690572,0.5696180269304754,0.21832646331409722,0.04219840615553738,0.6868342951360263,7447.496015388842,1.539279890060424
-0.3656746358889802,-0.12203902170926106,0.12422643583402027,-0.008026930475405425,0.4897746633690572,0.5296180269304754,0.23832646331409724,0.022198406155537365,0.6968342951360263,7478.496015388842,1.5426587581634479
-0.3256746358889802,-0.08203902170926103,0.14422643583402028,-0.028026930475405443,0.4897746633690572,0.5196180269304754,0.24832646331409725,0.032198406155537374,0.6968342951360263,7067.496015388842,1.5426587581634479
-0.28567463588898023,-0.08203902170926103,0.15422643583402018,-0.028026930475405443,0.4897746633690572,0.5096180269304754,0.23832646331409724,0.0621984061555374,0.7068342951360264,7202.496015388842,1.5478655815124505
-0.3156746358889802,-0.032039021709260984,0.1642264358340202,-0.028026930475405443,0.45977466336905737,0.5096180269304754,0.24832646331409725,0.05219840615553739,0.7168342951360264,7033.496015388842,1.5513150215148919
-0.3156746358889802,-0.032039021709260984,0.1842264358340202,-0.058026930475405414,0.44977466336905736,0.4996180269304754,0.2883264633140973,0.032198406155537374,0.7268342951360264,7456.496015388842,1.5552865982055657
-0.34567463588898023,-0.012039021709260966,0.20422643583402023,-0.028026930475405443,0.42977466336905734,0.4696180269304754,0.2883264633140973,0.05219840615553739,0.7168342951360264,7825.496015388842,1.5562624454498284
-0.3256746358889802,-0.032039021709260984,0.19422643583402022,-0.058026930475405414,0.41977466336905733,0.4696180269304754,0.2983264633140973,0.05219840615553739,0.7168342951360264,7468.496015388842,1.559261512756347
-0.3256746358889802,-0.032039021709260984,0.24422643583402026,-0.07802693047540543,0.42977466336905734,0.4596180269304754,0.3183264633140973,0.022198406155537365,0.7168342951360264,7743.496015388842,1.5633589744567864
-0.29567463588898024,0.007960978290739051,0.24422643583402026,-0.08802693047540544,0.42977466336905734,0.44961802693047537,0.3183264633140973,0.05219840615553739,0.6968342951360263,8160.496015388842,1.5674013614654498
-0.29567463588898024,-0.0020390217092609575,0.2742264358340203,-0.08802693047540544,0.3997746633690573,0.4596180269304754,0.3183264633140973,0.04219840615553738,0.6968342951360263,8199.496015388842,1.568369817733764
-0.2756746358889802,-0.022039021709260975,0.2942264358340202,-0.11802693047540541,0.3897746633690573,0.4696180269304754,0.3283264633140973,0.0621984061555374,0.6768342951360264,7962.496015388842,1.5713569641113274
-0.2656746358889802,-0.032039021709260984,0.2842264358340202,-0.12802693047540542,0.42977466336905734,0.42961802693047546,0.3283264633140973,0.05219840615553739,0.6868342951360263,8121.496015388842,1.576357078552249
-0.2556746358889802,-0.032039021709260984,0.2942264358340202,-0.15802693047540545,0.43977466336905735,0.39961802693047543,0.34832646331409733,0.012198406155537356,0.6668342951360264,8846.496015388842,1.5793568611145048
-0.2656746358889802,-0.012039021709260966,0.3242264358340202,-0.1780269304754054,0.4097746633690573,0.40961802693047544,0.3183264633140973,-0.01780159384446256,0.6568342951360264,8839.496015388842,1.5793568611145048
-0.28567463588898023,0.02796097829073907,0.3042264358340202,-0.18802693047540542,0.41977466336905733,0.3796180269304754,0.3183264633140973,0.012198406155537356,0.6968342951360263,8608.496015388842,1.583603811264041
-0.2756746358889802,0.04796097829073909,0.3142264358340202,-0.15802693047540545,0.42977466336905734,0.3796180269304754,0.2883264633140973,0.002198406155537347,0.7068342951360264,8337.496015388842,1.5882915973663323
-0.2556746358889802,0.007960978290739051,0.3142264358340202,-0.1680269304754054,0.4097746633690573,0.3796180269304754,0.3283264633140973,0.002198406155537347,0.7168342951360264,8318.496015388842,1.592176151275634
-0.2556746358889802,0.03796097829073908,0.36422643583402026,-0.1680269304754054,0.3897746633690573,0.3796180269304754,0.2983264633140973,0.012198406155537356,0.7368342951360264,8521.496015388842,1.59320516586304
-0.2356746358889802,0.04796097829073909,0.35422643583402025,-0.1780269304754054,0.3997746633690573,0.3796180269304754,0.2883264633140973,0.032198406155537374,0.6568342951360264,8916.496015388842,1.5956141471862786
-0.2356746358889802,0.02796097829073907,0.37422643583402027,-0.1780269304754054,0.3897746633690573,0.3896180269304754,0.3083264633140973,0.0621984061555374,0.6468342951360264,8761.496015388842,1.6006354808807366
-0.17567463588898025,0.06796097829073888,0.34422643583402024,-0.1680269304754054,0.3897746633690573,0.3596180269304754,0.27832646331409727,0.10219840615553744,0.7068342951360264,8716.496015388842,1.6042024612426786
-0.18567463588898026,0.07796097829073889,0.35422643583402025,-0.19802693047540543,0.3997746633690573,0.3496180269304754,0.25832646331409725,0.11219840615553744,0.6868342951360263,8529.496015388842,1.6052474498748808
-0.17567463588898025,0.07796097829073889,0.3242264358340202,-0.1780269304754054,0.3797746633690573,0.3696180269304754,0.23832646331409724,0.08219840615553742,0.6968342951360263,8502.496015388842,1.6085726737976067
-0.14567463588898022,0.04796097829073909,0.36422643583402026,-0.1680269304754054,0.3797746633690573,0.3696180269304754,0.24832646331409725,0.12219840615553734,0.6768342951360264,8817.496015388842,1.6126031398773186
-0.15567463588898023,0.06796097829073888,0.36422643583402026,-0.14802693047540544,0.3897746633690573,0.3596180269304754,0.24832646331409725,0.12219840615553734,0.6468342951360264,9152.496015388842,1.616579484939571
-0.14567463588898022,0.06796097829073888,0.3942264358340203,-0.18802693047540542,0.42977466336905734,0.3496180269304754,0.1883264633140973,0.13219840615553735,0.6668342951360264,8909.496015388842,1.620462608337398
-0.15567463588898023,0.02796097829073907,0.35422643583402025,-0.1680269304754054,0.41977466336905733,0.3596180269304754,0.1783264633140973,0.14219840615553736,0.6268342951360264,8674.496015388842,1.6211688041687005
-0.15567463588898023,0.02796097829073907,0.3242264358340202,-0.15802693047540545,0.42977466336905734,0.3696180269304754,0.13832646331409726,0.13219840615553735,0.5168342951360264,8419.496015388842,1.6253115653991692
-0.14567463588898022,0.0879609782907389,0.33422643583402023,-0.15802693047540545,0.41977466336905733,0.3796180269304754,0.10832646331409723,0.12219840615553734,0.5668342951360263,7424.496015388842,1.6286789894103997
-0.14567463588898022,0.10796097829073892,0.3942264358340203,-0.15802693047540545,0.42977466336905734,0.3796180269304754,0.10832646331409723,0.23219840615553744,0.5668342951360263,6905.496015388842,1.6327895641326897
-0.11567463588898019,0.10796097829073892,0.4042264358340202,-0.1780269304754054,0.42977466336905734,0.3696180269304754,0.08832646331409733,0.26219840615553736,0.5668342951360263,6978.496015388842,1.6332976341247587
-0.07567463588898027,0.0879609782907389,0.4042264358340202,-0.1680269304754054,0.42977466336905734,0.3896180269304754,0.08832646331409733,0.24219840615553734,0.6168342951360264,6971.496015388842,1.637151670455932
-0.10567463588898018,0.11796097829073893,0.4342264358340202,-0.15802693047540545,0.42977466336905734,0.3896180269304754,0.07832646331409732,0.21219840615553742,0.5968342951360264,7016.496015388842,1.6412724971771233
-0.07567463588898027,0.09796097829073891,0.4442264358340202,-0.1680269304754054,0.45977466336905737,0.3696180269304754,0.11832646331409724,0.25219840615553735,0.6268342951360264,6817.496015388842,1.64431185722351
-0.11567463588898019,0.10796097829073892,0.46422643583402023,-0.1780269304754054,0.45977466336905737,0.3596180269304754,0.10832646331409723,0.27219840615553736,0.6468342951360264,6724.496015388842,1.6453120231628375
-0.05567463588898025,0.09796097829073891,0.4542264358340202,-0.1780269304754054,0.44977466336905736,0.3496180269304754,0.14832646331409727,0.26219840615553736,0.6768342951360264,6631.496015388842,1.6488389492034905
-0.09567463588898018,0.07796097829073889,0.4442264358340202,-0.1680269304754054,0.42977466336905734,0.3696180269304754,0.15832646331409728,0.26219840615553736,0.6968342951360263,6516.496015388842,1.653077554702758
-0.07567463588898027,0.12796097829073894,0.4442264358340202,-0.15802693047540545,0.42977466336905734,0.3696180269304754,0.20832646331409732,0.23219840615553744,0.7068342951360264,6767.496015388842,1.6575293064117425
-0.06567463588898026,0.07796097829073889,0.4442264358340202,-0.1780269304754054,0.43977466336905735,0.3896180269304754,0.23832646331409724,0.24219840615553734,0.6968342951360263,7184.496015388842,1.6575293064117425
-0.10567463588898018,0.057960978290738874,0.4242264358340202,-0.1680269304754054,0.44977466336905736,0.3396180269304754,0.1983264633140973,0.24219840615553734,0.7568342951360264,6859.496015388842,1.6615294933319085
-0.11567463588898019,0.057960978290738874,0.47422643583402024,-0.14802693047540544,0.44977466336905736,0.3396180269304754,0.20832646331409732,0.22219840615553743,0.7368342951360264,6616.496015388842,1.6655294418334954
-0.15567463588898023,0.11796097829073893,0.4042264358340202,-0.1680269304754054,0.42977466336905734,0.3396180269304754,0.1983264633140973,0.24219840615553734,0.7568342951360264,6937.496015388842,1.669529628753665
-0.19567463588898026,0.12796097829073894,0.4142264358340202,-0.14802693047540544,0.43977466336905735,0.3496180269304754,0.23832646331409724,0.2921984061555374,0.7568342951360264,7566.496015388842,1.669529628753665
-0.15567463588898023,0.0879609782907389,0.4142264358340202,-0.1680269304754054,0.45977466336905737,0.3496180269304754,0.22832646331409723,0.2821984061555374,0.7768342951360264,7507.496015388842,1.6734587669372551
-0.10567463588898018,0.04796097829073909,0.4342264358340202,-0.15802693047540545,0.4697746633690574,0.3596180269304754,0.1783264633140973,0.2921984061555374,0.7768342951360264,6996.496015388842,1.6782958030700676
-0.14567463588898022,0.02796097829073907,0.4542264358340202,-0.14802693047540544,0.44977466336905736,0.3296180269304755,0.1883264633140973,0.2921984061555374,0.8368342951360264,7057.496015388842,1.6820420742034905
-0.1256746358889802,0.03796097829073908,0.4342264358340202,-0.14802693047540544,0.44977466336905736,0.3196180269304755,0.1983264633140973,0.3321984061555374,0.8268342951360264,7280.496015388842,1.6860932826995843
-0.14567463588898022,-0.012039021709260966,0.4542264358340202,-0.12802693047540542,0.43977466336905735,0.3596180269304754,0.22832646331409723,0.3321984061555374,0.7968342951360264,7277.496015388842,1.6860932826995843
-0.14567463588898022,-0.0020390217092609575,0.4142264358340202,-0.15802693047540545,0.42977466336905734,0.3796180269304754,0.23832646331409724,0.3121984061555374,0.8268342951360264,6788.496015388842,1.69116563796997
-0.1356746358889802,0.007960978290739051,0.3942264358340203,-0.13802693047540543,0.41977466336905733,0.3796180269304754,0.24832646331409725,0.3421984061555374,0.7768342951360264,6661.496015388842,1.6941534996032708
-0.20567463588898016,-0.032039021709260984,0.3842264358340203,-0.15802693047540545,0.41977466336905733,0.3596180269304754,0.24832646331409725,0.3321984061555374,0.8068342951360263,6964.496015388842,1.6979648590087884
-0.18567463588898026,-0.032039021709260984,0.37422643583402027,-0.12802693047540542,0.44977466336905736,0.3296180269304755,0.24832646331409725,0.3121984061555374,0.8268342951360264,7347.496015388842,1.69867558479309
-0.20567463588898016,-0.032039021709260984,0.35422643583402025,-0.12802693047540542,0.43977466336905735,0.3596180269304754,0.2983264633140973,0.3221984061555374,0.8168342951360263,7048.496015388842,1.7026755332946806
-0.21567463588898017,-0.052039021709261,0.36422643583402026,-0.09802693047540545,0.44977466336905736,0.30961802693047547,0.23832646331409724,0.35219840615553744,0.8268342951360264,7007.496015388842,1.7070047378540032
-0.2756746358889802,-0.022039021709260975,0.3242264358340202,-0.09802693047540545,0.42977466336905734,0.29961802693047546,0.25832646331409725,0.37219840615553745,0.8368342951360264,7074.496015388842,1.7103514194488518
-0.2556746358889802,-0.04203902170926099,0.3042264358340202,-0.09802693047540545,0.47977466336905716,0.29961802693047546,0.22832646331409723,0.35219840615553744,0.8668342951360264,6797.496015388842,1.7103514194488518
-0.21567463588898017,-0.07203902170926102,0.2942264358340202,-0.08802693047540544,0.43977466336905735,0.30961802693047547,0.25832646331409725,0.39219840615553747,0.8868342951360264,6546.496015388842,1.714676809310916
-0.21567463588898017,-0.07203902170926102,0.25422643583402027,-0.08802693047540544,0.4697746633690574,0.29961802693047546,0.23832646331409724,0.36219840615553744,0.8768342951360264,6719.496015388842,1.7197110176086419
-0.22567463588898018,-0.13203902170926107,0.23422643583402025,-0.07802693047540543,0.42977466336905734,0.3396180269304754,0.26832646331409726,0.4321984061555373,0.8768342951360264,6882.496015388842,1.7228679180145257
-0.2456746358889802,-0.09203902170926104,0.22422643583402024,-0.048026930475405405,0.42977466336905734,0.3396180269304754,0.26832646331409726,0.4121984061555375,0.8668342951360264,6435.496015388842,1.7228679180145257
-0.2356746358889802,-0.06203902170926101,0.24422643583402026,-0.07802693047540543,0.41977466336905733,0.3596180269304754,0.25832646331409725,0.4321984061555373,0.8268342951360264,6478.496015388842,1.72713394165039
-0.2456746358889802,-0.09203902170926104,0.22422643583402024,-0.06802693047540542,0.42977466336905734,0.3396180269304754,0.2883264633140973,0.4521984061555373,0.8368342951360264,6431.496015388842,1.7312485694885247
-0.2456746358889802,-0.08203902170926103,0.23422643583402025,-0.06802693047540542,0.42977466336905734,0.3496180269304754,0.24832646331409725,0.4421984061555373,0.8368342951360264,6596.496015388842,1.7356440544128375
-0.2456746358889802,-0.08203902170926103,0.1842264358340202,-0.03802693047540545,0.4097746633690573,0.3696180269304754,0.2883264633140973,0.4421984061555373,0.8768342951360264,6351.496015388842,1.7356440544128375
-0.2556746358889802,-0.11203902170926106,0.1842264358340202,-0.048026930475405405,0.43977466336905735,0.3696180269304754,0.2883264633140973,0.4321984061555373,0.8968342951360264,6416.496015388842,1.7396189689636223
-0.2656746358889802,-0.13203902170926107,0.20422643583402023,-0.03802693047540545,0.43977466336905735,0.3596180269304754,0.25832646331409725,0.4221984061555375,0.9068342951360264,6431.496015388842,1.7436198711395257
-0.3056746358889802,-0.14203902170926097,0.1742264358340202,-0.03802693047540545,0.43977466336905735,0.3796180269304754,0.26832646331409726,0.4221984061555375,0.9068342951360264,6276.496015388842,1.7478622913360589
-0.29567463588898024,-0.11203902170926106,0.1842264358340202,-0.03802693047540545,0.44977466336905736,0.3696180269304754,0.27832646331409727,0.37219840615553745,0.8968342951360264,5911.496015388842,1.748827409744262
-0.3256746358889802,-0.14203902170926097,0.1842264358340202,-0.028026930475405443,0.4697746633690574,0.3596180269304754,0.2983264633140973,0.35219840615553744,0.9068342951360264,6190.496015388842,1.7511291027069085
-0.3056746358889802,-0.13203902170926107,0.1842264358340202,-0.008026930475405425,0.43977466336905735,0.3796180269304754,0.26832646331409726,0.38219840615553746,0.9168342951360264,6331.496015388842,1.7553929805755608
-0.3256746358889802,-0.14203902170926097,0.1842264358340202,-0.018026930475405434,0.43977466336905735,0.3696180269304754,0.25832646331409725,0.39219840615553747,0.9268342951360264,6192.496015388842,1.7597453117370598
-0.29567463588898024,-0.162039021709261,0.15422643583402018,-0.028026930475405443,0.44977466336905736,0.3796180269304754,0.22832646331409723,0.39219840615553747,0.9268342951360264,6303.496015388842,1.7637512207031243
-0.2656746358889802,-0.182039021709261,0.1642264358340202,-0.048026930475405405,0.45977466336905737,0.39961802693047543,0.22832646331409723,0.38219840615553746,0.9068342951360264,6130.496015388842,1.7644562244415276
-0.28567463588898023,-0.19203902170926102,0.20422643583402023,-0.03802693047540545,0.4897746633690572,0.39961802693047543,0.1983264633140973,0.38219840615553746,0.9168342951360264,5981.496015388842,1.7688040256500237
-0.29567463588898024,-0.19203902170926102,0.1742264358340202,-0.018026930475405434,0.4897746633690572,0.39961802693047543,0.27832646331409727,0.35219840615553744,0.8668342951360264,6118.496015388842,1.7732824802398675
-0.3256746358889802,-0.20203902170926102,0.14422643583402028,-0.018026930475405434,0.4697746633690574,0.42961802693047546,0.23832646331409724,0.38219840615553746,0.8868342951360264,6709.496015388842,1.7764510631561272
-0.29567463588898024,-0.19203902170926102,0.15422643583402018,-0.008026930475405425,0.44977466336905736,0.4896180269304754,0.25832646331409725,0.3421984061555374,0.9068342951360264,6520.496015388842,1.7764510631561272
-0.3056746358889802,-0.20203902170926102,0.12422643583402027,-0.008026930475405425,0.44977466336905736,0.5196180269304754,0.24832646331409725,0.2921984061555374,0.9068342951360264,6589.496015388842,1.7805301666259759
-0.28567463588898023,-0.24203902170926106,0.13422643583402027,0.011973069524594593,0.4697746633690574,0.5196180269304754,0.22832646331409723,0.2921984061555374,0.9468342951360265,6548.496015388842,1.784530591964721
-0.3156746358889802,-0.25203902170926107,0.12422643583402027,0.021973069524594546,0.44977466336905736,0.5096180269304754,0.26832646331409726,0.27219840615553736,0.9268342951360264,6049.496015388842,1.7890972614288358
-0.3156746358889802,-0.24203902170926106,0.08422643583402023,0.06197306952459458,0.43977466336905735,0.5196180269304754,0.3083264633140973,0.25219840615553735,0.9268342951360264,5966.496015388842,1.7890972614288358
-0.3256746358889802,-0.25203902170926107,0.08422643583402023,0.07197306952459459,0.4697746633690574,0.4596180269304754,0.3183264633140973,0.2921984061555374,0.9068342951360264,6277.496015388842,1.7925724506378167
-0.29567463588898024,-0.25203902170926107,0.08422643583402023,0.06197306952459458,0.45977466336905737,0.4696180269304754,0.2983264633140973,0.3021984061555374,0.9068342951360264,6262.496015388842,1.7965766906738274
-0.29567463588898024,-0.302039021709261,0.09422643583402024,0.07197306952459459,0.45977466336905737,0.4696180269304754,0.24832646331409725,0.2821984061555374,0.9068342951360264,6427.496015388842,1.8003158092498808
-0.3056746358889802,-0.292039021709261,0.08422643583402023,0.05197306952459457,0.4697746633690574,0.4696180269304754,0.24832646331409725,0.3021984061555374,0.9068342951360264,6466.496015388842,1.8013832092285185
-0.3056746358889802,-0.322039021709261,0.08422643583402023,0.041973069524594564,0.47977466336905716,0.4596180269304754,0.24832646331409725,0.3121984061555374,0.8968342951360264,6403.496015388842,1.8051075458526604
-0.2456746358889802,-0.35203902170926105,0.07422643583402022,0.011973069524594593,0.47977466336905716,0.4896180269304754,0.23832646331409724,0.2821984061555374,0.9168342951360264,5928.496015388842,1.8094756126403801
-0.2656746358889802,-0.34203902170926104,0.07422643583402022,0.041973069524594564,0.4897746633690572,0.4996180269304754,0.23832646331409724,0.23219840615553744,0.8868342951360264,5761.496015388842,1.812763166427608
-0.2456746358889802,-0.322039021709261,0.034226435834020186,0.05197306952459457,0.4897746633690572,0.5096180269304754,0.25832646331409725,0.22219840615553743,0.8968342951360264,6194.496015388842,1.813739490509036
-0.2656746358889802,-0.322039021709261,0.034226435834020186,0.05197306952459457,0.4897746633690572,0.5296180269304754,0.27832646331409727,0.24219840615553734,0.8768342951360264,6533.496015388842,1.8180698871612506
-0.2756746358889802,-0.35203902170926105,0.034226435834020186,0.05197306952459457,0.4997746633690572,0.5396180269304754,0.26832646331409726,0.1921984061555374,0.8268342951360264,6486.496015388842,1.8213197708129876
-0.2756746358889802,-0.3820390217092611,0.054226435834020204,0.05197306952459457,0.4997746633690572,0.5396180269304754,0.20832646331409732,0.24219840615553734,0.8368342951360264,7017.496015388842,1.8258475780487018
-0.2556746358889802,-0.35203902170926105,0.024226435834020288,0.021973069524594546,0.5097746633690572,0.5796180269304754,0.1983264633140973,0.24219840615553734,0.8068342951360263,6952.496015388842,1.8286163330078082
-0.2556746358889802,-0.37203902170926106,0.024226435834020288,0.06197306952459458,0.5097746633690572,0.5696180269304754,0.16832646331409729,0.2021984061555374,0.7868342951360264,6967.496015388842,1.8296322345733635
-0.28567463588898023,-0.3820390217092611,0.044226435834020195,0.0819730695245946,0.4897746633690572,0.5996180269304754,0.14832646331409727,0.16219840615553738,0.7368342951360264,6626.496015388842,1.833595943450927
-0.29567463588898024,-0.37203902170926106,-0.045773564165979774,0.10197306952459462,0.4897746633690572,0.5996180269304754,0.09832646331409722,0.16219840615553738,0.7168342951360264,6497.496015388842,1.8385960578918485
-0.29567463588898024,-0.412039021709261,-0.045773564165979774,0.11197306952459463,0.47977466336905716,0.6296180269304754,0.09832646331409722,0.1821984061555374,0.7268342951360264,6398.496015388842,1.8416790485382073
-0.3056746358889802,-0.35203902170926105,-0.045773564165979774,0.11197306952459463,0.4897746633690572,0.6496180269304754,0.08832646331409733,0.1921984061555374,0.6968342951360263,6063.496015388842,1.8416790485382073
-0.29567463588898024,-0.402039021709261,-0.05577356416597978,0.12197306952459452,0.5097746633690572,0.6196180269304754,0.10832646331409723,0.14219840615553736,0.6568342951360264,6174.496015388842,1.845684242248531
-0.29567463588898024,-0.412039021709261,-0.025773564165979757,0.10197306952459462,0.5197746633690572,0.6396180269304754,0.10832646331409723,0.14219840615553736,0.6868342951360263,6465.496015388842,1.8502721309661858
-0.28567463588898023,-0.39203902170926097,-0.05577356416597978,0.10197306952459462,0.4997746633690572,0.6296180269304754,0.08832646331409733,0.16219840615553738,0.6868342951360263,6568.496015388842,1.8541588306426995
-0.28567463588898023,-0.34203902170926104,-0.035773564165979765,0.06197306952459458,0.5597746633690572,0.6496180269304754,0.08832646331409733,0.08219840615553742,0.6668342951360264,6643.496015388842,1.8551976203918485
-0.29567463588898024,-0.3820390217092611,-0.10577356416597977,0.13197306952459453,0.5197746633690572,0.6496180269304754,0.0583264633140973,0.08219840615553742,0.6468342951360264,6626.496015388842,1.858195257186889
-0.3056746358889802,-0.37203902170926106,-0.1257735641659798,0.10197306952459462,0.5197746633690572,0.6596180269304754,0.04832646331409729,0.07219840615553741,0.6468342951360264,6717.496015388842,1.862389039993289
-0.3056746358889802,-0.412039021709261,-0.06577356416597979,0.10197306952459462,0.5197746633690572,0.6496180269304754,0.008326463314097254,0.04219840615553738,0.6368342951360264,6800.496015388842,1.86641616821289
-0.3656746358889802,-0.452039021709261,-0.07577356416597975,0.0819730695245946,0.5397746633690572,0.6496180269304754,-0.021673536685902772,0.05219840615553739,0.6468342951360264,6881.496015388842,1.8673943996429436
-0.3256746358889802,-0.412039021709261,-0.05577356416597978,0.12197306952459452,0.5297746633690572,0.6796180269304755,0.0583264633140973,0.022198406155537365,0.5968342951360264,6660.496015388842,1.8701550483703606
-0.3156746358889802,-0.452039021709261,-0.07577356416597975,0.0819730695245946,0.5297746633690572,0.6596180269304754,0.008326463314097254,-0.007801593844462662,0.6068342951360264,6595.496015388842,1.8754078865051262
-0.35567463588898024,-0.422039021709261,-0.09577356416597976,0.07197306952459459,0.5297746633690572,0.6596180269304754,-0.04167353668590268,0.032198406155537374,0.6068342951360264,7056.496015388842,1.8786756515502923
-0.34567463588898023,-0.402039021709261,-0.11577356416597978,0.12197306952459452,0.4997746633690572,0.6896180269304754,0.008326463314097254,0.022198406155537365,0.6268342951360264,6995.496015388842,1.8786756515502923
-0.35567463588898024,-0.402039021709261,-0.08577356416597975,0.12197306952459452,0.5297746633690572,0.6996180269304754,-0.0616735366859027,0.012198406155537356,0.5968342951360264,7078.496015388842,1.8827230453491204
-0.3256746358889802,-0.442039021709261,-0.11577356416597978,0.09197306952459461,0.5297746633690572,0.6896180269304754,-0.04167353668590268,0.012198406155537356,0.5868342951360264,6823.496015388842,1.886326503753665
-0.34567463588898023,-0.442039021709261,-0.08577356416597975,0.11197306952459463,0.5197746633690572,0.6896180269304754,-0.03167353668590278,0.032198406155537374,0.5768342951360264,6732.496015388842,1.8913650035858112
-0.34567463588898023,-0.452039021709261,-0.13577356416597974,0.12197306952459452,0.5297746633690572,0.6596180269304754,-0.03167353668590278,-0.007801593844462662,0.5668342951360263,6875.496015388842,1.8946623325347893
-0.3256746358889802,-0.46203902170926103,-0.11577356416597978,0.14197306952459454,0.5497746633690572,0.6196180269304754,-0.09167353668590272,-0.007801593844462662,0.5868342951360264,7210.496015388842,1.8954748630523675
-0.3156746358889802,-0.46203902170926103,-0.15577356416597976,0.15197306952459455,0.5097746633690572,0.6196180269304754,-0.11167353668590274,0.002198406155537347,0.5868342951360264,7179.496015388842,1.8993548870086663
-0.3256746358889802,-0.5020390217092611,-0.1857735641659798,0.18197306952459458,0.5297746633690572,0.6296180269304754,-0.10167353668590273,0.002198406155537347,0.5868342951360264,6360.496015388842,1.9034513950347893
-0.29567463588898024,-0.452039021709261,-0.14577356416597975,0.16197306952459456,0.5397746633690572,0.5896180269304754,-0.11167353668590274,0.032198406155537374,0.5568342951360263,6361.496015388842,1.90747423171997
-0.3256746358889802,-0.442039021709261,-0.1257735641659798,0.14197306952459454,0.5497746633690572,0.6096180269304754,-0.11167353668590274,0.022198406155537365,0.5668342951360263,6468.496015388842,1.90747423171997
-0.3356746358889802,-0.46203902170926103,-0.11577356416597978,0.11197306952459463,0.5797746633690573,0.6096180269304754,-0.10167353668590273,0.032198406155537374,0.5368342951360264,6211.496015388842,1.9113082408905022
-0.35567463588898024,-0.442039021709261,-0.11577356416597978,0.10197306952459462,0.5697746633690572,0.6096180269304754,-0.04167353668590268,0.04219840615553738,0.5768342951360264,6354.496015388842,1.9153558731079094
-0.3156746358889802,-0.442039021709261,-0.09577356416597976,0.11197306952459463,0.5797746633690573,0.6196180269304754,-0.03167353668590278,-0.007801593844462662,0.5468342951360264,6551.496015388842,1.9195188999176018
-0.34567463588898023,-0.47203902170926104,-0.10577356416597977,0.12197306952459452,0.5697746633690572,0.6196180269304754,-0.021673536685902772,0.0621984061555374,0.5368342951360264,6410.496015388842,1.9204232215881305
-0.3156746358889802,-0.452039021709261,-0.13577356416597974,0.07197306952459459,0.5597746633690572,0.6096180269304754,-0.05167353668590269,0.04219840615553738,0.5068342951360264,6293.496015388842,1.92359013557434
-0.34567463588898023,-0.432039021709261,-0.1257735641659798,0.13197306952459453,0.5397746633690572,0.5896180269304754,-0.05167353668590269,0.07219840615553741,0.5368342951360264,6646.496015388842,1.9289736270904498
-0.3156746358889802,-0.46203902170926103,-0.10577356416597977,0.10197306952459462,0.5897746633690573,0.5696180269304754,-0.05167353668590269,0.0621984061555374,0.5368342951360264,6409.496015388842,1.9319462299346881
-0.34567463588898023,-0.48203902170926105,-0.13577356416597974,0.0819730695245946,0.5797746633690573,0.5796180269304754,-0.04167353668590268,0.0621984061555374,0.5568342951360263,5950.496015388842,1.9319462299346881
-0.3356746358889802,-0.452039021709261,-0.15577356416597976,0.0819730695245946,0.5997746633690573,0.5696180269304754,-0.021673536685902772,0.0621984061555374,0.5568342951360263,5995.496015388842,1.9369179725646966
-0.3256746358889802,-0.5020390217092611,-0.1257735641659798,0.11197306952459463,0.5897746633690573,0.5996180269304754,-0.03167353668590278,0.04219840615553738,0.5368342951360264,5914.496015388842,1.9398998737335198
-0.3656746358889802,-0.47203902170926104,-0.14577356416597975,0.09197306952459461,0.5697746633690572,0.6196180269304754,0.008326463314097254,0.022198406155537365,0.5768342951360264,5617.496015388842,1.9441387176513665
-0.3256746358889802,-0.49203902170926106,-0.15577356416597976,0.11197306952459463,0.5897746633690573,0.5896180269304754,0.03832646331409728,0.07219840615553741,0.5568342951360263,5632.496015388842,1.9449536323547356
-0.3056746358889802,-0.442039021709261,-0.11577356416597978,0.09197306952459461,0.5897746633690573,0.5996180269304754,0.018326463314097263,0.09219840615553743,0.6168342951360264,5123.496015388842,1.9479639053344755
-0.3256746358889802,-0.452039021709261,-0.15577356416597976,0.0819730695245946,0.5797746633690573,0.5796180269304754,0.028326463314097272,0.07219840615553741,0.6168342951360264,5362.496015388842,1.9520411014556878
-0.3356746358889802,-0.46203902170926103,-0.15577356416597976,0.07197306952459459,0.5897746633690573,0.5596180269304754,0.04832646331409729,0.07219840615553741,0.6068342951360264,5357.496015388842,1.9570309638977044
-0.34567463588898023,-0.432039021709261,-0.1857735641659798,0.0819730695245946,0.5897746633690573,0.5196180269304754,0.03832646331409728,0.09219840615553743,0.6168342951360264,5086.496015388842,1.9570309638977044
-0.34567463588898023,-0.442039021709261,-0.15577356416597976,0.0819730695245946,0.5797746633690573,0.5596180269304754,0.0583264633140973,0.11219840615553744,0.6268342951360264,5493.496015388842,1.9610311508178704
-0.3256746358889802,-0.46203902170926103,-0.1857735641659798,0.07197306952459459,0.5697746633690572,0.5396180269304754,0.03832646331409728,0.10219840615553744,0.6268342951360264,6060.496015388842,1.9650308609008782
-0.29567463588898024,-0.452039021709261,-0.1857735641659798,0.10197306952459462,0.5497746633690572,0.5096180269304754,0.06832646331409731,0.10219840615553744,0.6368342951360264,6023.496015388842,1.9690310478210442
-0.3256746358889802,-0.452039021709261,-0.15577356416597976,0.011973069524594593,0.5597746633690572,0.4896180269304754,0.07832646331409732,0.07219840615553741,0.6368342951360264,5576.496015388842,1.971660566329959
-0.3356746358889802,-0.452039021709261,-0.14577356416597975,-0.018026930475405434,0.5497746633690572,0.5096180269304754,0.10832646331409723,0.05219840615553739,0.6068342951360264,5309.496015388842,1.9727153301239007
-0.3156746358889802,-0.442039021709261,-0.15577356416597976,-0.018026930475405434,0.5397746633690572,0.4996180269304754,0.10832646331409723,0.05219840615553739,0.6168342951360264,5590.496015388842,1.9768156528472893
-0.29567463588898024,-0.442039021709261,-0.15577356416597976,0.001973069524594584,0.5297746633690572,0.5196180269304754,0.10832646331409723,0.0621984061555374,0.6468342951360264,5469.496015388842,1.9811722755432122
-0.29567463588898024,-0.48203902170926105,-0.19577356416597974,-0.018026930475405434,0.5097746633690572,0.4896180269304754,0.10832646331409723,0.0621984061555374,0.6468342951360264,5276.496015388842,1.9844569683074909
-0.34567463588898023,-0.542039021709261,-0.1857735641659798,-0.008026930475405425,0.5197746633690572,0.4896180269304754,0.08832646331409733,0.04219840615553738,0.6768342951360264,5671.496015388842,1.9854681015014641
-0.3356746358889802,-0.48203902170926105,-0.1857735641659798,-0.028026930475405443,0.4897746633690572,0.4696180269304754,0.07832646331409732,0.05219840615553739,0.6868342951360263,5806.496015388842,1.9884521484374993
-0.34567463588898023,-0.46203902170926103,-0.23577356416597978,-0.028026930475405443,0.4897746633690572,0.42961802693047546,0.10832646331409723,0.08219840615553742,0.7068342951360264,5283.496015388842,1.9934653759002678
-0.28567463588898023,-0.49203902170926106,-0.24577356416597979,-0.03802693047540545,0.47977466336905716,0.43961802693047536,0.11832646331409724,0.10219840615553744,0.6968342951360263,5732.496015388842,1.9964582443237298
-0.28567463588898023,-0.49203902170926106,-0.22577356416597977,-0.048026930475405405,0.45977466336905737,0.43961802693047536,0.15832646331409728,0.04219840615553738,0.6868342951360263,5771.496015388842,1.997733545303344
-0.3256746358889802,-0.49203902170926106,-0.19577356416597974,-0.1080269304754054,0.4697746633690574,0.3696180269304754,0.13832646331409726,0.04219840615553738,0.7068342951360264,5878.496015388842,2.0018586635589593
-0.34567463588898023,-0.47203902170926104,-0.22577356416597977,-0.08802693047540544,0.43977466336905735,0.39961802693047543,0.11832646331409724,0.0621984061555374,0.6968342951360263,5987.496015388842,2.005840253829959
-0.3256746358889802,-0.512039021709261,-0.26577356416597975,-0.06802693047540542,0.42977466336905734,0.3496180269304754,0.1883264633140973,0.022198406155537365,0.6968342951360263,6150.496015388842,2.009865474700927
-0.3156746358889802,-0.522039021709261,-0.22577356416597977,-0.058026930475405414,0.41977466336905733,0.3696180269304754,0.1983264633140973,0.012198406155537356,0.7068342951360264,6071.496015388842,2.009865474700927
-0.3056746358889802,-0.5020390217092611,-0.26577356416597975,-0.07802693047540543,0.42977466336905734,0.3696180269304754,0.1983264633140973,-0.007801593844462662,0.6568342951360264,5726.496015388842,2.01285810470581
-0.3056746358889802,-0.49203902170926106,-0.25577356416597974,-0.09802693047540545,0.44977466336905736,0.3496180269304754,0.1783264633140973,0.032198406155537374,0.6568342951360264,6077.496015388842,2.0179860115051262
-0.3056746358889802,-0.48203902170926105,-0.26577356416597975,-0.1080269304754054,0.44977466336905736,0.3596180269304754,0.15832646331409728,0.07219840615553741,0.6568342951360264,5946.496015388842,2.0219957351684563
-0.28567463588898023,-0.5020390217092611,-0.23577356416597978,-0.12802693047540542,0.43977466336905735,0.3296180269304755,0.16832646331409729,0.0621984061555374,0.6768342951360264,5913.496015388842,2.0219957351684563
-0.28567463588898023,-0.5020390217092611,-0.23577356416597978,-0.14802693047540544,0.3997746633690573,0.3596180269304754,0.16832646331409729,0.0621984061555374,0.6968342951360263,6376.496015388842,2.025688123703002
-0.2556746358889802,-0.49203902170926106,-0.19577356416597974,-0.1780269304754054,0.3997746633690573,0.3396180269304754,0.12832646331409725,0.05219840615553739,0.7068342951360264,6409.496015388842,2.0298490047454827
-0.2656746358889802,-0.47203902170926104,-0.20577356416597975,-0.15802693047540545,0.3997746633690573,0.3396180269304754,0.11832646331409724,0.0621984061555374,0.6768342951360264,6266.496015388842,2.0338747024536126
-0.2556746358889802,-0.512039021709261,-0.22577356416597977,-0.18802693047540542,0.3997746633690573,0.3396180269304754,0.12832646331409725,0.05219840615553739,0.6568342951360264,6405.496015388842,2.0380823135376005
-0.28567463588898023,-0.49203902170926106,-0.16577356416597977,-0.1680269304754054,0.3997746633690573,0.3196180269304755,0.1783264633140973,0.022198406155537365,0.6768342951360264,6340.496015388842,2.0380823135376005
-0.2756746358889802,-0.47203902170926104,-0.17577356416597978,-0.13802693047540543,0.3797746633690573,0.29961802693047546,0.13832646331409726,0.07219840615553741,0.6968342951360263,6011.496015388842,2.0420784473419182
-0.2556746358889802,-0.47203902170926104,-0.20577356416597975,-0.1680269304754054,0.3797746633690573,0.28961802693047545,0.11832646331409724,0.05219840615553739,0.6668342951360264,5862.496015388842,2.046301078796386
-0.2556746358889802,-0.5020390217092611,-0.17577356416597978,-0.15802693047540545,0.3797746633690573,0.29961802693047546,0.12832646331409725,0.07219840615553741,0.6868342951360263,5763.496015388842,2.0503284454345696
-0.2756746358889802,-0.432039021709261,-0.1857735641659798,-0.14802693047540544,0.3997746633690573,0.29961802693047546,0.13832646331409726,0.07219840615553741,0.6368342951360264,5566.496015388842,2.0513274192810087
-0.2656746358889802,-0.452039021709261,-0.21577356416597976,-0.1680269304754054,0.3997746633690573,0.30961802693047547,0.14832646331409727,0.07219840615553741,0.6768342951360264,5581.496015388842,2.0545775413513176
-0.2656746358889802,-0.46203902170926103,-0.19577356416597974,-0.1780269304754054,0.3997746633690573,0.29961802693047546,0.14832646331409727,0.09219840615553743,0.6868342951360263,5338.496015388842,2.058601570129394
-0.2456746358889802,-0.47203902170926104,-0.19577356416597974,-0.1780269304754054,0.3797746633690573,0.26961802693047543,0.12832646331409725,0.11219840615553744,0.6968342951360263,5083.496015388842,2.0618166446685784
-0.29567463588898024,-0.5020390217092611,-0.3157735641659798,-0.1680269304754054,0.3797746633690573,0.29961802693047546,-0.05167353668590269,0.12219840615553734,0.5568342951360263,4806.496015388842,2.062825155258178
-0.3056746358889802,-0.48203902170926105,-0.28577356416597977,-0.1780269304754054,0.3897746633690573,0.3296180269304755,0.028326463314097272,0.14219840615553736,0.5768342951360264,4369.496015388842,2.0668246269226067
-0.28567463588898023,-0.47203902170926104,-0.24577356416597979,-0.15802693047540545,0.3997746633690573,0.3496180269304754,-0.0016735366859027545,0.16219840615553738,0.5968342951360264,3660.4960153888424,2.0708858489990227
-0.29567463588898024,-0.49203902170926106,-0.19577356416597974,-0.14802693047540544,0.3897746633690573,0.30961802693047547,0.008326463314097254,0.22219840615553743,0.6768342951360264,3395.4960153888424,2.0752136230468743
-0.2756746358889802,-0.452039021709261,-0.19577356416597974,-0.18802693047540542,0.3797746633690573,0.29961802693047546,0.03832646331409728,0.25219840615553735,0.6068342951360264,3196.4960153888424,2.0760352134704583
-0.2756746358889802,-0.452039021709261,-0.19577356416597974,-0.1680269304754054,0.3697746633690573,0.28961802693047545,0.018326463314097263,0.26219840615553736,0.6068342951360264,3443.4960153888424,2.07867522239685
-0.28567463588898023,-0.452039021709261,-0.1857735641659798,-0.18802693047540542,0.3697746633690573,0.30961802693047547,0.03832646331409728,0.22219840615553743,0.6068342951360264,3242.4960153888424,2.0831689357757597
-0.3256746358889802,-0.452039021709261,-0.20577356416597975,-0.15802693047540545,0.3597746633690573,0.29961802693047546,0.03832646331409728,0.22219840615553743,0.6268342951360264,3129.4960153888424,2.087497901916503
-0.28567463588898023,-0.432039021709261,-0.15577356416597976,-0.15802693047540545,0.34977466336905727,0.30961802693047547,0.0583264633140973,0.27219840615553736,0.6368342951360264,3558.4960153888424,2.0884456157684355
-0.28567463588898023,-0.442039021709261,-0.21577356416597976,-0.15802693047540545,0.33977466336905726,0.2596180269304754,0.0583264633140973,0.2821984061555374,0.6568342951360264,3471.4960153888424,2.091584873199462
-0.28567463588898023,-0.452039021709261,-0.17577356416597978,-0.1680269304754054,0.31977466336905724,0.23961802693047543,0.0583264633140973,0.3121984061555374,0.6768342951360264,3426.4960153888424,2.095792722702022
-0.28567463588898023,-0.442039021709261,-0.23577356416597978,-0.1680269304754054,0.31977466336905724,0.26961802693047543,0.06832646331409731,0.2921984061555374,0.6668342951360264,3343.4960153888424,2.099637460708614
-0.3056746358889802,-0.46203902170926103,-0.24577356416597979,-0.18802693047540542,0.2997746633690572,0.2596180269304754,0.06832646331409731,0.2821984061555374,0.6768342951360264,3470.4960153888424,2.099637460708614
-0.3056746358889802,-0.47203902170926104,-0.22577356416597977,-0.18802693047540542,0.2897746633690572,0.27961802693047544,0.10832646331409723,0.25219840615553735,0.7068342951360264,3503.4960153888424,2.103673887252807
-0.28567463588898023,-0.47203902170926104,-0.21577356416597976,-0.1780269304754054,0.2897746633690572,0.24961802693047544,0.13832646331409726,0.25219840615553735,0.7368342951360264,3420.4960153888424,2.108892631530761
-0.29567463588898024,-0.452039021709261,-0.22577356416597977,-0.19802693047540543,0.2997746633690572,0.29961802693047546,0.15832646331409728,0.2821984061555374,0.7368342951360264,3805.4960153888424,2.1119033813476555
-0.3056746358889802,-0.432039021709261,-0.22577356416597977,-0.1780269304754054,0.2597746633690572,0.28961802693047545,0.13832646331409726,0.2821984061555374,0.7468342951360264,3992.4960153888424,2.1161567687988274
-0.2756746358889802,-0.442039021709261,-0.21577356416597976,-0.15802693047540545,0.23977466336905717,0.29961802693047546,0.15832646331409728,0.3021984061555374,0.7568342951360264,3517.4960153888424,2.1169178009033196
-0.2756746358889802,-0.46203902170926103,-0.19577356416597974,-0.18802693047540542,0.23977466336905717,0.29961802693047546,0.12832646331409725,0.3321984061555374,0.7968342951360264,3968.4960153888424,2.1194827079772907
-0.2756746358889802,-0.5020390217092611,-0.22577356416597977,-0.15802693047540545,0.23977466336905717,0.28961802693047545,0.15832646331409728,0.3121984061555374,0.7768342951360264,4257.496015388842,2.1248919486999505
-0.28567463588898023,-0.5020390217092611,-0.22577356416597977,-0.1780269304754054,0.21977466336905738,0.24961802693047544,0.14832646331409727,0.2821984061555374,0.7968342951360264,3876.4960153888424,2.128407192230224
-0.28567463588898023,-0.48203902170926105,-0.24577356416597979,-0.1680269304754054,0.22977466336905716,0.22961802693047542,0.22832646331409723,0.3121984061555374,0.8168342951360263,4245.496015388842,2.128407192230224
-0.3156746358889802,-0.512039021709261,-0.20577356416597975,-0.19802693047540543,0.21977466336905738,0.2196180269304754,0.24832646331409725,0.2921984061555374,0.8468342951360264,4526.496015388842,2.132492494583129
-0.2656746358889802,-0.512039021709261,-0.23577356416597978,-0.1780269304754054,0.19977466336905736,0.22961802693047542,0.24832646331409725,0.3321984061555374,0.8168342951360263,4119.496015388842,2.1365091323852496
-0.2756746358889802,-0.5020390217092611,-0.20577356416597975,-0.19802693047540543,0.15977466336905732,0.22961802693047542,0.20832646331409732,0.3321984061555374,0.8068342951360263,3706.4960153888424,2.1403462409973137
-0.29567463588898024,-0.452039021709261,-0.19577356416597974,-0.19802693047540543,0.17977466336905734,0.2596180269304754,0.1883264633140973,0.35219840615553744,0.8168342951360263,3873.4960153888424,2.1414129257202106
-0.2656746358889802,-0.49203902170926106,-0.19577356416597974,-0.1680269304754054,0.16977466336905733,0.28961802693047545,0.1983264633140973,0.3221984061555374,0.8568342951360264,3606.4960153888424,2.1444856643676786
-0.3056746358889802,-0.48203902170926105,-0.20577356416597975,-0.15802693047540545,0.15977466336905732,0.26961802693047543,0.24832646331409725,0.2821984061555374,0.8768342951360264,3995.4960153888424,2.149546575546264
-0.2556746358889802,-0.47203902170926104,-0.20577356416597975,-0.1680269304754054,0.15977466336905732,0.22961802693047542,0.25832646331409725,0.3121984061555374,0.8668342951360264,4156.496015388842,2.1535243511199944
-0.2556746358889802,-0.5020390217092611,-0.1857735641659798,-0.19802693047540543,0.17977466336905734,0.2196180269304754,0.25832646331409725,0.36219840615553744,0.8968342951360264,4369.496015388842,2.1535243511199944
-0.2656746358889802,-0.512039021709261,-0.19577356416597974,-0.1780269304754054,0.14977466336905731,0.23961802693047543,0.22832646331409723,0.36219840615553744,0.8668342951360264,3734.4960153888424,2.1575245380401604
-0.2556746358889802,-0.5020390217092611,-0.19577356416597974,-0.15802693047540545,0.15977466336905732,0.23961802693047543,0.22832646331409723,0.36219840615553744,0.8868342951360264,3379.4960153888424,2.1621181488037102
-0.2656746358889802,-0.522039021709261,-0.20577356416597975,-0.15802693047540545,0.14977466336905731,0.22961802693047542,0.25832646331409725,0.37219840615553745,0.8668342951360264,3424.4960153888424,2.165758562088012
-0.2656746358889802,-0.522039021709261,-0.20577356416597975,-0.14802693047540544,0.1397746633690573,0.23961802693047543,0.23832646331409724,0.38219840615553746,0.8768342951360264,3771.4960153888424,2.165758562088012
-0.2456746358889802,-0.522039021709261,-0.1857735641659798,-0.19802693047540543,0.1397746633690573,0.23961802693047543,0.23832646331409724,0.4021984061555375,0.8968342951360264,3982.4960153888424,2.170228195190429
-0.2456746358889802,-0.522039021709261,-0.20577356416597975,-0.1780269304754054,0.1397746633690573,0.22961802693047542,0.24832646331409725,0.37219840615553745,0.8868342951360264,3909.4960153888424,2.173497867584228
-0.2456746358889802,-0.542039021709261,-0.20577356416597975,-0.1680269304754054,0.1397746633690573,0.2196180269304754,0.23832646331409724,0.39219840615553747,0.8968342951360264,4116.496015388842,2.177664709091186
-0.2556746358889802,-0.512039021709261,-0.21577356416597976,-0.18802693047540542,0.1397746633690573,0.2196180269304754,0.24832646331409725,0.38219840615553746,0.9068342951360264,4179.496015388842,2.1812159538269036
-0.21567463588898017,-0.512039021709261,-0.22577356416597977,-0.18802693047540542,0.1397746633690573,0.2196180269304754,0.24832646331409725,0.37219840615553745,0.8968342951360264,4024.4960153888424,2.1822838306426995
-0.21567463588898017,-0.5020390217092611,-0.21577356416597976,-0.19802693047540543,0.1397746633690573,0.20961802693047546,0.24832646331409725,0.38219840615553746,0.8868342951360264,4499.496015388842,2.1862835407257073
-0.21567463588898017,-0.552039021709261,-0.24577356416597979,-0.19802693047540543,0.1397746633690573,0.19961802693047545,0.25832646331409725,0.4121984061555375,0.9168342951360264,4452.496015388842,2.1896614551544182
-0.2356746358889802,-0.542039021709261,-0.23577356416597978,-0.19802693047540543,0.1297746633690573,0.20961802693047546,0.23832646331409724,0.4121984061555375,0.9368342951360265,4357.496015388842,2.193320703506469
-0.20567463588898016,-0.552039021709261,-0.20577356416597975,-0.21802693047540542,0.11977466336905729,0.19961802693047545,0.20832646331409732,0.4321984061555373,0.9068342951360264,4352.496015388842,2.193320703506469
-0.20567463588898016,-0.542039021709261,-0.21577356416597976,-0.22802693047540543,0.10977466336905728,0.16961802693047542,0.21832646331409722,0.39219840615553747,0.9068342951360264,3933.4960153888424,2.1983212947845416
-0.22567463588898018,-0.552039021709261,-0.19577356416597974,-0.1780269304754054,0.09977466336905727,0.17961802693047543,0.23832646331409724,0.4021984061555375,0.8968342951360264,3588.4960153888424,2.2025539398193352
-0.21567463588898017,-0.532039021709261,-0.19577356416597974,-0.1780269304754054,0.08977466336905726,0.18961802693047544,0.21832646331409722,0.35219840615553744,0.9068342951360264,3527.4960153888424,2.205553722381591
-0.19567463588898026,-0.532039021709261,-0.1857735641659798,-0.1680269304754054,0.08977466336905726,0.17961802693047543,0.16832646331409729,0.38219840615553746,0.9068342951360264,4032.4960153888424,2.206548881530761
-0.19567463588898026,-0.552039021709261,-0.19577356416597974,-0.20802693047540544,0.07977466336905725,0.17961802693047543,0.22832646331409723,0.37219840615553745,0.9068342951360264,4171.496015388842,2.209990453720092
-0.20567463588898016,-0.532039021709261,-0.1857735641659798,-0.18802693047540542,0.059774663369057235,0.17961802693047543,0.25832646331409725,0.3421984061555374,0.8968342951360264,3796.4960153888424,2.2144028663635247
-0.19567463588898026,-0.552039021709261,-0.20577356416597975,-0.19802693047540543,0.059774663369057235,0.13961802693047545,0.21832646331409722,0.3321984061555374,0.9268342951360264,3905.4960153888424,2.2185410976409905
-0.20567463588898016,-0.562039021709261,-0.20577356416597975,-0.18802693047540542,0.049774663369057226,0.16961802693047542,0.22832646331409723,0.3121984061555374,0.8968342951360264,4304.496015388842,2.2185410976409905
-0.21567463588898017,-0.532039021709261,-0.19577356416597974,-0.21802693047540542,0.049774663369057226,0.15961802693047542,0.23832646331409724,0.3121984061555374,0.9068342951360264,4391.496015388842,2.22254128456116
-0.20567463588898016,-0.542039021709261,-0.20577356416597975,-0.21802693047540542,0.06977466336905724,0.14961802693047546,0.26832646331409726,0.2921984061555374,0.8968342951360264,4104.496015388842,2.22705693244934
-0.19567463588898026,-0.542039021709261,-0.19577356416597974,-0.18802693047540542,0.049774663369057226,0.12961802693047544,0.27832646331409727,0.2821984061555374,0.8968342951360264,3999.4960153888424,2.231056880950927
-0.17567463588898025,-0.512039021709261,-0.19577356416597974,-0.21802693047540542,0.03977466336905722,0.14961802693047546,0.23832646331409724,0.3121984061555374,0.9168342951360264,4302.496015388842,2.231056880950927
-0.17567463588898025,-0.532039021709261,-0.1857735641659798,-0.24802693047540542,0.02977466336905732,0.07961802693047543,0.22832646331409723,0.3121984061555374,0.8868342951360264,4251.496015388842,2.2345726013183587
-0.16567463588898024,-0.532039021709261,-0.20577356416597975,-0.23802693047540543,0.01977466336905731,0.05961802693047544,0.21832646331409722,0.2921984061555374,0.8968342951360264,4680.496015388842,2.23862977027893
-0.16567463588898024,-0.522039021709261,-0.21577356416597976,-0.19802693047540543,0.01977466336905731,0.07961802693047543,0.20832646331409732,0.24219840615553734,0.8868342951360264,4489.496015388842,2.242629957199096
-0.16567463588898024,-0.522039021709261,-0.1857735641659798,-0.1780269304754054,0.009774663369057301,0.06961802693047545,0.24832646331409725,0.23219840615553744,0.8768342951360264,4032.4960153888424,2.2436408519744866
-0.14567463588898022,-0.522039021709261,-0.17577356416597978,-0.19802693047540543,0.009774663369057301,0.06961802693047545,0.26832646331409726,0.1921984061555374,0.8968342951360264,4351.496015388842,2.2476377010345416
-0.16567463588898024,-0.542039021709261,-0.17577356416597978,-0.19802693047540543,-0.0002253366309427074,0.06961802693047545,0.26832646331409726,0.2021984061555374,0.8768342951360264,4438.496015388842,2.251018476486209
-0.14567463588898022,-0.542039021709261,-0.17577356416597978,-0.23802693047540543,-0.010225336630942716,0.05961802693047544,0.24832646331409725,0.21219840615553742,0.8568342951360264,4419.496015388842,2.255130720138549
-0.14567463588898022,-0.522039021709261,-0.17577356416597978,-0.22802693047540543,-0.0002253366309427074,0.04961802693047543,0.20832646331409732,0.2021984061555374,0.8368342951360264,4198.496015388842,2.258825016021728
-0.14567463588898022,-0.512039021709261,-0.17577356416597978,-0.23802693047540543,-0.030225336630942734,0.05961802693047544,0.1883264633140973,0.2021984061555374,0.7768342951360264,3973.4960153888424,2.2598247051239007
-0.14567463588898022,-0.532039021709261,-0.1857735641659798,-0.22802693047540543,-0.030225336630942734,0.07961802693047543,0.20832646331409732,0.1721984061555374,0.8068342951360263,3998.4960153888424,2.263905477523803
-0.14567463588898022,-0.542039021709261,-0.19577356416597974,-0.21802693047540542,-0.020225336630942725,0.05961802693047544,0.20832646331409732,0.1721984061555374,0.7668342951360264,4017.4960153888424,2.2679180622100823
-0.16567463588898024,-0.522039021709261,-0.16577356416597977,-0.23802693047540543,-0.05022533663094275,0.06961802693047545,0.1783264633140973,0.1821984061555374,0.7368342951360264,3776.4960153888424,2.271979522705081
-0.15567463588898023,-0.532039021709261,-0.16577356416597977,-0.20802693047540544,-0.05022533663094275,0.07961802693047543,0.1783264633140973,0.1721984061555374,0.7568342951360264,3875.4960153888424,2.271979522705081
-0.18567463588898026,-0.522039021709261,-0.17577356416597978,-0.19802693047540543,-0.06022533663094276,0.06961802693047545,0.14832646331409727,0.14219840615553736,0.7468342951360264,4058.4960153888424,2.27604432106018
-0.18567463588898026,-0.522039021709261,-0.16577356416597977,-0.23802693047540543,-0.05022533663094275,0.06961802693047545,0.12832646331409725,0.13219840615553735,0.7268342951360264,3773.4960153888424,2.2811419486999505
-0.18567463588898026,-0.532039021709261,-0.15577356416597976,-0.24802693047540542,-0.06022533663094276,0.05961802693047544,0.10832646331409723,0.14219840615553736,0.7368342951360264,3746.4960153888424,2.28359146118164
-0.21567463588898017,-0.48203902170926105,-0.15577356416597976,-0.23802693047540543,-0.07022533663094277,0.06961802693047545,0.12832646331409725,0.09219840615553743,0.7568342951360264,3863.4960153888424,2.28359146118164
-0.22567463588898018,-0.48203902170926105,-0.14577356416597975,-0.24802693047540542,-0.07022533663094277,0.07961802693047543,0.08832646331409733,0.0621984061555374,0.7768342951360264,3856.4960153888424,2.288678836822509
-0.22567463588898018,-0.49203902170926106,-0.16577356416597977,-0.24802693047540542,-0.07022533663094277,0.07961802693047543,0.06832646331409731,0.05219840615553739,0.7268342951360264,3801.4960153888424,2.2933198928833
-0.2556746358889802,-0.48203902170926105,-0.15577356416597976,-0.24802693047540542,-0.07022533663094277,0.07961802693047543,0.04832646331409729,0.05219840615553739,0.7268342951360264,3464.4960153888424,2.2964059829711907
-0.2356746358889802,-0.48203902170926105,-0.16577356416597977,-0.26802693047540543,-0.08022533663094278,0.06961802693047545,0.028326463314097272,0.012198406155537356,0.7168342951360264,3427.4960153888424,2.2974268913269036
-0.2756746358889802,-0.49203902170926106,-0.17577356416597978,-0.24802693047540542,-0.07022533663094277,0.06961802693047545,0.028326463314097272,0.012198406155537356,0.6868342951360263,3778.4960153888424,2.300970745086669
-0.2756746358889802,-0.47203902170926104,-0.1857735641659798,-0.2580269304754054,-0.07022533663094277,0.05961802693047544,0.008326463314097254,0.022198406155537365,0.6668342951360264,3929.4960153888424,2.3049711704254108
-0.2656746358889802,-0.48203902170926105,-0.16577356416597977,-0.2780269304754054,-0.06022533663094276,0.05961802693047544,0.008326463314097254,0.012198406155537356,0.6868342951360263,3672.4960153888424,2.3092960834503202
-0.2556746358889802,-0.47203902170926104,-0.15577356416597976,-0.26802693047540543,-0.07022533663094277,0.05961802693047544,0.028326463314097272,-0.057801593844462595,0.6768342951360264,3711.4960153888424,2.3092960834503202
-0.2356746358889802,-0.47203902170926104,-0.16577356416597977,-0.2580269304754054,-0.07022533663094277,0.06961802693047545,0.008326463314097254,-0.0678015938444626,0.6268342951360264,3874.4960153888424,2.312277746200561
-0.2556746358889802,-0.47203902170926104,-0.17577356416597978,-0.2780269304754054,-0.06022533663094276,0.06961802693047545,0.018326463314097263,-0.0678015938444626,0.6468342951360264,3989.4960153888424,2.3179456710815423
-0.2556746358889802,-0.48203902170926105,-0.17577356416597978,-0.2580269304754054,-0.07022533663094277,0.05961802693047544,-0.021673536685902772,-0.057801593844462595,0.6168342951360264,3836.4960153888424,2.3211392879486077
-0.2656746358889802,-0.48203902170926105,-0.16577356416597977,-0.2780269304754054,-0.07022533663094277,0.05961802693047544,-0.05167353668590269,-0.057801593844462595,0.6168342951360264,4139.496015388842,2.325159740448001
-0.2756746358889802,-0.542039021709261,-0.17577356416597978,-0.23802693047540543,-0.1102253366309427,0.05961802693047544,-0.05167353668590269,-0.0678015938444626,0.6368342951360264,3812.4960153888424,2.325702619552608
-0.2556746358889802,-0.522039021709261,-0.20577356416597975,-0.21802693047540542,-0.10022533663094269,0.06961802693047545,-0.011673536685902763,-0.07780159384446261,0.6368342951360264,3649.4960153888424,2.3289279460906975
-0.2656746358889802,-0.5020390217092611,-0.16577356416597977,-0.23802693047540543,-0.09022533663094268,0.06961802693047545,-0.011673536685902763,-0.07780159384446261,0.6368342951360264,3480.4960153888424,2.333978605270385
-0.2656746358889802,-0.512039021709261,-0.1857735641659798,-0.23802693047540543,-0.09022533663094268,0.05961802693047544,-0.04167353668590268,-0.057801593844462595,0.6268342951360264,3119.4960153888424,2.3374354362487786
-0.2756746358889802,-0.47203902170926104,-0.1857735641659798,-0.23802693047540543,-0.08022533663094278,0.06961802693047545,-0.09167353668590272,-0.047801593844462587,0.5968342951360264,2930.4960153888424,2.3374354362487786
-0.2756746358889802,-0.452039021709261,-0.1857735641659798,-0.23802693047540543,-0.08022533663094278,0.04961802693047543,-0.10167353668590273,-0.07780159384446261,0.5868342951360264,2703.4960153888424,2.3416425704956048
-0.3056746358889802,-0.46203902170926103,-0.15577356416597976,-0.23802693047540543,-0.08022533663094278,0.05961802693047544,-0.13167353668590276,-0.08780159384446262,0.5368342951360264,2878.4960153888424,2.3462302207946806
-0.2556746358889802,-0.48203902170926105,-0.16577356416597977,-0.2580269304754054,-0.07022533663094277,0.05961802693047544,-0.14167353668590277,-0.11780159384446265,0.5568342951360263,2619.4960153888424,2.3492528915405266
-0.2756746358889802,-0.48203902170926105,-0.17577356416597978,-0.23802693047540543,-0.10022533663094269,0.05961802693047544,-0.10167353668590273,-0.10780159384446264,0.5168342951360264,2938.4960153888424,2.3503386497497587
-0.2656746358889802,-0.47203902170926104,-0.15577356416597976,-0.22802693047540543,-0.10022533663094269,0.05961802693047544,-0.09167353668590272,-0.13780159384446256,0.5268342951360264,3361.4960153888424,2.3543278694152825
-0.2656746358889802,-0.46203902170926103,-0.17577356416597978,-0.22802693047540543,-0.09022533663094268,0.04961802693047543,-0.0616735366859027,-0.12780159384446266,0.4868342951360264,3114.4960153888424,2.357630443573001
-0.29567463588898024,-0.49203902170926106,-0.16577356416597977,-0.21802693047540542,-0.09022533663094268,0.06961802693047545,-0.08167353668590271,-0.12780159384446266,0.4868342951360264,3181.4960153888424,2.3615867614746087
-0.2756746358889802,-0.47203902170926104,-0.17577356416597978,-0.20802693047540544,-0.09022533663094268,0.05961802693047544,-0.10167353668590273,-0.13780159384446256,0.4868342951360264,3424.4960153888424,2.362641286849975
-0.2656746358889802,-0.46203902170926103,-0.17577356416597978,-0.22802693047540543,-0.09022533663094268,0.05961802693047544,-0.10167353668590273,-0.1778015938444626,0.43683429513602634,3105.4960153888424,2.3660084724426262
-0.2656746358889802,-0.46203902170926103,-0.16577356416597977,-0.22802693047540543,-0.09022533663094268,0.03961802693047545,-0.08167353668590271,-0.1978015938444626,0.43683429513602634,3452.4960153888424,2.3701080799102776
-0.2356746358889802,-0.47203902170926104,-0.16577356416597977,-0.21802693047540542,-0.08022533663094278,0.05961802693047544,-0.09167353668590272,-0.1878015938444626,0.43683429513602634,3695.4960153888424,2.3740918159484856
-0.2456746358889802,-0.49203902170926106,-0.15577356416597976,-0.22802693047540543,-0.09022533663094268,0.05961802693047544,-0.0716735366859027,-0.1778015938444626,0.42683429513602644,3380.4960153888424,2.3750915050506585
-0.2456746358889802,-0.48203902170926105,-0.15577356416597976,-0.22802693047540543,-0.1102253366309427,0.05961802693047544,-0.09167353668590272,-0.1878015938444626,0.42683429513602644,3237.4960153888424,2.3780946254730218
-0.2356746358889802,-0.442039021709261,-0.16577356416597977,-0.21802693047540542,-0.08022533663094278,0.04961802693047543,-0.10167353668590273,-0.20780159384446262,0.3868342951360264,3300.4960153888424,2.382086944580081
-0.2356746358889802,-0.48203902170926105,-0.16577356416597977,-0.22802693047540543,-0.08022533663094278,0.03961802693047545,-0.09167353668590272,-0.1978015938444626,0.3768342951360264,3135.4960153888424,2.38633222579956
-0.22567463588898018,-0.512039021709261,-0.16577356416597977,-0.24802693047540542,-0.09022533663094268,0.03961802693047545,-0.0616735366859027,-0.1978015938444626,0.3868342951360264,2828.4960153888424,2.390318346023559
-0.2356746358889802,-0.49203902170926106,-0.16577356416597977,-0.22802693047540543,-0.10022533663094269,0.04961802693047543,-0.0616735366859027,-0.1978015938444626,0.41683429513602643,2735.4960153888424,2.3910490989685016
-0.22567463588898018,-0.48203902170926105,-0.15577356416597976,-0.21802693047540542,-0.09022533663094268,0.04961802693047543,-0.0616735366859027,-0.1878015938444626,0.4068342951360264,3212.4960153888424,2.3955285072326618
-0.21567463588898017,-0.49203902170926106,-0.16577356416597977,-0.23802693047540543,-0.09022533663094268,0.03961802693047545,-0.05167353668590269,-0.2378015938444626,0.3768342951360264,3457.4960153888424,2.399558734893798
-0.21567463588898017,-0.49203902170926106,-0.16577356416597977,-0.23802693047540543,-0.09022533663094268,0.04961802693047543,-0.05167353668590269,-0.1878015938444626,0.3668342951360264,3040.4960153888424,2.403070402145385
-0.20567463588898016,-0.48203902170926105,-0.15577356416597976,-0.23802693047540543,-0.09022533663094268,0.04961802693047543,-0.021673536685902772,-0.1878015938444626,0.3668342951360264,2641.4960153888424,2.4040755748748808
-0.20567463588898016,-0.48203902170926105,-0.15577356416597976,-0.24802693047540542,-0.10022533663094269,0.03961802693047545,-0.05167353668590269,-0.20780159384446262,0.3768342951360264,2460.4960153888424,2.4073421478271477
-0.19567463588898026,-0.5020390217092611,-0.15577356416597976,-0.24802693047540542,-0.09022533663094268,0.03961802693047545,-0.05167353668590269,-0.21780159384446263,0.3868342951360264,2873.4960153888424,2.4108678817749016
-0.19567463588898026,-0.512039021709261,-0.15577356416597976,-0.2580269304754054,-0.09022533663094268,0.02961802693047544,-0.04167353668590268,-0.2378015938444626,0.3668342951360264,3016.4960153888424,2.414884519577022
-0.18567463588898026,-0.5020390217092611,-0.14577356416597975,-0.2580269304754054,-0.10022533663094269,0.02961802693047544,-0.05167353668590269,-0.2678015938444626,0.3668342951360264,2807.4960153888424,2.4158944606781
-0.19567463588898026,-0.5020390217092611,-0.14577356416597975,-0.24802693047540542,-0.09022533663094268,0.03961802693047545,-0.011673536685902763,-0.2478015938444626,0.3768342951360264,3514.4960153888424,2.4188818454742425
-0.18567463588898026,-0.49203902170926106,-0.14577356416597975,-0.23802693047540543,-0.10022533663094269,0.03961802693047545,-0.011673536685902763,-0.2778015938444626,0.3768342951360264,3645.4960153888424,2.423949193954467
-0.19567463588898026,-0.47203902170926104,-0.14577356416597975,-0.23802693047540543,-0.09022533663094268,0.04961802693047543,-0.03167353668590278,-0.2478015938444626,0.3668342951360264,3260.4960153888424,2.4281596660614007
-0.19567463588898026,-0.48203902170926105,-0.1257735641659798,-0.24802693047540542,-0.09022533663094268,0.03961802693047545,-0.0016735366859027545,-0.2478015938444626,0.3968342951360264,3227.4960153888424,2.4281596660614007
-0.20567463588898016,-0.48203902170926105,-0.14577356416597975,-0.23802693047540543,-0.09022533663094268,0.04961802693047543,-0.0016735366859027545,-0.2678015938444626,0.34683429513602637,3454.4960153888424,2.431254339218139
-0.20567463588898016,-0.47203902170926104,-0.14577356416597975,-0.2580269304754054,-0.07022533663094277,0.05961802693047544,-0.021673536685902772,-0.2778015938444626,0.3768342951360264,3379.4960153888424,2.4362530231475823
-0.20567463588898016,-0.48203902170926105,-0.1257735641659798,-0.24802693047540542,-0.08022533663094278,0.05961802693047544,-0.0016735366859027545,-0.3378015938444626,0.3868342951360264,3824.4960153888424,2.44025273323059
-0.20567463588898016,-0.47203902170926104,-0.1257735641659798,-0.24802693047540542,-0.09022533663094268,0.05961802693047544,-0.011673536685902763,-0.2978015938444626,0.3768342951360264,3677.4960153888424,2.44025273323059
-0.21567463588898017,-0.452039021709261,-0.11577356416597978,-0.23802693047540543,-0.09022533663094268,0.05961802693047544,-0.05167353668590269,-0.3078015938444626,0.33683429513602636,4060.4960153888424,2.443753671646121
-0.20567463588898016,-0.452039021709261,-0.11577356416597978,-0.23802693047540543,-0.09022533663094268,0.05961802693047544,-0.011673536685902763,-0.34780159384446263,0.3268342951360264,4371.496015388842,2.4485105991363554
-0.20567463588898016,-0.452039021709261,-0.11577356416597978,-0.23802693047540543,-0.09022533663094268,0.04961802693047543,0.008326463314097254,-0.3078015938444626,0.3568342951360264,4194.496015388842,2.452163648605346
-0.19567463588898026,-0.46203902170926103,-0.11577356416597978,-0.23802693047540543,-0.10022533663094269,0.04961802693047543,0.008326463314097254,-0.3578015938444626,0.3568342951360264,4215.496015388842,2.453220319747924
-0.20567463588898016,-0.47203902170926104,-0.11577356416597978,-0.23802693047540543,-0.10022533663094269,0.05961802693047544,0.018326463314097263,-0.3378015938444626,0.34683429513602637,4218.496015388842,2.4566645145416217
-0.18567463588898026,-0.46203902170926103,-0.11577356416597978,-0.24802693047540542,-0.09022533663094268,0.04961802693047543,0.008326463314097254,-0.34780159384446263,0.3168342951360264,4085.4960153888424,2.4608911991119378
-0.17567463588898025,-0.452039021709261,-0.09577356416597976,-0.23802693047540543,-0.10022533663094269,0.05961802693047544,0.028326463314097272,-0.3278015938444626,0.33683429513602636,4390.496015388842,2.4643842697143548
-0.18567463588898026,-0.442039021709261,-0.09577356416597976,-0.22802693047540543,-0.1102253366309427,0.06961802693047545,-0.011673536685902763,-0.3278015938444626,0.3068342951360264,4529.496015388842,2.4683331966400104
-0.18567463588898026,-0.442039021709261,-0.09577356416597976,-0.22802693047540543,-0.1202253366309427,0.06961802693047545,-0.021673536685902772,-0.3178015938444626,0.3168342951360264,5012.496015388842,2.4683331966400104
-0.18567463588898026,-0.442039021709261,-0.09577356416597976,-0.21802693047540542,-0.1202253366309427,0.06961802693047545,-0.04167353668590268,-0.3078015938444626,0.2868342951360264,5111.496015388842,2.4733902931213336
-0.19567463588898026,-0.432039021709261,-0.08577356416597975,-0.22802693047540543,-0.1202253366309427,0.06961802693047545,-0.03167353668590278,-0.3278015938444626,0.3068342951360264,4846.496015388842,2.47736568450928
-0.20567463588898016,-0.452039021709261,-0.11577356416597978,-0.21802693047540542,-0.1202253366309427,0.06961802693047545,-0.04167353668590268,-0.3278015938444626,0.3068342951360264,4807.496015388842,2.480389785766601
-0.21567463588898017,-0.452039021709261,-0.11577356416597978,-0.22802693047540543,-0.14022533663094272,0.05961802693047544,-0.05167353668590269,-0.3278015938444626,0.2968342951360264,4662.496015388842,2.480389785766601
-0.21567463588898017,-0.442039021709261,-0.1257735641659798,-0.22802693047540543,-0.15022533663094273,0.04961802693047543,-0.16167353668590267,-0.34780159384446263,0.2568342951360264,4543.496015388842,2.4848463058471673
-0.22567463588898018,-0.46203902170926103,-0.14577356416597975,-0.21802693047540542,-0.17022533663094275,0.05961802693047544,-0.10167353668590273,-0.3178015938444626,0.23683429513602638,4416.496015388842,2.48921890258789
-0.20567463588898016,-0.452039021709261,-0.15577356416597976,-0.21802693047540542,-0.14022533663094272,0.04961802693047543,-0.10167353668590273,-0.3378015938444626,0.2468342951360264,3899.4960153888424,2.49353737831116
-0.20567463588898016,-0.46203902170926103,-0.13577356416597974,-0.22802693047540543,-0.15022533663094273,0.04961802693047543,-0.10167353668590273,-0.3178015938444626,0.2568342951360264,3932.4960153888424,2.49353737831116
-0.2356746358889802,-0.46203902170926103,-0.14577356416597975,-0.21802693047540542,-0.15022533663094273,0.03961802693047545,-0.08167353668590271,-0.3378015938444626,0.2468342951360264,3869.4960153888424,2.497585725784301
-0.21567463588898017,-0.46203902170926103,-0.15577356416597976,-0.21802693047540542,-0.14022533663094272,0.03961802693047545,-0.09167353668590272,-0.3378015938444626,0.23683429513602638,4178.496015388842,2.501953554153438
-0.22567463588898018,-0.46203902170926103,-0.15577356416597976,-0.21802693047540542,-0.14022533663094272,0.02961802693047544,-0.15167353668590278,-0.3678015938444626,0.1968342951360264,4273.496015388842,2.5051984310150104
-0.2656746358889802,-0.522039021709261,-0.21577356416597976,-0.26802693047540543,-0.20022533663094277,-0.01038197306952457,-0.31167353668590275,-0.3978015938444626,0.026834295136026393,3920.4960153888424,2.5059532642364495
-0.2456746358889802,-0.49203902170926106,-0.16577356416597977,-0.2580269304754054,-0.20022533663094277,0.009618026930475448,-0.29167353668590273,-0.3578015938444626,0.05683429513602639,3061.4960153888424,2.5103218078613274
-0.2456746358889802,-0.47203902170926104,-0.15577356416597976,-0.2580269304754054,-0.19022533663094277,0.009618026930475448,-0.2716735366859027,-0.3678015938444626,0.026834295136026393,1934.4960153888424,2.513867807388305
-0.2556746358889802,-0.48203902170926105,-0.14577356416597975,-0.24802693047540542,-0.19022533663094277,0.01961802693047543,-0.3216735366859027,-0.3778015938444626,0.006834295136026403,1161.4960153888424,2.518307161331176
-0.22567463588898018,-0.49203902170926106,-0.14577356416597975,-0.2580269304754054,-0.19022533663094277,0.009618026930475448,-0.31167353668590275,-0.3978015938444626,-0.0031657048639736063,1084.4960153888424,2.518307161331176
-0.2556746358889802,-0.49203902170926106,-0.15577356416597976,-0.24802693047540542,-0.20022533663094277,0.009618026930475448,-0.3216735366859027,-0.3678015938444626,0.016834295136026384,1175.4960153888424,2.5223080635070794
-0.2556746358889802,-0.48203902170926105,-0.16577356416597977,-0.23802693047540543,-0.19022533663094277,0.01961802693047543,-0.31167353668590275,-0.3778015938444626,0.016834295136026384,1422.4960153888424,2.526130390167239
-0.2356746358889802,-0.49203902170926106,-0.14577356416597975,-0.23802693047540543,-0.18022533663094276,0.01961802693047543,-0.3216735366859027,-0.34780159384446263,0.026834295136026393,1429.4960153888424,2.530113172531127
-0.22567463588898018,-0.49203902170926106,-0.15577356416597976,-0.23802693047540543,-0.19022533663094277,0.01961802693047543,-0.31167353668590275,-0.34780159384446263,0.026834295136026393,1608.4960153888424,2.5311533927917473
-0.2356746358889802,-0.47203902170926104,-0.17577356416597978,-0.23802693047540543,-0.18022533663094276,0.01961802693047543,-0.30167353668590274,-0.3778015938444626,0.026834295136026393,1919.4960153888424,2.533873748779296
-0.2456746358889802,-0.47203902170926104,-0.14577356416597975,-0.23802693047540543,-0.18022533663094276,0.01961802693047543,-0.31167353668590275,-0.3678015938444626,0.006834295136026403,1672.4960153888424,2.5380062580108635
-0.2356746358889802,-0.46203902170926103,-0.13577356416597974,-0.23802693047540543,-0.19022533663094277,0.009618026930475448,-0.2816735366859027,-0.3678015938444626,0.016834295136026384,1491.4960153888424,2.542841148376464
-0.2356746358889802,-0.47203902170926104,-0.13577356416597974,-0.22802693047540543,-0.17022533663094275,0.01961802693047543,-0.31167353668590275,-0.3778015938444626,0.016834295136026384,1432.4960153888424,2.545854997634887
-0.2356746358889802,-0.46203902170926103,-0.13577356416597974,-0.23802693047540543,-0.17022533663094275,0.01961802693047543,-0.3416735366859027,-0.3778015938444626,0.006834295136026403,1617.4960153888424,2.545854997634887
-0.22567463588898018,-0.47203902170926104,-0.15577356416597976,-0.23802693047540543,-0.17022533663094275,0.01961802693047543,-0.35167353668590273,-0.3578015938444626,0.006834295136026403,1642.4960153888424,2.551307868957519
-0.2456746358889802,-0.47203902170926104,-0.15577356416597976,-0.23802693047540543,-0.17022533663094275,0.009618026930475448,-0.3316735366859027,-0.3378015938444626,-0.0031657048639736063,1699.4960153888424,2.55487151145935
-0.22567463588898018,-0.47203902170926104,-0.16577356416597977,-0.23802693047540543,-0.17022533663094275,-0.00038197306952456045,-0.3316735366859027,-0.3378015938444626,-0.0031657048639736063,1766.4960153888424,2.5585133552551262
-0.22567463588898018,-0.48203902170926105,-0.14577356416597975,-0.23802693047540543,-0.17022533663094275,0.009618026930475448,-0.3316735366859027,-0.3378015938444626,0.006834295136026403,1495.4960153888424,2.5585133552551262
-0.22567463588898018,-0.48203902170926105,-0.14577356416597975,-0.22802693047540543,-0.19022533663094277,0.009618026930475448,-0.31167353668590275,-0.3678015938444626,0.006834295136026403,1524.4960153888424,2.5623292446136468
-0.22567463588898018,-0.47203902170926104,-0.14577356416597975,-0.23802693047540543,-0.17022533663094275,0.009618026930475448,-0.2816735366859027,-0.3178015938444626,0.006834295136026403,1577.4960153888424,2.567347240448001
-0.21567463588898017,-0.48203902170926105,-0.13577356416597974,-0.23802693047540543,-0.16022533663094274,0.009618026930475448,-0.30167353668590274,-0.3578015938444626,-0.013165704863973615,1612.4960153888424,2.570660543441768
-0.2456746358889802,-0.47203902170926104,-0.13577356416597974,-0.22802693047540543,-0.16022533663094274,0.009618026930475448,-0.30167353668590274,-0.3678015938444626,-0.013165704863973615,1831.4960153888424,2.5713476657867425
-0.2356746358889802,-0.48203902170926105,-0.17577356416597978,-0.22802693047540543,-0.18022533663094276,0.009618026930475448,-0.3216735366859027,-0.3678015938444626,0.006834295136026403,2036.4960153888424,2.5753473758697503
-0.22567463588898018,-0.48203902170926105,-0.14577356416597975,-0.23802693047540543,-0.17022533663094275,0.009618026930475448,-0.3216735366859027,-0.34780159384446263,-0.0031657048639736063,1927.4960153888424,2.579224777221679
-0.2356746358889802,-0.47203902170926104,-0.15577356416597976,-0.22802693047540543,-0.17022533663094275,0.009618026930475448,-0.31167353668590275,-0.3678015938444626,-0.013165704863973615,1520.4960153888424,2.5835642337799065
-0.21567463588898017,-0.46203902170926103,-0.14577356416597975,-0.23802693047540543,-0.17022533663094275,0.009618026930475448,-0.3216735366859027,-0.3678015938444626,-0.0031657048639736063,1537.4960153888424,2.5845615386962884
-0.21567463588898017,-0.47203902170926104,-0.13577356416597974,-0.21802693047540542,-0.18022533663094276,0.009618026930475448,-0.3316735366859027,-0.3578015938444626,-0.0031657048639736063,1830.4960153888424,2.588108730316158
-0.22567463588898018,-0.48203902170926105,-0.16577356416597977,-0.21802693047540542,-0.17022533663094275,0.009618026930475448,-0.36167353668590274,-0.3978015938444626,-0.013165704863973615,1117.4960153888424,2.5915004730224602
-0.2356746358889802,-0.48203902170926105,-0.14577356416597975,-0.21802693047540542,-0.17022533663094275,0.009618026930475448,-0.35167353668590273,-0.3878015938444626,-0.013165704863973615,1122.4960153888424,2.595166873931884
-0.2356746358889802,-0.48203902170926105,-0.13577356416597974,-0.22802693047540543,-0.17022533663094275,0.009618026930475448,-0.35167353668590273,-0.3778015938444626,-0.013165704863973615,1337.4960153888424,2.595166873931884
-0.2456746358889802,-0.47203902170926104,-0.13577356416597974,-0.23802693047540543,-0.18022533663094276,0.009618026930475448,-0.3316735366859027,-0.3978015938444626,-0.0031657048639736063,1218.4960153888424,2.599199247360229
