-0.752957359009629,-0.25290233837689136,-0.18020357634112794,-0.24763411279229697,-0.40736726272352164,0.014451169188445662,-0.3150426409903715,-0.28576341127922955,-0.09461348005502063,96801.64759284732,0.0016681671142606547
-0.742957359009629,-0.25290233837689136,-0.20020357634112795,-0.297634112792297,-0.3673672627235216,0.004451169188445653,-0.2850426409903716,-0.3157634112792296,-0.09461348005502063,96916.64759284732,0.004931879043578391
-0.7829573590096289,-0.2029023383768913,-0.21020357634112796,-0.337634112792297,-0.32736726272352157,-0.015548830811554337,-0.3350426409903715,-0.28576341127922955,-0.10461348005502064,96743.64759284732,0.005668592453002219
-0.772957359009629,-0.1929023383768913,-0.19020357634112794,-0.327634112792297,-0.3573672627235216,-0.005548830811554328,-0.3350426409903715,-0.2657634112792296,-0.10461348005502064,96638.64759284732,0.009668540954589133
-0.7929573590096289,-0.16290233837689128,-0.16020357634112797,-0.337634112792297,-0.41736726272352165,0.02445116918844567,-0.40504264099037157,-0.28576341127922955,-0.08461348005502063,96471.64759284732,0.014487457275389914
-0.802957359009629,-0.14290233837689126,-0.15020357634112796,-0.317634112792297,-0.41736726272352165,0.004451169188445653,-0.36504264099037154,-0.28576341127922955,-0.08461348005502063,96208.64759284732,0.01778407096862722
-0.812957359009629,-0.13290233837689125,-0.15020357634112796,-0.287634112792297,-0.4473672627235217,0.014451169188445662,-0.3350426409903715,-0.28576341127922955,-0.09461348005502063,96041.64759284732,0.01881690025329874
-0.7929573590096289,-0.10290233837689122,-0.11020357634112793,-0.347634112792297,-0.4573672627235217,0.004451169188445653,-0.38504264099037155,-0.35576341127922956,-0.08461348005502063,96460.64759284732,0.021798086166381125
-0.7829573590096289,-0.0829023383768912,-0.11020357634112793,-0.347634112792297,-0.4473672627235217,-0.025548830811554346,-0.36504264099037154,-0.29576341127922956,-0.10461348005502064,96709.64759284732,0.026306343078616123
-0.772957359009629,-0.05290233837689118,-0.10020357634112798,-0.337634112792297,-0.4473672627235217,-0.015548830811554337,-0.27504264099037157,-0.28576341127922955,-0.10461348005502064,96400.64759284732,0.03077239990234304
-0.772957359009629,-0.012902338376891365,-0.10020357634112798,-0.327634112792297,-0.42736726272352166,-0.025548830811554346,-0.2950426409903716,-0.29576341127922956,-0.09461348005502063,96385.64759284732,0.03077239990234304
-0.7929573590096289,0.02709766162310867,-0.10020357634112798,-0.327634112792297,-0.42736726272352166,-0.025548830811554346,-0.27504264099037157,-0.2657634112792296,-0.10461348005502064,96452.64759284732,0.03477187156677175
-0.802957359009629,0.04709766162310869,-0.10020357634112798,-0.327634112792297,-0.4573672627235217,-0.025548830811554346,-0.2950426409903716,-0.2557634112792296,-0.10461348005502064,96291.64759284732,0.03799862861633585
-0.802957359009629,0.07709766162310872,-0.09020357634112797,-0.327634112792297,-0.4773672627235217,-0.015548830811554337,-0.3150426409903715,-0.21576341127922954,-0.09461348005502063,96284.64759284732,0.04274148941039968
-0.812957359009629,0.08709766162310872,-0.08020357634112796,-0.337634112792297,-0.4773672627235217,-0.015548830811554337,-0.3050426409903716,-0.2557634112792296,-0.10461348005502064,96611.64759284732,0.045989465713500266
-0.7929573590096289,0.08709766162310872,-0.08020357634112796,-0.357634112792297,-0.4573672627235217,-0.015548830811554337,-0.3050426409903716,-0.21576341127922954,-0.09461348005502063,97778.64759284732,0.046736907958983664
-0.812957359009629,0.13709766162310877,-0.05020357634112793,-0.337634112792297,-0.4473672627235217,-0.025548830811554346,-0.2950426409903716,-0.18576341127922957,-0.10461348005502064,98893.64759284732,0.05073709487914968
-0.762957359009629,0.19709766162310882,-0.05020357634112793,-0.327634112792297,-0.4473672627235217,-0.03554883081155433,-0.2950426409903716,-0.17576341127922956,-0.10461348005502064,99490.64759284732,0.05472702980041433
-0.752957359009629,0.24709766162310864,-0.020203576341127905,-0.30763411279229697,-0.43736726272352167,-0.025548830811554346,-0.24504264099037154,-0.2057634112792296,-0.11461348005502063,99549.64759284732,0.0580799102783196
-0.762957359009629,0.2870976616231087,0.02979642365887203,-0.30763411279229697,-0.4673672627235217,-0.045548830811554336,-0.25504264099037155,-0.21576341127922954,-0.11461348005502063,99498.64759284732,0.0580799102783196
-0.742957359009629,0.2970976616231087,0.059796423658872055,-0.327634112792297,-0.4673672627235217,-0.045548830811554336,-0.23504264099037153,-0.22576341127922955,-0.11461348005502063,99811.64759284732,0.062041234970095616
-0.732957359009629,0.3970976616231088,0.07979642365887207,-0.297634112792297,-0.4973672627235217,-0.03554883081155433,-0.2050426409903715,-0.23576341127922956,-0.11461348005502063,99724.64759284732,0.06709332466125417
-0.712957359009629,0.4470976616231088,0.059796423658872055,-0.267634112792297,-0.5173672627235217,-0.03554883081155433,-0.1750426409903716,-0.23576341127922956,-0.10461348005502064,99747.64759284732,0.0708062171936028
-0.722957359009629,0.48709766162310864,0.04979642365887205,-0.257634112792297,-0.5073672627235217,-0.025548830811554346,-0.16504264099037158,-0.19576341127922958,-0.11461348005502063,99684.64759284732,0.07178874015808034
-0.712957359009629,0.49709766162310864,0.04979642365887205,-0.257634112792297,-0.5073672627235217,-0.025548830811554346,-0.14504264099037156,-0.19576341127922958,-0.10461348005502064,100075.64759284732,0.07579655647278116
-0.712957359009629,0.5770976616231087,0.059796423658872055,-0.24763411279229697,-0.4873672627235217,-0.015548830811554337,-0.14504264099037156,-0.21576341127922954,-0.11461348005502063,100184.64759284732,0.07979412078857706
-0.722957359009629,0.5870976616231087,0.06979642365887206,-0.257634112792297,-0.5173672627235217,-0.015548830811554337,-0.16504264099037158,-0.22576341127922955,-0.11461348005502063,100217.64759284732,0.0828151226043694
-0.752957359009629,0.6870976616231088,0.07979642365887207,-0.24763411279229697,-0.5473672627235215,-0.025548830811554346,-0.24504264099037154,-0.23576341127922956,-0.11461348005502063,100528.64759284732,0.08384032249450613
-0.762957359009629,0.7370976616231086,0.08979642365887208,-0.287634112792297,-0.5873672627235216,-0.015548830811554337,-0.24504264099037154,-0.23576341127922956,-0.10461348005502064,100783.64759284732,0.08785219192504812
-0.762957359009629,0.7570976616231087,0.08979642365887208,-0.297634112792297,-0.6273672627235216,-0.015548830811554337,-0.3450426409903715,-0.23576341127922956,-0.10461348005502064,100810.64759284732,0.09108967781066823
-0.762957359009629,0.7670976616231089,0.129796423658872,-0.267634112792297,-0.6273672627235216,-0.005548830811554328,-0.3250426409903715,-0.22576341127922955,-0.10461348005502064,101021.64759284732,0.09568662643432191
-0.752957359009629,0.7970976616231087,0.14979642365887202,-0.257634112792297,-0.6273672627235216,-0.015548830811554337,-0.2950426409903716,-0.23576341127922956,-0.10461348005502064,101658.64759284732,0.09568662643432191
-0.732957359009629,0.8170976616231087,0.13979642365887202,-0.257634112792297,-0.6573672627235216,-0.005548830811554328,-0.3050426409903716,-0.23576341127922956,-0.10461348005502064,101809.64759284732,0.0992946147918694
-0.702957359009629,0.7870976616231089,0.14979642365887202,-0.22763411279229695,-0.6673672627235216,0.004451169188445653,-0.27504264099037157,-0.23576341127922956,-0.09461348005502063,102310.64759284732,0.10431857109070108
-0.712957359009629,0.8370976616231087,0.19979642365887207,-0.21763411279229694,-0.6573672627235216,0.004451169188445653,-0.3050426409903716,-0.22576341127922955,-0.10461348005502064,102607.64759284732,0.10798878669738698
-0.692957359009629,0.8170976616231087,0.19979642365887207,-0.21763411279229694,-0.6673672627235216,0.02445116918844567,-0.2950426409903716,-0.19576341127922958,-0.09461348005502063,103654.64759284732,0.10900540351867605
-0.6729573590096289,0.8670976616231085,0.2197964236588721,-0.24763411279229697,-0.6473672627235216,0.014451169188445662,-0.24504264099037154,-0.19576341127922958,-0.09461348005502063,104541.64759284732,0.11156411170959046
-0.6629573590096289,0.9070976616231086,0.2297964236588721,-0.287634112792297,-0.6773672627235217,0.02445116918844567,-0.22504264099037152,-0.2557634112792296,-0.09461348005502063,105246.64759284732,0.11563820838928507
-0.6629573590096289,0.9270976616231086,0.28979642365887204,-0.327634112792297,-0.7173672627235217,0.014451169188445662,-0.26504264099037156,-0.24576341127922957,-0.09461348005502063,105701.64759284732,0.12010021209716726
-0.6729573590096289,1.0070976616231087,0.28979642365887204,-0.297634112792297,-0.7273672627235217,0.004451169188445653,-0.3450426409903715,-0.27576341127922954,-0.08461348005502063,106592.64759284732,0.12339324951171804
-0.6729573590096289,1.037097661623109,0.30979642365887206,-0.317634112792297,-0.7473672627235216,0.014451169188445662,-0.3150426409903715,-0.2657634112792296,-0.09461348005502063,107729.64759284732,0.12428970336913991
-0.6729573590096289,1.057097661623109,0.31979642365887206,-0.347634112792297,-0.7473672627235216,0.014451169188445662,-0.26504264099037156,-0.27576341127922954,-0.09461348005502063,108378.64759284732,0.1284317493438678
-0.682957359009629,1.0870976616231087,0.31979642365887206,-0.267634112792297,-0.7673672627235216,0.02445116918844567,-0.26504264099037156,-0.2557634112792296,-0.09461348005502063,108809.64759284732,0.13198060989379812
-0.6729573590096289,1.1270976616231088,0.30979642365887206,-0.257634112792297,-0.7773672627235216,0.03445116918844565,-0.3050426409903716,-0.28576341127922955,-0.09461348005502063,109312.64759284732,0.13619561195373464
-0.6729573590096289,1.1370976616231085,0.31979642365887206,-0.297634112792297,-0.8173672627235217,0.03445116918844565,-0.3050426409903716,-0.28576341127922955,-0.08461348005502063,110137.64759284732,0.1370913505554192
-0.642957359009629,1.1570976616231086,0.31979642365887206,-0.317634112792297,-0.8073672627235217,0.02445116918844567,-0.3550426409903715,-0.29576341127922956,-0.08461348005502063,110872.64759284732,0.1407222270965569
-0.602957359009629,1.1470976616231088,0.3497964236588721,-0.337634112792297,-0.8373672627235217,0.03445116918844565,-0.36504264099037154,-0.28576341127922955,-0.08461348005502063,111523.64759284732,0.14477057456969789
-0.572957359009629,1.1370976616231085,0.3397964236588721,-0.357634112792297,-0.8773672627235216,0.03445116918844565,-0.3050426409903716,-0.3157634112792296,-0.08461348005502063,112098.64759284732,0.1484705924987786
-0.5429573590096289,1.097097661623109,0.389796423658872,-0.337634112792297,-0.9073672627235216,0.04445116918844566,-0.3250426409903715,-0.33576341127922954,-0.07461348005502064,111683.64759284732,0.1484705924987786
-0.522957359009629,1.077097661623109,0.41979642365887204,-0.327634112792297,-0.8773672627235216,0.04445116918844566,-0.3150426409903715,-0.30576341127922957,-0.07461348005502064,111526.64759284732,0.15250320434570241
-0.502957359009629,1.0670976616231087,0.42979642365887205,-0.317634112792297,-0.8773672627235216,0.05445116918844567,-0.3050426409903716,-0.33576341127922954,-0.07461348005502064,111425.64759284732,0.15750260353088308
-0.482957359009629,1.0670976616231087,0.42979642365887205,-0.347634112792297,-0.8673672627235216,0.05445116918844567,-0.2850426409903716,-0.34576341127922955,-0.07461348005502064,111362.64759284732,0.16076869964599538
-0.462957359009629,1.057097661623109,0.44979642365887207,-0.337634112792297,-0.9173672627235216,0.03445116918844565,-0.3250426409903715,-0.3857634112792296,-0.07461348005502064,111621.64759284732,0.1615035057067864
-0.45295735900962897,1.0270976616231087,0.4897964236588721,-0.357634112792297,-0.9773672627235217,0.05445116918844567,-0.4350426409903715,-0.3857634112792296,-0.07461348005502064,112640.64759284732,0.16555972099304483
-0.42295735900962894,0.9970976616231089,0.5497964236588722,-0.397634112792297,-0.9873672627235216,0.06445116918844565,-0.4150426409903716,-0.3757634112792296,-0.07461348005502064,113499.64759284732,0.1690885543823235
-0.42295735900962894,0.9770976616231088,0.5597964236588719,-0.36763411279229696,-1.0173672627235217,0.07445116918844566,-0.4450426409903715,-0.39576341127922954,-0.06461348005502063,113502.64759284732,0.1731314182281487
-0.41295735900962893,0.9270976616231086,0.619796423658872,-0.387634112792297,-1.0273672627235215,0.08445116918844567,-0.4150426409903716,-0.3857634112792296,-0.06461348005502063,113873.64759284732,0.17417998313903382
-0.3829573590096289,0.9170976616231088,0.639796423658872,-0.37763411279229697,-1.0573672627235218,0.08445116918844567,-0.4150426409903716,-0.4357634112792296,-0.06461348005502063,113708.64759284732,0.1778323173522942
-0.3729573590096289,0.8870976616231085,0.669796423658872,-0.347634112792297,-1.0573672627235218,0.09445116918844568,-0.39504264099037156,-0.40576341127922955,-0.05461348005502063,113339.64759284732,0.18184967041015554
-0.3729573590096289,0.8770976616231088,0.6897964236588721,-0.347634112792297,-1.0473672627235215,0.09445116918844568,-0.38504264099037155,-0.40576341127922955,-0.05461348005502063,113428.64759284732,0.18583006858825968
-0.3529573590096289,0.8570976616231087,0.6897964236588721,-0.347634112792297,-1.0473672627235215,0.10445116918844569,-0.37504264099037155,-0.40576341127922955,-0.05461348005502063,113587.64759284732,0.18886156082153605
-0.34295735900962887,0.847097661623109,0.7097964236588721,-0.347634112792297,-1.0573672627235218,0.09445116918844568,-0.3550426409903715,-0.3857634112792296,-0.05461348005502063,114148.64759284732,0.18983311653137136
-0.3329573590096291,0.8170976616231087,0.7297964236588721,-0.357634112792297,-1.1073672627235216,0.06445116918844565,-0.36504264099037154,-0.3857634112792296,-0.04461348005502064,114369.64759284732,0.19294400215148855
-0.28295735900962904,0.7770976616231087,0.7297964236588721,-0.37763411279229697,-1.1173672627235216,0.09445116918844568,-0.3350426409903715,-0.41576341127922956,-0.04461348005502064,115084.64759284732,0.19827647209167054
-0.252957359009629,0.7470976616231089,0.7297964236588721,-0.37763411279229697,-1.1273672627235216,0.09445116918844568,-0.36504264099037154,-0.40576341127922955,-0.04461348005502064,115777.64759284732,0.20145840644836355
-0.21295735900962898,0.7070976616231088,0.7297964236588721,-0.36763411279229696,-1.1273672627235216,0.08445116918844567,-0.37504264099037155,-0.40576341127922955,-0.04461348005502064,115694.64759284732,0.20145840644836355
-0.18295735900962895,0.6870976616231088,0.7297964236588721,-0.387634112792297,-1.0873672627235216,0.07445116918844566,-0.36504264099037154,-0.41576341127922956,-0.04461348005502064,115657.64759284732,0.2054862499237089
-0.16295735900962893,0.6670976616231088,0.7397964236588721,-0.357634112792297,-1.0873672627235216,0.08445116918844567,-0.3550426409903715,-0.39576341127922954,-0.03461348005502063,115702.64759284732,0.20977706909179616
-0.14295735900962891,0.6470976616231088,0.7497964236588721,-0.36763411279229696,-1.0873672627235216,0.09445116918844568,-0.36504264099037154,-0.3857634112792296,-0.03461348005502063,116289.64759284732,0.21379442214966105
-0.1329573590096289,0.6170976616231085,0.7697964236588721,-0.347634112792297,-1.0873672627235216,0.11445116918844564,-0.38504264099037155,-0.3857634112792296,-0.03461348005502063,116812.64759284732,0.21487541198730398
-0.11295735900962889,0.5970976616231087,0.7697964236588721,-0.347634112792297,-1.0773672627235218,0.08445116918844567,-0.38504264099037155,-0.3857634112792296,-0.024613480055020634,117177.64759284732,0.21790332794189382
-0.08295735900962908,0.5570976616231087,0.7797964236588721,-0.327634112792297,-1.0973672627235218,0.08445116918844567,-0.40504264099037157,-0.40576341127922955,-0.03461348005502063,117794.64759284732,0.22290201187134073
-0.05295735900962906,0.5170976616231087,0.8097964236588719,-0.387634112792297,-1.1073672627235216,0.09445116918844568,-0.40504264099037157,-0.41576341127922956,-0.03461348005502063,118409.64759284732,0.2260484218597405
-0.03295735900962904,0.46709766162310884,0.839796423658872,-0.30763411279229697,-1.0973672627235218,0.16445116918844568,-0.4250426409903716,-0.4357634112792296,-0.03461348005502063,119264.64759284732,0.22707600593566823
-0.02295735900962903,0.4270976616231088,0.879796423658872,-0.347634112792297,-1.1173672627235216,0.09445116918844568,-0.4650426409903715,-0.4657634112792296,-0.024613480055020634,119649.64759284732,0.2299842357635491
-0.012957359009629021,0.37709766162310876,0.919796423658872,-0.337634112792297,-1.0973672627235218,0.11445116918844564,-0.49504264099037154,-0.4657634112792296,-0.03461348005502063,120178.64759284732,0.23400349617004323
-0.0029573590096290125,0.34709766162310873,0.9397964236588721,-0.317634112792297,-1.0873672627235216,0.12445116918844565,-0.5350426409903715,-0.47576341127922955,-0.024613480055020634,120485.64759284732,0.23901600837707093
0.007042640990370996,0.3070976616231087,0.9597964236588721,-0.347634112792297,-1.0773672627235218,0.15445116918844567,-0.48504264099037153,-0.4457634112792296,-0.014613480055020639,119898.64759284732,0.24000020027160218
0.017042640990371005,0.27709766162310867,0.9697964236588721,-0.297634112792297,-1.0673672627235216,0.16445116918844568,-0.40504264099037157,-0.41576341127922956,0.005386519944979379,118973.64759284732,0.24206776618957448
0.027042640990371014,0.26709766162310866,0.9797964236588721,-0.297634112792297,-1.0673672627235216,0.16445116918844568,-0.39504264099037156,-0.42576341127922956,0.005386519944979379,118730.64759284732,0.24643106460571218
0.03704264099037102,0.25709766162310865,0.9897964236588721,-0.30763411279229697,-1.0773672627235218,0.15445116918844567,-0.38504264099037155,-0.41576341127922956,-0.00461348005502063,118455.64759284732,0.2516965389251702
0.03704264099037102,0.23709766162310864,0.9897964236588721,-0.327634112792297,-1.0673672627235216,0.14445116918844567,-0.39504264099037156,-0.40576341127922955,0.005386519944979379,118192.64759284732,0.25492329597473073
0.04704264099037103,0.22709766162310885,0.9897964236588721,-0.317634112792297,-1.0673672627235216,0.15445116918844567,-0.38504264099037155,-0.41576341127922956,0.005386519944979379,117631.64759284732,0.25492329597473073
0.07704264099037106,0.20709766162310883,0.9897964236588721,-0.297634112792297,-1.0573672627235218,0.15445116918844567,-0.38504264099037155,-0.40576341127922955,0.01538651994497936,117982.64759284732,0.25971646308898855
0.09704264099037108,0.1870976616231088,0.9897964236588721,-0.297634112792297,-1.0573672627235218,0.13445116918844566,-0.37504264099037155,-0.39576341127922954,0.01538651994497936,118479.64759284732,0.26362485885620046
0.1170426409903711,0.1770976616231088,0.9797964236588721,-0.267634112792297,-1.0573672627235218,0.14445116918844567,-0.37504264099037155,-0.40576341127922955,0.01538651994497936,118214.64759284732,0.2666377544403069
0.14704264099037112,0.1570976616231088,0.9597964236588721,-0.297634112792297,-1.0473672627235215,0.14445116918844567,-0.3450426409903715,-0.39576341127922954,0.02538651994497937,118485.64759284732,0.26792616844177175
0.16704264099037092,0.14709766162310878,0.9597964236588721,-0.287634112792297,-1.0473672627235215,0.13445116918844566,-0.3450426409903715,-0.3857634112792296,0.02538651994497937,118682.64759284732,0.270926904678344
0.18704264099037093,0.12709766162310876,0.9597964236588721,-0.257634112792297,-1.0373672627235218,0.16445116918844568,-0.3250426409903715,-0.3857634112792296,0.02538651994497937,118807.64759284732,0.2759277343749993
0.20704264099037095,0.10709766162310874,0.9497964236588721,-0.20763411279229693,-1.0173672627235217,0.17445116918844564,-0.3350426409903715,-0.36576341127922957,0.02538651994497937,118988.64759284732,0.27918214797973917
0.22704264099037097,0.08709766162310872,0.9497964236588721,-0.21763411279229694,-0.9973672627235216,0.18445116918844565,-0.3150426409903715,-0.41576341127922956,0.02538651994497937,118729.64759284732,0.27918214797973917
0.23704264099037098,0.0670976616231087,0.9497964236588721,-0.21763411279229694,-0.9673672627235217,0.19445116918844566,-0.36504264099037154,-0.4357634112792296,0.02538651994497937,118860.64759284732,0.2833134651184075
0.257042640990371,0.0570976616231087,0.9597964236588721,-0.21763411279229694,-0.9273672627235217,0.21445116918844567,-0.4250426409903716,-0.4357634112792296,0.01538651994497936,119617.64759284732,0.2877816677093499
0.257042640990371,0.03709766162310868,0.9697964236588721,-0.19763411279229703,-0.8473672627235217,0.24445116918844564,-0.48504264099037153,-0.4557634112792296,0.005386519944979379,120124.64759284732,0.2917811393737786
0.257042640990371,0.017097661623108662,0.9997964236588721,-0.18763411279229703,-0.7373672627235216,0.23445116918844564,-0.4650426409903715,-0.41576341127922956,0.01538651994497936,120131.64759284732,0.2927805900573759
0.267042640990371,-0.0029023383768913558,0.9897964236588721,-0.167634112792297,-0.6273672627235216,0.3044511691884456,-0.4150426409903716,-0.39576341127922954,0.02538651994497937,119048.64759284732,0.2957808494567864
0.287042640990371,-0.02290233837689115,0.9997964236588721,-0.147634112792297,-0.5573672627235216,0.3044511691884456,-0.4150426409903716,-0.40576341127922955,0.03538651994497938,117453.64759284732,0.29978032112121866
0.29704264099037103,-0.03290233837689116,0.9897964236588721,-0.147634112792297,-0.4773672627235217,0.3144511691884456,-0.3450426409903715,-0.3757634112792296,0.04538651994497936,116276.64759284732,0.3038181781768792
0.29704264099037103,-0.03290233837689116,0.9897964236588721,-0.09763411279229695,-0.41736726272352165,0.32445116918844563,-0.3150426409903715,-0.36576341127922957,0.05538651994497937,115145.64759284732,0.3048812866210966
0.29704264099037103,-0.03290233837689116,0.9897964236588721,-0.07763411279229704,-0.40736726272352164,0.3144511691884456,-0.3150426409903715,-0.34576341127922955,0.05538651994497937,114402.64759284732,0.30888075828552175
0.29704264099037103,-0.03290233837689116,0.9897964236588721,-0.07763411279229704,-0.3873672627235216,0.33445116918844564,-0.26504264099037156,-0.3157634112792296,0.06538651994497938,113965.64759284732,0.3129369735717802
0.287042640990371,-0.03290233837689116,0.9997964236588721,-0.06763411279229703,-0.3573672627235216,0.36445116918844567,-0.24504264099037154,-0.3157634112792296,0.06538651994497938,113334.64759284732,0.31629939079284597
0.29704264099037103,-0.04290233837689117,0.9997964236588721,-0.06763411279229703,-0.31736726272352156,0.35445116918844566,-0.24504264099037154,-0.33576341127922954,0.06538651994497938,113549.64759284732,0.31705994606017995
0.30704264099037104,-0.05290233837689118,0.9997964236588721,-0.04763411279229701,-0.26736726272352174,0.3844511691884457,-0.23504264099037153,-0.30576341127922957,0.06538651994497938,113346.64759284732,0.32124204635620046
0.33704264099037107,-0.06290233837689119,0.9797964236588721,-0.027634112792296994,-0.24736726272352172,0.3844511691884457,-0.1950426409903715,-0.3157634112792296,0.06538651994497938,112919.64759284732,0.3252417564392083
0.3570426409903711,-0.06290233837689119,0.9497964236588721,-0.0076341127922969765,-0.19736726272352167,0.3744511691884457,-0.15504264099037157,-0.30576341127922957,0.06538651994497938,112108.64759284732,0.3288447380065911
0.3470426409903711,-0.06290233837689119,0.9597964236588721,0.012365887207703041,-0.14736726272352163,0.3944511691884456,-0.1950426409903715,-0.3157634112792296,0.07538651994497936,110791.64759284732,0.3328632831573479
0.3570426409903711,-0.0729023383768912,0.9597964236588721,0.02236588720770305,-0.13736726272352162,0.4144511691884456,-0.14504264099037156,-0.3157634112792296,0.07538651994497936,109938.64759284732,0.33383054733276296
0.3570426409903711,-0.09290233837689121,0.9797964236588721,0.03236588720770306,-0.08736726272352158,0.4044511691884456,-0.12504264099037155,-0.3157634112792296,0.07538651994497936,110005.64759284732,0.3368312835693388
0.3670426409903711,-0.09290233837689121,0.9697964236588721,0.062365887207702975,-0.07736726272352157,0.4344511691884456,-0.10504264099037153,-0.29576341127922956,0.07538651994497936,110206.64759284732,0.34112138748168874
0.3670426409903711,-0.09290233837689121,0.9797964236588721,0.08236588720770299,-0.05736726272352155,0.46445116918844565,-0.12504264099037155,-0.3157634112792296,0.07538651994497936,110673.64759284732,0.34505505561828187
0.32704264099037106,-0.0729023383768912,0.9697964236588721,0.14236588720770305,-0.017367262723521737,0.5044511691884457,-0.11504264099037154,-0.29576341127922956,0.07538651994497936,111238.64759284732,0.34505505561828187
0.32704264099037106,-0.04290233837689117,0.9397964236588721,0.212365887207703,-0.017367262723521737,0.5344511691884456,-0.06504264099037149,-0.28576341127922955,0.08538651994497937,110591.64759284732,0.3500675678253167
0.31704264099037105,-0.03290233837689116,0.929796423658872,0.24236588720770302,0.002632737276478281,0.5844511691884456,-0.055042640990371594,-0.2557634112792296,0.07538651994497936,109972.64759284732,0.35386867523193644
0.30704264099037104,-0.012902338376891365,0.909796423658872,0.27236588720770305,0.03263273727647831,0.6144511691884457,0.024957359009628477,-0.24576341127922957,0.08538651994497937,109147.64759284732,0.35742063522338796
0.30704264099037104,-0.0029023383768913558,0.889796423658872,0.3023658872077031,0.0226327372764783,0.6344511691884457,0.014957359009628468,-0.21576341127922954,0.08538651994497937,107784.64759284732,0.35848875045776296
0.31704264099037105,-0.0029023383768913558,0.889796423658872,0.3223658872077031,0.03263273727647831,0.6544511691884456,0.06495735900962851,-0.23576341127922956,0.09538651994497938,107041.64759284732,0.3614863872528069
0.32704264099037106,-0.0029023383768913558,0.879796423658872,0.3323658872077031,0.03263273727647831,0.6644511691884456,0.10495735900962855,-0.21576341127922954,0.09538651994497938,106516.64759284732,0.3658179759979241
0.33704264099037107,-0.0029023383768913558,0.859796423658872,0.3323658872077031,0.06263273727647833,0.6944511691884456,0.09495735900962854,-0.19576341127922958,0.10538651994497936,106623.64759284732,0.3696798801422112
0.31704264099037105,0.017097661623108662,0.849796423658872,0.3523658872077031,0.06263273727647833,0.7044511691884456,0.08495735900962853,-0.19576341127922958,0.10538651994497936,106300.64759284732,0.3707398891449003
0.287042640990371,0.0570976616231087,0.829796423658872,0.3823658872077029,0.042632737276478316,0.7344511691884457,0.044957359009628495,-0.19576341127922958,0.10538651994497936,106089.64759284732,0.3737380027770989
0.277042640990371,0.07709766162310872,0.8097964236588719,0.39236588720770293,0.06263273727647833,0.7544511691884457,0.014957359009628468,-0.18576341127922957,0.10538651994497936,106182.64759284732,0.3777086257934599
0.23704264099037098,0.10709766162310874,0.829796423658872,0.42236588720770296,0.052632737276478325,0.7644511691884456,0.054957359009628504,-0.16576341127922956,0.10538651994497936,105913.64759284732,0.381784391403194
0.20704264099037095,0.12709766162310876,0.819796423658872,0.42236588720770296,0.09263273727647836,0.7744511691884456,0.09495735900962854,-0.18576341127922957,0.10538651994497936,105532.64759284732,0.3828186511993401
0.20704264099037095,0.11709766162310875,0.7997964236588722,0.442365887207703,0.09263273727647836,0.7944511691884456,0.09495735900962854,-0.16576341127922956,0.11538651994497937,105095.64759284732,0.3858143806457477
0.20704264099037095,0.13709766162310877,0.7697964236588721,0.482365887207703,0.06263273727647833,0.8244511691884456,0.11495735900962856,-0.14576341127922954,0.10538651994497936,104926.64759284732,0.3908159255981438
0.18704264099037093,0.1670976616231088,0.7397964236588721,0.522365887207703,0.052632737276478325,0.8344511691884456,0.13495735900962835,-0.11576341127922951,0.11538651994497937,105349.64759284732,0.3938147544860833
0.20704264099037095,0.1770976616231088,0.7097964236588721,0.502365887207703,0.09263273727647836,0.8544511691884457,0.13495735900962835,-0.10576341127922961,0.11538651994497937,105754.64759284732,0.3981153488159137
0.20704264099037095,0.1670976616231088,0.7097964236588721,0.492365887207703,0.10263273727647837,0.8544511691884457,0.14495735900962836,-0.11576341127922951,0.11538651994497937,106105.64759284732,0.3981153488159137
0.18704264099037093,0.20709766162310883,0.6997964236588721,0.522365887207703,0.08263273727647835,0.8744511691884457,0.13495735900962835,-0.10576341127922961,0.11538651994497937,105752.64759284732,0.4021174430847161
0.14704264099037112,0.22709766162310885,0.7097964236588721,0.5423658872077031,0.09263273727647836,0.8644511691884457,0.13495735900962835,-0.10576341127922961,0.12538651994497937,105187.64759284732,0.4063350677490227
0.14704264099037112,0.22709766162310885,0.6897964236588721,0.5723658872077031,0.06263273727647833,0.9144511691884457,0.13495735900962835,-0.0957634112792296,0.12538651994497937,105354.64759284732,0.4104318141937249
0.1170426409903711,0.23709766162310864,0.6897964236588721,0.6023658872077031,0.0226327372764783,0.9444511691884457,0.12495735900962857,-0.0957634112792296,0.13538651994497938,105769.64759284732,0.4104318141937249
0.09704264099037108,0.25709766162310865,0.679796423658872,0.6323658872077029,0.002632737276478281,0.9544511691884455,0.11495735900962856,-0.0857634112792296,0.12538651994497937,106514.64759284732,0.4144818305969231
0.10704264099037109,0.25709766162310865,0.679796423658872,0.6523658872077029,-0.007367262723521728,0.9644511691884455,0.13495735900962835,-0.11576341127922951,0.1453865199449794,106775.64759284732,0.4194814682006829
0.10704264099037109,0.25709766162310865,0.649796423658872,0.662365887207703,-0.017367262723521737,0.9944511691884456,0.11495735900962856,-0.11576341127922951,0.1453865199449794,106654.64759284732,0.42248148918151784
0.09704264099037108,0.27709766162310867,0.649796423658872,0.6523658872077029,-0.05736726272352155,1.0544511691884457,0.07495735900962852,-0.13576341127922953,0.13538651994497938,106805.64759284732,0.42348093986510804
0.08704264099037107,0.2870976616231087,0.629796423658872,0.662365887207703,-0.08736726272352158,1.0744511691884457,0.09495735900962854,-0.13576341127922953,0.13538651994497938,106880.64759284732,0.4273137569427483
0.05704264099037104,0.3070976616231087,0.629796423658872,0.692365887207703,-0.09736726272352159,1.1044511691884458,0.09495735900962854,-0.13576341127922953,0.13538651994497938,107165.64759284732,0.43143410682677796
0.04704264099037103,0.3270976616231087,0.629796423658872,0.732365887207703,-0.14736726272352163,1.1044511691884458,0.10495735900962855,-0.17576341127922956,0.13538651994497938,107402.64759284732,0.43530840873717835
0.03704264099037102,0.34709766162310873,0.599796423658872,0.762365887207703,-0.18736726272352167,1.1344511691884458,0.06495735900962851,-0.17576341127922956,0.12538651994497937,107753.64759284732,0.43530840873717835
0.04704264099037103,0.34709766162310873,0.599796423658872,0.8023658872077031,-0.20736726272352168,1.1544511691884458,0.044957359009628495,-0.17576341127922956,0.13538651994497938,108488.64759284732,0.43933577537536195
0.027042640990371014,0.35709766162310874,0.589796423658872,0.8423658872077031,-0.2373672627235217,1.1544511691884458,0.034957359009628486,-0.19576341127922958,0.12538651994497937,109011.64759284732,0.4433009147644036
-0.0029573590096290125,0.38709766162310877,0.569796423658872,0.8923658872077029,-0.26736726272352174,1.1544511691884458,0.034957359009628486,-0.23576341127922956,0.11538651994497937,109062.64759284732,0.447419357299804
-0.03295735900962904,0.45709766162310883,0.5497964236588722,0.932365887207703,-0.28736726272352175,1.1444511691884458,0.034957359009628486,-0.22576341127922955,0.12538651994497937,109179.64759284732,0.447419357299804
-0.06295735900962907,0.48709766162310864,0.5397964236588721,0.952365887207703,-0.31736726272352156,1.1644511691884458,-0.035042640990371576,-0.2557634112792296,0.12538651994497937,109396.64759284732,0.45152230262756277
-0.10295735900962888,0.5170976616231087,0.5397964236588721,0.952365887207703,-0.32736726272352157,1.1744511691884458,0.004957359009628459,-0.2657634112792296,0.12538651994497937,110205.64759284732,0.45545167922973917
-0.1329573590096289,0.5470976616231087,0.5397964236588721,0.952365887207703,-0.3373672627235216,1.1944511691884458,-0.045042640990371585,-0.29576341127922956,0.12538651994497937,111094.64759284732,0.4596571445465081
-0.1229573590096289,0.5470976616231087,0.5197964236588721,0.962365887207703,-0.3373672627235216,1.2044511691884456,-0.09504264099037152,-0.28576341127922955,0.10538651994497936,111683.64759284732,0.4626705169677763
-0.11295735900962889,0.5270976616231087,0.5297964236588721,0.942365887207703,-0.3473672627235216,1.2244511691884457,-0.14504264099037156,-0.30576341127922957,0.09538651994497938,112868.64759284732,0.4638578414916985
-0.10295735900962888,0.5270976616231087,0.5197964236588721,0.942365887207703,-0.3573672627235216,1.2344511691884457,-0.0750426409903715,-0.29576341127922956,0.10538651994497936,113979.64759284732,0.4687335014343219
-0.09295735900962887,0.5270976616231087,0.5097964236588721,0.942365887207703,-0.3573672627235216,1.2544511691884457,-0.15504264099037157,-0.3257634112792296,0.10538651994497936,114370.64759284732,0.4727344036102288
-0.09295735900962887,0.5470976616231087,0.4997964236588721,0.952365887207703,-0.3773672627235216,1.2644511691884457,-0.13504264099037155,-0.3257634112792296,0.09538651994497938,114945.64759284732,0.47573442459106374
-0.08295735900962908,0.5770976616231087,0.4697964236588721,0.962365887207703,-0.3873672627235216,1.2644511691884457,-0.11504264099037154,-0.3257634112792296,0.09538651994497938,115776.64759284732,0.47671337127685476
-0.10295735900962888,0.5670976616231087,0.4797964236588721,0.972365887207703,-0.40736726272352164,1.2844511691884457,-0.15504264099037157,-0.36576341127922957,0.08538651994497937,116421.64759284732,0.48078651428222585
-0.10295735900962888,0.5970976616231087,0.4697964236588721,0.972365887207703,-0.41736726272352165,1.3044511691884457,-0.10504264099037153,-0.42576341127922956,0.06538651994497938,116606.64759284732,0.48535938262939027
-0.1229573590096289,0.6270976616231088,0.4697964236588721,0.972365887207703,-0.42736726272352166,1.3044511691884457,-0.10504264099037153,-0.4457634112792296,0.08538651994497937,117521.64759284732,0.488434982299804
-0.1229573590096289,0.6470976616231088,0.4697964236588721,0.992365887207703,-0.4473672627235217,1.3244511691884457,-0.12504264099037155,-0.4357634112792296,0.07538651994497936,118282.64759284732,0.48936004638671804
-0.14295735900962891,0.6770976616231086,0.4697964236588721,1.002365887207703,-0.4673672627235217,1.3444511691884458,-0.1750426409903716,-0.4357634112792296,0.07538651994497936,118897.64759284732,0.49228901863098073
-0.1329573590096289,0.6470976616231088,0.4797964236588721,1.022365887207703,-0.4973672627235217,1.3544511691884458,-0.21504264099037151,-0.4657634112792296,0.06538651994497938,119418.64759284732,0.4978632450103788
-0.1229573590096289,0.6270976616231088,0.4797964236588721,1.042365887207703,-0.5173672627235217,1.3444511691884458,-0.16504264099037158,-0.48576341127922956,0.08538651994497937,120325.64759284732,0.5007183074951165
-0.14295735900962891,0.6370976616231085,0.5097964236588721,1.062365887207703,-0.5273672627235217,1.3344511691884458,-0.16504264099037158,-0.5157634112792295,0.06538651994497938,121374.64759284732,0.5017785549163811
-0.18295735900962895,0.6770976616231086,0.5197964236588721,1.082365887207703,-0.5473672627235215,1.3344511691884458,-0.1850426409903715,-0.5357634112792296,0.07538651994497936,121709.64759284732,0.5047778606414788
-0.19295735900962896,0.6870976616231088,0.5297964236588721,1.112365887207703,-0.5573672627235216,1.3144511691884457,-0.23504264099037153,-0.5257634112792295,0.07538651994497936,122108.64759284732,0.509196472167968
-0.21295735900962898,0.6970976616231086,0.5397964236588721,1.132365887207703,-0.5573672627235216,1.3044511691884457,-0.24504264099037154,-0.5057634112792295,0.07538651994497936,122593.64759284732,0.5135373592376702
-0.21295735900962898,0.7070976616231088,0.5397964236588721,1.122365887207703,-0.5473672627235215,1.2944511691884457,-0.21504264099037151,-0.48576341127922956,0.10538651994497936,123668.64759284732,0.5135373592376702
-0.18295735900962895,0.6970976616231086,0.5297964236588721,1.112365887207703,-0.5473672627235215,1.3144511691884457,-0.1950426409903715,-0.49576341127922957,0.11538651994497937,123933.64759284732,0.5171420097351067
-0.16295735900962893,0.6870976616231088,0.5397964236588721,1.1023658872077031,-0.5373672627235218,1.3144511691884457,-0.1850426409903715,-0.4357634112792296,0.10538651994497936,123736.64759284732,0.5221807479858391
-0.16295735900962893,0.6870976616231088,0.5397964236588721,1.0923658872077031,-0.5373672627235218,1.3244511691884457,-0.24504264099037154,-0.47576341127922955,0.09538651994497938,123887.64759284732,0.5260314464569085
-0.1329573590096289,0.6670976616231088,0.5497964236588722,1.072365887207703,-0.5373672627235218,1.3344511691884458,-0.2050426409903715,-0.4457634112792296,0.11538651994497937,123942.64759284732,0.5260314464569085
-0.1229573590096289,0.6570976616231086,0.5397964236588721,1.072365887207703,-0.5373672627235218,1.3344511691884458,-0.1850426409903715,-0.4557634112792296,0.11538651994497937,124127.64759284732,0.530058574676513
-0.1229573590096289,0.6470976616231088,0.5597964236588719,1.072365887207703,-0.5373672627235218,1.3244511691884457,-0.1950426409903715,-0.4557634112792296,0.13538651994497938,124482.64759284732,0.5334059715270989
-0.10295735900962888,0.6270976616231088,0.569796423658872,1.072365887207703,-0.5473672627235215,1.3344511691884458,-0.23504264099037153,-0.4657634112792296,0.11538651994497937,124995.64759284732,0.5384351730346673
-0.08295735900962908,0.5970976616231087,0.599796423658872,1.082365887207703,-0.5473672627235215,1.3144511691884457,-0.24504264099037154,-0.4457634112792296,0.15538651994497935,125408.64759284732,0.5417887687683098
-0.09295735900962887,0.5970976616231087,0.629796423658872,1.082365887207703,-0.5473672627235215,1.3144511691884457,-0.1750426409903716,-0.4557634112792296,0.1453865199449794,125419.64759284732,0.5425102233886712
-0.09295735900962887,0.5570976616231087,0.659796423658872,1.0923658872077031,-0.5573672627235216,1.3044511691884457,-0.23504264099037153,-0.4357634112792296,0.17538651994497936,125416.64759284732,0.5458063602447503
-0.08295735900962908,0.5270976616231087,0.679796423658872,1.0923658872077031,-0.5573672627235216,1.3044511691884457,-0.2050426409903715,-0.41576341127922956,0.18538651994497937,125471.64759284732,0.549731922149661
-0.05295735900962906,0.49709766162310864,0.6897964236588721,1.0923658872077031,-0.5573672627235216,1.2944511691884457,-0.2050426409903715,-0.3757634112792296,0.2053865199449794,125606.64759284732,0.5539860248565667
-0.04295735900962905,0.45709766162310883,0.7197964236588721,1.1023658872077031,-0.5573672627235216,1.2844511691884457,-0.1850426409903715,-0.34576341127922955,0.19538651994497938,125769.64759284732,0.554820251464843
-0.03295735900962904,0.4370976616231088,0.7397964236588721,1.1023658872077031,-0.5573672627235216,1.2844511691884457,-0.12504264099037155,-0.3257634112792296,0.21538651994497934,126660.64759284732,0.5588197231292682
-0.03295735900962904,0.4070976616231088,0.7597964236588721,1.1023658872077031,-0.5473672627235215,1.2744511691884457,-0.12504264099037155,-0.30576341127922957,0.21538651994497934,127237.64759284732,0.5633801937103264
-0.012957359009629021,0.38709766162310877,0.7797964236588721,1.1023658872077031,-0.5473672627235215,1.2644511691884457,-0.15504264099037157,-0.28576341127922955,0.21538651994497934,126924.64759284732,0.5663024902343743
-0.012957359009629021,0.36709766162310875,0.7897964236588721,1.112365887207703,-0.5473672627235215,1.2544511691884457,-0.12504264099037155,-0.27576341127922954,0.24538651994497937,127295.64759284732,0.5673572540283196
0.007042640990370996,0.3370976616231087,0.7997964236588722,1.1023658872077031,-0.5273672627235217,1.2444511691884457,-0.09504264099037152,-0.2057634112792296,0.2653865199449794,127834.64759284732,0.5703091144561796
0.03704264099037102,0.2970976616231087,0.8097964236588719,1.082365887207703,-0.5073672627235217,1.2244511691884457,-0.0750426409903715,-0.16576341127922956,0.29538651994497933,128019.64759284732,0.5756511211395221
0.09704264099037108,0.27709766162310867,0.7797964236588721,1.052365887207703,-0.4873672627235217,1.2344511691884457,-0.025042640990371567,-0.11576341127922951,0.31538651994497935,128198.64759284732,0.5783364295959466
0.10704264099037109,0.26709766162310866,0.7797964236588721,1.052365887207703,-0.4873672627235217,1.2344511691884457,0.014957359009628468,-0.0857634112792296,0.33538651994497937,128631.64759284732,0.5794007301330595
0.1270426409903711,0.25709766162310865,0.7697964236588721,1.042365887207703,-0.4873672627235217,1.2344511691884457,0.024957359009628477,-0.05576341127922957,0.33538651994497937,128476.64759284732,0.5833754062652581
0.14704264099037112,0.24709766162310864,0.7697964236588721,1.032365887207703,-0.4773672627235217,1.2344511691884457,0.044957359009628495,-0.015763411279229533,0.3553865199449794,127827.64759284732,0.587375354766845
0.15704264099037113,0.23709766162310864,0.7697964236588721,1.032365887207703,-0.4773672627235217,1.2344511691884457,0.044957359009628495,-0.0057634112792295245,0.3453865199449794,127110.64759284732,0.5914041519165032
0.16704264099037092,0.22709766162310885,0.7697964236588721,1.012365887207703,-0.4773672627235217,1.2344511691884457,0.044957359009628495,0.0342365887207704,0.3553865199449794,126491.64759284732,0.5914041519165032
0.17704264099037093,0.20709766162310883,0.7797964236588721,1.002365887207703,-0.4673672627235217,1.2344511691884457,0.044957359009628495,0.05423658872077042,0.3753865199449794,126766.64759284732,0.5956811428070061
0.19704264099037094,0.1770976616231088,0.7897964236588721,0.992365887207703,-0.4473672627235217,1.2344511691884457,0.06495735900962851,0.10423658872077046,0.3653865199449794,127343.64759284732,0.5998079299926751
0.21704264099037096,0.14709766162310878,0.7997964236588722,0.962365887207703,-0.43736726272352167,1.2244511691884457,0.08495735900962853,0.12423658872077048,0.3853865199449794,127904.64759284732,0.6030704498291009
0.22704264099037097,0.11709766162310875,0.8097964236588719,0.942365887207703,-0.41736726272352165,1.2044511691884456,0.08495735900962853,0.1342365887207705,0.3953865199449794,127707.64759284732,0.6069414138793903
0.22704264099037097,0.10709766162310874,0.829796423658872,0.942365887207703,-0.40736726272352164,1.1944511691884458,0.12495735900962857,0.18423658872077042,0.3953865199449794,126922.64759284732,0.607916069030761
0.21704264099037096,0.10709766162310874,0.839796423658872,0.942365887207703,-0.3773672627235216,1.1644511691884458,0.12495735900962857,0.21423658872077045,0.40538651994497943,125957.64759284732,0.611085128784179
0.22704264099037097,0.08709766162310872,0.849796423658872,0.912365887207703,-0.3473672627235216,1.1344511691884458,0.14495735900962836,0.2542365887207705,0.41538651994497944,125624.64759284732,0.6155669212341301
0.23704264099037098,0.0570976616231087,0.879796423658872,0.8923658872077029,-0.31736726272352156,1.1044511691884458,0.1949573590096284,0.3042365887207704,0.43538651994497934,126131.64759284732,0.6185841083526604
0.257042640990371,0.03709766162310868,0.879796423658872,0.8923658872077029,-0.30736726272352155,1.0944511691884458,0.22495735900962843,0.33423658872077044,0.44538651994497935,126476.64759284732,0.6195876121520989
0.267042640990371,0.007097661623108653,0.889796423658872,0.8623658872077029,-0.27736726272352175,1.0844511691884458,0.23495735900962844,0.3742365887207705,0.4753865199449794,126671.64759284732,0.6234795570373528
0.287042640990371,0.007097661623108653,0.879796423658872,0.8523658872077031,-0.24736726272352172,1.0744511691884457,0.25495735900962846,0.4242365887207705,0.5053865199449794,126268.64759284732,0.6284899234771757
0.287042640990371,0.007097661623108653,0.879796423658872,0.8223658872077031,-0.2273672627235217,1.0744511691884457,0.25495735900962846,0.44423658872077054,0.5453865199449794,125821.64759284732,0.6314894676208489
0.287042640990371,0.007097661623108653,0.879796423658872,0.8023658872077031,-0.20736726272352168,1.0544511691884457,0.2749573590096285,0.48423658872077036,0.5753865199449794,125210.64759284732,0.6324707984924309
0.287042640990371,0.017097661623108662,0.879796423658872,0.732365887207703,-0.13736726272352162,1.0144511691884457,0.3049573590096285,0.49423658872077036,0.5953865199449794,124847.64759284732,0.6354984760284417
0.29704264099037103,-0.0029023383768913558,0.889796423658872,0.702365887207703,-0.1073672627235216,0.9744511691884455,0.3249573590096285,0.5442365887207704,0.6553865199449794,124318.64759284732,0.6408826828002958
0.32704264099037106,-0.03290233837689116,0.879796423658872,0.692365887207703,-0.08736726272352158,0.9944511691884456,0.3149573590096285,0.5342365887207704,0.6953865199449794,123537.64759284732,0.6435400962829583
0.3570426409903711,-0.05290233837689118,0.869796423658872,0.692365887207703,-0.08736726272352158,0.9944511691884456,0.34495735900962854,0.5442365887207704,0.7453865199449794,122510.64759284732,0.6445860385894768
0.3670426409903711,-0.05290233837689118,0.869796423658872,0.682365887207703,-0.05736726272352155,0.9544511691884455,0.37495735900962857,0.5542365887207704,0.7653865199449794,120987.64759284732,0.6485619068145745
0.3670426409903711,-0.05290233837689118,0.859796423658872,0.682365887207703,-0.04736726272352154,0.9544511691884455,0.39495735900962836,0.5742365887207704,0.7953865199449794,119782.64759284732,0.6524197578430204
0.3770426409903711,-0.06290233837689119,0.859796423658872,0.682365887207703,-0.037367262723521755,0.9444511691884457,0.40495735900962837,0.5942365887207705,0.8053865199449793,118703.64759284732,0.6565379619598382
0.3970426409903711,-0.0829023383768912,0.859796423658872,0.682365887207703,-0.037367262723521755,0.9144511691884457,0.4249573590096284,0.5742365887207704,0.8453865199449794,118382.64759284732,0.6574239253997796
0.3970426409903711,-0.09290233837689121,0.859796423658872,0.672365887207703,-0.027367262723521746,0.9244511691884457,0.4249573590096284,0.5742365887207704,0.8653865199449794,117959.64759284732,0.6604954719543485
0.3870426409903711,-0.09290233837689121,0.879796423658872,0.6523658872077029,-0.007367262723521728,0.9144511691884457,0.4249573590096284,0.5842365887207704,0.8853865199449794,117162.64759284732,0.6657249450683587
0.3670426409903711,-0.09290233837689121,0.889796423658872,0.5923658872077031,0.042632737276478316,0.9044511691884457,0.4549573590096284,0.6242365887207705,0.8953865199449794,116641.64759284732,0.6682416915893512
0.3470426409903711,-0.0729023383768912,0.899796423658872,0.5823658872077031,0.07263273727647834,0.8944511691884457,0.4649573590096284,0.6142365887207705,0.9153865199449794,115876.64759284732,0.6692902565002434
0.32704264099037106,-0.05290233837689118,0.889796423658872,0.5723658872077031,0.042632737276478316,0.9144511691884457,0.47495735900962843,0.6342365887207705,0.9453865199449795,115243.64759284732,0.673305940628051
0.31704264099037105,-0.05290233837689118,0.889796423658872,0.5823658872077031,0.042632737276478316,0.9044511691884457,0.49495735900962845,0.6442365887207705,0.9453865199449795,114332.64759284732,0.6777257442474358
0.31704264099037105,-0.06290233837689119,0.889796423658872,0.5823658872077031,0.03263273727647831,0.9344511691884457,0.5149573590096285,0.6742365887207705,0.9453865199449795,113245.64759284732,0.6812455177307122
0.30704264099037104,-0.05290233837689118,0.909796423658872,0.5723658872077031,0.052632737276478325,0.9244511691884457,0.5149573590096285,0.6642365887207705,0.9753865199449795,111986.64759284732,0.6848396778106682
0.29704264099037103,-0.04290233837689117,0.899796423658872,0.5823658872077031,0.052632737276478325,0.9244511691884457,0.5149573590096285,0.6842365887207705,0.9753865199449795,111775.64759284732,0.6858999252319364
0.29704264099037103,-0.04290233837689117,0.889796423658872,0.5823658872077031,0.042632737276478316,0.9244511691884457,0.5349573590096285,0.6742365887207705,0.9953865199449793,111582.64759284732,0.6899344444274895
0.287042640990371,-0.03290233837689116,0.879796423658872,0.5823658872077031,0.03263273727647831,0.9444511691884457,0.5549573590096285,0.6842365887207705,1.0053865199449792,111379.64759284732,0.6933495521545403
0.29704264099037103,-0.03290233837689116,0.869796423658872,0.5823658872077031,0.042632737276478316,0.9344511691884457,0.5549573590096285,0.6842365887207705,1.0253865199449792,110582.64759284732,0.6969863891601555
0.30704264099037104,-0.012902338376891365,0.849796423658872,0.5923658872077031,0.0226327372764783,0.9344511691884457,0.5749573590096285,0.6642365887207705,1.0453865199449792,110469.64759284732,0.6977264404296868
0.30704264099037104,-0.02290233837689115,0.819796423658872,0.5823658872077031,0.01263273727647829,0.9544511691884455,0.5549573590096285,0.6742365887207705,1.0753865199449792,110398.64759284732,0.7017330646514885
0.29704264099037103,-0.0029023383768913558,0.8097964236588719,0.5923658872077031,0.01263273727647829,0.9644511691884455,0.5649573590096285,0.6742365887207705,1.1153865199449793,110261.64759284732,0.706213188171386
0.257042640990371,0.03709766162310868,0.8097964236588719,0.6023658872077031,0.01263273727647829,0.9544511691884455,0.5549573590096285,0.6942365887207705,1.1053865199449793,109896.64759284732,0.7096304416656487
0.247042640990371,0.03709766162310868,0.7997964236588722,0.6023658872077031,0.01263273727647829,0.9644511691884455,0.5749573590096285,0.6742365887207705,1.1253865199449793,109525.64759284732,0.7106430053710966
0.22704264099037097,0.0570976616231087,0.7797964236588721,0.6223658872077029,0.002632737276478281,0.9544511691884455,0.6249573590096286,0.6542365887207705,1.1353865199449793,108776.64759284732,0.7140511989593499
0.20704264099037095,0.08709766162310872,0.7797964236588721,0.6223658872077029,0.01263273727647829,0.9544511691884455,0.6649573590096284,0.6442365887207705,1.1453865199449793,108555.64759284732,0.7183455944061272
0.18704264099037093,0.11709766162310875,0.7697964236588721,0.6123658872077029,0.002632737276478281,0.9644511691884455,0.6749573590096284,0.6342365887207705,1.1353865199449793,108406.64759284732,0.7219845771789508
0.16704264099037092,0.11709766162310875,0.7697964236588721,0.6123658872077029,0.002632737276478281,0.9844511691884456,0.6949573590096284,0.6342365887207705,1.1453865199449793,107617.64759284732,0.7230503082275384
0.18704264099037093,0.10709766162310874,0.7497964236588721,0.6023658872077031,0.002632737276478281,0.9844511691884456,0.7049573590096284,0.6442365887207705,1.1453865199449793,107308.64759284732,0.7265231132507317
0.17704264099037093,0.12709766162310876,0.7497964236588721,0.6223658872077029,0.002632737276478281,0.9744511691884455,0.6849573590096284,0.6542365887207705,1.1553865199449793,107077.64759284732,0.7297183990478509
0.17704264099037093,0.11709766162310875,0.7497964236588721,0.6423658872077029,-0.017367262723521737,0.9844511691884456,0.6949573590096284,0.6642365887207705,1.1553865199449793,106654.64759284732,0.7337181091308587
0.15704264099037113,0.10709766162310874,0.7397964236588721,0.6423658872077029,-0.017367262723521737,0.9944511691884456,0.7049573590096284,0.6542365887207705,1.1653865199449793,107113.64759284732,0.7347182750701897
0.1370426409903711,0.12709766162310876,0.7397964236588721,0.6523658872077029,-0.027367262723521746,1.0044511691884457,0.7349573590096284,0.6442365887207705,1.1753865199449793,107392.64759284732,0.7387182235717802
0.1270426409903711,0.13709766162310877,0.7297964236588721,0.6323658872077029,-0.037367262723521755,1.0244511691884457,0.7149573590096284,0.6342365887207705,1.2053865199449794,107463.64759284732,0.7426862239837639
0.10704264099037109,0.1570976616231088,0.7297964236588721,0.6423658872077029,-0.04736726272352154,1.0244511691884457,0.7049573590096284,0.6342365887207705,1.2353865199449794,107282.64759284732,0.746702861785888
0.09704264099037108,0.1670976616231088,0.679796423658872,0.6423658872077029,-0.05736726272352155,1.0444511691884457,0.6949573590096284,0.6242365887207705,1.2653865199449792,107977.64759284732,0.7505113601684599
0.10704264099037109,0.1770976616231088,0.669796423658872,0.6323658872077029,-0.07736726272352157,1.0844511691884458,0.6949573590096284,0.6042365887207705,1.2953865199449792,108782.64759284732,0.7505113601684599
0.07704264099037106,0.20709766162310883,0.639796423658872,0.672365887207703,-0.09736726272352159,1.0844511691884458,0.7049573590096284,0.6142365887207705,1.3153865199449792,109291.64759284732,0.7545470714569085
0.07704264099037106,0.20709766162310883,0.639796423658872,0.662365887207703,-0.1073672627235216,1.0844511691884458,0.6949573590096284,0.6142365887207705,1.3153865199449792,110084.64759284732,0.7596649646759026
0.08704264099037107,0.19709766162310882,0.619796423658872,0.682365887207703,-0.1173672627235216,1.0944511691884458,0.7049573590096284,0.6042365887207705,1.3253865199449792,110623.64759284732,0.762863111495971
0.07704264099037106,0.21709766162310884,0.609796423658872,0.692365887207703,-0.1173672627235216,1.0844511691884458,0.7349573590096284,0.5942365887207705,1.3253865199449792,110438.64759284732,0.7636646747589104
0.06704264099037105,0.23709766162310864,0.579796423658872,0.712365887207703,-0.13736726272352162,1.0844511691884458,0.7549573590096285,0.5742365887207704,1.3253865199449792,111045.64759284732,0.767235469818111
0.04704264099037103,0.26709766162310866,0.569796423658872,0.732365887207703,-0.14736726272352163,1.0744511691884457,0.7749573590096285,0.5742365887207704,1.3253865199449792,112096.64759284732,0.7713524818420403
-0.0029573590096290125,0.2970976616231087,0.5497964236588722,0.752365887207703,-0.15736726272352164,1.0744511691884457,0.7849573590096285,0.5742365887207704,1.3253865199449792,112343.64759284732,0.7751965045928948
-0.012957359009629021,0.3270976616231087,0.5497964236588722,0.7823658872077031,-0.16736726272352165,1.0744511691884457,0.7949573590096285,0.5642365887207704,1.3253865199449792,112536.64759284732,0.7762441158294671
-0.02295735900962903,0.3370976616231087,0.5497964236588722,0.7923658872077031,-0.16736726272352165,1.0544511691884457,0.7949573590096285,0.5642365887207704,1.3353865199449793,112847.64759284732,0.7796482563018792
-0.012957359009629021,0.3070976616231087,0.5497964236588722,0.8023658872077031,-0.16736726272352165,1.0544511691884457,0.7949573590096285,0.5642365887207704,1.3353865199449793,112614.64759284732,0.7831916332244866
-0.0029573590096290125,0.2970976616231087,0.5597964236588719,0.8123658872077031,-0.18736726272352167,1.0544511691884457,0.7949573590096285,0.5642365887207704,1.3353865199449793,112791.64759284732,0.7875322818756096
0.007042640990370996,0.2870976616231087,0.5497964236588722,0.8423658872077031,-0.20736726272352168,1.0544511691884457,0.7949573590096285,0.5542365887207704,1.3453865199449793,113440.64759284732,0.7882282257080071
0.007042640990370996,0.2870976616231087,0.5497964236588722,0.8623658872077029,-0.2273672627235217,1.0644511691884457,0.7849573590096285,0.5542365887207704,1.3653865199449793,112839.64759284732,0.7922567844390862
-0.0029573590096290125,0.2970976616231087,0.5497964236588722,0.8623658872077029,-0.2373672627235217,1.0944511691884458,0.7849573590096285,0.5642365887207704,1.3653865199449793,113234.64759284732,0.7962567329406731
-0.02295735900962903,0.3170976616231087,0.5397964236588721,0.8823658872077029,-0.26736726272352174,1.1044511691884458,0.7549573590096285,0.5742365887207704,1.3653865199449793,114351.64759284732,0.7998220443725579
-0.05295735900962906,0.3270976616231087,0.5497964236588722,0.9023658872077029,-0.28736726272352175,1.1144511691884458,0.7549573590096285,0.5742365887207704,1.3653865199449793,114898.64759284732,0.8008346080780022
-0.08295735900962908,0.35709766162310874,0.5397964236588721,0.8923658872077029,-0.29736726272352154,1.1444511691884458,0.7549573590096285,0.5842365887207704,1.3653865199449793,115547.64759284732,0.8038038730621366
-0.10295735900962888,0.37709766162310876,0.5297964236588721,0.8923658872077029,-0.31736726272352156,1.1744511691884458,0.7649573590096285,0.5742365887207704,1.3653865199449793,117228.64759284732,0.808835697174068
-0.09295735900962887,0.37709766162310876,0.5197964236588721,0.9023658872077029,-0.3573672627235216,1.1944511691884458,0.7749573590096285,0.5742365887207704,1.3553865199449793,118603.64759284732,0.8118240356445305
-0.10295735900962888,0.3970976616231088,0.5097964236588721,0.922365887207703,-0.3773672627235216,1.1944511691884458,0.7849573590096285,0.5642365887207704,1.3553865199449793,118996.64759284732,0.8118240356445305
-0.08295735900962908,0.3970976616231088,0.4897964236588721,0.932365887207703,-0.3873672627235216,1.2044511691884456,0.7949573590096285,0.5442365887207704,1.3553865199449793,119521.64759284732,0.815787744522094
-0.05295735900962906,0.37709766162310876,0.4697964236588721,0.942365887207703,-0.40736726272352164,1.2044511691884456,0.8049573590096285,0.5442365887207704,1.3653865199449793,120284.64759284732,0.820562553405761
-0.05295735900962906,0.38709766162310877,0.4797964236588721,0.962365887207703,-0.40736726272352164,1.1944511691884458,0.8049573590096285,0.5342365887207704,1.3653865199449793,120771.64759284732,0.8248991489410393
-0.05295735900962906,0.38709766162310877,0.4697964236588721,0.992365887207703,-0.41736726272352165,1.1844511691884458,0.8049573590096285,0.5242365887207704,1.3853865199449793,121132.64759284732,0.8274147033691399
-0.06295735900962907,0.4270976616231088,0.4797964236588721,0.992365887207703,-0.42736726272352166,1.1844511691884458,0.8049573590096285,0.5142365887207704,1.3853865199449793,121501.64759284732,0.8284153461456292
-0.09295735900962887,0.45709766162310883,0.4697964236588721,1.012365887207703,-0.43736726272352167,1.1944511691884458,0.8049573590096285,0.5142365887207704,1.3853865199449793,122494.64759284732,0.8329529285430901
-0.09295735900962887,0.47709766162310885,0.4697964236588721,1.022365887207703,-0.4573672627235217,1.1944511691884458,0.8149573590096285,0.5242365887207704,1.3653865199449793,123261.64759284732,0.8366770267486601
-0.10295735900962888,0.47709766162310885,0.4697964236588721,1.032365887207703,-0.4573672627235217,1.1844511691884458,0.8149573590096285,0.5242365887207704,1.3653865199449793,123928.64759284732,0.8407508850097649
-0.09295735900962887,0.49709766162310864,0.44979642365887207,1.032365887207703,-0.4573672627235217,1.2044511691884456,0.8049573590096285,0.5242365887207704,1.3753865199449793,124683.64759284732,0.8407508850097649
-0.1229573590096289,0.5270976616231087,0.44979642365887207,1.022365887207703,-0.4673672627235217,1.2144511691884456,0.7849573590096285,0.5342365887207704,1.3753865199449793,125012.64759284732,0.8451735496520989
-0.14295735900962891,0.5270976616231087,0.4597964236588721,1.022365887207703,-0.4673672627235217,1.2144511691884456,0.7849573590096285,0.5342365887207704,1.3853865199449793,125111.64759284732,0.8488904953002958
-0.14295735900962891,0.5370976616231087,0.4597964236588721,1.022365887207703,-0.4673672627235217,1.2044511691884456,0.7749573590096285,0.5442365887207704,1.3753865199449793,125060.64759284732,0.8530044078826897
-0.15295735900962892,0.5370976616231087,0.4797964236588721,1.022365887207703,-0.4573672627235217,1.2044511691884456,0.7749573590096285,0.5542365887207704,1.3753865199449793,125179.64759284732,0.8530044078826897
-0.17295735900962894,0.5570976616231087,0.5097964236588721,1.012365887207703,-0.4673672627235217,1.2244511691884457,0.7749573590096285,0.5542365887207704,1.3653865199449793,125626.64759284732,0.8570210456848137
-0.19295735900962896,0.5470976616231087,0.5497964236588722,1.012365887207703,-0.4773672627235217,1.2244511691884457,0.7849573590096285,0.5542365887207704,1.3653865199449793,126227.64759284732,0.8609928607940667
-0.21295735900962898,0.5470976616231087,0.569796423658872,1.022365887207703,-0.4973672627235217,1.2444511691884457,0.7849573590096285,0.5442365887207704,1.3653865199449793,126780.64759284732,0.86503357887268
-0.19295735900962896,0.5470976616231087,0.579796423658872,1.032365887207703,-0.5173672627235217,1.2544511691884457,0.7949573590096285,0.5342365887207704,1.3653865199449793,127419.64759284732,0.8660656929016106
-0.17295735900962894,0.5270976616231087,0.609796423658872,1.022365887207703,-0.5073672627235217,1.2544511691884457,0.7949573590096285,0.5242365887207704,1.3553865199449793,128386.64759284732,0.8691157817840605
-0.17295735900962894,0.5070976616231087,0.619796423658872,1.032365887207703,-0.5173672627235217,1.2544511691884457,0.8049573590096285,0.5142365887207704,1.3553865199449793,129199.64759284732,0.87390489578247
-0.1329573590096289,0.48709766162310864,0.599796423658872,1.042365887207703,-0.5173672627235217,1.2444511691884457,0.7949573590096285,0.5142365887207704,1.3553865199449793,129536.64759284732,0.8771953105926507
-0.09295735900962887,0.47709766162310885,0.589796423658872,1.052365887207703,-0.5173672627235217,1.2344511691884457,0.7949573590096285,0.5142365887207704,1.3553865199449793,129699.64759284732,0.8781611442565911
-0.06295735900962907,0.46709766162310884,0.589796423658872,1.052365887207703,-0.5273672627235217,1.2344511691884457,0.7949573590096285,0.5142365887207704,1.3553865199449793,129946.64759284732,0.8811738014221184
-0.05295735900962906,0.4470976616231088,0.599796423658872,1.052365887207703,-0.5273672627235217,1.2244511691884457,0.7949573590096285,0.5242365887207704,1.3453865199449793,129913.64759284732,0.8861689090728753
-0.03295735900962904,0.4270976616231088,0.609796423658872,1.062365887207703,-0.5273672627235217,1.2244511691884457,0.7949573590096285,0.5242365887207704,1.3353865199449793,130538.64759284732,0.8902837753295891
-0.04295735900962905,0.4170976616231088,0.629796423658872,1.072365887207703,-0.5273672627235217,1.2144511691884456,0.7849573590096285,0.5342365887207704,1.3453865199449793,131049.64759284732,0.8913437843322711
-0.03295735900962904,0.4070976616231088,0.659796423658872,1.062365887207703,-0.5073672627235217,1.2044511691884456,0.7749573590096285,0.5242365887207704,1.3553865199449793,130986.64759284732,0.8943407058715778
-0.04295735900962905,0.3970976616231088,0.679796423658872,1.062365887207703,-0.5073672627235217,1.2044511691884456,0.7649573590096285,0.5042365887207704,1.3753865199449793,131115.64759284732,0.8981213092803912
-0.02295735900962903,0.36709766162310875,0.7097964236588721,1.062365887207703,-0.4973672627235217,1.1944511691884458,0.7549573590096285,0.49423658872077036,1.3753865199449793,131444.64759284732,0.9028310298919671
-0.012957359009629021,0.3370976616231087,0.7197964236588721,1.042365887207703,-0.5073672627235217,1.2044511691884456,0.7449573590096285,0.5142365887207704,1.3753865199449793,132025.64759284732,0.9028310298919671
-0.012957359009629021,0.3270976616231087,0.7497964236588721,1.052365887207703,-0.4973672627235217,1.1944511691884458,0.7349573590096284,0.5242365887207704,1.3653865199449793,132102.64759284732,0.9058598995208698
-0.0029573590096290125,0.3070976616231087,0.7597964236588721,1.042365887207703,-0.4973672627235217,1.2044511691884456,0.7349573590096284,0.5342365887207704,1.3653865199449793,131813.64759284732,0.91083116531372
-0.0029573590096290125,0.2870976616231087,0.7797964236588721,1.032365887207703,-0.4973672627235217,1.2044511691884456,0.7149573590096284,0.5442365887207704,1.3553865199449793,131418.64759284732,0.9144379615783684
0.017042640990371005,0.26709766162310866,0.7897964236588721,1.032365887207703,-0.4973672627235217,1.2044511691884456,0.7049573590096284,0.5442365887207704,1.3553865199449793,131277.64759284732,0.9189698219299309
0.03704264099037102,0.22709766162310885,0.8097964236588719,1.022365887207703,-0.4773672627235217,1.1944511691884458,0.7149573590096284,0.5442365887207704,1.3353865199449793,131482.64759284732,0.9189698219299309
0.06704264099037105,0.1870976616231088,0.829796423658872,1.012365887207703,-0.4673672627235217,1.1844511691884458,0.6949573590096284,0.5442365887207704,1.3253865199449792,131799.64759284732,0.9229938507080071
0.09704264099037108,0.1670976616231088,0.829796423658872,1.012365887207703,-0.4673672627235217,1.1844511691884458,0.6949573590096284,0.5342365887207704,1.3353865199449793,132202.64759284732,0.9264919281005888
0.1370426409903711,0.13709766162310877,0.819796423658872,1.012365887207703,-0.4573672627235217,1.1744511691884458,0.7149573590096284,0.5442365887207704,1.3053865199449792,132693.64759284732,0.9305018901824944
0.16704264099037092,0.12709766162310876,0.7997964236588722,1.022365887207703,-0.4573672627235217,1.1644511691884458,0.7049573590096284,0.5442365887207704,1.2853865199449792,132242.64759284732,0.9315025329589837
0.17704264099037093,0.11709766162310875,0.7997964236588722,1.002365887207703,-0.43736726272352167,1.1544511691884458,0.6749573590096284,0.5642365887207704,1.2753865199449792,131659.64759284732,0.9347741127014189
0.18704264099037093,0.11709766162310875,0.7997964236588722,1.002365887207703,-0.42736726272352166,1.1444511691884458,0.6649573590096284,0.5742365887207704,1.2653865199449792,131690.64759284732,0.9397952079772942
0.20704264099037095,0.10709766162310874,0.7997964236588722,1.002365887207703,-0.41736726272352165,1.1144511691884458,0.6449573590096284,0.5842365887207704,1.2753865199449792,131685.64759284732,0.9427945137023883
0.20704264099037095,0.09709766162310873,0.7997964236588722,1.022365887207703,-0.40736726272352164,1.0844511691884458,0.6149573590096286,0.6042365887207705,1.2653865199449792,131064.64759284732,0.94379014968872
0.22704264099037097,0.07709766162310872,0.819796423658872,1.012365887207703,-0.3873672627235216,1.0644511691884457,0.5849573590096285,0.6442365887207705,1.2453865199449792,131289.64759284732,0.9467935085296624
0.247042640990371,0.0570976616231087,0.819796423658872,1.002365887207703,-0.3573672627235216,1.0444511691884457,0.5949573590096285,0.6242365887207705,1.2253865199449794,131684.64759284732,0.9517943382263141
0.257042640990371,0.03709766162310868,0.849796423658872,0.962365887207703,-0.3373672627235216,1.0544511691884457,0.5949573590096285,0.6242365887207705,1.1753865199449793,130987.64759284732,0.9557950019836419
0.247042640990371,0.02709766162310867,0.859796423658872,0.922365887207703,-0.31736726272352156,1.0544511691884457,0.5749573590096285,0.6342365887207705,1.1753865199449793,130418.64759284732,0.9557950019836419
0.23704264099037098,0.017097661623108662,0.889796423658872,0.8623658872077029,-0.27736726272352175,1.0744511691884457,0.5449573590096285,0.6342365887207705,1.1853865199449793,129819.64759284732,0.9591516971588163
0.23704264099037098,-0.0029023383768913558,0.899796423658872,0.8223658872077031,-0.25736726272352173,1.0844511691884458,0.5449573590096285,0.6642365887207705,1.1753865199449793,129044.64759284732,0.9636303901672356
0.23704264099037098,-0.02290233837689115,0.929796423658872,0.752365887207703,-0.2373672627235217,1.0944511691884458,0.5649573590096285,0.6542365887207705,1.1453865199449793,128119.64759284732,0.9676293849945061
0.257042640990371,-0.04290233837689117,0.9397964236588721,0.732365887207703,-0.2173672627235217,1.0944511691884458,0.5249573590096285,0.6642365887207705,1.1553865199449793,127890.64759284732,0.968629074096679
0.267042640990371,-0.06290233837689119,0.9397964236588721,0.742365887207703,-0.2173672627235217,1.0744511691884457,0.5249573590096285,0.6742365887207705,1.1453865199449793,127559.64759284732,0.9717733383178704
0.277042640990371,-0.0729023383768912,0.929796423658872,0.752365887207703,-0.20736726272352168,1.0544511691884457,0.49495735900962845,0.7042365887207703,1.1353865199449793,126292.64759284732,0.975777339935302
0.287042640990371,-0.06290233837689119,0.919796423658872,0.742365887207703,-0.18736726272352167,1.0444511691884457,0.5049573590096285,0.6842365887207705,1.1453865199449793,125723.64759284732,0.9797763347625761
0.29704264099037103,-0.0829023383768912,0.929796423658872,0.742365887207703,-0.17736726272352166,1.0244511691884457,0.49495735900962845,0.6842365887207705,1.1453865199449793,125336.64759284732,0.9807772159576409
0.31704264099037105,-0.0829023383768912,0.909796423658872,0.722365887207703,-0.14736726272352163,1.0144511691884457,0.5049573590096285,0.6942365887207705,1.1353865199449793,124645.64759284732,0.9848167419433587
0.32704264099037106,-0.0829023383768912,0.909796423658872,0.702365887207703,-0.1273672627235216,1.0044511691884457,0.5149573590096285,0.6742365887207705,1.1453865199449793,123438.64759284732,0.9880210876464837
0.33704264099037107,-0.0829023383768912,0.899796423658872,0.692365887207703,-0.1273672627235216,0.9944511691884456,0.5149573590096285,0.6742365887207705,1.1253865199449793,122401.64759284732,0.9928688526153557
0.3470426409903711,-0.10290233837689122,0.899796423658872,0.672365887207703,-0.1073672627235216,1.0044511691884457,0.49495735900962845,0.6842365887207705,1.1453865199449793,121348.64759284732,0.9961380481719964
0.3570426409903711,-0.10290233837689122,0.899796423658872,0.682365887207703,-0.09736726272352159,1.0044511691884457,0.48495735900962844,0.7142365887207703,1.1353865199449793,120751.64759284732,0.9970020771026604
0.3670426409903711,-0.11290233837689123,0.889796423658872,0.6523658872077029,-0.08736726272352158,0.9944511691884456,0.4649573590096284,0.7142365887207703,1.1553865199449793,120022.64759284732,1.00136752128601
0.3970426409903711,-0.13290233837689125,0.879796423658872,0.6523658872077029,-0.08736726272352158,1.0044511691884457,0.47495735900962843,0.7142365887207703,1.1253865199449793,119273.64759284732,1.0052656650543206
0.40704264099037113,-0.14290233837689126,0.889796423658872,0.6423658872077029,-0.06736726272352156,0.9844511691884456,0.4649573590096284,0.7242365887207703,1.1553865199449793,118920.64759284732,1.0088693618774407
0.4170426409903709,-0.15290233837689127,0.869796423658872,0.6423658872077029,-0.04736726272352154,0.9644511691884455,0.4649573590096284,0.7242365887207703,1.1553865199449793,118289.64759284732,1.0098545074462884
0.4270426409903709,-0.15290233837689127,0.879796423658872,0.6223658872077029,-0.04736726272352154,0.9744511691884455,0.47495735900962843,0.7242365887207703,1.1553865199449793,117400.64759284732,1.012596797943111
0.40704264099037113,-0.15290233837689127,0.889796423658872,0.6123658872077029,-0.037367262723521755,0.9644511691884455,0.48495735900962844,0.7042365887207703,1.1753865199449793,117277.64759284732,1.0166229724884026
0.3970426409903711,-0.14290233837689126,0.899796423658872,0.6123658872077029,-0.017367262723521737,0.9644511691884455,0.5049573590096285,0.7042365887207703,1.1653865199449793,117228.64759284732,1.020964336395263
0.3770426409903711,-0.12290233837689124,0.889796423658872,0.6223658872077029,-0.017367262723521737,0.9644511691884455,0.5249573590096285,0.7242365887207703,1.1353865199449793,116715.64759284732,1.0219580650329583
0.3570426409903711,-0.11290233837689123,0.879796423658872,0.6023658872077031,-0.007367262723521728,0.9544511691884455,0.5149573590096285,0.7442365887207704,1.1353865199449793,115518.64759284732,1.0252151012420647
0.3470426409903711,-0.10290233837689122,0.889796423658872,0.6123658872077029,0.002632737276478281,0.9444511691884457,0.5349573590096285,0.7342365887207704,1.1453865199449793,114677.64759284732,1.0297295570373528
0.32704264099037106,-0.0729023383768912,0.859796423658872,0.5923658872077031,0.01263273727647829,0.9544511691884455,0.5449573590096285,0.7442365887207704,1.1253865199449793,113906.64759284732,1.0331801891326897
0.32704264099037106,-0.05290233837689118,0.839796423658872,0.6023658872077031,0.01263273727647829,0.9344511691884457,0.5449573590096285,0.7442365887207704,1.1453865199449793,113629.64759284732,1.0341789245605462
0.31704264099037105,-0.03290233837689116,0.839796423658872,0.6023658872077031,0.01263273727647829,0.9444511691884457,0.5349573590096285,0.7442365887207704,1.1553865199449793,113114.64759284732,1.0372626304626422
0.30704264099037104,-0.03290233837689116,0.849796423658872,0.6023658872077031,0.01263273727647829,0.9544511691884455,0.5549573590096285,0.7542365887207704,1.1553865199449793,112203.64759284732,1.0411166667938225
0.30704264099037104,-0.05290233837689118,0.849796423658872,0.5923658872077031,0.002632737276478281,0.9644511691884455,0.5749573590096285,0.7442365887207704,1.1353865199449793,111602.64759284732,1.0451468944549553
0.30704264099037104,-0.05290233837689118,0.829796423658872,0.6023658872077031,0.01263273727647829,0.9644511691884455,0.5949573590096285,0.7342365887207704,1.1553865199449793,111447.64759284732,1.046147298812869
0.32704264099037106,-0.03290233837689116,0.7897964236588721,0.6023658872077031,0.01263273727647829,0.9644511691884455,0.6049573590096285,0.7142365887207703,1.1953865199449794,111102.64759284732,1.049147081375125
0.31704264099037105,-0.012902338376891365,0.7797964236588721,0.6023658872077031,0.01263273727647829,0.9644511691884455,0.6249573590096286,0.6842365887207705,1.1953865199449794,110219.64759284732,1.053852033615108
0.277042640990371,0.007097661623108653,0.7697964236588721,0.5923658872077031,0.01263273727647829,0.9744511691884455,0.6349573590096284,0.6842365887207705,1.1853865199449793,109766.64759284732,1.0578195571899407
0.257042640990371,0.04709766162310869,0.7497964236588721,0.6123658872077029,0.002632737276478281,0.9744511691884455,0.6549573590096284,0.6742365887207705,1.2053865199449794,109595.64759284732,1.0588130474090605
0.22704264099037097,0.0570976616231087,0.7497964236588721,0.6223658872077029,-0.007367262723521728,0.9744511691884455,0.6549573590096284,0.6642365887207705,1.2053865199449794,109382.64759284732,1.0617942333221428
0.18704264099037093,0.07709766162310872,0.7697964236588721,0.6323658872077029,-0.017367262723521737,0.9744511691884455,0.6549573590096284,0.6642365887207705,1.2053865199449794,109299.64759284732,1.0659360408782987
0.16704264099037092,0.10709766162310874,0.7497964236588721,0.6523658872077029,-0.027367262723521746,0.9744511691884455,0.6649573590096284,0.6742365887207705,1.2053865199449794,108742.64759284732,1.069911432266231
0.14704264099037112,0.10709766162310874,0.7697964236588721,0.662365887207703,-0.037367262723521755,0.9744511691884455,0.6849573590096284,0.6842365887207705,1.2053865199449794,108569.64759284732,1.073178958892818
0.1270426409903711,0.12709766162310876,0.7597964236588721,0.662365887207703,-0.027367262723521746,0.9844511691884456,0.6749573590096284,0.6842365887207705,1.2053865199449794,108768.64759284732,1.0743212223053007
0.1170426409903711,0.11709766162310875,0.7697964236588721,0.662365887207703,-0.027367262723521746,0.9744511691884455,0.6549573590096284,0.6942365887207705,1.2153865199449794,109009.64759284732,1.0781609535217278
0.1170426409903711,0.10709766162310874,0.7597964236588721,0.6523658872077029,-0.027367262723521746,0.9944511691884456,0.6749573590096284,0.6742365887207705,1.2453865199449792,108978.64759284732,1.0821885585784905
0.1270426409903711,0.11709766162310875,0.7297964236588721,0.6523658872077029,-0.017367262723521737,1.0044511691884457,0.6649573590096284,0.6442365887207705,1.2953865199449792,109551.64759284732,1.08626480102539
0.09704264099037108,0.14709766162310878,0.7197964236588721,0.6423658872077029,-0.037367262723521755,1.0144511691884457,0.6749573590096284,0.6342365887207705,1.2853865199449792,109882.64759284732,1.0871774673461907
0.07704264099037106,0.1670976616231088,0.6997964236588721,0.662365887207703,-0.04736726272352154,1.0144511691884457,0.6849573590096284,0.6242365887207705,1.2953865199449792,110337.64759284732,1.0904924392700188
0.07704264099037106,0.1770976616231088,0.679796423658872,0.6523658872077029,-0.04736726272352154,1.0244511691884457,0.7249573590096284,0.6042365887207705,1.2953865199449792,111028.64759284732,1.0947596549987786
0.07704264099037106,0.1670976616231088,0.669796423658872,0.6523658872077029,-0.05736726272352155,1.0444511691884457,0.7449573590096285,0.5842365887207704,1.2953865199449792,111635.64759284732,1.098856878280639
0.10704264099037109,0.1570976616231088,0.649796423658872,0.662365887207703,-0.04736726272352154,1.0144511691884457,0.7649573590096285,0.5742365887207704,1.2953865199449792,111800.64759284732,1.0997850418090849
0.10704264099037109,0.1670976616231088,0.629796423658872,0.682365887207703,-0.08736726272352158,1.0444511691884457,0.7549573590096285,0.5842365887207704,1.3053865199449792,112519.64759284732,1.10378451347351
0.1270426409903711,0.14709766162310878,0.609796423658872,0.702365887207703,-0.1073672627235216,1.0544511691884457,0.7649573590096285,0.5942365887207705,1.3153865199449792,113332.64759284732,1.1074952602386468
0.10704264099037109,0.1770976616231088,0.589796423658872,0.742365887207703,-0.14736726272352163,1.0644511691884457,0.7649573590096285,0.5842365887207704,1.3153865199449792,114087.64759284732,1.111182403564456
0.06704264099037105,0.20709766162310883,0.589796423658872,0.772365887207703,-0.16736726272352165,1.0744511691884457,0.7849573590096285,0.5742365887207704,1.3053865199449792,114848.64759284732,1.1121952056884759
0.05704264099037104,0.20709766162310883,0.599796423658872,0.7823658872077031,-0.18736726272352167,1.0944511691884458,0.7949573590096285,0.5842365887207704,1.2953865199449792,115243.64759284732,1.1156248569488518
0.06704264099037105,0.22709766162310885,0.579796423658872,0.7923658872077031,-0.20736726272352168,1.0944511691884458,0.8049573590096285,0.5742365887207704,1.2953865199449792,115582.64759284732,1.1192025661468499
0.027042640990371014,0.25709766162310865,0.579796423658872,0.8023658872077031,-0.20736726272352168,1.1044511691884458,0.7849573590096285,0.5842365887207704,1.3053865199449792,116047.64759284732,1.1232420921325676
0.007042640990370996,0.2870976616231087,0.5597964236588719,0.8123658872077031,-0.2173672627235217,1.1044511691884458,0.7949573590096285,0.5842365887207704,1.3053865199449792,116632.64759284732,1.1242393970489495
-0.02295735900962903,0.2970976616231087,0.5497964236588722,0.8123658872077031,-0.2273672627235217,1.1144511691884458,0.7949573590096285,0.5842365887207704,1.3253865199449792,117475.64759284732,1.12769265174866
-0.04295735900962905,0.2870976616231087,0.5497964236588722,0.8423658872077031,-0.2373672627235217,1.1144511691884458,0.7849573590096285,0.5842365887207704,1.3253865199449792,118498.64759284732,1.1317872524261468
-0.02295735900962903,0.2870976616231087,0.5597964236588719,0.8423658872077031,-0.24736726272352172,1.1144511691884458,0.7849573590096285,0.5742365887207704,1.3653865199449793,119433.64759284732,1.136788082122802
-0.04295735900962905,0.2970976616231087,0.5497964236588722,0.8423658872077031,-0.25736726272352173,1.1244511691884458,0.7849573590096285,0.5542365887207704,1.3753865199449793,120284.64759284732,1.1397873878478997
-0.04295735900962905,0.2870976616231087,0.5497964236588722,0.8523658872077031,-0.26736726272352174,1.1344511691884458,0.7749573590096285,0.5442365887207704,1.3853865199449793,120581.64759284732,1.1397873878478997
-0.04295735900962905,0.3070976616231087,0.5397964236588721,0.8723658872077029,-0.29736726272352154,1.1544511691884458,0.7849573590096285,0.5442365887207704,1.3853865199449793,120834.64759284732,1.143767070770263
-0.04295735900962905,0.3270976616231087,0.4997964236588721,0.8923658872077029,-0.31736726272352156,1.1644511691884458,0.7849573590096285,0.5442365887207704,1.3753865199449793,121185.64759284732,1.1489185810089104
-0.05295735900962906,0.34709766162310873,0.4997964236588721,0.9023658872077029,-0.3373672627235216,1.1644511691884458,0.8049573590096285,0.5342365887207704,1.3753865199449793,121414.64759284732,1.1517118930816643
-0.04295735900962905,0.35709766162310874,0.4897964236588721,0.912365887207703,-0.3473672627235216,1.1744511691884458,0.8149573590096285,0.5342365887207704,1.3753865199449793,121463.64759284732,1.1527761936187737
-0.04295735900962905,0.35709766162310874,0.4897964236588721,0.922365887207703,-0.3573672627235216,1.1844511691884458,0.8049573590096285,0.5242365887207704,1.3753865199449793,121710.64759284732,1.156187725067138
-0.05295735900962906,0.36709766162310875,0.4897964236588721,0.932365887207703,-0.3673672627235216,1.1844511691884458,0.8049573590096285,0.5242365887207704,1.3853865199449793,122195.64759284732,1.160239648818969
-0.06295735900962907,0.34709766162310873,0.4897964236588721,0.942365887207703,-0.3873672627235216,1.1944511691884458,0.8049573590096285,0.5242365887207704,1.3853865199449793,121886.64759284732,1.1644858837127678
-0.04295735900962905,0.3370976616231087,0.5097964236588721,0.962365887207703,-0.40736726272352164,1.2044511691884456,0.8149573590096285,0.5242365887207704,1.3753865199449793,122053.64759284732,1.1654624462127678
-0.03295735900962904,0.34709766162310873,0.4997964236588721,0.962365887207703,-0.41736726272352165,1.2144511691884456,0.8149573590096285,0.5242365887207704,1.3653865199449793,122574.64759284732,1.1684858322143512
-0.04295735900962905,0.35709766162310874,0.4997964236588721,0.972365887207703,-0.42736726272352166,1.2244511691884457,0.8149573590096285,0.5442365887207704,1.3553865199449793,122763.64759284732,1.1724540710449212
-0.03295735900962904,0.35709766162310874,0.4897964236588721,0.982365887207703,-0.4573672627235217,1.2344511691884457,0.8149573590096285,0.5342365887207704,1.3553865199449793,122674.64759284732,1.1765167236328118
-0.03295735900962904,0.36709766162310875,0.4797964236588721,0.992365887207703,-0.4673672627235217,1.2444511691884457,0.8149573590096285,0.5442365887207704,1.3453865199449793,123381.64759284732,1.177445602416988
-0.04295735900962905,0.3970976616231088,0.4797964236588721,1.012365887207703,-0.4873672627235217,1.2544511691884457,0.8049573590096285,0.5442365887207704,1.3553865199449793,123898.64759284732,1.1803962707519524
-0.06295735900962907,0.4170976616231088,0.4897964236588721,1.032365887207703,-0.4973672627235217,1.2544511691884457,0.7949573590096285,0.5442365887207704,1.3553865199449793,124835.64759284732,1.1845197200775104
-0.06295735900962907,0.4270976616231088,0.4897964236588721,1.032365887207703,-0.5073672627235217,1.2544511691884457,0.7949573590096285,0.5442365887207704,1.3553865199449793,126326.64759284732,1.1894349575042682
-0.08295735900962908,0.4470976616231088,0.4797964236588721,1.032365887207703,-0.4873672627235217,1.2444511691884457,0.7949573590096285,0.5442365887207704,1.3553865199449793,127695.64759284732,1.1894349575042682
-0.10295735900962888,0.47709766162310885,0.4897964236588721,1.032365887207703,-0.4873672627235217,1.2444511691884457,0.7949573590096285,0.5342365887207704,1.3553865199449793,128462.64759284732,1.1934329986572259
-0.10295735900962888,0.47709766162310885,0.5197964236588721,1.032365887207703,-0.4873672627235217,1.2344511691884457,0.8049573590096285,0.5242365887207704,1.3653865199449793,129543.64759284732,1.1968957901001005
-0.11295735900962889,0.47709766162310885,0.5597964236588719,1.032365887207703,-0.4773672627235217,1.2244511691884457,0.7949573590096285,0.5142365887207704,1.3753865199449793,130612.64759284732,1.2014932155609124
-0.1329573590096289,0.46709766162310884,0.589796423658872,1.032365887207703,-0.4773672627235217,1.2144511691884456,0.7849573590096285,0.5242365887207704,1.3653865199449793,131199.64759284732,1.2049138069152825
-0.14295735900962891,0.48709766162310864,0.589796423658872,1.032365887207703,-0.4773672627235217,1.2144511691884456,0.7949573590096285,0.5242365887207704,1.3553865199449793,131812.64759284732,1.2059533119201618
-0.11295735900962889,0.46709766162310884,0.609796423658872,1.022365887207703,-0.4773672627235217,1.2244511691884457,0.7849573590096285,0.5242365887207704,1.3553865199449793,132657.64759284732,1.209904861450191
-0.08295735900962908,0.4270976616231088,0.619796423658872,1.022365887207703,-0.4773672627235217,1.2244511691884457,0.7949573590096285,0.5342365887207704,1.3553865199449793,132910.64759284732,1.2140275955200188
-0.07295735900962907,0.4070976616231088,0.629796423658872,1.032365887207703,-0.4873672627235217,1.2344511691884457,0.7749573590096285,0.5242365887207704,1.3653865199449793,132395.64759284732,1.2172479152679436
-0.04295735900962905,0.4070976616231088,0.619796423658872,1.032365887207703,-0.4973672627235217,1.2444511691884457,0.7749573590096285,0.5142365887207704,1.3653865199449793,131592.64759284732,1.2172479152679436
-0.05295735900962906,0.4170976616231088,0.619796423658872,1.032365887207703,-0.4973672627235217,1.2444511691884457,0.7849573590096285,0.5142365887207704,1.3753865199449793,131239.64759284732,1.221370887756347
-0.05295735900962906,0.4170976616231088,0.619796423658872,1.032365887207703,-0.4973672627235217,1.2444511691884457,0.7749573590096285,0.5142365887207704,1.3853865199449793,131108.64759284732,1.2253012180328362
-0.03295735900962904,0.4170976616231088,0.609796423658872,1.022365887207703,-0.5073672627235217,1.2544511691884457,0.7649573590096285,0.5042365887207704,1.3853865199449793,131189.64759284732,1.229824256896972
-0.012957359009629021,0.38709766162310877,0.639796423658872,1.032365887207703,-0.5173672627235217,1.2744511691884457,0.7449573590096285,0.5142365887207704,1.3953865199449793,131512.64759284732,1.229824256896972
0.007042640990370996,0.35709766162310874,0.649796423658872,1.032365887207703,-0.5173672627235217,1.2544511691884457,0.7349573590096284,0.5042365887207704,1.3953865199449793,131287.64759284732,1.2338237285614007
0.03704264099037102,0.3170976616231087,0.6897964236588721,1.042365887207703,-0.5173672627235217,1.2444511691884457,0.7349573590096284,0.49423658872077036,1.3853865199449793,131974.64759284732,1.2389473438262968
0.05704264099037104,0.26709766162310866,0.7297964236588721,1.052365887207703,-0.5073672627235217,1.2244511691884457,0.7249573590096284,0.5042365887207704,1.3753865199449793,133153.64759284732,1.2419149398803704
0.04704264099037103,0.23709766162310864,0.7797964236588721,1.062365887207703,-0.5173672627235217,1.2044511691884456,0.7249573590096284,0.5142365887207704,1.3653865199449793,133900.64759284732,1.242945861816402
0.03704264099037102,0.21709766162310884,0.7997964236588722,1.052365887207703,-0.4973672627235217,1.2044511691884456,0.6949573590096284,0.5542365887207704,1.3353865199449793,134141.64759284732,1.2460193157196038
0.04704264099037103,0.21709766162310884,0.8097964236588719,1.052365887207703,-0.4873672627235217,1.1844511691884458,0.7049573590096284,0.5542365887207704,1.3353865199449793,134080.64759284732,1.250057649612426
0.04704264099037103,0.20709766162310883,0.819796423658872,1.052365887207703,-0.4773672627235217,1.1844511691884458,0.7049573590096284,0.5342365887207704,1.3253865199449792,134341.64759284732,1.2540163516998284
0.07704264099037106,0.1770976616231088,0.839796423658872,1.052365887207703,-0.4773672627235217,1.1644511691884458,0.7049573590096284,0.5542365887207704,1.2953865199449792,134730.64759284732,1.2550127029418938
0.08704264099037107,0.14709766162310878,0.849796423658872,1.042365887207703,-0.4773672627235217,1.1644511691884458,0.7049573590096284,0.5742365887207704,1.2853865199449792,134409.64759284732,1.2581007003784208
0.09704264099037108,0.13709766162310877,0.869796423658872,1.022365887207703,-0.4573672627235217,1.1744511691884458,0.7049573590096284,0.5642365887207704,1.2853865199449792,134092.64759284732,1.2621006488800042
0.10704264099037109,0.11709766162310875,0.869796423658872,1.022365887207703,-0.4573672627235217,1.1744511691884458,0.6949573590096284,0.5642365887207704,1.2953865199449792,133547.64759284732,1.2672280788421624
0.1270426409903711,0.10709766162310874,0.869796423658872,1.002365887207703,-0.4573672627235217,1.1744511691884458,0.6749573590096284,0.5642365887207704,1.2753865199449792,132564.64759284732,1.2672280788421624
0.14704264099037112,0.08709766162310872,0.869796423658872,0.992365887207703,-0.4473672627235217,1.1944511691884458,0.6749573590096284,0.5742365887207704,1.2853865199449792,132129.64759284732,1.2713818073272698
0.14704264099037112,0.07709766162310872,0.879796423658872,0.982365887207703,-0.43736726272352167,1.1744511691884458,0.6549573590096284,0.5642365887207704,1.2953865199449792,131584.64759284732,1.2745713710784905
0.15704264099037113,0.0670976616231087,0.869796423658872,0.962365887207703,-0.42736726272352166,1.1844511691884458,0.6549573590096284,0.5642365887207704,1.2953865199449792,131091.64759284732,1.2787780284881585
0.18704264099037093,0.0670976616231087,0.859796423658872,0.952365887207703,-0.41736726272352165,1.1844511691884458,0.6349573590096284,0.5742365887207704,1.2653865199449792,130660.64759284732,1.2830883979797392
0.20704264099037095,0.07709766162310872,0.829796423658872,0.962365887207703,-0.41736726272352165,1.1644511691884458,0.6149573590096286,0.5842365887207704,1.2553865199449792,130321.64759284732,1.2838291645050042
0.23704264099037098,0.0670976616231087,0.819796423658872,0.952365887207703,-0.39736726272352163,1.1544511691884458,0.6249573590096286,0.5942365887207705,1.2353865199449794,130574.64759284732,1.2878076553344684
0.257042640990371,0.03709766162310868,0.829796423658872,0.942365887207703,-0.3673672627235216,1.1144511691884458,0.5849573590096285,0.6042365887207705,1.2353865199449794,130901.64759284732,1.291828823089599
0.267042640990371,0.017097661623108662,0.839796423658872,0.922365887207703,-0.3473672627235216,1.1044511691884458,0.5649573590096285,0.6142365887207705,1.2353865199449794,131026.64759284732,1.295277547836303
0.277042640990371,0.007097661623108653,0.849796423658872,0.9023658872077029,-0.31736726272352156,1.0744511691884457,0.6049573590096285,0.6042365887207705,1.1653865199449793,130391.64759284732,1.2959763526916497
0.287042640990371,-0.012902338376891365,0.859796423658872,0.8923658872077029,-0.28736726272352175,1.0544511691884457,0.6149573590096286,0.5942365887207705,1.1853865199449793,130036.64759284732,1.300479364395141
0.287042640990371,-0.012902338376891365,0.869796423658872,0.8823658872077029,-0.26736726272352174,1.0144511691884457,0.6149573590096286,0.6242365887207705,1.1553865199449793,129563.64759284732,1.3044478416442864
0.287042640990371,-0.02290233837689115,0.869796423658872,0.8523658872077031,-0.24736726272352172,1.0244511691884457,0.6049573590096285,0.6342365887207705,1.1453865199449793,128902.64759284732,1.307848644256591
0.29704264099037103,-0.04290233837689117,0.889796423658872,0.8223658872077031,-0.2273672627235217,1.0244511691884457,0.5849573590096285,0.6242365887207705,1.1653865199449793,128627.64759284732,1.3088297367095905
0.31704264099037105,-0.0829023383768912,0.899796423658872,0.8223658872077031,-0.2173672627235217,1.0144511691884457,0.5749573590096285,0.6242365887207705,1.1453865199449793,128516.64759284732,1.3116664409637444
0.32704264099037106,-0.10290233837689122,0.909796423658872,0.7923658872077031,-0.20736726272352168,1.0244511691884457,0.5449573590096285,0.6642365887207705,1.1253865199449793,128227.64759284732,1.3166062355041497
0.33704264099037107,-0.11290233837689123,0.909796423658872,0.752365887207703,-0.18736726272352167,1.0244511691884457,0.5149573590096285,0.6642365887207705,1.1753865199449793,127724.64759284732,1.320100021362304
0.3470426409903711,-0.11290233837689123,0.899796423658872,0.732365887207703,-0.16736726272352165,1.0144511691884457,0.5249573590096285,0.6542365887207705,1.1553865199449793,126227.64759284732,1.32111210823059
0.3670426409903711,-0.12290233837689124,0.899796423658872,0.732365887207703,-0.15736726272352164,1.0044511691884457,0.5149573590096285,0.6642365887207705,1.1553865199449793,124424.64759284732,1.3241254806518548
0.3670426409903711,-0.11290233837689123,0.889796423658872,0.742365887207703,-0.17736726272352166,1.0344511691884457,0.5249573590096285,0.6542365887207705,1.1853865199449793,122887.64759284732,1.328742218017581
0.3770426409903711,-0.11290233837689123,0.879796423658872,0.732365887207703,-0.16736726272352165,1.0244511691884457,0.5249573590096285,0.6742365887207705,1.1653865199449793,121572.64759284732,1.333414983749389
0.3870426409903711,-0.11290233837689123,0.869796423658872,0.722365887207703,-0.15736726272352164,1.0244511691884457,0.5149573590096285,0.6742365887207705,1.1653865199449793,120851.64759284732,1.333414983749389
0.40704264099037113,-0.12290233837689124,0.849796423658872,0.692365887207703,-0.13736726272352162,1.0244511691884457,0.5049573590096285,0.6942365887207705,1.1653865199449793,120148.64759284732,1.3365218162536578
0.4270426409903709,-0.13290233837689125,0.839796423658872,0.692365887207703,-0.1173672627235216,1.0144511691884457,0.5049573590096285,0.6842365887207705,1.1553865199449793,119309.64759284732,1.3408498287200956
0.44704264099037094,-0.14290233837689126,0.829796423658872,0.662365887207703,-0.08736726272352158,0.9944511691884456,0.5049573590096285,0.6942365887207705,1.1553865199449793,118438.64759284732,1.3449534893035882
0.47704264099037097,-0.15290233837689127,0.819796423658872,0.6323658872077029,-0.05736726272352155,0.9844511691884456,0.5049573590096285,0.6942365887207705,1.1553865199449793,117709.64759284732,1.347953271865844
0.46704264099037096,-0.14290233837689126,0.829796423658872,0.6323658872077029,-0.04736726272352154,0.9644511691884455,0.49495735900962845,0.6942365887207705,1.1853865199449793,116688.64759284732,1.3489644050598137
0.4270426409903709,-0.13290233837689125,0.849796423658872,0.6123658872077029,-0.027367262723521746,0.9744511691884455,0.4649573590096284,0.7042365887207703,1.1953865199449794,116637.64759284732,1.3522710323333769
0.4170426409903709,-0.13290233837689125,0.849796423658872,0.6223658872077029,-0.027367262723521746,0.9644511691884455,0.4449573590096284,0.7242365887207703,1.2053865199449794,116596.64759284732,1.3573650836944608
0.4270426409903709,-0.14290233837689126,0.849796423658872,0.6223658872077029,-0.037367262723521755,0.9644511691884455,0.4449573590096284,0.7242365887207703,1.2253865199449794,115857.64759284732,1.360798788070678
0.4270426409903709,-0.14290233837689126,0.859796423658872,0.6323658872077029,-0.027367262723521746,0.9644511691884455,0.4549573590096284,0.7142365887207703,1.2153865199449794,115664.64759284732,1.3618371009826689
0.43704264099037093,-0.14290233837689126,0.849796423658872,0.6423658872077029,-0.017367262723521737,0.9544511691884455,0.4649573590096284,0.7042365887207703,1.1953865199449794,115455.64759284732,1.3652445793151848
0.4270426409903709,-0.14290233837689126,0.839796423658872,0.6123658872077029,-0.007367262723521728,0.9544511691884455,0.5049573590096285,0.7042365887207703,1.2053865199449794,114694.64759284732,1.3696634292602567
0.4170426409903709,-0.13290233837689125,0.839796423658872,0.6223658872077029,0.002632737276478281,0.9444511691884457,0.5149573590096285,0.7142365887207703,1.2053865199449794,114421.64759284732,1.3730992794036823
0.3770426409903711,-0.0829023383768912,0.819796423658872,0.6323658872077029,0.002632737276478281,0.9344511691884457,0.5349573590096285,0.6842365887207705,1.2153865199449794,114218.64759284732,1.3730992794036823
0.32704264099037106,-0.03290233837689116,0.8097964236588719,0.6223658872077029,0.01263273727647829,0.9244511691884457,0.5549573590096285,0.6942365887207705,1.1953865199449794,113435.64759284732,1.3772513389587395
0.32704264099037106,-0.03290233837689116,0.8097964236588719,0.6123658872077029,0.01263273727647829,0.9444511691884457,0.5749573590096285,0.6842365887207705,1.1953865199449794,112786.64759284732,1.3813566684722893
0.32704264099037106,-0.05290233837689118,0.819796423658872,0.6023658872077031,0.002632737276478281,0.9744511691884455,0.5849573590096285,0.7042365887207703,1.1953865199449794,111871.64759284732,1.3857893466949491
0.32704264099037106,-0.04290233837689117,0.819796423658872,0.5923658872077031,0.002632737276478281,0.9744511691884455,0.5949573590096285,0.7042365887207703,1.1953865199449794,111470.64759284732,1.3867749691009479
0.30704264099037104,-0.04290233837689117,0.829796423658872,0.5823658872077031,0.002632737276478281,0.9944511691884456,0.5849573590096285,0.7042365887207703,1.1853865199449793,110991.64759284732,1.3906750202178948
0.30704264099037104,-0.04290233837689117,0.8097964236588719,0.5923658872077031,0.01263273727647829,0.9944511691884456,0.5949573590096285,0.7142365887207703,1.1953865199449794,109304.64759284732,1.394673299789428
0.30704264099037104,-0.04290233837689117,0.8097964236588719,0.5923658872077031,0.002632737276478281,0.9944511691884456,0.5949573590096285,0.7242365887207703,1.1953865199449794,108291.64759284732,1.397946786880496
0.30704264099037104,-0.03290233837689116,0.7797964236588721,0.5923658872077031,0.002632737276478281,0.9944511691884456,0.5849573590096285,0.7242365887207703,1.2153865199449794,107930.64759284732,1.3990768909454303
0.31704264099037105,-0.02290233837689115,0.7597964236588721,0.5923658872077031,-0.007367262723521728,1.0244511691884457,0.5949573590096285,0.7042365887207703,1.2253865199449794,107383.64759284732,1.402572584152221
0.31704264099037105,-0.0029023383768913558,0.7397964236588721,0.5923658872077031,-0.007367262723521728,1.0144511691884457,0.6049573590096285,0.6942365887207705,1.2253865199449794,106468.64759284732,1.406538915634151
0.30704264099037104,0.017097661623108662,0.7197964236588721,0.5923658872077031,-0.027367262723521746,1.0444511691884457,0.6049573590096285,0.7142365887207703,1.2053865199449794,105961.64759284732,1.410601091384887
0.267042640990371,0.0570976616231087,0.7097964236588721,0.6223658872077029,-0.04736726272352154,1.0444511691884457,0.6449573590096284,0.6842365887207705,1.2153865199449794,105836.64759284732,1.4136042118072503
0.21704264099037096,0.07709766162310872,0.7197964236588721,0.6523658872077029,-0.05736726272352155,1.0344511691884457,0.6649573590096284,0.6642365887207705,1.2353865199449794,105455.64759284732,1.4147834300994866
0.19704264099037094,0.08709766162310872,0.7297964236588721,0.662365887207703,-0.05736726272352155,1.0144511691884457,0.6849573590096284,0.6442365887207705,1.2353865199449794,106034.64759284732,1.41878695487976
0.17704264099037093,0.08709766162310872,0.7197964236588721,0.672365887207703,-0.04736726272352154,1.0044511691884457,0.7249573590096284,0.6342365887207705,1.2253865199449794,106247.64759284732,1.4228219509124713
0.14704264099037112,0.09709766162310873,0.7297964236588721,0.682365887207703,-0.04736726272352154,1.0044511691884457,0.7549573590096285,0.6242365887207705,1.2153865199449794,106330.64759284732,1.4259109020233112
0.1270426409903711,0.09709766162310873,0.7497964236588721,0.682365887207703,-0.05736726272352155,1.0044511691884457,0.7549573590096285,0.6242365887207705,1.2253865199449794,106479.64759284732,1.4259109020233112
0.08704264099037107,0.12709766162310876,0.7497964236588721,0.682365887207703,-0.04736726272352154,1.0044511691884457,0.7649573590096285,0.6342365887207705,1.2253865199449794,106650.64759284732,1.4309200763702385
0.06704264099037105,0.1570976616231088,0.7197964236588721,0.682365887207703,-0.05736726272352155,1.0244511691884457,0.7549573590096285,0.6542365887207705,1.2253865199449794,107139.64759284732,1.4350299358367877
0.08704264099037107,0.1670976616231088,0.679796423658872,0.672365887207703,-0.05736726272352155,1.0244511691884457,0.7549573590096285,0.6642365887207705,1.2253865199449794,107418.64759284732,1.4380092144012444
0.08704264099037107,0.1570976616231088,0.649796423658872,0.692365887207703,-0.08736726272352158,1.0244511691884457,0.7549573590096285,0.6442365887207705,1.2453865199449792,107987.64759284732,1.4390091419219964
0.08704264099037107,0.1670976616231088,0.639796423658872,0.732365887207703,-0.1073672627235216,1.0344511691884457,0.7349573590096284,0.6542365887207705,1.2753865199449792,109088.64759284732,1.443104696273803
0.07704264099037106,0.1670976616231088,0.639796423658872,0.752365887207703,-0.1273672627235216,1.0544511691884457,0.7449573590096285,0.6342365887207705,1.2853865199449792,110285.64759284732,1.4470941543579094
0.08704264099037107,0.1770976616231088,0.639796423658872,0.752365887207703,-0.1273672627235216,1.0644511691884457,0.7549573590096285,0.6142365887207705,1.2953865199449792,110820.64759284732,1.4511923313140862
0.07704264099037106,0.1770976616231088,0.629796423658872,0.752365887207703,-0.14736726272352163,1.0844511691884458,0.7649573590096285,0.6242365887207705,1.2853865199449792,110967.64759284732,1.4511923313140862
0.07704264099037106,0.1870976616231088,0.619796423658872,0.772365887207703,-0.18736726272352167,1.0944511691884458,0.7849573590096285,0.6042365887207705,1.3053865199449792,110900.64759284732,1.4552797794342034
0.06704264099037105,0.20709766162310883,0.599796423658872,0.7923658872077031,-0.20736726272352168,1.1144511691884458,0.7849573590096285,0.6042365887207705,1.3053865199449792,111061.64759284732,1.4589707374572711
0.05704264099037104,0.20709766162310883,0.579796423658872,0.7923658872077031,-0.20736726272352168,1.1244511691884458,0.7849573590096285,0.5942365887207705,1.3053865199449792,111122.64759284732,1.4635216712951618
0.07704264099037106,0.21709766162310884,0.5597964236588719,0.8123658872077031,-0.2173672627235217,1.1044511691884458,0.8049573590096285,0.5842365887207704,1.3153865199449792,111151.64759284732,1.4635216712951618
0.06704264099037105,0.23709766162310864,0.5597964236588719,0.8323658872077031,-0.2373672627235217,1.0944511691884458,0.8049573590096285,0.5842365887207704,1.3253865199449792,111132.64759284732,1.4678461074829094
0.04704264099037103,0.23709766162310864,0.569796423658872,0.8723658872077029,-0.25736726272352173,1.1044511691884458,0.8049573590096285,0.5742365887207704,1.3253865199449792,111553.64759284732,1.4718465328216546
0.04704264099037103,0.22709766162310885,0.5597964236588719,0.8823658872077029,-0.27736726272352175,1.1244511691884458,0.8249573590096285,0.5742365887207704,1.3053865199449792,112376.64759284732,1.4758462429046624
0.017042640990371005,0.26709766162310866,0.5497964236588722,0.8923658872077029,-0.30736726272352155,1.1544511691884458,0.8449573590096285,0.5742365887207704,1.2853865199449792,113207.64759284732,1.4758462429046624
0.007042640990370996,0.27709766162310867,0.5297964236588721,0.912365887207703,-0.32736726272352157,1.1544511691884458,0.8649573590096286,0.5742365887207704,1.2753865199449792,113752.64759284732,1.4798461914062493
-0.0029573590096290125,0.2970976616231087,0.5297964236588721,0.932365887207703,-0.3473672627235216,1.1544511691884458,0.8749573590096286,0.5742365887207704,1.2653865199449792,113969.64759284732,1.4848441600799553
-0.02295735900962903,0.3270976616231087,0.5297964236588721,0.942365887207703,-0.3473672627235216,1.1544511691884458,0.8749573590096286,0.5742365887207704,1.2553865199449792,114004.64759284732,1.4877666950225823
-0.06295735900962907,0.35709766162310874,0.5297964236588721,0.952365887207703,-0.3573672627235216,1.1544511691884458,0.8749573590096286,0.5742365887207704,1.2753865199449792,114231.64759284732,1.491946649551391
-0.06295735900962907,0.36709766162310875,0.5397964236588721,0.952365887207703,-0.3673672627235216,1.1744511691884458,0.8649573590096286,0.5642365887207704,1.2853865199449792,114168.64759284732,1.4927136421203606
-0.06295735900962907,0.37709766162310876,0.5297964236588721,0.952365887207703,-0.3773672627235216,1.1744511691884458,0.8549573590096285,0.5542365887207704,1.3053865199449792,114281.64759284732,1.496003580093383
-0.07295735900962907,0.3970976616231088,0.5197964236588721,0.962365887207703,-0.39736726272352163,1.1944511691884458,0.8449573590096285,0.5542365887207704,1.3153865199449792,113958.64759284732,1.50104112625122
-0.06295735900962907,0.3970976616231088,0.5097964236588721,0.972365887207703,-0.40736726272352164,1.1944511691884458,0.8449573590096285,0.5442365887207704,1.3253865199449792,113701.64759284732,1.5045582771301262
-0.08295735900962908,0.36709766162310875,0.5297964236588721,0.972365887207703,-0.42736726272352166,1.2144511691884456,0.8349573590096285,0.5442365887207704,1.3353865199449793,113966.64759284732,1.5045582771301262
-0.07295735900962907,0.37709766162310876,0.5197964236588721,0.992365887207703,-0.4573672627235217,1.2344511691884457,0.8249573590096285,0.5342365887207704,1.3453865199449793,114835.64759284732,1.50859088897705
-0.04295735900962905,0.38709766162310877,0.5197964236588721,1.012365887207703,-0.4673672627235217,1.2244511691884457,0.8249573590096285,0.5342365887207704,1.3453865199449793,115242.64759284732,1.5122828006744378
-0.05295735900962906,0.3970976616231088,0.5197964236588721,1.012365887207703,-0.4773672627235217,1.2444511691884457,0.8249573590096285,0.5342365887207704,1.3453865199449793,115455.64759284732,1.515978288650512
-0.04295735900962905,0.3970976616231088,0.5097964236588721,1.012365887207703,-0.4873672627235217,1.2544511691884457,0.8149573590096285,0.5442365887207704,1.3553865199449793,115830.64759284732,1.51703233718872
-0.04295735900962905,0.4170976616231088,0.4997964236588721,1.012365887207703,-0.4973672627235217,1.2644511691884457,0.8049573590096285,0.5442365887207704,1.3553865199449793,116643.64759284732,1.52101821899414
-0.05295735900962906,0.4470976616231088,0.4997964236588721,1.012365887207703,-0.5073672627235217,1.2744511691884457,0.7949573590096285,0.5442365887207704,1.3553865199449793,117242.64759284732,1.5256094455718987
-0.05295735900962906,0.4270976616231088,0.4997964236588721,1.022365887207703,-0.5273672627235217,1.2744511691884457,0.8149573590096285,0.5342365887207704,1.3353865199449793,117601.64759284732,1.528152418136596
-0.05295735900962906,0.4470976616231088,0.4997964236588721,1.032365887207703,-0.5273672627235217,1.2744511691884457,0.8249573590096285,0.5342365887207704,1.3253865199449792,118484.64759284732,1.529164266586303
-0.05295735900962906,0.45709766162310883,0.5097964236588721,1.042365887207703,-0.5273672627235217,1.2644511691884457,0.8449573590096285,0.5142365887207704,1.3253865199449792,119733.64759284732,1.5331086635589593
-0.05295735900962906,0.4470976616231088,0.5297964236588721,1.052365887207703,-0.5373672627235218,1.2644511691884457,0.8549573590096285,0.5142365887207704,1.3153865199449792,120258.64759284732,1.537111711502071
-0.04295735900962905,0.4470976616231088,0.5597964236588719,1.062365887207703,-0.5373672627235218,1.2644511691884457,0.8649573590096286,0.5142365887207704,1.3053865199449792,120585.64759284732,1.5411996364593499
-0.07295735900962907,0.4370976616231088,0.599796423658872,1.072365887207703,-0.5373672627235218,1.2444511691884457,0.8649573590096286,0.5142365887207704,1.3153865199449792,120974.64759284732,1.5421216011047392
-0.08295735900962908,0.4370976616231088,0.619796423658872,1.072365887207703,-0.5373672627235218,1.2344511691884457,0.8549573590096285,0.5042365887207704,1.3153865199449792,120975.64759284732,1.5454639911651604
-0.09295735900962887,0.4170976616231088,0.659796423658872,1.072365887207703,-0.5273672627235217,1.2344511691884457,0.8349573590096285,0.5042365887207704,1.3253865199449792,121382.64759284732,1.549505186080932
-0.11295735900962889,0.4170976616231088,0.679796423658872,1.072365887207703,-0.5273672627235217,1.2244511691884457,0.8049573590096285,0.5242365887207704,1.3253865199449792,121919.64759284732,1.553605270385738
-0.10295735900962888,0.4070976616231088,0.679796423658872,1.072365887207703,-0.5273672627235217,1.2344511691884457,0.7949573590096285,0.5342365887207704,1.3253865199449792,122498.64759284732,1.5566236495971673
-0.06295735900962907,0.3970976616231088,0.659796423658872,1.062365887207703,-0.5273672627235217,1.2344511691884457,0.7849573590096285,0.5342365887207704,1.3453865199449793,122973.64759284732,1.5576457500457792
-0.05295735900962906,0.38709766162310877,0.669796423658872,1.072365887207703,-0.5273672627235217,1.2244511691884457,0.7849573590096285,0.5342365887207704,1.3453865199449793,122884.64759284732,1.5616213798522942
-0.04295735900962905,0.38709766162310877,0.679796423658872,1.062365887207703,-0.5273672627235217,1.2344511691884457,0.7749573590096285,0.5342365887207704,1.3553865199449793,122591.64759284732,1.5666422367095905
-0.04295735900962905,0.36709766162310875,0.6897964236588721,1.072365887207703,-0.5273672627235217,1.2244511691884457,0.7549573590096285,0.5342365887207704,1.3553865199449793,122370.64759284732,1.569782924652099
-0.02295735900962903,0.34709766162310873,0.6897964236588721,1.062365887207703,-0.5273672627235217,1.2244511691884457,0.7549573590096285,0.5442365887207704,1.3553865199449793,122895.64759284732,1.570642185211181
-0.012957359009629021,0.3370976616231087,0.6997964236588721,1.072365887207703,-0.5273672627235217,1.2244511691884457,0.7449573590096285,0.5342365887207704,1.3653865199449793,122970.64759284732,1.5739426136016839
0.027042640990371014,0.3070976616231087,0.7097964236588721,1.072365887207703,-0.5373672627235218,1.2244511691884457,0.7449573590096285,0.5242365887207704,1.3653865199449793,122481.64759284732,1.5781385421752958
0.03704264099037102,0.2870976616231087,0.7097964236588721,1.072365887207703,-0.5373672627235218,1.2244511691884457,0.7549573590096285,0.5042365887207704,1.3653865199449793,122394.64759284732,1.5821797370910637
0.06704264099037105,0.25709766162310865,0.7297964236588721,1.072365887207703,-0.5273672627235217,1.2144511691884456,0.7849573590096285,0.48423658872077036,1.3453865199449793,122799.64759284732,1.583184909820556
0.08704264099037107,0.22709766162310885,0.7497964236588721,1.082365887207703,-0.5373672627235218,1.2144511691884456,0.8049573590096285,0.48423658872077036,1.3253865199449792,122892.64759284732,1.5859975337982206
0.09704264099037108,0.20709766162310883,0.7697964236588721,1.082365887207703,-0.5273672627235217,1.2044511691884456,0.8049573590096285,0.47423658872077035,1.3153865199449792,123179.64759284732,1.5907313346862786
0.08704264099037107,0.19709766162310882,0.7897964236588721,1.082365887207703,-0.5273672627235217,1.1944511691884458,0.7949573590096285,0.48423658872077036,1.3253865199449792,123380.64759284732,1.5942856788635247
0.07704264099037106,0.1870976616231088,0.819796423658872,1.0923658872077031,-0.5273672627235217,1.1844511691884458,0.7549573590096285,0.49423658872077036,1.3253865199449792,123163.64759284732,1.5950247764587395
0.08704264099037107,0.1770976616231088,0.829796423658872,1.0923658872077031,-0.5273672627235217,1.1844511691884458,0.7549573590096285,0.5042365887207704,1.3053865199449792,123428.64759284732,1.5990244865417473
0.08704264099037107,0.1570976616231088,0.849796423658872,1.0923658872077031,-0.5273672627235217,1.1844511691884458,0.7249573590096284,0.5342365887207704,1.3153865199449792,123731.64759284732,1.6030246734619098
0.08704264099037107,0.14709766162310878,0.859796423658872,1.0923658872077031,-0.5273672627235217,1.1744511691884458,0.7149573590096284,0.5342365887207704,1.3153865199449792,124142.64759284732,1.607020568847659
0.09704264099037108,0.12709766162310876,0.889796423658872,1.082365887207703,-0.5073672627235217,1.1644511691884458,0.6849573590096284,0.5442365887207704,1.3053865199449792,124255.64759284732,1.6080071449279778
0.09704264099037108,0.10709766162310874,0.899796423658872,1.072365887207703,-0.4973672627235217,1.1544511691884458,0.6949573590096284,0.5642365887207704,1.2553865199449792,124276.64759284732,1.6103009700775104
0.10704264099037109,0.09709766162310873,0.899796423658872,1.072365887207703,-0.4873672627235217,1.1444511691884458,0.6849573590096284,0.5742365887207704,1.2553865199449792,124855.64759284732,1.6146349430084221
0.1270426409903711,0.08709766162310872,0.899796423658872,1.062365887207703,-0.4773672627235217,1.1344511691884458,0.6749573590096284,0.5742365887207704,1.2553865199449792,124900.64759284732,1.6190542697906487
0.14704264099037112,0.08709766162310872,0.879796423658872,1.042365887207703,-0.4573672627235217,1.1444511691884458,0.6749573590096284,0.5842365887207704,1.2153865199449794,124151.64759284732,1.6201200008392327
0.15704264099037113,0.08709766162310872,0.869796423658872,1.032365887207703,-0.4573672627235217,1.1344511691884458,0.6749573590096284,0.5842365887207704,1.2053865199449794,123648.64759284732,1.6232184886932366
0.17704264099037093,0.07709766162310872,0.869796423658872,1.022365887207703,-0.4473672627235217,1.1444511691884458,0.6749573590096284,0.6042365887207705,1.1653865199449793,122593.64759284732,1.626223039627071
0.18704264099037093,0.0670976616231087,0.869796423658872,1.012365887207703,-0.43736726272352167,1.1444511691884458,0.6849573590096284,0.6142365887207705,1.1353865199449793,122336.64759284732,1.6317414760589593
0.19704264099037094,0.0670976616231087,0.859796423658872,1.002365887207703,-0.41736726272352165,1.1244511691884458,0.6849573590096284,0.6242365887207705,1.1253865199449793,122029.64759284732,1.634741020202636
0.20704264099037095,0.0570976616231087,0.859796423658872,1.002365887207703,-0.41736726272352165,1.1044511691884458,0.6649573590096284,0.6142365887207705,1.1353865199449793,120952.64759284732,1.6357414245605462
0.23704264099037098,0.02709766162310867,0.869796423658872,0.982365887207703,-0.39736726272352163,1.1044511691884458,0.6249573590096286,0.6342365887207705,1.1453865199449793,120675.64759284732,1.6391446113586419
0.23704264099037098,0.017097661623108662,0.889796423658872,0.962365887207703,-0.3773672627235216,1.0944511691884458,0.5949573590096285,0.6542365887207705,1.1453865199449793,120214.64759284732,1.6433369636535637
0.23704264099037098,-0.0029023383768913558,0.909796423658872,0.9023658872077029,-0.3373672627235216,1.1044511691884458,0.5649573590096285,0.6742365887207705,1.1153865199449793,118885.64759284732,1.647316646575927
0.247042640990371,-0.012902338376891365,0.899796423658872,0.8823658872077029,-0.31736726272352156,1.0744511691884457,0.5649573590096285,0.6542365887207705,1.1153865199449793,118054.64759284732,1.647316646575927
0.257042640990371,-0.02290233837689115,0.899796423658872,0.8723658872077029,-0.29736726272352154,1.0744511691884457,0.5649573590096285,0.6642365887207705,1.1253865199449793,117683.64759284732,1.6513452053070061
0.267042640990371,-0.02290233837689115,0.899796423658872,0.8423658872077031,-0.26736726272352174,1.0644511691884457,0.5749573590096285,0.6542365887207705,1.1253865199449793,117216.64759284732,1.6556322097778278
0.267042640990371,-0.03290233837689116,0.919796423658872,0.7923658872077031,-0.2373672627235217,1.0644511691884457,0.5649573590096285,0.6542365887207705,1.1253865199449793,116737.64759284732,1.6596323966979938
0.267042640990371,-0.05290233837689118,0.929796423658872,0.772365887207703,-0.20736726272352168,1.0544511691884457,0.5549573590096285,0.6842365887207705,1.1253865199449793,115634.64759284732,1.660633754730224
0.277042640990371,-0.06290233837689119,0.929796423658872,0.752365887207703,-0.20736726272352168,1.0644511691884457,0.5549573590096285,0.6842365887207705,1.1353865199449793,114929.64759284732,1.6639372825622587
0.277042640990371,-0.0729023383768912,0.9397964236588721,0.762365887207703,-0.20736726272352168,1.0644511691884457,0.5249573590096285,0.6942365887207705,1.1453865199449793,113646.64759284732,1.667880964279174
0.287042640990371,-0.0829023383768912,0.929796423658872,0.752365887207703,-0.20736726272352168,1.0744511691884457,0.5149573590096285,0.6842365887207705,1.1553865199449793,112079.64759284732,1.6721453189849846
0.30704264099037104,-0.0829023383768912,0.919796423658872,0.732365887207703,-0.20736726272352168,1.0744511691884457,0.5049573590096285,0.6942365887207705,1.1653865199449793,110680.64759284732,1.6721453189849846
0.31704264099037105,-0.0829023383768912,0.909796423658872,0.742365887207703,-0.20736726272352168,1.0844511691884458,0.49495735900962845,0.7142365887207703,1.1753865199449793,109045.64759284732,1.676282358169555
0.33704264099037107,-0.0829023383768912,0.899796423658872,0.732365887207703,-0.20736726272352168,1.0744511691884457,0.47495735900962843,0.7142365887207703,1.1853865199449793,108078.64759284732,1.680417728424068
0.3470426409903711,-0.09290233837689121,0.889796423658872,0.732365887207703,-0.19736726272352167,1.0744511691884457,0.48495735900962844,0.7342365887207704,1.1853865199449793,107581.64759284732,1.6843018054962187
0.3570426409903711,-0.10290233837689122,0.889796423658872,0.712365887207703,-0.17736726272352166,1.0744511691884457,0.49495735900962845,0.7342365887207704,1.1553865199449793,106768.64759284732,1.6852979183196979
0.3670426409903711,-0.11290233837689123,0.889796423658872,0.712365887207703,-0.17736726272352166,1.0644511691884457,0.5049573590096285,0.7342365887207704,1.1353865199449793,105991.64759284732,1.6883236885070794
0.3870426409903711,-0.12290233837689124,0.889796423658872,0.702365887207703,-0.14736726272352163,1.0544511691884457,0.5249573590096285,0.7142365887207703,1.1453865199449793,105660.64759284732,1.6926030635833769
0.3870426409903711,-0.13290233837689125,0.899796423658872,0.682365887207703,-0.1173672627235216,1.0544511691884457,0.5549573590096285,0.7042365887207703,1.1453865199449793,105487.64759284732,1.6974472522735589
0.3670426409903711,-0.14290233837689126,0.929796423658872,0.6423658872077029,-0.09736726272352159,1.0344511691884457,0.5449573590096285,0.7142365887207703,1.1653865199449793,105486.64759284732,1.7007438659667962
0.33704264099037107,-0.13290233837689125,0.9497964236588721,0.6423658872077029,-0.09736726272352159,1.0544511691884457,0.5449573590096285,0.7342365887207704,1.1253865199449793,104669.64759284732,1.7015704631805377
0.29704264099037103,-0.11290233837689123,0.9597964236588721,0.6323658872077029,-0.1073672627235216,1.0844511691884458,0.5649573590096285,0.7242365887207703,1.1553865199449793,103402.64759284732,1.7057103633880608
0.287042640990371,-0.10290233837689122,0.9597964236588721,0.6423658872077029,-0.1073672627235216,1.0744511691884457,0.5249573590096285,0.7242365887207703,1.2053865199449794,102555.64759284732,1.7098295211791985
0.267042640990371,-0.09290233837689121,0.9497964236588721,0.6423658872077029,-0.1273672627235216,1.0944511691884458,0.5449573590096285,0.7242365887207703,1.2053865199449794,101960.64759284732,1.713193607330325
0.267042640990371,-0.10290233837689122,0.9497964236588721,0.6423658872077029,-0.1273672627235216,1.1044511691884458,0.5549573590096285,0.7042365887207703,1.2253865199449794,100977.64759284732,1.7141422748565667
0.287042640990371,-0.09290233837689121,0.919796423658872,0.6423658872077029,-0.1273672627235216,1.1244511691884458,0.5649573590096285,0.7342365887207704,1.1953865199449794,100044.64759284732,1.7174632072448723
0.277042640990371,-0.0729023383768912,0.909796423658872,0.6423658872077029,-0.14736726272352163,1.1444511691884458,0.5849573590096285,0.7242365887207703,1.2053865199449794,99179.64759284732,1.7226414203643792
0.257042640990371,-0.05290233837689118,0.909796423658872,0.6423658872077029,-0.14736726272352163,1.1444511691884458,0.5849573590096285,0.7242365887207703,1.2053865199449794,98648.64759284732,1.7251407623291009
0.257042640990371,-0.04290233837689117,0.879796423658872,0.6423658872077029,-0.13736726272352162,1.1444511691884458,0.6249573590096286,0.7242365887207703,1.2153865199449794,97813.64759284732,1.7261924266815178
0.277042640990371,-0.04290233837689117,0.859796423658872,0.6423658872077029,-0.13736726272352162,1.1444511691884458,0.6449573590096284,0.7042365887207703,1.2153865199449794,96622.64759284732,1.7301542282104485
0.277042640990371,-0.04290233837689117,0.849796423658872,0.6323658872077029,-0.1273672627235216,1.1544511691884458,0.6349573590096284,0.6942365887207705,1.2453865199449792,95681.64759284732,1.7346546173095696
0.287042640990371,-0.04290233837689117,0.839796423658872,0.6323658872077029,-0.1273672627235216,1.1544511691884458,0.6249573590096286,0.6842365887207705,1.2653865199449792,94694.64759284732,1.7377626419067411
0.277042640990371,-0.04290233837689117,0.839796423658872,0.6323658872077029,-0.1273672627235216,1.1544511691884458,0.6349573590096284,0.6842365887207705,1.2653865199449792,93891.64759284732,1.7389392375946038
0.267042640990371,-0.04290233837689117,0.839796423658872,0.6323658872077029,-0.13736726272352162,1.1644511691884458,0.6449573590096284,0.6842365887207705,1.2753865199449792,93350.64759284732,1.7424079895019524
0.22704264099037097,-0.03290233837689116,0.869796423658872,0.6523658872077029,-0.14736726272352163,1.1544511691884458,0.6549573590096284,0.6842365887207705,1.2753865199449792,92851.64759284732,1.7464272499084466
0.19704264099037094,-0.012902338376891365,0.879796423658872,0.6523658872077029,-0.13736726272352162,1.1544511691884458,0.6649573590096284,0.6642365887207705,1.2753865199449792,92540.64759284732,1.7504269599914544
0.18704264099037093,-0.012902338376891365,0.869796423658872,0.6523658872077029,-0.14736726272352163,1.1744511691884458,0.6849573590096284,0.6542365887207705,1.2853865199449792,91947.64759284732,1.7504269599914544
0.18704264099037093,-0.012902338376891365,0.859796423658872,0.6423658872077029,-0.13736726272352162,1.1644511691884458,0.6849573590096284,0.6442365887207705,1.3053865199449792,91902.64759284732,1.7544271469116204
0.16704264099037092,0.007097661623108653,0.839796423658872,0.662365887207703,-0.15736726272352164,1.1844511691884458,0.6749573590096284,0.6242365887207705,1.3353865199449793,92061.64759284732,1.757971000671386
0.1270426409903711,0.017097661623108662,0.849796423658872,0.682365887207703,-0.17736726272352166,1.1844511691884458,0.6749573590096284,0.6342365887207705,1.3253865199449792,92202.64759284732,1.7627162456512444
0.08704264099037107,0.03709766162310868,0.859796423658872,0.692365887207703,-0.18736726272352167,1.1944511691884458,0.6849573590096284,0.6342365887207705,1.3253865199449792,92209.64759284732,1.7660777091979938
0.07704264099037106,0.03709766162310868,0.829796423658872,0.692365887207703,-0.19736726272352167,1.2044511691884456,0.6949573590096284,0.6342365887207705,1.3253865199449792,92044.64759284732,1.7667564868926995
0.09704264099037108,0.04709766162310869,0.7997964236588722,0.692365887207703,-0.20736726272352168,1.2144511691884456,0.7149573590096284,0.6342365887207705,1.3253865199449792,92503.64759284732,1.7702264308929436
0.07704264099037106,0.04709766162310869,0.7997964236588722,0.712365887207703,-0.20736726272352168,1.2044511691884456,0.7249573590096284,0.6342365887207705,1.3253865199449792,92392.64759284732,1.774703931808471
0.10704264099037109,0.017097661623108662,0.7697964236588721,0.732365887207703,-0.2173672627235217,1.2044511691884456,0.7449573590096285,0.6342365887207705,1.3053865199449792,92283.64759284732,1.7787756443023675
0.10704264099037109,0.017097661623108662,0.7497964236588721,0.752365887207703,-0.2373672627235217,1.1944511691884458,0.7749573590096285,0.6142365887207705,1.3253865199449792,92796.64759284732,1.7787756443023675
0.10704264099037109,0.02709766162310867,0.7397964236588721,0.772365887207703,-0.24736726272352172,1.1844511691884458,0.7949573590096285,0.5842365887207704,1.3253865199449792,93553.64759284732,1.7837759971618645
0.08704264099037107,0.03709766162310868,0.7197964236588721,0.8223658872077031,-0.25736726272352173,1.1744511691884458,0.8149573590096285,0.5742365887207704,1.3253865199449792,93456.64759284732,1.787455749511718
0.08704264099037107,0.04709766162310869,0.7097964236588721,0.8623658872077029,-0.27736726272352175,1.1544511691884458,0.8049573590096285,0.5642365887207704,1.3353865199449793,93589.64759284732,1.7910687446594231
0.05704264099037104,0.04709766162310869,0.7297964236588721,0.8823658872077029,-0.29736726272352154,1.1544511691884458,0.8149573590096285,0.5742365887207704,1.3353865199449793,94164.64759284732,1.7910687446594231
0.04704264099037103,0.02709766162310867,0.7197964236588721,0.8923658872077029,-0.30736726272352155,1.1644511691884458,0.8149573590096285,0.5642365887207704,1.3453865199449793,94537.64759284732,1.795766067504882
0.06704264099037105,0.007097661623108653,0.7097964236588721,0.8823658872077029,-0.31736726272352156,1.1744511691884458,0.8049573590096285,0.5742365887207704,1.3553865199449793,94694.64759284732,1.79976577758789
0.08704264099037107,-0.012902338376891365,0.7097964236588721,0.8823658872077029,-0.32736726272352157,1.1844511691884458,0.7949573590096285,0.5742365887207704,1.3553865199449793,95019.64759284732,1.8030414104461663
0.08704264099037107,0.007097661623108653,0.679796423658872,0.8923658872077029,-0.3373672627235216,1.1944511691884458,0.7949573590096285,0.5642365887207704,1.3653865199449793,95512.64759284732,1.8038885116577106
0.09704264099037108,-0.0029023383768913558,0.679796423658872,0.8823658872077029,-0.3473672627235216,1.2044511691884456,0.7949573590096285,0.5642365887207704,1.3653865199449793,95839.64759284732,1.807968091964721
0.08704264099037107,0.007097661623108653,0.669796423658872,0.9023658872077029,-0.3573672627235216,1.2144511691884456,0.7949573590096285,0.5642365887207704,1.3653865199449793,95676.64759284732,1.8119735240936272
0.08704264099037107,0.007097661623108653,0.669796423658872,0.9023658872077029,-0.3673672627235216,1.2244511691884457,0.7949573590096285,0.5642365887207704,1.3653865199449793,95631.64759284732,1.8155736446380608
0.08704264099037107,-0.0029023383768913558,0.649796423658872,0.912365887207703,-0.3873672627235216,1.2344511691884457,0.7949573590096285,0.5642365887207704,1.3653865199449793,95990.64759284732,1.8165287494659381
0.07704264099037106,-0.0029023383768913558,0.639796423658872,0.922365887207703,-0.39736726272352163,1.2444511691884457,0.7949573590096285,0.5642365887207704,1.3653865199449793,95997.64759284732,1.8206874847412102
0.06704264099037105,-0.0029023383768913558,0.629796423658872,0.932365887207703,-0.41736726272352165,1.2544511691884457,0.8049573590096285,0.5642365887207704,1.3653865199449793,96730.64759284732,1.8235516071319537
0.05704264099037104,0.007097661623108653,0.629796423658872,0.942365887207703,-0.42736726272352166,1.2644511691884457,0.8049573590096285,0.5642365887207704,1.3653865199449793,97295.64759284732,1.828168582916259
0.03704264099037102,0.007097661623108653,0.589796423658872,0.952365887207703,-0.4573672627235217,1.2844511691884457,0.8149573590096285,0.5542365887207704,1.3653865199449793,98118.64759284732,1.828168582916259
-0.0029573590096290125,0.03709766162310868,0.5597964236588719,0.962365887207703,-0.4773672627235217,1.2944511691884457,0.8349573590096285,0.5442365887207704,1.3553865199449793,99497.64759284732,1.8321794986724846
-0.04295735900962905,0.03709766162310868,0.5597964236588719,0.982365887207703,-0.4873672627235217,1.2944511691884457,0.8449573590096285,0.5342365887207704,1.3453865199449793,100700.64759284732,1.8362457275390582
-0.04295735900962905,0.02709766162310867,0.5397964236588721,0.992365887207703,-0.4973672627235217,1.2944511691884457,0.8549573590096285,0.5342365887207704,1.3453865199449793,102035.64759284732,1.8403501033782987
-0.012957359009629021,0.02709766162310867,0.5497964236588722,0.992365887207703,-0.4873672627235217,1.2844511691884457,0.8649573590096286,0.5342365887207704,1.3453865199449793,103594.64759284732,1.8433506011962884
-0.0029573590096290125,0.017097661623108662,0.5497964236588722,1.002365887207703,-0.4973672627235217,1.2844511691884457,0.8649573590096286,0.5342365887207704,1.3353865199449793,103807.64759284732,1.8443505287170403
0.017042640990371005,-0.0029023383768913558,0.5597964236588719,1.002365887207703,-0.5073672627235217,1.2844511691884457,0.8649573590096286,0.5342365887207704,1.3353865199449793,103516.64759284732,1.8483299732208245
0.027042640990371014,-0.012902338376891365,0.569796423658872,1.002365887207703,-0.5073672627235217,1.2844511691884457,0.8649573590096286,0.5342365887207704,1.3353865199449793,103265.64759284732,1.852466297149661
0.027042640990371014,-0.0029023383768913558,0.579796423658872,1.012365887207703,-0.5073672627235217,1.2844511691884457,0.8649573590096286,0.5242365887207704,1.3353865199449793,102914.64759284732,1.8564414501190178
0.03704264099037102,-0.0029023383768913558,0.579796423658872,1.002365887207703,-0.5073672627235217,1.2844511691884457,0.8649573590096286,0.5242365887207704,1.3353865199449793,102507.64759284732,1.8564414501190178
0.027042640990371014,-0.0029023383768913558,0.569796423658872,1.012365887207703,-0.5173672627235217,1.2844511691884457,0.8649573590096286,0.5242365887207704,1.3453865199449793,102632.64759284732,1.8617641448974602
0.04704264099037103,-0.0029023383768913558,0.5497964236588722,1.022365887207703,-0.5173672627235217,1.2844511691884457,0.8649573590096286,0.5142365887207704,1.3453865199449793,102883.64759284732,1.865897369384765
0.04704264099037103,-0.012902338376891365,0.569796423658872,1.032365887207703,-0.5273672627235217,1.2844511691884457,0.8649573590096286,0.5042365887207704,1.3553865199449793,102560.64759284732,1.8685237884521477
0.007042640990370996,0.007097661623108653,0.579796423658872,1.052365887207703,-0.5373672627235218,1.2844511691884457,0.8649573590096286,0.5042365887207704,1.3653865199449793,102861.64759284732,1.869214487075805
-0.0029573590096290125,0.017097661623108662,0.569796423658872,1.052365887207703,-0.5473672627235215,1.2844511691884457,0.8549573590096285,0.49423658872077036,1.3853865199449793,103678.64759284732,1.8725704669952385
-0.0029573590096290125,0.017097661623108662,0.5597964236588719,1.052365887207703,-0.5473672627235215,1.2944511691884457,0.8449573590096285,0.49423658872077036,1.3853865199449793,104607.64759284732,1.8777131557464593
-0.0029573590096290125,0.007097661623108653,0.5597964236588719,1.062365887207703,-0.5573672627235216,1.2944511691884457,0.8449573590096285,0.48423658872077036,1.4053865199449793,105066.64759284732,1.8806874275207477
-0.0029573590096290125,0.007097661623108653,0.5497964236588722,1.052365887207703,-0.5673672627235216,1.3144511691884457,0.8449573590096285,0.47423658872077035,1.4053865199449793,106221.64759284732,1.8816918849945061
0.007042640990370996,-0.0029023383768913558,0.5597964236588719,1.062365887207703,-0.5773672627235216,1.3244511691884457,0.8549573590096285,0.46423658872077034,1.4053865199449793,107266.64759284732,1.8852674484252958
-0.0029573590096290125,-0.012902338376891365,0.5197964236588721,1.062365887207703,-0.5873672627235216,1.3344511691884458,0.8649573590096286,0.45423658872077033,1.4053865199449793,107909.64759284732,1.8894645690917962
-0.03295735900962904,-0.012902338376891365,0.4997964236588721,1.072365887207703,-0.5873672627235216,1.3244511691884457,0.8649573590096286,0.46423658872077034,1.3953865199449793,108544.64759284732,1.8934494972228997
-0.04295735900962905,-0.02290233837689115,0.4797964236588721,1.0923658872077031,-0.5873672627235216,1.3044511691884457,0.8549573590096285,0.46423658872077034,1.4053865199449793,109205.64759284732,1.8945178508758538
-0.07295735900962907,-0.012902338376891365,0.4997964236588721,1.1023658872077031,-0.5873672627235216,1.3044511691884457,0.8549573590096285,0.46423658872077034,1.4053865199449793,110180.64759284732,1.8984214782714837
-0.07295735900962907,0.007097661623108653,0.5097964236588721,1.1023658872077031,-0.5873672627235216,1.3044511691884457,0.8549573590096285,0.46423658872077034,1.4153865199449793,110781.64759284732,1.9018089294433587
-0.07295735900962907,-0.0029023383768913558,0.5197964236588721,1.0923658872077031,-0.5873672627235216,1.3044511691884457,0.8449573590096285,0.47423658872077035,1.4153865199449793,110668.64759284732,1.905779552459716
-0.06295735900962907,-0.0029023383768913558,0.5197964236588721,1.0923658872077031,-0.5873672627235216,1.3044511691884457,0.8349573590096285,0.47423658872077035,1.4053865199449793,109875.64759284732,1.9092308998107903
-0.05295735900962906,0.007097661623108653,0.5297964236588721,1.082365887207703,-0.5873672627235216,1.3144511691884457,0.8349573590096285,0.48423658872077036,1.4153865199449793,108998.64759284732,1.9099494934082024
-0.06295735900962907,0.007097661623108653,0.5097964236588721,1.082365887207703,-0.5873672627235216,1.3144511691884457,0.8249573590096285,0.48423658872077036,1.4153865199449793,108705.64759284732,1.9141361236572259
-0.05295735900962906,-0.0029023383768913558,0.4997964236588721,1.0923658872077031,-0.5873672627235216,1.3144511691884457,0.8149573590096285,0.49423658872077036,1.4153865199449793,108292.64759284732,1.9181253433227532
-0.03295735900962904,0.007097661623108653,0.5097964236588721,1.1023658872077031,-0.5873672627235216,1.2944511691884457,0.8049573590096285,0.49423658872077036,1.4153865199449793,106923.64759284732,1.9215654850006096
-0.03295735900962904,-0.0029023383768913558,0.5197964236588721,1.1023658872077031,-0.5873672627235216,1.2944511691884457,0.8149573590096285,0.49423658872077036,1.4153865199449793,106226.64759284732,1.92254633903503
-0.05295735900962906,0.017097661623108662,0.4997964236588721,1.112365887207703,-0.5873672627235216,1.2844511691884457,0.7949573590096285,0.48423658872077036,1.4353865199449793,106039.64759284732,1.9258508205413811
-0.05295735900962906,0.017097661623108662,0.5297964236588721,1.112365887207703,-0.5873672627235216,1.2844511691884457,0.7849573590096285,0.49423658872077036,1.4453865199449794,105936.64759284732,1.9308940887451165
-0.04295735900962905,0.007097661623108653,0.5297964236588721,1.112365887207703,-0.5773672627235216,1.2944511691884457,0.7849573590096285,0.48423658872077036,1.4453865199449794,106191.64759284732,1.934079837799068
-0.06295735900962907,-0.0029023383768913558,0.5597964236588719,1.1023658872077031,-0.5673672627235216,1.2844511691884457,0.7649573590096285,0.48423658872077036,1.4653865199449794,105920.64759284732,1.935139846801757
-0.07295735900962907,-0.012902338376891365,0.569796423658872,1.112365887207703,-0.5573672627235216,1.2744511691884457,0.7549573590096285,0.47423658872077035,1.4753865199449794,106619.64759284732,1.9377097606658964
-0.07295735900962907,-0.03290233837689116,0.5597964236588719,1.122365887207703,-0.5573672627235216,1.2744511691884457,0.7449573590096285,0.49423658872077036,1.4553865199449794,107174.64759284732,1.94269413948059
-0.11295735900962889,-0.03290233837689116,0.5597964236588719,1.1023658872077031,-0.5373672627235218,1.2744511691884457,0.7349573590096284,0.5142365887207704,1.4453865199449794,107451.64759284732,1.9463836669921868
-0.15295735900962892,0.007097661623108653,0.5297964236588721,1.082365887207703,-0.4973672627235217,1.2644511691884457,0.7249573590096284,0.5342365887207704,1.4453865199449794,107368.64759284732,1.9474281787872307
-0.16295735900962893,-0.0029023383768913558,0.5297964236588721,1.062365887207703,-0.4873672627235217,1.2644511691884457,0.7149573590096284,0.5442365887207704,1.4253865199449793,106739.64759284732,1.9504129409790032
-0.17295735900962894,0.007097661623108653,0.5297964236588721,1.072365887207703,-0.4873672627235217,1.2444511691884457,0.6749573590096284,0.5742365887207704,1.4353865199449793,106122.64759284732,1.95544786453247
-0.16295735900962893,0.03709766162310868,0.5197964236588721,1.082365887207703,-0.4873672627235217,1.2344511691884457,0.6749573590096284,0.5942365887207705,1.4153865199449793,105317.64759284732,1.9594478130340605
-0.17295735900962894,0.04709766162310869,0.5397964236588721,1.082365887207703,-0.4873672627235217,1.2444511691884457,0.6549573590096284,0.6142365887207705,1.4053865199449793,103948.64759284732,1.9594478130340605
-0.19295735900962896,0.0570976616231087,0.5297964236588721,1.072365887207703,-0.4773672627235217,1.2444511691884457,0.6449573590096284,0.6242365887207705,1.4053865199449793,101949.64759284732,1.963448238372802
-0.20295735900962897,0.0570976616231087,0.5597964236588719,1.062365887207703,-0.4773672627235217,1.2444511691884457,0.6449573590096284,0.6342365887207705,1.3753865199449793,101076.64759284732,1.967139434814456
-0.21295735900962898,0.0670976616231087,0.5497964236588722,1.072365887207703,-0.4673672627235217,1.2344511691884457,0.6549573590096284,0.6542365887207705,1.3653865199449793,99845.64759284732,1.9718482017517083
-0.20295735900962897,0.04709766162310869,0.5497964236588722,1.072365887207703,-0.4573672627235217,1.2144511691884456,0.6449573590096284,0.6642365887207705,1.3453865199449793,98540.64759284732,1.9728738784790032
-0.22295735900962899,0.017097661623108662,0.5497964236588722,1.062365887207703,-0.43736726272352167,1.2144511691884456,0.6449573590096284,0.6842365887207705,1.3353865199449793,97011.64759284732,1.9753283977508538
-0.232957359009629,-0.012902338376891365,0.5497964236588722,1.012365887207703,-0.40736726272352164,1.2144511691884456,0.6249573590096286,0.7142365887207703,1.3053865199449792,95792.64759284732,1.980341863632205
-0.232957359009629,-0.012902338376891365,0.5597964236588719,1.012365887207703,-0.3873672627235216,1.1844511691884458,0.6249573590096286,0.7442365887207704,1.3053865199449792,95279.64759284732,1.9840073108673089
-0.242957359009629,-0.012902338376891365,0.569796423658872,0.982365887207703,-0.3373672627235216,1.1544511691884458,0.5849573590096285,0.7542365887207704,1.3053865199449792,93982.64759284732,1.9870144844055169
-0.232957359009629,-0.012902338376891365,0.5597964236588719,0.9023658872077029,-0.28736726272352175,1.1944511691884458,0.5649573590096285,0.7642365887207704,1.3153865199449792,91751.64759284732,1.9870144844055169
-0.22295735900962899,-0.0029023383768913558,0.569796423658872,0.8723658872077029,-0.27736726272352175,1.1944511691884458,0.5449573590096285,0.7942365887207704,1.3253865199449792,89956.64759284732,1.9921774387359612
-0.242957359009629,0.017097661623108662,0.579796423658872,0.8723658872077029,-0.28736726272352175,1.1944511691884458,0.5349573590096285,0.8042365887207704,1.3153865199449792,88279.64759284732,1.9961578369140582
-0.22295735900962899,0.03709766162310868,0.579796423658872,0.8923658872077029,-0.29736726272352154,1.1744511691884458,0.5149573590096285,0.8142365887207704,1.2853865199449792,86450.64759284732,1.99982304573059
-0.232957359009629,0.03709766162310868,0.579796423658872,0.9023658872077029,-0.30736726272352155,1.1744511691884458,0.5249573590096285,0.8242365887207704,1.2953865199449792,84737.64759284732,2.000438165664672
-0.242957359009629,0.0570976616231087,0.579796423658872,0.8823658872077029,-0.29736726272352154,1.1744511691884458,0.5449573590096285,0.8242365887207704,1.2753865199449792,83740.64759284732,2.0044855594635003
-0.252957359009629,0.0670976616231087,0.579796423658872,0.8723658872077029,-0.28736726272352175,1.1744511691884458,0.5549573590096285,0.8242365887207704,1.2553865199449792,83005.64759284732,2.0086264133453398
-0.242957359009629,0.0670976616231087,0.579796423658872,0.8523658872077031,-0.27736726272352175,1.1844511691884458,0.5549573590096285,0.8442365887207705,1.2553865199449792,81948.64759284732,2.012179565429687
-0.242957359009629,0.07709766162310872,0.569796423658872,0.8523658872077031,-0.26736726272352174,1.1544511691884458,0.5349573590096285,0.8342365887207704,1.2753865199449792,81223.64759284732,2.0132348060607903
-0.242957359009629,0.08709766162310872,0.579796423658872,0.8523658872077031,-0.25736726272352173,1.1444511691884458,0.5049573590096285,0.8442365887207705,1.2853865199449792,80222.64759284732,2.015827846527099
-0.21295735900962898,0.08709766162310872,0.579796423658872,0.8523658872077031,-0.25736726272352173,1.1444511691884458,0.49495735900962845,0.8442365887207705,1.2953865199449792,79805.64759284732,2.021164369583129
-0.20295735900962897,0.08709766162310872,0.579796423658872,0.8623658872077029,-0.24736726272352172,1.1244511691884458,0.49495735900962845,0.8542365887207705,1.3053865199449792,79414.64759284732,2.024492216110229
-0.19295735900962896,0.0670976616231087,0.579796423658872,0.8523658872077031,-0.2373672627235217,1.1044511691884458,0.5049573590096285,0.8542365887207705,1.3053865199449792,78399.64759284732,2.0253176212310784
-0.21295735900962898,0.07709766162310872,0.569796423658872,0.8323658872077031,-0.2173672627235217,1.0844511691884458,0.49495735900962845,0.8642365887207705,1.3053865199449792,77460.64759284732,2.029154014587405
-0.232957359009629,0.09709766162310873,0.589796423658872,0.8223658872077031,-0.19736726272352167,1.0844511691884458,0.48495735900962844,0.8542365887207705,1.3153865199449792,76899.64759284732,2.03316850662231
-0.242957359009629,0.09709766162310873,0.589796423658872,0.7923658872077031,-0.19736726272352167,1.0944511691884458,0.5149573590096285,0.8442365887207705,1.3153865199449792,76042.64759284732,2.036534976959228
-0.232957359009629,0.10709766162310874,0.569796423658872,0.7823658872077031,-0.18736726272352167,1.0944511691884458,0.5149573590096285,0.8242365887207704,1.3253865199449792,75685.64759284732,2.037431669235229
-0.252957359009629,0.11709766162310875,0.569796423658872,0.752365887207703,-0.17736726272352166,1.0944511691884458,0.5449573590096285,0.8042365887207704,1.3253865199449792,75408.64759284732,2.0414516448974602
-0.262957359009629,0.09709766162310873,0.5597964236588719,0.732365887207703,-0.16736726272352165,1.0844511691884458,0.5549573590096285,0.7942365887207704,1.3353865199449793,74819.64759284732,2.046028089523311
-0.242957359009629,0.09709766162310873,0.5597964236588719,0.702365887207703,-0.14736726272352163,1.0944511691884458,0.5549573590096285,0.8042365887207704,1.3253865199449792,74460.64759284732,2.049332809448245
-0.252957359009629,0.11709766162310875,0.5397964236588721,0.702365887207703,-0.14736726272352163,1.0944511691884458,0.5649573590096285,0.8042365887207704,1.3353865199449793,74219.64759284732,2.0532652854919426
-0.242957359009629,0.08709766162310872,0.5497964236588722,0.682365887207703,-0.13736726272352162,1.0844511691884458,0.5649573590096285,0.8042365887207704,1.3253865199449792,74304.64759284732,2.0532652854919426
-0.242957359009629,0.10709766162310874,0.5397964236588721,0.682365887207703,-0.13736726272352162,1.0844511691884458,0.5849573590096285,0.8142365887207704,1.3253865199449792,73965.64759284732,2.057313156127929
-0.232957359009629,0.10709766162310874,0.5497964236588722,0.682365887207703,-0.1273672627235216,1.0744511691884457,0.5749573590096285,0.8242365887207704,1.3353865199449793,73288.64759284732,2.0626990318298297
-0.242957359009629,0.09709766162310873,0.5597964236588719,0.672365887207703,-0.1173672627235216,1.0644511691884457,0.5649573590096285,0.8042365887207704,1.3453865199449793,73379.64759284732,2.0649423122406
-0.242957359009629,0.09709766162310873,0.5497964236588722,0.662365887207703,-0.1173672627235216,1.0744511691884457,0.5849573590096285,0.8042365887207704,1.3453865199449793,73312.64759284732,2.0656990528106682
-0.242957359009629,0.10709766162310874,0.5397964236588721,0.6523658872077029,-0.1173672627235216,1.0744511691884457,0.5749573590096285,0.7742365887207704,1.3753865199449793,73029.64759284732,2.0700435161590605
-0.232957359009629,0.09709766162310873,0.5497964236588722,0.6423658872077029,-0.1173672627235216,1.0744511691884457,0.6049573590096285,0.7642365887207704,1.3853865199449793,72744.64759284732,2.0739907741546624
-0.22295735900962899,0.10709766162310874,0.5297964236588721,0.6423658872077029,-0.1173672627235216,1.0644511691884457,0.6349573590096284,0.7242365887207703,1.3953865199449793,72561.64759284732,2.077889394760131
-0.232957359009629,0.11709766162310875,0.5197964236588721,0.6323658872077029,-0.1173672627235216,1.0544511691884457,0.6349573590096284,0.7142365887207703,1.4053865199449793,72494.64759284732,2.0788750171661405
-0.22295735900962899,0.09709766162310873,0.5197964236588721,0.6323658872077029,-0.1173672627235216,1.0544511691884457,0.6649573590096284,0.7042365887207703,1.3953865199449793,72549.64759284732,2.082875204086303
-0.232957359009629,0.09709766162310873,0.5197964236588721,0.6323658872077029,-0.13736726272352162,1.0544511691884457,0.6749573590096284,0.6942365887207705,1.3953865199449793,72428.64759284732,2.086112928390502
-0.242957359009629,0.08709766162310872,0.5097964236588721,0.6323658872077029,-0.13736726272352162,1.0444511691884457,0.6949573590096284,0.6842365887207705,1.3853865199449793,72909.64759284732,2.090199899673461
-0.242957359009629,0.08709766162310872,0.4897964236588721,0.6223658872077029,-0.1273672627235216,1.0444511691884457,0.7249573590096284,0.6642365887207705,1.3853865199449793,73582.64759284732,2.091181707382205
-0.252957359009629,0.09709766162310873,0.4797964236588721,0.6023658872077031,-0.1173672627235216,1.0444511691884457,0.7249573590096284,0.6642365887207705,1.3953865199449793,73899.64759284732,2.094705772399898
-0.262957359009629,0.08709766162310872,0.4797964236588721,0.5823658872077031,-0.1073672627235216,1.0344511691884457,0.7449573590096285,0.6542365887207705,1.3853865199449793,74384.64759284732,2.0986852169036823
-0.29295735900962905,0.10709766162310874,0.4597964236588721,0.5623658872077031,-0.1073672627235216,1.0344511691884457,0.7549573590096285,0.6642365887207705,1.3753865199449793,74865.64759284732,2.102685403823852
-0.3229573590096291,0.09709766162310873,0.43979642365887206,0.5623658872077031,-0.1073672627235216,1.0344511691884457,0.7549573590096285,0.6642365887207705,1.3853865199449793,75744.64759284732,2.102685403823852
-0.31295735900962907,0.09709766162310873,0.43979642365887206,0.5723658872077031,-0.1173672627235216,1.0244511691884457,0.7449573590096285,0.6642365887207705,1.3853865199449793,76271.64759284732,2.107078266143798
-0.30295735900962906,0.08709766162310872,0.44979642365887207,0.5723658872077031,-0.1173672627235216,1.0244511691884457,0.7449573590096285,0.6642365887207705,1.3853865199449793,76142.64759284732,2.111061286926269
-0.30295735900962906,0.09709766162310873,0.43979642365887206,0.5723658872077031,-0.1273672627235216,1.0344511691884457,0.7549573590096285,0.6642365887207705,1.3753865199449793,75791.64759284732,2.1146704673767083
-0.31295735900962907,0.09709766162310873,0.4597964236588721,0.5623658872077031,-0.13736726272352162,1.0244511691884457,0.7549573590096285,0.6642365887207705,1.3853865199449793,75418.64759284732,2.115850400924682
-0.3229573590096291,0.10709766162310874,0.43979642365887206,0.5723658872077031,-0.1273672627235216,1.0244511691884457,0.7549573590096285,0.6542365887207705,1.3953865199449793,75113.64759284732,2.118429851531978
-0.3529573590096289,0.12709766162310876,0.4597964236588721,0.5623658872077031,-0.13736726272352162,1.0144511691884457,0.7549573590096285,0.6542365887207705,1.3953865199449793,75346.64759284732,2.123746824264522
-0.34295735900962887,0.11709766162310875,0.43979642365887206,0.5723658872077031,-0.13736726272352162,1.0044511691884457,0.7649573590096285,0.6442365887207705,1.3853865199449793,75767.64759284732,2.1277799129486077
-0.3529573590096289,0.12709766162310876,0.43979642365887206,0.5923658872077031,-0.14736726272352163,1.0044511691884457,0.7749573590096285,0.6442365887207705,1.3853865199449793,75944.64759284732,2.130900812149047
-0.34295735900962887,0.10709766162310874,0.40979642365887203,0.5723658872077031,-0.14736726272352163,0.9944511691884456,0.7749573590096285,0.6442365887207705,1.3853865199449793,76165.64759284732,2.131642770767211
-0.34295735900962887,0.09709766162310873,0.40979642365887203,0.5723658872077031,-0.14736726272352163,0.9844511691884456,0.7849573590096285,0.6342365887207705,1.3853865199449793,76612.64759284732,2.1352073669433587
-0.34295735900962887,0.11709766162310875,0.40979642365887203,0.5623658872077031,-0.13736726272352162,0.9744511691884455,0.7949573590096285,0.6242365887207705,1.3853865199449793,77093.64759284732,2.139283609390258
-0.3229573590096291,0.07709766162310872,0.40979642365887203,0.5723658872077031,-0.14736726272352163,0.9644511691884455,0.8149573590096285,0.6142365887207705,1.3853865199449793,77782.64759284732,2.143305730819698
-0.34295735900962887,0.0670976616231087,0.41979642365887204,0.5723658872077031,-0.14736726272352163,0.9544511691884455,0.8249573590096285,0.6042365887207705,1.3753865199449793,78201.64759284732,2.143305730819698
-0.3629573590096289,0.0670976616231087,0.399796423658872,0.5623658872077031,-0.14736726272352163,0.9244511691884457,0.8449573590096285,0.6042365887207705,1.3753865199449793,79636.64759284732,2.1468228816986077
-0.3529573590096289,0.0570976616231087,0.40979642365887203,0.5423658872077031,-0.1173672627235216,0.9144511691884457,0.8449573590096285,0.6042365887207705,1.3653865199449793,80747.64759284732,2.151253175735473
-0.34295735900962887,0.03709766162310868,0.389796423658872,0.522365887207703,-0.1073672627235216,0.8844511691884457,0.8549573590096285,0.6142365887207705,1.3553865199449793,81408.64759284732,2.155420017242431
-0.3629573590096289,0.017097661623108662,0.399796423658872,0.522365887207703,-0.1073672627235216,0.8844511691884457,0.8549573590096285,0.6242365887207705,1.3553865199449793,82319.64759284732,2.1563016891479485
-0.3729573590096289,0.03709766162310868,0.389796423658872,0.512365887207703,-0.1073672627235216,0.8844511691884457,0.8449573590096285,0.6242365887207705,1.3553865199449793,83242.64759284732,2.1595687389373808
-0.3829573590096289,0.02709766162310867,0.389796423658872,0.512365887207703,-0.1173672627235216,0.8944511691884457,0.8349573590096285,0.6242365887207705,1.3653865199449793,83973.64759284732,2.1635999202728264
-0.3729573590096289,0.03709766162310868,0.40979642365887203,0.512365887207703,-0.1273672627235216,0.9144511691884457,0.8349573590096285,0.6242365887207705,1.3553865199449793,83922.64759284732,2.1675936698913567
-0.3829573590096289,0.04709766162310869,0.40979642365887203,0.502365887207703,-0.1273672627235216,0.9044511691884457,0.8349573590096285,0.6242365887207705,1.3653865199449793,83833.64759284732,2.1687366485595696
-0.3629573590096289,0.0570976616231087,0.41979642365887204,0.502365887207703,-0.13736726272352162,0.9044511691884457,0.8349573590096285,0.6242365887207705,1.3653865199449793,83432.64759284732,2.171628427505496
-0.3629573590096289,0.0570976616231087,0.41979642365887204,0.502365887207703,-0.13736726272352162,0.9044511691884457,0.8349573590096285,0.6242365887207705,1.3653865199449793,82775.64759284732,2.176092338562011
-0.3629573590096289,0.0570976616231087,0.42979642365887205,0.492365887207703,-0.13736726272352162,0.9144511691884457,0.8349573590096285,0.6142365887207705,1.3753865199449793,82384.64759284732,2.1804944992065423
-0.3629573590096289,0.0570976616231087,0.42979642365887205,0.492365887207703,-0.13736726272352162,0.9144511691884457,0.8349573590096285,0.6142365887207705,1.3753865199449793,82129.64759284732,2.1804944992065423
-0.3729573590096289,0.0670976616231087,0.43979642365887206,0.482365887207703,-0.1273672627235216,0.8944511691884457,0.8249573590096285,0.6142365887207705,1.3853865199449793,82210.64759284732,2.184503984451297
-0.3729573590096289,0.0670976616231087,0.4597964236588721,0.492365887207703,-0.1273672627235216,0.8844511691884457,0.8249573590096285,0.6042365887207705,1.3953865199449793,82349.64759284732,2.188503694534301
-0.3629573590096289,0.0670976616231087,0.44979642365887207,0.482365887207703,-0.1273672627235216,0.8844511691884457,0.8249573590096285,0.5942365887207705,1.4053865199449793,82608.64759284732,2.192524862289428
-0.3629573590096289,0.04709766162310869,0.4697964236588721,0.482365887207703,-0.1273672627235216,0.8744511691884457,0.8249573590096285,0.5942365887207705,1.4053865199449793,82913.64759284732,2.196343851089477
-0.3629573590096289,0.04709766162310869,0.4597964236588721,0.472365887207703,-0.1173672627235216,0.8744511691884457,0.8149573590096285,0.5842365887207704,1.4253865199449793,83126.64759284732,2.1973921775817864
-0.3529573590096289,0.017097661623108662,0.43979642365887206,0.462365887207703,-0.1273672627235216,0.8644511691884457,0.8249573590096285,0.5742365887207704,1.4353865199449793,83683.64759284732,2.2009975433349602
-0.34295735900962887,0.007097661623108653,0.42979642365887205,0.462365887207703,-0.13736726272352162,0.8544511691884457,0.8249573590096285,0.5742365887207704,1.4253865199449793,84580.64759284732,2.2047571659088163
-0.3529573590096289,0.007097661623108653,0.40979642365887203,0.462365887207703,-0.1173672627235216,0.8444511691884456,0.8349573590096285,0.5842365887207704,1.4153865199449793,84847.64759284732,2.208777856826778
-0.34295735900962887,0.007097661623108653,0.399796423658872,0.43236588720770297,-0.09736726272352159,0.8544511691884457,0.8349573590096285,0.5842365887207704,1.4053865199449793,85218.64759284732,2.2093178749084466
-0.34295735900962887,0.02709766162310867,0.399796423658872,0.40236588720770294,-0.08736726272352158,0.8444511691884456,0.8249573590096285,0.5942365887207705,1.4053865199449793,86335.64759284732,2.2128571987152093
-0.3229573590096291,0.017097661623108662,0.40979642365887203,0.40236588720770294,-0.08736726272352158,0.8244511691884456,0.8249573590096285,0.5842365887207704,1.4153865199449793,86512.64759284732,2.217450332641601
-0.3229573590096291,0.02709766162310867,0.41979642365887204,0.39236588720770293,-0.07736726272352157,0.8244511691884456,0.8349573590096285,0.5742365887207704,1.4253865199449793,85957.64759284732,2.2205969810485833
-0.3229573590096291,0.02709766162310867,0.42979642365887205,0.39236588720770293,-0.06736726272352156,0.8244511691884456,0.8249573590096285,0.5742365887207704,1.4253865199449793,85566.64759284732,2.22152395248413
-0.29295735900962905,0.02709766162310867,0.41979642365887204,0.39236588720770293,-0.06736726272352156,0.8144511691884456,0.8349573590096285,0.5642365887207704,1.4353865199449793,85317.64759284732,2.2255370140075676
-0.31295735900962907,0.03709766162310868,0.42979642365887205,0.39236588720770293,-0.05736726272352155,0.8044511691884456,0.8349573590096285,0.5542365887207704,1.4453865199449794,85518.64759284732,2.229536247253421
-0.30295735900962906,0.04709766162310869,0.42979642365887205,0.3723658872077029,-0.04736726272352154,0.8044511691884456,0.8349573590096285,0.5442365887207704,1.4553865199449794,85413.64759284732,2.233716201782226
-0.30295735900962906,0.03709766162310868,0.42979642365887205,0.3723658872077029,-0.037367262723521755,0.8044511691884456,0.8349573590096285,0.5342365887207704,1.4653865199449794,85300.64759284732,2.233716201782226
-0.29295735900962905,0.03709766162310868,0.43979642365887206,0.3423658872077031,-0.027367262723521746,0.8044511691884456,0.8349573590096285,0.5342365887207704,1.4653865199449794,85081.64759284732,2.2378043651580803
-0.28295735900962904,0.03709766162310868,0.44979642365887207,0.3223658872077031,-0.027367262723521746,0.8044511691884456,0.8349573590096285,0.5342365887207704,1.4653865199449794,85202.64759284732,2.2421054363250725
-0.29295735900962905,0.04709766162310869,0.4597964236588721,0.3223658872077031,-0.027367262723521746,0.8244511691884456,0.8249573590096285,0.5342365887207704,1.4653865199449794,85339.64759284732,2.2457036495208698
-0.3229573590096291,0.02709766162310867,0.44979642365887207,0.3023658872077031,-0.027367262723521746,0.8244511691884456,0.8249573590096285,0.5442365887207704,1.4753865199449794,85206.64759284732,2.246778202056884
-0.3329573590096291,0.02709766162310867,0.42979642365887205,0.28236588720770306,-0.017367262723521737,0.8144511691884456,0.8049573590096285,0.5542365887207704,1.4853865199449794,85223.64759284732,2.249745082855224
-0.3529573590096289,0.017097661623108662,0.399796423658872,0.28236588720770306,-0.017367262723521737,0.8144511691884456,0.8049573590096285,0.5442365887207704,1.4953865199449792,85532.64759284732,2.25499243736267
-0.3729573590096289,0.02709766162310867,0.40979642365887203,0.28236588720770306,-0.007367262723521728,0.7944511691884456,0.7949573590096285,0.5542365887207704,1.4953865199449792,85545.64759284732,2.2571722984313958
-0.3529573590096289,0.02709766162310867,0.40979642365887203,0.26236588720770304,0.002632737276478281,0.7944511691884456,0.7949573590096285,0.5542365887207704,1.4953865199449792,85116.64759284732,2.2619010925292997
-0.3729573590096289,0.04709766162310869,0.40979642365887203,0.25236588720770303,0.01263273727647829,0.7944511691884456,0.7949573590096285,0.5442365887207704,1.4953865199449792,84195.64759284732,2.2628876686096184
-0.3629573590096289,0.03709766162310868,0.40979642365887203,0.24236588720770302,0.01263273727647829,0.8044511691884456,0.7949573590096285,0.5442365887207704,1.4953865199449792,83444.64759284732,2.266887617111202
-0.3629573590096289,0.04709766162310869,0.41979642365887204,0.23236588720770301,0.002632737276478281,0.8044511691884456,0.8149573590096285,0.5342365887207704,1.4953865199449792,82971.64759284732,2.2698876380920403
-0.3529573590096289,0.017097661623108662,0.40979642365887203,0.25236588720770303,0.002632737276478281,0.7844511691884456,0.8149573590096285,0.5342365887207704,1.4953865199449792,82060.64759284732,2.2738878250122063
-0.3729573590096289,0.04709766162310869,0.41979642365887204,0.24236588720770302,0.01263273727647829,0.7844511691884456,0.8149573590096285,0.5242365887207704,1.4953865199449792,81265.64759284732,2.2738878250122063
-0.3829573590096289,0.04709766162310869,0.40979642365887203,0.222365887207703,0.0226327372764783,0.7944511691884456,0.7949573590096285,0.5342365887207704,1.5153865199449792,80896.64759284732,2.278078746795657
-0.3929573590096289,0.017097661623108662,0.40979642365887203,0.212365887207703,0.0226327372764783,0.7844511691884456,0.7849573590096285,0.5642365887207704,1.5153865199449792,79875.64759284732,2.28253264427185
-0.43295735900962895,0.017097661623108662,0.379796423658872,0.18236588720770297,0.03263273727647831,0.7744511691884456,0.7149573590096284,0.5942365887207705,1.5353865199449792,79168.64759284732,2.286602926254268
-0.42295735900962894,0.017097661623108662,0.369796423658872,0.17236588720770296,0.042632737276478316,0.7644511691884456,0.6949573590096284,0.6142365887207705,1.5353865199449792,78575.64759284732,2.287584495544433
-0.4029573590096289,-0.0029023383768913558,0.399796423658872,0.17236588720770296,0.042632737276478316,0.7544511691884457,0.6549573590096284,0.6342365887207705,1.5353865199449792,77616.64759284732,2.290746402740478
-0.3929573590096289,0.007097661623108653,0.379796423658872,0.17236588720770296,0.052632737276478325,0.7444511691884457,0.6649573590096284,0.6342365887207705,1.5253865199449792,76069.64759284732,2.2952005386352567
-0.3729573590096289,-0.0029023383768913558,0.389796423658872,0.18236588720770297,0.052632737276478325,0.7444511691884457,0.6649573590096284,0.6442365887207705,1.5153865199449792,74648.64759284732,2.29856534004211
-0.3729573590096289,0.007097661623108653,0.379796423658872,0.16236588720770306,0.052632737276478325,0.7544511691884457,0.6649573590096284,0.6542365887207705,1.5153865199449792,73155.64759284732,2.29856534004211
-0.3729573590096289,0.017097661623108662,0.399796423658872,0.18236588720770297,0.03263273727647831,0.7644511691884456,0.6649573590096284,0.6442365887207705,1.5153865199449792,71538.64759284732,2.3036057472228997
-0.3629573590096289,0.02709766162310867,0.389796423658872,0.18236588720770297,0.042632737276478316,0.7644511691884456,0.6449573590096284,0.6542365887207705,1.5253865199449792,70737.64759284732,2.3080281734466546
-0.3729573590096289,0.04709766162310869,0.379796423658872,0.17236588720770296,0.052632737276478325,0.7544511691884457,0.6349573590096284,0.6642365887207705,1.5353865199449792,70134.64759284732,2.3112334728240995
-0.3929573590096289,0.04709766162310869,0.399796423658872,0.15236588720770305,0.06263273727647833,0.7544511691884457,0.5949573590096285,0.6642365887207705,1.5253865199449792,69677.64759284732,2.312287521362304
-0.41295735900962893,-0.0029023383768913558,0.399796423658872,0.13236588720770304,0.07263273727647834,0.7444511691884457,0.5749573590096285,0.6942365887207705,1.5253865199449792,68902.64759284732,2.315921020507812
-0.4029573590096289,-0.012902338376891365,0.369796423658872,0.13236588720770304,0.07263273727647834,0.7344511691884457,0.5649573590096285,0.6842365887207705,1.5153865199449792,68203.64759284732,2.320045900344848
-0.44295735900962896,-0.0029023383768913558,0.369796423658872,0.13236588720770304,0.052632737276478325,0.7144511691884456,0.5549573590096285,0.7042365887207703,1.5153865199449792,67876.64759284732,2.323390197753909
-0.462957359009629,0.007097661623108653,0.379796423658872,0.15236588720770305,0.06263273727647833,0.6944511691884456,0.5149573590096285,0.7442365887207704,1.4753865199449794,67327.64759284732,2.3241207122802727
-0.43295735900962895,0.04709766162310869,0.3597964236588721,0.16236588720770306,0.052632737276478325,0.6944511691884456,0.5149573590096285,0.7442365887207704,1.4653865199449794,66124.64759284732,2.3281206607818596
-0.41295735900962893,0.03709766162310868,0.3397964236588721,0.15236588720770305,0.07263273727647834,0.7044511691884456,0.5149573590096285,0.7642365887207704,1.4553865199449794,64843.64759284732,2.332619619369506
-0.4029573590096289,0.017097661623108662,0.369796423658872,0.16236588720770306,0.052632737276478325,0.7044511691884456,0.49495735900962845,0.7742365887207704,1.4653865199449794,63962.64759284732,2.336298894882205
-0.4029573590096289,0.02709766162310867,0.369796423658872,0.16236588720770306,0.042632737276478316,0.7244511691884457,0.49495735900962845,0.7742365887207704,1.4553865199449794,63465.64759284732,2.3398322582244866
-0.3829573590096289,0.017097661623108662,0.3597964236588721,0.17236588720770296,0.03263273727647831,0.7144511691884456,0.5149573590096285,0.7742365887207704,1.4353865199449793,62878.64759284732,2.3408364772796624
-0.3729573590096289,0.007097661623108653,0.379796423658872,0.16236588720770306,0.052632737276478325,0.7144511691884456,0.5049573590096285,0.7842365887207704,1.4053865199449793,62811.64759284732,2.3440033912658684
-0.3829573590096289,0.007097661623108653,0.379796423658872,0.16236588720770306,0.052632737276478325,0.7044511691884456,0.5049573590096285,0.7842365887207704,1.4153865199449793,62104.64759284732,2.3490120887756305
-0.3829573590096289,-0.0029023383768913558,0.379796423658872,0.16236588720770306,0.052632737276478325,0.7044511691884456,0.47495735900962843,0.8042365887207704,1.4153865199449793,60977.64759284732,2.352184009552005
-0.3729573590096289,0.02709766162310867,0.369796423658872,0.15236588720770305,0.052632737276478325,0.7044511691884456,0.4549573590096284,0.8042365887207704,1.4253865199449793,60068.64759284732,2.3530103683471673
-0.3629573590096289,0.02709766162310867,0.3497964236588721,0.14236588720770305,0.052632737276478325,0.6944511691884456,0.4549573590096284,0.8142365887207704,1.4153865199449793,59093.64759284732,2.357012462615966
-0.3729573590096289,0.017097661623108662,0.3597964236588721,0.14236588720770305,0.07263273727647834,0.7044511691884456,0.4449573590096284,0.8142365887207704,1.3953865199449793,58292.64759284732,2.3616499423980706
-0.3729573590096289,0.02709766162310867,0.3597964236588721,0.14236588720770305,0.07263273727647834,0.7044511691884456,0.4549573590096284,0.8042365887207704,1.3753865199449793,57709.64759284732,2.364647817611697
-0.3629573590096289,0.02709766162310867,0.3597964236588721,0.12236588720770303,0.08263273727647835,0.6944511691884456,0.4649573590096284,0.8142365887207704,1.3653865199449793,57104.64759284732,2.364647817611697
-0.3929573590096289,0.007097661623108653,0.3297964236588721,0.08236588720770299,0.11263273727647838,0.6644511691884456,0.4549573590096284,0.8242365887207704,1.3653865199449793,56277.64759284732,2.368936491012576
-0.3829573590096289,-0.012902338376891365,0.3397964236588721,0.07236588720770298,0.12263273727647839,0.6444511691884456,0.4449573590096284,0.8142365887207704,1.3453865199449793,56032.64759284732,2.3738183498382597
-0.4029573590096289,-0.0029023383768913558,0.3397964236588721,0.08236588720770299,0.12263273727647839,0.6044511691884457,0.4249573590096284,0.8142365887207704,1.3553865199449793,56085.64759284732,2.376897048950191
-0.3929573590096289,-0.03290233837689116,0.3297964236588721,0.092365887207703,0.12263273727647839,0.6044511691884457,0.4249573590096284,0.8042365887207704,1.3453865199449793,55986.64759284732,2.377849054336547
-0.3929573590096289,-0.0029023383768913558,0.31979642365887206,0.092365887207703,0.11263273727647838,0.6044511691884457,0.4449573590096284,0.7842365887207704,1.3653865199449793,55361.64759284732,2.3811203956603997
-0.3829573590096289,-0.03290233837689116,0.31979642365887206,0.062365887207702975,0.15263273727647841,0.6144511691884457,0.4249573590096284,0.7742365887207704,1.3653865199449793,55066.64759284732,2.385375213623046
-0.3729573590096289,-0.03290233837689116,0.30979642365887206,0.04236588720770307,0.16263273727647842,0.6044511691884457,0.40495735900962837,0.7742365887207704,1.3653865199449793,54449.64759284732,2.3893832683563225
-0.3729573590096289,-0.012902338376891365,0.3297964236588721,0.04236588720770307,0.18263273727647844,0.5944511691884456,0.4349573590096284,0.7742365887207704,1.3453865199449793,53594.64759284732,2.390373182296752
-0.3629573590096289,-0.0029023383768913558,0.3297964236588721,0.03236588720770306,0.19263273727647845,0.5944511691884456,0.4449573590096284,0.7742365887207704,1.3353865199449793,53359.64759284732,2.39310712814331
-0.3729573590096289,0.007097661623108653,0.3597964236588721,0.052365887207702966,0.19263273727647845,0.6044511691884457,0.4249573590096284,0.7642365887207704,1.3453865199449793,53258.64759284732,2.3969368457794182
-0.3729573590096289,0.017097661623108662,0.3497964236588721,0.03236588720770306,0.19263273727647845,0.6044511691884457,0.4349573590096284,0.7542365887207704,1.3553865199449793,53273.64759284732,2.40220398902893
-0.3929573590096289,0.02709766162310867,0.3497964236588721,0.012365887207703041,0.20263273727647846,0.5944511691884456,0.39495735900962836,0.7642365887207704,1.3653865199449793,53348.64759284732,2.40220398902893
-0.3829573590096289,0.02709766162310867,0.3297964236588721,0.0023658872077030324,0.22263273727647825,0.5744511691884456,0.38495735900962835,0.7442365887207704,1.3753865199449793,53643.64759284732,2.4051429748535114
-0.41295735900962893,0.0570976616231087,0.3397964236588721,-0.0076341127922969765,0.23263273727647826,0.5644511691884456,0.38495735900962835,0.7342365887207704,1.3653865199449793,53918.64759284732,2.40965552330017
-0.3929573590096289,0.04709766162310869,0.29979642365887205,-0.027634112792296994,0.2526327372764783,0.5644511691884456,0.39495735900962836,0.7142365887207703,1.3653865199449793,53947.64759284732,2.4146773338317864
-0.41295735900962893,0.0670976616231087,0.28979642365887204,-0.05763411279229702,0.2726327372764783,0.5544511691884456,0.38495735900962835,0.7142365887207703,1.3653865199449793,53748.64759284732,2.417415809631347
-0.4029573590096289,0.0570976616231087,0.28979642365887204,-0.04763411279229701,0.2926327372764783,0.5244511691884456,0.39495735900962836,0.6842365887207705,1.3453865199449793,53561.64759284732,2.417415809631347
-0.41295735900962893,0.0570976616231087,0.269796423658872,-0.05763411279229702,0.3026327372764783,0.5144511691884456,0.36495735900962856,0.6942365887207705,1.3553865199449793,53852.64759284732,2.421992254257205
-0.42295735900962894,0.04709766162310869,0.28979642365887204,-0.06763411279229703,0.31263273727647833,0.48445116918844566,0.38495735900962835,0.6942365887207705,1.3553865199449793,53975.64759284732,2.425731134414672
-0.42295735900962894,0.03709766162310868,0.269796423658872,-0.07763411279229704,0.2926327372764783,0.5244511691884456,0.40495735900962837,0.6542365887207705,1.3453865199449793,53850.64759284732,2.428730678558349
-0.42295735900962894,0.03709766162310868,0.259796423658872,-0.06763411279229703,0.2926327372764783,0.5544511691884456,0.38495735900962835,0.6442365887207705,1.3453865199449793,54011.64759284732,2.4302391529083245
-0.43295735900962895,0.0570976616231087,0.259796423658872,-0.07763411279229704,0.2826327372764783,0.5244511691884456,0.4149573590096284,0.6242365887207705,1.3253865199449792,54622.64759284732,2.433891010284423
-0.44295735900962896,0.07709766162310872,0.259796423658872,-0.07763411279229704,0.3026327372764783,0.5044511691884457,0.4349573590096284,0.6042365887207705,1.3053865199449792,54907.64759284732,2.438757610321044
-0.43295735900962895,0.04709766162310869,0.259796423658872,-0.06763411279229703,0.2926327372764783,0.5144511691884456,0.4549573590096284,0.6142365887207705,1.2953865199449792,55042.64759284732,2.442228984832763
-0.42295735900962894,0.0670976616231087,0.27979642365887203,-0.07763411279229704,0.2826327372764783,0.5144511691884456,0.4649573590096284,0.6142365887207705,1.2953865199449792,55013.64759284732,2.442228984832763
-0.42295735900962894,0.07709766162310872,0.269796423658872,-0.06763411279229703,0.2826327372764783,0.5344511691884456,0.4549573590096284,0.5742365887207704,1.3053865199449792,54800.64759284732,2.4463130950927763
-0.43295735900962895,0.07709766162310872,0.269796423658872,-0.05763411279229702,0.2726327372764783,0.5544511691884456,0.4449573590096284,0.5742365887207704,1.3153865199449792,54613.64759284732,2.450273704528808
-0.43295735900962895,0.07709766162310872,0.259796423658872,-0.05763411279229702,0.2926327372764783,0.5344511691884456,0.4449573590096284,0.5742365887207704,1.2753865199449792,54834.64759284732,2.4545657157897907
-0.45295735900962897,0.08709766162310872,0.269796423658872,-0.06763411279229703,0.3026327372764783,0.5244511691884456,0.4549573590096284,0.5642365887207704,1.2753865199449792,55115.64759284732,2.455262851715087
-0.45295735900962897,0.08709766162310872,0.259796423658872,-0.07763411279229704,0.31263273727647833,0.5144511691884456,0.4349573590096284,0.5642365887207704,1.2753865199449792,55246.64759284732,2.458384466171264
-0.43295735900962895,0.0670976616231087,0.259796423658872,-0.08763411279229694,0.2926327372764783,0.5244511691884456,0.4349573590096284,0.5642365887207704,1.2653865199449792,55595.64759284732,2.463727903366088
-0.472957359009629,0.0670976616231087,0.259796423658872,-0.10763411279229695,0.31263273727647833,0.47445116918844565,0.4349573590096284,0.5642365887207704,1.2753865199449792,55812.64759284732,2.467692327499389
-0.45295735900962897,0.0670976616231087,0.249796423658872,-0.157634112792297,0.35263273727647837,0.49445116918844567,0.37495735900962857,0.5742365887207704,1.2553865199449792,56033.64759284732,2.467692327499389
-0.482957359009629,0.0670976616231087,0.2197964236588721,-0.147634112792297,0.33263273727647835,0.5144511691884456,0.3249573590096285,0.5742365887207704,1.2653865199449792,56642.64759284732,2.4721254825592034
-0.45295735900962897,0.0570976616231087,0.2397964236588721,-0.157634112792297,0.33263273727647835,0.49445116918844567,0.33495735900962853,0.5542365887207704,1.2753865199449792,56811.64759284732,2.4751219272613483
-0.462957359009629,0.0670976616231087,0.249796423658872,-0.147634112792297,0.34263273727647814,0.45445116918844564,0.33495735900962853,0.5642365887207704,1.2553865199449792,56770.64759284732,2.4796611785888665
-0.44295735900962896,0.04709766162310869,0.2397964236588721,-0.13763411279229698,0.34263273727647814,0.46445116918844565,0.33495735900962853,0.5742365887207704,1.2353865199449794,56703.64759284732,2.480650854110717
-0.44295735900962896,0.08709766162310872,0.2297964236588721,-0.13763411279229698,0.36263273727647816,0.4444511691884456,0.36495735900962856,0.5442365887207704,1.2153865199449794,56820.64759284732,2.4837939262390165
-0.45295735900962897,0.0670976616231087,0.2297964236588721,-0.13763411279229698,0.32263273727647834,0.49445116918844567,0.38495735900962835,0.5442365887207704,1.2253865199449794,56733.64759284732,2.487850141525268
-0.43295735900962895,0.0570976616231087,0.2397964236588721,-0.12763411279229697,0.33263273727647835,0.47445116918844565,0.38495735900962835,0.5342365887207704,1.2053865199449794,56628.64759284732,2.4918498516082757
-0.42295735900962894,0.0670976616231087,0.2397964236588721,-0.10763411279229695,0.32263273727647834,0.46445116918844565,0.40495735900962837,0.5242365887207704,1.2153865199449794,56291.64759284732,2.49548954963684
-0.42295735900962894,0.0570976616231087,0.249796423658872,-0.07763411279229704,0.2926327372764783,0.46445116918844565,0.4149573590096284,0.5042365887207704,1.2253865199449794,56334.64759284732,2.49635739326477
-0.43295735900962895,0.0670976616231087,0.269796423658872,-0.08763411279229694,0.3026327372764783,0.46445116918844565,0.4249573590096284,0.5042365887207704,1.1753865199449793,56049.64759284732,2.4997980117797844
-0.42295735900962894,0.07709766162310872,0.259796423658872,-0.08763411279229694,0.2926327372764783,0.46445116918844565,0.4649573590096284,0.48423658872077036,1.1453865199449793,55988.64759284732,2.504314374923709
-0.43295735900962895,0.08709766162310872,0.259796423658872,-0.07763411279229704,0.3026327372764783,0.48445116918844566,0.4649573590096284,0.47423658872077035,1.1453865199449793,55847.64759284732,2.507402372360229
-0.43295735900962895,0.08709766162310872,0.27979642365887203,-0.08763411279229694,0.2926327372764783,0.5044511691884457,0.4449573590096284,0.47423658872077035,1.1553865199449793,55914.64759284732,2.50836796760559
-0.42295735900962894,0.08709766162310872,0.269796423658872,-0.08763411279229694,0.3026327372764783,0.5044511691884457,0.4249573590096284,0.47423658872077035,1.1753865199449793,55805.64759284732,2.5116388320922844
-0.42295735900962894,0.07709766162310872,0.28979642365887204,-0.08763411279229694,0.2926327372764783,0.5144511691884456,0.4449573590096284,0.44423658872077054,1.1853865199449793,55992.64759284732,2.516830396652221
-0.42295735900962894,0.08709766162310872,0.28979642365887204,-0.10763411279229695,0.31263273727647833,0.49445116918844567,0.4349573590096284,0.45423658872077033,1.1853865199449793,56079.64759284732,2.5208370208740227
-0.45295735900962897,0.09709766162310873,0.28979642365887204,-0.11763411279229696,0.33263273727647835,0.47445116918844565,0.40495735900962837,0.47423658872077035,1.1653865199449793,55972.64759284732,2.5208370208740227
-0.43295735900962895,0.07709766162310872,0.259796423658872,-0.147634112792297,0.34263273727647814,0.4444511691884456,0.38495735900962835,0.5042365887207704,1.1253865199449793,56035.64759284732,2.5242492675781243
-0.45295735900962897,0.07709766162310872,0.269796423658872,-0.13763411279229698,0.34263273727647814,0.45445116918844564,0.34495735900962854,0.49423658872077036,1.1153865199449793,56342.64759284732,2.5287253379821806
-0.462957359009629,0.0670976616231087,0.259796423658872,-0.157634112792297,0.33263273727647835,0.46445116918844565,0.33495735900962853,0.5142365887207704,1.1153865199449793,57069.64759284732,2.5319115638732903
-0.45295735900962897,0.0670976616231087,0.2397964236588721,-0.18763411279229703,0.36263273727647816,0.45445116918844564,0.2949573590096285,0.5342365887207704,1.1253865199449793,56844.64759284732,2.532937002182006
-0.45295735900962897,0.0570976616231087,0.2297964236588721,-0.17763411279229702,0.33263273727647835,0.4444511691884456,0.3049573590096285,0.5042365887207704,1.1253865199449793,56521.64759284732,2.5370974063873284
-0.472957359009629,0.0670976616231087,0.2197964236588721,-0.18763411279229703,0.35263273727647837,0.4444511691884456,0.3149573590096285,0.5342365887207704,1.1153865199449793,56364.64759284732,2.5411357402801507
-0.44295735900962896,0.0670976616231087,0.2197964236588721,-0.167634112792297,0.32263273727647834,0.4344511691884456,0.3249573590096285,0.5142365887207704,1.1053865199449793,55597.64759284732,2.5451364040374713
-0.45295735900962897,0.0670976616231087,0.249796423658872,-0.147634112792297,0.31263273727647833,0.4444511691884456,0.33495735900962853,0.47423658872077035,1.1153865199449793,54796.64759284732,2.5451364040374713
-0.43295735900962895,0.07709766162310872,0.259796423658872,-0.147634112792297,0.2826327372764783,0.46445116918844565,0.35495735900962855,0.45423658872077033,1.1353865199449793,54013.64759284732,2.5486976623535114
-0.42295735900962894,0.0570976616231087,0.259796423658872,-0.147634112792297,0.2926327372764783,0.49445116918844567,0.36495735900962856,0.45423658872077033,1.1253865199449793,53828.64759284732,2.5539993762969964
-0.41295735900962893,0.0570976616231087,0.259796423658872,-0.147634112792297,0.2826327372764783,0.5144511691884456,0.33495735900962853,0.45423658872077033,1.1553865199449793,53321.64759284732,2.557156991958621
-0.3929573590096289,0.0570976616231087,0.269796423658872,-0.13763411279229698,0.2626327372764783,0.5144511691884456,0.34495735900962854,0.45423658872077033,1.1553865199449793,52922.64759284732,2.5582093715667718
-0.3929573590096289,0.0570976616231087,0.259796423658872,-0.12763411279229697,0.2626327372764783,0.5144511691884456,0.33495735900962853,0.47423658872077035,1.1553865199449793,52961.64759284732,2.561412286758422
-0.3829573590096289,0.0570976616231087,0.27979642365887203,-0.13763411279229698,0.2826327372764783,0.5244511691884456,0.3249573590096285,0.48423658872077036,1.1453865199449793,52316.64759284732,2.565608930587768
-0.3829573590096289,0.0670976616231087,0.28979642365887204,-0.147634112792297,0.2826327372764783,0.5244511691884456,0.3049573590096285,0.5042365887207704,1.1353865199449793,51383.64759284732,2.56960220336914
-0.3929573590096289,0.0670976616231087,0.29979642365887205,-0.147634112792297,0.2826327372764783,0.5344511691884456,0.3049573590096285,0.5142365887207704,1.1453865199449793,51188.64759284732,2.56960220336914
-0.3829573590096289,0.07709766162310872,0.29979642365887205,-0.147634112792297,0.2826327372764783,0.5444511691884456,0.2849573590096285,0.5142365887207704,1.1653865199449793,51417.64759284732,2.573608827590938
-0.3729573590096289,0.07709766162310872,0.29979642365887205,-0.147634112792297,0.2826327372764783,0.5444511691884456,0.25495735900962846,0.5142365887207704,1.1653865199449793,51402.64759284732,2.5776066303253167
-0.3729573590096289,0.0670976616231087,0.30979642365887206,-0.147634112792297,0.2826327372764783,0.5444511691884456,0.2949573590096285,0.5042365887207704,1.1553865199449793,51215.64759284732,2.5820927143096917
-0.3629573590096289,0.07709766162310872,0.30979642365887206,-0.147634112792297,0.2826327372764783,0.5444511691884456,0.2849573590096285,0.5242365887207704,1.1753865199449793,50812.64759284732,2.5856585025787346
-0.3629573590096289,0.07709766162310872,0.31979642365887206,-0.147634112792297,0.2926327372764783,0.5444511691884456,0.2849573590096285,0.5242365887207704,1.1553865199449793,50391.64759284732,2.5856585025787346
-0.41295735900962893,0.0670976616231087,0.27979642365887203,-0.18763411279229703,0.35263273727647837,0.45445116918844564,0.2749573590096285,0.5542365887207704,1.0853865199449793,49962.64759284732,2.589530420303344
-0.42295735900962894,0.0670976616231087,0.259796423658872,-0.18763411279229703,0.34263273727647814,0.45445116918844564,0.23495735900962844,0.5242365887207704,1.1153865199449793,49703.64759284732,2.5945639133453398
-0.42295735900962894,0.07709766162310872,0.259796423658872,-0.157634112792297,0.31263273727647833,0.47445116918844565,0.23495735900962844,0.5342365887207704,1.1153865199449793,50056.64759284732,2.598070096969604
-0.43295735900962895,0.08709766162310872,0.269796423658872,-0.157634112792297,0.3026327372764783,0.49445116918844567,0.23495735900962844,0.5142365887207704,1.0953865199449793,49943.64759284732,2.5990759849548297
