-0.4573954895489548,-0.3639933993399337,-0.2753492849284927,-0.22650440044004402,-0.39720022002200206,-0.06695544554455449,-0.45871837183718367,-0.288495599559956,-0.046806930693069335,30382.16116611661,0.0024120330810504242
-0.4573954895489548,-0.3939933993399337,-0.2953492849284927,-0.206504400440044,-0.36720022002200203,-0.03695544554455449,-0.44871837183718366,-0.30849559955995604,-0.03680693069306934,30921.16116611661,0.0024120330810504242
-0.4373954895489548,-0.3839933993399337,-0.2853492849284927,-0.206504400440044,-0.37720022002200204,-0.02695544554455448,-0.4687183718371837,-0.30849559955995604,-0.046806930693069335,30772.16116611661,0.0064291477203362035
-0.4573954895489548,-0.3839933993399337,-0.2853492849284927,-0.19650440044004402,-0.407200220022002,-0.03695544554455449,-0.44871837183718366,-0.288495599559956,-0.05680693069306934,31519.16116611661,0.010567855834960227
-0.47739548954895483,-0.3639933993399337,-0.24534928492849273,-0.18650440044004402,-0.42720022002200203,-0.02695544554455448,-0.3987183718371836,-0.298495599559956,-0.046806930693069335,31668.16116611661,0.01475377082824636
-0.4573954895489548,-0.3639933993399337,-0.2253492849284927,-0.176504400440044,-0.417200220022002,-0.04695544554455448,-0.4087183718371836,-0.288495599559956,-0.03680693069306934,31829.16116611661,0.015568208694453745
-0.4673954895489548,-0.3739933993399337,-0.2853492849284927,-0.18650440044004402,-0.42720022002200203,-0.04695544554455448,-0.37871837183718365,-0.25849559955995605,-0.03680693069306934,31952.16116611661,0.019569110870360618
-0.47739548954895483,-0.3939933993399337,-0.2953492849284927,-0.176504400440044,-0.42720022002200203,-0.04695544554455448,-0.3987183718371836,-0.278495599559956,-0.046806930693069335,32121.16116611661,0.022805166244506125
-0.4573954895489548,-0.32399339933993376,-0.2753492849284927,-0.156504400440044,-0.43720022002200204,-0.03695544554455449,-0.32871837183718366,-0.298495599559956,-0.046806930693069335,32564.16116611661,0.027080011367800694
-0.4573954895489548,-0.34399339933993367,-0.2653492849284927,-0.14650440044004404,-0.43720022002200204,-0.03695544554455449,-0.3987183718371836,-0.298495599559956,-0.03680693069306934,32647.16116611661,0.028134775161742454
-0.4673954895489548,-0.30399339933993375,-0.24534928492849273,-0.13650440044004403,-0.45720022002200206,-0.03695544554455449,-0.35871837183718364,-0.288495599559956,-0.03680693069306934,32800.16116611661,0.03084845542907999
-0.4473954895489548,-0.30399339933993375,-0.2153492849284927,-0.13650440044004403,-0.45720022002200206,-0.03695544554455449,-0.31871837183718366,-0.26849559955995606,-0.026806930693069338,32567.16116611661,0.03590674400329519
-0.47739548954895483,-0.2439933993399337,-0.2153492849284927,-0.19650440044004402,-0.44720022002200205,-0.02695544554455448,-0.30871837183718365,-0.278495599559956,-0.026806930693069338,32550.16116611661,0.039406490325927024
-0.5073954895489547,-0.2839933993399337,-0.18534928492849273,-0.14650440044004404,-0.477200220022002,-0.01695544554455447,-0.31871837183718366,-0.25849559955995605,-0.03680693069306934,32657.16116611661,0.04046077728271413
-0.5173954895489548,-0.2539933993399337,-0.2053492849284927,-0.18650440044004402,-0.45720022002200206,-0.03695544554455449,-0.29871837183718364,-0.278495599559956,-0.026806930693069338,33108.16116611661,0.04347820281982351
-0.47739548954895483,-0.20399339933993366,-0.2053492849284927,-0.206504400440044,-0.467200220022002,-0.04695544554455448,-0.32871837183718366,-0.278495599559956,-0.016806930693069336,33149.16116611661,0.04745764732360769
-0.4273954895489548,-0.18399339933993375,-0.12534928492849273,-0.22650440044004402,-0.467200220022002,-0.02695544554455448,-0.31871837183718366,-0.288495599559956,-0.03680693069306934,33356.16116611661,0.05241198539733816
-0.4673954895489548,-0.1339933993399337,-0.2153492849284927,-0.206504400440044,-0.477200220022002,-0.02695544554455448,-0.38871837183718366,-0.298495599559956,-0.026806930693069338,33539.16116611661,0.05241198539733816
-0.47739548954895483,-0.09399339933993367,-0.1453492849284927,-0.22650440044004402,-0.48720022002200203,-0.02695544554455448,-0.35871837183718364,-0.288495599559956,-0.026806930693069338,33626.16116611661,0.055971813201903586
-0.4573954895489548,-0.043993399339933736,-0.1453492849284927,-0.236504400440044,-0.477200220022002,-0.02695544554455448,-0.3987183718371836,-0.30849559955995604,-0.016806930693069336,34195.16116611661,0.060277652740477805
-0.4273954895489548,-0.02399339933993372,-0.1453492849284927,-0.276504400440044,-0.48720022002200203,-0.04695544554455448,-0.3987183718371836,-0.30849559955995604,-0.026806930693069338,34506.16116611661,0.06430120468139933
-0.4673954895489548,0.06600660066006636,-0.0953492849284927,-0.276504400440044,-0.44720022002200205,-0.04695544554455448,-0.45871837183718367,-0.26849559955995606,-0.026806930693069338,34579.16116611661,0.06430120468139933
-0.4073954895489548,0.08600660066006638,-0.06534928492849268,-0.286504400440044,-0.467200220022002,-0.04695544554455448,-0.45871837183718367,-0.318495599559956,-0.026806930693069338,34426.16116611661,0.06830186843871999
-0.3873954895489548,0.1260066006600662,-0.05534928492849267,-0.276504400440044,-0.45720022002200206,-0.04695544554455448,-0.3987183718371836,-0.30849559955995604,-0.026806930693069338,34537.16116611661,0.07312078475952077
-0.3873954895489548,0.1360066006600662,-0.0953492849284927,-0.256504400440044,-0.49720022002200204,-0.03695544554455449,-0.4087183718371836,-0.298495599559956,-0.026806930693069338,34314.16116611661,0.07658572196960378
-0.3973954895489548,0.2460066006600663,-0.05534928492849267,-0.296504400440044,-0.467200220022002,-0.04695544554455448,-0.42871837183718364,-0.288495599559956,-0.026806930693069338,34289.16116611661,0.0798074722290032
-0.41739548954895483,0.2660066006600663,-0.03534928492849265,-0.276504400440044,-0.44720022002200205,-0.03695544554455449,-0.41871837183718363,-0.288495599559956,-0.016806930693069336,34304.16116611661,0.0798074722290032
-0.41739548954895483,0.3760066006600662,-0.06534928492849268,-0.296504400440044,-0.44720022002200205,-0.03695544554455449,-0.4687183718371837,-0.278495599559956,-0.006806930693069341,34071.16116611661,0.08434147834777761
-0.3873954895489548,0.42600660066006624,-0.015349284928492746,-0.286504400440044,-0.45720022002200206,-0.03695544554455449,-0.4687183718371837,-0.318495599559956,-0.016806930693069336,34062.16116611661,0.08838624954223917
-0.3773954895489548,0.5260066006600663,-0.025349284928492755,-0.286504400440044,-0.467200220022002,-0.04695544554455448,-0.42871837183718364,-0.30849559955995604,-0.026806930693069338,34175.16116611661,0.09257717132568288
-0.3773954895489548,0.5160066006600663,-0.03534928492849265,-0.276504400440044,-0.43720022002200204,-0.04695544554455448,-0.3987183718371836,-0.288495599559956,-0.016806930693069336,34034.16116611661,0.093342733383178
-0.3673954895489548,0.5860066006600664,0.004650715071507272,-0.286504400440044,-0.467200220022002,-0.04695544554455448,-0.4087183718371836,-0.318495599559956,-0.016806930693069336,33877.16116611661,0.09632797241210866
-0.3273954895489548,0.6660066006600662,-0.005349284928492737,-0.266504400440044,-0.45720022002200206,-0.03695544554455449,-0.3987183718371836,-0.298495599559956,-0.016806930693069336,33382.16116611661,0.10187859535217214
-0.2973954895489548,0.7460066006600663,0.02465071507150729,-0.276504400440044,-0.467200220022002,-0.04695544554455448,-0.38871837183718366,-0.30849559955995604,-0.006806930693069341,33105.16116611661,0.10460085868835378
-0.3273954895489548,0.8360066006600664,-0.015349284928492746,-0.276504400440044,-0.467200220022002,-0.03695544554455449,-0.37871837183718365,-0.30849559955995604,-0.016806930693069336,33934.16116611661,0.10460085868835378
-0.2973954895489548,0.9160066006600662,-0.005349284928492737,-0.266504400440044,-0.467200220022002,-0.02695544554455448,-0.41871837183718363,-0.318495599559956,-0.016806930693069336,33921.16116611661,0.1099128246307366
-0.26739548954895476,1.016006600660066,-0.03534928492849265,-0.266504400440044,-0.44720022002200205,-0.03695544554455449,-0.35871837183718364,-0.328495599559956,-0.026806930693069338,34054.16116611661,0.11394615173339773
-0.21739548954895482,1.0260066006600663,0.014650715071507281,-0.236504400440044,-0.477200220022002,-0.02695544554455448,-0.43871837183718365,-0.30849559955995604,-0.006806930693069341,34213.16116611661,0.11794562339782644
-0.24739548954895485,1.1460066006600664,0.014650715071507281,-0.266504400440044,-0.48720022002200203,-0.02695544554455448,-0.47871837183718363,-0.328495599559956,-0.016806930693069336,34550.16116611661,0.11794562339782644
-0.24739548954895485,1.2160066006600663,0.0346507150715073,-0.296504400440044,-0.48720022002200203,-0.02695544554455448,-0.4687183718371837,-0.30849559955995604,-0.026806930693069338,35235.16116611661,0.12128396034240652
-0.21739548954895482,1.2060066006600665,0.07465071507150733,-0.306504400440044,-0.477200220022002,-0.02695544554455448,-0.5087183718371836,-0.30849559955995604,-0.016806930693069336,35278.16116611661,0.12598795890808034
-0.1873954895489548,1.2860066006600661,0.07465071507150733,-0.296504400440044,-0.477200220022002,-0.006955445544554489,-0.49871837183718365,-0.328495599559956,-0.016806930693069336,34895.16116611661,0.13053364753723073
-0.15739548954895477,1.3260066006600661,0.09465071507150724,-0.296504400440044,-0.48720022002200203,-0.02695544554455448,-0.5087183718371836,-0.318495599559956,0.013193069306930663,35098.16116611661,0.13053364753723073
-0.15739548954895477,1.4160066006600665,0.10465071507150725,-0.316504400440044,-0.48720022002200203,-0.01695544554455447,-0.4687183718371837,-0.288495599559956,-0.016806930693069336,35139.16116611661,0.13388199806212953
-0.14739548954895476,1.3760066006600664,0.1646507150715073,-0.306504400440044,-0.49720022002200204,-0.01695544554455447,-0.5087183718371836,-0.30849559955995604,-0.006806930693069341,35222.16116611661,0.13715739250183034
-0.13739548954895486,1.4460066006600663,0.18465071507150732,-0.276504400440044,-0.477200220022002,-0.01695544554455447,-0.47871837183718363,-0.298495599559956,-0.016806930693069336,35663.16116611661,0.1421539306640618
-0.12739548954895485,1.4460066006600663,0.20465071507150734,-0.316504400440044,-0.477200220022002,-0.01695544554455447,-0.5087183718371836,-0.30849559955995604,-0.006806930693069341,35698.16116611661,0.1421539306640618
-0.10739548954895484,1.4560066006600665,0.18465071507150732,-0.306504400440044,-0.507200220022002,-0.01695544554455447,-0.5087183718371836,-0.298495599559956,-0.016806930693069336,35645.16116611661,0.1461541175842278
-0.05739548954895479,1.4360066006600665,0.25465071507150727,-0.306504400440044,-0.48720022002200203,-0.01695544554455447,-0.48871837183718364,-0.328495599559956,-0.006806930693069341,35690.16116611661,0.1491913318634026
-0.04739548954895478,1.4260066006600662,0.2946507150715073,-0.316504400440044,-0.48720022002200203,-0.01695544554455447,-0.45871837183718367,-0.298495599559956,0.003193069306930668,35505.16116611661,0.1535090923309319
-0.007395489548954859,1.4260066006600662,0.25465071507150727,-0.306504400440044,-0.48720022002200203,-0.01695544554455447,-0.4687183718371837,-0.298495599559956,-0.006806930693069341,35290.16116611661,0.1581012725830071
0.042604510451045186,1.3760066006600664,0.3046507150715073,-0.296504400440044,-0.49720022002200204,-0.02695544554455448,-0.42871837183718364,-0.278495599559956,0.003193069306930668,35693.16116611661,0.15915675163268972
0.0626045104510452,1.3460066006600662,0.32465071507150733,-0.316504400440044,-0.49720022002200204,-0.02695544554455448,-0.43871837183718365,-0.298495599559956,-0.016806930693069336,36348.16116611661,0.16166419982910085
0.09260451045104523,1.3160066006600664,0.34465071507150724,-0.306504400440044,-0.49720022002200204,-0.02695544554455448,-0.4087183718371836,-0.298495599559956,0.003193069306930668,36775.16116611661,0.166859579086303
0.1726045104510452,1.2360066006600663,0.4046507150715073,-0.296504400440044,-0.477200220022002,-0.02695544554455448,-0.41871837183718363,-0.318495599559956,-0.006806930693069341,37034.16116611661,0.17038912773132253
0.20260451045104522,1.2160066006600663,0.4346507150715073,-0.286504400440044,-0.467200220022002,-0.02695544554455448,-0.42871837183718364,-0.30849559955995604,-0.006806930693069341,37109.16116611661,0.17145724296569753
0.22260451045104523,1.1860066006600665,0.45465071507150734,-0.306504400440044,-0.467200220022002,-0.03695544554455449,-0.42871837183718364,-0.278495599559956,-0.006806930693069341,37880.16116611661,0.17480058670043874
0.24260451045104525,1.1660066006600665,0.46465071507150735,-0.306504400440044,-0.45720022002200206,-0.03695544554455449,-0.41871837183718363,-0.288495599559956,0.003193069306930668,38483.16116611661,0.17816348075866628
0.2926045104510453,1.1360066006600662,0.5046507150715074,-0.286504400440044,-0.477200220022002,-0.02695544554455448,-0.41871837183718363,-0.278495599559956,0.003193069306930668,38550.16116611661,0.18252153396606374
0.3026045104510451,1.1060066006600664,0.5146507150715074,-0.296504400440044,-0.44720022002200205,-0.02695544554455448,-0.42871837183718364,-0.30849559955995604,-0.016806930693069336,39175.16116611661,0.18252153396606374
0.3226045104510451,1.0460066006600663,0.5646507150715072,-0.316504400440044,-0.44720022002200205,-0.02695544554455448,-0.45871837183718367,-0.30849559955995604,0.003193069306930668,39640.16116611661,0.18652267456054616
0.35260451045104513,1.0260066006600663,0.6046507150715072,-0.256504400440044,-0.43720022002200204,-0.02695544554455448,-0.4687183718371837,-0.318495599559956,-0.006806930693069341,40181.16116611661,0.19013209342956472
0.3326045104510451,0.9960066006600661,0.6546507150715073,-0.276504400440044,-0.43720022002200204,0.0030445544554455195,-0.45871837183718367,-0.288495599559956,0.013193069306930663,40268.16116611661,0.19481081962585023
0.36260451045104514,0.9160066006600662,0.6746507150715073,-0.306504400440044,-0.44720022002200205,-0.01695544554455447,-0.45871837183718367,-0.278495599559956,-0.006806930693069341,40327.16116611661,0.19583101272582937
0.3426045104510451,0.9360066006600662,0.7146507150715073,-0.296504400440044,-0.42720022002200203,-0.01695544554455447,-0.45871837183718367,-0.26849559955995606,0.023193069306930658,40640.16116611661,0.19914693832397035
0.3326045104510451,0.8760066006600662,0.7546507150715074,-0.306504400440044,-0.43720022002200204,-0.02695544554455448,-0.44871837183718366,-0.25849559955995605,0.013193069306930663,40709.16116611661,0.20314855575561097
0.3126045104510451,0.8360066006600664,0.8246507150715072,-0.286504400440044,-0.42720022002200203,0.0030445544554455195,-0.43871837183718365,-0.278495599559956,0.003193069306930668,40460.16116611661,0.2073125362396233
0.2926045104510453,0.8560066006600664,0.8446507150715072,-0.276504400440044,-0.417200220022002,-0.01695544554455447,-0.4687183718371837,-0.278495599559956,0.013193069306930663,40311.16116611661,0.20832104682922292
0.2726045104510453,0.8460066006600664,0.8946507150715073,-0.236504400440044,-0.407200220022002,-0.02695544554455448,-0.43871837183718365,-0.298495599559956,0.013193069306930663,40652.16116611661,0.21131272315978933
0.26260451045104527,0.8460066006600664,0.9146507150715073,-0.236504400440044,-0.407200220022002,-0.006955445544554489,-0.42871837183718364,-0.278495599559956,0.013193069306930663,40841.16116611661,0.21527547836303995
0.25260451045104526,0.8160066006600664,0.9746507150715074,-0.246504400440044,-0.39720022002200206,-0.01695544554455447,-0.4087183718371836,-0.26849559955995606,0.03319306930693067,40482.16116611661,0.2203881263732903
0.22260451045104523,0.8360066006600664,0.9446507150715073,-0.256504400440044,-0.38720022002200205,-0.01695544554455447,-0.41871837183718363,-0.25849559955995605,0.03319306930693067,40409.16116611661,0.2203881263732903
0.24260451045104525,0.8160066006600664,0.9546507150715073,-0.246504400440044,-0.37720022002200204,-0.01695544554455447,-0.44871837183718366,-0.25849559955995605,0.03319306930693067,40566.16116611661,0.22440881729125906
0.22260451045104523,0.8460066006600664,0.9746507150715074,-0.266504400440044,-0.36720022002200203,-0.02695544554455448,-0.43871837183718365,-0.26849559955995606,0.03319306930693067,40617.16116611661,0.22792596817016886
0.22260451045104523,0.8460066006600664,0.9746507150715074,-0.236504400440044,-0.357200220022002,-0.006955445544554489,-0.44871837183718366,-0.298495599559956,0.023193069306930658,41340.16116611661,0.23207898139953542
0.23260451045104524,0.8160066006600664,0.9946507150715074,-0.22650440044004402,-0.347200220022002,-0.01695544554455447,-0.47871837183718363,-0.30849559955995604,0.013193069306930663,41457.16116611661,0.23313922882080007
0.20260451045104522,0.8460066006600664,0.9946507150715074,-0.286504400440044,-0.337200220022002,-0.01695544554455447,-0.44871837183718366,-0.298495599559956,0.013193069306930663,41914.16116611661,0.23655147552490163
0.21260451045104523,0.8060066006600664,1.0146507150715074,-0.256504400440044,-0.317200220022002,-0.01695544554455447,-0.47871837183718363,-0.278495599559956,0.03319306930693067,42299.16116611661,0.24057574272156046
0.25260451045104526,0.8160066006600664,0.9746507150715074,-0.18650440044004402,-0.307200220022002,0.03304455445544552,-0.4687183718371837,-0.26849559955995606,0.03319306930693067,42438.16116611661,0.24508256912231374
0.26260451045104527,0.7960066006600663,0.9846507150715074,-0.19650440044004402,-0.307200220022002,0.04304455445544553,-0.4687183718371837,-0.26849559955995606,0.023193069306930658,42555.16116611661,0.24782176017760804
0.24260451045104525,0.8060066006600664,0.9946507150715074,-0.276504400440044,-0.2872002200220021,0.03304455445544552,-0.45871837183718367,-0.278495599559956,0.023193069306930658,42466.16116611661,0.2486295223236077
0.25260451045104526,0.7860066006600663,1.0246507150715074,-0.22650440044004402,-0.27720022002200206,0.05304455445544551,-0.42871837183718364,-0.278495599559956,0.03319306930693067,42711.16116611661,0.25274271965026784
0.25260451045104526,0.7560066006600663,0.9946507150715074,-0.236504400440044,-0.25720022002200205,0.09304455445544552,-0.4087183718371836,-0.248495599559956,0.04319306930693066,42166.16116611661,0.2567424297332792
0.21260451045104523,0.7360066006600663,1.0446507150715072,-0.22650440044004402,-0.24720022002200204,0.1330445544554455,-0.45871837183718367,-0.278495599559956,0.03319306930693067,42017.16116611661,0.2607426166534381
0.21260451045104523,0.7060066006600663,1.1146507150715073,-0.19650440044004402,-0.207200220022002,0.17304455445544553,-0.42871837183718364,-0.26849559955995606,0.04319306930693066,41396.16116611661,0.2607426166534381
0.15260451045104517,0.6660066006600662,1.1646507150715073,-0.18650440044004402,-0.18720022002200198,0.17304455445544553,-0.44871837183718366,-0.25849559955995605,0.05319306930693066,41293.16116611661,0.26473827362060476
0.13260451045104515,0.6860066006600662,1.1746507150715073,-0.12650440044004402,-0.16720022002200208,0.2130445544554455,-0.44871837183718366,-0.26849559955995606,0.06319306930693067,40804.16116611661,0.26870436668395925
0.15260451045104517,0.6760066006600662,1.1846507150715073,-0.12650440044004402,-0.12720022002200204,0.22304455445544552,-0.3987183718371836,-0.25849559955995605,0.07319306930693067,40395.16116611661,0.27273364067077566
0.12260451045104515,0.6460066006600662,1.2046507150715073,-0.06650440044004402,-0.10720022002200202,0.2030445544554455,-0.43871837183718365,-0.218495599559956,0.07319306930693067,40156.16116611661,0.2737760066986077
0.14260451045104516,0.5960066006600664,1.2346507150715074,-0.09650440044004399,-0.09720022002200202,0.23304455445544553,-0.4687183718371837,-0.25849559955995605,0.05319306930693066,39535.16116611661,0.2767672061920159
0.16260451045104518,0.5360066006600663,1.2246507150715074,-0.106504400440044,-0.06720022002200199,0.22304455445544552,-0.44871837183718366,-0.23849559955995603,0.05319306930693066,39344.16116611661,0.2816166400909417
0.1726045104510452,0.5260066006600663,1.2846507150715072,-0.036504400440043994,-0.03720022002200207,0.2730445544554455,-0.4687183718371837,-0.26849559955995606,0.04319306930693066,38841.16116611661,0.28602380752563406
0.1926045104510452,0.5360066006600663,1.2246507150715074,-0.07650440044004403,-0.03720022002200207,0.30304455445544554,-0.43871837183718365,-0.278495599559956,0.06319306930693067,38862.16116611661,0.28602380752563406
0.22260451045104523,0.4960066006600663,1.2046507150715073,-0.0065044004400440225,-0.027200220022002064,0.40304455445544557,-0.44871837183718366,-0.248495599559956,0.05319306930693066,38993.16116611661,0.2900242328643792
0.23260451045104524,0.4760066006600663,1.2446507150715074,-0.05650440044004401,-0.007200220022002046,0.41304455445544547,-0.38871837183718366,-0.22849559955995602,0.06319306930693067,38892.16116611661,0.2940241813659661
0.26260451045104527,0.41600660066006623,1.2346507150715074,-0.06650440044004402,0.03279977997799799,0.3530445544554455,-0.43871837183718365,-0.248495599559956,0.08319306930693066,38511.16116611661,0.29800291061401296
0.25260451045104526,0.3960066006600662,1.2146507150715073,-0.06650440044004402,0.08279977997799792,0.3530445544554455,-0.43871837183718365,-0.278495599559956,0.06319306930693067,38288.16116611661,0.29800291061401296
0.2826045104510453,0.4060066006600662,1.1746507150715073,-0.036504400440043994,0.12279977997799796,0.3530445544554455,-0.3987183718371836,-0.248495599559956,0.08319306930693066,38215.16116611661,0.30137534141540456
0.2926045104510453,0.3760066006600662,1.1346507150715073,-0.08650440044004404,0.19279977997799802,0.2530445544554455,-0.42871837183718364,-0.248495599559956,0.08319306930693066,37454.16116611661,0.30544443130493093
0.26260451045104527,0.3960066006600662,1.1146507150715073,-0.01650440044004403,0.22279977997799805,0.2930445544554455,-0.4087183718371836,-0.23849559955995603,0.08319306930693066,37053.16116611661,0.30971951484680105
0.26260451045104527,0.3760066006600662,1.1246507150715073,-0.01650440044004403,0.23279977997799806,0.37304455445544554,-0.4087183718371836,-0.218495599559956,0.09319306930693066,36916.16116611661,0.31353278160095144
0.23260451045104524,0.3760066006600662,1.0846507150715072,-0.02650440044004404,0.3127997799779979,0.3130445544554455,-0.38871837183718366,-0.22849559955995602,0.10319306930693067,36243.16116611661,0.31353278160095144
0.20260451045104522,0.3960066006600662,1.0546507150715072,0.0034955995599559864,0.3127997799779979,0.37304455445544554,-0.36871837183718364,-0.20849559955995603,0.12319306930693066,35238.16116611661,0.31866354942321706
0.15260451045104517,0.43600660066006625,1.0746507150715072,0.013495599559955995,0.38279977997799797,0.39304455445544556,-0.3487183718371836,-0.20849559955995603,0.11319306930693065,34089.16116611661,0.32268996238708425
0.1726045104510452,0.42600660066006624,1.0046507150715074,0.03349559955995596,0.422799779977998,0.41304455445544547,-0.41871837183718363,-0.218495599559956,0.09319306930693066,32678.16116611661,0.32617182731628347
0.14260451045104516,0.44600660066006625,1.0146507150715074,0.06349559955995598,0.48279977997799806,0.4630445544554455,-0.3987183718371836,-0.188495599559956,0.10319306930693067,31495.16116611661,0.32712478637695597
0.08260451045104522,0.4660066006600663,1.0046507150715074,0.09349559955995601,0.48279977997799806,0.5030445544554456,-0.32871837183718366,-0.16849559955995602,0.12319306930693066,30926.16116611661,0.3303191184997587
0.042604510451045186,0.44600660066006625,0.9846507150715074,0.10349559955995602,0.48279977997799806,0.5130445544554456,-0.3387183718371836,-0.138495599559956,0.10319306930693067,30911.16116611661,0.33430190086364675
0.10260451045104524,0.44600660066006625,0.9246507150715073,0.13349559955995594,0.5027997799779981,0.5330445544554454,-0.3387183718371836,-0.138495599559956,0.14319306930693065,29584.16116611661,0.33793134689330984
0.09260451045104523,0.42600660066006624,0.9246507150715073,0.14349559955995594,0.5127997799779979,0.5830445544554455,-0.3387183718371836,-0.10849559955995602,0.14319306930693065,28869.16116611661,0.33901853561401296
0.052604510451045194,0.41600660066006623,0.9146507150715073,0.193495599559956,0.5427997799779979,0.6730445544554455,-0.30871837183718365,-0.078495599559956,0.17319306930693065,29044.16116611661,0.34163398742676065
0.07260451045104521,0.4660066006600663,0.8346507150715072,0.203495599559956,0.5427997799779979,0.6830445544554455,-0.29871837183718364,-0.12849559955995604,0.18319306930693066,28909.16116611661,0.34664649963378835
0.08260451045104522,0.42600660066006624,0.8046507150715072,0.203495599559956,0.5227997799779979,0.6730445544554455,-0.24871837183718365,-0.088495599559956,0.18319306930693066,28476.16116611661,0.35052199363708425
0.022604510451045168,0.44600660066006625,0.8046507150715072,0.22349559955995602,0.5727997799779979,0.6930445544554455,-0.25871837183718366,-0.06849559955995604,0.20319306930693068,28327.16116611661,0.35052199363708425
0.042604510451045186,0.42600660066006624,0.7746507150715074,0.25349559955995593,0.5927997799779979,0.6730445544554455,-0.25871837183718366,-0.06849559955995604,0.2131930693069307,28204.16116611661,0.35438485145568777
0.012604510451045159,0.41600660066006623,0.7646507150715074,0.28349559955995596,0.6027997799779979,0.6530445544554455,-0.2787183718371836,-0.048495599559956026,0.20319306930693068,27515.16116611661,0.35849900245666433
0.012604510451045159,0.3860066006600662,0.7446507150715074,0.323495599559956,0.612799779977998,0.6630445544554455,-0.28871837183718363,-0.018495599559956,0.19319306930693067,27768.16116611661,0.36255879402160573
0.022604510451045168,0.3760066006600662,0.7146507150715073,0.323495599559956,0.712799779977998,0.6530445544554455,-0.28871837183718363,0.02150440044004398,0.20319306930693068,27849.16116611661,0.36355538368225027
0.012604510451045159,0.3860066006600662,0.6746507150715073,0.343495599559956,0.712799779977998,0.7130445544554456,-0.26871837183718367,0.011504400440043971,0.2131930693069307,27778.16116611661,0.3665587425231962
0.022604510451045168,0.3960066006600662,0.6746507150715073,0.27349559955995595,0.8327997799779979,0.6730445544554455,-0.26871837183718367,0.02150440044004398,0.2131930693069307,27779.16116611661,0.37153286933898855
-0.04739548954895478,0.3660066006600662,0.6746507150715073,0.353495599559956,0.8027997799779979,0.7130445544554456,-0.23871837183718364,0.03150440044004399,0.22319306930693064,27368.16116611661,0.3758480072021477
-0.05739548954895479,0.3760066006600662,0.6646507150715073,0.353495599559956,0.7627997799779979,0.7330445544554456,-0.23871837183718364,0.011504400440043971,0.24319306930693066,27677.16116611661,0.3758480072021477
-0.05739548954895479,0.3760066006600662,0.6446507150715073,0.353495599559956,0.8227997799779979,0.7830445544554454,-0.22871837183718363,0.02150440044004398,0.2131930693069307,28150.16116611661,0.38029904365539835
-0.07739548954895481,0.3860066006600662,0.6146507150715073,0.36349559955995603,0.8227997799779979,0.8030445544554454,-0.21871837183718362,0.011504400440043971,0.23319306930693065,28347.16116611661,0.3833190917968743
-0.10739548954895484,0.3760066006600662,0.6346507150715073,0.41349559955995596,0.7927997799779979,0.8030445544554454,-0.21871837183718362,0.011504400440043971,0.2131930693069307,28322.16116611661,0.38793869018554616
-0.08739548954895482,0.3560066006600664,0.5846507150715072,0.42349559955995597,0.8327997799779979,0.8630445544554455,-0.20871837183718367,0.02150440044004398,0.2131930693069307,28653.16116611661,0.39094491004943777
-0.05739548954895479,0.3360066006600664,0.5446507150715072,0.42349559955995597,0.862799779977998,0.9130445544554455,-0.19871837183718366,0.0015044004400439626,0.2131930693069307,28774.16116611661,0.39201016426086355
-0.05739548954895479,0.29600660066006634,0.5446507150715072,0.463495599559956,0.8227997799779979,0.9530445544554456,-0.23871837183718364,0.0015044004400439626,0.2131930693069307,28953.16116611661,0.3959581375122063
-0.0673954895489548,0.28600660066006633,0.48465071507150737,0.463495599559956,0.8227997799779979,1.0230445544554454,-0.22871837183718363,0.011504400440043971,0.19319306930693067,29736.16116611661,0.40048403739928773
-0.08739548954895482,0.2560066006600663,0.4946507150715074,0.5034955995599559,0.8327997799779979,1.0330445544554454,-0.2787183718371836,-0.018495599559956,0.18319306930693066,29971.16116611661,0.40374011993407777
-0.07739548954895481,0.21600660066006627,0.47465071507150736,0.5134955995599559,0.8027997799779979,1.1030445544554455,-0.28871837183718363,-0.048495599559956026,0.15319306930693066,29672.16116611661,0.40374011993407777
-0.07739548954895481,0.18600660066006625,0.44465071507150733,0.543495599559956,0.8027997799779979,1.1330445544554455,-0.30871837183718365,-0.06849559955995604,0.16319306930693067,30159.16116611661,0.4084825038909905
-0.08739548954895482,0.18600660066006625,0.46465071507150735,0.583495599559956,0.8027997799779979,1.1630445544554455,-0.29871837183718364,-0.02849559955995601,0.17319306930693065,30556.16116611661,0.4117481231689446
-0.10739548954895484,0.15600660066006622,0.46465071507150735,0.563495599559956,0.862799779977998,1.1730445544554455,-0.29871837183718364,-0.048495599559956026,0.15319306930693066,30597.16116611661,0.41577835083008097
-0.10739548954895484,0.1360066006600662,0.4146507150715073,0.613495599559956,0.8127997799779979,1.1730445544554455,-0.2787183718371836,-0.078495599559956,0.15319306930693066,30866.16116611661,0.4164766788482659
-0.16739548954895478,0.08600660066006638,0.4146507150715073,0.603495599559956,0.8127997799779979,1.2230445544554454,-0.25871837183718366,-0.078495599559956,0.14319306930693065,31355.16116611661,0.4208752632141106
-0.1873954895489548,0.1060066006600664,0.3846507150715073,0.593495599559956,0.7927997799779979,1.2830445544554454,-0.31871837183718366,-0.078495599559956,0.15319306930693066,31810.16116611661,0.42485971450805593
-0.1773954895489548,0.036006600660066335,0.4146507150715073,0.613495599559956,0.7827997799779979,1.3230445544554454,-0.3387183718371836,-0.10849559955995602,0.13319306930693067,32177.16116611661,0.42786593437194753
-0.1773954895489548,0.08600660066006638,0.4046507150715073,0.623495599559956,0.7527997799779981,1.3330445544554455,-0.41871837183718363,-0.088495599559956,0.12319306930693066,32996.16116611661,0.42886967658996866
-0.16739548954895478,0.05600660066006635,0.36465071507150726,0.6734955995599561,0.722799779977998,1.3630445544554455,-0.3487183718371836,-0.09849559955995602,0.12319306930693066,33799.16116611661,0.43191547393798757
-0.16739548954895478,0.006006600660066308,0.36465071507150726,0.6934955995599559,0.662799779977998,1.3930445544554455,-0.42871837183718364,-0.09849559955995602,0.15319306930693066,34698.16116611661,0.43700618743896413
-0.13739548954895486,-0.01399339933993371,0.34465071507150724,0.6934955995599559,0.662799779977998,1.3930445544554455,-0.44871837183718366,-0.148495599559956,0.12319306930693066,35051.16116611661,0.44002671241760183
-0.08739548954895482,-0.053993399339933745,0.2646507150715073,0.7334955995599559,0.622799779977998,1.4430445544554455,-0.41871837183718363,-0.09849559955995602,0.13319306930693067,35474.16116611661,0.44133443832397035
-0.14739548954895476,-0.03399339933993373,0.2746507150715073,0.7634955995599559,0.612799779977998,1.4430445544554455,-0.37871837183718365,-0.09849559955995602,0.13319306930693067,35573.16116611661,0.4450268268585198
-0.08739548954895482,-0.06399339933993375,0.2946507150715073,0.793495599559956,0.6027997799779979,1.4330445544554455,-0.4087183718371836,-0.02849559955995601,0.14319306930693065,35886.16116611661,0.4490417957305901
-0.12739548954895485,-0.07399339933993376,0.2746507150715073,0.823495599559956,0.5927997799779979,1.4330445544554455,-0.3387183718371836,-0.058495599559956035,0.15319306930693066,36967.16116611661,0.4540919780731194
-0.14739548954895476,-0.043993399339933736,0.24465071507150726,0.833495599559956,0.5727997799779979,1.4230445544554455,-0.38871837183718366,-0.008495599559956046,0.16319306930693067,37626.16116611661,0.45674057006835866
-0.11739548954895485,-0.01399339933993371,0.23465071507150725,0.833495599559956,0.5627997799779979,1.4330445544554455,-0.38871837183718366,-0.058495599559956035,0.14319306930693065,37915.16116611661,0.45674057006835866
-0.15739548954895477,-0.053993399339933745,0.3146507150715073,0.813495599559956,0.5827997799779979,1.4430445544554455,-0.38871837183718366,-0.10849559955995602,0.17319306930693065,38246.16116611661,0.461781454086303
-0.16739548954895478,-0.053993399339933745,0.23465071507150725,0.843495599559956,0.5927997799779979,1.4330445544554455,-0.35871837183718364,-0.10849559955995602,0.14319306930693065,37903.16116611661,0.4658081054687493
-0.1873954895489548,-0.03399339933993373,0.2746507150715073,0.833495599559956,0.5827997799779979,1.4530445544554456,-0.4087183718371836,-0.09849559955995602,0.09319306930693066,37692.16116611661,0.4690925598144524
-0.20739548954895481,-0.07399339933993376,0.24465071507150726,0.793495599559956,0.6027997799779979,1.4630445544554456,-0.42871837183718364,-0.12849559955995604,0.12319306930693066,38015.16116611661,0.4697823047637968
-0.20739548954895481,-0.08399339933993366,0.2646507150715073,0.7434955995599559,0.622799779977998,1.5130445544554454,-0.3487183718371836,-0.148495599559956,0.12319306930693066,38436.16116611661,0.4738080024719231
-0.21739548954895482,-0.06399339933993375,0.2846507150715073,0.6734955995599561,0.632799779977998,1.5430445544554454,-0.25871837183718366,-0.138495599559956,0.14319306930693065,38179.16116611661,0.47797651290893484
-0.1773954895489548,-0.10399339933993368,0.2746507150715073,0.6534955995599561,0.5927997799779979,1.5630445544554454,-0.3487183718371836,-0.09849559955995602,0.11319306930693065,38370.16116611661,0.48167223930358816
-0.13739548954895486,-0.15399339933993372,0.3146507150715073,0.643495599559956,0.622799779977998,1.5730445544554454,-0.35871837183718364,-0.088495599559956,0.12319306930693066,38115.16116611661,0.48167223930358816
-0.15739548954895477,-0.1339933993399337,0.2846507150715073,0.643495599559956,0.642799779977998,1.5630445544554454,-0.3987183718371836,-0.10849559955995602,0.09319306930693066,37732.16116611661,0.4868335247039788
-0.13739548954895486,-0.14399339933993371,0.2746507150715073,0.6634955995599561,0.642799779977998,1.5430445544554454,-0.36871837183718364,-0.078495599559956,0.09319306930693066,38091.16116611661,0.48983402252197195
-0.15739548954895477,-0.15399339933993372,0.25465071507150727,0.6734955995599561,0.642799779977998,1.5330445544554454,-0.32871837183718366,-0.09849559955995602,0.14319306930693065,38180.16116611661,0.4940063476562493
-0.1973954895489548,-0.15399339933993372,0.2846507150715073,0.7134955995599559,0.622799779977998,1.5130445544554454,-0.32871837183718366,-0.11849559955995603,0.10319306930693067,38099.16116611661,0.4948338985443108
-0.1773954895489548,-0.18399339933993375,0.24465071507150726,0.7234955995599559,0.612799779977998,1.5030445544554454,-0.37871837183718365,-0.088495599559956,0.10319306930693067,38154.16116611661,0.49881310462951944
-0.16739548954895478,-0.16399339933993373,0.25465071507150727,0.773495599559956,0.5827997799779979,1.4530445544554456,-0.38871837183718366,-0.058495599559956035,0.12319306930693066,38161.16116611661,0.5021817207336419
-0.20739548954895481,-0.22399339933993367,0.24465071507150726,0.833495599559956,0.5627997799779979,1.4630445544554456,-0.37871837183718365,-0.088495599559956,0.14319306930693065,38722.16116611661,0.506292533874511
-0.1773954895489548,-0.20399339933993366,0.19465071507150733,0.843495599559956,0.5427997799779979,1.5030445544554454,-0.32871837183718366,-0.078495599559956,0.14319306930693065,39267.16116611661,0.5073694705963163
-0.20739548954895481,-0.23399339933993368,0.24465071507150726,0.823495599559956,0.5227997799779979,1.5130445544554454,-0.31871837183718366,-0.078495599559956,0.11319306930693065,38916.16116611661,0.5105022907257073
-0.21739548954895482,-0.20399339933993366,0.23465071507150725,0.793495599559956,0.5527997799779979,1.5030445544554454,-0.32871837183718366,-0.088495599559956,0.19319306930693067,38721.16116611661,0.5145260810852044
-0.21739548954895482,-0.19399339933993376,0.22465071507150725,0.773495599559956,0.5627997799779979,1.5130445544554454,-0.29871837183718364,0.0015044004400439626,0.20319306930693068,38558.16116611661,0.5190267086029046
-0.21739548954895482,-0.2539933993399337,0.21465071507150735,0.7534955995599559,0.5927997799779979,1.4830445544554454,-0.2787183718371836,0.0015044004400439626,0.19319306930693067,38991.16116611661,0.5190267086029046
-0.24739548954895485,-0.23399339933993368,0.22465071507150725,0.7034955995599559,0.612799779977998,1.5230445544554454,-0.25871837183718366,0.05150440044004395,0.26319306930693065,39116.16116611661,0.5229982852935784
-0.26739548954895476,-0.23399339933993368,0.20465071507150734,0.6834955995599561,0.5927997799779979,1.5130445544554454,-0.24871837183718365,0.07150440044004397,0.23319306930693065,38369.16116611661,0.5270003795623737
-0.27739548954895477,-0.2539933993399337,0.25465071507150727,0.633495599559956,0.612799779977998,1.5330445544554454,-0.24871837183718365,0.101504400440044,0.28319306930693067,37990.16116611661,0.5309936523437493
-0.25739548954895486,-0.2539933993399337,0.23465071507150725,0.613495599559956,0.622799779977998,1.5230445544554454,-0.22871837183718363,0.12150440044004401,0.28319306930693067,37815.16116611661,0.5348784446716301
-0.24739548954895485,-0.2539933993399337,0.23465071507150725,0.633495599559956,0.6027997799779979,1.5430445544554454,-0.18871837183718365,0.17150440044004395,0.2931930693069307,37662.16116611661,0.5359527587890618
-0.2973954895489548,-0.21399339933993367,0.22465071507150725,0.613495599559956,0.632799779977998,1.5230445544554454,-0.14871837183718362,0.18150440044004396,0.3031930693069307,37083.16116611661,0.5396348953247063
-0.2973954895489548,-0.2739933993399337,0.24465071507150726,0.633495599559956,0.632799779977998,1.4630445544554456,-0.15871837183718362,0.20150440044004397,0.3331930693069307,37042.16116611661,0.5426420688629143
-0.27739548954895477,-0.2739933993399337,0.24465071507150726,0.6834955995599561,0.6027997799779979,1.4030445544554455,-0.14871837183718362,0.261504400440044,0.3231930693069307,37319.16116611661,0.5467698097228997
-0.25739548954895486,-0.2539933993399337,0.23465071507150725,0.643495599559956,0.642799779977998,1.4230445544554455,-0.1287183718371836,0.29150440044004394,0.3531930693069306,37530.16116611661,0.5467698097228997
-0.2873954895489548,-0.2839933993399337,0.20465071507150734,0.6934955995599559,0.632799779977998,1.4130445544554455,-0.1387183718371836,0.341504400440044,0.3531930693069306,37669.16116611661,0.5513066768646233
-0.27739548954895477,-0.2639933993399337,0.19465071507150733,0.6634955995599561,0.612799779977998,1.3530445544554455,-0.14871837183718362,0.361504400440044,0.37319306930693064,37260.16116611661,0.5553192615509026
-0.26739548954895476,-0.21399339933993367,0.21465071507150735,0.7034955995599559,0.632799779977998,1.3030445544554454,-0.15871837183718362,0.381504400440044,0.41319306930693067,37019.16116611661,0.5595328330993645
-0.2873954895489548,-0.2739933993399337,0.22465071507150725,0.7434955995599559,0.632799779977998,1.2730445544554454,-0.15871837183718362,0.41150440044004394,0.4431930693069307,36980.16116611661,0.5596055507659905
-0.27739548954895477,-0.2839933993399337,0.21465071507150735,0.7334955995599559,0.642799779977998,1.2130445544554456,-0.17871837183718364,0.521504400440044,0.40319306930693066,36415.16116611661,0.5632609844207757
-0.3373954895489548,-0.23399339933993368,0.19465071507150733,0.6934955995599559,0.712799779977998,1.1630445544554455,-0.1387183718371836,0.481504400440044,0.4431930693069307,35906.16116611661,0.5674349784851067
-0.3373954895489548,-0.2839933993399337,0.19465071507150733,0.6834955995599561,0.712799779977998,1.1930445544554455,-0.11871837183718359,0.571504400440044,0.5231930693069307,35443.16116611661,0.5714525699615471
-0.3273954895489548,-0.2739933993399337,0.19465071507150733,0.613495599559956,0.722799779977998,1.1130445544554455,-0.01871837183718361,0.541504400440044,0.5531930693069307,34782.16116611661,0.572448682785037
-0.3273954895489548,-0.2739933993399337,0.1546507150715073,0.613495599559956,0.722799779977998,1.1030445544554455,0.011281628162816304,0.501504400440044,0.5531930693069307,33703.16116611661,0.5754522800445585
-0.34739548954895483,-0.32399339933993376,0.10465071507150725,0.553495599559956,0.7727997799779979,1.1030445544554455,0.04128162816281633,0.511504400440044,0.5931930693069307,32528.16116611661,0.5794541358947711
-0.3373954895489548,-0.34399339933993367,0.13465071507150728,0.543495599559956,0.7527997799779981,1.1130445544554455,0.08128162816281637,0.551504400440044,0.5931930693069307,31441.16116611661,0.5838806152343707
-0.34739548954895483,-0.30399339933993375,0.09465071507150724,0.533495599559956,0.7427997799779981,1.0530445544554454,0.10128162816281638,0.551504400440044,0.6331930693069306,30628.16116611661,0.584917497634887
-0.34739548954895483,-0.32399339933993376,0.12465071507150727,0.523495599559956,0.7327997799779981,1.1130445544554455,0.09128162816281638,0.581504400440044,0.6331930693069306,29553.16116611661,0.5888344764709466
-0.3673954895489548,-0.34399339933993367,0.09465071507150724,0.473495599559956,0.7727997799779979,1.1130445544554455,0.10128162816281638,0.6215044004400441,0.6831930693069307,29008.16116611661,0.593014192581176
-0.35739548954895484,-0.3739933993399337,0.10465071507150725,0.543495599559956,0.712799779977998,1.0930445544554455,0.1312816281628164,0.6515044004400441,0.7031930693069307,28431.16116611661,0.5961541652679436
-0.3673954895489548,-0.34399339933993367,0.02465071507150729,0.49349559955995603,0.7527997799779981,1.0630445544554454,0.16128162816281633,0.6515044004400441,0.7631930693069306,28062.16116611661,0.6004001617431634
-0.3773954895489548,-0.33399339933993366,0.08465071507150734,0.473495599559956,0.7327997799779981,1.0430445544554454,0.1212816281628164,0.6915044004400441,0.7331930693069307,27821.16116611661,0.6011325836181634
-0.3873954895489548,-0.33399339933993366,0.06465071507150733,0.443495599559956,0.7727997799779979,1.0530445544554454,0.21128162816281637,0.6715044004400441,0.7831930693069307,27046.16116611661,0.6045639038085966
-0.3773954895489548,-0.32399339933993376,0.04465071507150731,0.453495599559956,0.7527997799779981,1.0230445544554454,0.21128162816281637,0.6515044004400441,0.7931930693069307,26691.16116611661,0.6087109565734856
-0.3873954895489548,-0.29399339933993374,0.054650715071507316,0.38349559955995594,0.7927997799779979,1.0330445544554454,0.19128162816281635,0.6815044004400441,0.8131930693069307,26308.16116611661,0.6126770496368401
-0.3773954895489548,-0.33399339933993366,0.02465071507150729,0.37349559955995604,0.7427997799779981,1.0330445544554454,0.2312816281628164,0.6815044004400441,0.8231930693069307,26029.16116611661,0.6126770496368401
-0.41739548954895483,-0.2839933993399337,0.004650715071507272,0.36349559955995603,0.7827997799779979,1.0430445544554454,0.2712816281628163,0.6715044004400441,0.8431930693069307,25958.16116611661,0.6167714118957512
-0.41739548954895483,-0.2739933993399337,0.02465071507150729,0.303495599559956,0.8127997799779979,0.9930445544554454,0.2512816281628164,0.6915044004400441,0.8631930693069307,25825.16116611661,0.6220900535583489
-0.3973954895489548,-0.2839933993399337,0.06465071507150733,0.27349559955995595,0.7827997799779979,1.0030445544554454,0.2612816281628163,0.7015044004400441,0.9131930693069307,25724.16116611661,0.6241085052490227
-0.4373954895489548,-0.29399339933993374,0.08465071507150734,0.29349559955995597,0.7827997799779979,0.9530445544554456,0.2812816281628163,0.7115044004400439,0.9131930693069307,25527.16116611661,0.6251024723052936
-0.3873954895489548,-0.2439933993399337,0.04465071507150731,0.25349559955995593,0.7927997799779979,0.9630445544554456,0.2812816281628163,0.741504400440044,0.9031930693069307,25420.16116611661,0.6288952350616483
-0.3773954895489548,-0.22399339933993367,0.09465071507150724,0.26349559955995594,0.8027997799779979,0.9230445544554455,0.30128162816281634,0.741504400440044,0.9731930693069307,25299.16116611661,0.633137655258178
-0.34739548954895483,-0.2639933993399337,0.004650715071507272,0.23349559955995602,0.8127997799779979,0.9430445544554455,0.29128162816281633,0.7215044004400439,0.9931930693069307,25558.16116611661,0.6369177818298368
-0.35739548954895484,-0.2439933993399337,0.014650715071507281,0.23349559955995602,0.7927997799779979,0.8830445544554455,0.29128162816281633,0.731504400440044,0.9731930693069307,25509.16116611661,0.6369177818298368
-0.3773954895489548,-0.23399339933993368,-0.015349284928492746,0.23349559955995602,0.8327997799779979,0.8330445544554455,0.2812816281628163,0.741504400440044,0.9831930693069307,25284.16116611661,0.641933870315551
-0.3673954895489548,-0.2639933993399337,0.014650715071507281,0.193495599559956,0.8527997799779979,0.8130445544554454,0.29128162816281633,0.751504400440044,1.0331930693069307,25479.16116611661,0.6459466934204094
-0.3773954895489548,-0.2439933993399337,0.004650715071507272,0.22349559955995602,0.8127997799779979,0.7930445544554454,0.31128162816281635,0.781504400440044,1.0231930693069307,25474.16116611661,0.649565410614013
-0.3873954895489548,-0.2639933993399337,0.0346507150715073,0.23349559955995602,0.8027997799779979,0.7530445544554456,0.30128162816281634,0.801504400440044,1.0031930693069306,25175.16116611661,0.6506297111511223
-0.34739548954895483,-0.2439933993399337,0.004650715071507272,0.22349559955995602,0.7927997799779979,0.7830445544554454,0.2812816281628163,0.801504400440044,1.0131930693069306,25216.16116611661,0.653410625457763
-0.34739548954895483,-0.21399339933993367,0.06465071507150733,0.17349559955995597,0.8327997799779979,0.7530445544554456,0.30128162816281634,0.821504400440044,1.0431930693069307,25429.16116611661,0.6586610794067376
-0.3073954895489548,-0.19399339933993376,0.06465071507150733,0.16349559955995596,0.8027997799779979,0.8130445544554454,0.29128162816281633,0.851504400440044,1.0431930693069307,25184.16116611661,0.662070703506469
-0.3173954895489548,-0.18399339933993375,0.06465071507150733,0.14349559955995594,0.7927997799779979,0.7930445544554454,0.3512816281628164,0.851504400440044,1.0131930693069306,25251.16116611661,0.6660735130310087
-0.3373954895489548,-0.17399339933993374,0.06465071507150733,0.15349559955995595,0.8227997799779979,0.7430445544554456,0.41128162816281644,0.851504400440044,1.0531930693069307,25188.16116611661,0.6670240879058831
-0.3073954895489548,-0.16399339933993373,0.08465071507150734,0.14349559955995594,0.7827997799779979,0.7430445544554456,0.3912816281628164,0.831504400440044,1.0631930693069305,25023.16116611661,0.6710366725921624
-0.3173954895489548,-0.15399339933993372,0.08465071507150734,0.12349559955995604,0.7827997799779979,0.7530445544554456,0.3812816281628164,0.8615044004400441,1.0931930693069305,24918.16116611661,0.6750263690948479
-0.3073954895489548,-0.14399339933993371,0.08465071507150734,0.11349559955995603,0.7327997799779981,0.7830445544554454,0.45128162816281625,0.8815044004400441,1.1231930693069305,24969.16116611661,0.678217840194705
-0.34739548954895483,-0.14399339933993371,0.08465071507150734,0.11349559955995603,0.7327997799779981,0.7430445544554456,0.40128162816281643,0.9015044004400441,1.1531930693069306,25144.16116611661,0.6793469905853264
-0.3073954895489548,-0.1339933993399337,0.06465071507150733,0.12349559955995604,0.702799779977998,0.7430445544554456,0.40128162816281643,0.9015044004400441,1.2031930693069306,24969.16116611661,0.6823985099792473
-0.2973954895489548,-0.11399339933993369,0.08465071507150734,0.10349559955995602,0.7327997799779981,0.7230445544554456,0.5012816281628163,0.831504400440044,1.1831930693069306,24862.16116611661,0.6863195419311516
-0.2873954895489548,-0.1239933993399337,0.06465071507150733,0.10349559955995602,0.722799779977998,0.7030445544554456,0.5212816281628163,0.8615044004400441,1.2131930693069306,24907.16116611661,0.6905240535736077
-0.3073954895489548,-0.1239933993399337,0.054650715071507316,0.11349559955995603,0.712799779977998,0.6930445544554455,0.5912816281628164,0.851504400440044,1.2131930693069306,24964.16116611661,0.6913704395294182
-0.27739548954895477,-0.1239933993399337,0.08465071507150734,0.07349559955995599,0.7427997799779981,0.6530445544554455,0.6012816281628164,0.8615044004400441,1.2431930693069306,25111.16116611661,0.6953706264495843
-0.2973954895489548,-0.11399339933993369,0.07465071507150733,0.06349559955995598,0.712799779977998,0.6530445544554455,0.6212816281628164,0.8715044004400441,1.2731930693069307,25306.16116611661,0.6993705749511676
-0.2973954895489548,-0.14399339933993371,0.02465071507150729,0.053495599559955975,0.722799779977998,0.6330445544554455,0.6412816281628164,0.8815044004400441,1.2631930693069306,25471.16116611661,0.7028941631317167
-0.2873954895489548,-0.16399339933993373,0.02465071507150729,0.06349559955995598,0.702799779977998,0.6230445544554455,0.6612816281628164,0.8915044004400441,1.3531930693069305,25142.16116611661,0.7039248466491692
-0.3273954895489548,-0.17399339933993374,0.014650715071507281,0.06349559955995598,0.652799779977998,0.6230445544554455,0.6112816281628164,0.9215044004400441,1.3731930693069305,25229.16116611661,0.7079765319824247
-0.35739548954895484,-0.16399339933993373,-0.015349284928492746,0.043495599559955966,0.672799779977998,0.6030445544554455,0.6212816281628164,0.9415044004400441,1.3931930693069305,25656.16116611661,0.7121648311614983
-0.3173954895489548,-0.17399339933993374,0.02465071507150729,0.043495599559955966,0.662799779977998,0.5930445544554455,0.6412816281628164,0.9415044004400441,1.4031930693069306,26205.16116611661,0.7148823261260979
-0.35739548954895484,-0.20399339933993366,-0.025349284928492755,0.013495599559955995,0.692799779977998,0.6130445544554455,0.6312816281628164,0.9315044004400441,1.4331930693069306,26792.16116611661,0.7156216621398919
-0.3673954895489548,-0.16399339933993373,-0.03534928492849265,0.03349559955995596,0.672799779977998,0.6030445544554455,0.6512816281628164,0.9615044004400439,1.4431930693069306,26785.16116611661,0.719642114639278
-0.3673954895489548,-0.20399339933993366,-0.05534928492849267,0.013495599559955995,0.652799779977998,0.5930445544554455,0.6812816281628165,0.981504400440044,1.4431930693069306,27914.16116611661,0.7236535072326618
-0.3973954895489548,-0.20399339933993366,0.014650715071507281,0.053495599559955975,0.652799779977998,0.5830445544554455,0.7212816281628163,0.9715044004400439,1.4531930693069306,27801.16116611661,0.7276572704315178
-0.4073954895489548,-0.2639933993399337,-0.025349284928492755,0.013495599559955995,0.642799779977998,0.5430445544554454,0.7212816281628163,0.981504400440044,1.4631930693069306,27602.16116611661,0.7276572704315178
-0.35739548954895484,-0.2439933993399337,0.014650715071507281,0.013495599559955995,0.612799779977998,0.5430445544554454,0.7012816281628163,0.9715044004400439,1.5031930693069306,27755.16116611661,0.7311758518218987
-0.3873954895489548,-0.2839933993399337,-0.03534928492849265,0.023495599559956004,0.622799779977998,0.5130445544554456,0.6912816281628165,0.991504400440044,1.4831930693069306,28458.16116611661,0.7357093811035185
-0.3773954895489548,-0.2839933993399337,-0.03534928492849265,0.06349559955995598,0.612799779977998,0.5430445544554454,0.7212816281628163,1.011504400440044,1.5031930693069306,28805.16116611661,0.7398499965667682
-0.4073954895489548,-0.2739933993399337,-0.04534928492849266,0.0034955995599559864,0.5927997799779979,0.5030445544554456,0.7112816281628163,1.041504400440044,1.4931930693069306,28968.16116611661,0.743937683105468
-0.4073954895489548,-0.2539933993399337,-0.025349284928492755,0.03349559955995596,0.5727997799779979,0.5230445544554456,0.7112816281628163,1.041504400440044,1.4731930693069306,30155.16116611661,0.743937683105468
-0.4073954895489548,-0.2739933993399337,-0.025349284928492755,0.023495599559956004,0.5627997799779979,0.5030445544554456,0.6712816281628164,1.081504400440044,1.4731930693069306,30138.16116611661,0.7480957031249993
-0.4373954895489548,-0.2539933993399337,-0.04534928492849266,0.0034955995599559864,0.5627997799779979,0.49304455445544554,0.6712816281628164,1.071504400440044,1.5031930693069306,30161.16116611661,0.7526223182678216
-0.4073954895489548,-0.2839933993399337,-0.005349284928492737,-0.036504400440043994,0.5127997799779979,0.5030445544554456,0.6912816281628165,1.061504400440044,1.4931930693069306,30396.16116611661,0.7557928085327141
-0.3973954895489548,-0.29399339933993374,-0.025349284928492755,-0.036504400440043994,0.5127997799779979,0.49304455445544554,0.6412816281628164,1.111504400440044,1.4931930693069306,30357.16116611661,0.756859254837039
-0.3973954895489548,-0.2739933993399337,0.02465071507150729,-0.046504400440044,0.5027997799779981,0.4730445544554455,0.6412816281628164,1.101504400440044,1.5531930693069307,30888.16116611661,0.7606625080108635
-0.3873954895489548,-0.29399339933993374,0.014650715071507281,-0.046504400440044,0.5127997799779979,0.4530445544554455,0.6212816281628164,1.111504400440044,1.5631930693069305,31339.16116611661,0.7637867450714104
-0.34739548954895483,-0.31399339933993375,0.004650715071507272,-0.02650440044004404,0.45279977997799803,0.5030445544554456,0.6012816281628164,1.111504400440044,1.5731930693069305,31622.16116611661,0.7680193901062005
-0.3873954895489548,-0.31399339933993375,-0.03534928492849265,-0.01650440044004403,0.47279977997799805,0.4630445544554455,0.6112816281628164,1.111504400440044,1.5731930693069305,32281.16116611661,0.7688135623931878
-0.35739548954895484,-0.2839933993399337,-0.015349284928492746,-0.01650440044004403,0.45279977997799803,0.4430445544554455,0.6112816281628164,1.121504400440044,1.5831930693069305,32604.16116611661,0.7718145370483391
-0.34739548954895483,-0.29399339933993374,-0.005349284928492737,-0.01650440044004403,0.442799779977998,0.4230445544554455,0.6312816281628164,1.161504400440044,1.5331930693069307,32517.16116611661,0.7768032073974602
-0.35739548954895484,-0.2639933993399337,-0.015349284928492746,-0.046504400440044,0.432799779977998,0.4230445544554455,0.6112816281628164,1.151504400440044,1.5131930693069306,32240.16116611661,0.7808119773864739
-0.35739548954895484,-0.2739933993399337,-0.015349284928492746,-0.02650440044004404,0.402799779977998,0.4230445544554455,0.6112816281628164,1.1815044004400441,1.5131930693069306,32591.16116611661,0.7818727016448968
-0.35739548954895484,-0.30399339933993375,-0.03534928492849265,-0.046504400440044,0.412799779977998,0.4230445544554455,0.6112816281628164,1.1915044004400441,1.4931930693069306,32544.16116611661,0.7843849182128899
-0.35739548954895484,-0.32399339933993376,-0.025349284928492755,-0.05650440044004401,0.422799779977998,0.4330445544554455,0.6412816281628164,1.2015044004400441,1.4931930693069306,31975.16116611661,0.7899729728698759
-0.3673954895489548,-0.33399339933993366,-0.04534928492849266,-0.01650440044004403,0.38279977997799797,0.4230445544554455,0.6112816281628164,1.211504400440044,1.4931930693069306,32610.16116611661,0.7923433303833001
-0.34739548954895483,-0.3539933993399337,-0.03534928492849265,-0.036504400440043994,0.37279977997799796,0.41304455445544547,0.6112816281628164,1.221504400440044,1.5031930693069306,32817.16116611661,0.7933809280395501
-0.3373954895489548,-0.3539933993399337,-0.04534928492849266,-0.06650440044004402,0.35279977997799794,0.39304455445544556,0.5812816281628164,1.241504400440044,1.4831930693069306,32676.16116611661,0.797386837005611
-0.3373954895489548,-0.3639933993399337,-0.04534928492849266,-0.036504400440043994,0.35279977997799794,0.37304455445544554,0.5812816281628164,1.251504400440044,1.4831930693069306,32729.16116611661,0.8020357608795194
-0.3673954895489548,-0.3539933993399337,-0.04534928492849266,-0.046504400440044,0.3327997799779979,0.36304455445544553,0.5712816281628164,1.241504400440044,1.5031930693069306,32868.16116611661,0.8053304672241204
-0.3173954895489548,-0.3739933993399337,-0.04534928492849266,-0.06650440044004402,0.3227997799779979,0.38304455445544555,0.5712816281628164,1.241504400440044,1.5031930693069306,33063.16116611661,0.8063864231109577
-0.3373954895489548,-0.34399339933993367,-0.06534928492849268,-0.036504400440043994,0.3027997799779979,0.39304455445544556,0.5512816281628163,1.271504400440044,1.5031930693069306,32924.16116611661,0.8097400188446038
-0.35739548954895484,-0.33399339933993366,-0.03534928492849265,-0.06650440044004402,0.2827997799779979,0.41304455445544547,0.5712816281628164,1.241504400440044,1.5031930693069306,32757.16116611661,0.8137318611145048
-0.3873954895489548,-0.30399339933993375,-0.05534928492849267,-0.11650440044004401,0.3027997799779979,0.37304455445544554,0.5912816281628164,1.211504400440044,1.5031930693069306,32668.16116611661,0.8177780628204339
-0.3673954895489548,-0.34399339933993367,-0.04534928492849266,-0.07650440044004403,0.3027997799779979,0.36304455445544553,0.6012816281628164,1.231504400440044,1.4931930693069306,32543.16116611661,0.818794918060302
-0.3873954895489548,-0.34399339933993367,-0.05534928492849267,-0.08650440044004404,0.27279977997799787,0.39304455445544556,0.6212816281628164,1.221504400440044,1.4731930693069306,32716.16116611661,0.8212944984436028
-0.4073954895489548,-0.32399339933993376,-0.06534928492849268,-0.09650440044004399,0.27279977997799787,0.37304455445544554,0.6212816281628164,1.231504400440044,1.4731930693069306,33215.16116611661,0.8259257793426507
-0.4073954895489548,-0.32399339933993376,-0.025349284928492755,-0.106504400440044,0.2927997799779979,0.38304455445544555,0.6112816281628164,1.231504400440044,1.4531930693069306,33234.16116611661,0.8294469833373981
-0.3873954895489548,-0.31399339933993375,0.02465071507150729,-0.09650440044004399,0.2827997799779979,0.38304455445544555,0.6412816281628164,1.221504400440044,1.4731930693069306,33021.16116611661,0.8337432861328082
-0.3873954895489548,-0.32399339933993376,-0.015349284928492746,-0.09650440044004399,0.2827997799779979,0.37304455445544554,0.6112816281628164,1.231504400440044,1.4731930693069306,33142.16116611661,0.8344473361968987
-0.3873954895489548,-0.30399339933993375,-0.015349284928492746,-0.12650440044004402,0.3127997799779979,0.3330445544554455,0.6312816281628164,1.2015044004400441,1.4931930693069306,32871.16116611661,0.8377859115600579
-0.4073954895489548,-0.31399339933993375,-0.005349284928492737,-0.09650440044004399,0.2927997799779979,0.3530445544554455,0.5812816281628164,1.241504400440044,1.4831930693069306,32976.16116611661,0.842823934555053
-0.4073954895489548,-0.32399339933993376,-0.025349284928492755,-0.13650440044004403,0.3027997799779979,0.3430445544554455,0.6212816281628164,1.221504400440044,1.4331930693069306,32951.16116611661,0.8458644866943352
-0.4373954895489548,-0.30399339933993375,-0.025349284928492755,-0.12650440044004402,0.3127997799779979,0.3330445544554455,0.6112816281628164,1.221504400440044,1.4531930693069306,32816.16116611661,0.8458644866943352
-0.4573954895489548,-0.29399339933993374,-0.015349284928492746,-0.11650440044004401,0.2827997799779979,0.3330445544554455,0.5912816281628164,1.2015044004400441,1.4931930693069306,32329.16116611661,0.8502263545989983
-0.4373954895489548,-0.30399339933993375,-0.04534928492849266,-0.156504400440044,0.3027997799779979,0.3330445544554455,0.6112816281628164,1.1815044004400441,1.4731930693069306,31848.16116611661,0.8549620628356926
-0.4573954895489548,-0.29399339933993374,-0.05534928492849267,-0.13650440044004403,0.3227997799779979,0.3330445544554455,0.6112816281628164,1.231504400440044,1.4731930693069306,31487.16116611661,0.8589622497558587
-0.5073954895489547,-0.2839933993399337,-0.05534928492849267,-0.156504400440044,0.2927997799779979,0.3130445544554455,0.5912816281628164,1.251504400440044,1.4331930693069306,31384.16116611661,0.8589622497558587
-0.4273954895489548,-0.30399339933993375,-0.025349284928492755,-0.156504400440044,0.27279977997799787,0.3230445544554455,0.6012816281628164,1.211504400440044,1.4431930693069306,31057.16116611661,0.862940979003902
-0.4573954895489548,-0.30399339933993375,-0.005349284928492737,-0.166504400440044,0.2527997799779981,0.3130445544554455,0.6212816281628164,1.2015044004400441,1.4431930693069306,30796.16116611661,0.8664736270904498
-0.4873954895489548,-0.31399339933993375,-0.04534928492849266,-0.14650440044004404,0.24279977997799806,0.2930445544554455,0.6212816281628164,1.151504400440044,1.4631930693069306,31157.16116611661,0.8710817813873284
-0.5073954895489547,-0.31399339933993375,-0.025349284928492755,-0.14650440044004404,0.23279977997799806,0.3130445544554455,0.6212816281628164,1.151504400440044,1.4131930693069306,31038.16116611661,0.8710817813873284
-0.41739548954895483,-0.31399339933993375,-0.025349284928492755,-0.166504400440044,0.23279977997799806,0.2830445544554455,0.6612816281628164,1.151504400440044,1.4131930693069306,31063.16116611661,0.8750819683074909
-0.47739548954895483,-0.30399339933993375,-0.025349284928492755,-0.166504400440044,0.22279977997799805,0.3130445544554455,0.6412816281628164,1.141504400440044,1.4331930693069306,30136.16116611661,0.8791296005249016
-0.4873954895489548,-0.2739933993399337,0.004650715071507272,-0.156504400440044,0.22279977997799805,0.2930445544554455,0.5612816281628163,1.1815044004400441,1.4131930693069306,29567.16116611661,0.8831274032592802
-0.4473954895489548,-0.2639933993399337,0.014650715071507281,-0.156504400440044,0.21279977997799804,0.2930445544554455,0.5512816281628163,1.221504400440044,1.4031930693069306,29716.16116611661,0.8844251155853264
-0.4973954895489548,-0.29399339933993374,-0.04534928492849266,-0.14650440044004404,0.20279977997799803,0.2930445544554455,0.4812816281628163,1.211504400440044,1.4031930693069306,29031.16116611661,0.8874811649322503
-0.4273954895489548,-0.29399339933993374,-0.04534928492849266,-0.13650440044004403,0.20279977997799803,0.2830445544554455,0.4912816281628163,1.1915044004400441,1.4031930693069306,28340.16116611661,0.891839933395385
-0.41739548954895483,-0.29399339933993374,-0.025349284928492755,-0.156504400440044,0.19279977997799802,0.2630445544554455,0.4812816281628163,1.211504400440044,1.4231930693069306,27951.16116611661,0.8951966285705595
-0.4273954895489548,-0.31399339933993375,-0.015349284928492746,-0.166504400440044,0.172799779977998,0.24304455445544554,0.44128162816281646,1.1915044004400441,1.4131930693069306,28002.16116611661,0.8962411403655999
-0.41739548954895483,-0.29399339933993374,-0.005349284928492737,-0.166504400440044,0.20279977997799803,0.2030445544554455,0.41128162816281644,1.211504400440044,1.4031930693069306,27483.16116611661,0.8994791030883782
-0.4273954895489548,-0.32399339933993376,-0.04534928492849266,-0.166504400440044,0.20279977997799803,0.2030445544554455,0.40128162816281643,1.1715044004400441,1.4431930693069306,26858.16116611661,0.903630208969119
-0.41739548954895483,-0.30399339933993375,-0.04534928492849266,-0.206504400440044,0.21279977997799804,0.1930445544554455,0.3612816281628164,1.221504400440044,1.3931930693069305,26353.16116611661,0.9076311111450188
-0.4273954895489548,-0.31399339933993375,-0.025349284928492755,-0.176504400440044,0.22279977997799805,0.2030445544554455,0.3712816281628164,1.2015044004400441,1.3931930693069305,26076.16116611661,0.9086350917816155
-0.4373954895489548,-0.30399339933993375,-0.04534928492849266,-0.19650440044004402,0.21279977997799804,0.1930445544554455,0.3812816281628164,1.1715044004400441,1.3931930693069305,26021.16116611661,0.9116277217864983
-0.4273954895489548,-0.2839933993399337,-0.06534928492849268,-0.176504400440044,0.20279977997799803,0.2030445544554455,0.3812816281628164,1.1915044004400441,1.3431930693069305,25644.16116611661,0.9156372070312493
-0.4373954895489548,-0.30399339933993375,-0.05534928492849267,-0.18650440044004402,0.19279977997799802,0.1930445544554455,0.33128162816281637,1.151504400440044,1.3931930693069305,25473.16116611661,0.9210884094238274
-0.4073954895489548,-0.31399339933993375,-0.06534928492849268,-0.19650440044004402,0.20279977997799803,0.2130445544554455,0.30128162816281634,1.111504400440044,1.3931930693069305,24870.16116611661,0.9241866588592522
-0.41739548954895483,-0.29399339933993374,-0.0853492849284927,-0.22650440044004402,0.19279977997799802,0.12304455445544554,0.2812816281628163,1.131504400440044,1.3931930693069305,24613.16116611661,0.9241866588592522
-0.4073954895489548,-0.32399339933993376,-0.0953492849284927,-0.19650440044004402,0.19279977997799802,0.1430445544554455,0.2312816281628164,1.101504400440044,1.4131930693069306,24872.16116611661,0.9281489372253446
-0.4073954895489548,-0.31399339933993375,-0.07534928492849269,-0.206504400440044,0.21279977997799804,0.1330445544554455,0.2412816281628164,1.091504400440044,1.3731930693069305,24125.16116611661,0.93215365409851
-0.4073954895489548,-0.33399339933993366,-0.03534928492849265,-0.21650440044004401,0.20279977997799803,0.11304455445544553,0.2312816281628164,1.061504400440044,1.3631930693069305,24260.16116611661,0.9361514568328886
-0.3873954895489548,-0.32399339933993376,-0.03534928492849265,-0.22650440044004402,0.22279977997799805,0.12304455445544554,0.2412816281628164,1.031504400440044,1.3831930693069305,24227.16116611661,0.9371652126312249
-0.4073954895489548,-0.3539933993399337,-0.025349284928492755,-0.19650440044004402,0.19279977997799802,0.1430445544554455,0.2412816281628164,0.991504400440044,1.3631930693069305,23790.16116611661,0.9402913570404046
-0.4073954895489548,-0.32399339933993376,-0.025349284928492755,-0.19650440044004402,0.19279977997799802,0.1430445544554455,0.2412816281628164,0.991504400440044,1.3031930693069307,23745.16116611661,0.9442417144775384
-0.3873954895489548,-0.34399339933993367,-0.05534928492849267,-0.21650440044004401,0.15279977997799798,0.1430445544554455,0.20128162816281636,0.9415044004400441,1.3131930693069305,23624.16116611661,0.9485172748565667
-0.3873954895489548,-0.3739933993399337,-0.015349284928492746,-0.22650440044004402,0.20279977997799803,0.1430445544554455,0.19128162816281635,0.9315044004400441,1.2531930693069306,23953.16116611661,0.9495162487030022
-0.4073954895489548,-0.3639933993399337,-0.005349284928492737,-0.18650440044004402,0.172799779977998,0.15304455445544551,0.2512816281628164,0.851504400440044,1.2631930693069306,24334.16116611661,0.9523477077484124
-0.3773954895489548,-0.33399339933993366,-0.025349284928492755,-0.19650440044004402,0.172799779977998,0.1430445544554455,0.20128162816281636,0.831504400440044,1.2631930693069306,23945.16116611661,0.9573771476745598
-0.3673954895489548,-0.3539933993399337,-0.03534928492849265,-0.18650440044004402,0.162799779977998,0.1330445544554455,0.20128162816281636,0.801504400440044,1.2531930693069306,23900.16116611661,0.9606825828552239
-0.3673954895489548,-0.3739933993399337,-0.05534928492849267,-0.18650440044004402,0.182799779977998,0.12304455445544554,0.19128162816281635,0.751504400440044,1.2431930693069306,23855.16116611661,0.9616965770721428
-0.3673954895489548,-0.34399339933993367,-0.03534928492849265,-0.176504400440044,0.172799779977998,0.1330445544554455,0.19128162816281635,0.751504400440044,1.2131930693069306,23612.16116611661,0.9655642032623284
-0.3973954895489548,-0.3639933993399337,-0.05534928492849267,-0.19650440044004402,0.172799779977998,0.1330445544554455,0.20128162816281636,0.731504400440044,1.2031930693069306,23329.16116611661,0.9698886394500761
-0.3973954895489548,-0.3639933993399337,-0.06534928492849268,-0.18650440044004402,0.172799779977998,0.1330445544554455,0.2412816281628164,0.7115044004400439,1.1431930693069305,23548.16116611661,0.9739155292510979
-0.3973954895489548,-0.34399339933993367,-0.0853492849284927,-0.21650440044004401,0.172799779977998,0.15304455445544551,0.21128162816281637,0.7115044004400439,1.1431930693069305,23587.16116611661,0.9739155292510979
-0.4073954895489548,-0.34399339933993367,-0.0953492849284927,-0.21650440044004401,0.162799779977998,0.1430445544554455,0.16128162816281633,0.7115044004400439,1.1231930693069305,23756.16116611661,0.97788662910461
-0.3873954895489548,-0.3839933993399337,-0.10534928492849271,-0.176504400440044,0.172799779977998,0.17304455445544553,0.2412816281628164,0.6715044004400441,1.0931930693069305,23725.16116611661,0.9819154262542718
-0.4373954895489548,-0.34399339933993367,-0.0953492849284927,-0.206504400440044,0.162799779977998,0.16304455445544552,0.22128162816281638,0.6215044004400441,1.0831930693069305,24014.16116611661,0.9866518497467034
-0.4073954895489548,-0.34399339933993367,-0.0853492849284927,-0.18650440044004402,0.162799779977998,0.16304455445544552,0.2612816281628163,0.6415044004400441,1.0331930693069307,24215.16116611661,0.9889478206634479
-0.4273954895489548,-0.31399339933993375,-0.07534928492849269,-0.21650440044004401,0.162799779977998,0.18304455445544554,0.22128162816281638,0.591504400440044,1.0231930693069307,24292.16116611661,0.9896695137023954
-0.4073954895489548,-0.31399339933993375,-0.06534928492849268,-0.21650440044004401,0.15279977997799798,0.2130445544554455,0.19128162816281635,0.6315044004400441,1.0231930693069307,24381.16116611661,0.9936694622039788
-0.4273954895489548,-0.30399339933993375,-0.10534928492849271,-0.22650440044004402,0.172799779977998,0.2030445544554455,0.21128162816281637,0.6115044004400441,1.0131930693069306,24270.16116611661,0.998012971878051
-0.4273954895489548,-0.29399339933993374,-0.06534928492849268,-0.21650440044004401,0.172799779977998,0.22304455445544552,0.19128162816281635,0.561504400440044,0.9831930693069307,24453.16116611661,1.001414251327514
-0.41739548954895483,-0.2839933993399337,-0.06534928492849268,-0.19650440044004402,0.172799779977998,0.22304455445544552,0.19128162816281635,0.521504400440044,0.9631930693069307,24304.16116611661,1.001414251327514
-0.4073954895489548,-0.2639933993399337,-0.06534928492849268,-0.22650440044004402,0.19279977997799802,0.2130445544554455,0.21128162816281637,0.541504400440044,0.9831930693069307,24403.16116611661,1.0054347038269036
-0.4273954895489548,-0.23399339933993368,-0.07534928492849269,-0.21650440044004401,0.182799779977998,0.2130445544554455,0.20128162816281636,0.531504400440044,0.9231930693069307,24212.16116611661,1.0104491233825676
-0.3973954895489548,-0.23399339933993368,-0.0853492849284927,-0.236504400440044,0.19279977997799802,0.2030445544554455,0.21128162816281637,0.551504400440044,0.8731930693069306,24213.16116611661,1.0148901462554925
-0.4073954895489548,-0.2439933993399337,-0.0953492849284927,-0.206504400440044,0.19279977997799802,0.2130445544554455,0.20128162816281636,0.561504400440044,0.8631930693069307,24358.16116611661,1.0148901462554925
-0.41739548954895483,-0.2439933993399337,-0.11534928492849272,-0.22650440044004402,0.19279977997799802,0.1930445544554455,0.19128162816281635,0.571504400440044,0.8131930693069307,24709.16116611661,1.019167375564571
-0.3973954895489548,-0.2439933993399337,-0.0953492849284927,-0.22650440044004402,0.21279977997799804,0.1930445544554455,0.19128162816281635,0.501504400440044,0.8131930693069307,25178.16116611661,1.0232152462005608
-0.3773954895489548,-0.23399339933993368,-0.0853492849284927,-0.22650440044004402,0.19279977997799802,0.18304455445544554,0.22128162816281638,0.481504400440044,0.7931930693069307,25315.16116611661,1.0265895843505817
-0.3773954895489548,-0.2639933993399337,-0.0953492849284927,-0.236504400440044,0.19279977997799802,0.17304455445544553,0.21128162816281637,0.471504400440044,0.7831930693069307,24990.16116611661,1.0265895843505817
-0.3873954895489548,-0.2439933993399337,-0.11534928492849272,-0.19650440044004402,0.19279977997799802,0.17304455445544553,0.2312816281628164,0.461504400440044,0.7731930693069307,25259.16116611661,1.0304371833801262
-0.3673954895489548,-0.2539933993399337,-0.0953492849284927,-0.21650440044004401,0.22279977997799805,0.15304455445544551,0.21128162816281637,0.44150440044004396,0.7731930693069307,25346.16116611661,1.0350098133087187
-0.3373954895489548,-0.2739933993399337,-0.10534928492849271,-0.22650440044004402,0.22279977997799805,0.15304455445544551,0.20128162816281636,0.43150440044004396,0.7631930693069306,25393.16116611661,1.0393020629882805
-0.3373954895489548,-0.2639933993399337,-0.10534928492849271,-0.22650440044004402,0.22279977997799805,0.15304455445544551,0.20128162816281636,0.40150440044004393,0.7631930693069306,25362.16116611661,1.0393020629882805
-0.3273954895489548,-0.2739933993399337,-0.0953492849284927,-0.22650440044004402,0.21279977997799804,0.15304455445544551,0.17128162816281634,0.39150440044004403,0.7331930693069307,25337.16116611661,1.0425769805908196
-0.3173954895489548,-0.2639933993399337,-0.0853492849284927,-0.22650440044004402,0.21279977997799804,0.1430445544554455,0.21128162816281637,0.40150440044004393,0.7131930693069307,25382.16116611661,1.047338438034057
-0.3373954895489548,-0.2639933993399337,-0.13534928492849269,-0.22650440044004402,0.22279977997799805,0.16304455445544552,0.16128162816281633,0.331504400440044,0.7531930693069306,25677.16116611661,1.051149559020999
-0.3173954895489548,-0.2839933993399337,-0.1553492849284927,-0.236504400440044,0.22279977997799805,0.1330445544554455,0.16128162816281633,0.351504400440044,0.7331930693069307,25702.16116611661,1.051149559020999
-0.3173954895489548,-0.31399339933993375,-0.17534928492849272,-0.21650440044004401,0.21279977997799804,0.11304455445544553,0.15128162816281632,0.331504400440044,0.7231930693069307,25601.16116611661,1.0552587032318108
-0.3173954895489548,-0.33399339933993366,-0.19534928492849268,-0.206504400440044,0.20279977997799803,0.12304455445544554,0.18128162816281634,0.331504400440044,0.7131930693069307,26008.16116611661,1.0601920604705803
-0.34739548954895483,-0.29399339933993374,-0.2253492849284927,-0.206504400440044,0.19279977997799802,0.11304455445544553,0.16128162816281633,0.28150440044004393,0.6631930693069307,26175.16116611661,1.0635847568511991
-0.35739548954895484,-0.2739933993399337,-0.2253492849284927,-0.21650440044004401,0.20279977997799803,0.10304455445544553,0.16128162816281633,0.28150440044004393,0.6331930693069306,26526.16116611661,1.067621183395385
-0.3673954895489548,-0.30399339933993375,-0.17534928492849272,-0.21650440044004401,0.19279977997799802,0.10304455445544553,0.17128162816281634,0.251504400440044,0.6831930693069307,26113.16116611661,1.067621183395385
-0.34739548954895483,-0.29399339933993374,-0.1553492849284927,-0.236504400440044,0.23279977997799806,0.10304455445544553,0.18128162816281634,0.251504400440044,0.6331930693069306,26370.16116611661,1.0716230392456048
-0.34739548954895483,-0.32399339933993376,-0.2153492849284927,-0.21650440044004401,0.20279977997799803,0.09304455445544552,0.17128162816281634,0.221504400440044,0.6431930693069307,26965.16116611661,1.0765847682952874
-0.35739548954895484,-0.29399339933993374,-0.1653492849284927,-0.22650440044004402,0.21279977997799804,0.08304455445544551,0.16128162816281633,0.28150440044004393,0.6431930693069307,27160.16116611661,1.0795764446258502
-0.35739548954895484,-0.33399339933993366,-0.17534928492849272,-0.21650440044004401,0.22279977997799805,0.07304455445544553,0.16128162816281633,0.241504400440044,0.6231930693069306,27215.16116611661,1.0795764446258502
-0.3673954895489548,-0.29399339933993374,-0.12534928492849273,-0.236504400440044,0.21279977997799804,0.04304455445544553,0.16128162816281633,0.21150440044004398,0.6331930693069306,27404.16116611661,1.083882522583007
-0.35739548954895484,-0.2739933993399337,-0.13534928492849269,-0.206504400440044,0.22279977997799805,0.09304455445544552,0.15128162816281632,0.221504400440044,0.6131930693069307,27943.16116611661,1.0877751827239983
-0.3373954895489548,-0.2639933993399337,-0.1553492849284927,-0.22650440044004402,0.19279977997799802,0.09304455445544552,0.16128162816281633,0.21150440044004398,0.5931930693069307,27534.16116611661,1.0917710781097405
-0.35739548954895484,-0.2839933993399337,-0.13534928492849269,-0.21650440044004401,0.20279977997799803,0.11304455445544553,0.1412816281628163,0.231504400440044,0.5731930693069307,27911.16116611661,1.092332315444942
-0.35739548954895484,-0.2639933993399337,-0.11534928492849272,-0.21650440044004401,0.20279977997799803,0.09304455445544552,0.1212816281628164,0.20150440044004397,0.5531930693069307,28274.16116611661,1.0959183692932122
-0.3173954895489548,-0.29399339933993374,-0.1453492849284927,-0.21650440044004401,0.20279977997799803,0.09304455445544552,0.07128162816281636,0.18150440044004396,0.5531930693069307,28165.16116611661,1.1010336399078398
-0.3073954895489548,-0.2839933993399337,-0.1453492849284927,-0.22650440044004402,0.20279977997799803,0.09304455445544552,0.10128162816281638,0.20150440044004397,0.5131930693069306,28576.16116611661,1.1042806625366204
-0.2973954895489548,-0.2739933993399337,-0.1553492849284927,-0.22650440044004402,0.21279977997799804,0.10304455445544553,0.07128162816281636,0.19150440044004396,0.5231930693069307,28937.16116611661,1.1050335884094231
-0.3273954895489548,-0.2739933993399337,-0.1453492849284927,-0.21650440044004401,0.19279977997799802,0.10304455445544553,0.11128162816281639,0.17150440044004395,0.5531930693069307,28960.16116611661,1.108033609390258
-0.3273954895489548,-0.2739933993399337,-0.12534928492849273,-0.22650440044004402,0.182799779977998,0.10304455445544553,0.08128162816281637,0.14150440044004403,0.5131930693069306,29049.16116611661,1.1130334854126005
-0.3273954895489548,-0.30399339933993375,-0.1653492849284927,-0.22650440044004402,0.21279977997799804,0.10304455445544553,0.07128162816281636,0.12150440044004401,0.5731930693069307,28934.16116611661,1.1167222976684563
-0.3373954895489548,-0.2539933993399337,-0.1453492849284927,-0.22650440044004402,0.19279977997799802,0.12304455445544554,0.07128162816281636,0.12150440044004401,0.5331930693069307,29021.16116611661,1.1176776409149198
-0.34739548954895483,-0.2839933993399337,-0.1453492849284927,-0.21650440044004401,0.20279977997799803,0.10304455445544553,0.07128162816281636,0.16150440044004394,0.5031930693069306,29376.16116611661,1.1216530323028557
-0.34739548954895483,-0.2439933993399337,-0.17534928492849272,-0.236504400440044,0.172799779977998,0.10304455445544553,0.08128162816281637,0.13150440044004402,0.48319306930693073,29641.16116611661,1.1251432418823235
-0.34739548954895483,-0.2639933993399337,-0.12534928492849273,-0.206504400440044,0.172799779977998,0.1330445544554455,0.09128162816281638,0.16150440044004394,0.4631930693069307,29854.16116611661,1.129473400115966
-0.3673954895489548,-0.2639933993399337,-0.18534928492849273,-0.22650440044004402,0.172799779977998,0.08304455445544551,0.03128162816281632,0.14150440044004403,0.5031930693069306,30025.16116611661,1.1328711032867425
-0.35739548954895484,-0.2739933993399337,-0.1453492849284927,-0.22650440044004402,0.19279977997799802,0.08304455445544551,-0.008718371837183603,0.17150440044004395,0.48319306930693073,30050.16116611661,1.1339566230773954
-0.3673954895489548,-0.2539933993399337,-0.1553492849284927,-0.22650440044004402,0.20279977997799803,0.09304455445544552,0.021281628162816313,0.13150440044004402,0.48319306930693073,30283.16116611661,1.137083721160888
-0.3673954895489548,-0.2639933993399337,-0.17534928492849272,-0.236504400440044,0.19279977997799802,0.05304455445544551,-0.01871837183718361,0.15150440044004393,0.48319306930693073,30416.16116611661,1.1415407180786126
-0.34739548954895483,-0.2439933993399337,-0.17534928492849272,-0.236504400440044,0.172799779977998,0.06304455445544552,0.0012816281628164061,0.15150440044004393,0.49319306930693074,30737.16116611661,1.1455518722534137
-0.3673954895489548,-0.23399339933993368,-0.1453492849284927,-0.246504400440044,0.172799779977998,0.05304455445544551,0.0012816281628164061,0.14150440044004403,0.4631930693069307,31120.16116611661,1.1455518722534137
-0.3973954895489548,-0.2839933993399337,-0.19534928492849268,-0.236504400440044,0.162799779977998,0.05304455445544551,-0.008718371837183603,0.111504400440044,0.4231930693069307,30815.16116611661,1.1495406150817864
-0.35739548954895484,-0.2539933993399337,-0.1653492849284927,-0.22650440044004402,0.172799779977998,0.06304455445544552,0.0012816281628164061,0.101504400440044,0.4331930693069307,30554.16116611661,1.1537231922149687
-0.3673954895489548,-0.22399339933993367,-0.19534928492849268,-0.256504400440044,0.162799779977998,0.05304455445544551,-0.008718371837183603,0.13150440044004402,0.4631930693069307,30411.16116611661,1.156761598587039
-0.35739548954895484,-0.2739933993399337,-0.1553492849284927,-0.236504400440044,0.162799779977998,0.013044554455445528,-0.008718371837183603,0.14150440044004403,0.4331930693069307,30800.16116611661,1.15780158042908
-0.3873954895489548,-0.2639933993399337,-0.17534928492849272,-0.266504400440044,0.172799779977998,0.05304455445544551,0.0012816281628164061,0.15150440044004393,0.48319306930693073,30635.16116611661,1.1622194766998284
-0.3873954895489548,-0.2839933993399337,-0.1553492849284927,-0.246504400440044,0.15279977997799798,0.04304455445544553,0.011281628162816304,0.13150440044004402,0.49319306930693074,30436.16116611661,1.1652791023254387
-0.3773954895489548,-0.2839933993399337,-0.1553492849284927,-0.22650440044004402,0.162799779977998,0.04304455445544553,-0.008718371837183603,0.12150440044004401,0.4731930693069307,30677.16116611661,1.1698500633239703
-0.35739548954895484,-0.29399339933993374,-0.1653492849284927,-0.246504400440044,0.172799779977998,0.05304455445544551,0.0012816281628164061,0.13150440044004402,0.4731930693069307,30964.16116611661,1.1698500633239703
-0.35739548954895484,-0.29399339933993374,-0.13534928492849269,-0.256504400440044,0.15279977997799798,0.04304455445544553,-0.02871837183718362,0.16150440044004394,0.4631930693069307,30757.16116611661,1.173856210708614
-0.3373954895489548,-0.30399339933993375,-0.1453492849284927,-0.256504400440044,0.162799779977998,0.05304455445544551,-0.04871837183718364,0.14150440044004403,0.4731930693069307,30826.16116611661,1.17885513305664
-0.3673954895489548,-0.29399339933993374,-0.17534928492849272,-0.246504400440044,0.162799779977998,0.05304455445544551,-0.04871837183718364,0.101504400440044,0.4231930693069307,30811.16116611661,1.182148647308349
-0.35739548954895484,-0.2739933993399337,-0.13534928492849269,-0.246504400440044,0.172799779977998,0.05304455445544551,0.0012816281628164061,0.07150440044004397,0.49319306930693074,30212.16116611661,1.1828817844390862
-0.35739548954895484,-0.29399339933993374,-0.13534928492849269,-0.246504400440044,0.162799779977998,0.05304455445544551,-0.05871837183718365,0.111504400440044,0.4731930693069307,29625.16116611661,1.1872057437896757
-0.3673954895489548,-0.34399339933993367,-0.1553492849284927,-0.236504400440044,0.172799779977998,0.05304455445544551,-0.03871837183718363,0.15150440044004393,0.49319306930693074,29346.16116611661,1.1901700019836419
-0.35739548954895484,-0.33399339933993366,-0.1553492849284927,-0.22650440044004402,0.15279977997799798,0.04304455445544553,-0.04871837183718364,0.14150440044004403,0.4631930693069307,29367.16116611661,1.1941835403442376
-0.3673954895489548,-0.32399339933993376,-0.17534928492849272,-0.246504400440044,0.162799779977998,0.05304455445544551,-0.05871837183718365,0.16150440044004394,0.48319306930693073,29660.16116611661,1.1951958656311028
-0.34739548954895483,-0.33399339933993366,-0.19534928492849268,-0.276504400440044,0.172799779977998,0.04304455445544553,-0.06871837183718366,0.13150440044004402,0.4531930693069307,30159.16116611661,1.1985449314117425
-0.3773954895489548,-0.3739933993399337,-0.1653492849284927,-0.276504400440044,0.162799779977998,0.02304455445544551,-0.09871837183718368,0.17150440044004395,0.4631930693069307,29626.16116611661,1.2026812553405755
-0.35739548954895484,-0.3639933993399337,-0.1453492849284927,-0.266504400440044,0.162799779977998,0.05304455445544551,-0.1287183718371836,0.16150440044004394,0.4531930693069307,29479.16116611661,1.2078268051147418
-0.3673954895489548,-0.3539933993399337,-0.11534928492849272,-0.256504400440044,0.14279977997799798,0.06304455445544552,-0.11871837183718359,0.21150440044004398,0.49319306930693074,29652.16116611661,1.2108745098114007
-0.3873954895489548,-0.3539933993399337,-0.1653492849284927,-0.266504400440044,0.13279977997799797,0.04304455445544553,-0.1387183718371836,0.18150440044004396,0.4531930693069307,29461.16116611661,1.2108745098114007
-0.35739548954895484,-0.3539933993399337,-0.13534928492849269,-0.246504400440044,0.12279977997799796,0.05304455445544551,-0.10871837183718369,0.18150440044004396,0.4331930693069307,28642.16116611661,1.2149345397949176
-0.3373954895489548,-0.3639933993399337,-0.1653492849284927,-0.306504400440044,0.09279977997799793,0.02304455445544551,-0.28871837183718363,0.20150440044004397,0.39319306930693065,28861.16116611661,1.218931865692138
-0.3773954895489548,-0.3739933993399337,-0.1653492849284927,-0.296504400440044,0.07279977997799791,0.013044554455445528,-0.23871837183718364,0.19150440044004396,0.40319306930693066,28924.16116611661,1.222809982299804
-0.3773954895489548,-0.3839933993399337,-0.1553492849284927,-0.316504400440044,0.07279977997799791,0.013044554455445528,-0.29871837183718364,0.20150440044004397,0.39319306930693065,28429.16116611661,1.2235135555267327
-0.35739548954895484,-0.43399339933993375,-0.2053492849284927,-0.316504400440044,0.08279977997799792,0.02304455445544551,-0.24871837183718365,0.221504400440044,0.39319306930693065,27800.16116611661,1.2268986225128167
-0.3673954895489548,-0.3939933993399337,-0.19534928492849268,-0.356504400440044,0.08279977997799792,0.013044554455445528,-0.21871837183718362,0.18150440044004396,0.3631930693069306,27463.16116611661,1.2313193798065178
-0.3873954895489548,-0.4039933993399337,-0.17534928492849272,-0.306504400440044,0.05279977997799801,0.02304455445544551,-0.25871837183718366,0.16150440044004394,0.3231930693069307,27516.16116611661,1.235341262817382
-0.35739548954895484,-0.3939933993399337,-0.23534928492849272,-0.22650440044004402,0.06279977997799802,0.02304455445544551,-0.32871837183718366,0.15150440044004393,0.3031930693069307,27193.16116611661,1.23608751296997
-0.3673954895489548,-0.3939933993399337,-0.2053492849284927,-0.19650440044004402,0.042799779977998,0.04304455445544553,-0.3487183718371836,0.16150440044004394,0.2931930693069307,26274.16116611661,1.2393309593200676
-0.3873954895489548,-0.42399339933993374,-0.2553492849284927,-0.21650440044004401,0.02279977997799798,0.04304455445544553,-0.32871837183718366,0.12150440044004401,0.23319306930693065,25805.16116611661,1.2433003902435296
-0.3673954895489548,-0.45399339933993366,-0.24534928492849273,-0.236504400440044,0.012799779977997972,0.013044554455445528,-0.32871837183718366,0.08150440044004398,0.20319306930693068,25352.16116611661,1.24776382446289
-0.3673954895489548,-0.44399339933993376,-0.2853492849284927,-0.256504400440044,0.0027997799779979626,0.0030445544554455195,-0.4087183718371836,0.011504400440043971,0.08319306930693066,24913.16116611661,1.248693656921386
-0.4073954895489548,-0.5039933993399337,-0.2753492849284927,-0.296504400440044,-0.027200220022002064,0.02304455445544551,-0.36871837183718364,-0.12849559955995604,0.10319306930693067,24588.16116611661,1.2510749816894524
-0.41739548954895483,-0.4839933993399337,-0.3353492849284927,-0.18650440044004402,-0.077200220022002,0.02304455445544551,-0.36871837183718364,-0.188495599559956,0.08319306930693066,24091.16116611661,1.256615114212039
-0.4473954895489548,-0.5039933993399337,-0.2853492849284927,-0.21650440044004401,-0.11720022002200203,0.0030445544554455195,-0.36871837183718364,-0.22849559955995602,0.06319306930693067,22622.16116611661,1.2598828792571979
-0.4073954895489548,-0.5339933993399337,-0.2053492849284927,-0.266504400440044,-0.10720022002200202,-0.006955445544554489,-0.3487183718371836,-0.16849559955995602,0.10319306930693067,19693.16116611661,1.2606081485748284
-0.4073954895489548,-0.44399339933993376,-0.17534928492849272,-0.266504400440044,-0.10720022002200202,-0.01695544554455447,-0.36871837183718364,-0.17849559955995603,0.08319306930693066,17370.16116611661,1.2646414756774895
-0.3873954895489548,-0.4739933993399337,-0.13534928492849269,-0.256504400440044,-0.077200220022002,-0.02695544554455448,-0.31871837183718366,-0.158495599559956,0.09319306930693066,17059.16116611661,1.2691902637481682
-0.3673954895489548,-0.4739933993399337,-0.13534928492849269,-0.266504400440044,-0.09720022002200202,-0.01695544554455447,-0.31871837183718366,-0.17849559955995603,0.08319306930693066,17326.16116611661,1.2730948448181145
-0.35739548954895484,-0.46399339933993367,-0.0953492849284927,-0.256504400440044,-0.077200220022002,-0.01695544554455447,-0.37871837183718365,-0.16849559955995602,0.06319306930693067,17207.16116611661,1.2750601291656487
-0.3273954895489548,-0.4039933993399337,-0.10534928492849271,-0.286504400440044,-0.06720022002200199,-0.02695544554455448,-0.38871837183718366,-0.17849559955995603,0.06319306930693067,17286.16116611661,1.276558351516723
-0.3673954895489548,-0.41399339933993373,-0.0953492849284927,-0.276504400440044,-0.09720022002200202,-0.02695544554455448,-0.38871837183718366,-0.158495599559956,0.05319306930693066,17515.16116611661,1.280016613006591
-0.3373954895489548,-0.4039933993399337,-0.1453492849284927,-0.296504400440044,-0.09720022002200202,-0.04695544554455448,-0.3987183718371836,-0.188495599559956,0.04319306930693066,17314.16116611661,1.2844871997833245
-0.3273954895489548,-0.3939933993399337,-0.12534928492849273,-0.276504400440044,-0.09720022002200202,-0.05695544554455448,-0.37871837183718365,-0.19849559955995602,-0.006806930693069341,17233.16116611661,1.2876944065093987
-0.41739548954895483,-0.42399339933993374,-0.17534928492849272,-0.276504400440044,-0.09720022002200202,-0.04695544554455448,-0.44871837183718366,-0.20849559955995603,-0.016806930693069336,17278.16116611661,1.2887064933776884
-0.4073954895489548,-0.4039933993399337,-0.18534928492849273,-0.246504400440044,-0.12720022002200204,-0.04695544554455448,-0.49871837183718365,-0.23849559955995603,0.003193069306930668,17075.16116611661,1.2929005146026604
-0.3873954895489548,-0.3739933993399337,-0.19534928492849268,-0.256504400440044,-0.13720022002200205,-0.04695544554455448,-0.42871837183718364,-0.23849559955995603,-0.006806930693069341,16612.16116611661,1.2968976020812981
-0.4073954895489548,-0.4039933993399337,-0.18534928492849273,-0.246504400440044,-0.15720022002200207,-0.05695544554455448,-0.43871837183718365,-0.23849559955995603,-0.026806930693069338,16017.161166116612,1.3010222434997587
-0.4273954895489548,-0.43399339933993375,-0.17534928492849272,-0.266504400440044,-0.16720022002200208,-0.06695544554455449,-0.36871837183718364,-0.26849559955995606,-0.016806930693069336,16384.16116611661,1.3010222434997587
-0.3973954895489548,-0.4039933993399337,-0.1553492849284927,-0.266504400440044,-0.197200220022002,-0.05695544554455448,-0.44871837183718366,-0.288495599559956,-0.026806930693069338,16163.161166116612,1.3045815944671624
-0.41739548954895483,-0.3839933993399337,-0.17534928492849272,-0.246504400440044,-0.207200220022002,-0.01695544554455447,-0.43871837183718365,-0.26849559955995606,0.013193069306930663,15782.161166116612,1.3091790199279778
-0.4473954895489548,-0.3639933993399337,-0.19534928492849268,-0.22650440044004402,-0.197200220022002,-0.03695544554455449,-0.4087183718371836,-0.25849559955995605,0.013193069306930663,16013.161166116612,1.313254785537719
-0.41739548954895483,-0.33399339933993366,-0.19534928492849268,-0.246504400440044,-0.197200220022002,-0.05695544554455448,-0.38871837183718366,-0.25849559955995605,-0.006806930693069341,15660.161166116612,1.313254785537719
-0.4473954895489548,-0.34399339933993367,-0.2153492849284927,-0.256504400440044,-0.217200220022002,-0.04695544554455448,-0.48871837183718364,-0.248495599559956,-0.006806930693069341,15097.161166116612,1.3176159381866483
-0.4073954895489548,-0.33399339933993366,-0.2153492849284927,-0.266504400440044,-0.22720022002200202,-0.04695544554455448,-0.45871837183718367,-0.278495599559956,-0.016806930693069336,14836.161166116612,1.3212499141693108
-0.4073954895489548,-0.3739933993399337,-0.17534928492849272,-0.276504400440044,-0.24720022002200204,-0.05695544554455448,-0.5187183718371836,-0.26849559955995606,-0.016806930693069336,14491.161166116612,1.3249105930328398
-0.4073954895489548,-0.3739933993399337,-0.1653492849284927,-0.266504400440044,-0.27720022002200206,-0.05695544554455448,-0.47871837183718363,-0.298495599559956,-0.026806930693069338,14156.161166116612,1.325944137573238
-0.41739548954895483,-0.33399339933993366,-0.17534928492849272,-0.256504400440044,-0.2872002200220021,-0.05695544554455448,-0.5087183718371836,-0.298495599559956,-0.046806930693069335,14833.161166116612,1.3291117668151848
-0.4273954895489548,-0.33399339933993366,-0.1453492849284927,-0.266504400440044,-0.27720022002200206,-0.05695544554455448,-0.49871837183718365,-0.298495599559956,-0.05680693069306934,14982.161166116612,1.33411355018616
-0.4373954895489548,-0.33399339933993366,-0.12534928492849273,-0.276504400440044,-0.26720022002200206,-0.05695544554455448,-0.49871837183718365,-0.298495599559956,-0.046806930693069335,14943.161166116612,1.3375920772552483
-0.4073954895489548,-0.33399339933993366,-0.1653492849284927,-0.276504400440044,-0.26720022002200206,-0.06695544554455449,-0.5487183718371836,-0.328495599559956,-0.05680693069306934,14850.161166116612,1.3375920772552483
-0.3673954895489548,-0.3539933993399337,-0.13534928492849269,-0.286504400440044,-0.26720022002200206,-0.07695544554455448,-0.4687183718371837,-0.30849559955995604,-0.046806930693069335,15341.161166116612,1.3416716575622551
-0.3973954895489548,-0.3539933993399337,-0.1653492849284927,-0.266504400440044,-0.307200220022002,-0.05695544554455448,-0.5087183718371836,-0.328495599559956,-0.046806930693069335,15464.161166116612,1.3453766822814899
-0.3973954895489548,-0.32399339933993376,-0.17534928492849272,-0.266504400440044,-0.2972002200220021,-0.05695544554455448,-0.48871837183718364,-0.318495599559956,-0.05680693069306934,15667.161166116612,1.3505575180053704
-0.4073954895489548,-0.33399339933993366,-0.17534928492849272,-0.276504400440044,-0.357200220022002,-0.06695544554455449,-0.47871837183718363,-0.30849559955995604,-0.046806930693069335,15714.161166116612,1.352937173843383
-0.3673954895489548,-0.3539933993399337,-0.19534928492849268,-0.276504400440044,-0.37720022002200204,-0.05695544554455448,-0.47871837183718363,-0.298495599559956,-0.046806930693069335,15477.161166116612,1.3539776325225823
-0.34739548954895483,-0.3539933993399337,-0.1453492849284927,-0.276504400440044,-0.38720022002200205,-0.05695544554455448,-0.49871837183718365,-0.318495599559956,-0.046806930693069335,15388.161166116612,1.3579813957214384
-0.3373954895489548,-0.32399339933993376,-0.1553492849284927,-0.256504400440044,-0.407200220022002,-0.06695544554455449,-0.47871837183718363,-0.30849559955995604,-0.046806930693069335,15125.161166116612,1.36295838356018
-0.34739548954895483,-0.30399339933993375,-0.10534928492849271,-0.256504400440044,-0.417200220022002,-0.05695544554455448,-0.4687183718371837,-0.30849559955995604,-0.046806930693069335,15632.161166116612,1.365977478027343
-0.3673954895489548,-0.34399339933993367,-0.11534928492849272,-0.246504400440044,-0.42720022002200203,-0.06695544554455449,-0.44871837183718366,-0.318495599559956,-0.046806930693069335,15983.161166116612,1.365977478027343
-0.34739548954895483,-0.29399339933993374,-0.12534928492849273,-0.276504400440044,-0.42720022002200203,-0.05695544554455448,-0.47871837183718363,-0.328495599559956,-0.03680693069306934,15866.161166116612,1.370308589935302
-0.3673954895489548,-0.30399339933993375,-0.13534928492849269,-0.256504400440044,-0.42720022002200203,-0.04695544554455448,-0.5087183718371836,-0.318495599559956,-0.046806930693069335,16549.16116611661,1.375727605819705
-0.34739548954895483,-0.2739933993399337,-0.1553492849284927,-0.246504400440044,-0.43720022002200204,-0.03695544554455449,-0.49871837183718365,-0.328495599559956,-0.046806930693069335,16308.161166116612,1.3782414913177483
-0.3773954895489548,-0.2839933993399337,-0.10534928492849271,-0.246504400440044,-0.48720022002200203,-0.04695544554455448,-0.5287183718371836,-0.328495599559956,-0.046806930693069335,16007.161166116612,1.3792404651641839
-0.34739548954895483,-0.2439933993399337,-0.0953492849284927,-0.246504400440044,-0.48720022002200203,-0.04695544554455448,-0.5087183718371836,-0.328495599559956,-0.046806930693069335,16476.16116611661,1.383245420455932
-0.3773954895489548,-0.2639933993399337,-0.0853492849284927,-0.276504400440044,-0.477200220022002,-0.04695544554455448,-0.48871837183718364,-0.328495599559956,-0.03680693069306934,16523.16116611661,1.387555789947509
-0.3073954895489548,-0.29399339933993374,-0.12534928492849273,-0.286504400440044,-0.477200220022002,-0.04695544554455448,-0.44871837183718366,-0.298495599559956,-0.03680693069306934,16406.16116611661,1.3909718513488798
-0.3173954895489548,-0.2739933993399337,-0.07534928492849269,-0.276504400440044,-0.49720022002200204,-0.03695544554455449,-0.45871837183718367,-0.30849559955995604,-0.03680693069306934,16309.161166116612,1.3920444965362506
-0.35739548954895484,-0.18399339933993375,-0.13534928492849269,-0.256504400440044,-0.5272002200220021,-0.03695544554455449,-0.44871837183718366,-0.298495599559956,-0.026806930693069338,16502.16116611661,1.3950166225433307
-0.3773954895489548,-0.19399339933993376,-0.11534928492849272,-0.266504400440044,-0.49720022002200204,-0.02695544554455448,-0.45871837183718367,-0.30849559955995604,-0.026806930693069338,17053.16116611661,1.4000424861907987
-0.4073954895489548,-0.17399339933993374,-0.10534928492849271,-0.296504400440044,-0.517200220022002,-0.03695544554455449,-0.4687183718371837,-0.298495599559956,-0.026806930693069338,16820.16116611661,1.403021049499511
-0.3673954895489548,-0.16399339933993373,-0.1453492849284927,-0.266504400440044,-0.517200220022002,-0.02695544554455448,-0.47871837183718363,-0.298495599559956,-0.026806930693069338,16823.16116611661,1.4040216922760003
-0.3173954895489548,-0.14399339933993371,-0.1553492849284927,-0.286504400440044,-0.517200220022002,-0.02695544554455448,-0.49871837183718365,-0.30849559955995604,-0.026806930693069338,17186.16116611661,1.4075929641723626
-0.35739548954895484,-0.06399339933993375,-0.0953492849284927,-0.276504400440044,-0.517200220022002,-0.02695544554455448,-0.5187183718371836,-0.328495599559956,-0.026806930693069338,17257.16116611661,1.4122120857238798
-0.3973954895489548,-0.02399339933993372,-0.05534928492849267,-0.296504400440044,-0.5372002200220021,-0.03695544554455449,-0.5087183718371836,-0.328495599559956,-0.026806930693069338,17152.16116611661,1.4153398990631096
-0.3873954895489548,0.046006600660066344,-0.03534928492849265,-0.276504400440044,-0.49720022002200204,-0.02695544554455448,-0.4687183718371837,-0.338495599559956,-0.03680693069306934,17635.16116611661,1.4187404632568388
-0.34739548954895483,0.05600660066006635,-0.12534928492849273,-0.276504400440044,-0.5272002200220021,-0.03695544554455449,-0.4687183718371837,-0.328495599559956,-0.026806930693069338,17934.16116611661,1.4196605205535882
-0.3273954895489548,0.18600660066006625,-0.1553492849284927,-0.276504400440044,-0.517200220022002,-0.03695544554455449,-0.5087183718371836,-0.30849559955995604,-0.026806930693069338,17239.16116611661,1.4240378856658928
-0.41739548954895483,0.17600660066006624,-0.0853492849284927,-0.286504400440044,-0.5272002200220021,-0.03695544554455449,-0.5087183718371836,-0.30849559955995604,-0.006806930693069341,16902.16116611661,1.4281594276428216
-0.3673954895489548,0.19600660066006625,-0.0953492849284927,-0.266504400440044,-0.5272002200220021,-0.02695544554455448,-0.48871837183718364,-0.338495599559956,-0.026806930693069338,17217.16116611661,1.431202602386474
-0.34739548954895483,0.2360066006600663,-0.0853492849284927,-0.266504400440044,-0.517200220022002,-0.02695544554455448,-0.4687183718371837,-0.338495599559956,-0.03680693069306934,17518.16116611661,1.432206344604488
-0.3373954895489548,0.29600660066006634,0.014650715071507281,-0.266504400440044,-0.49720022002200204,-0.03695544554455449,-0.48871837183718364,-0.328495599559956,-0.026806930693069338,17119.16116611661,1.4362062931060784
-0.3073954895489548,0.32600660066006637,-0.005349284928492737,-0.256504400440044,-0.49720022002200204,-0.01695544554455447,-0.47871837183718363,-0.298495599559956,-0.016806930693069336,17026.16116611661,1.439917993545528
-0.3273954895489548,0.3960066006600662,0.014650715071507281,-0.246504400440044,-0.43720022002200204,-0.006955445544554489,-0.5687183718371837,-0.328495599559956,-0.03680693069306934,16931.16116611661,1.4434887886047356
-0.3373954895489548,0.3760066006600662,0.02465071507150729,-0.256504400440044,-0.42720022002200203,-0.006955445544554489,-0.5287183718371836,-0.298495599559956,-0.026806930693069338,16920.16116611661,1.444529724121093
-0.27739548954895477,0.45600660066006626,0.014650715071507281,-0.266504400440044,-0.44720022002200205,-0.006955445544554489,-0.49871837183718365,-0.30849559955995604,-0.026806930693069338,17571.16116611661,1.4486007213592522
-0.25739548954895486,0.5160066006600663,0.014650715071507281,-0.286504400440044,-0.407200220022002,-0.01695544554455447,-0.47871837183718363,-0.278495599559956,-0.016806930693069336,17714.16116611661,1.451600503921508
-0.24739548954895485,0.5860066006600664,0.02465071507150729,-0.276504400440044,-0.39720022002200206,-0.01695544554455447,-0.5187183718371836,-0.30849559955995604,-0.026806930693069338,17407.16116611661,1.4565741539001422
-0.24739548954895485,0.6560066006600662,-0.015349284928492746,-0.306504400440044,-0.417200220022002,-0.02695544554455448,-0.48871837183718364,-0.288495599559956,-0.026806930693069338,17436.16116611661,1.4565741539001422
-0.23739548954895484,0.6860066006600662,-0.015349284928492746,-0.296504400440044,-0.417200220022002,-0.03695544554455449,-0.4687183718371837,-0.318495599559956,-0.016806930693069336,17519.16116611661,1.4607662677764885
-0.25739548954895486,0.7460066006600663,0.04465071507150731,-0.296504400440044,-0.39720022002200206,-0.02695544554455448,-0.45871837183718367,-0.318495599559956,-0.026806930693069338,18086.16116611661,1.4658665180206292
-0.27739548954895477,0.7960066006600663,-0.005349284928492737,-0.316504400440044,-0.477200220022002,-0.02695544554455448,-0.48871837183718364,-0.318495599559956,-0.026806930693069338,17369.16116611661,1.4685747146606438
-0.23739548954895484,0.8360066006600664,0.09465071507150724,-0.276504400440044,-0.44720022002200205,-0.01695544554455447,-0.48871837183718364,-0.328495599559956,-0.03680693069306934,17406.16116611661,1.469619703292846
-0.26739548954895476,0.9160066006600662,0.08465071507150734,-0.306504400440044,-0.45720022002200206,-0.02695544554455448,-0.47871837183718363,-0.338495599559956,-0.03680693069306934,17761.16116611661,1.4732062339782708
-0.24739548954895485,1.0260066006600663,0.11465071507150726,-0.286504400440044,-0.467200220022002,-0.01695544554455447,-0.48871837183718364,-0.348495599559956,-0.026806930693069338,17638.16116611661,1.4772955894470208
-0.27739548954895477,1.0760066006600661,0.10465071507150725,-0.306504400440044,-0.467200220022002,-0.01695544554455447,-0.44871837183718366,-0.338495599559956,-0.016806930693069336,17671.16116611661,1.4813508510589593
-0.24739548954895485,1.1360066006600662,0.14465071507150729,-0.306504400440044,-0.5272002200220021,-0.01695544554455447,-0.4687183718371837,-0.338495599559956,-0.006806930693069341,17414.16116611661,1.4822952270507805
-0.20739548954895481,1.1560066006600662,0.1746507150715073,-0.296504400440044,-0.5272002200220021,-0.01695544554455447,-0.47871837183718363,-0.358495599559956,-0.026806930693069338,17381.16116611661,1.4852954864501946
-0.24739548954895485,1.2260066006600665,0.1646507150715073,-0.296504400440044,-0.507200220022002,-0.006955445544554489,-0.5187183718371836,-0.348495599559956,-0.016806930693069336,17280.16116611661,1.4893261909484856
-0.1973954895489548,1.246006600660066,0.1546507150715073,-0.306504400440044,-0.467200220022002,-0.01695544554455447,-0.49871837183718365,-0.328495599559956,-0.016806930693069336,17841.16116611661,1.4934489250183098
-0.1773954895489548,1.2760066006600663,0.19465071507150733,-0.32650440044004403,-0.467200220022002,-0.01695544554455447,-0.4687183718371837,-0.318495599559956,-0.006806930693069341,17992.16116611661,1.4975068092346184
-0.16739548954895478,1.246006600660066,0.23465071507150725,-0.316504400440044,-0.467200220022002,-0.02695544554455448,-0.5087183718371836,-0.318495599559956,-0.006806930693069341,18103.16116611661,1.4975068092346184
-0.10739548954895484,1.2060066006600665,0.22465071507150725,-0.306504400440044,-0.45720022002200206,-0.01695544554455447,-0.5187183718371836,-0.318495599559956,-0.016806930693069336,18428.16116611661,1.5015513420104938
-0.04739548954895478,1.2360066006600663,0.24465071507150726,-0.316504400440044,-0.44720022002200205,-0.01695544554455447,-0.49871837183718365,-0.338495599559956,-0.03680693069306934,18603.16116611661,1.506602478027343
-0.09739548954895483,1.1960066006600663,0.32465071507150733,-0.32650440044004403,-0.467200220022002,-0.01695544554455447,-0.47871837183718363,-0.30849559955995604,-0.006806930693069341,18882.16116611661,1.5097167015075676
-0.027395489548954766,1.1760066006600662,0.35465071507150725,-0.32650440044004403,-0.467200220022002,-0.01695544554455447,-0.48871837183718364,-0.30849559955995604,-0.016806930693069336,19155.16116611661,1.5107719421386712
-0.017395489548954757,1.1860066006600665,0.36465071507150726,-0.296504400440044,-0.44720022002200205,-0.01695544554455447,-0.49871837183718365,-0.318495599559956,-0.016806930693069336,19386.16116611661,1.5143105506896966
-0.017395489548954757,1.1760066006600662,0.4246507150715073,-0.316504400440044,-0.477200220022002,-0.01695544554455447,-0.49871837183718365,-0.348495599559956,-0.026806930693069338,19555.16116611661,1.5183653354644804
0.00260451045104515,1.1160066006600662,0.44465071507150733,-0.306504400440044,-0.477200220022002,-0.006955445544554489,-0.5187183718371836,-0.358495599559956,-0.016806930693069336,19614.16116611661,1.5216645717620843
0.042604510451045186,1.0760066006600661,0.48465071507150737,-0.306504400440044,-0.467200220022002,-0.01695544554455447,-0.49871837183718365,-0.338495599559956,-0.016806930693069336,19351.16116611661,1.5223655223846428
0.08260451045104522,1.0260066006600663,0.4946507150715074,-0.32650440044004403,-0.467200220022002,-0.02695544554455448,-0.47871837183718363,-0.348495599559956,0.003193069306930668,20004.16116611661,1.526049089431762
0.10260451045104524,1.0360066006600661,0.5446507150715072,-0.32650440044004403,-0.477200220022002,-0.01695544554455447,-0.4687183718371837,-0.318495599559956,0.003193069306930668,20125.16116611661,1.5304722309112506
0.12260451045104515,1.0360066006600661,0.5646507150715072,-0.32650440044004403,-0.45720022002200206,-0.006955445544554489,-0.44871837183718366,-0.338495599559956,0.003193069306930668,20492.16116611661,1.5346219062805204
0.15260451045104517,1.016006600660066,0.5546507150715072,-0.32650440044004403,-0.44720022002200205,-0.01695544554455447,-0.44871837183718366,-0.338495599559956,0.003193069306930668,20393.16116611661,1.5346219062805204
0.15260451045104517,0.9860066006600663,0.6146507150715073,-0.306504400440044,-0.45720022002200206,-0.006955445544554489,-0.4687183718371837,-0.338495599559956,-0.006806930693069341,20952.16116611661,1.5379960060119622
0.1926045104510452,0.9460066006600663,0.6346507150715073,-0.306504400440044,-0.43720022002200204,-0.02695544554455448,-0.47871837183718363,-0.328495599559956,-0.016806930693069336,21019.16116611661,1.5432383537292473
0.1826045104510452,0.8760066006600662,0.7146507150715073,-0.306504400440044,-0.42720022002200203,-0.02695544554455448,-0.42871837183718364,-0.328495599559956,-0.016806930693069336,21204.16116611661,1.5464398384094231
0.1826045104510452,0.8960066006600662,0.7246507150715074,-0.296504400440044,-0.42720022002200203,-0.02695544554455448,-0.44871837183718366,-0.318495599559956,0.013193069306930663,21597.16116611661,1.5464398384094231
0.1926045104510452,0.8660066006600662,0.8146507150715072,-0.286504400440044,-0.42720022002200203,-0.006955445544554489,-0.45871837183718367,-0.338495599559956,0.003193069306930668,21338.16116611661,1.5504400253295891
0.1826045104510452,0.8260066006600664,0.8546507150715072,-0.236504400440044,-0.42720022002200203,-0.01695544554455447,-0.48871837183718364,-0.318495599559956,-0.006806930693069341,21401.16116611661,1.554950666427608
0.15260451045104517,0.7760066006600663,0.8846507150715073,-0.18650440044004402,-0.42720022002200203,-0.01695544554455447,-0.45871837183718367,-0.318495599559956,0.003193069306930668,21742.16116611661,1.5589468002319329
0.16260451045104518,0.7860066006600663,0.9046507150715073,-0.22650440044004402,-0.38720022002200205,-0.01695544554455447,-0.49871837183718365,-0.338495599559956,-0.006806930693069341,22141.16116611661,1.5617715835571282
0.15260451045104517,0.7660066006600663,0.9646507150715073,-0.266504400440044,-0.36720022002200203,-0.01695544554455447,-0.5287183718371836,-0.348495599559956,-0.006806930693069341,22440.16116611661,1.5629553318023675
0.1726045104510452,0.7660066006600663,0.9446507150715073,-0.246504400440044,-0.347200220022002,-0.01695544554455447,-0.5287183718371836,-0.348495599559956,-0.006806930693069341,23045.16116611661,1.566982698440551
0.16260451045104518,0.7860066006600663,0.9646507150715073,-0.286504400440044,-0.317200220022002,-0.006955445544554489,-0.49871837183718365,-0.358495599559956,-0.006806930693069341,22976.16116611661,1.5709843158721917
0.1726045104510452,0.7760066006600663,0.9346507150715073,-0.276504400440044,-0.347200220022002,-0.006955445544554489,-0.5187183718371836,-0.348495599559956,-0.006806930693069341,23261.16116611661,1.5749847412109368
0.21260451045104523,0.7560066006600663,0.9346507150715073,-0.286504400440044,-0.317200220022002,-0.006955445544554489,-0.5187183718371836,-0.36849559955995603,-0.006806930693069341,24144.16116611661,1.575986576080318
0.1826045104510452,0.7960066006600663,0.9246507150715073,-0.286504400440044,-0.2972002200220021,0.0030445544554455195,-0.49871837183718365,-0.30849559955995604,0.023193069306930658,24221.16116611661,1.5792173862457268
0.20260451045104522,0.7660066006600663,0.9446507150715073,-0.276504400440044,-0.307200220022002,0.013044554455445528,-0.48871837183718364,-0.318495599559956,0.013193069306930663,24412.16116611661,1.5832798004150384
0.1726045104510452,0.7760066006600663,0.9646507150715073,-0.256504400440044,-0.24720022002200204,0.013044554455445528,-0.5187183718371836,-0.348495599559956,0.003193069306930668,24355.16116611661,1.5867607116699176
0.15260451045104517,0.7560066006600663,0.9846507150715074,-0.256504400440044,-0.22720022002200202,0.02304455445544551,-0.47871837183718363,-0.30849559955995604,0.003193069306930668,24372.16116611661,1.5877327442169182
0.11260451045104514,0.7560066006600663,1.0246507150715074,-0.256504400440044,-0.197200220022002,0.03304455445544552,-0.5087183718371836,-0.30849559955995604,0.013193069306930663,24309.16116611661,1.5913586139678948
0.09260451045104523,0.7060066006600663,1.0646507150715072,-0.236504400440044,-0.18720022002200198,0.03304455445544552,-0.5187183718371836,-0.298495599559956,0.023193069306930658,24264.16116611661,1.5964076042175286
0.0626045104510452,0.7760066006600663,1.0646507150715072,-0.246504400440044,-0.16720022002200208,0.04304455445544553,-0.5187183718371836,-0.30849559955995604,0.013193069306930663,24277.16116611661,1.599705410003665
0.0626045104510452,0.7660066006600663,1.0746507150715072,-0.22650440044004402,-0.13720022002200205,0.07304455445544553,-0.5487183718371836,-0.328495599559956,0.003193069306930668,24336.16116611661,1.600407552719119
0.0626045104510452,0.7460066006600663,1.1146507150715073,-0.19650440044004402,-0.11720022002200203,0.08304455445544551,-0.5287183718371836,-0.328495599559956,0.013193069306930663,23925.16116611661,1.603492212295528
0.0626045104510452,0.6960066006600663,1.1346507150715073,-0.19650440044004402,-0.15720022002200207,0.11304455445544553,-0.5387183718371836,-0.338495599559956,0.003193069306930668,23328.16116611661,1.6088401794433587
0.052604510451045194,0.6760066006600662,1.1446507150715073,-0.18650440044004402,-0.14720022002200206,0.12304455445544554,-0.5087183718371836,-0.348495599559956,0.013193069306930663,23155.16116611661,1.6118235111236565
0.08260451045104522,0.6260066006600662,1.1446507150715073,-0.12650440044004402,-0.15720022002200207,0.1430445544554455,-0.5387183718371836,-0.348495599559956,0.023193069306930658,23652.16116611661,1.6127910137176507
0.13260451045104515,0.5660066006600664,1.1846507150715073,-0.11650440044004401,-0.09720022002200202,0.18304455445544554,-0.5387183718371836,-0.348495599559956,0.013193069306930663,24199.16116611661,1.6168817996978788
0.14260451045104516,0.5360066006600663,1.1746507150715073,-0.13650440044004403,-0.09720022002200202,0.1930445544554455,-0.5187183718371836,-0.318495599559956,0.013193069306930663,23784.16116611661,1.6205338954925566
0.13260451045104515,0.5560066006600664,1.1546507150715073,-0.14650440044004404,-0.087200220022002,0.22304455445544552,-0.5487183718371836,-0.358495599559956,0.013193069306930663,23439.16116611661,1.6245467185974078
0.1826045104510452,0.5360066006600663,1.0946507150715072,-0.12650440044004402,-0.05720022002200198,0.2530445544554455,-0.5387183718371836,-0.358495599559956,0.003193069306930668,23518.16116611661,1.625552606582641
0.22260451045104523,0.4860066006600663,1.1346507150715073,-0.07650440044004403,-0.087200220022002,0.3330445544554455,-0.5387183718371836,-0.358495599559956,-0.006806930693069341,23879.16116611661,1.628933143615722
0.22260451045104523,0.45600660066006626,1.1446507150715073,-0.05650440044004401,-0.017200220022002055,0.3230445544554455,-0.5587183718371836,-0.36849559955995603,0.003193069306930668,23650.16116611661,1.633217525482177
0.21260451045104523,0.4660066006600663,1.1846507150715073,-0.046504400440044,-0.03720022002200207,0.37304455445544554,-0.5287183718371836,-0.358495599559956,0.003193069306930668,23781.16116611661,1.637233924865722
0.21260451045104523,0.4060066006600662,1.1546507150715073,-0.02650440044004404,-0.007200220022002046,0.38304455445544555,-0.5487183718371836,-0.328495599559956,0.003193069306930668,23912.16116611661,1.6402687549591022
0.23260451045104524,0.44600660066006625,1.1046507150715072,-0.01650440044004403,0.012799779977997972,0.41304455445544547,-0.5487183718371836,-0.348495599559956,-0.006806930693069341,23333.16116611661,1.6402687549591022
0.20260451045104522,0.43600660066006625,1.1046507150715072,-0.02650440044004404,0.02279977997799798,0.41304455445544547,-0.5687183718371837,-0.348495599559956,-0.006806930693069341,22780.16116611661,1.6443254470825188
0.20260451045104522,0.42600660066006624,1.0746507150715072,-0.0065044004400440225,0.02279977997799798,0.49304455445544554,-0.5087183718371836,-0.338495599559956,0.023193069306930658,22969.16116611661,1.6493713378906243
0.14260451045104516,0.45600660066006626,1.1046507150715072,0.0034955995599559864,0.08279977997799792,0.4630445544554455,-0.5687183718371837,-0.318495599559956,0.013193069306930663,22514.16116611661,1.6534029960632317
0.13260451045104515,0.42600660066006624,1.0446507150715072,-0.01650440044004403,0.12279977997799796,0.4630445544554455,-0.5087183718371836,-0.318495599559956,0.013193069306930663,22349.16116611661,1.6539513587951689
0.12260451045104515,0.44600660066006625,1.0546507150715072,0.0034955995599559864,0.14279977997799798,0.4630445544554455,-0.5387183718371836,-0.30849559955995604,-0.006806930693069341,21874.16116611661,1.6579687118530266
0.12260451045104515,0.42600660066006624,1.0746507150715072,0.0034955995599559864,0.162799779977998,0.4730445544554455,-0.5087183718371836,-0.298495599559956,0.03319306930693067,21615.16116611661,1.661396694183349
0.10260451045104524,0.42600660066006624,1.0846507150715072,0.013495599559955995,0.19279977997799802,0.41304455445544547,-0.5087183718371836,-0.30849559955995604,0.023193069306930658,20820.16116611661,1.6659645557403593
0.07260451045104521,0.43600660066006625,1.0546507150715072,0.053495599559955975,0.23279977997799806,0.4330445544554455,-0.5187183718371836,-0.30849559955995604,0.023193069306930658,20653.16116611661,1.6659645557403593
0.09260451045104523,0.42600660066006624,1.0246507150715074,0.053495599559955975,0.26279977997799786,0.4530445544554455,-0.48871837183718364,-0.288495599559956,0.003193069306930668,20370.16116611661,1.6700374603271477
0.052604510451045194,0.4860066006600663,0.9946507150715074,0.09349559955995601,0.26279977997799786,0.4530445544554455,-0.49871837183718365,-0.328495599559956,0.003193069306930668,19989.16116611661,1.674063873291015
0.022604510451045168,0.44600660066006625,0.9246507150715073,0.12349559955995604,0.3227997799779979,0.4230445544554455,-0.4687183718371837,-0.288495599559956,0.023193069306930658,19460.16116611661,1.6777059555053704
0.03260451045104518,0.43600660066006625,0.9446507150715073,0.12349559955995604,0.35279977997799794,0.4730445544554455,-0.48871837183718364,-0.318495599559956,0.03319306930693067,18929.16116611661,1.6785389900207512
0.022604510451045168,0.44600660066006625,0.8746507150715073,0.11349559955995603,0.38279977997799797,0.5330445544554454,-0.48871837183718364,-0.30849559955995604,0.04319306930693066,18536.16116611661,1.6818058013916009
-0.027395489548954766,0.4960066006600663,0.8546507150715072,0.11349559955995603,0.422799779977998,0.5430445544554454,-0.47871837183718363,-0.298495599559956,0.04319306930693066,17959.16116611661,1.6865493774414055
-0.04739548954895478,0.4860066006600663,0.8246507150715072,0.14349559955995594,0.422799779977998,0.5930445544554455,-0.48871837183718364,-0.25849559955995605,0.07319306930693067,17746.16116611661,1.689531755447387
-0.08739548954895482,0.4760066006600663,0.8046507150715072,0.14349559955995594,0.422799779977998,0.5930445544554455,-0.45871837183718367,-0.248495599559956,0.08319306930693066,17601.16116611661,1.6905602931976311
-0.037395489548954775,0.44600660066006625,0.7846507150715072,0.16349559955995596,0.432799779977998,0.6430445544554455,-0.43871837183718365,-0.248495599559956,0.07319306930693067,17424.16116611661,1.6950616359710686
-0.027395489548954766,0.4660066006600663,0.7446507150715074,0.16349559955995596,0.45279977997799803,0.6530445544554455,-0.43871837183718365,-0.248495599559956,0.10319306930693067,16899.16116611661,1.6986720085144036
-0.027395489548954766,0.44600660066006625,0.7246507150715074,0.203495599559956,0.46279977997799804,0.6830445544554455,-0.35871837183718364,-0.22849559955995602,0.08319306930693066,16288.161166116612,1.7026819705963163
-0.05739548954895479,0.44600660066006625,0.7246507150715074,0.22349559955995602,0.5027997799779981,0.6930445544554455,-0.45871837183718367,-0.218495599559956,0.11319306930693065,16231.161166116612,1.7026819705963163
-0.08739548954895482,0.44600660066006625,0.7146507150715073,0.24349559955995603,0.5227997799779979,0.7530445544554456,-0.4087183718371836,-0.23849559955995603,0.09319306930693066,16258.161166116612,1.7059685707092278
-0.0673954895489548,0.4060066006600662,0.6846507150715073,0.24349559955995603,0.5427997799779979,0.7630445544554456,-0.4087183718371836,-0.17849559955995603,0.10319306930693067,16209.161166116612,1.7106821060180621
-0.07739548954895481,0.3960066006600662,0.6746507150715073,0.193495599559956,0.5927997799779979,0.7630445544554456,-0.41871837183718363,-0.20849559955995603,0.10319306930693067,15638.161166116612,1.714706373214721
-0.05739548954895479,0.3960066006600662,0.6046507150715072,0.25349559955995593,0.612799779977998,0.7830445544554454,-0.38871837183718366,-0.158495599559956,0.14319306930693065,15929.161166116612,1.71900029182434
-0.09739548954895483,0.3960066006600662,0.6046507150715072,0.29349559955995597,0.652799779977998,0.7430445544554456,-0.38871837183718366,-0.16849559955995602,0.15319306930693066,15912.161166116612,1.71900029182434
-0.11739548954895485,0.3760066006600662,0.6046507150715072,0.22349559955995602,0.712799779977998,0.7730445544554456,-0.36871837183718364,-0.138495599559956,0.16319306930693067,15669.161166116612,1.7223321914672844
-0.11739548954895485,0.3860066006600662,0.5646507150715072,0.23349559955995602,0.712799779977998,0.8230445544554454,-0.37871837183718365,-0.148495599559956,0.14319306930693065,15814.161166116612,1.7266478061676018
-0.10739548954895484,0.3660066006600662,0.5446507150715072,0.27349559955995595,0.7327997799779981,0.8030445544554454,-0.3987183718371836,-0.138495599559956,0.14319306930693065,16115.161166116612,1.7311608314514153
-0.12739548954895485,0.3460066006600664,0.5646507150715072,0.26349559955995594,0.7727997799779979,0.8130445544554454,-0.3987183718371836,-0.148495599559956,0.15319306930693066,15574.161166116612,1.7321784019470208
-0.13739548954895486,0.31600660066006636,0.5246507150715074,0.323495599559956,0.712799779977998,0.9130445544554455,-0.3987183718371836,-0.138495599559956,0.11319306930693065,15745.161166116612,1.7361795425415032
-0.11739548954895485,0.30600660066006635,0.5046507150715074,0.313495599559956,0.7427997799779981,0.9230445544554455,-0.41871837183718363,-0.16849559955995602,0.09319306930693066,16204.161166116612,1.7394628047943108
-0.14739548954895476,0.28600660066006633,0.5146507150715074,0.36349559955995603,0.7827997799779979,0.9430445544554455,-0.42871837183718364,-0.17849559955995603,0.11319306930693065,16281.161166116612,1.7434572696685784
-0.16739548954895478,0.2460066006600663,0.48465071507150737,0.36349559955995603,0.7727997799779979,0.9830445544554454,-0.45871837183718367,-0.16849559955995602,0.10319306930693067,15888.161166116612,1.7434572696685784
-0.16739548954895478,0.2360066006600663,0.4946507150715074,0.37349559955995604,0.7627997799779979,1.0430445544554454,-0.44871837183718366,-0.17849559955995603,0.07319306930693067,16033.161166116612,1.747038793563842
-0.14739548954895476,0.17600660066006624,0.48465071507150737,0.38349559955995594,0.7727997799779979,1.0630445544554454,-0.45871837183718367,-0.22849559955995602,0.09319306930693066,16468.16116611661,1.7522670745849602
-0.11739548954895485,0.1460066006600662,0.46465071507150735,0.433495599559956,0.7627997799779979,1.0430445544554454,-0.4687183718371837,-0.23849559955995603,0.05319306930693066,16883.16116611661,1.7558052062988274
-0.10739548954895484,0.11600660066006618,0.44465071507150733,0.453495599559956,0.7527997799779981,1.0930445544554455,-0.4687183718371837,-0.23849559955995603,0.05319306930693066,17346.16116611661,1.7558052062988274
-0.11739548954895485,0.06600660066006636,0.46465071507150735,0.443495599559956,0.7727997799779979,1.1130445544554455,-0.4687183718371837,-0.20849559955995603,0.06319306930693067,17571.16116611661,1.7598030090332024
-0.14739548954895476,0.05600660066006635,0.4346507150715073,0.483495599559956,0.8027997799779979,1.1030445544554455,-0.47871837183718363,-0.26849559955995606,0.05319306930693066,17954.16116611661,1.7637979507446282
-0.14739548954895476,0.07600660066006637,0.4346507150715073,0.49349559955995603,0.8027997799779979,1.1530445544554455,-0.4687183718371837,-0.248495599559956,0.05319306930693066,18259.16116611661,1.768168401718139
-0.11739548954895485,0.026006600660066326,0.4246507150715073,0.523495599559956,0.8027997799779979,1.1630445544554455,-0.4687183718371837,-0.23849559955995603,0.06319306930693067,18496.16116611661,1.768168401718139
-0.13739548954895486,0.016006600660066317,0.4146507150715073,0.563495599559956,0.7627997799779979,1.1930445544554455,-0.44871837183718366,-0.218495599559956,0.06319306930693067,18785.16116611661,1.772286128997802
-0.12739548954895485,0.046006600660066344,0.3846507150715073,0.593495599559956,0.7527997799779981,1.2030445544554456,-0.43871837183718365,-0.22849559955995602,0.07319306930693067,19320.16116611661,1.77626891136169
-0.12739548954895485,-0.01399339933993371,0.33465071507150734,0.573495599559956,0.7627997799779979,1.2330445544554454,-0.4687183718371837,-0.218495599559956,0.06319306930693067,19391.16116611661,1.7802819728851276
-0.14739548954895476,-0.03399339933993373,0.35465071507150725,0.603495599559956,0.7327997799779981,1.2930445544554454,-0.45871837183718367,-0.25849559955995605,0.08319306930693066,19636.16116611661,1.7812852382659905
-0.16739548954895478,-0.003993399339933701,0.33465071507150734,0.583495599559956,0.712799779977998,1.3130445544554454,-0.47871837183718363,-0.23849559955995603,0.10319306930693067,20085.16116611661,1.7842690467834466
-0.1773954895489548,-0.02399339933993372,0.34465071507150724,0.593495599559956,0.702799779977998,1.3330445544554455,-0.48871837183718364,-0.298495599559956,0.04319306930693066,20840.16116611661,1.788496685028079
-0.20739548954895481,0.006006600660066308,0.36465071507150726,0.593495599559956,0.692799779977998,1.3530445544554455,-0.48871837183718364,-0.288495599559956,0.05319306930693066,21083.16116611661,1.7924673080444364
-0.20739548954895481,0.006006600660066308,0.32465071507150733,0.583495599559956,0.712799779977998,1.3730445544554455,-0.49871837183718365,-0.288495599559956,0.05319306930693066,20870.16116611661,1.7935223102569608
-0.1773954895489548,-0.02399339933993372,0.3146507150715073,0.593495599559956,0.702799779977998,1.3830445544554455,-0.48871837183718364,-0.278495599559956,0.03319306930693067,20525.16116611661,1.796262216567996
-0.16739548954895478,-0.03399339933993373,0.2746507150715073,0.613495599559956,0.672799779977998,1.4230445544554455,-0.5287183718371836,-0.278495599559956,0.023193069306930658,20902.16116611661,1.801270914077758
-0.20739548954895481,-0.01399339933993371,0.23465071507150725,0.593495599559956,0.682799779977998,1.4330445544554455,-0.5087183718371836,-0.288495599559956,0.023193069306930658,21365.16116611661,1.8044988632202106
-0.24739548954895485,-0.003993399339933701,0.24465071507150726,0.563495599559956,0.672799779977998,1.4830445544554454,-0.5287183718371836,-0.278495599559956,0.023193069306930658,21394.16116611661,1.8054012775421135
-0.22739548954895483,-0.043993399339933736,0.21465071507150735,0.563495599559956,0.662799779977998,1.4730445544554454,-0.5587183718371836,-0.26849559955995606,0.023193069306930658,21317.16116611661,1.8090259552001946
-0.21739548954895482,-0.043993399339933736,0.21465071507150735,0.563495599559956,0.662799779977998,1.5030445544554454,-0.5287183718371836,-0.278495599559956,0.04319306930693066,21642.16116611661,1.8132400035858112
-0.22739548954895483,-0.02399339933993372,0.1746507150715073,0.593495599559956,0.672799779977998,1.4730445544554454,-0.5287183718371836,-0.25849559955995605,0.023193069306930658,21819.16116611661,1.8172368526458769
-0.1773954895489548,-0.10399339933993368,0.1746507150715073,0.603495599559956,0.682799779977998,1.4630445544554456,-0.5287183718371836,-0.248495599559956,0.03319306930693067,22778.16116611661,1.8212530136108391
-0.20739548954895481,-0.1339933993399337,0.18465071507150732,0.633495599559956,0.672799779977998,1.4330445544554455,-0.5387183718371836,-0.25849559955995605,0.023193069306930658,22583.16116611661,1.8222372055053704
-0.20739548954895481,-0.1339933993399337,0.13465071507150728,0.643495599559956,0.662799779977998,1.4430445544554455,-0.49871837183718365,-0.248495599559956,0.04319306930693066,22490.16116611661,1.8255707740783684
-0.1773954895489548,-0.16399339933993373,0.1646507150715073,0.7034955995599559,0.622799779977998,1.3830445544554455,-0.4687183718371837,-0.25849559955995605,0.04319306930693066,22749.16116611661,1.8288788318634026
-0.1973954895489548,-0.10399339933993368,0.18465071507150732,0.7034955995599559,0.632799779977998,1.3730445544554455,-0.5187183718371836,-0.218495599559956,0.05319306930693066,22760.16116611661,1.8331725120544426
-0.20739548954895481,-0.15399339933993372,0.1646507150715073,0.7334955995599559,0.672799779977998,1.3530445544554455,-0.5187183718371836,-0.248495599559956,0.013193069306930663,23215.16116611661,1.834234189987182
-0.1973954895489548,-0.16399339933993373,0.1546507150715073,0.7334955995599559,0.642799779977998,1.3730445544554455,-0.48871837183718364,-0.22849559955995602,0.023193069306930658,23416.16116611661,1.8372663974761991
-0.22739548954895483,-0.17399339933993374,0.10465071507150725,0.7134955995599559,0.682799779977998,1.3530445544554455,-0.45871837183718367,-0.278495599559956,0.05319306930693066,22961.16116611661,1.841541957855224
-0.21739548954895482,-0.19399339933993376,0.12465071507150727,0.6934955995599559,0.642799779977998,1.3930445544554455,-0.43871837183718365,-0.218495599559956,0.08319306930693066,23290.16116611661,1.8461038589477567
-0.21739548954895482,-0.21399339933993367,0.11465071507150726,0.6734955995599561,0.692799779977998,1.4030445544554455,-0.41871837183718363,-0.19849559955995602,0.09319306930693066,23109.16116611661,1.8461038589477567
-0.22739548954895483,-0.19399339933993376,0.10465071507150725,0.613495599559956,0.702799779977998,1.4130445544554455,-0.41871837183718363,-0.20849559955995603,0.04319306930693066,23040.16116611661,1.8495878696441643
-0.22739548954895483,-0.20399339933993366,0.12465071507150727,0.603495599559956,0.712799779977998,1.4230445544554455,-0.38871837183718366,-0.23849559955995603,0.06319306930693067,22747.16116611661,1.8543781757354765
-0.24739548954895485,-0.2539933993399337,0.13465071507150728,0.583495599559956,0.7427997799779981,1.4030445544554455,-0.44871837183718366,-0.22849559955995602,0.03319306930693067,22456.16116611661,1.8583700180053704
-0.26739548954895476,-0.2639933993399337,0.12465071507150727,0.563495599559956,0.7427997799779981,1.4530445544554456,-0.4087183718371836,-0.16849559955995602,0.10319306930693067,22447.16116611661,1.8583700180053704
-0.24739548954895485,-0.2639933993399337,0.14465071507150729,0.533495599559956,0.7327997799779981,1.4630445544554456,-0.35871837183718364,-0.10849559955995602,0.10319306930693067,22820.16116611661,1.8630010604858391
-0.24739548954895485,-0.29399339933993374,0.07465071507150733,0.543495599559956,0.7427997799779981,1.4530445544554456,-0.3487183718371836,-0.12849559955995604,0.12319306930693066,22165.16116611661,1.8670260429382317
-0.27739548954895477,-0.32399339933993376,0.10465071507150725,0.573495599559956,0.702799779977998,1.4830445544554454,-0.26871837183718367,-0.088495599559956,0.13319306930693067,22642.16116611661,1.8710283756256096
-0.27739548954895477,-0.32399339933993376,0.12465071507150727,0.583495599559956,0.692799779977998,1.4730445544554454,-0.21871837183718362,-0.088495599559956,0.15319306930693066,22509.16116611661,1.8710283756256096
-0.27739548954895477,-0.32399339933993376,0.11465071507150726,0.603495599559956,0.662799779977998,1.4830445544554454,-0.24871837183718365,-0.09849559955995602,0.15319306930693066,22722.16116611661,1.8750285625457757
-0.3173954895489548,-0.3539933993399337,0.10465071507150725,0.613495599559956,0.652799779977998,1.4130445544554455,-0.23871837183718364,-0.048495599559956026,0.17319306930693065,23201.16116611661,1.8790282726287835
-0.2973954895489548,-0.30399339933993375,0.12465071507150727,0.553495599559956,0.712799779977998,1.4530445544554456,-0.23871837183718364,-0.018495599559956,0.2131930693069307,22798.16116611661,1.8830260753631585
-0.34739548954895483,-0.31399339933993375,0.12465071507150727,0.563495599559956,0.712799779977998,1.4330445544554455,-0.21871837183718362,0.02150440044004398,0.23319306930693065,22855.16116611661,1.8865208148956292
-0.34739548954895483,-0.33399339933993366,0.06465071507150733,0.603495599559956,0.672799779977998,1.4430445544554455,-0.24871837183718365,0.08150440044004398,0.24319306930693066,22916.16116611661,1.8865208148956292
-0.35739548954895484,-0.29399339933993374,0.08465071507150734,0.563495599559956,0.712799779977998,1.4130445544554455,-0.19871837183718366,0.13150440044004402,0.27319306930693066,23201.16116611661,1.8903994083404498
-0.3873954895489548,-0.3539933993399337,0.0346507150715073,0.583495599559956,0.702799779977998,1.3530445544554455,-0.14871837183718362,0.17150440044004395,0.28319306930693067,22978.16116611661,1.895328474044799
-0.3673954895489548,-0.3939933993399337,0.014650715071507281,0.613495599559956,0.712799779977998,1.3230445544554454,-0.1287183718371836,0.20150440044004397,0.2931930693069307,22881.16116611661,1.8981902122497587
-0.3773954895489548,-0.3539933993399337,0.02465071507150729,0.593495599559956,0.712799779977998,1.2930445544554454,-0.1387183718371836,0.231504400440044,0.3131930693069307,22462.16116611661,1.899250936508178
-0.3373954895489548,-0.32399339933993376,0.0346507150715073,0.563495599559956,0.7427997799779981,1.2930445544554454,-0.07871837183718366,0.28150440044004393,0.3431930693069306,22227.16116611661,1.9032525539398186
-0.3373954895489548,-0.3939933993399337,-0.005349284928492737,0.5134955995599559,0.7827997799779979,1.2430445544554454,-0.09871837183718368,0.28150440044004393,0.3531930693069306,22054.16116611661,1.9082555294036858
-0.2873954895489548,-0.3539933993399337,-0.005349284928492737,0.463495599559956,0.8227997799779979,1.2130445544554456,0.011281628162816304,0.30150440044004395,0.37319306930693064,21953.16116611661,1.91084880828857
-0.3073954895489548,-0.33399339933993366,0.0346507150715073,0.553495599559956,0.7527997799779981,1.2230445544554454,-0.03871837183718363,0.371504400440044,0.39319306930693065,21610.16116611661,1.9115342617034905
-0.35739548954895484,-0.29399339933993374,0.014650715071507281,0.49349559955995603,0.7827997799779979,1.2330445544554454,-0.01871837183718361,0.361504400440044,0.40319306930693066,21119.16116611661,1.9148115634918206
-0.2873954895489548,-0.33399339933993366,0.054650715071507316,0.483495599559956,0.7327997799779981,1.2630445544554454,0.03128162816281632,0.41150440044004394,0.4231930693069307,20580.16116611661,1.9195463180541985
-0.3273954895489548,-0.3639933993399337,0.0346507150715073,0.483495599559956,0.8027997799779979,1.1530445544554455,0.09128162816281638,0.351504400440044,0.4631930693069307,20301.16116611661,1.9235634326934807
-0.3073954895489548,-0.3639933993399337,0.06465071507150733,0.553495599559956,0.8027997799779979,1.1230445544554455,0.06128162816281635,0.41150440044004394,0.4731930693069307,20440.16116611661,1.9245626449584954
-0.2873954895489548,-0.32399339933993376,0.02465071507150729,0.523495599559956,0.8527997799779979,1.0430445544554454,0.09128162816281638,0.41150440044004394,0.48319306930693073,20043.16116611661,1.928132486343383
-0.35739548954895484,-0.34399339933993367,-0.005349284928492737,0.473495599559956,0.8127997799779979,0.9730445544554454,0.11128162816281639,0.40150440044004393,0.5531930693069307,19756.16116611661,1.9321546077728264
-0.3673954895489548,-0.32399339933993376,-0.005349284928492737,0.5034955995599559,0.862799779977998,0.9630445544554456,0.1312816281628164,0.42150440044004395,0.5531930693069307,19473.16116611661,1.9364239692687981
-0.4073954895489548,-0.31399339933993375,-0.07534928492849269,0.49349559955995603,0.8027997799779979,0.9630445544554456,0.1312816281628164,0.40150440044004393,0.5731930693069307,18986.16116611661,1.9374362945556634
-0.3873954895489548,-0.32399339933993376,-0.0953492849284927,0.433495599559956,0.8227997799779979,0.9330445544554455,0.16128162816281633,0.511504400440044,0.5731930693069307,18441.16116611661,1.94082064628601
-0.3873954895489548,-0.29399339933993374,-0.04534928492849266,0.433495599559956,0.7927997799779979,1.0430445544554454,0.15128162816281632,0.461504400440044,0.5831930693069307,18150.16116611661,1.944920253753665
-0.3673954895489548,-0.2839933993399337,-0.0953492849284927,0.38349559955995594,0.8427997799779979,0.9730445544554454,0.17128162816281634,0.521504400440044,0.6131930693069307,17739.16116611661,1.9479841709136956
-0.3173954895489548,-0.32399339933993376,-0.0853492849284927,0.39349559955995594,0.8027997799779979,0.9530445544554456,0.16128162816281633,0.531504400440044,0.6731930693069307,17584.16116611661,1.9479841709136956
-0.3273954895489548,-0.31399339933993375,-0.0853492849284927,0.38349559955995594,0.8127997799779979,0.9530445544554456,0.18128162816281634,0.511504400440044,0.7131930693069307,17111.16116611661,1.9530634403228788
-0.35739548954895484,-0.3539933993399337,-0.0953492849284927,0.38349559955995594,0.7927997799779979,0.9430445544554455,0.19128162816281635,0.521504400440044,0.7231930693069307,16860.16116611661,1.956133556365966
-0.34739548954895483,-0.31399339933993375,-0.10534928492849271,0.38349559955995594,0.7927997799779979,0.9230445544554455,0.22128162816281638,0.551504400440044,0.7331930693069307,16187.161166116612,1.9611722946166985
-0.34739548954895483,-0.32399339933993376,-0.05534928492849267,0.333495599559956,0.7827997799779979,0.9330445544554455,0.20128162816281636,0.571504400440044,0.7531930693069306,16300.161166116612,1.9642471790313678
-0.3773954895489548,-0.3739933993399337,-0.03534928492849265,0.313495599559956,0.7927997799779979,0.9430445544554455,0.2312816281628164,0.551504400440044,0.7831930693069307,16483.16116611661,1.9642471790313678
-0.3773954895489548,-0.3739933993399337,-0.06534928492849268,0.29349559955995597,0.7827997799779979,0.9530445544554456,0.2612816281628163,0.561504400440044,0.7831930693069307,16072.161166116612,1.969265174865722
-0.3673954895489548,-0.32399339933993376,-0.0853492849284927,0.28349559955995596,0.7527997799779981,0.9230445544554455,0.30128162816281634,0.571504400440044,0.8031930693069307,15813.161166116612,1.973235082626342
-0.3673954895489548,-0.33399339933993366,-0.05534928492849267,0.303495599559956,0.7827997799779979,0.8830445544554455,0.29128162816281633,0.601504400440044,0.8131930693069307,15292.161166116612,1.9765350341796868
-0.3273954895489548,-0.31399339933993375,-0.025349284928492755,0.17349559955995597,0.8127997799779979,0.8430445544554455,0.31128162816281635,0.591504400440044,0.8431930693069307,14997.161166116612,1.9772357463836663
-0.3973954895489548,-0.34399339933993367,0.014650715071507281,0.193495599559956,0.8127997799779979,0.8130445544554454,0.31128162816281635,0.601504400440044,0.8131930693069307,14954.161166116612,1.981246900558471
-0.3673954895489548,-0.30399339933993375,0.004650715071507272,0.22349559955995602,0.8427997799779979,0.8030445544554454,0.32128162816281636,0.6215044004400441,0.8131930693069307,14663.161166116612,1.9852840423583977
-0.3773954895489548,-0.2739933993399337,0.07465071507150733,0.17349559955995597,0.8427997799779979,0.7430445544554456,0.3412816281628164,0.6315044004400441,0.8531930693069307,14674.161166116612,1.9889449596405022
-0.3673954895489548,-0.2639933993399337,0.11465071507150726,0.18349559955995598,0.8327997799779979,0.7530445544554456,0.3512816281628164,0.601504400440044,0.9331930693069307,14899.161166116612,1.9900168895721428
-0.4073954895489548,-0.29399339933993374,0.07465071507150733,0.16349559955995596,0.8127997799779979,0.7430445544554456,0.3612816281628164,0.6215044004400441,0.9531930693069307,14776.161166116612,1.993015003204345
-0.41739548954895483,-0.29399339933993374,-0.015349284928492746,0.15349559955995595,0.7927997799779979,0.7130445544554456,0.3612816281628164,0.6715044004400441,0.9531930693069307,14239.161166116612,1.9980148792266839
-0.3873954895489548,-0.2539933993399337,0.004650715071507272,0.16349559955995596,0.8027997799779979,0.7030445544554456,0.32128162816281636,0.6715044004400441,0.9631930693069307,13876.161166116612,2.001346063613891
-0.3873954895489548,-0.2839933993399337,0.04465071507150731,0.14349559955995594,0.8227997799779979,0.6930445544554455,0.3612816281628164,0.6515044004400441,0.9531930693069307,14649.161166116612,2.0022556304931634
-0.4073954895489548,-0.2539933993399337,0.04465071507150731,0.12349559955995604,0.8027997799779979,0.6830445544554455,0.3712816281628164,0.6415044004400441,0.9431930693069307,14536.161166116612,2.0054463863372796
-0.3773954895489548,-0.2539933993399337,0.02465071507150729,0.14349559955995594,0.7727997799779979,0.6630445544554455,0.3812816281628164,0.6815044004400441,0.9531930693069307,14407.161166116612,2.0097672462463336
-0.4073954895489548,-0.20399339933993366,0.04465071507150731,0.13349559955995594,0.7627997799779979,0.6830445544554455,0.42128162816281645,0.6915044004400441,0.9631930693069307,14122.161166116612,2.0143701553344755
-0.3773954895489548,-0.20399339933993366,0.004650715071507272,0.11349559955995603,0.7527997799779981,0.6830445544554455,0.41128162816281644,0.6315044004400441,0.9731930693069307,13951.161166116612,2.0143701553344755
-0.3773954895489548,-0.18399339933993375,0.04465071507150731,0.12349559955995604,0.7327997799779981,0.6430445544554455,0.45128162816281625,0.6515044004400441,0.9831930693069307,13876.161166116612,2.0173713684082024
-0.3673954895489548,-0.22399339933993367,0.054650715071507316,0.06349559955995598,0.7527997799779981,0.6430445544554455,0.46128162816281626,0.6815044004400441,0.9831930693069307,13863.161166116612,2.021949005126956
-0.34739548954895483,-0.18399339933993375,0.054650715071507316,0.053495599559955975,0.7727997799779979,0.6030445544554455,0.45128162816281625,0.6515044004400441,1.0731930693069305,13842.161166116612,2.025528383255004
-0.34739548954895483,-0.17399339933993374,0.07465071507150733,0.083495599559956,0.7827997799779979,0.5730445544554454,0.45128162816281625,0.6815044004400441,1.0531930693069307,13969.161166116612,2.0265404701232903
-0.34739548954895483,-0.19399339933993376,0.054650715071507316,0.083495599559956,0.7427997799779981,0.5830445544554455,0.43128162816281645,0.7215044004400439,1.0931930693069305,14328.161166116612,2.02962679862976
-0.3373954895489548,-0.21399339933993367,0.054650715071507316,0.06349559955995598,0.7627997799779979,0.6030445544554455,0.44128162816281646,0.731504400440044,1.1331930693069305,14227.161166116612,2.034683179855346
-0.34739548954895483,-0.21399339933993367,0.02465071507150729,0.06349559955995598,0.712799779977998,0.5730445544554454,0.43128162816281645,0.7115044004400439,1.1531930693069306,14262.161166116612,2.038702201843261
-0.35739548954895484,-0.22399339933993367,0.02465071507150729,0.06349559955995598,0.712799779977998,0.5730445544554454,0.4912816281628163,0.7115044004400439,1.1931930693069306,13665.161166116612,2.0420972824096673
-0.3873954895489548,-0.22399339933993367,0.0346507150715073,0.053495599559955975,0.702799779977998,0.5530445544554454,0.5112816281628163,0.791504400440044,1.1631930693069306,13954.161166116612,2.0427367210388176
-0.3273954895489548,-0.23399339933993368,0.0346507150715073,0.043495599559955966,0.672799779977998,0.5330445544554454,0.5312816281628163,0.791504400440044,1.2131930693069306,14685.161166116612,2.046739053726199
-0.3273954895489548,-0.19399339933993376,0.02465071507150729,0.023495599559956004,0.692799779977998,0.5230445544554456,0.5312816281628163,0.801504400440044,1.2331930693069306,14580.161166116612,2.0505156040191643
-0.3373954895489548,-0.20399339933993366,0.02465071507150729,0.013495599559955995,0.652799779977998,0.5430445544554454,0.5012816281628163,0.801504400440044,1.2631930693069306,14557.161166116612,2.054499101638797
-0.3373954895489548,-0.22399339933993367,-0.015349284928492746,0.013495599559955995,0.652799779977998,0.5330445544554454,0.5712816281628164,0.811504400440044,1.2631930693069306,14716.161166116612,2.054499101638797
-0.34739548954895483,-0.21399339933993367,-0.03534928492849265,0.023495599559956004,0.642799779977998,0.5330445544554454,0.5612816281628163,0.821504400440044,1.3031930693069307,14831.161166116612,2.0588891029357903
-0.35739548954895484,-0.2439933993399337,-0.03534928492849265,0.0034955995599559864,0.642799779977998,0.5130445544554456,0.5912816281628164,0.841504400440044,1.3431930693069305,14740.161166116612,2.0639178276062005
-0.3273954895489548,-0.2739933993399337,-0.05534928492849267,0.0034955995599559864,0.642799779977998,0.5030445544554456,0.5712816281628164,0.831504400440044,1.3731930693069305,14919.161166116612,2.0669176101684563
-0.3673954895489548,-0.2839933993399337,-0.06534928492849268,-0.01650440044004403,0.612799779977998,0.5130445544554456,0.5912816281628164,0.851504400440044,1.3731930693069305,15280.161166116612,2.0669176101684563
-0.35739548954895484,-0.2839933993399337,-0.10534928492849271,-0.01650440044004403,0.5927997799779979,0.4730445544554455,0.5812816281628164,0.851504400440044,1.3931930693069305,15395.161166116612,2.0714036941528313
-0.35739548954895484,-0.2739933993399337,-0.04534928492849266,-0.01650440044004403,0.5927997799779979,0.4630445544554455,0.5812816281628164,0.8715044004400441,1.4031930693069306,15638.161166116612,2.0750019073486357
-0.34739548954895483,-0.2839933993399337,-0.07534928492849269,-0.01650440044004403,0.6027997799779979,0.4530445544554455,0.5712816281628164,0.851504400440044,1.4431930693069306,15683.161166116612,2.07871503829956
-0.3873954895489548,-0.2539933993399337,-0.06534928492849268,-0.02650440044004404,0.5827997799779979,0.4330445544554455,0.6212816281628164,0.8715044004400441,1.4631930693069306,16054.161166116612,2.079762649536132
-0.3673954895489548,-0.29399339933993374,-0.05534928492849267,-0.036504400440043994,0.5627997799779979,0.4230445544554455,0.6212816281628164,0.8715044004400441,1.4931930693069306,16583.16116611661,2.08351464271545
-0.3673954895489548,-0.29399339933993374,-0.0853492849284927,-0.02650440044004404,0.5527997799779979,0.4430445544554455,0.6012816281628164,0.8815044004400441,1.5331930693069307,17110.16116611661,2.0867797851562493
-0.35739548954895484,-0.29399339933993374,-0.03534928492849265,-0.046504400440044,0.5227997799779979,0.4430445544554455,0.6512816281628164,0.8715044004400441,1.5231930693069307,17155.16116611661,2.0915657997131305
-0.3673954895489548,-0.2839933993399337,-0.06534928492849268,-0.046504400440044,0.5227997799779979,0.4330445544554455,0.6212816281628164,0.9015044004400441,1.5231930693069307,17760.16116611661,2.0925061225891106
-0.3373954895489548,-0.2739933993399337,-0.03534928492849265,-0.02650440044004404,0.5127997799779979,0.41304455445544547,0.6712816281628164,0.8915044004400441,1.5231930693069307,18001.16116611661,2.095506620407104
-0.34739548954895483,-0.29399339933993374,-0.025349284928492755,-0.046504400440044,0.5127997799779979,0.39304455445544556,0.6212816281628164,0.8915044004400441,1.5431930693069307,18000.16116611661,2.0995461463928216
-0.34739548954895483,-0.32399339933993376,-0.03534928492849265,-0.046504400440044,0.47279977997799805,0.39304455445544556,0.6112816281628164,0.9115044004400441,1.5531930693069307,18603.16116611661,2.103614997863769
-0.3373954895489548,-0.30399339933993375,-0.03534928492849265,-0.036504400440043994,0.49279977997799806,0.41304455445544547,0.6312816281628164,0.9215044004400441,1.5631930693069305,18930.16116611661,2.107701015472408
-0.35739548954895484,-0.29399339933993374,-0.0853492849284927,-0.02650440044004404,0.45279977997799803,0.41304455445544547,0.5912816281628164,0.9115044004400441,1.5631930693069305,19163.16116611661,2.1086289405822747
-0.34739548954895483,-0.32399339933993376,-0.05534928492849267,-0.036504400440043994,0.47279977997799805,0.41304455445544547,0.6212816281628164,0.9315044004400441,1.5631930693069305,19400.16116611661,2.1124150276184075
-0.35739548954895484,-0.30399339933993375,-0.03534928492849265,-0.06650440044004402,0.46279977997799804,0.3430445544554455,0.6412816281628164,0.9415044004400441,1.5631930693069305,19701.16116611661,2.1167726039886468
-0.3373954895489548,-0.29399339933993374,-0.025349284928492755,-0.046504400440044,0.46279977997799804,0.37304455445544554,0.6112816281628164,0.9415044004400441,1.5731930693069305,19952.16116611661,2.119931888580318
-0.3373954895489548,-0.30399339933993375,-0.015349284928492746,-0.05650440044004401,0.432799779977998,0.3530445544554455,0.6212816281628164,0.9715044004400439,1.5431930693069307,19737.16116611661,2.1209647178649895
-0.3273954895489548,-0.30399339933993375,0.004650715071507272,-0.07650440044004403,0.412799779977998,0.3330445544554455,0.5912816281628164,0.9715044004400439,1.5431930693069307,19834.16116611661,2.125135850906368
-0.34739548954895483,-0.2839933993399337,-0.04534928492849266,-0.09650440044004399,0.412799779977998,0.3330445544554455,0.6212816281628164,1.001504400440044,1.5431930693069307,20005.16116611661,2.12925310134888
-0.3373954895489548,-0.32399339933993376,-0.04534928492849266,-0.08650440044004404,0.392799779977998,0.3530445544554455,0.6112816281628164,1.031504400440044,1.5531930693069307,20186.16116611661,2.1323167800903278
-0.3173954895489548,-0.31399339933993375,-0.025349284928492755,-0.106504400440044,0.37279977997799796,0.3530445544554455,0.6112816281628164,1.041504400440044,1.5231930693069307,20241.16116611661,2.1332251548767083
-0.3373954895489548,-0.31399339933993375,-0.03534928492849265,-0.11650440044004401,0.38279977997799797,0.3230445544554455,0.6112816281628164,1.061504400440044,1.5031930693069306,20222.16116611661,2.1372248649597196
-0.3273954895489548,-0.32399339933993376,-0.0853492849284927,-0.09650440044004399,0.35279977997799794,0.37304455445544554,0.6112816281628164,1.061504400440044,1.4931930693069306,20197.16116611661,2.1406177997589104
-0.3373954895489548,-0.32399339933993376,-0.07534928492849269,-0.106504400440044,0.35279977997799794,0.3430445544554455,0.6212816281628164,1.101504400440044,1.4531930693069306,20012.16116611661,2.144627285003665
-0.3373954895489548,-0.30399339933993375,-0.04534928492849266,-0.05650440044004401,0.34279977997799793,0.3330445544554455,0.5712816281628164,1.101504400440044,1.4831930693069306,20847.16116611661,2.145631027221679
-0.3373954895489548,-0.31399339933993375,-0.05534928492849267,-0.06650440044004402,0.3227997799779979,0.3530445544554455,0.5912816281628164,1.111504400440044,1.4431930693069306,20846.16116611661,2.1483637809753446
-0.3173954895489548,-0.33399339933993366,-0.025349284928492755,-0.07650440044004403,0.3227997799779979,0.30304455445544554,0.6112816281628164,1.081504400440044,1.4431930693069306,20551.16116611661,2.152840089797973
-0.3373954895489548,-0.31399339933993375,-0.015349284928492746,-0.09650440044004399,0.3227997799779979,0.30304455445544554,0.6112816281628164,1.101504400440044,1.4531930693069306,20704.16116611661,2.156636428833007
-0.3373954895489548,-0.34399339933993367,-0.03534928492849265,-0.11650440044004401,0.3227997799779979,0.3130445544554455,0.5912816281628164,1.111504400440044,1.4631930693069306,20883.16116611661,2.157635879516601
-0.3173954895489548,-0.31399339933993375,-0.015349284928492746,-0.12650440044004402,0.2827997799779979,0.3130445544554455,0.5812816281628164,1.081504400440044,1.4731930693069306,20996.16116611661,2.1616873264312737
-0.3273954895489548,-0.33399339933993366,0.014650715071507281,-0.106504400440044,0.2827997799779979,0.2930445544554455,0.6212816281628164,1.061504400440044,1.4531930693069306,21053.16116611661,2.1656429290771477
-0.34739548954895483,-0.34399339933993367,-0.025349284928492755,-0.12650440044004402,0.2827997799779979,0.30304455445544554,0.5712816281628164,1.071504400440044,1.4731930693069306,20678.16116611661,2.168909740448001
-0.34739548954895483,-0.31399339933993375,0.014650715071507281,-0.12650440044004402,0.26279977997799786,0.3130445544554455,0.5812816281628164,1.081504400440044,1.4931930693069306,20265.16116611661,2.169636678695678
-0.34739548954895483,-0.33399339933993366,0.004650715071507272,-0.13650440044004403,0.2827997799779979,0.2930445544554455,0.6112816281628164,1.071504400440044,1.5131930693069306,20472.16116611661,2.1727652072906487
-0.35739548954895484,-0.33399339933993366,-0.005349284928492737,-0.14650440044004404,0.26279977997799786,0.2930445544554455,0.5912816281628164,1.071504400440044,1.4731930693069306,20405.16116611661,2.177780103683471
-0.3873954895489548,-0.33399339933993366,0.004650715071507272,-0.14650440044004404,0.24279977997799806,0.2930445544554455,0.6012816281628164,1.101504400440044,1.4631930693069306,20512.16116611661,2.180827093124389
-0.3673954895489548,-0.31399339933993375,-0.005349284928492737,-0.166504400440044,0.2527997799779981,0.2730445544554455,0.6112816281628164,1.071504400440044,1.4831930693069306,21067.16116611661,2.1854595661163323
-0.3773954895489548,-0.30399339933993375,0.014650715071507281,-0.14650440044004404,0.24279977997799806,0.2730445544554455,0.6112816281628164,1.101504400440044,1.4531930693069306,20954.16116611661,2.1865143299102776
-0.3873954895489548,-0.31399339933993375,-0.025349284928492755,-0.14650440044004404,0.21279977997799804,0.2730445544554455,0.6212816281628164,1.071504400440044,1.4531930693069306,20899.16116611661,2.1893188476562493
-0.4073954895489548,-0.30399339933993375,-0.025349284928492755,-0.14650440044004404,0.20279977997799803,0.2630445544554455,0.6012816281628164,1.091504400440044,1.4531930693069306,20612.16116611661,2.193482828140258
-0.4073954895489548,-0.30399339933993375,-0.015349284928492746,-0.156504400440044,0.19279977997799802,0.2930445544554455,0.5812816281628164,1.051504400440044,1.4831930693069306,20759.16116611661,2.1978847503662102
-0.3973954895489548,-0.2839933993399337,-0.015349284928492746,-0.156504400440044,0.182799779977998,0.2730445544554455,0.6112816281628164,1.041504400440044,1.4631930693069306,20930.16116611661,2.1988029003143303
-0.3673954895489548,-0.30399339933993375,-0.025349284928492755,-0.12650440044004402,0.162799779977998,0.2730445544554455,0.6212816281628164,1.051504400440044,1.4631930693069306,21001.16116611661,2.201879930496215
-0.3773954895489548,-0.29399339933993374,-0.03534928492849265,-0.14650440044004404,0.15279977997799798,0.2630445544554455,0.5612816281628163,1.061504400440044,1.4431930693069306,20612.16116611661,2.2068359374999993
-0.3873954895489548,-0.31399339933993375,-0.015349284928492746,-0.14650440044004404,0.14279977997799798,0.2930445544554455,0.5712816281628164,1.071504400440044,1.5131930693069306,20397.16116611661,2.2103228092193596
-0.3773954895489548,-0.32399339933993376,-0.0853492849284927,-0.13650440044004403,0.14279977997799798,0.2730445544554455,0.5712816281628164,1.081504400440044,1.4431930693069306,20592.16116611661,2.2112726688385003
-0.3773954895489548,-0.30399339933993375,-0.04534928492849266,-0.166504400440044,0.15279977997799798,0.2730445544554455,0.5912816281628164,1.061504400440044,1.4431930693069306,20525.16116611661,2.2148992538452106
-0.3773954895489548,-0.34399339933993367,-0.06534928492849268,-0.176504400440044,0.11279977997799795,0.2930445544554455,0.5112816281628163,1.071504400440044,1.4931930693069306,20382.16116611661,2.2186507701873737
-0.3973954895489548,-0.32399339933993376,-0.07534928492849269,-0.166504400440044,0.11279977997799795,0.2630445544554455,0.5212816281628163,1.021504400440044,1.4931930693069306,20387.16116611661,2.222715806961059
-0.3673954895489548,-0.29399339933993374,-0.04534928492849266,-0.176504400440044,0.12279977997799796,0.2530445544554455,0.4912816281628163,1.061504400440044,1.4831930693069306,19876.16116611661,2.223663997650142
-0.3673954895489548,-0.31399339933993375,-0.04534928492849266,-0.166504400440044,0.12279977997799796,0.2630445544554455,0.5212816281628163,1.061504400440044,1.4631930693069306,19437.16116611661,2.2262672901153593
-0.34739548954895483,-0.31399339933993375,-0.04534928492849266,-0.166504400440044,0.11279977997799795,0.2530445544554455,0.47128162816281627,1.041504400440044,1.4531930693069306,19390.16116611661,2.2313344001769977
-0.34739548954895483,-0.31399339933993375,-0.03534928492849265,-0.19650440044004402,0.12279977997799796,0.23304455445544553,0.4912816281628163,1.071504400440044,1.4331930693069306,19445.16116611661,2.2348088741302483
-0.35739548954895484,-0.32399339933993376,-0.04534928492849266,-0.19650440044004402,0.13279977997799797,0.2030445544554455,0.40128162816281643,1.101504400440044,1.4031930693069306,19130.16116611661,2.235634994506839
-0.35739548954895484,-0.31399339933993375,-0.07534928492849269,-0.156504400440044,0.12279977997799796,0.2130445544554455,0.41128162816281644,1.131504400440044,1.4031930693069306,18405.16116611661,2.239664030075076
-0.3273954895489548,-0.33399339933993366,-0.0853492849284927,-0.166504400440044,0.11279977997799795,0.1930445544554455,0.3612816281628164,1.141504400440044,1.3931930693069305,18590.16116611661,2.2436856746673577
-0.2973954895489548,-0.32399339933993376,-0.04534928492849266,-0.19650440044004402,0.14279977997799798,0.1430445544554455,0.3512816281628164,1.121504400440044,1.3731930693069305,18737.16116611661,2.2469524860382073
-0.3273954895489548,-0.33399339933993366,-0.06534928492849268,-0.206504400440044,0.13279977997799797,0.09304455445544552,0.32128162816281636,1.1815044004400441,1.3231930693069305,18162.16116611661,2.2510637760162346
-0.3073954895489548,-0.33399339933993366,-0.07534928492849269,-0.22650440044004402,0.13279977997799797,0.1330445544554455,0.3512816281628164,1.111504400440044,1.3031930693069307,17343.16116611661,2.2523066520690875
-0.27739548954895477,-0.3539933993399337,-0.06534928492849268,-0.206504400440044,0.12279977997799796,0.1430445544554455,0.32128162816281636,1.101504400440044,1.3231930693069305,17052.16116611661,2.2561311244964593
-0.2973954895489548,-0.34399339933993367,-0.0953492849284927,-0.19650440044004402,0.10279977997799794,0.15304455445544551,0.2812816281628163,1.161504400440044,1.2431930693069306,17019.16116611661,2.2591394901275628
-0.27739548954895477,-0.33399339933993366,-0.05534928492849267,-0.18650440044004402,0.10279977997799794,0.12304455445544554,0.2612816281628163,1.061504400440044,1.3431930693069305,16532.16116611661,2.262872886657714
-0.2873954895489548,-0.3639933993399337,-0.03534928492849265,-0.19650440044004402,0.09279977997799793,0.15304455445544551,0.2512816281628164,1.031504400440044,1.3531930693069305,16073.161166116612,2.262872886657714
-0.27739548954895477,-0.3639933993399337,-0.04534928492849266,-0.206504400440044,0.09279977997799793,0.12304455445544554,0.2412816281628164,1.001504400440044,1.3031930693069307,15932.161166116612,2.2679111480712884
-0.26739548954895476,-0.3539933993399337,-0.025349284928492755,-0.19650440044004402,0.10279977997799794,0.11304455445544553,0.2512816281628164,0.991504400440044,1.2231930693069306,15559.161166116612,2.271910858154296
-0.27739548954895477,-0.3739933993399337,-0.04534928492849266,-0.236504400440044,0.09279977997799793,0.12304455445544554,0.2512816281628164,0.9615044004400439,1.2731930693069307,15078.161166116612,2.2759093761444085
-0.25739548954895486,-0.3739933993399337,-0.05534928492849267,-0.176504400440044,0.09279977997799793,0.1330445544554455,0.2512816281628164,0.8715044004400441,1.2831930693069307,14865.161166116612,2.2759093761444085
-0.25739548954895486,-0.3739933993399337,-0.04534928492849266,-0.19650440044004402,0.09279977997799793,0.12304455445544554,0.2512816281628164,0.851504400440044,1.2231930693069306,14790.161166116612,2.279905748367309
-0.24739548954895485,-0.3739933993399337,-0.04534928492849266,-0.18650440044004402,0.08279977997799792,0.12304455445544554,0.2412816281628164,0.811504400440044,1.2231930693069306,14945.161166116612,2.284162235260009
-0.25739548954895486,-0.34399339933993367,-0.04534928492849266,-0.18650440044004402,0.07279977997799791,0.1430445544554455,0.2312816281628164,0.771504400440044,1.2231930693069306,14610.161166116612,2.28751893043518
-0.25739548954895486,-0.34399339933993367,-0.015349284928492746,-0.206504400440044,0.07279977997799791,0.11304455445544553,0.18128162816281634,0.801504400440044,1.1731930693069306,14061.161166116612,2.2885887145996087
-0.24739548954895485,-0.3639933993399337,-0.04534928492849266,-0.18650440044004402,0.06279977997799802,0.15304455445544551,0.19128162816281635,0.811504400440044,1.2131930693069306,14074.161166116612,2.291986179351806
-0.24739548954895485,-0.3639933993399337,-0.025349284928492755,-0.21650440044004401,0.07279977997799791,0.1430445544554455,0.21128162816281637,0.761504400440044,1.1831930693069306,14135.161166116612,2.296014261245727
-0.26739548954895476,-0.3939933993399337,-0.05534928492849267,-0.206504400440044,0.06279977997799802,0.1430445544554455,0.19128162816281635,0.7215044004400439,1.1931930693069306,14166.161166116612,2.301044178009036
-0.26739548954895476,-0.3739933993399337,-0.025349284928492755,-0.206504400440044,0.06279977997799802,0.12304455445544554,0.21128162816281637,0.7215044004400439,1.1431930693069305,14335.161166116612,2.301044178009036
-0.24739548954895485,-0.34399339933993367,-0.025349284928492755,-0.18650440044004402,0.07279977997799791,0.1430445544554455,0.20128162816281636,0.7115044004400439,1.1131930693069305,14610.161166116612,2.3050446033477776
-0.25739548954895486,-0.3539933993399337,-0.07534928492849269,-0.18650440044004402,0.06279977997799802,0.1330445544554455,0.20128162816281636,0.6415044004400441,1.1331930693069305,14285.161166116612,2.3090445518493645
-0.26739548954895476,-0.34399339933993367,-0.04534928492849266,-0.18650440044004402,0.05279977997799801,0.1330445544554455,0.21128162816281637,0.591504400440044,1.1031930693069305,14020.161166116612,2.3130254268646233
-0.26739548954895476,-0.34399339933993367,-0.07534928492849269,-0.18650440044004402,0.07279977997799791,0.1430445544554455,0.18128162816281634,0.581504400440044,1.0831930693069305,14363.161166116612,2.3166248321533196
-0.24739548954895485,-0.31399339933993375,-0.06534928492849268,-0.166504400440044,0.07279977997799791,0.16304455445544552,0.18128162816281634,0.521504400440044,1.1031930693069305,14476.161166116612,2.3166248321533196
-0.22739548954895483,-0.32399339933993376,-0.05534928492849267,-0.166504400440044,0.09279977997799793,0.1430445544554455,0.18128162816281634,0.581504400440044,1.0431930693069307,14099.161166116612,2.3213243007659905
-0.25739548954895486,-0.31399339933993375,-0.07534928492849269,-0.176504400440044,0.08279977997799792,0.16304455445544552,0.15128162816281632,0.531504400440044,1.0331930693069307,13980.161166116612,2.324599933624267
-0.24739548954895485,-0.30399339933993375,-0.0853492849284927,-0.18650440044004402,0.09279977997799793,0.16304455445544552,0.16128162816281633,0.541504400440044,0.9831930693069307,13923.161166116612,2.329008531570434
-0.24739548954895485,-0.29399339933993374,-0.0853492849284927,-0.18650440044004402,0.08279977997799792,0.17304455445544553,0.18128162816281634,0.531504400440044,0.9631930693069307,14086.161166116612,2.329008531570434
-0.24739548954895485,-0.32399339933993376,-0.10534928492849271,-0.176504400440044,0.07279977997799791,0.18304455445544554,0.15128162816281632,0.541504400440044,0.9631930693069307,14529.161166116612,2.3340055465698235
-0.22739548954895483,-0.33399339933993366,-0.07534928492849269,-0.19650440044004402,0.06279977997799802,0.17304455445544553,0.17128162816281634,0.501504400440044,0.9831930693069307,14218.161166116612,2.338005018234252
-0.21739548954895482,-0.34399339933993367,-0.0853492849284927,-0.18650440044004402,0.08279977997799792,0.18304455445544554,0.18128162816281634,0.521504400440044,0.9231930693069307,14341.161166116612,2.3414942741394036
-0.23739548954895484,-0.30399339933993375,-0.0953492849284927,-0.176504400440044,0.05279977997799801,0.1930445544554455,0.17128162816281634,0.521504400440044,0.9131930693069307,14248.161166116612,2.3414942741394036
-0.22739548954895483,-0.29399339933993374,-0.0853492849284927,-0.18650440044004402,0.07279977997799791,0.1930445544554455,0.19128162816281635,0.521504400440044,0.8831930693069306,14773.161166116612,2.345570039749145
-0.22739548954895483,-0.2739933993399337,-0.10534928492849271,-0.18650440044004402,0.07279977997799791,0.16304455445544552,0.20128162816281636,0.451504400440044,0.8431930693069307,14420.161166116612,2.34951205253601
-0.23739548954895484,-0.2839933993399337,-0.12534928492849273,-0.176504400440044,0.06279977997799802,0.1930445544554455,0.16128162816281633,0.451504400440044,0.8431930693069307,14061.161166116612,2.353568983078002
-0.20739548954895481,-0.29399339933993374,-0.0853492849284927,-0.176504400440044,0.05279977997799801,0.18304455445544554,0.18128162816281634,0.41150440044004394,0.8031930693069307,14416.161166116612,2.353568983078002
-0.21739548954895482,-0.2739933993399337,-0.12534928492849273,-0.18650440044004402,0.09279977997799793,0.18304455445544554,0.18128162816281634,0.451504400440044,0.7831930693069307,15035.161166116612,2.35813660621643
-0.22739548954895483,-0.2839933993399337,-0.12534928492849273,-0.176504400440044,0.07279977997799791,0.18304455445544554,0.16128162816281633,0.44150440044004396,0.7931930693069307,15174.161166116612,2.361410331726077
-0.24739548954895485,-0.29399339933993374,-0.12534928492849273,-0.166504400440044,0.06279977997799802,0.17304455445544553,0.15128162816281632,0.40150440044004393,0.7731930693069307,14905.161166116612,2.3658413410186796
-0.23739548954895484,-0.30399339933993375,-0.12534928492849273,-0.19650440044004402,0.07279977997799791,0.15304455445544551,0.20128162816281636,0.361504400440044,0.7331930693069307,15408.161166116612,2.366917324066158
-0.23739548954895484,-0.31399339933993375,-0.11534928492849272,-0.176504400440044,0.07279977997799791,0.15304455445544551,0.15128162816281632,0.39150440044004403,0.6931930693069307,15643.161166116612,2.3698865890502923
-0.22739548954895483,-0.31399339933993375,-0.12534928492849273,-0.18650440044004402,0.07279977997799791,0.16304455445544552,0.17128162816281634,0.331504400440044,0.7131930693069307,15632.161166116612,2.3738822460174553
-0.23739548954895484,-0.29399339933993374,-0.13534928492849269,-0.18650440044004402,0.07279977997799791,0.15304455445544551,0.15128162816281632,0.32150440044004397,0.6831930693069307,15679.161166116612,2.378991556167602
-0.24739548954895485,-0.30399339933993375,-0.13534928492849269,-0.18650440044004402,0.06279977997799802,0.1330445544554455,0.16128162816281633,0.241504400440044,0.6831930693069307,15874.161166116612,2.378991556167602
-0.24739548954895485,-0.33399339933993366,-0.17534928492849272,-0.18650440044004402,0.06279977997799802,0.1430445544554455,0.1212816281628164,0.261504400440044,0.6831930693069307,15595.161166116612,2.3818780899047844
-0.24739548954895485,-0.34399339933993367,-0.18534928492849273,-0.18650440044004402,0.07279977997799791,0.1330445544554455,0.15128162816281632,0.231504400440044,0.6731930693069307,15858.161166116612,2.386344861984252
-0.25739548954895486,-0.31399339933993375,-0.18534928492849273,-0.206504400440044,0.07279977997799791,0.10304455445544553,0.1212816281628164,0.20150440044004397,0.6931930693069307,16035.161166116612,2.390344333648681
-0.24739548954895485,-0.32399339933993376,-0.17534928492849272,-0.19650440044004402,0.07279977997799791,0.12304455445544554,0.16128162816281633,0.15150440044004393,0.6831930693069307,16078.161166116612,2.3933436393737786
-0.22739548954895483,-0.30399339933993375,-0.1653492849284927,-0.21650440044004401,0.07279977997799791,0.12304455445544554,0.15128162816281632,0.16150440044004394,0.6531930693069307,16285.161166116612,2.394344520568847
-0.27739548954895477,-0.2839933993399337,-0.1653492849284927,-0.22650440044004402,0.06279977997799802,0.10304455445544553,0.11128162816281639,0.17150440044004395,0.6231930693069306,16528.16116611661,2.3983394622802763
-0.23739548954895484,-0.2839933993399337,-0.17534928492849272,-0.21650440044004401,0.06279977997799802,0.11304455445544553,0.1312816281628164,0.15150440044004393,0.5931930693069307,17037.16116611661,2.4025361061096184
-0.25739548954895486,-0.32399339933993376,-0.1653492849284927,-0.21650440044004401,0.07279977997799791,0.12304455445544554,0.1312816281628164,0.12150440044004401,0.5631930693069307,16796.16116611661,2.4055809497833245
-0.2873954895489548,-0.31399339933993375,-0.2053492849284927,-0.21650440044004401,0.07279977997799791,0.11304455445544553,0.15128162816281632,0.111504400440044,0.5531930693069307,16831.16116611661,2.406619977951049
-0.24739548954895485,-0.30399339933993375,-0.17534928492849272,-0.21650440044004401,0.06279977997799802,0.11304455445544553,0.08128162816281637,0.09150440044004399,0.5831930693069307,16810.16116611661,2.4109196186065667
-0.23739548954895484,-0.30399339933993375,-0.17534928492849272,-0.21650440044004401,0.07279977997799791,0.09304455445544552,0.10128162816281638,0.06150440044004396,0.6131930693069307,17053.16116611661,2.41579623222351
-0.25739548954895486,-0.32399339933993376,-0.2153492849284927,-0.21650440044004401,0.06279977997799802,0.09304455445544552,0.07128162816281636,0.07150440044004397,0.6131930693069307,17396.16116611661,2.4190632820129387
-0.27739548954895477,-0.32399339933993376,-0.18534928492849273,-0.22650440044004402,0.06279977997799802,0.1430445544554455,0.08128162816281637,0.03150440044004399,0.5731930693069307,17655.16116611661,2.419795942306518
-0.27739548954895477,-0.31399339933993375,-0.18534928492849273,-0.22650440044004402,0.08279977997799792,0.11304455445544553,0.09128162816281638,0.011504400440043971,0.5931930693069307,17564.16116611661,2.424049806594848
-0.27739548954895477,-0.29399339933993374,-0.19534928492849268,-0.256504400440044,0.07279977997799791,0.10304455445544553,0.06128162816281635,0.041504400440044,0.5731930693069307,17413.16116611661,2.4278234958648675
-0.27739548954895477,-0.30399339933993375,-0.2553492849284927,-0.256504400440044,0.07279977997799791,0.08304455445544551,0.05128162816281634,0.041504400440044,0.5731930693069307,17396.16116611661,2.430902433395385
-0.27739548954895477,-0.29399339933993374,-0.19534928492849268,-0.246504400440044,0.07279977997799791,0.06304455445544552,0.06128162816281635,0.02150440044004398,0.5431930693069307,17653.16116611661,2.4318818569183307
-0.2973954895489548,-0.30399339933993375,-0.18534928492849273,-0.256504400440044,0.07279977997799791,0.07304455445544553,0.08128162816281637,-0.008495599559956046,0.5331930693069307,17972.16116611661,2.4354202270507805
-0.2973954895489548,-0.30399339933993375,-0.2053492849284927,-0.236504400440044,0.09279977997799793,0.06304455445544552,0.10128162816281638,0.0015044004400439626,0.5531930693069307,17927.16116611661,2.4398355007171624
-0.3073954895489548,-0.30399339933993375,-0.2153492849284927,-0.256504400440044,0.07279977997799791,0.05304455445544551,0.06128162816281635,0.02150440044004398,0.5531930693069307,18026.16116611661,2.442860317230224
-0.27739548954895477,-0.2839933993399337,-0.17534928492849272,-0.236504400440044,0.08279977997799792,0.07304455445544553,0.09128162816281638,0.02150440044004398,0.4731930693069307,18187.16116611661,2.443847131729129
-0.2973954895489548,-0.2739933993399337,-0.17534928492849272,-0.246504400440044,0.07279977997799791,0.05304455445544551,0.09128162816281638,-0.018495599559956,0.4731930693069307,18594.16116611661,2.4478525638580315
-0.3173954895489548,-0.29399339933993374,-0.17534928492849272,-0.246504400440044,0.07279977997799791,0.06304455445544552,0.04128162816281633,0.0015044004400439626,0.4631930693069307,18597.16116611661,2.4518525123596184
-0.3373954895489548,-0.2639933993399337,-0.17534928492849272,-0.246504400440044,0.07279977997799791,0.05304455445544551,0.03128162816281632,-0.02849559955995601,0.4631930693069307,18218.16116611661,2.4559320926666217
-0.3173954895489548,-0.2839933993399337,-0.18534928492849273,-0.22650440044004402,0.07279977997799791,0.05304455445544551,0.04128162816281633,-0.02849559955995601,0.4231930693069307,18333.16116611661,2.4559320926666217
-0.35739548954895484,-0.2639933993399337,-0.18534928492849273,-0.22650440044004402,0.07279977997799791,0.07304455445544553,0.04128162816281633,-0.048495599559956026,0.4431930693069307,18512.16116611661,2.4611484527587884
-0.35739548954895484,-0.2539933993399337,-0.17534928492849272,-0.22650440044004402,0.06279977997799802,0.08304455445544551,0.05128162816281634,-0.03849559955995602,0.41319306930693067,18751.16116611661,2.465188217163089
-0.34739548954895483,-0.2439933993399337,-0.17534928492849272,-0.246504400440044,0.07279977997799791,0.06304455445544552,0.03128162816281632,-0.078495599559956,0.4331930693069307,18726.16116611661,2.4685642242431634
-0.3273954895489548,-0.2539933993399337,-0.18534928492849273,-0.22650440044004402,0.07279977997799791,0.07304455445544553,0.021281628162816313,-0.06849559955995604,0.39319306930693065,19085.16116611661,2.4695550918579094
-0.34739548954895483,-0.2839933993399337,-0.18534928492849273,-0.21650440044004401,0.08279977997799792,0.06304455445544552,0.04128162816281633,-0.048495599559956026,0.4231930693069307,19366.16116611661,2.4718813419342034
-0.3273954895489548,-0.2739933993399337,-0.17534928492849272,-0.21650440044004401,0.07279977997799791,0.05304455445544551,0.03128162816281632,-0.048495599559956026,0.41319306930693067,18881.16116611661,2.4772848606109577
-0.34739548954895483,-0.29399339933993374,-0.17534928492849272,-0.18650440044004402,0.06279977997799802,0.05304455445544551,0.011281628162816304,-0.03849559955995602,0.39319306930693065,18756.16116611661,2.4812678813934355
-0.3673954895489548,-0.2839933993399337,-0.18534928492849273,-0.18650440044004402,0.06279977997799802,0.06304455445544552,0.03128162816281632,-0.058495599559956035,0.3631930693069306,19275.16116611661,2.4812678813934355
-0.3673954895489548,-0.2439933993399337,-0.1653492849284927,-0.19650440044004402,0.05279977997799801,0.05304455445544551,0.021281628162816313,-0.008495599559956046,0.38319306930693064,19026.16116611661,2.484828424453731
-0.3173954895489548,-0.2439933993399337,-0.17534928492849272,-0.21650440044004401,0.05279977997799801,0.06304455445544552,0.021281628162816313,-0.058495599559956035,0.40319306930693066,19063.16116611661,2.488827180862426
-0.34739548954895483,-0.2439933993399337,-0.18534928492849273,-0.19650440044004402,0.06279977997799802,0.05304455445544551,0.0012816281628164061,-0.078495599559956,0.41319306930693067,18750.16116611661,2.4928314208984403
-0.3073954895489548,-0.22399339933993367,-0.1653492849284927,-0.176504400440044,0.042799779977998,0.05304455445544551,-0.01871837183718361,-0.03849559955995602,0.3531930693069306,18977.16116611661,2.4958161830902093
-0.3273954895489548,-0.2439933993399337,-0.17534928492849272,-0.19650440044004402,0.05279977997799801,0.06304455445544552,-0.01871837183718361,-0.088495599559956,0.38319306930693064,18416.16116611661,2.4968211174011223
-0.34739548954895483,-0.20399339933993366,-0.17534928492849272,-0.236504400440044,0.06279977997799802,0.04304455445544553,-0.01871837183718361,-0.11849559955995603,0.39319306930693065,18595.16116611661,2.500820350646972
-0.3373954895489548,-0.22399339933993367,-0.17534928492849272,-0.21650440044004401,0.07279977997799791,0.05304455445544551,0.0012816281628164061,-0.078495599559956,0.37319306930693064,19096.16116611661,2.505867433547973
-0.35739548954895484,-0.22399339933993367,-0.17534928492849272,-0.206504400440044,0.08279977997799792,0.03304455445544552,-0.04871837183718364,-0.03849559955995602,0.39319306930693065,18979.16116611661,2.5089058399200432
-0.34739548954895483,-0.21399339933993367,-0.19534928492849268,-0.22650440044004402,0.08279977997799792,0.04304455445544553,-0.03871837183718363,-0.008495599559956046,0.39319306930693065,18732.16116611661,2.509990882873531
-0.35739548954895484,-0.20399339933993366,-0.1653492849284927,-0.22650440044004402,0.08279977997799792,0.03304455445544552,-0.1387183718371836,0.041504400440044,0.39319306930693065,18971.16116611661,2.513225030899047
-0.3273954895489548,-0.20399339933993366,-0.1453492849284927,-0.206504400440044,0.08279977997799792,0.04304455445544553,-0.1387183718371836,0.011504400440043971,0.38319306930693064,19118.16116611661,2.5172285556793206
-0.35739548954895484,-0.22399339933993367,-0.19534928492849268,-0.236504400440044,0.07279977997799791,0.013044554455445528,-0.11871837183718359,0.011504400440043971,0.40319306930693066,19013.16116611661,2.5206911087036126
-0.34739548954895483,-0.2539933993399337,-0.19534928492849268,-0.21650440044004401,0.07279977997799791,0.02304455445544551,-0.1387183718371836,-0.008495599559956046,0.38319306930693064,18820.16116611661,2.521689128875728
-0.34739548954895483,-0.2639933993399337,-0.2153492849284927,-0.22650440044004402,0.06279977997799802,0.013044554455445528,-0.15871837183718362,0.02150440044004398,0.3631930693069306,18613.16116611661,2.525692415237426
-0.34739548954895483,-0.2539933993399337,-0.24534928492849273,-0.236504400440044,0.06279977997799802,0.0030445544554455195,-0.1387183718371836,0.011504400440043971,0.37319306930693064,18542.16116611661,2.5287444114685016
-0.3073954895489548,-0.2639933993399337,-0.2053492849284927,-0.246504400440044,0.07279977997799791,-0.006955445544554489,-0.16871837183718363,0.011504400440043971,0.3531930693069306,18219.16116611661,2.5336033821105985
-0.3073954895489548,-0.2739933993399337,-0.23534928492849272,-0.21650440044004401,0.05279977997799801,0.013044554455445528,-0.21871837183718362,0.041504400440044,0.3531930693069306,18084.16116611661,2.5346333503723137
-0.3073954895489548,-0.2839933993399337,-0.2253492849284927,-0.246504400440044,0.03279977997799799,0.02304455445544551,-0.21871837183718362,0.02150440044004398,0.3431930693069306,18339.16116611661,2.53804702758789
-0.3073954895489548,-0.29399339933993374,-0.2053492849284927,-0.276504400440044,0.042799779977998,0.013044554455445528,-0.22871837183718363,0.041504400440044,0.3331930693069307,18178.16116611661,2.542300415039062
-0.3073954895489548,-0.2839933993399337,-0.2253492849284927,-0.246504400440044,0.05279977997799801,0.013044554455445528,-0.21871837183718362,0.0015044004400439626,0.3131930693069307,17849.16116611661,2.54629201889038
-0.2873954895489548,-0.30399339933993375,-0.2253492849284927,-0.286504400440044,0.042799779977998,0.013044554455445528,-0.22871837183718363,0.011504400440043971,0.3231930693069307,17550.16116611661,2.547294092178344
-0.2973954895489548,-0.33399339933993366,-0.23534928492849272,-0.246504400440044,0.012799779977997972,0.013044554455445528,-0.24871837183718365,0.02150440044004398,0.26319306930693065,17767.16116611661,2.550291490554809
-0.2873954895489548,-0.3539933993399337,-0.2653492849284927,-0.22650440044004402,0.012799779977997972,0.0030445544554455195,-0.24871837183718365,0.05150440044004395,0.26319306930693065,17638.16116611661,2.554076147079467
-0.3173954895489548,-0.34399339933993367,-0.2253492849284927,-0.246504400440044,0.0027997799779979626,-0.006955445544554489,-0.25871837183718366,0.03150440044004399,0.25319306930693064,17279.16116611661,2.558299016952514
-0.26739548954895476,-0.3539933993399337,-0.2653492849284927,-0.236504400440044,-0.027200220022002064,0.02304455445544551,-0.28871837183718363,0.06150440044004396,0.2131930693069307,17644.16116611661,2.5593587875366204
-0.2973954895489548,-0.3939933993399337,-0.24534928492849273,-0.246504400440044,-0.03720022002200207,0.0030445544554455195,-0.29871837183718364,-0.018495599559956,0.17319306930693065,17127.16116611661,2.562077713012691
-0.3373954895489548,-0.3939933993399337,-0.3153492849284927,-0.256504400440044,-0.05720022002200198,0.02304455445544551,-0.3387183718371836,-0.058495599559956035,0.17319306930693065,16700.16116611661,2.5665280342102044
-0.3073954895489548,-0.44399339933993376,-0.3053492849284927,-0.276504400440044,-0.09720022002200202,0.013044554455445528,-0.35871837183718364,-0.20849559955995603,0.09319306930693066,16435.16116611661,2.5706953525543206
-0.34739548954895483,-0.46399339933993367,-0.3253492849284927,-0.256504400440044,-0.15720022002200207,0.0030445544554455195,-0.41871837183718363,-0.25849559955995605,0.023193069306930658,15604.161166116612,2.574191284179687
-0.35739548954895484,-0.4839933993399337,-0.3453492849284927,-0.18650440044004402,-0.197200220022002,0.013044554455445528,-0.38871837183718366,-0.20849559955995603,0.10319306930693067,14571.161166116612,2.5753907680511468
-0.34739548954895483,-0.45399339933993366,-0.3353492849284927,-0.11650440044004401,-0.1772002200220021,0.013044554455445528,-0.36871837183718364,-0.20849559955995603,0.08319306930693066,12324.161166116612,2.5784418106079094
-0.3673954895489548,-0.44399339933993376,-0.3253492849284927,-0.12650440044004402,-0.1772002200220021,0.02304455445544551,-0.37871837183718365,-0.16849559955995602,0.09319306930693066,9525.161166116612,2.5834519386291497
-0.3373954895489548,-0.43399339933993375,-0.3053492849284927,-0.106504400440044,-0.16720022002200208,0.02304455445544551,-0.3487183718371836,-0.148495599559956,0.11319306930693065,9168.161166116612,2.586465072631839
-0.34739548954895483,-0.4039933993399337,-0.2953492849284927,-0.106504400440044,-0.15720022002200207,0.03304455445544552,-0.37871837183718365,-0.158495599559956,0.09319306930693066,8697.161166116612,2.587465000152587
-0.35739548954895484,-0.41399339933993373,-0.2953492849284927,-0.08650440044004404,-0.15720022002200207,0.03304455445544552,-0.3487183718371836,-0.148495599559956,0.09319306930693066,8490.161166116612,2.5907897472381585
-0.35739548954895484,-0.41399339933993373,-0.2953492849284927,-0.08650440044004404,-0.16720022002200208,0.02304455445544551,-0.3387183718371836,-0.138495599559956,0.12319306930693066,8145.161166116612,2.5947904109954827
-0.35739548954895484,-0.3939933993399337,-0.2853492849284927,-0.07650440044004403,-0.16720022002200208,0.02304455445544551,-0.31871837183718366,-0.12849559955995604,0.11319306930693065,7724.161166116612,2.5997855186462395
-0.35739548954895484,-0.42399339933993374,-0.2853492849284927,-0.106504400440044,-0.1772002200220021,0.03304455445544552,-0.29871837183718364,-0.12849559955995604,0.12319306930693066,7671.161166116612,2.5997855186462395
