-0.6724855808843725,-0.2782532271354023,-0.15174951936281234,-0.30435319967042007,-0.29694589398516874,-0.27826146663004664,0.24607525405108466,-0.5809145839055205,-0.48277121669870937,45296.37627025542,0.003547620773314719
-0.6524855808843725,-0.2582532271354023,-0.14174951936281233,-0.30435319967042007,-0.29694589398516874,-0.27826146663004664,0.24607525405108466,-0.5809145839055205,-0.49277121669870927,44713.37627025542,0.003547620773314719
-0.6424855808843725,-0.2382532271354023,-0.13174951936281232,-0.3543531996704201,-0.28694589398516873,-0.27826146663004664,0.21607525405108463,-0.6009145839055205,-0.49277121669870927,44896.37627025542,0.00664682388305593
-0.6524855808843725,-0.2182532271354023,-0.10174951936281235,-0.39435319967042015,-0.28694589398516873,-0.26826146663004663,0.1760752540510846,-0.5909145839055205,-0.47277121669870936,44713.37627025542,0.010954809188842063
-0.6624855808843725,-0.19825322713540228,-0.11174951936281236,-0.39435319967042015,-0.2769458939851687,-0.27826146663004664,0.11607525405108476,-0.5809145839055205,-0.47277121669870936,44900.37627025542,0.015260648727416282
-0.6224855808843726,-0.18825322713540227,-0.10174951936281235,-0.39435319967042015,-0.2669458939851687,-0.27826146663004664,0.07607525405108473,-0.5909145839055205,-0.49277121669870927,44743.37627025542,0.015993785858153586
-0.6024855808843725,-0.17825322713540231,-0.10174951936281235,-0.40435319967042016,-0.2769458939851687,-0.26826146663004663,0.06607525405108472,-0.5909145839055205,-0.47277121669870936,44366.37627025542,0.019265842437746983
-0.6124855808843725,-0.10825322713540231,-0.10174951936281235,-0.40435319967042016,-0.2769458939851687,-0.26826146663004663,0.10607525405108476,-0.6009145839055205,-0.5027712166987093,44125.37627025542,0.02325458526611257
-0.6124855808843725,-0.07825322713540228,-0.08174951936281233,-0.39435319967042015,-0.2669458939851687,-0.27826146663004664,0.09607525405108475,-0.5909145839055205,-0.5227712166987093,43944.37627025542,0.027631473541262608
-0.5524855808843725,-0.08825322713540229,-0.09174951936281234,-0.39435319967042015,-0.2669458939851687,-0.27826146663004664,0.07607525405108473,-0.6009145839055205,-0.5227712166987093,43671.37627025542,0.03156132698059011
-0.5524855808843725,-0.06825322713540227,-0.08174951936281233,-0.41435319967042017,-0.2669458939851687,-0.27826146663004664,0.08607525405108474,-0.6209145839055206,-0.5327712166987093,43790.37627025542,0.03156132698059011
-0.5724855808843725,-0.028253227135402237,-0.09174951936281234,-0.4243531996704202,-0.2669458939851687,-0.27826146663004664,0.07607525405108473,-0.6309145839055206,-0.5327712166987093,43961.37627025542,0.03574652671814249
-0.5324855808843725,0.0017467728645976788,-0.08174951936281233,-0.45435319967042,-0.2669458939851687,-0.26826146663004663,0.06607525405108472,-0.6309145839055206,-0.5427712166987093,44004.37627025542,0.03986663818359304
-0.5224855808843725,0.031746772864597705,-0.07174951936281232,-0.4343531996704202,-0.2669458939851687,-0.27826146663004664,0.06607525405108472,-0.6209145839055206,-0.5427712166987093,44013.37627025542,0.04386754035949636
-0.5224855808843725,0.05174677286459772,-0.05174951936281236,-0.46435319967042,-0.24694589398516875,-0.27826146663004664,0.016075254051084675,-0.6109145839055206,-0.5727712166987093,44304.37627025542,0.044619035720824485
-0.49248558088437244,0.07174677286459774,-0.04174951936281235,-0.4343531996704202,-0.25694589398516876,-0.27826146663004664,0.03607525405108469,-0.6309145839055206,-0.5827712166987093,44667.37627025542,0.047867488861083274
-0.4524855808843724,0.12174677286459767,-0.04174951936281235,-0.46435319967042,-0.23694589398516874,-0.26826146663004663,0.026075254051084684,-0.6409145839055206,-0.5827712166987093,44322.37627025542,0.052618694305422764
-0.4724855808843724,0.18174677286459773,-0.03174951936281234,-0.48435319967042,-0.23694589398516874,-0.26826146663004663,0.0460752540510847,-0.6309145839055206,-0.5927712166987094,43961.37627025542,0.056267690658568625
-0.4624855808843724,0.22174677286459776,-0.02174951936281233,-0.52435319967042,-0.22694589398516873,-0.26826146663004663,0.016075254051084675,-0.6309145839055206,-0.5927712166987094,44412.37627025542,0.056267690658568625
-0.4324855808843726,0.2617467728645977,-0.02174951936281233,-0.47435319967042,-0.22694589398516873,-0.27826146663004664,0.03607525405108469,-0.6209145839055206,-0.6027712166987094,43699.37627025542,0.060290050506591086
-0.4524855808843724,0.2917467728645977,-0.011749519362812322,-0.47435319967042,-0.22694589398516873,-0.27826146663004664,0.026075254051084684,-0.6409145839055206,-0.6127712166987094,43504.37627025542,0.06465024948119691
-0.4024855808843726,0.31174677286459773,-0.001749519362812313,-0.48435319967042,-0.21694589398516873,-0.26826146663004663,0.006075254051084666,-0.6309145839055206,-0.6227712166987093,43689.37627025542,0.06832547187805105
-0.4224855808843726,0.34174677286459776,0.018250480637187705,-0.49435319967042,-0.21694589398516873,-0.26826146663004663,-0.0039247459489153425,-0.6109145839055206,-0.6227712166987093,43416.37627025542,0.06832547187805105
-0.3924855808843726,0.36174677286459767,0.028250480637187714,-0.45435319967042,-0.20694589398516872,-0.26826146663004663,-0.013924745948915351,-0.6009145839055205,-0.6327712166987093,43405.37627025542,0.07220501899719522
-0.35248558088437254,0.3817467728645977,0.008250480637187696,-0.47435319967042,-0.19694589398516876,-0.26826146663004663,-0.0039247459489153425,-0.6009145839055205,-0.6427712166987093,43330.37627025542,0.07678098678589151
-0.35248558088437254,0.4217467728645977,0.028250480637187714,-0.49435319967042,-0.20694589398516872,-0.26826146663004663,-0.013924745948915351,-0.6109145839055206,-0.6527712166987093,42969.37627025542,0.08090062141418741
-0.37248558088437256,0.5017467728645978,0.04825048063718762,-0.48435319967042,-0.18694589398516875,-0.26826146663004663,-0.02392474594891536,-0.6209145839055206,-0.6427712166987093,42748.37627025542,0.08182950019836355
-0.34248558088437253,0.5217467728645978,0.04825048063718762,-0.45435319967042,-0.18694589398516875,-0.27826146663004664,-0.04392474594891538,-0.6209145839055206,-0.6427712166987093,42693.37627025542,0.08486504554748464
-0.3224855808843725,0.5217467728645978,0.08825048063718766,-0.4443531996704202,-0.18694589398516875,-0.26826146663004663,-0.03392474594891537,-0.6309145839055206,-0.6627712166987093,42252.37627025542,0.08889718055725027
-0.3324855808843725,0.5817467728645976,0.09825048063718766,-0.45435319967042,-0.17694589398516875,-0.26826146663004663,-0.013924745948915351,-0.6209145839055206,-0.6627712166987093,42353.37627025542,0.09323973655700613
-0.36248558088437255,0.6417467728645977,0.11825048063718768,-0.48435319967042,-0.17694589398516875,-0.2582614666300466,-0.02392474594891536,-0.6209145839055206,-0.6727712166987093,42298.37627025542,0.09399242401122976
-0.35248558088437254,0.6717467728645977,0.1282504806371877,-0.4443531996704202,-0.16694589398516874,-0.26826146663004663,-0.02392474594891536,-0.6209145839055206,-0.6727712166987093,41691.37627025542,0.09729189872741628
-0.35248558088437254,0.7017467728645977,0.16825048063718762,-0.46435319967042,-0.16694589398516874,-0.2582614666300466,0.006075254051084666,-0.6309145839055206,-0.6727712166987093,41474.37627025542,0.10125703811645437
-0.36248558088437255,0.7217467728645978,0.17825048063718762,-0.47435319967042,-0.15694589398516873,-0.2482614666300466,0.006075254051084666,-0.6309145839055206,-0.6827712166987093,41361.37627025542,0.10525841712951589
-0.35248558088437254,0.7117467728645978,0.22825048063718767,-0.48435319967042,-0.15694589398516873,-0.2482614666300466,-0.0039247459489153425,-0.6109145839055206,-0.7127712166987094,41314.37627025542,0.10946555137634562
-0.34248558088437253,0.7517467728645978,0.22825048063718767,-0.48435319967042,-0.14694589398516872,-0.2482614666300466,-0.013924745948915351,-0.5909145839055205,-0.7227712166987094,40997.37627025542,0.1102959632873528
-0.3224855808843725,0.7917467728645976,0.19825048063718764,-0.47435319967042,-0.14694589398516872,-0.2482614666300466,-0.013924745948915351,-0.5909145839055205,-0.7127712166987094,41068.37627025542,0.11365337371826101
-0.3324855808843725,0.8017467728645976,0.20825048063718765,-0.46435319967042,-0.14694589398516872,-0.2482614666300466,0.006075254051084666,-0.5909145839055205,-0.7127712166987094,41025.37627025542,0.11791057586670206
-0.3224855808843725,0.8317467728645976,0.2482504806371877,-0.45435319967042,-0.13694589398516877,-0.2482614666300466,0.006075254051084666,-0.6009145839055205,-0.7227712166987094,41234.37627025542,0.12114949226379323
-0.3124855808843725,0.8217467728645976,0.2482504806371877,-0.4443531996704202,-0.14694589398516872,-0.2482614666300466,0.006075254051084666,-0.6109145839055206,-0.7227712166987094,41587.37627025542,0.12217183113098073
-0.3024855808843725,0.8217467728645976,0.2882504806371877,-0.47435319967042,-0.13694589398516877,-0.2382614666300466,0.006075254051084666,-0.6109145839055206,-0.7327712166987094,41552.37627025542,0.12619180679320863
-0.3024855808843725,0.8317467728645976,0.2882504806371877,-0.46435319967042,-0.14694589398516872,-0.2382614666300466,0.016075254051084675,-0.6109145839055206,-0.7227712166987094,42093.37627025542,0.13050026893615652
-0.3024855808843725,0.8417467728645976,0.2982504806371876,-0.47435319967042,-0.13694589398516877,-0.22826146663004665,-0.0039247459489153425,-0.6009145839055205,-0.7327712166987094,42584.37627025542,0.1337649345397942
-0.3024855808843725,0.8617467728645977,0.30825048063718763,-0.49435319967042,-0.13694589398516877,-0.22826146663004665,-0.02392474594891536,-0.6009145839055205,-0.7227712166987094,42649.37627025542,0.13450069427490519
-0.2924855808843725,0.8417467728645976,0.31825048063718764,-0.49435319967042,-0.12694589398516876,-0.22826146663004665,-0.02392474594891536,-0.6109145839055206,-0.7227712166987094,43248.37627025542,0.13850040435790945
-0.3124855808843725,0.8717467728645977,0.32825048063718765,-0.46435319967042,-0.13694589398516877,-0.22826146663004665,0.016075254051084675,-0.6109145839055206,-0.7227712166987094,43923.37627025542,0.14234776496887136
-0.2924855808843725,0.8717467728645977,0.33825048063718766,-0.47435319967042,-0.13694589398516877,-0.21826146663004664,0.03607525405108469,-0.6109145839055206,-0.7127712166987094,44918.37627025542,0.14619297981262136
-0.2824855808843725,0.8717467728645977,0.34825048063718766,-0.47435319967042,-0.13694589398516877,-0.21826146663004664,0.0460752540510847,-0.6109145839055206,-0.7127712166987094,45473.37627025542,0.14694304466247488
-0.27248558088437247,0.8817467728645977,0.32825048063718765,-0.46435319967042,-0.12694589398516876,-0.21826146663004664,0.06607525405108472,-0.6109145839055206,-0.7127712166987094,45608.37627025542,0.1501669406890862
-0.27248558088437247,0.8817467728645977,0.32825048063718765,-0.47435319967042,-0.12694589398516876,-0.21826146663004664,0.07607525405108473,-0.6109145839055206,-0.6927712166987093,45993.37627025542,0.15518040657043386
-0.24248558088437244,0.8717467728645977,0.34825048063718766,-0.48435319967042,-0.12694589398516876,-0.21826146663004664,0.06607525405108472,-0.6109145839055206,-0.7027712166987093,46774.37627025542,0.15881438255310343
-0.23248558088437243,0.8817467728645977,0.3782504806371877,-0.47435319967042,-0.12694589398516876,-0.20826146663004663,0.06607525405108472,-0.6109145839055206,-0.7027712166987093,46701.37627025542,0.15983076095580984
-0.23248558088437243,0.8717467728645977,0.3882504806371877,-0.48435319967042,-0.12694589398516876,-0.20826146663004663,0.06607525405108472,-0.6109145839055206,-0.7027712166987093,46878.37627025542,0.1624557495117145
-0.24248558088437244,0.8817467728645977,0.3982504806371877,-0.49435319967042,-0.12694589398516876,-0.19826146663004662,0.03607525405108469,-0.6209145839055206,-0.7027712166987093,47511.37627025542,0.1667689800262444
-0.25248558088437245,0.8817467728645977,0.4182504806371876,-0.49435319967042,-0.12694589398516876,-0.19826146663004662,0.0460752540510847,-0.6209145839055206,-0.7027712166987093,47726.37627025542,0.1709932804107659
-0.23248558088437243,0.8717467728645977,0.43825048063718763,-0.53435319967042,-0.12694589398516876,-0.18826146663004661,0.026075254051084684,-0.6309145839055206,-0.7027712166987093,48127.37627025542,0.17487974166870046
-0.24248558088437244,0.8917467728645977,0.4282504806371876,-0.53435319967042,-0.12694589398516876,-0.18826146663004661,0.0460752540510847,-0.6209145839055206,-0.7027712166987093,48510.37627025542,0.17563028335571573
-0.25248558088437245,0.8917467728645977,0.46825048063718766,-0.52435319967042,-0.12694589398516876,-0.18826146663004661,0.07607525405108473,-0.6309145839055206,-0.7027712166987093,48599.37627025542,0.17887969017028738
-0.23248558088437243,0.8717467728645977,0.47825048063718767,-0.51435319967042,-0.12694589398516876,-0.1782614666300466,0.07607525405108473,-0.6309145839055206,-0.7027712166987093,49016.37627025542,0.1836304187774651
-0.23248558088437243,0.8917467728645977,0.4882504806371877,-0.51435319967042,-0.11694589398516875,-0.18826146663004661,0.08607525405108474,-0.6209145839055206,-0.7027712166987093,49483.37627025542,0.18687982559203675
-0.23248558088437243,0.8817467728645977,0.5082504806371877,-0.48435319967042,-0.12694589398516876,-0.18826146663004661,0.09607525405108475,-0.6309145839055206,-0.7027712166987093,50112.37627025542,0.18763012886047292
-0.22248558088437242,0.8817467728645977,0.5182504806371877,-0.49435319967042,-0.12694589398516876,-0.18826146663004661,0.09607525405108475,-0.6309145839055206,-0.7127712166987094,50813.37627025542,0.19138355255126882
-0.22248558088437242,0.8817467728645977,0.5282504806371877,-0.48435319967042,-0.12694589398516876,-0.18826146663004661,0.11607525405108476,-0.6409145839055206,-0.7027712166987093,50994.37627025542,0.1959406852722161
-0.21248558088437242,0.8817467728645977,0.5482504806371877,-0.49435319967042,-0.12694589398516876,-0.18826146663004661,0.11607525405108476,-0.6409145839055206,-0.7027712166987093,51003.37627025542,0.19973177909851003
-0.21248558088437242,0.8917467728645977,0.5482504806371877,-0.48435319967042,-0.11694589398516875,-0.18826146663004661,0.10607525405108476,-0.6409145839055206,-0.6927712166987093,51182.37627025542,0.19973177909851003
-0.1924855808843724,0.8817467728645977,0.5682504806371877,-0.47435319967042,-0.12694589398516876,-0.1782614666300466,0.11607525405108476,-0.6409145839055206,-0.6927712166987093,50739.37627025542,0.20376653671264577
-0.1824855808843726,0.9017467728645977,0.5782504806371878,-0.47435319967042,-0.12694589398516876,-0.1782614666300466,0.11607525405108476,-0.6509145839055206,-0.6927712166987093,50826.37627025542,0.20824522972106863
-0.1924855808843724,0.9017467728645977,0.6082504806371876,-0.48435319967042,-0.12694589398516876,-0.16826146663004665,0.11607525405108476,-0.6409145839055206,-0.6827712166987093,50865.37627025542,0.21180028915404847
-0.1824855808843726,0.9117467728645977,0.6182504806371876,-0.50435319967042,-0.11694589398516875,-0.15826146663004664,0.10607525405108476,-0.6409145839055206,-0.6827712166987093,50898.37627025542,0.2125455856323235
-0.1824855808843726,0.9217467728645977,0.6182504806371876,-0.50435319967042,-0.11694589398516875,-0.15826146663004664,0.10607525405108476,-0.6309145839055206,-0.7027712166987093,50831.37627025542,0.21581192016601491
-0.1824855808843726,0.9017467728645977,0.6482504806371876,-0.53435319967042,-0.12694589398516876,-0.13826146663004663,0.10607525405108476,-0.6309145839055206,-0.6927712166987093,51480.37627025542,0.2198087692260735
-0.1824855808843726,0.9117467728645977,0.6682504806371876,-0.5443531996704201,-0.11694589398516875,-0.14826146663004663,0.08607525405108474,-0.6309145839055206,-0.6827712166987093,52005.37627025542,0.2241119861602776
-0.1624855808843726,0.9217467728645977,0.6782504806371876,-0.53435319967042,-0.11694589398516875,-0.13826146663004663,0.06607525405108472,-0.6309145839055206,-0.6727712166987093,51994.37627025542,0.2241119861602776
-0.14248558088437258,0.9117467728645977,0.6882504806371876,-0.53435319967042,-0.11694589398516875,-0.12826146663004662,0.03607525405108469,-0.6309145839055206,-0.6527712166987093,51583.37627025542,0.22791452407836843
-0.12248558088437256,0.9117467728645977,0.6982504806371876,-0.53435319967042,-0.09694589398516873,-0.12826146663004662,0.06607525405108472,-0.6209145839055206,-0.6627712166987093,51438.37627025542,0.23281092643737722
-0.09248558088437253,0.9117467728645977,0.6982504806371876,-0.52435319967042,-0.10694589398516874,-0.11826146663004661,0.03607525405108469,-0.6209145839055206,-0.6527712166987093,51221.37627025542,0.23651261329650453
-0.07248558088437251,0.9117467728645977,0.6882504806371876,-0.52435319967042,-0.08694589398516872,-0.12826146663004662,0.05607525405108471,-0.6109145839055206,-0.6527712166987093,50904.37627025542,0.24068517684936452
-0.062485580884372505,0.9217467728645977,0.6982504806371876,-0.51435319967042,-0.09694589398516873,-0.11826146663004661,0.03607525405108469,-0.6109145839055206,-0.6427712166987093,50739.37627025542,0.24068517684936452
-0.062485580884372505,0.9417467728645977,0.7082504806371877,-0.50435319967042,-0.07694589398516871,-0.11826146663004661,0.026075254051084684,-0.6109145839055206,-0.6427712166987093,50742.37627025542,0.24469060897827077
-0.062485580884372505,0.9417467728645977,0.7082504806371877,-0.51435319967042,-0.07694589398516871,-0.10826146663004665,0.016075254051084675,-0.6109145839055206,-0.6327712166987093,51069.37627025542,0.24884767532348562
-0.04248558088437249,0.9417467728645977,0.7082504806371877,-0.49435319967042,-0.07694589398516871,-0.10826146663004665,0.026075254051084684,-0.6109145839055206,-0.6227712166987093,50684.37627025542,0.25229282379150675
-0.03248558088437248,0.9417467728645977,0.7182504806371877,-0.52435319967042,-0.0669458939851687,-0.09826146663004665,-0.013924745948915351,-0.6009145839055205,-0.6327712166987093,50509.37627025542,0.2533442497253411
-0.03248558088437248,0.9617467728645978,0.7382504806371877,-0.52435319967042,-0.046945893985168685,-0.09826146663004665,-0.0039247459489153425,-0.6009145839055205,-0.6327712166987093,50306.37627025542,0.2566143989562981
-0.052485580884372496,0.9717467728645978,0.7282504806371877,-0.53435319967042,-0.03694589398516879,-0.09826146663004665,-0.013924745948915351,-0.5909145839055205,-0.6127712166987094,50309.37627025542,0.26087589263915945
-0.02248558088437247,0.9817467728645978,0.7182504806371877,-0.53435319967042,-0.02694589398516878,-0.09826146663004665,-0.0039247459489153425,-0.5809145839055205,-0.6127712166987094,50440.37627025542,0.2651242733001702
-0.01248558088437246,0.9817467728645978,0.7282504806371877,-0.52435319967042,-0.02694589398516878,-0.09826146663004665,0.016075254051084675,-0.5909145839055205,-0.6127712166987094,50003.37627025542,0.2659029483795159
-0.01248558088437246,0.9817467728645978,0.7482504806371877,-0.53435319967042,-0.02694589398516878,-0.07826146663004663,0.016075254051084675,-0.5809145839055205,-0.6127712166987094,49914.37627025542,0.26961941719055105
0.0075144191156275575,0.9917467728645978,0.7282504806371877,-0.53435319967042,-0.02694589398516878,-0.07826146663004663,0.016075254051084675,-0.5809145839055205,-0.6127712166987094,49675.37627025542,0.27323479652404714
0.017514419115627566,0.9917467728645978,0.7282504806371877,-0.5543531996704201,0.0030541060148312482,-0.06826146663004662,-0.0039247459489153425,-0.5809145839055205,-0.6027712166987094,49510.37627025542,0.2772984027862542
0.0075144191156275575,0.9917467728645978,0.7482504806371877,-0.5543531996704201,0.0030541060148312482,-0.06826146663004662,-0.0039247459489153425,-0.5809145839055205,-0.6027712166987094,49089.37627025542,0.2779733657836907
0.027514419115627575,0.9817467728645978,0.7482504806371877,-0.5743531996704201,-0.006945893985168761,-0.06826146663004662,-0.0039247459489153425,-0.5809145839055205,-0.6027712166987094,49324.37627025542,0.2812368392944329
0.037514419115627584,0.9717467728645978,0.7582504806371877,-0.5843531996704201,0.013054106014831257,-0.0482614666300466,-0.0039247459489153425,-0.5709145839055205,-0.5927712166987094,50115.37627025542,0.2859866142272942
0.04751441911562759,0.9817467728645978,0.7582504806371877,-0.6043531996704201,0.023054106014831266,-0.05826146663004661,-0.013924745948915351,-0.5709145839055205,-0.6027712166987094,49968.37627025542,0.28947372436523366
0.0575144191156276,0.9717467728645978,0.7482504806371877,-0.6243531996704201,0.023054106014831266,-0.0482614666300466,-0.02392474594891536,-0.5709145839055205,-0.6027712166987094,49473.37627025542,0.2905065536499052
0.0775144191156274,0.9617467728645978,0.7482504806371877,-0.6243531996704201,0.033054106014831275,-0.0482614666300466,-0.03392474594891537,-0.5709145839055205,-0.5927712166987094,49386.37627025542,0.29352064132690714
0.09751441911562742,0.9517467728645977,0.7482504806371877,-0.6243531996704201,0.033054106014831275,-0.028261466630046583,-0.02392474594891536,-0.5709145839055205,-0.5827712166987093,49625.37627025542,0.2985476970672636
0.10751441911562742,0.9517467728645977,0.7482504806371877,-0.6343531996704201,0.0630541060148313,-0.028261466630046583,-0.03392474594891537,-0.5709145839055205,-0.5827712166987093,50062.37627025542,0.30218048095703054
0.11751441911562743,0.9417467728645977,0.7482504806371877,-0.65435319967042,0.07305410601483131,-0.03826146663004659,-0.013924745948915351,-0.5709145839055205,-0.5927712166987094,50243.37627025542,0.30218048095703054
0.13751441911562745,0.9317467728645977,0.7482504806371877,-0.6743531996704201,0.07305410601483131,-0.008261466630046677,-0.02392474594891536,-0.5709145839055205,-0.5927712166987094,50532.37627025542,0.3061754226684563
0.13751441911562745,0.9217467728645977,0.7582504806371877,-0.6843531996704201,0.10305410601483123,0.0017385333699533323,-0.03392474594891537,-0.5609145839055205,-0.5927712166987094,50415.37627025542,0.3103844642639153
0.14751441911562746,0.9317467728645977,0.7482504806371877,-0.6843531996704201,0.09305410601483122,0.0017385333699533323,-0.02392474594891536,-0.5409145839055205,-0.5827712166987093,51082.37627025542,0.31452460289001394
0.14751441911562746,0.9317467728645977,0.7482504806371877,-0.6743531996704201,0.09305410601483122,0.011738533369953341,-0.03392474594891537,-0.5309145839055205,-0.5827712166987093,51179.37627025542,0.3183204650878899
0.14751441911562746,0.9317467728645977,0.7482504806371877,-0.6843531996704201,0.10305410601483123,0.0017385333699533323,-0.02392474594891536,-0.5109145839055206,-0.5827712166987093,50936.37627025542,0.3183204650878899
0.15751441911562747,0.9217467728645977,0.7582504806371877,-0.6843531996704201,0.11305410601483123,0.011738533369953341,-0.02392474594891536,-0.5109145839055206,-0.5827712166987093,50933.37627025542,0.32231874465942667
0.15751441911562747,0.9317467728645977,0.7582504806371877,-0.6843531996704201,0.11305410601483123,0.02173853336995335,-0.03392474594891537,-0.5109145839055206,-0.5827712166987093,51318.37627025542,0.32664079666137624
0.15751441911562747,0.9217467728645977,0.7682504806371877,-0.6643531996704201,0.09305410601483122,0.02173853336995335,-0.02392474594891536,-0.5009145839055206,-0.5727712166987093,51465.37627025542,0.3303229331970208
0.15751441911562747,0.9217467728645977,0.7782504806371877,-0.64435319967042,0.10305410601483123,0.03173853336995336,-0.05392474594891539,-0.48091458390552055,-0.5627712166987093,51534.37627025542,0.3303229331970208
0.15751441911562747,0.9317467728645977,0.7682504806371877,-0.64435319967042,0.13305410601483125,0.03173853336995336,-0.09392474594891542,-0.46091458390552054,-0.5627712166987093,51409.37627025542,0.3344585418701165
0.14751441911562746,0.9317467728645977,0.7682504806371877,-0.6243531996704201,0.14305410601483126,0.03173853336995336,-0.10392474594891543,-0.4309145839055205,-0.5527712166987093,51598.37627025542,0.3383793354034417
0.13751441911562745,0.9417467728645977,0.7782504806371877,-0.6043531996704201,0.15305410601483127,0.04173853336995337,-0.08392474594891541,-0.4009145839055206,-0.5527712166987093,51389.37627025542,0.34246749877929616
0.11751441911562743,0.9417467728645977,0.7882504806371877,-0.5743531996704201,0.1730541060148313,0.05173853336995338,-0.09392474594891542,-0.3809145839055206,-0.5427712166987093,51134.37627025542,0.34246749877929616
0.10751441911562742,0.9517467728645977,0.7982504806371877,-0.5543531996704201,0.1830541060148313,0.061738533369953386,-0.0739247459489154,-0.3909145839055206,-0.5427712166987093,50687.37627025542,0.34646768569946573
0.10751441911562742,0.9517467728645977,0.8082504806371877,-0.5443531996704201,0.1730541060148313,0.0717385333699534,-0.0639247459489154,-0.37091458390552057,-0.5527712166987093,50538.37627025542,0.35148305892944265
0.0875144191156274,0.9517467728645977,0.8182504806371877,-0.50435319967042,0.1830541060148313,0.061738533369953386,-0.0639247459489154,-0.36091458390552056,-0.5427712166987093,50563.37627025542,0.35548419952392507
0.0875144191156274,0.9517467728645977,0.8182504806371877,-0.49435319967042,0.1830541060148313,0.0717385333699534,-0.05392474594891539,-0.36091458390552056,-0.5327712166987093,49842.37627025542,0.3564621925353997
0.0875144191156274,0.9617467728645978,0.8182504806371877,-0.49435319967042,0.1930541060148313,0.10173853336995342,-0.0739247459489154,-0.35091458390552055,-0.5327712166987093,49655.37627025542,0.35901231765747
0.0775144191156274,0.9617467728645978,0.8082504806371877,-0.45435319967042,0.20305410601483131,0.11173853336995332,-0.0639247459489154,-0.3209145839055205,-0.5327712166987093,49436.37627025542,0.3640343666076653
0.0775144191156274,0.9717467728645978,0.8082504806371877,-0.4343531996704202,0.1930541060148313,0.11173853336995332,-0.0639247459489154,-0.3009145839055206,-0.5327712166987093,49751.37627025542,0.36758656501770304
0.06751441911562739,0.9717467728645978,0.8182504806371877,-0.41435319967042017,0.2130541060148312,0.11173853336995332,-0.0739247459489154,-0.2809145839055206,-0.5327712166987093,49438.37627025542,0.36863679885864187
0.0575144191156276,0.9817467728645978,0.8282504806371878,-0.40435319967042016,0.22305410601483122,0.15173853336995335,-0.0639247459489154,-0.2709145839055206,-0.5227712166987093,48791.37627025542,0.37156052589416433
0.0575144191156276,0.9817467728645978,0.8282504806371878,-0.3643531996704201,0.23305410601483123,0.16173853336995336,-0.0639247459489154,-0.2609145839055206,-0.5027712166987093,48460.37627025542,0.3759469509124749
0.04751441911562759,0.9917467728645978,0.8282504806371878,-0.3243531996704201,0.24305410601483124,0.1917385333699534,-0.05392474594891539,-0.23091458390552055,-0.5027712166987093,48281.37627025542,0.3799194812774651
0.04751441911562759,0.9817467728645978,0.8282504806371878,-0.3143531996704201,0.23305410601483123,0.18173853336995338,-0.04392474594891538,-0.22091458390552055,-0.5027712166987093,48146.37627025542,0.3809725761413567
0.04751441911562759,0.9817467728645978,0.8282504806371878,-0.28435319967042005,0.24305410601483124,0.1917385333699534,-0.04392474594891538,-0.21091458390552054,-0.49277121669870927,48097.37627025542,0.38395900726318644
0.037514419115627584,0.9917467728645978,0.8282504806371878,-0.27435319967042004,0.26305410601483126,0.2017385333699534,-0.03392474594891537,-0.20091458390552053,-0.48277121669870937,48590.37627025542,0.38799614906310964
0.037514419115627584,0.9817467728645978,0.8282504806371878,-0.25435319967042,0.27305410601483127,0.22173853336995342,-0.04392474594891538,-0.1709145839055206,-0.47277121669870936,48783.37627025542,0.39243049621582315
0.027514419115627575,0.9817467728645978,0.8382504806371878,-0.24435319967042002,0.26305410601483126,0.24173853336995332,-0.04392474594891538,-0.1609145839055206,-0.47277121669870936,48690.37627025542,0.39568729400634695
0.017514419115627566,0.9817467728645978,0.8482504806371878,-0.21435319967042,0.2930541060148313,0.22173853336995342,-0.03392474594891537,-0.1509145839055206,-0.49277121669870927,48533.37627025542,0.39642686843871644
-0.0024855808843724514,0.9917467728645978,0.8582504806371876,-0.21435319967042,0.3030541060148313,0.24173853336995332,-0.03392474594891537,-0.13091458390552058,-0.47277121669870936,47776.37627025542,0.40045089721679616
-0.01248558088437246,1.001746772864598,0.8582504806371876,-0.1943531996704202,0.3030541060148313,0.25173853336995333,-0.03392474594891537,-0.13091458390552058,-0.47277121669870936,47593.37627025542,0.40464158058166433
-0.01248558088437246,0.9917467728645978,0.8582504806371876,-0.16435319967042017,0.3130541060148313,0.26173853336995334,-0.04392474594891538,-0.10091458390552055,-0.47277121669870936,47752.37627025542,0.4084941864013665
-0.01248558088437246,0.9917467728645978,0.8482504806371878,-0.14435319967042015,0.3330541060148312,0.25173853336995333,-0.03392474594891537,-0.10091458390552055,-0.47277121669870936,47897.37627025542,0.40903611183166433
-0.0024855808843724514,1.0117467728645977,0.8282504806371878,-0.13435319967042014,0.37305410601483124,0.25173853336995333,-0.03392474594891537,-0.08091458390552053,-0.48277121669870937,48052.37627025542,0.4128176689147942
-0.0024855808843724514,1.021746772864598,0.8182504806371877,-0.13435319967042014,0.40305410601483127,0.27173853336995335,-0.04392474594891538,-0.060914583905520514,-0.47277121669870936,47931.37627025542,0.4168040275573688
-0.0024855808843724514,1.021746772864598,0.8182504806371877,-0.13435319967042014,0.4330541060148313,0.28173853336995336,-0.03392474594891537,-0.050914583905520616,-0.47277121669870936,48116.37627025542,0.42079133987426687
-0.02248558088437247,1.021746772864598,0.8282504806371878,-0.15435319967042016,0.47305410601483133,0.3117385333699534,-0.04392474594891538,-0.04091458390552061,-0.46277121669870935,48381.37627025542,0.42079133987426687
-0.04248558088437249,1.0317467728645977,0.8482504806371878,-0.16435319967042017,0.5230541060148312,0.3317385333699534,-0.04392474594891538,-0.04091458390552061,-0.45277121669870934,48620.37627025542,0.42499823570251394
-0.062485580884372505,1.0317467728645977,0.8582504806371876,-0.15435319967042016,0.5630541060148312,0.3317385333699534,-0.0639247459489154,-0.0009145839055205718,-0.4327712166987093,48305.37627025542,0.42861957550048757
-0.07248558088437251,1.0317467728645977,0.8682504806371876,-0.14435319967042015,0.5630541060148312,0.3517385333699534,-0.0639247459489154,-0.0009145839055205718,-0.45277121669870934,47762.37627025542,0.4326190471649163
-0.08248558088437252,1.0417467728645975,0.8582504806371876,-0.14435319967042015,0.6030541060148312,0.3417385333699534,-0.0639247459489154,0.009085416094479437,-0.44277121669870934,47097.37627025542,0.43361921310424734
-0.08248558088437252,1.0517467728645977,0.8582504806371876,-0.15435319967042016,0.6230541060148312,0.3517385333699534,-0.0739247459489154,0.029085416094479455,-0.44277121669870934,47490.37627025542,0.43661899566650675
-0.08248558088437252,1.0617467728645975,0.8482504806371878,-0.16435319967042017,0.6530541060148313,0.3617385333699533,-0.0739247459489154,0.039085416094479464,-0.4327712166987093,47751.37627025542,0.44166750907898233
-0.09248558088437253,1.0717467728645977,0.8482504806371878,-0.14435319967042015,0.6530541060148313,0.3617385333699533,-0.08392474594891541,0.04908541609447947,-0.4227712166987093,47856.37627025542,0.44532246589660573
-0.10248558088437254,1.0717467728645977,0.8582504806371876,-0.15435319967042016,0.6930541060148313,0.37173853336995333,-0.10392474594891543,0.05908541609447948,-0.4227712166987093,47873.37627025542,0.44532246589660573
-0.12248558088437256,1.0717467728645977,0.8682504806371876,-0.15435319967042016,0.7030541060148313,0.37173853336995333,-0.0739247459489154,0.04908541609447947,-0.4127712166987093,48290.37627025542,0.4493996620178251
-0.13248558088437257,1.0817467728645975,0.8782504806371876,-0.17435319967042018,0.7530541060148314,0.39173853336995335,-0.09392474594891542,0.04908541609447947,-0.4027712166987093,48617.37627025542,0.45356149673461843
-0.14248558088437258,1.0817467728645975,0.8782504806371876,-0.1843531996704202,0.7930541060148312,0.39173853336995335,-0.08392474594891541,0.04908541609447947,-0.4027712166987093,48826.37627025542,0.4576124668121331
-0.14248558088437258,1.0817467728645975,0.8782504806371876,-0.1943531996704202,0.8330541060148312,0.40173853336995335,-0.09392474594891542,0.039085416094479464,-0.3827712166987093,48465.37627025542,0.45834369659423757
-0.15248558088437258,1.0817467728645975,0.8782504806371876,-0.20435319967041998,0.8530541060148312,0.41173853336995336,-0.09392474594891542,0.05908541609447948,-0.3827712166987093,48782.37627025542,0.46162075996398855
-0.15248558088437258,1.0717467728645977,0.8782504806371876,-0.20435319967041998,0.8530541060148312,0.40173853336995335,-0.10392474594891543,0.06908541609447949,-0.3827712166987093,49403.37627025542,0.46583433151245046
-0.15248558088437258,1.0717467728645977,0.8882504806371876,-0.1943531996704202,0.8930541060148313,0.40173853336995335,-0.11392474594891544,0.0790854160944795,-0.3727712166987093,50140.37627025542,0.4701351642608671
-0.15248558088437258,1.0717467728645977,0.8882504806371876,-0.21435319967042,0.9330541060148313,0.40173853336995335,-0.13392474594891524,0.08908541609447951,-0.3627712166987094,49925.37627025542,0.471183252334594
-0.1624855808843726,1.0617467728645975,0.8882504806371876,-0.22435319967042,0.9530541060148313,0.40173853336995335,-0.13392474594891524,0.11908541609447953,-0.3727712166987093,49108.37627025542,0.4741727828979485
-0.1624855808843726,1.0717467728645977,0.8882504806371876,-0.23435319967042,0.9730541060148313,0.41173853336995336,-0.14392474594891524,0.10908541609447953,-0.3827712166987093,48847.37627025542,0.4788388729095452
-0.1724855808843726,1.0817467728645975,0.8882504806371876,-0.23435319967042,1.0030541060148312,0.41173853336995336,-0.14392474594891524,0.12908541609447954,-0.3827712166987093,49170.37627025542,0.4818698883056669
-0.1724855808843726,1.0817467728645975,0.8882504806371876,-0.24435319967042002,1.0230541060148313,0.41173853336995336,-0.14392474594891524,0.13908541609447933,-0.3827712166987093,49403.37627025542,0.4860414981842034
-0.1724855808843726,1.0917467728645978,0.8782504806371876,-0.24435319967042002,1.0430541060148313,0.40173853336995335,-0.14392474594891524,0.14908541609447934,-0.3827712166987093,48950.37627025542,0.4868778705596917
-0.1824855808843726,1.0917467728645978,0.8682504806371876,-0.25435319967042,1.073054106014831,0.41173853336995336,-0.14392474594891524,0.13908541609447933,-0.3827712166987093,49203.37627025542,0.4900717258453362
-0.1824855808843726,1.1117467728645978,0.8582504806371876,-0.27435319967042004,1.093054106014831,0.40173853336995335,-0.12392474594891545,0.12908541609447954,-0.3827712166987093,49750.37627025542,0.49390597343444753
-0.1824855808843726,1.1117467728645978,0.8582504806371876,-0.26435319967042004,1.1030541060148313,0.41173853336995336,-0.13392474594891524,0.10908541609447953,-0.3727712166987093,49939.37627025542,0.4979702949523954
-0.1924855808843724,1.1017467728645975,0.8682504806371876,-0.27435319967042004,1.1330541060148311,0.40173853336995335,-0.13392474594891524,0.11908541609447953,-0.3727712166987093,50342.37627025542,0.4989692687988274
-0.1924855808843724,1.0917467728645978,0.8782504806371876,-0.27435319967042004,1.1430541060148314,0.41173853336995336,-0.12392474594891545,0.10908541609447953,-0.3727712166987093,50171.37627025542,0.5019690513610833
-0.1824855808843726,1.0917467728645978,0.8782504806371876,-0.26435319967042004,1.1330541060148311,0.40173853336995335,-0.12392474594891545,0.12908541609447954,-0.3827712166987093,49734.37627025542,0.5069489002227776
-0.1824855808843726,1.0917467728645978,0.8782504806371876,-0.27435319967042004,1.1730541060148312,0.40173853336995335,-0.12392474594891545,0.12908541609447954,-0.3727712166987093,49847.37627025542,0.5109488487243645
-0.1924855808843724,1.0917467728645978,0.8782504806371876,-0.29435319967042006,1.1930541060148312,0.40173853336995335,-0.12392474594891545,0.14908541609447934,-0.3727712166987093,49090.37627025542,0.5109488487243645
-0.1924855808843724,1.0917467728645978,0.8782504806371876,-0.28435319967042005,1.2030541060148314,0.40173853336995335,-0.13392474594891524,0.15908541609447935,-0.3727712166987093,49075.37627025542,0.5146643638610833
-0.1924855808843724,1.0917467728645978,0.8782504806371876,-0.29435319967042006,1.2230541060148314,0.39173853336995335,-0.13392474594891524,0.15908541609447935,-0.3727712166987093,48778.37627025542,0.5186852931976311
-0.1924855808843724,1.0917467728645978,0.8782504806371876,-0.29435319967042006,1.2230541060148314,0.40173853336995335,-0.13392474594891524,0.16908541609447936,-0.3727712166987093,48797.37627025542,0.5232598304748528
-0.1924855808843724,1.0817467728645975,0.8882504806371876,-0.29435319967042006,1.2430541060148315,0.39173853336995335,-0.13392474594891524,0.16908541609447936,-0.3827712166987093,48872.37627025542,0.5239910602569573
-0.1924855808843724,1.0917467728645978,0.8882504806371876,-0.30435319967042007,1.2630541060148315,0.39173853336995335,-0.12392474594891545,0.16908541609447936,-0.3827712166987093,48657.37627025542,0.5270030021667473
-0.1924855808843724,1.0917467728645978,0.8882504806371876,-0.3143531996704201,1.2730541060148313,0.40173853336995335,-0.11392474594891544,0.16908541609447936,-0.3927712166987093,48558.37627025542,0.531103324890136
-0.2024855808843724,1.0817467728645975,0.8982504806371876,-0.3143531996704201,1.2930541060148313,0.39173853336995335,-0.12392474594891545,0.16908541609447936,-0.4027712166987093,48347.37627025542,0.5354084491729729
-0.1824855808843726,1.0817467728645975,0.8882504806371876,-0.30435319967042007,1.283054106014831,0.38173853336995334,-0.11392474594891544,0.15908541609447935,-0.4027712166987093,47648.37627025542,0.5361380100250273
-0.1824855808843726,1.0817467728645975,0.8982504806371876,-0.3143531996704201,1.2930541060148313,0.39173853336995335,-0.12392474594891545,0.15908541609447935,-0.4027712166987093,47519.37627025542,0.5391432762145989
-0.1824855808843726,1.0817467728645975,0.8982504806371876,-0.3143531996704201,1.303054106014831,0.39173853336995335,-0.12392474594891545,0.13908541609447933,-0.4027712166987093,48044.37627025542,0.543146085739135
-0.1724855808843726,1.0717467728645977,0.8982504806371876,-0.30435319967042007,1.3130541060148313,0.39173853336995335,-0.11392474594891544,0.12908541609447954,-0.4127712166987093,47965.37627025542,0.5480184078216546
-0.1624855808843726,1.0617467728645975,0.8982504806371876,-0.3243531996704201,1.323054106014831,0.39173853336995335,-0.11392474594891544,0.11908541609447953,-0.4027712166987093,48030.37627025542,0.5490593433380084
-0.1624855808843726,1.0617467728645975,0.8982504806371876,-0.3243531996704201,1.323054106014831,0.39173853336995335,-0.11392474594891544,0.10908541609447953,-0.4127712166987093,48377.37627025542,0.5518187999725335
-0.14248558088437258,1.0517467728645977,0.8982504806371876,-0.3243531996704201,1.3330541060148313,0.39173853336995335,-0.11392474594891544,0.09908541609447952,-0.4227712166987093,48280.37627025542,0.5554968833923333
-0.13248558088437257,1.0417467728645975,0.8882504806371876,-0.3143531996704201,1.343054106014831,0.38173853336995334,-0.11392474594891544,0.08908541609447951,-0.4327712166987093,48441.37627025542,0.5597896099090569
-0.12248558088437256,1.0417467728645975,0.8882504806371876,-0.3143531996704201,1.3530541060148313,0.39173853336995335,-0.11392474594891544,0.0790854160944795,-0.4327712166987093,48770.37627025542,0.5642613887786858
-0.11248558088437255,1.0417467728645975,0.8782504806371876,-0.3243531996704201,1.3630541060148311,0.38173853336995334,-0.10392474594891543,0.0790854160944795,-0.44277121669870934,48677.37627025542,0.5642613887786858
-0.10248558088437254,1.021746772864598,0.8782504806371876,-0.3243531996704201,1.3630541060148311,0.39173853336995335,-0.11392474594891544,0.0790854160944795,-0.4327712166987093,48696.37627025542,0.5683609962463372
-0.09248558088437253,1.021746772864598,0.8782504806371876,-0.3243531996704201,1.3630541060148311,0.39173853336995335,-0.11392474594891544,0.04908541609447947,-0.4327712166987093,48727.37627025542,0.571899366378787
-0.08248558088437252,1.0117467728645977,0.8682504806371876,-0.3243531996704201,1.3830541060148311,0.40173853336995335,-0.10392474594891543,0.039085416094479464,-0.45277121669870934,48802.37627025542,0.5762166500091546
-0.07248558088437251,1.0117467728645977,0.8582504806371876,-0.3343531996704201,1.3730541060148314,0.41173853336995336,-0.10392474594891543,0.019085416094479446,-0.45277121669870934,49371.37627025542,0.5769514560699456
-0.062485580884372505,1.001746772864598,0.8582504806371876,-0.3343531996704201,1.4030541060148312,0.40173853336995335,-0.11392474594891544,-0.02091458390552059,-0.45277121669870934,49832.37627025542,0.5803207874298089
-0.052485580884372496,1.001746772864598,0.8682504806371876,-0.3343531996704201,1.3930541060148314,0.40173853336995335,-0.09392474594891542,-0.01091458390552058,-0.45277121669870934,49947.37627025542,0.5850359916687005
-0.04248558088437249,0.9917467728645978,0.8582504806371876,-0.3443531996704201,1.4030541060148312,0.41173853336995336,-0.08392474594891541,-0.0309145839055206,-0.47277121669870936,49832.37627025542,0.5890309333801262
-0.04248558088437249,0.9917467728645978,0.8482504806371878,-0.3543531996704201,1.4130541060148314,0.41173853336995336,-0.10392474594891543,-0.04091458390552061,-0.47277121669870936,49959.37627025542,0.5890309333801262
-0.03248558088437248,0.9917467728645978,0.8482504806371878,-0.3543531996704201,1.4230541060148312,0.41173853336995336,-0.11392474594891544,-0.04091458390552061,-0.45277121669870934,49962.37627025542,0.5930442333221464
-0.03248558088437248,0.9917467728645978,0.8482504806371878,-0.3543531996704201,1.4330541060148314,0.41173853336995336,-0.11392474594891544,-0.04091458390552061,-0.47277121669870936,50305.37627025542,0.5966569900512688
-0.02248558088437247,0.9817467728645978,0.8382504806371878,-0.3543531996704201,1.4330541060148314,0.41173853336995336,-0.11392474594891544,-0.060914583905520514,-0.47277121669870936,50650.37627025542,0.601700973510745
-0.02248558088437247,0.9917467728645978,0.8382504806371878,-0.3643531996704201,1.4530541060148314,0.41173853336995336,-0.12392474594891545,-0.060914583905520514,-0.47277121669870936,50523.37627025542,0.601700973510745
-0.01248558088437246,0.9817467728645978,0.8382504806371878,-0.38435319967042014,1.4730541060148314,0.4217385333699534,-0.13392474594891524,-0.060914583905520514,-0.47277121669870936,50542.37627025542,0.6057307243347161
-0.01248558088437246,0.9817467728645978,0.8382504806371878,-0.38435319967042014,1.4730541060148314,0.41173853336995336,-0.13392474594891524,-0.060914583905520514,-0.48277121669870937,50415.37627025542,0.6089837074279778
-0.01248558088437246,0.9817467728645978,0.8382504806371878,-0.39435319967042015,1.4930541060148315,0.4217385333699534,-0.11392474594891544,-0.0309145839055206,-0.48277121669870937,50722.37627025542,0.6134261608123772
-0.01248558088437246,0.9817467728645978,0.8382504806371878,-0.38435319967042014,1.4830541060148312,0.4217385333699534,-0.11392474594891544,-0.060914583905520514,-0.49277121669870927,51209.37627025542,0.6144704341888421
-0.01248558088437246,0.9817467728645978,0.8382504806371878,-0.39435319967042015,1.5030541060148312,0.4217385333699534,-0.12392474594891545,-0.04091458390552061,-0.5027712166987093,50758.37627025542,0.6173302650451653
-0.01248558088437246,0.9817467728645978,0.8382504806371878,-0.39435319967042015,1.5130541060148315,0.4217385333699534,-0.11392474594891544,-0.0309145839055206,-0.5027712166987093,50171.37627025542,0.6216556549072259
-0.01248558088437246,0.9817467728645978,0.8382504806371878,-0.40435319967042016,1.5230541060148313,0.41173853336995336,-0.13392474594891524,-0.01091458390552058,-0.5027712166987093,49694.37627025542,0.6254195690155058
-0.02248558088437247,0.9917467728645978,0.8482504806371878,-0.40435319967042016,1.5330541060148315,0.41173853336995336,-0.12392474594891545,-0.01091458390552058,-0.5027712166987093,49455.37627025542,0.6254195690155058
-0.03248558088437248,0.9917467728645978,0.8482504806371878,-0.39435319967042015,1.5330541060148315,0.41173853336995336,-0.12392474594891545,-0.0009145839055205718,-0.5227712166987093,49452.37627025542,0.6290111064910917
-0.052485580884372496,0.9917467728645978,0.8582504806371876,-0.40435319967042016,1.5330541060148315,0.41173853336995336,-0.11392474594891544,-0.01091458390552058,-0.5227712166987093,49565.37627025542,0.6330101013183587
-0.062485580884372505,1.001746772864598,0.8582504806371876,-0.39435319967042015,1.5430541060148313,0.41173853336995336,-0.10392474594891543,-0.02091458390552059,-0.5327712166987093,49058.37627025542,0.6380102157592766
-0.052485580884372496,0.9917467728645978,0.8582504806371876,-0.40435319967042016,1.5530541060148315,0.41173853336995336,-0.12392474594891545,0.009085416094479437,-0.5327712166987093,48717.37627025542,0.6410102367401151
-0.04248558088437249,0.9917467728645978,0.8482504806371878,-0.41435319967042017,1.5630541060148313,0.41173853336995336,-0.11392474594891544,0.039085416094479464,-0.5327712166987093,47842.37627025542,0.6421424865722649
-0.03248558088437248,0.9917467728645978,0.8382504806371878,-0.4243531996704202,1.5730541060148315,0.41173853336995336,-0.12392474594891545,0.039085416094479464,-0.5327712166987093,47703.37627025542,0.6457447528839104
-0.03248558088437248,0.9917467728645978,0.8382504806371878,-0.4243531996704202,1.5730541060148315,0.41173853336995336,-0.11392474594891544,0.04908541609447947,-0.5327712166987093,48144.37627025542,0.6504182338714628
-0.03248558088437248,0.9917467728645978,0.8382504806371878,-0.4343531996704202,1.5930541060148316,0.40173853336995335,-0.13392474594891524,0.05908541609447948,-0.5327712166987093,48339.37627025542,0.6543969631195061
-0.03248558088437248,0.9817467728645978,0.8482504806371878,-0.4443531996704202,1.6030541060148313,0.41173853336995336,-0.13392474594891524,0.05908541609447948,-0.5327712166987093,48118.37627025542,0.6543969631195061
-0.04248558088437249,0.9817467728645978,0.8582504806371876,-0.46435319967042,1.6130541060148316,0.4217385333699534,-0.13392474594891524,0.029085416094479455,-0.5227712166987093,47773.37627025542,0.6583966732025139
-0.04248558088437249,0.9817467728645978,0.8582504806371876,-0.46435319967042,1.6130541060148316,0.4217385333699534,-0.14392474594891524,0.04908541609447947,-0.5227712166987093,47522.37627025542,0.6624574184417682
-0.052485580884372496,0.9817467728645978,0.8582504806371876,-0.46435319967042,1.6230541060148314,0.4217385333699534,-0.12392474594891545,0.04908541609447947,-0.5227712166987093,47457.37627025542,0.6659430980682366
-0.052485580884372496,0.9817467728645978,0.8582504806371876,-0.46435319967042,1.6230541060148314,0.4217385333699534,-0.12392474594891545,0.06908541609447949,-0.5227712166987093,47632.37627025542,0.6669978618621855
-0.04248558088437249,0.9817467728645978,0.8582504806371876,-0.48435319967042,1.6430541060148314,0.41173853336995336,-0.11392474594891544,0.05908541609447948,-0.5227712166987093,47163.37627025542,0.6702548980712884
-0.04248558088437249,0.9717467728645978,0.8582504806371876,-0.48435319967042,1.6530541060148312,0.41173853336995336,-0.09392474594891542,0.05908541609447948,-0.5227712166987093,47170.37627025542,0.6745433330535846
-0.03248558088437248,0.9817467728645978,0.8482504806371878,-0.48435319967042,1.6530541060148312,0.41173853336995336,-0.09392474594891542,0.06908541609447949,-0.5227712166987093,47223.37627025542,0.6788582324981682
-0.04248558088437249,0.9817467728645978,0.8482504806371878,-0.49435319967042,1.6530541060148312,0.41173853336995336,-0.09392474594891542,0.08908541609447951,-0.5227712166987093,47280.37627025542,0.679604244232177
-0.052485580884372496,0.9817467728645978,0.8482504806371878,-0.50435319967042,1.6630541060148314,0.41173853336995336,-0.10392474594891543,0.09908541609447952,-0.5227712166987093,47169.37627025542,0.6828646183013909
-0.062485580884372505,1.001746772864598,0.8482504806371878,-0.50435319967042,1.6730541060148312,0.41173853336995336,-0.09392474594891542,0.09908541609447952,-0.5227712166987093,46846.37627025542,0.6869856834411578
-0.08248558088437252,1.0117467728645977,0.8482504806371878,-0.51435319967042,1.6830541060148314,0.4217385333699534,-0.0639247459489154,0.11908541609447953,-0.5227712166987093,46349.37627025542,0.6914898872375446
-0.08248558088437252,1.021746772864598,0.8282504806371878,-0.52435319967042,1.6830541060148314,0.4217385333699534,-0.08392474594891541,0.12908541609447954,-0.5127712166987093,46426.37627025542,0.6924969673156731
-0.07248558088437251,1.021746772864598,0.8182504806371877,-0.53435319967042,1.6830541060148314,0.4217385333699534,-0.08392474594891541,0.12908541609447954,-0.5027712166987093,46411.37627025542,0.6954516887664788
-0.08248558088437252,1.021746772864598,0.8282504806371878,-0.53435319967042,1.6830541060148314,0.4217385333699534,-0.09392474594891542,0.13908541609447933,-0.49277121669870927,46366.37627025542,0.6992463588714628
-0.08248558088437252,1.021746772864598,0.8282504806371878,-0.53435319967042,1.6930541060148312,0.41173853336995336,-0.10392474594891543,0.15908541609447935,-0.48277121669870937,45823.37627025542,0.7030145645141594
-0.09248558088437253,1.0317467728645977,0.8282504806371878,-0.53435319967042,1.7030541060148314,0.41173853336995336,-0.10392474594891543,0.14908541609447934,-0.48277121669870937,45608.37627025542,0.7074582099914544
-0.10248558088437254,1.0317467728645977,0.8382504806371878,-0.53435319967042,1.7030541060148314,0.41173853336995336,-0.09392474594891542,0.14908541609447934,-0.47277121669870936,46001.37627025542,0.7074582099914544
-0.11248558088437255,1.0417467728645975,0.8482504806371878,-0.52435319967042,1.6930541060148312,0.41173853336995336,-0.09392474594891542,0.15908541609447935,-0.46277121669870935,45762.37627025542,0.7115590095519977
-0.13248558088437257,1.0517467728645977,0.8482504806371878,-0.53435319967042,1.6930541060148312,0.41173853336995336,-0.09392474594891542,0.16908541609447936,-0.46277121669870935,45675.37627025542,0.7158171653747551
-0.14248558088437258,1.0417467728645975,0.8482504806371878,-0.53435319967042,1.7030541060148314,0.41173853336995336,-0.09392474594891542,0.17908541609447937,-0.45277121669870934,45626.37627025542,0.7197715759277337
-0.14248558088437258,1.0517467728645977,0.8582504806371876,-0.53435319967042,1.7030541060148314,0.41173853336995336,-0.09392474594891542,0.18908541609447937,-0.44277121669870934,45741.37627025542,0.7205903053283684
-0.15248558088437258,1.0517467728645977,0.8682504806371876,-0.53435319967042,1.7030541060148314,0.41173853336995336,-0.09392474594891542,0.2090854160944794,-0.44277121669870934,46212.37627025542,0.7238230228424065
-0.1724855808843726,1.0517467728645977,0.8682504806371876,-0.53435319967042,1.7030541060148314,0.40173853336995335,-0.09392474594891542,0.2190854160944794,-0.4327712166987093,46729.37627025542,0.7278511047363274
-0.1724855808843726,1.0517467728645977,0.8782504806371876,-0.52435319967042,1.7030541060148314,0.40173853336995335,-0.09392474594891542,0.2190854160944794,-0.4227712166987093,46180.37627025542,0.7321490764617913
-0.1824855808843726,1.0517467728645977,0.8882504806371876,-0.52435319967042,1.7030541060148314,0.40173853336995335,-0.09392474594891542,0.2190854160944794,-0.4227712166987093,46139.37627025542,0.7328781604766803
-0.2024855808843724,1.0517467728645977,0.8982504806371876,-0.52435319967042,1.7030541060148314,0.41173853336995336,-0.0739247459489154,0.23908541609447942,-0.4227712166987093,46426.37627025542,0.7363063812255852
-0.2024855808843724,1.0517467728645977,0.8982504806371876,-0.52435319967042,1.7030541060148314,0.41173853336995336,-0.0739247459489154,0.23908541609447942,-0.4027712166987093,46137.37627025542,0.7400629043579094
-0.2024855808843724,1.0517467728645977,0.8982504806371876,-0.52435319967042,1.6930541060148312,0.41173853336995336,-0.0739247459489154,0.2290854160944794,-0.4027712166987093,46090.37627025542,0.7447835922241168
-0.1924855808843724,1.0517467728645977,0.8982504806371876,-0.52435319967042,1.6830541060148314,0.41173853336995336,-0.0739247459489154,0.24908541609447943,-0.3827712166987093,45603.37627025542,0.7447835922241168
-0.2024855808843724,1.0517467728645977,0.8882504806371876,-0.51435319967042,1.6830541060148314,0.41173853336995336,-0.0739247459489154,0.24908541609447943,-0.3827712166987093,45424.37627025542,0.7487518310546868
-0.2024855808843724,1.0617467728645975,0.8782504806371876,-0.52435319967042,1.6830541060148314,0.4217385333699534,-0.0739247459489154,0.24908541609447943,-0.3727712166987093,45585.37627025542,0.7524232387542753
-0.21248558088437242,1.0717467728645977,0.8882504806371876,-0.52435319967042,1.6830541060148314,0.4217385333699534,-0.0639247459489154,0.25908541609447944,-0.3727712166987093,45966.37627025542,0.7571565628051751
-0.22248558088437242,1.0717467728645977,0.8882504806371876,-0.52435319967042,1.6830541060148314,0.4217385333699534,-0.0639247459489154,0.24908541609447943,-0.3627712166987094,45993.37627025542,0.7571565628051751
-0.22248558088437242,1.0817467728645975,0.8782504806371876,-0.53435319967042,1.6830541060148314,0.4217385333699534,-0.0639247459489154,0.25908541609447944,-0.35277121669870937,45618.37627025542,0.7604307651519768
-0.22248558088437242,1.0817467728645975,0.8682504806371876,-0.52435319967042,1.6730541060148312,0.4217385333699534,-0.0639247459489154,0.27908541609447945,-0.3627712166987094,45617.37627025542,0.7651631355285637
-0.23248558088437243,1.0917467728645978,0.8682504806371876,-0.51435319967042,1.6730541060148312,0.4217385333699534,-0.0639247459489154,0.25908541609447944,-0.34277121669870936,45858.37627025542,0.7691854953765862
-0.22248558088437242,1.0917467728645978,0.8682504806371876,-0.51435319967042,1.6630541060148314,0.4217385333699534,-0.05392474594891539,0.26908541609447945,-0.34277121669870936,45623.37627025542,0.7702311992645257
-0.22248558088437242,1.0917467728645978,0.8682504806371876,-0.50435319967042,1.6630541060148314,0.41173853336995336,-0.05392474594891539,0.27908541609447945,-0.34277121669870936,45362.37627025542,0.7735075473785429
-0.22248558088437242,1.0817467728645975,0.8782504806371876,-0.49435319967042,1.6530541060148312,0.4217385333699534,-0.0639247459489154,0.27908541609447945,-0.32277121669870934,45023.37627025542,0.7768041610717766
-0.23248558088437243,1.0817467728645975,0.8782504806371876,-0.49435319967042,1.6430541060148314,0.4217385333699534,-0.0639247459489154,0.2990854160944795,-0.33277121669870935,44534.37627025542,0.7811614990234368
-0.22248558088437242,1.0817467728645975,0.8782504806371876,-0.49435319967042,1.6430541060148314,0.4217385333699534,-0.05392474594891539,0.2990854160944795,-0.33277121669870935,44561.37627025542,0.7853314399719231
-0.22248558088437242,1.0817467728645975,0.8782504806371876,-0.49435319967042,1.6430541060148314,0.4217385333699534,-0.05392474594891539,0.3090854160944795,-0.33277121669870935,44284.37627025542,0.7860316753387444
-0.22248558088437242,1.0817467728645975,0.8882504806371876,-0.48435319967042,1.6330541060148316,0.4217385333699534,-0.05392474594891539,0.3090854160944795,-0.32277121669870934,44533.37627025542,0.7892965793609577
-0.21248558088437242,1.0717467728645977,0.8782504806371876,-0.48435319967042,1.6330541060148316,0.4217385333699534,-0.05392474594891539,0.3190854160944795,-0.32277121669870934,44640.37627025542,0.7940313339233427
-0.21248558088437242,1.0817467728645975,0.8882504806371876,-0.48435319967042,1.6230541060148314,0.4217385333699534,-0.05392474594891539,0.3290854160944795,-0.32277121669870934,44709.37627025542,0.7976459980010979
-0.21248558088437242,1.0817467728645975,0.8882504806371876,-0.47435319967042,1.6230541060148314,0.4217385333699534,-0.0639247459489154,0.3290854160944795,-0.32277121669870934,44554.37627025542,0.7976459980010979
-0.21248558088437242,1.0717467728645977,0.8882504806371876,-0.47435319967042,1.6230541060148314,0.4217385333699534,-0.05392474594891539,0.3290854160944795,-0.33277121669870935,44169.37627025542,0.801648807525634
-0.22248558088437242,1.0817467728645975,0.8882504806371876,-0.47435319967042,1.6130541060148316,0.4217385333699534,-0.05392474594891539,0.3590854160944795,-0.35277121669870937,43542.37627025542,0.8055250167846673
-0.22248558088437242,1.0817467728645975,0.8882504806371876,-0.47435319967042,1.6130541060148316,0.4217385333699534,-0.05392474594891539,0.3590854160944795,-0.3627712166987094,43091.37627025542,0.8094427108764677
-0.22248558088437242,1.0717467728645977,0.8882504806371876,-0.46435319967042,1.6230541060148314,0.41173853336995336,-0.04392474594891538,0.36908541609447953,-0.3827712166987093,43328.37627025542,0.8101813316345172
-0.21248558088437242,1.0717467728645977,0.8882504806371876,-0.46435319967042,1.6230541060148314,0.40173853336995335,-0.03392474594891537,0.36908541609447953,-0.3927712166987093,43677.37627025542,0.8142866611480706
-0.2024855808843724,1.0717467728645977,0.8882504806371876,-0.46435319967042,1.6130541060148316,0.41173853336995336,-0.04392474594891538,0.39908541609447934,-0.4027712166987093,43372.37627025542,0.8182866096496575
-0.2024855808843724,1.0717467728645977,0.8982504806371876,-0.46435319967042,1.6030541060148313,0.4217385333699534,-0.04392474594891538,0.39908541609447934,-0.4027712166987093,43265.37627025542,0.8224279403686516
-0.2024855808843724,1.0717467728645977,0.8882504806371876,-0.45435319967042,1.5930541060148316,0.4217385333699534,-0.04392474594891538,0.40908541609447935,-0.4027712166987093,43718.37627025542,0.8232931613922112
-0.2024855808843724,1.0717467728645977,0.8882504806371876,-0.4443531996704202,1.5830541060148313,0.4217385333699534,-0.04392474594891538,0.40908541609447935,-0.4127712166987093,43887.37627025542,0.8255462169647174
-0.1924855808843724,1.0717467728645977,0.8882504806371876,-0.4343531996704202,1.5730541060148315,0.41173853336995336,-0.03392474594891537,0.40908541609447935,-0.4227712166987093,44016.37627025542,0.8303384304046659
-0.1824855808843726,1.0717467728645977,0.8782504806371876,-0.4343531996704202,1.5730541060148315,0.4217385333699534,-0.03392474594891537,0.41908541609447936,-0.4227712166987093,44005.37627025542,0.8347455978393548
-0.1724855808843726,1.0617467728645975,0.8782504806371876,-0.4343531996704202,1.5630541060148313,0.4217385333699534,-0.03392474594891537,0.41908541609447936,-0.4227712166987093,43610.37627025542,0.8347455978393548
-0.15248558088437258,1.0517467728645977,0.8682504806371876,-0.4343531996704202,1.5630541060148313,0.4217385333699534,-0.04392474594891538,0.41908541609447936,-0.4227712166987093,43541.37627025542,0.8383719444274895
-0.15248558088437258,1.0517467728645977,0.8682504806371876,-0.4343531996704202,1.5530541060148315,0.4317385333699534,-0.04392474594891538,0.40908541609447935,-0.4227712166987093,43660.37627025542,0.8426131725311272
-0.14248558088437258,1.0417467728645975,0.8582504806371876,-0.4243531996704202,1.5330541060148315,0.4317385333699534,-0.03392474594891537,0.39908541609447934,-0.4127712166987093,44099.37627025542,0.8466770172119134
-0.12248558088437256,1.0417467728645975,0.8582504806371876,-0.4243531996704202,1.5330541060148315,0.4417385333699534,-0.03392474594891537,0.39908541609447934,-0.4127712166987093,44458.37627025542,0.8506776809692376
-0.12248558088437256,1.0517467728645977,0.8482504806371878,-0.4243531996704202,1.5230541060148313,0.4417385333699534,-0.03392474594891537,0.38908541609447933,-0.4127712166987093,44877.37627025542,0.8514122486114495
-0.12248558088437256,1.0517467728645977,0.8482504806371878,-0.4243531996704202,1.5230541060148313,0.4517385333699534,-0.03392474594891537,0.39908541609447934,-0.4127712166987093,44786.37627025542,0.8554117202758746
-0.10248558088437254,1.0417467728645975,0.8382504806371878,-0.41435319967042017,1.5230541060148313,0.4417385333699534,-0.03392474594891537,0.39908541609447934,-0.4227712166987093,44469.37627025542,0.8591513156890862
-0.10248558088437254,1.0417467728645975,0.8282504806371878,-0.41435319967042017,1.5230541060148313,0.4317385333699534,-0.03392474594891537,0.40908541609447935,-0.4227712166987093,44484.37627025542,0.8633293628692655
-0.09248558088437253,1.0417467728645975,0.8282504806371878,-0.4243531996704202,1.5230541060148313,0.4317385333699534,-0.03392474594891537,0.40908541609447935,-0.4327712166987093,44753.37627025542,0.863993835449218
-0.09248558088437253,1.0417467728645975,0.8182504806371877,-0.4243531996704202,1.5230541060148313,0.4417385333699534,-0.03392474594891537,0.39908541609447934,-0.4227712166987093,44800.37627025542,0.8673147678375237
-0.08248558088437252,1.0317467728645977,0.8182504806371877,-0.4243531996704202,1.5230541060148313,0.4417385333699534,-0.03392474594891537,0.39908541609447934,-0.4327712166987093,44871.37627025542,0.8714413166046135
-0.07248558088437251,1.0317467728645977,0.8182504806371877,-0.4243531996704202,1.5230541060148313,0.4417385333699534,-0.03392474594891537,0.39908541609447934,-0.4327712166987093,45224.37627025542,0.8755306720733635
-0.07248558088437251,1.0317467728645977,0.8182504806371877,-0.4243531996704202,1.5230541060148313,0.4417385333699534,-0.04392474594891538,0.40908541609447935,-0.4327712166987093,45477.37627025542,0.8764838695526116
-0.07248558088437251,1.0317467728645977,0.8182504806371877,-0.4243531996704202,1.5230541060148313,0.4417385333699534,-0.04392474594891538,0.41908541609447936,-0.44277121669870934,45456.37627025542,0.8792230606079094
-0.08248558088437252,1.0317467728645977,0.8182504806371877,-0.4243531996704202,1.5330541060148315,0.4417385333699534,-0.04392474594891538,0.42908541609447937,-0.44277121669870934,45503.37627025542,0.8840765476226764
-0.08248558088437252,1.0317467728645977,0.8182504806371877,-0.4243531996704202,1.5330541060148315,0.4417385333699534,-0.05392474594891539,0.4390854160944794,-0.4327712166987093,45120.37627025542,0.8874232292175286
-0.08248558088437252,1.0417467728645975,0.8182504806371877,-0.4243531996704202,1.5330541060148315,0.4417385333699534,-0.05392474594891539,0.4390854160944794,-0.44277121669870934,44515.37627025542,0.8881587505340569
-0.08248558088437252,1.0417467728645975,0.8182504806371877,-0.4243531996704202,1.5330541060148315,0.4417385333699534,-0.05392474594891539,0.4590854160944794,-0.44277121669870934,44136.37627025542,0.8921522617340116
-0.08248558088437252,1.0417467728645975,0.8182504806371877,-0.4343531996704202,1.5430541060148313,0.4417385333699534,-0.05392474594891539,0.4690854160944794,-0.46277121669870935,44401.37627025542,0.8961586475372307
-0.09248558088437253,1.0517467728645977,0.8182504806371877,-0.4243531996704202,1.5530541060148315,0.4317385333699534,-0.05392474594891539,0.4890854160944794,-0.47277121669870936,44976.37627025542,0.9001743316650348
-0.10248558088437254,1.0517467728645977,0.8282504806371878,-0.41435319967042017,1.5430541060148313,0.4317385333699534,-0.0639247459489154,0.4890854160944794,-0.47277121669870936,44817.37627025542,0.9011587619781487
-0.11248558088437255,1.0517467728645977,0.8382504806371878,-0.4243531996704202,1.5530541060148315,0.4317385333699534,-0.05392474594891539,0.4890854160944794,-0.47277121669870936,44828.37627025542,0.9037076950073235
-0.12248558088437256,1.0617467728645975,0.8382504806371878,-0.4243531996704202,1.5630541060148313,0.4217385333699534,-0.0639247459489154,0.4890854160944794,-0.47277121669870936,44251.37627025542,0.9081561088561969
-0.12248558088437256,1.0617467728645975,0.8382504806371878,-0.41435319967042017,1.5530541060148315,0.4217385333699534,-0.05392474594891539,0.49908541609447943,-0.46277121669870935,43800.37627025542,0.9124836444854729
-0.13248558088437257,1.0617467728645975,0.8382504806371878,-0.4243531996704202,1.5630541060148313,0.4217385333699534,-0.0639247459489154,0.49908541609447943,-0.46277121669870935,43851.37627025542,0.9134921550750725
-0.12248558088437256,1.0617467728645975,0.8282504806371878,-0.4243531996704202,1.5730541060148315,0.4217385333699534,-0.05392474594891539,0.5090854160944794,-0.47277121669870936,43048.37627025542,0.9168655395507805
-0.11248558088437255,1.0617467728645975,0.8282504806371878,-0.4343531996704202,1.5730541060148315,0.4217385333699534,-0.05392474594891539,0.5090854160944794,-0.47277121669870936,42713.37627025542,0.9203617095947259
-0.10248558088437254,1.0517467728645977,0.8282504806371878,-0.4443531996704202,1.5830541060148313,0.4217385333699534,-0.0639247459489154,0.5190854160944794,-0.47277121669870936,43362.37627025542,0.9243437767028766
-0.11248558088437255,1.0517467728645977,0.8282504806371878,-0.4443531996704202,1.5830541060148313,0.4217385333699534,-0.05392474594891539,0.5190854160944794,-0.47277121669870936,43617.37627025542,0.9286529541015618
-0.11248558088437255,1.0517467728645977,0.8382504806371878,-0.4443531996704202,1.5930541060148316,0.4217385333699534,-0.0739247459489154,0.5390854160944795,-0.46277121669870935,43766.37627025542,0.9286529541015618
-0.12248558088437256,1.0417467728645975,0.8482504806371878,-0.4443531996704202,1.5830541060148313,0.4217385333699534,-0.0639247459489154,0.5390854160944795,-0.46277121669870935,43795.37627025542,0.9326884269714348
-0.12248558088437256,1.0417467728645975,0.8482504806371878,-0.4443531996704202,1.5930541060148316,0.4217385333699534,-0.0739247459489154,0.5490854160944795,-0.45277121669870934,43244.37627025542,0.9367019653320305
-0.12248558088437256,1.0417467728645975,0.8482504806371878,-0.45435319967042,1.6030541060148313,0.4217385333699534,-0.0739247459489154,0.5490854160944795,-0.45277121669870934,42707.37627025542,0.9404325008392327
-0.11248558088437255,1.0317467728645977,0.8382504806371878,-0.45435319967042,1.6030541060148313,0.4217385333699534,-0.0639247459489154,0.5590854160944795,-0.46277121669870935,42612.37627025542,0.9414145469665556
-0.10248558088437254,1.0317467728645977,0.8382504806371878,-0.46435319967042,1.6230541060148314,0.4217385333699534,-0.05392474594891539,0.5690854160944795,-0.46277121669870935,42743.37627025542,0.9446544170379632
-0.10248558088437254,1.0317467728645977,0.8282504806371878,-0.47435319967042,1.6330541060148316,0.4217385333699534,-0.0639247459489154,0.5690854160944795,-0.46277121669870935,42668.37627025542,0.9489531040191643
-0.10248558088437254,1.0317467728645977,0.8382504806371878,-0.48435319967042,1.6430541060148314,0.4217385333699534,-0.0639247459489154,0.5790854160944795,-0.46277121669870935,42341.37627025542,0.9532725334167473
-0.12248558088437256,1.0417467728645975,0.8482504806371878,-0.48435319967042,1.6330541060148316,0.4217385333699534,-0.05392474594891539,0.5790854160944795,-0.45277121669870934,42712.37627025542,0.9539801597595172
-0.14248558088437258,1.0517467728645977,0.8482504806371878,-0.49435319967042,1.6430541060148314,0.4217385333699534,-0.05392474594891539,0.5790854160944795,-0.45277121669870934,42601.37627025542,0.9572267055511468
-0.14248558088437258,1.0517467728645977,0.8382504806371878,-0.50435319967042,1.6530541060148312,0.4217385333699534,-0.05392474594891539,0.5990854160944795,-0.46277121669870935,42624.37627025542,0.9616336345672636
-0.14248558088437258,1.0517467728645977,0.8382504806371878,-0.50435319967042,1.6630541060148314,0.4217385333699534,-0.05392474594891539,0.6090854160944795,-0.45277121669870934,42067.37627025542,0.9657129764556913
-0.13248558088437257,1.0517467728645977,0.8282504806371878,-0.51435319967042,1.6630541060148314,0.4217385333699534,-0.04392474594891538,0.6090854160944795,-0.46277121669870935,42070.37627025542,0.9666473388671868
-0.13248558088437257,1.0617467728645975,0.8182504806371877,-0.51435319967042,1.6630541060148314,0.4217385333699534,-0.05392474594891539,0.6090854160944795,-0.45277121669870934,42107.37627025542,0.9696328163146966
-0.14248558088437258,1.0517467728645977,0.8282504806371878,-0.51435319967042,1.6630541060148314,0.4217385333699534,-0.0639247459489154,0.6290854160944795,-0.45277121669870934,41736.37627025542,0.9737874984741168
-0.15248558088437258,1.0617467728645975,0.8282504806371878,-0.51435319967042,1.6730541060148312,0.4217385333699534,-0.05392474594891539,0.6290854160944795,-0.45277121669870934,42051.37627025542,0.9784559726715045
-0.1724855808843726,1.0617467728645975,0.8482504806371878,-0.51435319967042,1.6630541060148314,0.4217385333699534,-0.0639247459489154,0.6390854160944793,-0.45277121669870934,42242.37627025542,0.9784559726715045
-0.1824855808843726,1.0517467728645977,0.8582504806371876,-0.50435319967042,1.6630541060148314,0.4217385333699534,-0.0639247459489154,0.6390854160944793,-0.4327712166987093,42045.37627025542,0.9818665504455559
-0.1824855808843726,1.0617467728645975,0.8482504806371878,-0.51435319967042,1.6630541060148314,0.4217385333699534,-0.0639247459489154,0.6390854160944793,-0.4327712166987093,42136.37627025542,0.9856843471527093
-0.1824855808843726,1.0617467728645975,0.8582504806371876,-0.51435319967042,1.6630541060148314,0.4217385333699534,-0.0739247459489154,0.6490854160944793,-0.4227712166987093,42453.37627025542,0.9901790142059284
-0.1924855808843724,1.0617467728645975,0.8582504806371876,-0.50435319967042,1.6630541060148314,0.4217385333699534,-0.0739247459489154,0.6590854160944793,-0.4327712166987093,42346.37627025542,0.9941846847534173
-0.2024855808843724,1.0617467728645975,0.8682504806371876,-0.51435319967042,1.6630541060148314,0.4217385333699534,-0.08392474594891541,0.6690854160944794,-0.4327712166987093,42433.37627025542,0.9949202060699456
-0.21248558088437242,1.0717467728645977,0.8682504806371876,-0.50435319967042,1.6630541060148314,0.4217385333699534,-0.08392474594891541,0.6790854160944794,-0.4227712166987093,42438.37627025542,0.9981901168823235
-0.23248558088437243,1.0817467728645975,0.8782504806371876,-0.50435319967042,1.6630541060148314,0.4217385333699534,-0.08392474594891541,0.6790854160944794,-0.4127712166987093,42263.37627025542,1.0029198646545403
-0.23248558088437243,1.0717467728645977,0.8882504806371876,-0.51435319967042,1.6530541060148312,0.4217385333699534,-0.08392474594891541,0.6790854160944794,-0.4127712166987093,42440.37627025542,1.006486368179317
-0.25248558088437245,1.0717467728645977,0.8882504806371876,-0.51435319967042,1.6630541060148314,0.4217385333699534,-0.0739247459489154,0.6790854160944794,-0.4227712166987093,42375.37627025542,1.006486368179317
-0.24248558088437244,1.0617467728645975,0.8982504806371876,-0.51435319967042,1.6630541060148314,0.4317385333699534,-0.0739247459489154,0.6690854160944794,-0.4127712166987093,41964.37627025542,1.0105502128601067
-0.24248558088437244,1.0717467728645977,0.8882504806371876,-0.51435319967042,1.6530541060148312,0.4317385333699534,-0.08392474594891541,0.6790854160944794,-0.4127712166987093,42013.37627025542,1.015215349197387
-0.24248558088437244,1.0717467728645977,0.8882504806371876,-0.51435319967042,1.6530541060148312,0.4317385333699534,-0.0739247459489154,0.6790854160944794,-0.4127712166987093,41710.37627025542,1.0192093372344964
-0.24248558088437244,1.0717467728645977,0.8882504806371876,-0.51435319967042,1.6530541060148312,0.4317385333699534,-0.08392474594891541,0.6790854160944794,-0.4127712166987093,41431.37627025542,1.0192093372344964
-0.25248558088437245,1.0817467728645975,0.8882504806371876,-0.51435319967042,1.6530541060148312,0.4317385333699534,-0.0739247459489154,0.6790854160944794,-0.4027712166987093,41894.37627025542,1.022821378707885
-0.25248558088437245,1.0817467728645975,0.8882504806371876,-0.51435319967042,1.6530541060148312,0.4217385333699534,-0.0739247459489154,0.6690854160944794,-0.4027712166987093,41737.37627025542,1.0273367881774895
-0.25248558088437245,1.0817467728645975,0.8782504806371876,-0.51435319967042,1.6530541060148312,0.4217385333699534,-0.0739247459489154,0.6690854160944794,-0.4027712166987093,41500.37627025542,1.0311147689819329
-0.24248558088437244,1.0817467728645975,0.8582504806371876,-0.50435319967042,1.6530541060148312,0.41173853336995336,-0.0639247459489154,0.6590854160944793,-0.4027712166987093,41571.37627025542,1.0318891525268548
-0.24248558088437244,1.0917467728645978,0.8482504806371878,-0.51435319967042,1.6530541060148312,0.4217385333699534,-0.0639247459489154,0.6590854160944793,-0.3927712166987093,41442.37627025542,1.0351829051971464
-0.24248558088437244,1.0917467728645978,0.8482504806371878,-0.50435319967042,1.6530541060148312,0.4217385333699534,-0.0639247459489154,0.6490854160944793,-0.3927712166987093,41399.37627025542,1.0391869068145745
-0.24248558088437244,1.0917467728645978,0.8482504806371878,-0.50435319967042,1.6430541060148314,0.4217385333699534,-0.0639247459489154,0.6390854160944793,-0.3827712166987093,41778.37627025542,1.0432204723358147
-0.23248558088437243,1.0917467728645978,0.8482504806371878,-0.49435319967042,1.6430541060148314,0.4217385333699534,-0.04392474594891538,0.6290854160944795,-0.3927712166987093,41693.37627025542,1.0438889980316155
-0.24248558088437244,1.0817467728645975,0.8582504806371876,-0.49435319967042,1.6330541060148316,0.4217385333699534,-0.04392474594891538,0.6290854160944795,-0.3927712166987093,41224.37627025542,1.0471846580505364
-0.24248558088437244,1.0817467728645975,0.8682504806371876,-0.49435319967042,1.6230541060148314,0.4217385333699534,-0.04392474594891538,0.6290854160944795,-0.3827712166987093,40559.37627025542,1.0514709472656243
-0.23248558088437243,1.0817467728645975,0.8682504806371876,-0.49435319967042,1.6230541060148314,0.4217385333699534,-0.04392474594891538,0.6190854160944795,-0.3827712166987093,40674.37627025542,1.0555796146392815
-0.23248558088437243,1.0817467728645975,0.8682504806371876,-0.49435319967042,1.6130541060148316,0.4317385333699534,-0.04392474594891538,0.6190854160944795,-0.3727712166987093,40649.37627025542,1.0597197532653837
-0.23248558088437243,1.0817467728645975,0.8682504806371876,-0.49435319967042,1.6130541060148316,0.4317385333699534,-0.04392474594891538,0.6190854160944795,-0.3627712166987094,40524.37627025542,1.0597197532653837
-0.22248558088437242,1.0817467728645975,0.8582504806371876,-0.48435319967042,1.6030541060148313,0.4317385333699534,-0.0639247459489154,0.6190854160944795,-0.3627712166987094,41259.37627025542,1.0642523288726764
-0.22248558088437242,1.0817467728645975,0.8582504806371876,-0.48435319967042,1.6130541060148316,0.4317385333699534,-0.05392474594891539,0.6090854160944795,-0.3627712166987094,41080.37627025542,1.0682770729064934
-0.23248558088437243,1.0817467728645975,0.8682504806371876,-0.48435319967042,1.6030541060148313,0.4317385333699534,-0.05392474594891539,0.6090854160944795,-0.3627712166987094,40697.37627025542,1.0716063499450676
-0.22248558088437242,1.0717467728645977,0.8782504806371876,-0.48435319967042,1.6030541060148313,0.4317385333699534,-0.04392474594891538,0.5990854160944795,-0.3627712166987094,39828.37627025542,1.0722696304321282
-0.22248558088437242,1.0817467728645975,0.8782504806371876,-0.48435319967042,1.6030541060148313,0.4217385333699534,-0.04392474594891538,0.6090854160944795,-0.3627712166987094,39655.37627025542,1.0762598037719684
-0.21248558088437242,1.0717467728645977,0.8782504806371876,-0.48435319967042,1.5930541060148316,0.4317385333699534,-0.04392474594891538,0.6090854160944795,-0.3627712166987094,39804.37627025542,1.0804013729095452
-0.21248558088437242,1.0717467728645977,0.8782504806371876,-0.47435319967042,1.5930541060148316,0.4317385333699534,-0.05392474594891539,0.6190854160944795,-0.3627712166987094,39995.37627025542,1.0842980861663811
-0.21248558088437242,1.0717467728645977,0.8782504806371876,-0.47435319967042,1.5930541060148316,0.4317385333699534,-0.04392474594891538,0.6090854160944795,-0.3727712166987093,39866.37627025542,1.0842980861663811
-0.2024855808843724,1.0717467728645977,0.8782504806371876,-0.47435319967042,1.5930541060148316,0.4217385333699534,-0.04392474594891538,0.6090854160944795,-0.3727712166987093,39509.37627025542,1.0878233432769768
-0.21248558088437242,1.0717467728645977,0.8782504806371876,-0.47435319967042,1.5930541060148316,0.4217385333699534,-0.04392474594891538,0.6090854160944795,-0.3827712166987093,39994.37627025542,1.0928322792053216
-0.21248558088437242,1.0817467728645975,0.8682504806371876,-0.47435319967042,1.5830541060148313,0.4317385333699534,-0.03392474594891537,0.5790854160944795,-0.3727712166987093,39913.37627025542,1.096654844284057
-0.2024855808843724,1.0817467728645975,0.8782504806371876,-0.47435319967042,1.5830541060148313,0.4317385333699534,-0.03392474594891537,0.5790854160944795,-0.3727712166987093,39888.37627025542,1.0974852561950676
-0.1924855808843724,1.0717467728645977,0.8682504806371876,-0.46435319967042,1.5730541060148315,0.4317385333699534,-0.03392474594891537,0.5790854160944795,-0.3727712166987093,39465.37627025542,1.1006540775299065
-0.1824855808843726,1.0717467728645977,0.8682504806371876,-0.46435319967042,1.5730541060148315,0.4317385333699534,-0.02392474594891536,0.5490854160944795,-0.3627712166987094,39630.37627025542,1.1049248695373528
-0.1724855808843726,1.0617467728645975,0.8582504806371876,-0.45435319967042,1.5630541060148313,0.4217385333699534,-0.02392474594891536,0.5390854160944795,-0.3627712166987094,39861.37627025542,1.1092991352081292
-0.1624855808843726,1.0517467728645977,0.8582504806371876,-0.45435319967042,1.5530541060148315,0.4317385333699534,-0.02392474594891536,0.5490854160944795,-0.3627712166987094,40250.37627025542,1.1092991352081292
-0.15248558088437258,1.0517467728645977,0.8582504806371876,-0.4443531996704202,1.5430541060148313,0.4417385333699534,-0.013924745948915351,0.5390854160944795,-0.3627712166987094,40323.37627025542,1.1129502773284905
-0.14248558088437258,1.0517467728645977,0.8482504806371878,-0.4443531996704202,1.5330541060148315,0.4417385333699534,-0.013924745948915351,0.5290854160944795,-0.3727712166987093,40494.37627025542,1.1171719551086419
-0.14248558088437258,1.0517467728645977,0.8482504806371878,-0.4443531996704202,1.5130541060148315,0.4517385333699534,-0.013924745948915351,0.5290854160944795,-0.3627712166987094,40609.37627025542,1.1207775592803948
-0.13248558088437257,1.0517467728645977,0.8482504806371878,-0.4343531996704202,1.5130541060148315,0.4517385333699534,-0.0039247459489153425,0.5190854160944794,-0.3727712166987093,41108.37627025542,1.121771049499511
-0.12248558088437256,1.0417467728645975,0.8482504806371878,-0.4443531996704202,1.5030541060148312,0.4617385333699534,-0.0039247459489153425,0.5190854160944794,-0.3727712166987093,40915.37627025542,1.1249892234802275
-0.11248558088437255,1.0417467728645975,0.8382504806371878,-0.4343531996704202,1.5030541060148312,0.4617385333699534,-0.013924745948915351,0.5190854160944794,-0.3727712166987093,40538.37627025542,1.1295592308044426
-0.11248558088437255,1.0417467728645975,0.8382504806371878,-0.4343531996704202,1.5030541060148312,0.4617385333699534,-0.013924745948915351,0.5090854160944794,-0.3727712166987093,40481.37627025542,1.1335596561431842
-0.10248558088437254,1.0317467728645977,0.8282504806371878,-0.4343531996704202,1.5030541060148312,0.4617385333699534,-0.013924745948915351,0.49908541609447943,-0.3627712166987094,40774.37627025542,1.1375309944152825
-0.09248558088437253,1.0317467728645977,0.8282504806371878,-0.4443531996704202,1.5030541060148312,0.4617385333699534,-0.0039247459489153425,0.4890854160944794,-0.3727712166987093,40797.37627025542,1.137581300735473
-0.09248558088437253,1.0317467728645977,0.8282504806371878,-0.45435319967042,1.5230541060148313,0.4617385333699534,-0.0039247459489153425,0.4890854160944794,-0.3727712166987093,40976.37627025542,1.141574573516845
-0.08248558088437252,1.0317467728645977,0.8282504806371878,-0.45435319967042,1.5230541060148313,0.4617385333699534,-0.0039247459489153425,0.4790854160944794,-0.3727712166987093,40783.37627025542,1.1459085464477532
-0.09248558088437253,1.021746772864598,0.8282504806371878,-0.45435319967042,1.5230541060148313,0.4617385333699534,-0.0039247459489153425,0.4790854160944794,-0.3827712166987093,40266.37627025542,1.1495761394500725
-0.09248558088437253,1.0317467728645977,0.8282504806371878,-0.45435319967042,1.5230541060148313,0.4617385333699534,-0.0039247459489153425,0.4890854160944794,-0.3927712166987093,40049.37627025542,1.1495761394500725
-0.07248558088437251,1.0417467728645975,0.7782504806371877,-0.4343531996704202,1.5430541060148313,0.4217385333699534,0.016075254051084675,0.49908541609447943,-0.4327712166987093,40464.37627025542,1.1536726474761956
-0.07248558088437251,1.0417467728645975,0.7782504806371877,-0.4443531996704202,1.5530541060148315,0.41173853336995336,0.016075254051084675,0.4790854160944794,-0.44277121669870934,40317.37627025542,1.1576952457427971
-0.07248558088437251,1.0417467728645975,0.7882504806371877,-0.4443531996704202,1.5630541060148313,0.4217385333699534,0.016075254051084675,0.4890854160944794,-0.44277121669870934,40116.37627025542,1.1617128372192376
-0.07248558088437251,1.0517467728645977,0.7782504806371877,-0.4443531996704202,1.5630541060148313,0.41173853336995336,0.026075254051084684,0.4890854160944794,-0.45277121669870934,40161.37627025542,1.1617128372192376
-0.08248558088437252,1.0517467728645977,0.7882504806371877,-0.4443531996704202,1.5630541060148313,0.41173853336995336,0.03607525405108469,0.4890854160944794,-0.46277121669870935,40216.37627025542,1.1657130241394036
-0.09248558088437253,1.0517467728645977,0.7982504806371877,-0.4343531996704202,1.5730541060148315,0.41173853336995336,0.03607525405108469,0.4890854160944794,-0.46277121669870935,39939.37627025542,1.1706985950469964
-0.11248558088437255,1.0617467728645975,0.8082504806371877,-0.4343531996704202,1.5630541060148313,0.41173853336995336,0.0460752540510847,0.4790854160944794,-0.46277121669870935,39804.37627025542,1.1742150306701653
-0.12248558088437256,1.0717467728645977,0.8082504806371877,-0.4343531996704202,1.5730541060148315,0.41173853336995336,0.0460752540510847,0.4790854160944794,-0.45277121669870934,39871.37627025542,1.1742150306701653
-0.12248558088437256,1.0617467728645975,0.8082504806371877,-0.4343531996704202,1.5730541060148315,0.40173853336995335,0.0460752540510847,0.4690854160944794,-0.46277121669870935,39250.37627025542,1.1783170223236077
-0.11248558088437255,1.0617467728645975,0.8082504806371877,-0.4343531996704202,1.5830541060148313,0.40173853336995335,0.0460752540510847,0.4690854160944794,-0.45277121669870934,39183.37627025542,1.1827773571014397
-0.13248558088437257,1.0317467728645977,0.8782504806371876,-0.46435319967042,1.5630541060148313,0.4617385333699534,0.026075254051084684,0.4490854160944794,-0.4127712166987093,39032.37627025542,1.1867842197418206
-0.13248558088437257,1.0317467728645977,0.8782504806371876,-0.47435319967042,1.5730541060148315,0.4717385333699534,0.026075254051084684,0.4590854160944794,-0.4227712166987093,38587.37627025542,1.1877669811248772
-0.13248558088437257,1.021746772864598,0.8782504806371876,-0.47435319967042,1.5730541060148315,0.4617385333699534,0.026075254051084684,0.4690854160944794,-0.4127712166987093,38728.37627025542,1.1908084869384759
-0.13248558088437257,1.021746772864598,0.8882504806371876,-0.48435319967042,1.5830541060148313,0.4617385333699534,0.016075254051084675,0.4790854160944794,-0.4127712166987093,39215.37627025542,1.1949445724487298
-0.14248558088437258,1.021746772864598,0.8982504806371876,-0.47435319967042,1.5830541060148313,0.4617385333699534,0.016075254051084675,0.4690854160944794,-0.4027712166987093,38986.37627025542,1.1990293979644768
-0.14248558088437258,1.0117467728645977,0.9082504806371876,-0.47435319967042,1.5830541060148313,0.4617385333699534,0.016075254051084675,0.4690854160944794,-0.3927712166987093,39091.37627025542,1.2030479431152337
-0.14248558088437258,1.0117467728645977,0.9082504806371876,-0.48435319967042,1.5930541060148316,0.4617385333699534,0.006075254051084666,0.4790854160944794,-0.3927712166987093,39180.37627025542,1.2030479431152337
-0.14248558088437258,1.0117467728645977,0.8982504806371876,-0.48435319967042,1.5930541060148316,0.4617385333699534,0.006075254051084666,0.4890854160944794,-0.4027712166987093,39177.37627025542,1.2071892738342243
-0.13248558088437257,1.001746772864598,0.8982504806371876,-0.49435319967042,1.6030541060148313,0.4617385333699534,0.016075254051084675,0.4790854160944794,-0.4027712166987093,38312.37627025542,1.2113317966461175
-0.12248558088437256,1.001746772864598,0.8782504806371876,-0.50435319967042,1.6230541060148314,0.4517385333699534,0.006075254051084666,0.49908541609447943,-0.4027712166987093,37841.37627025542,1.2151038169860833
-0.12248558088437256,1.001746772864598,0.8882504806371876,-0.51435319967042,1.6230541060148314,0.4517385333699534,0.006075254051084666,0.49908541609447943,-0.3927712166987093,38054.37627025542,1.2151038169860833
-0.13248558088437257,1.001746772864598,0.8882504806371876,-0.51435319967042,1.6330541060148316,0.4517385333699534,0.006075254051084666,0.5090854160944794,-0.4027712166987093,38391.37627025542,1.2195076465606647
-0.14248558088437258,1.0117467728645977,0.8982504806371876,-0.51435319967042,1.6330541060148316,0.4517385333699534,0.016075254051084675,0.5090854160944794,-0.4027712166987093,38740.37627025542,1.2236954689025872
-0.15248558088437258,1.0117467728645977,0.8982504806371876,-0.52435319967042,1.6430541060148314,0.4517385333699534,0.006075254051084666,0.5290854160944795,-0.4027712166987093,38665.37627025542,1.2276982784271233
-0.15248558088437258,1.021746772864598,0.8882504806371876,-0.52435319967042,1.6530541060148312,0.4517385333699534,0.006075254051084666,0.5290854160944795,-0.4027712166987093,38462.37627025542,1.228228044509887
-0.14248558088437258,1.021746772864598,0.8782504806371876,-0.52435319967042,1.6530541060148312,0.4517385333699534,0.006075254051084666,0.5390854160944795,-0.3927712166987093,38583.37627025542,1.2315034389495843
-0.14248558088437258,1.021746772864598,0.8682504806371876,-0.53435319967042,1.6530541060148312,0.4517385333699534,0.006075254051084666,0.5390854160944795,-0.3927712166987093,38304.37627025542,1.2357885360717766
-0.14248558088437258,1.021746772864598,0.8582504806371876,-0.53435319967042,1.6630541060148314,0.4517385333699534,-0.0039247459489153425,0.5490854160944795,-0.3927712166987093,37847.37627025542,1.2399823188781731
-0.15248558088437258,1.021746772864598,0.8682504806371876,-0.53435319967042,1.6530541060148312,0.4517385333699534,0.006075254051084666,0.5490854160944795,-0.3927712166987093,38138.37627025542,1.2399823188781731
-0.1624855808843726,1.0317467728645977,0.8782504806371876,-0.53435319967042,1.6530541060148312,0.4517385333699534,-0.0039247459489153425,0.5590854160944795,-0.3927712166987093,37721.37627025542,1.2434455871582024
-0.1824855808843726,1.0317467728645977,0.8882504806371876,-0.53435319967042,1.6530541060148312,0.4517385333699534,-0.0039247459489153425,0.5690854160944795,-0.3927712166987093,37892.37627025542,1.2482771396636956
-0.2024855808843724,1.0317467728645977,0.9082504806371876,-0.52435319967042,1.6530541060148312,0.4517385333699534,-0.0039247459489153425,0.5790854160944795,-0.3827712166987093,37951.37627025542,1.2524058341979973
-0.2024855808843724,1.021746772864598,0.9082504806371876,-0.52435319967042,1.6530541060148312,0.4517385333699534,-0.013924745948915351,0.5790854160944795,-0.3827712166987093,37896.37627025542,1.253326368331905
-0.2024855808843724,1.021746772864598,0.8982504806371876,-0.52435319967042,1.6530541060148312,0.4517385333699534,-0.013924745948915351,0.5790854160944795,-0.3727712166987093,38311.37627025542,1.2563178062438958
-0.2024855808843724,1.021746772864598,0.9082504806371876,-0.53435319967042,1.6530541060148312,0.4517385333699534,-0.02392474594891536,0.5890854160944795,-0.3727712166987093,38160.37627025542,1.2611336231231682
-0.21248558088437242,1.021746772864598,0.9082504806371876,-0.53435319967042,1.6630541060148314,0.4517385333699534,-0.013924745948915351,0.5890854160944795,-0.3727712166987093,38159.37627025542,1.2646195411682086
-0.22248558088437242,1.0317467728645977,0.9182504806371876,-0.53435319967042,1.6530541060148312,0.4517385333699534,-0.013924745948915351,0.5990854160944795,-0.3727712166987093,38358.37627025542,1.2656630992889433
-0.23248558088437243,1.0317467728645977,0.9182504806371876,-0.53435319967042,1.6530541060148312,0.4517385333699534,-0.02392474594891536,0.6090854160944795,-0.3727712166987093,38505.37627025542,1.268590879440307
-0.24248558088437244,1.0417467728645975,0.9282504806371876,-0.53435319967042,1.6630541060148314,0.4517385333699534,-0.02392474594891536,0.6090854160944795,-0.3727712166987093,38358.37627025542,1.2727548599243157
-0.25248558088437245,1.0417467728645975,0.9182504806371876,-0.53435319967042,1.6630541060148314,0.4417385333699534,-0.02392474594891536,0.6190854160944795,-0.3727712166987093,38151.37627025542,1.2767898559570305
-0.25248558088437245,1.0317467728645977,0.9282504806371876,-0.53435319967042,1.6630541060148314,0.4517385333699534,-0.03392474594891537,0.6190854160944795,-0.3627712166987094,37710.37627025542,1.2809090137481682
-0.24248558088437244,1.0317467728645977,0.9282504806371876,-0.53435319967042,1.6530541060148312,0.4517385333699534,-0.03392474594891537,0.6190854160944795,-0.3627712166987094,37531.37627025542,1.2809090137481682
-0.25248558088437245,1.0317467728645977,0.9382504806371876,-0.53435319967042,1.6430541060148314,0.4617385333699534,-0.04392474594891538,0.6190854160944795,-0.3627712166987094,37494.37627025542,1.2850067138671868
-0.25248558088437245,1.0317467728645977,0.9382504806371876,-0.52435319967042,1.6430541060148314,0.4517385333699534,-0.03392474594891537,0.6190854160944795,-0.3627712166987094,37459.37627025542,1.2892589092254667
-0.26248558088437246,1.0317467728645977,0.9382504806371876,-0.53435319967042,1.6430541060148314,0.4517385333699534,-0.02392474594891536,0.5990854160944795,-0.35277121669870937,37574.37627025542,1.293533277511596
-0.26248558088437246,1.0317467728645977,0.9282504806371876,-0.52435319967042,1.6530541060148312,0.4417385333699534,-0.03392474594891537,0.5990854160944795,-0.34277121669870936,37593.37627025542,1.293533277511596
-0.26248558088437246,1.0317467728645977,0.9382504806371876,-0.53435319967042,1.6530541060148312,0.4517385333699534,-0.03392474594891537,0.5990854160944795,-0.34277121669870936,37628.37627025542,1.2972943305969231
-0.26248558088437246,1.0417467728645975,0.9382504806371876,-0.53435319967042,1.6530541060148312,0.4517385333699534,-0.03392474594891537,0.5890854160944795,-0.34277121669870936,37273.37627025542,1.301521730422973
-0.26248558088437246,1.0417467728645975,0.9282504806371876,-0.53435319967042,1.6430541060148314,0.4517385333699534,-0.04392474594891538,0.5990854160944795,-0.34277121669870936,37308.37627025542,1.304881048202514
-0.25248558088437245,1.0517467728645977,0.9182504806371876,-0.52435319967042,1.6430541060148314,0.4517385333699534,-0.04392474594891538,0.5990854160944795,-0.34277121669870936,37097.37627025542,1.3059381961822503
-0.25248558088437245,1.0417467728645975,0.9282504806371876,-0.52435319967042,1.6330541060148316,0.4517385333699534,-0.04392474594891538,0.5990854160944795,-0.34277121669870936,37064.37627025542,1.3099078655242913
-0.26248558088437246,1.0517467728645977,0.9282504806371876,-0.52435319967042,1.6330541060148316,0.4517385333699534,-0.04392474594891538,0.5990854160944795,-0.33277121669870935,37261.37627025542,1.3134757995605462
-0.27248558088437247,1.0417467728645975,0.9382504806371876,-0.51435319967042,1.6230541060148314,0.4517385333699534,-0.04392474594891538,0.5990854160944795,-0.34277121669870936,37048.37627025542,1.3178460121154743
-0.26248558088437246,1.0417467728645975,0.9382504806371876,-0.50435319967042,1.6030541060148313,0.4517385333699534,-0.05392474594891539,0.5990854160944795,-0.33277121669870935,36819.37627025542,1.3178460121154743
-0.25248558088437245,1.0317467728645977,0.9382504806371876,-0.50435319967042,1.6030541060148313,0.4617385333699534,-0.04392474594891538,0.5890854160944795,-0.33277121669870935,36624.37627025542,1.3218788623809807
-0.25248558088437245,1.0317467728645977,0.9382504806371876,-0.50435319967042,1.5930541060148316,0.4617385333699534,-0.04392474594891538,0.5890854160944795,-0.33277121669870935,36245.37627025542,1.3260459423065143
-0.24248558088437244,1.0317467728645977,0.9282504806371876,-0.49435319967042,1.5930541060148316,0.4617385333699534,-0.04392474594891538,0.5890854160944795,-0.32277121669870934,36636.37627025542,1.330333900451663
-0.25248558088437245,1.0417467728645975,0.9282504806371876,-0.49435319967042,1.5830541060148313,0.4617385333699534,-0.04392474594891538,0.5890854160944795,-0.32277121669870934,36623.37627025542,1.330333900451663
-0.24248558088437244,1.0417467728645975,0.9282504806371876,-0.49435319967042,1.5830541060148313,0.4617385333699534,-0.05392474594891539,0.5790854160944795,-0.31277121669870933,36804.37627025542,1.334219169616702
-0.24248558088437244,1.0417467728645975,0.9382504806371876,-0.48435319967042,1.5830541060148313,0.4517385333699534,-0.04392474594891538,0.5890854160944795,-0.32277121669870934,36837.37627025542,1.337793064117431
-0.25248558088437245,1.0317467728645977,0.9482504806371876,-0.48435319967042,1.5830541060148313,0.4517385333699534,-0.04392474594891538,0.5790854160944795,-0.32277121669870934,36366.37627025542,1.3428198814392083
-0.24248558088437244,1.0317467728645977,0.9482504806371876,-0.48435319967042,1.5730541060148315,0.4617385333699534,-0.04392474594891538,0.5790854160944795,-0.32277121669870934,35797.37627025542,1.3464412212371855
-0.23248558088437243,1.021746772864598,0.9482504806371876,-0.49435319967042,1.5830541060148313,0.4617385333699534,-0.04392474594891538,0.5790854160944795,-0.32277121669870934,35900.37627025542,1.3464412212371855
-0.24248558088437244,1.021746772864598,0.9382504806371876,-0.48435319967042,1.5730541060148315,0.4517385333699534,-0.04392474594891538,0.5790854160944795,-0.32277121669870934,35817.37627025542,1.350543689727786
-0.24248558088437244,1.0317467728645977,0.9382504806371876,-0.48435319967042,1.5830541060148313,0.4517385333699534,-0.04392474594891538,0.5690854160944795,-0.32277121669870934,35504.37627025542,1.3550126075744657
-0.23248558088437243,1.0317467728645977,0.9282504806371876,-0.48435319967042,1.5830541060148313,0.4317385333699534,-0.04392474594891538,0.5790854160944795,-0.35277121669870937,35603.37627025542,1.3580038070678704
-0.23248558088437243,1.0317467728645977,0.9182504806371876,-0.48435319967042,1.5830541060148313,0.4417385333699534,-0.04392474594891538,0.5690854160944795,-0.33277121669870935,35482.37627025542,1.3589927673339872
-0.23248558088437243,1.0417467728645975,0.9282504806371876,-0.47435319967042,1.5730541060148315,0.4417385333699534,-0.03392474594891537,0.5790854160944795,-0.34277121669870936,35413.37627025542,1.3630134582519524
-0.24248558088437244,1.0317467728645977,0.9382504806371876,-0.46435319967042,1.5630541060148313,0.4417385333699534,-0.03392474594891537,0.5590854160944795,-0.34277121669870936,35800.37627025542,1.3670861244201653
-0.23248558088437243,1.0317467728645977,0.9382504806371876,-0.46435319967042,1.5530541060148315,0.4517385333699534,-0.03392474594891537,0.5590854160944795,-0.33277121669870935,35895.37627025542,1.3710448265075676
-0.22248558088437242,1.0317467728645977,0.9482504806371876,-0.46435319967042,1.5530541060148315,0.4517385333699534,-0.04392474594891538,0.5590854160944795,-0.33277121669870935,35540.37627025542,1.3720938682556145
-0.21248558088437242,1.021746772864598,0.9382504806371876,-0.46435319967042,1.5530541060148315,0.4517385333699534,-0.03392474594891537,0.5590854160944795,-0.33277121669870935,35853.37627025542,1.374550533294677
-0.2024855808843724,1.021746772864598,0.9382504806371876,-0.45435319967042,1.5330541060148315,0.4517385333699534,-0.03392474594891537,0.5490854160944795,-0.33277121669870935,35992.37627025542,1.3795773506164544
-0.1924855808843724,1.0117467728645977,0.9382504806371876,-0.45435319967042,1.5330541060148315,0.4617385333699534,-0.03392474594891537,0.5290854160944795,-0.32277121669870934,35855.37627025542,1.3833877563476555
-0.1824855808843726,1.0117467728645977,0.9382504806371876,-0.45435319967042,1.5230541060148313,0.4617385333699534,-0.02392474594891536,0.5290854160944795,-0.32277121669870934,35808.37627025542,1.3842484474182086
-0.1824855808843726,1.0117467728645977,0.9382504806371876,-0.45435319967042,1.5130541060148315,0.4717385333699534,-0.02392474594891536,0.5190854160944794,-0.32277121669870934,35641.37627025542,1.3870486736297565
-0.1824855808843726,1.0117467728645977,0.9382504806371876,-0.45435319967042,1.5030541060148312,0.4817385333699534,-0.03392474594891537,0.5190854160944794,-0.32277121669870934,35294.37627025542,1.3913738250732415
-0.1724855808843726,1.0117467728645977,0.9382504806371876,-0.45435319967042,1.4930541060148315,0.4817385333699534,-0.03392474594891537,0.5190854160944794,-0.31277121669870933,35799.37627025542,1.3956865787506096
-0.1624855808843726,1.001746772864598,0.9382504806371876,-0.45435319967042,1.4930541060148315,0.4817385333699534,-0.04392474594891538,0.5090854160944794,-0.31277121669870933,36018.37627025542,1.3964020729064934
-0.15248558088437258,1.001746772864598,0.9282504806371876,-0.4443531996704202,1.4830541060148312,0.4817385333699534,-0.04392474594891538,0.5090854160944794,-0.31277121669870933,35731.37627025542,1.3996483802795403
-0.14248558088437258,0.9917467728645978,0.9182504806371876,-0.4443531996704202,1.4830541060148312,0.4817385333699534,-0.04392474594891538,0.49908541609447943,-0.31277121669870933,35910.37627025542,1.4038438320159905
-0.13248558088437257,0.9917467728645978,0.9182504806371876,-0.4443531996704202,1.4830541060148312,0.49173853336995343,-0.04392474594891538,0.49908541609447943,-0.31277121669870933,36189.37627025542,1.4079749107360833
-0.13248558088437257,0.9917467728645978,0.9182504806371876,-0.45435319967042,1.4830541060148312,0.49173853336995343,-0.04392474594891538,0.49908541609447943,-0.31277121669870933,35940.37627025542,1.4090244293212884
-0.13248558088437257,0.9917467728645978,0.9282504806371876,-0.45435319967042,1.4830541060148312,0.5017385333699534,-0.04392474594891538,0.4890854160944794,-0.3027712166987093,36143.37627025542,1.4120437622070305
-0.14248558088437258,0.9917467728645978,0.9282504806371876,-0.45435319967042,1.4930541060148315,0.5017385333699534,-0.04392474594891538,0.4890854160944794,-0.31277121669870933,36546.37627025542,1.4161021232604973
-0.13248558088437257,0.9917467728645978,0.9182504806371876,-0.45435319967042,1.4930541060148315,0.49173853336995343,-0.04392474594891538,0.4890854160944794,-0.31277121669870933,36249.37627025542,1.4202994823455803
-0.13248558088437257,0.9817467728645978,0.9182504806371876,-0.46435319967042,1.5030541060148312,0.5017385333699534,-0.03392474594891537,0.4790854160944794,-0.32277121669870934,36308.37627025542,1.4242648601531975
-0.12248558088437256,0.9917467728645978,0.9182504806371876,-0.46435319967042,1.5030541060148312,0.5017385333699534,-0.03392474594891537,0.4790854160944794,-0.33277121669870935,36063.37627025542,1.4250511646270745
-0.13248558088437257,0.9817467728645978,0.9182504806371876,-0.46435319967042,1.5130541060148315,0.5017385333699534,-0.02392474594891536,0.4790854160944794,-0.33277121669870935,36256.37627025542,1.4283742427825956
-0.13248558088437257,0.9917467728645978,0.9282504806371876,-0.46435319967042,1.5130541060148315,0.49173853336995343,-0.02392474594891536,0.4790854160944794,-0.34277121669870936,35861.37627025542,1.4321884632110624
-0.14248558088437258,0.9917467728645978,0.9282504806371876,-0.46435319967042,1.5230541060148313,0.49173853336995343,-0.02392474594891536,0.4890854160944794,-0.35277121669870937,35418.37627025542,1.4362079620361285
-0.15248558088437258,1.001746772864598,0.9382504806371876,-0.46435319967042,1.5230541060148313,0.4817385333699534,-0.013924745948915351,0.4790854160944794,-0.3627712166987094,35471.37627025542,1.4362079620361285
-0.1724855808843726,1.0117467728645977,0.9382504806371876,-0.46435319967042,1.5330541060148315,0.4817385333699534,-0.013924745948915351,0.4690854160944794,-0.35277121669870937,35284.37627025542,1.440207910537719
-0.1824855808843726,1.0117467728645977,0.9382504806371876,-0.45435319967042,1.5330541060148315,0.4817385333699534,-0.0039247459489153425,0.4690854160944794,-0.35277121669870937,34855.37627025542,1.444207859039306
-0.1724855808843726,1.001746772864598,0.9382504806371876,-0.46435319967042,1.5330541060148315,0.4817385333699534,-0.013924745948915351,0.4690854160944794,-0.35277121669870937,34612.37627025542,1.448656749725341
-0.1624855808843726,1.0117467728645977,0.9282504806371876,-0.46435319967042,1.5330541060148315,0.4817385333699534,-0.013924745948915351,0.4690854160944794,-0.35277121669870937,34441.37627025542,1.448656749725341
-0.1624855808843726,1.0117467728645977,0.9282504806371876,-0.47435319967042,1.5530541060148315,0.4817385333699534,-0.013924745948915351,0.4690854160944794,-0.35277121669870937,34652.37627025542,1.4523446083068805
-0.15248558088437258,1.0117467728645977,0.9182504806371876,-0.47435319967042,1.5530541060148315,0.4817385333699534,-0.013924745948915351,0.4690854160944794,-0.3627712166987094,35163.37627025542,1.4563848495483427
-0.15248558088437258,1.001746772864598,0.9282504806371876,-0.47435319967042,1.5530541060148315,0.4817385333699534,-0.02392474594891536,0.4890854160944794,-0.3727712166987093,34700.37627025542,1.4613968849182086
-0.15248558088437258,0.9917467728645978,0.9282504806371876,-0.47435319967042,1.5630541060148313,0.4717385333699534,-0.03392474594891537,0.49908541609447943,-0.3727712166987093,34529.37627025542,1.4613968849182086
-0.1624855808843726,1.001746772864598,0.9382504806371876,-0.46435319967042,1.5530541060148315,0.4717385333699534,-0.04392474594891538,0.5090854160944794,-0.3627712166987094,34292.37627025542,1.4653934955596917
-0.1624855808843726,0.9917467728645978,0.9382504806371876,-0.47435319967042,1.5630541060148313,0.4717385333699534,-0.03392474594891537,0.5090854160944794,-0.35277121669870937,34157.37627025542,1.4694017887115471
-0.1624855808843726,0.9917467728645978,0.9382504806371876,-0.47435319967042,1.5630541060148313,0.4717385333699534,-0.04392474594891538,0.5090854160944794,-0.35277121669870937,33924.37627025542,1.4737572193145745
-0.1624855808843726,0.9917467728645978,0.9382504806371876,-0.47435319967042,1.5730541060148315,0.4717385333699534,-0.04392474594891538,0.49908541609447943,-0.34277121669870936,33545.37627025542,1.4737572193145745
-0.15248558088437258,0.9917467728645978,0.9282504806371876,-0.48435319967042,1.5830541060148313,0.4717385333699534,-0.04392474594891538,0.5090854160944794,-0.34277121669870936,33328.37627025542,1.4778811454772942
-0.14248558088437258,0.9817467728645978,0.9282504806371876,-0.49435319967042,1.5930541060148316,0.4717385333699534,-0.04392474594891538,0.5190854160944794,-0.34277121669870936,33479.37627025542,1.4813682556152337
-0.14248558088437258,0.9817467728645978,0.9282504806371876,-0.50435319967042,1.6030541060148313,0.4617385333699534,-0.04392474594891538,0.5290854160944795,-0.35277121669870937,33402.37627025542,1.4862522602081292
-0.15248558088437258,0.9817467728645978,0.9382504806371876,-0.51435319967042,1.6130541060148316,0.4617385333699534,-0.04392474594891538,0.5390854160944795,-0.34277121669870936,33611.37627025542,1.4862522602081292
-0.1624855808843726,0.9817467728645978,0.9382504806371876,-0.51435319967042,1.6130541060148316,0.4717385333699534,-0.04392474594891538,0.5490854160944795,-0.34277121669870936,33976.37627025542,1.489601802825927
-0.1724855808843726,1.001746772864598,0.9382504806371876,-0.52435319967042,1.6230541060148314,0.4617385333699534,-0.05392474594891539,0.5590854160944795,-0.34277121669870936,33509.37627025542,1.4943372726440423
-0.1724855808843726,1.001746772864598,0.9182504806371876,-0.52435319967042,1.6230541060148314,0.4717385333699534,-0.04392474594891538,0.5690854160944795,-0.34277121669870936,32886.37627025542,1.4983365058898883
-0.1624855808843726,1.001746772864598,0.9082504806371876,-0.53435319967042,1.6230541060148314,0.4717385333699534,-0.05392474594891539,0.5790854160944795,-0.34277121669870936,32867.37627025542,1.5023259639739948
-0.1624855808843726,1.001746772864598,0.9082504806371876,-0.53435319967042,1.6330541060148316,0.4717385333699534,-0.05392474594891539,0.5890854160944795,-0.35277121669870937,32150.376270255423,1.5023259639739948
-0.1624855808843726,1.001746772864598,0.9082504806371876,-0.53435319967042,1.6330541060148316,0.4717385333699534,-0.05392474594891539,0.5890854160944795,-0.34277121669870936,31929.376270255423,1.506326389312747
-0.1624855808843726,1.001746772864598,0.9182504806371876,-0.53435319967042,1.6330541060148316,0.4717385333699534,-0.05392474594891539,0.5990854160944795,-0.34277121669870936,31928.376270255423,1.5107612133026116
-0.1824855808843726,0.9917467728645978,0.9382504806371876,-0.53435319967042,1.6430541060148314,0.4617385333699534,-0.05392474594891539,0.5990854160944795,-0.34277121669870936,31177.376270255423,1.514420461654666
-0.1924855808843724,0.9917467728645978,0.9382504806371876,-0.53435319967042,1.6430541060148314,0.4617385333699534,-0.0639247459489154,0.6090854160944795,-0.34277121669870936,31668.376270255423,1.5151843547821073
-0.1924855808843724,0.9817467728645978,0.9382504806371876,-0.53435319967042,1.6330541060148316,0.4617385333699534,-0.0639247459489154,0.6190854160944795,-0.33277121669870935,32069.376270255423,1.5184387683868366
-0.2024855808843724,0.9917467728645978,0.9382504806371876,-0.53435319967042,1.6330541060148316,0.4617385333699534,-0.0739247459489154,0.6190854160944795,-0.33277121669870935,31584.376270255423,1.5224935531616204
-0.2024855808843724,1.001746772864598,0.9382504806371876,-0.53435319967042,1.6330541060148316,0.4717385333699534,-0.0739247459489154,0.6290854160944795,-0.33277121669870935,30875.376270255423,1.526981306076049
-0.2024855808843724,1.001746772864598,0.9382504806371876,-0.53435319967042,1.6330541060148316,0.4717385333699534,-0.08392474594891541,0.6390854160944793,-0.33277121669870935,30476.376270255423,1.526981306076049
-0.21248558088437242,1.001746772864598,0.9482504806371876,-0.53435319967042,1.6330541060148316,0.4717385333699534,-0.08392474594891541,0.6290854160944795,-0.32277121669870934,30507.376270255423,1.530883741378787
-0.23248558088437243,1.0117467728645977,0.9482504806371876,-0.53435319967042,1.6330541060148316,0.4717385333699534,-0.09392474594891542,0.6390854160944793,-0.32277121669870934,30194.376270255423,1.534923744201663
-0.24248558088437244,1.021746772864598,0.9582504806371877,-0.53435319967042,1.6330541060148316,0.4717385333699534,-0.09392474594891542,0.6390854160944793,-0.32277121669870934,29697.376270255423,1.5390536308288567
-0.25248558088437245,1.021746772864598,0.9682504806371877,-0.53435319967042,1.6330541060148316,0.4717385333699534,-0.09392474594891542,0.6390854160944793,-0.32277121669870934,30022.376270255423,1.5398036956787102
-0.26248558088437246,1.021746772864598,0.9582504806371877,-0.53435319967042,1.6330541060148316,0.4717385333699534,-0.09392474594891542,0.6390854160944793,-0.32277121669870934,29817.376270255423,1.5427979946136468
-0.25248558088437245,1.021746772864598,0.9682504806371877,-0.53435319967042,1.6330541060148316,0.4717385333699534,-0.09392474594891542,0.6390854160944793,-0.31277121669870933,29680.376270255423,1.5478035926818805
-0.26248558088437246,1.021746772864598,0.9682504806371877,-0.53435319967042,1.6330541060148316,0.4717385333699534,-0.10392474594891543,0.6490854160944793,-0.31277121669870933,29489.376270255423,1.5512010574340778
-0.26248558088437246,1.021746772864598,0.9682504806371877,-0.53435319967042,1.6230541060148314,0.4817385333699534,-0.10392474594891543,0.6390854160944793,-0.3027712166987093,29510.376270255423,1.5522548675537102
-0.26248558088437246,1.021746772864598,0.9782504806371877,-0.53435319967042,1.6230541060148314,0.4817385333699534,-0.10392474594891543,0.6390854160944793,-0.3027712166987093,29749.376270255423,1.5548064231872551
-0.26248558088437246,1.021746772864598,0.9782504806371877,-0.53435319967042,1.6230541060148314,0.4817385333699534,-0.11392474594891544,0.6390854160944793,-0.3027712166987093,29348.376270255423,1.559060764312747
-0.26248558088437246,1.021746772864598,0.9682504806371877,-0.53435319967042,1.6230541060148314,0.4817385333699534,-0.10392474594891543,0.6390854160944793,-0.3027712166987093,28725.376270255423,1.5633713722229032
-0.26248558088437246,1.021746772864598,0.9582504806371877,-0.53435319967042,1.6230541060148314,0.4817385333699534,-0.11392474594891544,0.6390854160944793,-0.2927712166987093,28424.376270255423,1.5641004562377923
-0.25248558088437245,1.0317467728645977,0.9582504806371877,-0.53435319967042,1.6230541060148314,0.4817385333699534,-0.11392474594891544,0.6390854160944793,-0.3027712166987093,28559.376270255423,1.5673994541168206
-0.26248558088437246,1.0317467728645977,0.9482504806371876,-0.53435319967042,1.6130541060148316,0.4817385333699534,-0.11392474594891544,0.6490854160944793,-0.3027712166987093,28574.376270255423,1.5720998764038114
-0.26248558088437246,1.0417467728645975,0.9482504806371876,-0.53435319967042,1.6130541060148316,0.49173853336995343,-0.10392474594891543,0.6390854160944793,-0.2927712166987093,28681.376270255423,1.5760995864868157
-0.26248558088437246,1.0517467728645977,0.9482504806371876,-0.53435319967042,1.6030541060148313,0.49173853336995343,-0.10392474594891543,0.6290854160944795,-0.2927712166987093,28596.376270255423,1.5797187805175774
-0.26248558088437246,1.0417467728645975,0.9582504806371877,-0.53435319967042,1.6030541060148313,0.49173853336995343,-0.09392474594891542,0.6290854160944795,-0.2927712166987093,28619.376270255423,1.580237579345706
-0.26248558088437246,1.0417467728645975,0.9582504806371877,-0.52435319967042,1.5930541060148316,0.49173853336995343,-0.09392474594891542,0.6190854160944795,-0.2927712166987093,28326.376270255423,1.5841738700866692
-0.27248558088437247,1.0417467728645975,0.9582504806371877,-0.53435319967042,1.5930541060148316,0.49173853336995343,-0.10392474594891543,0.6290854160944795,-0.2927712166987093,28117.376270255423,1.588483524322509
-0.26248558088437246,1.0317467728645977,0.9682504806371877,-0.52435319967042,1.5830541060148313,0.49173853336995343,-0.09392474594891542,0.6190854160944795,-0.2827712166987093,27934.376270255423,1.5925161361694329
-0.26248558088437246,1.0317467728645977,0.9582504806371877,-0.52435319967042,1.5830541060148313,0.49173853336995343,-0.09392474594891542,0.6190854160944795,-0.2827712166987093,27559.376270255423,1.5925161361694329
-0.26248558088437246,1.0317467728645977,0.9582504806371877,-0.51435319967042,1.5830541060148313,0.49173853336995343,-0.09392474594891542,0.6090854160944795,-0.2827712166987093,27782.376270255423,1.5965113162994342
-0.26248558088437246,1.0417467728645975,0.9582504806371877,-0.51435319967042,1.5730541060148315,0.49173853336995343,-0.09392474594891542,0.5990854160944795,-0.2827712166987093,28091.376270255423,1.6004850387573235
-0.26248558088437246,1.0417467728645975,0.9582504806371877,-0.50435319967042,1.5630541060148313,0.5017385333699534,-0.09392474594891542,0.6090854160944795,-0.2827712166987093,28336.376270255423,1.6046149253845172
-0.26248558088437246,1.0417467728645975,0.9682504806371877,-0.50435319967042,1.5630541060148313,0.5017385333699534,-0.09392474594891542,0.5990854160944795,-0.2827712166987093,28021.376270255423,1.6054832458496087
-0.26248558088437246,1.0317467728645977,0.9682504806371877,-0.50435319967042,1.5630541060148313,0.49173853336995343,-0.09392474594891542,0.6090854160944795,-0.2827712166987093,28178.376270255423,1.6079270362853997
-0.25248558088437245,1.0317467728645977,0.9682504806371877,-0.50435319967042,1.5630541060148313,0.49173853336995343,-0.10392474594891543,0.6190854160944795,-0.2827712166987093,28293.376270255423,1.6129366874694817
-0.25248558088437245,1.0317467728645977,0.9582504806371877,-0.49435319967042,1.5530541060148315,0.49173853336995343,-0.10392474594891543,0.6190854160944795,-0.2827712166987093,27980.376270255423,1.6168629646301262
-0.25248558088437245,1.0317467728645977,0.9682504806371877,-0.50435319967042,1.5630541060148313,0.49173853336995343,-0.10392474594891543,0.6190854160944795,-0.2927712166987093,27651.376270255423,1.6179642200469964
-0.25248558088437245,1.0417467728645975,0.9682504806371877,-0.50435319967042,1.5630541060148313,0.49173853336995343,-0.10392474594891543,0.6290854160944795,-0.2927712166987093,27402.376270255423,1.6207007884979205
-0.25248558088437245,1.0417467728645975,0.9682504806371877,-0.50435319967042,1.5630541060148313,0.49173853336995343,-0.10392474594891543,0.6290854160944795,-0.2927712166987093,27487.376270255423,1.625003290176391
-0.26248558088437246,1.0517467728645977,0.9682504806371877,-0.49435319967042,1.5530541060148315,0.49173853336995343,-0.10392474594891543,0.6190854160944795,-0.2927712166987093,27422.376270255423,1.6288687705993645
-0.26248558088437246,1.0517467728645977,0.9682504806371877,-0.49435319967042,1.5530541060148315,0.49173853336995343,-0.10392474594891543,0.6190854160944795,-0.2927712166987093,27429.376270255423,1.6298911094665556
-0.26248558088437246,1.0417467728645975,0.9782504806371877,-0.49435319967042,1.5430541060148313,0.5017385333699534,-0.10392474594891543,0.6090854160944795,-0.2927712166987093,27620.376270255423,1.6331233501434355
-0.25248558088437245,1.0417467728645975,0.9682504806371877,-0.49435319967042,1.5430541060148313,0.5017385333699534,-0.09392474594891542,0.5890854160944795,-0.2827712166987093,27699.376270255423,1.6374246597290032
-0.24248558088437244,1.0317467728645977,0.9682504806371877,-0.48435319967042,1.5230541060148313,0.5117385333699535,-0.09392474594891542,0.5790854160944795,-0.2827712166987093,27970.376270255423,1.641539525985717
-0.23248558088437243,1.021746772864598,0.9682504806371877,-0.48435319967042,1.5130541060148315,0.5117385333699535,-0.08392474594891541,0.5790854160944795,-0.2827712166987093,28059.376270255423,1.6424088001251178
-0.22248558088437242,1.021746772864598,0.9582504806371877,-0.47435319967042,1.5130541060148315,0.5117385333699535,-0.08392474594891541,0.5590854160944795,-0.2827712166987093,28060.376270255423,1.6454720020294182
-0.21248558088437242,1.021746772864598,0.9482504806371876,-0.47435319967042,1.5030541060148312,0.5117385333699535,-0.0739247459489154,0.5390854160944795,-0.2727712166987093,28331.376270255423,1.649527740478515
-0.2024855808843724,1.021746772864598,0.9482504806371876,-0.47435319967042,1.4930541060148315,0.5117385333699535,-0.0639247459489154,0.5390854160944795,-0.2927712166987093,28904.376270255423,1.653802824020385
-0.2024855808843724,1.021746772864598,0.9482504806371876,-0.47435319967042,1.4930541060148315,0.5217385333699535,-0.0639247459489154,0.5190854160944794,-0.2727712166987093,28817.376270255423,1.6547734260559075
-0.2024855808843724,1.021746772864598,0.9482504806371876,-0.47435319967042,1.4830541060148312,0.5317385333699535,-0.0739247459489154,0.5190854160944794,-0.2727712166987093,28572.376270255423,1.6577202796936028
-0.1824855808843726,1.021746772864598,0.9382504806371876,-0.46435319967042,1.4730541060148314,0.5317385333699535,-0.0739247459489154,0.5190854160944794,-0.2727712166987093,28825.376270255423,1.661542606353759
-0.1824855808843726,1.0117467728645977,0.9382504806371876,-0.46435319967042,1.4730541060148314,0.5317385333699535,-0.0739247459489154,0.5190854160944794,-0.2627712166987093,29048.376270255423,1.6658496379852288
-0.1624855808843726,1.0117467728645977,0.9382504806371876,-0.45435319967042,1.4630541060148312,0.5317385333699535,-0.08392474594891541,0.5090854160944794,-0.2627712166987093,29145.376270255423,1.6698534011840778
-0.1624855808843726,1.001746772864598,0.9282504806371876,-0.45435319967042,1.4730541060148314,0.5317385333699535,-0.08392474594891541,0.5190854160944794,-0.2627712166987093,28506.376270255423,1.670582723617553
-0.15248558088437258,1.001746772864598,0.9282504806371876,-0.46435319967042,1.4730541060148314,0.5317385333699535,-0.08392474594891541,0.5090854160944794,-0.2627712166987093,28663.376270255423,1.6738547801971464
-0.14248558088437258,0.9917467728645978,0.9282504806371876,-0.46435319967042,1.4730541060148314,0.5317385333699535,-0.08392474594891541,0.5090854160944794,-0.2627712166987093,28836.376270255423,1.6779980182647698
-0.14248558088437258,1.001746772864598,0.9282504806371876,-0.47435319967042,1.4830541060148312,0.5317385333699535,-0.08392474594891541,0.49908541609447943,-0.2727712166987093,28799.376270255423,1.6821095466613762
-0.14248558088437258,0.9917467728645978,0.9282504806371876,-0.46435319967042,1.4830541060148312,0.5317385333699535,-0.0739247459489154,0.49908541609447943,-0.2727712166987093,29158.376270255423,1.6831454753875725
-0.14248558088437258,1.001746772864598,0.9382504806371876,-0.46435319967042,1.4830541060148312,0.5317385333699535,-0.0739247459489154,0.49908541609447943,-0.2727712166987093,29251.376270255423,1.6865138530731194
-0.14248558088437258,0.9917467728645978,0.9282504806371876,-0.47435319967042,1.4830541060148312,0.5317385333699535,-0.0739247459489154,0.5090854160944794,-0.2827712166987093,29074.376270255423,1.6905560016632073
-0.13248558088437257,0.9917467728645978,0.9282504806371876,-0.47435319967042,1.4930541060148315,0.5317385333699535,-0.0639247459489154,0.4890854160944794,-0.2827712166987093,28743.376270255423,1.694735002517703
-0.13248558088437257,0.9917467728645978,0.9282504806371876,-0.47435319967042,1.4930541060148315,0.5317385333699535,-0.05392474594891539,0.4890854160944794,-0.2827712166987093,28736.376270255423,1.6955105781555169
-0.13248558088437257,0.9917467728645978,0.9182504806371876,-0.47435319967042,1.5030541060148312,0.5217385333699535,-0.05392474594891539,0.4890854160944794,-0.3027712166987093,29287.376270255423,1.6986712932586663
-0.13248558088437257,0.9917467728645978,0.9282504806371876,-0.47435319967042,1.5030541060148312,0.5217385333699535,-0.05392474594891539,0.5090854160944794,-0.31277121669870933,28732.376270255423,1.7028076171875028
-0.14248558088437258,1.001746772864598,0.9282504806371876,-0.46435319967042,1.5030541060148312,0.5217385333699535,-0.05392474594891539,0.49908541609447943,-0.31277121669870933,29065.376270255423,1.7071110725402825
-0.15248558088437258,1.001746772864598,0.9382504806371876,-0.46435319967042,1.5130541060148315,0.5117385333699535,-0.05392474594891539,0.49908541609447943,-0.31277121669870933,29236.376270255423,1.7081269741058343
-0.1624855808843726,1.001746772864598,0.9382504806371876,-0.46435319967042,1.5130541060148315,0.5117385333699535,-0.05392474594891539,0.5090854160944794,-0.31277121669870933,28751.376270255423,1.7107364654541009
-0.1624855808843726,1.001746772864598,0.9282504806371876,-0.46435319967042,1.5230541060148313,0.5117385333699535,-0.04392474594891538,0.49908541609447943,-0.32277121669870934,28424.376270255423,1.7150558948516803
-0.15248558088437258,1.0117467728645977,0.9182504806371876,-0.47435319967042,1.5230541060148313,0.5117385333699535,-0.04392474594891538,0.4890854160944794,-0.32277121669870934,27665.376270255423,1.719394636154174
-0.14248558088437258,1.0117467728645977,0.9082504806371876,-0.47435319967042,1.5330541060148315,0.5017385333699534,-0.04392474594891538,0.4890854160944794,-0.31277121669870933,27856.376270255423,1.7204534530639606
-0.12248558088437256,1.001746772864598,0.8982504806371876,-0.47435319967042,1.5330541060148315,0.5017385333699534,-0.04392474594891538,0.4890854160944794,-0.31277121669870933,28143.376270255423,1.7229988098144489
-0.11248558088437255,0.9917467728645978,0.8982504806371876,-0.47435319967042,1.5430541060148313,0.5017385333699534,-0.05392474594891539,0.49908541609447943,-0.32277121669870934,27738.376270255423,1.727310371398925
-0.11248558088437255,0.9917467728645978,0.8982504806371876,-0.47435319967042,1.5430541060148313,0.49173853336995343,-0.0639247459489154,0.5190854160944794,-0.33277121669870935,27473.376270255423,1.7318646430969231
-0.11248558088437255,0.9817467728645978,0.8982504806371876,-0.47435319967042,1.5530541060148315,0.49173853336995343,-0.0639247459489154,0.5290854160944795,-0.32277121669870934,27664.376270255423,1.7351138114929192
-0.12248558088437256,0.9717467728645978,0.9082504806371876,-0.47435319967042,1.5530541060148315,0.49173853336995343,-0.0639247459489154,0.5390854160944795,-0.32277121669870934,27823.376270255423,1.73586459159851
-0.10248558088437254,0.9617467728645978,0.9082504806371876,-0.48435319967042,1.5630541060148313,0.49173853336995343,-0.0739247459489154,0.5290854160944795,-0.31277121669870933,27584.376270255423,1.739417266845706
-0.10248558088437254,0.9717467728645978,0.8982504806371876,-0.48435319967042,1.5630541060148313,0.5017385333699534,-0.08392474594891541,0.5490854160944795,-0.3027712166987093,27415.376270255423,1.7439527034759514
-0.10248558088437254,0.9717467728645978,0.8882504806371876,-0.49435319967042,1.5730541060148315,0.5017385333699534,-0.08392474594891541,0.5390854160944795,-0.3027712166987093,27620.376270255423,1.7479350090026848
-0.10248558088437254,0.9717467728645978,0.8882504806371876,-0.50435319967042,1.5830541060148313,0.49173853336995343,-0.09392474594891542,0.5490854160944795,-0.2927712166987093,27593.376270255423,1.7479350090026848
-0.10248558088437254,0.9717467728645978,0.8782504806371876,-0.50435319967042,1.5930541060148316,0.4817385333699534,-0.09392474594891542,0.5590854160944795,-0.3027712166987093,26954.376270255423,1.7520024299621575
-0.10248558088437254,0.9717467728645978,0.8882504806371876,-0.51435319967042,1.5930541060148316,0.49173853336995343,-0.09392474594891542,0.5790854160944795,-0.3027712166987093,26565.376270255423,1.7556478500366204
-0.11248558088437255,0.9817467728645978,0.8882504806371876,-0.51435319967042,1.6030541060148313,0.4817385333699534,-0.09392474594891542,0.5990854160944795,-0.31277121669870933,26478.376270255423,1.7600209236145012
-0.11248558088437255,0.9817467728645978,0.8882504806371876,-0.51435319967042,1.6030541060148313,0.49173853336995343,-0.09392474594891542,0.5990854160944795,-0.31277121669870933,26387.376270255423,1.7608353614807157
-0.10248558088437254,0.9817467728645978,0.8582504806371876,-0.51435319967042,1.6030541060148313,0.49173853336995343,-0.09392474594891542,0.6090854160944795,-0.31277121669870933,26050.376270255423,1.764086198806762
-0.09248558088437253,0.9917467728645978,0.8482504806371878,-0.52435319967042,1.6030541060148313,0.49173853336995343,-0.10392474594891543,0.6290854160944795,-0.31277121669870933,25983.376270255423,1.7680925846099846
-0.09248558088437253,0.9917467728645978,0.8282504806371878,-0.53435319967042,1.6030541060148313,0.5017385333699534,-0.12392474594891545,0.6390854160944793,-0.3027712166987093,25998.376270255423,1.7728354454040485
-0.09248558088437253,1.001746772864598,0.8282504806371878,-0.53435319967042,1.6130541060148316,0.49173853336995343,-0.12392474594891545,0.6390854160944793,-0.3027712166987093,25445.376270255423,1.7728354454040485
-0.10248558088437254,0.9917467728645978,0.8382504806371878,-0.53435319967042,1.6230541060148314,0.49173853336995343,-0.13392474594891524,0.6490854160944793,-0.3027712166987093,25496.376270255423,1.776509475708007
-0.10248558088437254,0.9917467728645978,0.8482504806371878,-0.53435319967042,1.6230541060148314,0.4817385333699534,-0.13392474594891524,0.6690854160944794,-0.2927712166987093,25527.376270255423,1.7806276798248248
-0.11248558088437255,0.9717467728645978,0.8782504806371876,-0.52435319967042,1.6130541060148316,0.49173853336995343,-0.15392474594891525,0.6790854160944794,-0.2827712166987093,25192.376270255423,1.7848517417907708
-0.12248558088437256,0.9717467728645978,0.8682504806371876,-0.52435319967042,1.6030541060148313,0.49173853336995343,-0.15392474594891525,0.6790854160944794,-0.2727712166987093,25349.376270255423,1.7856566429138176
-0.12248558088437256,0.9817467728645978,0.8582504806371876,-0.52435319967042,1.6130541060148316,0.49173853336995343,-0.16392474594891526,0.6790854160944794,-0.2727712166987093,24938.376270255423,1.7887792110443108
-0.12248558088437256,0.9817467728645978,0.8582504806371876,-0.52435319967042,1.6130541060148316,0.5017385333699534,-0.16392474594891526,0.6890854160944794,-0.2727712166987093,24879.376270255423,1.7930087566375725
-0.13248558088437257,0.9917467728645978,0.8582504806371876,-0.52435319967042,1.6130541060148316,0.5017385333699534,-0.15392474594891525,0.6790854160944794,-0.2727712166987093,24518.376270255423,1.7972406864166253
-0.14248558088437258,0.9917467728645978,0.8482504806371878,-0.53435319967042,1.6130541060148316,0.5017385333699534,-0.15392474594891525,0.6890854160944794,-0.2727712166987093,24191.376270255423,1.8012549400329547
-0.15248558088437258,1.001746772864598,0.8482504806371878,-0.53435319967042,1.6130541060148316,0.5117385333699535,-0.15392474594891525,0.6790854160944794,-0.2627712166987093,23770.376270255423,1.8012549400329547
-0.1624855808843726,1.001746772864598,0.8482504806371878,-0.53435319967042,1.6130541060148316,0.5117385333699535,-0.15392474594891525,0.6890854160944794,-0.2627712166987093,23819.376270255423,1.8057119369506829
-0.1724855808843726,1.0117467728645977,0.8582504806371876,-0.53435319967042,1.6130541060148316,0.5117385333699535,-0.14392474594891524,0.6790854160944794,-0.2627712166987093,23366.376270255423,1.80969591140747
-0.1824855808843726,1.0117467728645977,0.8482504806371878,-0.53435319967042,1.6130541060148316,0.5117385333699535,-0.14392474594891524,0.6790854160944794,-0.2627712166987093,23053.376270255423,1.812956762313842
-0.1924855808843724,1.0117467728645977,0.8482504806371878,-0.53435319967042,1.6230541060148314,0.5117385333699535,-0.13392474594891524,0.6690854160944794,-0.2527712166987093,23138.376270255423,1.8137077808380084
-0.1924855808843724,1.021746772864598,0.8482504806371878,-0.53435319967042,1.6130541060148316,0.5217385333699535,-0.13392474594891524,0.6790854160944794,-0.2527712166987093,22977.376270255423,1.8177296638488762
-0.1924855808843724,1.021746772864598,0.8382504806371878,-0.53435319967042,1.6130541060148316,0.5217385333699535,-0.13392474594891524,0.6790854160944794,-0.24277121669870927,22790.376270255423,1.8219270229339593
-0.1924855808843724,1.021746772864598,0.8382504806371878,-0.5443531996704201,1.6130541060148316,0.5217385333699535,-0.13392474594891524,0.6790854160944794,-0.23277121669870926,22149.376270255423,1.8253826618194573
-0.2024855808843724,1.0317467728645977,0.8382504806371878,-0.53435319967042,1.6130541060148316,0.5217385333699535,-0.14392474594891524,0.6790854160944794,-0.22277121669870925,22110.376270255423,1.8253826618194573
-0.21248558088437242,1.0317467728645977,0.8382504806371878,-0.53435319967042,1.6130541060148316,0.5317385333699535,-0.14392474594891524,0.6690854160944794,-0.21277121669870924,22171.376270255423,1.8294813156127923
-0.21248558088437242,1.0317467728645977,0.8082504806371877,-0.53435319967042,1.6130541060148316,0.5317385333699535,-0.15392474594891525,0.6590854160944793,-0.20277121669870923,22046.376270255423,1.8340141296386712
-0.2024855808843724,1.0317467728645977,0.7882504806371877,-0.53435319967042,1.6130541060148316,0.5317385333699535,-0.13392474594891524,0.6590854160944793,-0.21277121669870924,21849.376270255423,1.8378035545349114
-0.2024855808843724,1.0417467728645975,0.7882504806371877,-0.53435319967042,1.6030541060148313,0.5317385333699535,-0.14392474594891524,0.6690854160944794,-0.22277121669870925,21682.376270255423,1.8390407085418694
-0.2024855808843724,1.0517467728645977,0.7682504806371877,-0.53435319967042,1.6030541060148313,0.5317385333699535,-0.12392474594891545,0.6590854160944793,-0.21277121669870924,21313.376270255423,1.8420295238494866
-0.2024855808843724,1.0517467728645977,0.7682504806371877,-0.53435319967042,1.6030541060148313,0.5317385333699535,-0.13392474594891524,0.6490854160944793,-0.21277121669870924,21074.376270255423,1.845867586135867
-0.21248558088437242,1.0617467728645975,0.7482504806371877,-0.53435319967042,1.6030541060148313,0.5317385333699535,-0.13392474594891524,0.6590854160944793,-0.22277121669870925,21215.376270255423,1.8501419544219964
-0.21248558088437242,1.0617467728645975,0.7582504806371877,-0.52435319967042,1.6030541060148313,0.5317385333699535,-0.12392474594891545,0.6490854160944793,-0.21277121669870924,21166.376270255423,1.8508712768554645
-0.21248558088437242,1.0517467728645977,0.7582504806371877,-0.52435319967042,1.5930541060148316,0.5417385333699535,-0.11392474594891544,0.6390854160944793,-0.20277121669870923,20875.376270255423,1.854871463775634
-0.1924855808843724,1.0517467728645977,0.7282504806371877,-0.52435319967042,1.5930541060148316,0.5417385333699535,-0.11392474594891544,0.6390854160944793,-0.20277121669870923,20732.376270255423,1.8581480503082268
-0.1924855808843724,1.0517467728645977,0.7282504806371877,-0.52435319967042,1.5930541060148316,0.5317385333699535,-0.11392474594891544,0.6490854160944793,-0.20277121669870923,20569.376270255423,1.8626977920532255
-0.1924855808843724,1.0417467728645975,0.7282504806371877,-0.51435319967042,1.5930541060148316,0.5317385333699535,-0.12392474594891545,0.6390854160944793,-0.19277121669870922,20580.376270255423,1.8637411117553704
-0.2024855808843724,1.0517467728645977,0.7282504806371877,-0.52435319967042,1.5930541060148316,0.5417385333699535,-0.11392474594891544,0.6290854160944795,-0.19277121669870922,20197.376270255423,1.8670100688934355
-0.21248558088437242,1.0517467728645977,0.7282504806371877,-0.52435319967042,1.5930541060148316,0.5417385333699535,-0.11392474594891544,0.6390854160944793,-0.19277121669870922,20346.376270255423,1.8706902980804436
-0.22248558088437242,1.0517467728645977,0.7282504806371877,-0.51435319967042,1.5830541060148313,0.5417385333699535,-0.11392474594891544,0.6390854160944793,-0.19277121669870922,20191.376270255423,1.8750819683074944
-0.22248558088437242,1.0517467728645977,0.7282504806371877,-0.51435319967042,1.5830541060148313,0.5317385333699535,-0.11392474594891544,0.6390854160944793,-0.19277121669870922,20272.376270255423,1.8789202690124505
-0.21248558088437242,1.0417467728645975,0.7282504806371877,-0.51435319967042,1.5930541060148316,0.5317385333699535,-0.11392474594891544,0.6290854160944795,-0.18277121669870922,20377.376270255423,1.8789202690124505
-0.22248558088437242,1.0317467728645977,0.7282504806371877,-0.51435319967042,1.5930541060148316,0.5317385333699535,-0.11392474594891544,0.6290854160944795,-0.18277121669870922,19542.376270255423,1.8832141876220696
-0.21248558088437242,1.021746772864598,0.7182504806371877,-0.51435319967042,1.5930541060148316,0.5317385333699535,-0.12392474594891545,0.6390854160944793,-0.18277121669870922,19925.376270255423,1.887273979187011
-0.22248558088437242,1.0317467728645977,0.7182504806371877,-0.50435319967042,1.5930541060148316,0.5317385333699535,-0.11392474594891544,0.6290854160944795,-0.18277121669870922,19534.376270255423,1.8909220218658405
-0.24248558088437244,1.0417467728645975,0.7282504806371877,-0.51435319967042,1.5930541060148316,0.5317385333699535,-0.12392474594891545,0.6290854160944795,-0.18277121669870922,19771.376270255423,1.8909220218658405
-0.26248558088437246,1.0517467728645977,0.7182504806371877,-0.50435319967042,1.5930541060148316,0.5317385333699535,-0.11392474594891544,0.6290854160944795,-0.18277121669870922,19854.376270255423,1.8955568790435784
-0.27248558088437247,1.0517467728645977,0.7082504806371877,-0.50435319967042,1.5930541060148316,0.5317385333699535,-0.11392474594891544,0.6290854160944795,-0.18277121669870922,19829.376270255423,1.8989512443542473
-0.27248558088437247,1.0417467728645975,0.7082504806371877,-0.51435319967042,1.6030541060148313,0.5317385333699535,-0.11392474594891544,0.6290854160944795,-0.17277121669870943,19836.376270255423,1.9032880783081048
-0.27248558088437247,1.0317467728645977,0.6982504806371876,-0.50435319967042,1.5930541060148316,0.5317385333699535,-0.11392474594891544,0.6190854160944795,-0.17277121669870943,19409.376270255423,1.904021215438842
-0.26248558088437246,1.0417467728645975,0.6782504806371876,-0.49435319967042,1.5830541060148313,0.5317385333699535,-0.11392474594891544,0.6190854160944795,-0.16277121669870942,19110.376270255423,1.9072701454162626
-0.26248558088437246,1.0317467728645977,0.6682504806371876,-0.48435319967042,1.5830541060148313,0.5217385333699535,-0.10392474594891543,0.6090854160944795,-0.16277121669870942,19305.376270255423,1.9124865055084257
-0.26248558088437246,1.0417467728645975,0.6482504806371876,-0.48435319967042,1.5730541060148315,0.5217385333699535,-0.10392474594891543,0.5990854160944795,-0.16277121669870942,19348.376270255423,1.9159051895141594
-0.26248558088437246,1.0317467728645977,0.6382504806371876,-0.47435319967042,1.5730541060148315,0.5317385333699535,-0.09392474594891542,0.5890854160944795,-0.1527712166987094,19445.376270255423,1.9159051895141594
-0.26248558088437246,1.0317467728645977,0.6382504806371876,-0.46435319967042,1.5730541060148315,0.5317385333699535,-0.09392474594891542,0.5890854160944795,-0.1527712166987094,19272.376270255423,1.9198557853698723
-0.2824855808843725,1.0117467728645977,0.6482504806371876,-0.46435319967042,1.5630541060148313,0.5317385333699535,-0.09392474594891542,0.5790854160944795,-0.1527712166987094,19041.376270255423,1.9240684032440178
-0.27248558088437247,1.0117467728645977,0.6382504806371876,-0.46435319967042,1.5730541060148315,0.5317385333699535,-0.08392474594891541,0.5590854160944795,-0.1427712166987094,19198.376270255423,1.9282946109771686
-0.27248558088437247,1.001746772864598,0.6382504806371876,-0.46435319967042,1.5730541060148315,0.5317385333699535,-0.08392474594891541,0.5590854160944795,-0.1427712166987094,19531.376270255423,1.9282946109771686
-0.26248558088437246,0.9817467728645978,0.6282504806371876,-0.45435319967042,1.5630541060148313,0.5317385333699535,-0.08392474594891541,0.5590854160944795,-0.1427712166987094,19910.376270255423,1.9321028709411578
-0.27248558088437247,0.9917467728645978,0.6182504806371876,-0.4443531996704202,1.5530541060148315,0.5317385333699535,-0.08392474594891541,0.5490854160944795,-0.1427712166987094,19757.376270255423,1.9360963821411126
-0.27248558088437247,0.9717467728645978,0.6182504806371876,-0.4443531996704202,1.5630541060148313,0.5217385333699535,-0.08392474594891541,0.5590854160944795,-0.1427712166987094,19552.376270255423,1.9405064105987542
-0.2824855808843725,0.9817467728645978,0.6182504806371876,-0.4443531996704202,1.5630541060148313,0.5217385333699535,-0.08392474594891541,0.5590854160944795,-0.1427712166987094,19425.376270255423,1.9444992065429716
-0.2824855808843725,0.9817467728645978,0.5882504806371878,-0.4443531996704202,1.5630541060148313,0.5217385333699535,-0.08392474594891541,0.5590854160944795,-0.1427712166987094,19716.376270255423,1.9452294826507561
-0.27248558088437247,0.9517467728645977,0.5982504806371878,-0.4443531996704202,1.5630541060148313,0.5217385333699535,-0.08392474594891541,0.5590854160944795,-0.1327712166987094,19727.376270255423,1.948231649398803
-0.27248558088437247,0.9417467728645977,0.5682504806371877,-0.4443531996704202,1.5630541060148313,0.5317385333699535,-0.08392474594891541,0.5390854160944795,-0.1327712166987094,19492.376270255423,1.9529685497283928
-0.2824855808843725,0.9317467728645977,0.5982504806371878,-0.4443531996704202,1.5730541060148315,0.5217385333699535,-0.0739247459489154,0.5390854160944795,-0.1427712166987094,19261.376270255423,1.9565939426422112
-0.2824855808843725,0.9217467728645977,0.5782504806371878,-0.4443531996704202,1.5630541060148313,0.5217385333699535,-0.0739247459489154,0.5490854160944795,-0.1427712166987094,19636.376270255423,1.9565939426422112
-0.25248558088437245,0.9017467728645977,0.5582504806371877,-0.4343531996704202,1.5730541060148315,0.5117385333699535,-0.0739247459489154,0.5490854160944795,-0.1527712166987094,19289.376270255423,1.9609379291534417
-0.27248558088437247,0.9017467728645977,0.5582504806371877,-0.4443531996704202,1.5830541060148313,0.5117385333699535,-0.0639247459489154,0.5590854160944795,-0.16277121669870942,19230.376270255423,1.9650644779205315
-0.27248558088437247,0.8817467728645977,0.5782504806371878,-0.45435319967042,1.5930541060148316,0.5117385333699535,-0.0639247459489154,0.5590854160944795,-0.16277121669870942,19885.376270255423,1.9690792083740263
-0.27248558088437247,0.8717467728645977,0.5682504806371877,-0.45435319967042,1.5930541060148316,0.5117385333699535,-0.0639247459489154,0.5590854160944795,-0.16277121669870942,19832.376270255423,1.9690792083740263
-0.27248558088437247,0.8517467728645977,0.5582504806371877,-0.45435319967042,1.6030541060148313,0.5117385333699535,-0.05392474594891539,0.5590854160944795,-0.16277121669870942,19427.376270255423,1.973093938827514
-0.27248558088437247,0.8517467728645977,0.5482504806371877,-0.46435319967042,1.6130541060148316,0.5017385333699534,-0.04392474594891538,0.5590854160944795,-0.18277121669870922,19296.376270255423,1.977349948883056
-0.27248558088437247,0.8517467728645977,0.5282504806371877,-0.45435319967042,1.6130541060148316,0.5017385333699534,-0.04392474594891538,0.5590854160944795,-0.18277121669870922,19685.376270255423,1.981397104263305
-0.2924855808843725,0.8417467728645976,0.5382504806371877,-0.45435319967042,1.6230541060148314,0.49173853336995343,-0.04392474594891538,0.5590854160944795,-0.18277121669870922,19894.376270255423,1.9824532985687249
-0.3024855808843725,0.8417467728645976,0.5282504806371877,-0.46435319967042,1.6230541060148314,0.49173853336995343,-0.04392474594891538,0.5690854160944795,-0.18277121669870922,19411.376270255423,1.985389184951785
-0.3124855808843725,0.8217467728645976,0.5282504806371877,-0.46435319967042,1.6330541060148316,0.49173853336995343,-0.04392474594891538,0.5690854160944795,-0.18277121669870922,19056.376270255423,1.9895963191986077
-0.3224855808843725,0.8117467728645976,0.5182504806371877,-0.47435319967042,1.6430541060148314,0.49173853336995343,-0.05392474594891539,0.5690854160944795,-0.18277121669870922,19697.376270255423,1.9939836978912346
-0.34248558088437253,0.8117467728645976,0.5182504806371877,-0.48435319967042,1.6530541060148312,0.49173853336995343,-0.05392474594891539,0.5590854160944795,-0.17277121669870943,19914.376270255423,1.9939836978912346
-0.34248558088437253,0.7817467728645978,0.5182504806371877,-0.48435319967042,1.6530541060148312,0.4817385333699534,-0.05392474594891539,0.5690854160944795,-0.17277121669870943,19559.376270255423,1.9976930141448968
-0.3324855808843725,0.7817467728645978,0.4982504806371877,-0.48435319967042,1.6530541060148312,0.4817385333699534,-0.0639247459489154,0.5690854160944795,-0.17277121669870943,19238.376270255423,2.0018467426300006
-0.34248558088437253,0.7517467728645978,0.5082504806371877,-0.47435319967042,1.6530541060148312,0.4717385333699534,-0.0639247459489154,0.5690854160944795,-0.17277121669870943,19401.376270255423,2.006001663208007
-0.34248558088437253,0.7417467728645978,0.4982504806371877,-0.47435319967042,1.6630541060148314,0.4717385333699534,-0.0639247459489154,0.5790854160944795,-0.18277121669870922,19654.376270255423,2.0067493438720696
-0.38248558088437257,0.7317467728645978,0.5082504806371877,-0.48435319967042,1.6730541060148312,0.4717385333699534,-0.0639247459489154,0.5890854160944795,-0.17277121669870943,19717.376270255423,2.0100173473358147
-0.3924855808843726,0.7117467728645978,0.5082504806371877,-0.49435319967042,1.6730541060148312,0.4717385333699534,-0.0639247459489154,0.5890854160944795,-0.17277121669870943,19340.376270255423,2.0140587806701653
-0.37248558088437256,0.7117467728645978,0.47825048063718767,-0.50435319967042,1.6830541060148314,0.4817385333699534,-0.0739247459489154,0.5790854160944795,-0.16277121669870942,19275.376270255423,2.0182988166809075
-0.3924855808843726,0.7017467728645977,0.4882504806371877,-0.50435319967042,1.6830541060148314,0.4717385333699534,-0.0739247459489154,0.5790854160944795,-0.16277121669870942,19586.376270255423,2.022518825531005
-0.38248558088437257,0.6817467728645977,0.44825048063718764,-0.51435319967042,1.6930541060148312,0.4717385333699534,-0.08392474594891541,0.5790854160944795,-0.1527712166987094,19101.376270255423,2.022518825531005
-0.38248558088437257,0.6917467728645977,0.4282504806371876,-0.51435319967042,1.6930541060148312,0.4717385333699534,-0.0739247459489154,0.5890854160944795,-0.16277121669870942,18650.376270255423,2.0263530731201165
-0.3924855808843726,0.6717467728645977,0.43825048063718763,-0.53435319967042,1.7030541060148314,0.4617385333699534,-0.0739247459489154,0.5990854160944795,-0.16277121669870942,18765.376270255423,2.0306698799133294
-0.4024855808843726,0.6917467728645977,0.3982504806371877,-0.53435319967042,1.7030541060148314,0.4717385333699534,-0.08392474594891541,0.5990854160944795,-0.1527712166987094,18816.376270255423,2.0340971469879143
-0.4024855808843726,0.6817467728645977,0.3982504806371877,-0.53435319967042,1.7130541060148312,0.4717385333699534,-0.08392474594891541,0.6090854160944795,-0.16277121669870942,18723.376270255423,2.0351490497589104
-0.38248558088437257,0.6617467728645977,0.3882504806371877,-0.53435319967042,1.7130541060148312,0.4717385333699534,-0.08392474594891541,0.6190854160944795,-0.16277121669870942,18470.376270255423,2.0384630680084257
-0.3924855808843726,0.6517467728645977,0.3882504806371877,-0.5443531996704201,1.7130541060148312,0.4817385333699534,-0.09392474594891542,0.6190854160944795,-0.16277121669870942,18577.376270255423,2.0431472778320305
-0.4124855808843726,0.6617467728645977,0.3882504806371877,-0.5443531996704201,1.7130541060148312,0.4817385333699534,-0.08392474594891541,0.6290854160944795,-0.16277121669870942,18192.376270255423,2.0468425273895257
-0.4124855808843726,0.6417467728645977,0.3782504806371877,-0.5443531996704201,1.7130541060148312,0.4817385333699534,-0.08392474594891541,0.6290854160944795,-0.17277121669870943,17703.376270255423,2.0475728034973137
-0.4224855808843726,0.6417467728645977,0.34825048063718766,-0.5443531996704201,1.7030541060148314,0.4817385333699534,-0.08392474594891541,0.6390854160944793,-0.17277121669870943,17766.376270255423,2.0508021831512444
-0.4024855808843726,0.6417467728645977,0.3582504806371877,-0.5443531996704201,1.7130541060148312,0.4717385333699534,-0.09392474594891542,0.6590854160944793,-0.18277121669870922,17815.376270255423,2.0551197052001946
-0.4324855808843726,0.6317467728645977,0.34825048063718766,-0.5443531996704201,1.7130541060148312,0.4817385333699534,-0.08392474594891541,0.6490854160944793,-0.18277121669870922,17796.376270255423,2.0592905998229973
-0.4524855808843724,0.6017467728645977,0.33825048063718766,-0.5543531996704201,1.7130541060148312,0.49173853336995343,-0.09392474594891542,0.6690854160944794,-0.18277121669870922,17841.376270255423,2.0592905998229973
-0.4524855808843724,0.6117467728645977,0.33825048063718766,-0.5643531996704201,1.7130541060148312,0.4817385333699534,-0.10392474594891543,0.6790854160944794,-0.19277121669870922,17238.376270255423,2.063270044326785
-0.4624855808843724,0.5917467728645976,0.30825048063718763,-0.5643531996704201,1.7130541060148312,0.4817385333699534,-0.10392474594891543,0.6990854160944794,-0.19277121669870922,17041.376270255423,2.0674795627593987
-0.4424855808843724,0.6017467728645977,0.2882504806371877,-0.5643531996704201,1.7230541060148314,0.4817385333699534,-0.10392474594891543,0.6890854160944794,-0.18277121669870922,17062.376270255423,2.0709998130798333
-0.4424855808843724,0.6017467728645977,0.2982504806371876,-0.5643531996704201,1.7130541060148312,0.4817385333699534,-0.11392474594891544,0.6990854160944794,-0.18277121669870922,16787.376270255423,2.072055053710937
-0.4524855808843724,0.5817467728645976,0.2782504806371877,-0.5643531996704201,1.7130541060148312,0.4817385333699534,-0.11392474594891544,0.6990854160944794,-0.18277121669870922,16736.376270255423,2.075308752059936
-0.4524855808843724,0.5717467728645976,0.2582504806371877,-0.5643531996704201,1.7130541060148312,0.4817385333699534,-0.12392474594891545,0.6990854160944794,-0.18277121669870922,16713.376270255423,2.079686117172237
-0.4424855808843724,0.5517467728645976,0.2582504806371877,-0.5743531996704201,1.7230541060148314,0.4817385333699534,-0.12392474594891545,0.6990854160944794,-0.17277121669870943,16552.376270255423,2.083980035781863
-0.4524855808843724,0.5417467728645976,0.23825048063718768,-0.5843531996704201,1.7230541060148314,0.4817385333699534,-0.12392474594891545,0.6990854160944794,-0.17277121669870943,15943.376270255423,2.087805938720706
-0.4524855808843724,0.5317467728645978,0.2482504806371877,-0.5843531996704201,1.7130541060148312,0.49173853336995343,-0.12392474594891545,0.6990854160944794,-0.16277121669870942,15718.376270255423,2.087805938720706
-0.4524855808843724,0.5317467728645978,0.21825048063718766,-0.5843531996704201,1.7130541060148312,0.49173853336995343,-0.12392474594891545,0.7090854160944794,-0.1527712166987094,15907.376270255423,2.0918972015380852
-0.4524855808843724,0.5317467728645978,0.23825048063718768,-0.5743531996704201,1.7030541060148314,0.49173853336995343,-0.13392474594891524,0.7090854160944794,-0.1527712166987094,15540.376270255423,2.096147966384887
-0.4424855808843724,0.5217467728645978,0.19825048063718764,-0.5843531996704201,1.7030541060148314,0.49173853336995343,-0.14392474594891524,0.7090854160944794,-0.1427712166987094,15169.376270255423,2.1000973701477044
-0.4424855808843724,0.4917467728645978,0.18825048063718763,-0.5843531996704201,1.7030541060148314,0.5017385333699534,-0.15392474594891525,0.7090854160944794,-0.1327712166987094,14808.376270255423,2.1000973701477044
-0.4224855808843726,0.47174677286459776,0.18825048063718763,-0.5843531996704201,1.6930541060148312,0.5017385333699534,-0.14392474594891524,0.7090854160944794,-0.1427712166987094,15137.376270255423,2.104176235198974
-0.4224855808843726,0.46174677286459775,0.18825048063718763,-0.5943531996704201,1.6930541060148312,0.5017385333699534,-0.12392474594891545,0.7090854160944794,-0.1427712166987094,14944.376270255423,2.108425569534301
-0.4024855808843726,0.45174677286459775,0.17825048063718762,-0.5843531996704201,1.6830541060148314,0.5117385333699535,-0.13392474594891524,0.7090854160944794,-0.1427712166987094,14623.376270255423,2.112688732147216
-0.4024855808843726,0.44174677286459774,0.19825048063718764,-0.5743531996704201,1.6630541060148314,0.5217385333699535,-0.14392474594891524,0.7090854160944794,-0.1327712166987094,14052.376270255423,2.112688732147216
-0.4224855808843726,0.44174677286459774,0.17825048063718762,-0.5743531996704201,1.6530541060148312,0.5217385333699535,-0.14392474594891524,0.7190854160944794,-0.1327712166987094,13749.376270255423,2.1162578582763665
-0.4124855808843726,0.44174677286459774,0.17825048063718762,-0.5643531996704201,1.6430541060148314,0.5217385333699535,-0.15392474594891525,0.7190854160944794,-0.12277121669870938,13586.376270255423,2.120968294143676
-0.4124855808843726,0.4217467728645977,0.18825048063718763,-0.5543531996704201,1.6330541060148316,0.5217385333699535,-0.14392474594891524,0.7190854160944794,-0.1327712166987094,13873.376270255423,2.124747705459594
-0.4324855808843726,0.4317467728645977,0.18825048063718763,-0.5643531996704201,1.6330541060148316,0.5217385333699535,-0.13392474594891524,0.7090854160944794,-0.1327712166987094,13704.376270255423,2.1253022670745843
-0.4424855808843724,0.4117467728645977,0.17825048063718762,-0.5643531996704201,1.6130541060148316,0.5317385333699535,-0.13392474594891524,0.7090854160944794,-0.1327712166987094,13315.376270255423,2.1285936355590778
-0.4424855808843724,0.4217467728645977,0.16825048063718762,-0.5543531996704201,1.5930541060148316,0.5317385333699535,-0.14392474594891524,0.7190854160944794,-0.12277121669870938,12936.376270255423,2.132605981826785
-0.4724855808843724,0.4117467728645977,0.1382504806371877,-0.5443531996704201,1.5830541060148313,0.5417385333699535,-0.14392474594891524,0.7190854160944794,-0.1327712166987094,12457.376270255423,2.1370257854461663
-0.4524855808843724,0.4117467728645977,0.15825048063718772,-0.53435319967042,1.5830541060148313,0.5317385333699535,-0.13392474594891524,0.7090854160944794,-0.12277121669870938,12296.376270255423,2.137632322311397
-0.48248558088437243,0.4317467728645977,0.1482504806371877,-0.53435319967042,1.5830541060148313,0.5217385333699535,-0.12392474594891545,0.7090854160944794,-0.12277121669870938,11763.376270255423,2.141455841064449
-0.4624855808843724,0.4117467728645977,0.1482504806371877,-0.5443531996704201,1.5730541060148315,0.5317385333699535,-0.12392474594891545,0.6990854160944794,-0.1327712166987094,11818.376270255423,2.1458127021789544
-0.4424855808843724,0.4117467728645977,0.1482504806371877,-0.53435319967042,1.5730541060148315,0.5217385333699535,-0.12392474594891545,0.7090854160944794,-0.12277121669870938,11665.376270255423,2.1490482807159452
-0.4524855808843724,0.4217467728645977,0.1482504806371877,-0.53435319967042,1.5630541060148313,0.5217385333699535,-0.12392474594891545,0.7090854160944794,-0.12277121669870938,11688.376270255423,2.152884674072265
-0.4424855808843724,0.4217467728645977,0.1382504806371877,-0.53435319967042,1.5530541060148315,0.5217385333699535,-0.13392474594891524,0.7190854160944794,-0.12277121669870938,11153.376270255423,2.1538958072662346
-0.4424855808843724,0.4117467728645977,0.1282504806371877,-0.53435319967042,1.5430541060148313,0.5317385333699535,-0.13392474594891524,0.7290854160944794,-0.12277121669870938,10796.376270255423,2.1572517871856647
-0.4424855808843724,0.4217467728645977,0.1282504806371877,-0.52435319967042,1.5230541060148313,0.5217385333699535,-0.13392474594891524,0.7190854160944794,-0.12277121669870938,11249.376270255423,2.1616746902465813
-0.4324855808843726,0.4217467728645977,0.1382504806371877,-0.52435319967042,1.5430541060148313,0.5117385333699535,-0.13392474594891524,0.7190854160944794,-0.12277121669870938,11208.376270255423,2.1656386375427203
-0.4424855808843724,0.4317467728645977,0.1382504806371877,-0.52435319967042,1.5430541060148313,0.5117385333699535,-0.13392474594891524,0.7290854160944794,-0.1327712166987094,11131.376270255423,2.1656386375427203
-0.4424855808843724,0.4317467728645977,0.1382504806371877,-0.53435319967042,1.5330541060148315,0.5317385333699535,-0.12392474594891545,0.7290854160944794,-0.1327712166987094,10848.376270255423,2.1697952270507805
-0.4424855808843724,0.4117467728645977,0.1382504806371877,-0.52435319967042,1.5130541060148315,0.5317385333699535,-0.13392474594891524,0.7390854160944794,-0.1427712166987094,10413.376270255423,2.1743869304656975
-0.4324855808843726,0.4117467728645977,0.1282504806371877,-0.52435319967042,1.4930541060148315,0.5417385333699535,-0.12392474594891545,0.7290854160944794,-0.1327712166987094,10218.376270255423,2.178191375732421
-0.4524855808843724,0.4017467728645977,0.1282504806371877,-0.51435319967042,1.4730541060148314,0.5417385333699535,-0.13392474594891524,0.7290854160944794,-0.1327712166987094,9945.376270255423,2.178766918182369
-0.4424855808843724,0.3817467728645977,0.1282504806371877,-0.51435319967042,1.4730541060148314,0.5417385333699535,-0.13392474594891524,0.7290854160944794,-0.1327712166987094,9848.376270255423,2.182001066207885
-0.4324855808843726,0.3917467728645977,0.11825048063718768,-0.51435319967042,1.4730541060148314,0.5417385333699535,-0.13392474594891524,0.7290854160944794,-0.12277121669870938,9865.376270255423,2.1864661693573026
-0.4324855808843726,0.3817467728645977,0.11825048063718768,-0.50435319967042,1.4530541060148314,0.5417385333699535,-0.13392474594891524,0.7290854160944794,-0.11277121669870938,9806.376270255423,2.1904205799102776
-0.4324855808843726,0.3917467728645977,0.10825048063718767,-0.51435319967042,1.4530541060148314,0.5417385333699535,-0.14392474594891524,0.7190854160944794,-0.11277121669870938,9837.376270255423,2.1904205799102776
-0.4224855808843726,0.3817467728645977,0.10825048063718767,-0.50435319967042,1.4230541060148312,0.5417385333699535,-0.14392474594891524,0.7190854160944794,-0.10277121669870937,9546.376270255423,2.1941041469573968
-0.4424855808843724,0.3717467728645977,0.1282504806371877,-0.51435319967042,1.4030541060148312,0.5617385333699533,-0.13392474594891524,0.7190854160944794,-0.10277121669870937,9569.376270255423,2.1984054565429716
-0.4524855808843724,0.3717467728645977,0.1282504806371877,-0.52435319967042,1.3930541060148314,0.5717385333699533,-0.13392474594891524,0.7190854160944794,-0.09277121669870936,9464.376270255423,2.202201080322265
-0.4524855808843724,0.3717467728645977,0.11825048063718768,-0.52435319967042,1.3730541060148314,0.5817385333699533,-0.13392474594891524,0.7190854160944794,-0.09277121669870936,9383.376270255423,2.203229618072509
-0.4424855808843724,0.36174677286459767,0.11825048063718768,-0.52435319967042,1.3630541060148311,0.5817385333699533,-0.13392474594891524,0.7190854160944794,-0.09277121669870936,9298.376270255423,2.206239414215087
-0.4424855808843724,0.35174677286459766,0.1282504806371877,-0.53435319967042,1.3530541060148313,0.5817385333699533,-0.13392474594891524,0.7190854160944794,-0.09277121669870936,9077.376270255423,2.2109910964965813
-0.4524855808843724,0.33174677286459775,0.1382504806371877,-0.53435319967042,1.3530541060148313,0.5817385333699533,-0.13392474594891524,0.7190854160944794,-0.09277121669870936,9026.376270255423,2.2150804519653313
-0.4424855808843724,0.35174677286459766,0.1382504806371877,-0.51435319967042,1.3330541060148313,0.5817385333699533,-0.13392474594891524,0.7190854160944794,-0.09277121669870936,9097.376270255423,2.2150804519653313
-0.4424855808843724,0.33174677286459775,0.1482504806371877,-0.50435319967042,1.303054106014831,0.5817385333699533,-0.13392474594891524,0.7190854160944794,-0.08277121669870935,9246.376270255423,2.2181457996368366
-0.4324855808843726,0.35174677286459766,0.1282504806371877,-0.49435319967042,1.303054106014831,0.5517385333699533,-0.13392474594891524,0.7190854160944794,-0.08277121669870935,9351.376270255423,2.2231449604034417
-0.4224855808843726,0.35174677286459766,0.11825048063718768,-0.48435319967042,1.3130541060148313,0.5417385333699535,-0.13392474594891524,0.7190854160944794,-0.08277121669870935,9356.376270255423,2.2272531509399407
-0.4124855808843726,0.35174677286459766,0.11825048063718768,-0.47435319967042,1.2930541060148313,0.5317385333699535,-0.12392474594891545,0.7190854160944794,-0.09277121669870936,8951.376270255423,2.2305578708648675
-0.4024855808843726,0.36174677286459767,0.11825048063718768,-0.47435319967042,1.283054106014831,0.5417385333699535,-0.12392474594891545,0.7290854160944794,-0.09277121669870936,9290.376270255423,2.2316908359527545
-0.4124855808843726,0.36174677286459767,0.10825048063718767,-0.47435319967042,1.283054106014831,0.5217385333699535,-0.12392474594891545,0.7290854160944794,-0.09277121669870936,9267.376270255423,2.2350658893585162
-0.4124855808843726,0.36174677286459767,0.11825048063718768,-0.46435319967042,1.2730541060148313,0.5317385333699535,-0.12392474594891545,0.7190854160944794,-0.09277121669870936,9108.376270255423,2.23981328010559
-0.4224855808843726,0.3717467728645977,0.11825048063718768,-0.46435319967042,1.2530541060148312,0.5217385333699535,-0.12392474594891545,0.7190854160944794,-0.09277121669870936,9021.376270255423,2.2430791378021233
-0.4224855808843726,0.3717467728645977,0.09825048063718766,-0.4443531996704202,1.2430541060148315,0.5017385333699534,-0.11392474594891544,0.7290854160944794,-0.10277121669870937,9216.376270255423,2.243813467025756
-0.4124855808843726,0.35174677286459766,0.08825048063718766,-0.4443531996704202,1.2530541060148312,0.4617385333699534,-0.11392474594891544,0.7290854160944794,-0.10277121669870937,9011.376270255423,2.2478134155273466
-0.4124855808843726,0.35174677286459766,0.09825048063718766,-0.4343531996704202,1.2530541060148312,0.4617385333699534,-0.10392474594891543,0.7190854160944794,-0.10277121669870937,8686.376270255423,2.2517752170562737
-0.4124855808843726,0.33174677286459775,0.09825048063718766,-0.45435319967042,1.2530541060148312,0.4517385333699534,-0.10392474594891543,0.7190854160944794,-0.10277121669870937,9045.376270255423,2.255539369583129
-0.4024855808843726,0.32174677286459774,0.09825048063718766,-0.45435319967042,1.2330541060148312,0.4717385333699534,-0.09392474594891542,0.7090854160944794,-0.10277121669870937,9136.376270255423,2.2562674999237053
-0.4124855808843726,0.31174677286459773,0.09825048063718766,-0.4443531996704202,1.2330541060148312,0.4617385333699534,-0.09392474594891542,0.7190854160944794,-0.09277121669870936,9173.376270255423,2.2596413612365716
-0.4224855808843726,0.3017467728645977,0.09825048063718766,-0.46435319967042,1.2030541060148314,0.4717385333699534,-0.09392474594891542,0.7190854160944794,-0.10277121669870937,8650.376270255423,2.2640730857849114
-0.4224855808843726,0.2917467728645977,0.09825048063718766,-0.47435319967042,1.2130541060148312,0.4617385333699534,-0.09392474594891542,0.7190854160944794,-0.09277121669870936,8511.376270255423,2.2680761337280266
-0.4324855808843726,0.2917467728645977,0.09825048063718766,-0.46435319967042,1.2030541060148314,0.4617385333699534,-0.09392474594891542,0.7190854160944794,-0.10277121669870937,8480.376270255423,2.2680761337280266
-0.4224855808843726,0.2917467728645977,0.09825048063718766,-0.45435319967042,1.1930541060148312,0.4317385333699534,-0.09392474594891542,0.7190854160944794,-0.09277121669870936,8785.376270255423,2.2721087455749505
-0.4424855808843724,0.3017467728645977,0.08825048063718766,-0.46435319967042,1.1830541060148314,0.4217385333699534,-0.10392474594891543,0.7390854160944794,-0.10277121669870937,8628.376270255423,2.2764954090118366
-0.4524855808843724,0.2917467728645977,0.08825048063718766,-0.45435319967042,1.1630541060148314,0.4217385333699534,-0.10392474594891543,0.7390854160944794,-0.11277121669870938,8557.376270255423,2.2804824829101555
-0.4324855808843726,0.2717467728645977,0.08825048063718766,-0.4443531996704202,1.1230541060148314,0.4317385333699534,-0.10392474594891543,0.7390854160944794,-0.10277121669870937,8302.376270255423,2.2804824829101555
-0.4324855808843726,0.2517467728645977,0.08825048063718766,-0.4343531996704202,1.1130541060148311,0.4217385333699534,-0.09392474594891542,0.7290854160944794,-0.11277121669870938,8511.376270255423,2.2844964981079094
-0.4324855808843726,0.2617467728645977,0.07825048063718765,-0.45435319967042,1.1130541060148311,0.4317385333699534,-0.09392474594891542,0.7290854160944794,-0.11277121669870938,8672.376270255423,2.2885214805603056
-0.4224855808843726,0.2617467728645977,0.06825048063718764,-0.4243531996704202,1.0830541060148313,0.4217385333699534,-0.09392474594891542,0.7390854160944794,-0.12277121669870938,8423.376270255423,2.292483758926391
-0.4224855808843726,0.23174677286459766,0.06825048063718764,-0.4243531996704202,1.053054106014831,0.4317385333699534,-0.10392474594891543,0.7590854160944794,-0.12277121669870938,8654.376270255423,2.2965046882629423
-0.4424855808843724,0.24174677286459767,0.05825048063718763,-0.38435319967042014,1.0230541060148313,0.40173853336995335,-0.09392474594891542,0.7590854160944794,-0.1327712166987094,8115.376270255423,2.2965046882629423
-0.4324855808843726,0.23174677286459766,0.05825048063718763,-0.38435319967042014,0.9830541060148313,0.40173853336995335,-0.09392474594891542,0.7590854160944794,-0.1327712166987094,8062.376270255423,2.301531744003295
-0.4324855808843726,0.22174677286459776,0.05825048063718763,-0.39435319967042015,0.9530541060148313,0.41173853336995336,-0.09392474594891542,0.7690854160944794,-0.1327712166987094,8111.376270255423,2.3055619716644244
-0.4424855808843724,0.21174677286459775,0.04825048063718762,-0.39435319967042015,0.9430541060148313,0.40173853336995335,-0.09392474594891542,0.7690854160944794,-0.1327712166987094,8000.376270255423,2.308611583709716
-0.4324855808843726,0.21174677286459775,0.03825048063718772,-0.38435319967042014,0.9030541060148313,0.39173853336995335,-0.09392474594891542,0.7690854160944794,-0.1327712166987094,8475.376270255423,2.308611583709716
-0.4324855808843726,0.21174677286459775,0.03825048063718772,-0.38435319967042014,0.9030541060148313,0.37173853336995333,-0.08392474594891541,0.7790854160944795,-0.16277121669870942,8648.376270255423,2.3131811141967766
-0.4524855808843724,0.22174677286459776,0.028250480637187714,-0.37435319967042013,0.8730541060148312,0.3517385333699534,-0.0739247459489154,0.7890854160944795,-0.17277121669870943,8219.376270255423,2.3176440715789823
-0.4424855808843724,0.21174677286459775,0.03825048063718772,-0.3643531996704201,0.8530541060148312,0.3517385333699534,-0.0739247459489154,0.7890854160944795,-0.18277121669870922,8070.376270255423,2.3209290027618366
-0.4524855808843724,0.19174677286459774,0.04825048063718762,-0.37435319967042013,0.8330541060148312,0.3617385333699533,-0.0739247459489154,0.7890854160944795,-0.17277121669870943,7925.376270255423,2.3216483116149895
-0.4524855808843724,0.17174677286459772,0.04825048063718762,-0.39435319967042015,0.8430541060148312,0.3617385333699533,-0.0739247459489154,0.7890854160944795,-0.17277121669870943,7628.376270255423,2.3256484985351555
-0.4624855808843724,0.1517467728645977,0.05825048063718763,-0.37435319967042013,0.7930541060148312,0.3617385333699533,-0.0739247459489154,0.7990854160944795,-0.17277121669870943,7873.376270255423,2.329601478576663
-0.4524855808843724,0.1617467728645977,0.03825048063718772,-0.3543531996704201,0.7930541060148312,0.3317385333699534,-0.08392474594891541,0.8090854160944795,-0.18277121669870922,8118.376270255423,2.333600711822509
-0.4624855808843724,0.1517467728645977,0.03825048063718772,-0.3343531996704201,0.7530541060148314,0.3017385333699534,-0.08392474594891541,0.8190854160944795,-0.19277121669870922,8275.376270255423,2.333600711822509
-0.48248558088437243,0.1417467728645977,0.03825048063718772,-0.3443531996704201,0.7430541060148314,0.3017385333699534,-0.08392474594891541,0.8190854160944795,-0.19277121669870922,8022.376270255423,2.33762879371643
-0.48248558088437243,0.13174677286459768,0.03825048063718772,-0.3543531996704201,0.6730541060148313,0.3317385333699534,-0.08392474594891541,0.8090854160944795,-0.18277121669870922,7471.376270255423,2.3412818431854276
-0.5024855808843725,0.12174677286459767,0.04825048063718762,-0.3543531996704201,0.6730541060148313,0.3317385333699534,-0.08392474594891541,0.8090854160944795,-0.18277121669870922,7732.376270255423,2.345934581756591
-0.49248558088437244,0.11174677286459767,0.03825048063718772,-0.3443531996704201,0.6430541060148313,0.3117385333699534,-0.0739247459489154,0.8090854160944795,-0.18277121669870922,7809.376270255423,2.3466856002807575
-0.48248558088437243,0.12174677286459767,0.028250480637187714,-0.3343531996704201,0.6430541060148313,0.25173853336995333,-0.0639247459489154,0.8090854160944795,-0.19277121669870922,7350.376270255423,2.3499226093292265
-0.5024855808843725,0.1417467728645977,0.028250480637187714,-0.3343531996704201,0.6230541060148312,0.25173853336995333,-0.0639247459489154,0.8090854160944795,-0.20277121669870923,7403.376270255423,2.3546862125396757
-0.5124855808843725,0.13174677286459768,0.028250480637187714,-0.3443531996704201,0.5830541060148312,0.28173853336995336,-0.05392474594891539,0.8090854160944795,-0.22277121669870925,7630.376270255423,2.3579554080963128
-0.5124855808843725,0.11174677286459767,0.028250480637187714,-0.3543531996704201,0.5630541060148312,0.27173853336995335,-0.0639247459489154,0.8190854160944795,-0.22277121669870925,7325.376270255423,2.3586861610412626
-0.5024855808843725,0.09174677286459776,0.028250480637187714,-0.3543531996704201,0.5530541060148312,0.26173853336995334,-0.0639247459489154,0.8190854160944795,-0.21277121669870924,7062.376270255423,2.3622724533081048
-0.5124855808843725,0.11174677286459767,0.028250480637187714,-0.3243531996704201,0.5230541060148312,0.25173853336995333,-0.0639247459489154,0.8090854160944795,-0.22277121669870925,7311.376270255423,2.3668195724487298
-0.5024855808843725,0.10174677286459766,0.028250480637187714,-0.3243531996704201,0.5130541060148314,0.23173853336995343,-0.0639247459489154,0.8190854160944795,-0.22277121669870925,7052.376270255423,2.3705403327941887
-0.5024855808843725,0.11174677286459767,0.018250480637187705,-0.3143531996704201,0.48305410601483134,0.2117385333699534,-0.0739247459489154,0.8190854160944795,-0.22277121669870925,6973.376270255423,2.374119710922237
-0.5024855808843725,0.11174677286459767,0.018250480637187705,-0.3243531996704201,0.4630541060148313,0.2117385333699534,-0.0639247459489154,0.8190854160944795,-0.22277121669870925,6752.376270255423,2.374119710922237
-0.49248558088437244,0.11174677286459767,0.008250480637187696,-0.3143531996704201,0.47305410601483133,0.18173853336995338,-0.0739247459489154,0.8090854160944795,-0.20277121669870923,6431.376270255423,2.3786458492279046
-0.48248558088437243,0.10174677286459766,-0.001749519362812313,-0.3243531996704201,0.4630541060148313,0.1917385333699534,-0.0639247459489154,0.7890854160944795,-0.20277121669870923,7024.376270255423,2.3826746463775628
-0.49248558088437244,0.08174677286459775,0.008250480637187696,-0.3243531996704201,0.4330541060148313,0.17173853336995337,-0.0739247459489154,0.7790854160944795,-0.20277121669870923,7069.376270255423,2.387075376510623
-0.49248558088437244,0.09174677286459776,0.008250480637187696,-0.3243531996704201,0.4430541060148313,0.13173853336995334,-0.0639247459489154,0.7790854160944795,-0.20277121669870923,7184.376270255423,2.387075376510623
-0.48248558088437243,0.08174677286459775,0.008250480637187696,-0.28435319967042005,0.4130541060148313,0.12173853336995333,-0.0639247459489154,0.7790854160944795,-0.20277121669870923,6811.376270255423,2.391074132919311
-0.4724855808843724,0.06174677286459773,-0.011749519362812322,-0.29435319967042006,0.36305410601483123,0.10173853336995342,-0.05392474594891539,0.7590854160944794,-0.19277121669870922,6346.376270255423,2.3955320835113554
-0.4724855808843724,0.05174677286459772,-0.011749519362812322,-0.28435319967042005,0.3430541060148312,0.12173853336995333,-0.05392474594891539,0.7490854160944794,-0.20277121669870923,6089.376270255423,2.3987962722778313
-0.5024855808843725,0.06174677286459773,-0.02174951936281233,-0.26435319967042004,0.3530541060148312,0.061738533369953386,-0.04392474594891538,0.7590854160944794,-0.21277121669870924,6086.376270255423,2.3995322704315143
-0.5224855808843725,0.05174677286459772,-0.03174951936281234,-0.3143531996704201,0.3030541060148313,0.09173853336995341,-0.05392474594891539,0.7590854160944794,-0.22277121669870925,5703.376270255423,2.403138828277587
-0.5024855808843725,0.05174677286459772,-0.02174951936281233,-0.3243531996704201,0.2830541060148313,0.11173853336995332,-0.05392474594891539,0.7790854160944795,-0.24277121669870927,5780.376270255423,2.407455158233642
-0.49248558088437244,0.031746772864597705,-0.03174951936281234,-0.3143531996704201,0.27305410601483127,0.10173853336995342,-0.04392474594891538,0.7790854160944795,-0.2727712166987093,6013.376270255423,2.4110719680786126
-0.49248558088437244,0.041746772864597714,-0.03174951936281234,-0.29435319967042006,0.24305410601483124,0.061738533369953386,-0.04392474594891538,0.7890854160944795,-0.2727712166987093,5956.376270255423,2.41183156967163
-0.49248558088437244,0.041746772864597714,-0.04174951936281235,-0.28435319967042005,0.26305410601483126,0.05173853336995338,-0.04392474594891538,0.7990854160944795,-0.2927712166987093,5993.376270255423,2.4150790691375725
-0.48248558088437243,0.031746772864597705,-0.03174951936281234,-0.28435319967042005,0.24305410601483124,0.0717385333699534,-0.04392474594891538,0.7990854160944795,-0.2927712166987093,5684.376270255423,2.419383001327514
-0.49248558088437244,0.041746772864597714,-0.04174951936281235,-0.27435319967042004,0.25305410601483125,0.03173853336995336,-0.04392474594891538,0.7990854160944795,-0.2927712166987093,5167.376270255423,2.423377466201785
-0.5124855808843725,0.041746772864597714,-0.05174951936281236,-0.29435319967042006,0.25305410601483125,0.011738533369953341,-0.05392474594891539,0.8090854160944795,-0.3027712166987093,5254.376270255423,2.424109411239627
-0.5024855808843725,0.031746772864597705,-0.06174951936281231,-0.28435319967042005,0.23305410601483123,-0.018261466630046574,-0.04392474594891538,0.7790854160944795,-0.3027712166987093,5351.376270255423,2.427756977081298
-0.48248558088437243,0.031746772864597705,-0.08174951936281233,-0.28435319967042005,0.25305410601483125,-0.03826146663004659,-0.04392474594891538,0.7790854160944795,-0.31277121669870933,4794.376270255423,2.432069015502929
-0.48248558088437243,0.021746772864597697,-0.08174951936281233,-0.27435319967042004,0.23305410601483123,-0.03826146663004659,-0.05392474594891539,0.7790854160944795,-0.3027712166987093,5223.376270255423,2.4360672950744657
-0.49248558088437244,0.041746772864597714,-0.08174951936281233,-0.29435319967042006,0.24305410601483124,-0.06826146663004662,-0.0639247459489154,0.7890854160944795,-0.31277121669870933,5590.376270255423,2.4392766475677448
-0.49248558088437244,0.041746772864597714,-0.08174951936281233,-0.29435319967042006,0.23305410601483123,-0.08826146663004664,-0.05392474594891539,0.7690854160944794,-0.31277121669870933,5005.376270255423,2.4402768135070794
-0.49248558088437244,0.041746772864597714,-0.09174951936281234,-0.27435319967042004,0.2130541060148312,-0.08826146663004664,-0.04392474594891538,0.7290854160944794,-0.2927712166987093,4664.376270255423,2.4434225082397454
-0.49248558088437244,0.05174677286459772,-0.09174951936281234,-0.27435319967042004,0.2130541060148312,-0.06826146663004662,-0.04392474594891538,0.7090854160944794,-0.2927712166987093,4695.376270255423,2.448461484909057
-0.5224855808843725,0.05174677286459772,-0.08174951936281233,-0.27435319967042004,0.22305410601483122,-0.0482614666300466,-0.02392474594891536,0.6790854160944794,-0.2927712166987093,4836.376270255423,2.4515454292297356
-0.5124855808843725,0.05174677286459772,-0.07174951936281232,-0.27435319967042004,0.22305410601483122,-0.05826146663004661,-0.02392474594891536,0.6790854160944794,-0.2827712166987093,4567.376270255423,2.452442598342895
-0.5124855808843725,0.05174677286459772,-0.09174951936281234,-0.25435319967042,0.1730541060148313,-0.08826146663004664,-0.0039247459489153425,0.6390854160944793,-0.2927712166987093,4284.376270255423,2.4564418315887444
-0.5024855808843725,0.041746772864597714,-0.08174951936281233,-0.26435319967042004,0.1930541060148313,-0.09826146663004665,-0.0039247459489153425,0.6390854160944793,-0.3027712166987093,4245.376270255423,2.46041030883789
-0.5224855808843725,0.05174677286459772,-0.07174951936281232,-0.25435319967042,0.1830541060148313,-0.06826146663004662,-0.0039247459489153425,0.6290854160944795,-0.2927712166987093,4408.376270255423,2.4643907070159905
-0.5224855808843725,0.041746772864597714,-0.08174951936281233,-0.26435319967042004,0.1830541060148313,-0.05826146663004661,0.006075254051084666,0.6390854160944793,-0.3027712166987093,4277.376270255423,2.4646441459655755
-0.5224855808843725,0.041746772864597714,-0.09174951936281234,-0.25435319967042,0.15305410601483127,-0.08826146663004664,0.006075254051084666,0.5990854160944795,-0.2927712166987093,3706.376270255423,2.468762826919555
-0.5224855808843725,0.031746772864597705,-0.10174951936281235,-0.27435319967042004,0.15305410601483127,-0.08826146663004664,-0.0039247459489153425,0.5890854160944795,-0.2927712166987093,3425.376270255423,2.4727632522583036
-0.5424855808843725,0.041746772864597714,-0.10174951936281235,-0.25435319967042,0.15305410601483127,-0.08826146663004664,-0.02392474594891536,0.5990854160944795,-0.2927712166987093,3962.376270255423,2.476761054992675
-0.5324855808843725,0.031746772864597705,-0.10174951936281235,-0.25435319967042,0.15305410601483127,-0.09826146663004665,-0.02392474594891536,0.6090854160944795,-0.31277121669870933,3757.376270255423,2.476761054992675
-0.5324855808843725,0.021746772864597697,-0.10174951936281235,-0.27435319967042004,0.13305410601483125,-0.07826146663004663,-0.0039247459489153425,0.5590854160944795,-0.3027712166987093,3516.376270255423,2.4807602882385247
-0.5424855808843725,0.011746772864597688,-0.09174951936281234,-0.27435319967042004,0.10305410601483123,-0.08826146663004664,0.016075254051084675,0.5190854160944794,-0.3027712166987093,3145.376270255423,2.4849318981170647
-0.5224855808843725,0.0017467728645976788,-0.10174951936281235,-0.27435319967042004,0.10305410601483123,-0.11826146663004661,0.0460752540510847,0.4690854160944794,-0.2827712166987093,3346.376270255423,2.4890582084655755
-0.5224855808843725,0.011746772864597688,-0.10174951936281235,-0.27435319967042004,0.09305410601483122,-0.08826146663004664,0.03607525405108469,0.4390854160944794,-0.2627712166987093,3553.376270255423,2.4901127338409452
-0.5224855808843725,0.011746772864597688,-0.10174951936281235,-0.26435319967042004,0.08305410601483121,-0.10826146663004665,0.0460752540510847,0.40908541609447935,-0.2527712166987093,3234.376270255423,2.493487071990966
-0.5124855808843725,0.011746772864597688,-0.10174951936281235,-0.25435319967042,0.07305410601483131,-0.09826146663004665,0.026075254051084684,0.41908541609447936,-0.2527712166987093,3087.376270255423,2.4974712848663287
-0.5124855808843725,0.0017467728645976788,-0.10174951936281235,-0.26435319967042004,0.07305410601483131,-0.09826146663004665,0.03607525405108469,0.40908541609447935,-0.24277121669870927,3042.376270255423,2.5016080856323235
-0.5224855808843725,-0.00825322713540233,-0.10174951936281235,-0.24435319967042002,0.0630541060148313,-0.09826146663004665,0.026075254051084684,0.41908541609447936,-0.23277121669870926,2951.376270255423,2.502477598190307
-0.48248558088437243,-0.01825322713540234,-0.10174951936281235,-0.23435319967042,0.043054106014831284,-0.10826146663004665,0.03607525405108469,0.40908541609447935,-0.2627712166987093,3264.376270255423,2.505595397949218
-0.48248558088437243,-0.01825322713540234,-0.11174951936281236,-0.22435319967042,0.05305410601483129,-0.13826146663004663,0.03607525405108469,0.36908541609447953,-0.24277121669870927,3269.376270255423,2.50995488166809
-0.5124855808843725,-0.01825322713540234,-0.12174951936281231,-0.22435319967042,0.05305410601483129,-0.11826146663004661,0.006075254051084666,0.38908541609447933,-0.24277121669870927,2582.376270255423,2.5134398460388176
-0.5124855808843725,-0.028253227135402237,-0.11174951936281236,-0.24435319967042002,0.033054106014831275,-0.12826146663004662,-0.013924745948915351,0.37908541609447954,-0.21277121669870924,2407.376270255423,2.5178949356079094
-0.5024855808843725,-0.038253227135402246,-0.11174951936281236,-0.24435319967042002,0.023054106014831266,-0.10826146663004665,-0.02392474594891536,0.3490854160944795,-0.20277121669870923,2632.376270255423,2.5184676170349114
-0.5024855808843725,-0.058253227135402263,-0.11174951936281236,-0.23435319967042,0.033054106014831275,-0.10826146663004665,-0.05392474594891539,0.3390854160944795,-0.18277121669870922,2463.376270255423,2.5220574855804436
-0.5124855808843725,-0.048253227135402255,-0.10174951936281235,-0.23435319967042,0.033054106014831275,-0.10826146663004665,-0.04392474594891538,0.3390854160944795,-0.19277121669870922,1982.3762702554232,2.5263013362884514
-0.5024855808843725,-0.06825322713540227,-0.12174951936281231,-0.22435319967042,0.013054106014831257,-0.13826146663004663,-0.0039247459489153425,0.26908541609447945,-0.18277121669870922,1979.3762702554232,2.5304016590118366
-0.5124855808843725,-0.048253227135402255,-0.12174951936281231,-0.24435319967042002,0.013054106014831257,-0.14826146663004663,-0.0039247459489153425,0.23908541609447942,-0.17277121669870943,2378.376270255423,2.5309283256530755
-0.5224855808843725,-0.048253227135402255,-0.12174951936281231,-0.24435319967042002,0.013054106014831257,-0.12826146663004662,-0.013924745948915351,0.24908541609447943,-0.18277121669870922,2345.376270255423,2.5349571228027337
-0.5224855808843725,-0.048253227135402255,-0.11174951936281236,-0.24435319967042002,0.023054106014831266,-0.12826146663004662,-0.013924745948915351,0.24908541609447943,-0.17277121669870943,2386.376270255423,2.538211774826049
-0.5024855808843725,-0.048253227135402255,-0.12174951936281231,-0.25435319967042,0.013054106014831257,-0.14826146663004663,-0.02392474594891536,0.25908541609447944,-0.17277121669870943,2185.376270255423,2.5422064781188958
-0.5024855808843725,-0.058253227135402263,-0.11174951936281236,-0.25435319967042,-0.006945893985168761,-0.13826146663004663,-0.02392474594891536,0.18908541609447937,-0.16277121669870942,2196.376270255423,2.5429570198059075
-0.49248558088437244,-0.058253227135402263,-0.11174951936281236,-0.24435319967042002,-0.01694589398516877,-0.12826146663004662,-0.03392474594891537,0.18908541609447937,-0.1527712166987094,1935.3762702554232,2.546503734588626
-0.5024855808843725,-0.048253227135402255,-0.12174951936281231,-0.24435319967042002,-0.02694589398516878,-0.12826146663004662,-0.05392474594891539,0.16908541609447936,-0.1327712166987094,1910.3762702554232,2.5504474163055413
-0.5024855808843725,-0.048253227135402255,-0.11174951936281236,-0.25435319967042,-0.02694589398516878,-0.11826146663004661,-0.05392474594891539,0.15908541609447935,-0.11277121669870938,1521.3762702554232,2.5548500537872307
-0.48248558088437243,-0.048253227135402255,-0.12174951936281231,-0.24435319967042002,-0.01694589398516877,-0.11826146663004661,-0.03392474594891537,0.12908541609447954,-0.12277121669870938,1404.3762702554232,2.5548500537872307
-0.48248558088437243,-0.048253227135402255,-0.11174951936281236,-0.24435319967042002,-0.01694589398516877,-0.10826146663004665,-0.02392474594891536,0.09908541609447952,-0.12277121669870938,1479.3762702554232,2.5589041233062737
-0.48248558088437243,-0.048253227135402255,-0.11174951936281236,-0.23435319967042,-0.02694589398516878,-0.10826146663004665,-0.02392474594891536,0.06908541609447949,-0.12277121669870938,1468.3762702554232,2.563001346588134
-0.49248558088437244,-0.048253227135402255,-0.11174951936281236,-0.22435319967042,-0.02694589398516878,-0.11826146663004661,-0.0039247459489153425,0.0790854160944795,-0.1427712166987094,1369.3762702554232,2.5672204017639153
-0.4724855808843724,-0.058253227135402263,-0.11174951936281236,-0.23435319967042,-0.03694589398516879,-0.12826146663004662,-0.0039247459489153425,0.05908541609447948,-0.1327712166987094,1190.3762702554232,2.5682265281677203
-0.48248558088437243,-0.058253227135402263,-0.11174951936281236,-0.22435319967042,-0.03694589398516879,-0.12826146663004662,-0.02392474594891536,0.0790854160944795,-0.12277121669870938,1321.3762702554232,2.570689392089843
-0.4724855808843724,-0.048253227135402255,-0.11174951936281236,-0.22435319967042,-0.046945893985168685,-0.12826146663004662,-0.013924745948915351,0.05908541609447948,-0.12277121669870938,1368.3762702554232,2.5749094009399407
-0.48248558088437243,-0.048253227135402255,-0.11174951936281236,-0.23435319967042,-0.03694589398516879,-0.11826146663004661,-0.02392474594891536,0.06908541609447949,-0.12277121669870938,1403.3762702554232,2.579733800888061
-0.4724855808843724,-0.048253227135402255,-0.11174951936281236,-0.22435319967042,-0.046945893985168685,-0.11826146663004661,-0.03392474594891537,0.05908541609447948,-0.11277121669870938,1328.3762702554232,2.579733800888061
-0.4724855808843724,-0.038253227135402246,-0.11174951936281236,-0.21435319967042,-0.046945893985168685,-0.11826146663004661,-0.04392474594891538,0.05908541609447948,-0.09277121669870936,1065.3762702554232,2.5837337493896477
-0.4624855808843724,-0.048253227135402255,-0.11174951936281236,-0.21435319967042,-0.046945893985168685,-0.11826146663004661,-0.04392474594891538,0.029085416094479455,-0.10277121669870937,1280.3762702554232,2.5873531818389885
-0.4724855808843724,-0.058253227135402263,-0.12174951936281231,-0.21435319967042,-0.046945893985168685,-0.11826146663004661,-0.03392474594891537,0.029085416094479455,-0.09277121669870936,1097.3762702554232,2.592425298690795
-0.4624855808843724,-0.058253227135402263,-0.12174951936281231,-0.20435319967041998,-0.046945893985168685,-0.12826146663004662,-0.04392474594891538,0.029085416094479455,-0.08277121669870935,998.3762702554232,2.592425298690795
-0.4724855808843724,-0.048253227135402255,-0.12174951936281231,-0.1943531996704202,-0.046945893985168685,-0.13826146663004663,-0.04392474594891538,0.019085416094479446,-0.06277121669870933,1321.3762702554232,2.5964247703552275
-0.4724855808843724,-0.038253227135402246,-0.12174951936281231,-0.20435319967041998,-0.046945893985168685,-0.12826146663004662,-0.0739247459489154,0.019085416094479446,-0.05277121669870932,1324.3762702554232,2.5997926712036126
