-0.08378987898789877,-0.08580308030803081,-0.6043371837183719,0.051743674367436765,0.04417216721672171,-0.05294554455445544,-0.24349284928492843,-0.24273927392739286,-0.1732178217821782,210394.100660066,0.0005862236022906586
-0.08378987898789877,-0.08580308030803081,-0.6043371837183719,0.051743674367436765,0.04417216721672171,-0.02294554455445541,-0.23349284928492842,-0.22273927392739284,-0.1632178217821782,209105.100660066,0.005002689361568002
-0.08378987898789877,-0.08580308030803081,-0.6043371837183719,0.061743674367436774,0.05417216721672172,-0.02294554455445541,-0.23349284928492842,-0.23273927392739285,-0.1532178217821782,207380.100660066,0.009057235717772727
-0.08378987898789877,-0.08580308030803081,-0.6043371837183719,0.041743674367436756,0.04417216721672171,0.007054455445544616,-0.19349284928492844,-0.20273927392739288,-0.1532178217821782,205163.100660066,0.010183048248290305
-0.08378987898789877,-0.08580308030803081,-0.6043371837183719,0.07174367436743675,0.06417216721672173,-0.02294554455445541,-0.20349284928492845,-0.19273927392739287,-0.1732178217821782,203686.100660066,0.013230276107787375
-0.08378987898789877,-0.08580308030803081,-0.6043371837183719,0.061743674367436774,0.05417216721672172,-0.0029455445544553926,-0.23349284928492842,-0.23273927392739285,-0.1732178217821782,202597.100660066,0.017209482192996006
-0.08378987898789877,-0.08580308030803081,-0.6043371837183719,0.051743674367436765,0.05417216721672172,0.017054455445544625,-0.25349284928492843,-0.25273927392739287,-0.1732178217821782,201792.100660066,0.021223974227904563
-0.08378987898789877,-0.08580308030803081,-0.6043371837183719,0.061743674367436774,0.07417216721672171,0.007054455445544616,-0.28349284928492846,-0.2627392739273928,-0.1632178217821782,201101.100660066,0.02222580909728933
-0.08378987898789877,-0.08580308030803081,-0.6043371837183719,0.08174367436743676,0.07417216721672171,-0.06294554455445539,-0.26349284928492844,-0.25273927392739287,-0.18321782178217821,200478.100660066,0.025226306915282493
-0.08378987898789877,-0.08580308030803081,-0.6043371837183719,0.09174367436743677,0.08417216721672172,-0.08294554455445541,-0.20349284928492845,-0.19273927392739287,-0.1932178217821782,199973.100660066,0.029563856124880772
-0.08378987898789877,-0.08580308030803081,-0.6043371837183719,0.08174367436743676,0.08417216721672172,-0.08294554455445541,-0.24349284928492843,-0.21273927392739284,-0.18321782178217821,198886.100660066,0.03373928070068288
-0.08378987898789877,-0.08580308030803081,-0.6043371837183719,0.08174367436743676,0.08417216721672172,-0.06294554455445539,-0.25349284928492843,-0.23273927392739285,-0.1932178217821782,198035.100660066,0.03717179298400808
-0.08378987898789877,-0.08580308030803081,-0.6043371837183719,0.09174367436743677,0.08417216721672172,-0.0729455445544554,-0.2234928492849284,-0.23273927392739285,-0.2032178217821782,197458.100660066,0.03717179298400808
-0.08378987898789877,-0.08580308030803081,-0.6043371837183719,0.11174367436743679,0.10417216721672173,-0.08294554455445541,-0.2234928492849284,-0.24273927392739286,-0.1932178217821782,196459.100660066,0.04208059310913015
-0.08378987898789877,-0.08580308030803081,-0.6043371837183719,0.11174367436743679,0.10417216721672173,-0.06294554455445539,-0.23349284928492842,-0.22273927392739284,-0.18321782178217821,195478.100660066,0.045302581787108664
-0.08378987898789877,-0.08580308030803081,-0.6043371837183719,0.13174367436743675,0.1341721672167217,-0.10294554455445543,-0.19349284928492844,-0.19273927392739287,-0.18321782178217821,194387.100660066,0.0493366241455071
-0.08378987898789877,-0.08580308030803081,-0.6043371837183719,0.12174367436743674,0.1241721672167217,-0.12294554455445539,-0.20349284928492845,-0.20273927392739288,-0.1932178217821782,193278.100660066,0.05034871101379679
-0.08378987898789877,-0.08580308030803081,-0.6043371837183719,0.11174367436743679,0.11417216721672174,-0.1329455445544554,-0.19349284928492844,-0.19273927392739287,-0.1932178217821782,191833.100660066,0.05436534881592081
-0.08378987898789877,-0.08580308030803081,-0.6043371837183719,0.12174367436743674,0.1241721672167217,-0.10294554455445543,-0.17349284928492842,-0.19273927392739287,-0.1732178217821782,190346.100660066,0.05838055610656667
-0.08378987898789877,-0.08580308030803081,-0.6043371837183719,0.14174367436743676,0.1341721672167217,-0.12294554455445539,-0.1634928492849284,-0.14273927392739288,-0.18321782178217821,189197.100660066,0.06188673973083425
-0.08378987898789877,-0.08580308030803081,-0.6043371837183719,0.14174367436743676,0.1441721672167217,-0.1329455445544554,-0.18349284928492843,-0.16273927392739285,-0.1632178217821782,188356.100660066,0.06293530464172292
-0.08378987898789877,-0.08580308030803081,-0.6043371837183719,0.13174367436743675,0.1341721672167217,-0.1429455445544554,-0.2234928492849284,-0.21273927392739284,-0.1732178217821782,187421.100660066,0.06693358421325613
-0.08378987898789877,-0.08580308030803081,-0.6043371837183719,0.16174367436743678,0.15417216721672172,-0.12294554455445539,-0.2234928492849284,-0.21273927392739284,-0.1932178217821782,186556.100660066,0.07028121948242472
-0.08378987898789877,-0.08580308030803081,-0.6043371837183719,0.15174367436743677,0.15417216721672172,-0.11294554455445543,-0.23349284928492842,-0.22273927392739284,-0.1632178217821782,185893.100660066,0.07476086616516042
-0.08378987898789877,-0.08580308030803081,-0.6043371837183719,0.15174367436743677,0.1441721672167217,-0.11294554455445543,-0.2234928492849284,-0.24273927392739286,-0.1632178217821782,185306.100660066,0.07476086616516042
-0.08378987898789877,-0.08580308030803081,-0.6043371837183719,0.13174367436743675,0.1441721672167217,-0.1329455445544554,-0.23349284928492842,-0.22273927392739284,-0.1632178217821782,184841.100660066,0.07880706787109304
-0.08378987898789877,-0.08580308030803081,-0.6043371837183719,0.15174367436743677,0.15417216721672172,-0.10294554455445543,-0.2234928492849284,-0.21273927392739284,-0.1532178217821782,184574.100660066,0.08233709335327077
-0.08378987898789877,-0.08580308030803081,-0.6043371837183719,0.1717436743674368,0.17417216721672174,-0.10294554455445543,-0.19349284928492844,-0.19273927392739287,-0.1532178217821782,183943.100660066,0.08646817207336355
-0.08378987898789877,-0.08580308030803081,-0.6043371837183719,0.18174367436743674,0.1841721672167217,-0.10294554455445543,-0.21349284928492845,-0.21273927392739284,-0.1532178217821782,183108.100660066,0.08737154006957937
-0.08378987898789877,-0.08580308030803081,-0.6043371837183719,0.1717436743674368,0.17417216721672174,-0.09294554455445542,-0.2234928492849284,-0.20273927392739288,-0.1432178217821782,182593.100660066,0.09060401916503835
-0.08378987898789877,-0.08580308030803081,-0.6043371837183719,0.1717436743674368,0.16417216721672173,-0.11294554455445543,-0.18349284928492843,-0.17273927392739286,-0.1632178217821782,182080.100660066,0.09561343193054483
-0.08378987898789877,-0.08580308030803081,-0.6043371837183719,0.16174367436743678,0.15417216721672172,-0.12294554455445539,-0.17349284928492842,-0.18273927392739286,-0.1732178217821782,181625.100660066,0.09961290359496999
-0.08378987898789877,-0.08580308030803081,-0.6043371837183719,0.16174367436743678,0.16417216721672173,-0.12294554455445539,-0.21349284928492845,-0.19273927392739287,-0.1732178217821782,181012.100660066,0.09961290359496999
-0.08378987898789877,-0.08580308030803081,-0.6043371837183719,0.1717436743674368,0.17417216721672174,-0.10294554455445543,-0.20349284928492845,-0.19273927392739287,-0.1732178217821782,180497.100660066,0.10404963493347097
-0.08378987898789877,-0.08580308030803081,-0.6043371837183719,0.18174367436743674,0.17417216721672174,-0.10294554455445543,-0.21349284928492845,-0.20273927392739288,-0.1632178217821782,179786.100660066,0.1071822166442864
-0.08378987898789877,-0.08580308030803081,-0.6043371837183719,0.18174367436743674,0.1841721672167217,-0.10294554455445543,-0.17349284928492842,-0.17273927392739286,-0.18321782178217821,179593.100660066,0.11135334968566823
-0.08378987898789877,-0.08580308030803081,-0.6043371837183719,0.18174367436743674,0.1841721672167217,-0.11294554455445543,-0.19349284928492844,-0.19273927392739287,-0.1632178217821782,178994.100660066,0.11495943069457937
-0.08378987898789877,-0.08580308030803081,-0.6043371837183719,0.18174367436743674,0.1941721672167217,-0.1329455445544554,-0.1634928492849284,-0.15273927392739284,-0.1732178217821782,178981.100660066,0.11602706909179972
-0.08378987898789877,-0.08580308030803081,-0.5943371837183719,0.19174367436743675,0.1841721672167217,-0.09294554455445542,-0.18349284928492843,-0.18273927392739286,-0.1632178217821782,179112.100660066,0.12001104354858327
-0.08378987898789877,-0.08580308030803081,-0.6043371837183719,0.20174367436743676,0.2041721672167217,-0.10294554455445543,-0.1634928492849284,-0.16273927392739285,-0.1632178217821782,178945.100660066,0.12355847358703897
-0.08378987898789877,-0.08580308030803081,-0.6043371837183719,0.20174367436743676,0.1941721672167217,-0.11294554455445543,-0.15349284928492846,-0.15273927392739284,-0.1732178217821782,178704.100660066,0.1276967048645048
-0.08378987898789877,-0.08580308030803081,-0.6043371837183719,0.19174367436743675,0.2041721672167217,-0.09294554455445542,-0.1634928492849284,-0.17273927392739286,-0.1632178217821782,178667.100660066,0.12864584922790456
-0.08378987898789877,-0.08580308030803081,-0.5943371837183719,0.19174367436743675,0.1941721672167217,-0.12294554455445539,-0.17349284928492842,-0.17273927392739286,-0.1732178217821782,178072.100660066,0.1322545528411858
-0.08378987898789877,-0.08580308030803081,-0.6043371837183719,0.19174367436743675,0.1941721672167217,-0.10294554455445543,-0.18349284928492843,-0.17273927392739286,-0.1632178217821782,177025.100660066,0.1370057582855182
-0.08378987898789877,-0.08580308030803081,-0.6043371837183719,0.20174367436743676,0.1941721672167217,-0.10294554455445543,-0.17349284928492842,-0.17273927392739286,-0.1632178217821782,175888.100660066,0.14002747535705495
-0.08378987898789877,-0.08580308030803081,-0.6043371837183719,0.20174367436743676,0.2041721672167217,-0.09294554455445542,-0.17349284928492842,-0.16273927392739285,-0.1632178217821782,175197.100660066,0.14103360176086355
-0.08378987898789877,-0.08580308030803081,-0.6043371837183719,0.19174367436743675,0.1941721672167217,-0.10294554455445543,-0.1634928492849284,-0.16273927392739285,-0.1632178217821782,174300.100660066,0.14445538520812917
-0.08378987898789877,-0.08580308030803081,-0.6043371837183719,0.19174367436743675,0.1841721672167217,-0.10294554455445543,-0.14349284928492845,-0.14273927392739288,-0.1632178217821782,173163.100660066,0.1484345912933307
-0.08378987898789877,-0.08580308030803081,-0.6043371837183719,0.21174367436743677,0.2041721672167217,-0.10294554455445543,-0.18349284928492843,-0.17273927392739286,-0.1632178217821782,172136.100660066,0.15243477821350027
-0.08378987898789877,-0.08580308030803081,-0.5943371837183719,0.21174367436743677,0.21417216721672172,-0.09294554455445542,-0.1634928492849284,-0.15273927392739284,-0.1632178217821782,171049.100660066,0.15243477821350027
-0.08378987898789877,-0.08580308030803081,-0.6043371837183719,0.23174367436743679,0.22417216721672173,-0.09294554455445542,-0.1634928492849284,-0.16273927392739285,-0.18321782178217821,170106.100660066,0.15646214485168386
-0.08378987898789877,-0.08580308030803081,-0.6043371837183719,0.22174367436743678,0.21417216721672172,-0.08294554455445541,-0.1634928492849284,-0.14273927392739288,-0.1732178217821782,169177.100660066,0.16058201789855886
-0.08378987898789877,-0.08580308030803081,-0.6043371837183719,0.21174367436743677,0.21417216721672172,-0.04294554455445543,-0.14349284928492845,-0.14273927392739288,-0.1632178217821782,167928.100660066,0.16428346633911062
-0.08378987898789877,-0.08580308030803081,-0.6043371837183719,0.21174367436743677,0.21417216721672172,-0.08294554455445541,-0.14349284928492845,-0.14273927392739288,-0.1632178217821782,166569.100660066,0.1653184413909905
-0.08378987898789877,-0.08580308030803081,-0.6043371837183719,0.21174367436743677,0.21417216721672172,-0.0729455445544554,-0.11349284928492842,-0.10273927392739285,-0.1532178217821782,165030.100660066,0.1685013294219999
-0.08378987898789877,-0.08580308030803081,-0.6043371837183719,0.22174367436743678,0.21417216721672172,-0.04294554455445543,-0.10349284928492841,-0.10273927392739285,-0.1632178217821782,164389.100660066,0.17292733192443777
-0.08378987898789877,-0.08580308030803081,-0.6043371837183719,0.20174367436743676,0.21417216721672172,-0.05294554455445544,-0.11349284928492842,-0.11273927392739286,-0.1632178217821782,163492.100660066,0.17791385650634695
-0.08378987898789877,-0.08580308030803081,-0.6043371837183719,0.21174367436743677,0.21417216721672172,-0.04294554455445543,-0.14349284928492845,-0.13273927392739288,-0.18321782178217821,162517.100660066,0.17791385650634695
-0.08378987898789877,-0.08580308030803081,-0.6043371837183719,0.22174367436743678,0.21417216721672172,-0.05294554455445544,-0.11349284928492842,-0.12273927392739287,-0.18321782178217821,161356.100660066,0.1809136390686028
-0.08378987898789877,-0.08580308030803081,-0.6043371837183719,0.22174367436743678,0.22417216721672173,-0.05294554455445544,-0.09349284928492846,-0.10273927392739285,-0.1632178217821782,160221.100660066,0.18591399192809988
-0.08378987898789877,-0.08580308030803081,-0.6043371837183719,0.23174367436743679,0.23417216721672174,-0.04294554455445543,-0.11349284928492842,-0.11273927392739286,-0.1732178217821782,159194.100660066,0.1889528751373284
-0.08378987898789877,-0.08580308030803081,-0.6043371837183719,0.23174367436743679,0.23417216721672174,-0.012945544554455402,-0.12349284928492843,-0.10273927392739285,-0.1632178217821782,158453.100660066,0.19359822273254323
-0.08378987898789877,-0.08580308030803081,-0.6043371837183719,0.23174367436743679,0.23417216721672174,-0.02294554455445541,-0.11349284928492842,-0.11273927392739286,-0.1632178217821782,157938.100660066,0.19359822273254323
-0.08378987898789877,-0.08580308030803081,-0.6043371837183719,0.22174367436743678,0.23417216721672174,-0.05294554455445544,-0.09349284928492846,-0.09273927392739284,-0.1632178217821782,156997.100660066,0.19774622917175577
-0.08378987898789877,-0.08580308030803081,-0.6043371837183719,0.22174367436743678,0.23417216721672174,-0.06294554455445539,-0.09349284928492846,-0.08273927392739289,-0.1632178217821782,156170.100660066,0.20180482864379812
-0.08378987898789877,-0.08580308030803081,-0.6043371837183719,0.23174367436743679,0.23417216721672174,-0.02294554455445541,-0.09349284928492846,-0.10273927392739285,-0.1632178217821782,155311.100660066,0.2050525665283196
-0.08378987898789877,-0.08580308030803081,-0.6043371837183719,0.23174367436743679,0.23417216721672174,-0.04294554455445543,-0.08349284928492845,-0.08273927392739289,-0.1632178217821782,154656.100660066,0.2058069229126005
-0.08378987898789877,-0.08580308030803081,-0.6043371837183719,0.24174367436743674,0.2441721672167217,-0.02294554455445541,-0.043492849284928414,-0.04273927392739285,-0.1432178217821782,154157.100660066,0.20980496406555105
-0.053789878987898776,-0.07580308030803082,-0.6043371837183719,0.23174367436743679,0.2441721672167217,-0.012945544554455402,-0.05349284928492842,-0.04273927392739285,-0.1732178217821782,153148.100660066,0.21380038261413503
-0.053789878987898776,-0.04580308030803081,-0.6043371837183719,0.23174367436743679,0.2441721672167217,-0.06294554455445539,-0.043492849284928414,-0.04273927392739285,-0.1732178217821782,152229.100660066,0.21747846603393484
-0.03378987898789877,-0.025803080308030815,-0.6043371837183719,0.23174367436743679,0.23417216721672174,-0.06294554455445539,-0.013492849284928443,-0.01273927392739288,-0.1732178217821782,151226.100660066,0.21747846603393484
0.09621012101210122,0.0841969196919692,-0.6043371837183719,0.22174367436743678,0.23417216721672174,-0.0029455445544553926,-0.013492849284928443,-0.03273927392739284,-0.1532178217821782,149933.100660066,0.22283263206481863
0.09621012101210122,0.09419691969196918,-0.5943371837183719,0.22174367436743678,0.22417216721672173,0.03705445544554464,-0.013492849284928443,-0.01273927392739288,-0.1732178217821782,149232.100660066,0.22623558044433523
0.12621012101210122,0.12419691969196918,-0.5943371837183719,0.21174367436743677,0.22417216721672173,-0.0029455445544553926,-0.013492849284928443,-0.01273927392739288,-0.1532178217821782,148733.100660066,0.23023862838745046
0.17621012101210123,0.1741969196919692,-0.5843371837183718,0.22174367436743678,0.22417216721672173,0.017054455445544625,-0.013492849284928443,-0.01273927392739288,-0.1432178217821782,148074.100660066,0.23023862838745046
0.32621012101210123,0.3241969196919692,-0.5343371837183719,0.21174367436743677,0.21417216721672172,0.027054455445544634,-0.013492849284928443,-0.01273927392739288,-0.1432178217821782,147229.100660066,0.23455162048339773
0.4062101210121012,0.3941969196919692,-0.5043371837183719,0.22174367436743678,0.22417216721672173,0.027054455445544634,-0.03349284928492846,-0.02273927392739289,-0.1432178217821782,146982.100660066,0.2389428138732903
0.48621012101210115,0.48419691969196915,-0.46433718371837185,0.21174367436743677,0.21417216721672172,0.027054455445544634,-0.013492849284928443,-0.01273927392739288,-0.1432178217821782,146387.100660066,0.24242634773254323
0.6262101210121012,0.6341969196919691,-0.3743371837183719,0.19174367436743675,0.21417216721672172,0.06705445544554456,-0.03349284928492846,-0.03273927392739284,-0.1532178217821782,145634.100660066,0.24242634773254323
0.7862101210121012,0.7641969196919691,-0.3143371837183719,0.23174367436743679,0.2441721672167217,0.09705445544554459,-0.043492849284928414,-0.04273927392739285,-0.1532178217821782,145461.100660066,0.24691934585571573
0.8762101210121012,0.8941969196919691,-0.24433718371837188,0.22174367436743678,0.2441721672167217,0.1070544554455446,-0.03349284928492846,-0.03273927392739284,-0.1532178217821782,144542.100660066,0.2510919094085686
1.0162101210121013,1.0241969196919694,-0.11433718371837187,0.21174367436743677,0.21417216721672172,0.08705445544554458,-0.013492849284928443,-0.0027392739273928712,-0.1632178217821782,143543.100660066,0.2550994873046868
1.1562101210121012,1.1641969196919693,0.05566281628162817,0.21174367436743677,0.22417216721672173,0.18705445544554455,-0.023492849284928452,-0.02273927392739289,-0.1432178217821782,143012.100660066,0.25610013008117605
1.2762101210121013,1.2841969196919694,0.19566281628162818,0.21174367436743677,0.23417216721672174,0.17705445544554455,-0.043492849284928414,-0.04273927392739285,-0.1532178217821782,142867.100660066,0.2596976280212395
1.3762101210121012,1.3841969196919692,0.3156628162816282,0.18174367436743674,0.1941721672167217,0.18705445544554455,-0.07349284928492844,-0.07273927392739288,-0.1632178217821782,142442.100660066,0.2627117156982379
1.5062101210121013,1.5041969196919693,0.4656628162816282,0.21174367436743677,0.22417216721672173,0.21705445544554458,-0.10349284928492841,-0.10273927392739285,-0.1632178217821782,141795.100660066,0.268058252334594
1.6162101210121012,1.6241969196919692,0.5756628162816281,0.18174367436743674,0.2041721672167217,0.18705445544554455,-0.08349284928492845,-0.09273927392739284,-0.1732178217821782,141402.100660066,0.268058252334594
1.796210121012101,1.7941969196919691,0.7656628162816282,0.16174367436743678,0.16417216721672173,0.15705445544554464,-0.11349284928492842,-0.13273927392739288,-0.1732178217821782,140959.100660066,0.2720243453979485
1.9062101210121012,1.9141969196919693,0.8756628162816281,0.16174367436743678,0.1841721672167217,0.18705445544554455,-0.15349284928492846,-0.14273927392739288,-0.1932178217821782,140146.100660066,0.2754845142364495
1.9962101210121013,1.9941969196919693,0.9456628162816282,0.1717436743674368,0.1841721672167217,0.15705445544554464,-0.15349284928492846,-0.15273927392739284,-0.1932178217821782,140005.100660066,0.27948446273803995
2.106210121012101,2.104196919691969,1.1056628162816282,0.16174367436743678,0.17417216721672174,0.15705445544554464,-0.14349284928492845,-0.15273927392739284,-0.1932178217821782,139510.100660066,0.28350372314453054
2.196210121012101,2.194196919691969,1.2056628162816283,0.16174367436743678,0.1841721672167217,0.1170544554455446,-0.1634928492849284,-0.17273927392739286,-0.1932178217821782,138893.100660066,0.28448028564453054
2.276210121012101,2.2841969196919694,1.285662816281628,0.15174367436743677,0.16417216721672173,0.1170544554455446,-0.17349284928492842,-0.18273927392739286,-0.2032178217821782,138580.100660066,0.28804631233215616
2.3462101210121014,2.354196919691969,1.425662816281628,0.14174367436743676,0.16417216721672173,0.07705445544554457,-0.18349284928492843,-0.18273927392739286,-0.2032178217821782,138265.100660066,0.2920004844665556
2.436210121012101,2.4541969196919693,1.5356628162816284,0.13174367436743675,0.15417216721672172,0.07705445544554457,-0.20349284928492845,-0.20273927392739288,-0.21321782178217819,138354.100660066,0.2957384109497063
2.526210121012101,2.524196919691969,1.6056628162816282,0.12174367436743674,0.15417216721672172,0.09705445544554459,-0.20349284928492845,-0.21273927392739284,-0.21321782178217819,137929.100660066,0.2957384109497063
2.566210121012101,2.564196919691969,1.7256628162816283,0.13174367436743675,0.16417216721672173,0.05705445544554455,-0.19349284928492844,-0.20273927392739288,-0.2232178217821782,137540.100660066,0.29973096847534464
2.626210121012101,2.624196919691969,1.7856628162816284,0.12174367436743674,0.15417216721672172,0.027054455445544634,-0.21349284928492845,-0.21273927392739284,-0.2232178217821782,137067.100660066,0.3033933162689202
2.666210121012101,2.674196919691969,1.8756628162816282,0.11174367436743679,0.1441721672167217,0.04705445544554454,-0.2234928492849284,-0.23273927392739285,-0.2232178217821782,136780.100660066,0.30796785354614187
2.736210121012101,2.734196919691969,1.9156628162816283,0.12174367436743674,0.1341721672167217,0.03705445544554464,-0.24349284928492843,-0.25273927392739287,-0.2332178217821782,136747.100660066,0.3090247631072991
2.8062101210121013,2.794196919691969,1.9956628162816283,0.11174367436743679,0.1341721672167217,-0.0029455445544553926,-0.24349284928492843,-0.25273927392739287,-0.2432178217821782,136740.100660066,0.312131595611568
2.8462101210121014,2.854196919691969,2.065662816281628,0.09174367436743677,0.10417216721672173,0.007054455445544616,-0.25349284928492843,-0.2627392739273928,-0.2432178217821782,136313.100660066,0.3171097755432122
2.9062101210121014,2.9041969196919695,2.155662816281628,0.08174367436743676,0.10417216721672173,-0.03294554455445542,-0.25349284928492843,-0.2627392739273928,-0.2432178217821782,136116.100660066,0.3205985546112089
2.946210121012101,2.944196919691969,2.1856628162816283,0.07174367436743675,0.09417216721672172,-0.05294554455445544,-0.26349284928492844,-0.28273927392739284,-0.2432178217821782,136153.100660066,0.3205985546112089
3.006210121012101,2.9941969196919693,2.2656628162816284,0.07174367436743675,0.09417216721672172,-0.05294554455445544,-0.27349284928492845,-0.28273927392739284,-0.2432178217821782,136058.100660066,0.3248958110809319
3.026210121012101,3.024196919691969,2.295662816281628,0.061743674367436774,0.07417216721672171,-0.05294554455445544,-0.27349284928492845,-0.28273927392739284,-0.2432178217821782,136373.100660066,0.3288199424743645
3.066210121012101,3.064196919691969,2.3656628162816284,0.061743674367436774,0.08417216721672172,-0.0729455445544554,-0.29349284928492847,-0.29273927392739285,-0.2432178217821782,136512.100660066,0.3328675746917682
3.0762101210121013,3.084196919691969,2.4356628162816283,0.061743674367436774,0.08417216721672172,-0.09294554455445542,-0.28349284928492846,-0.28273927392739284,-0.2432178217821782,136437.100660066,0.3328675746917682
3.126210121012101,3.124196919691969,2.4756628162816283,0.051743674367436765,0.06417216721672173,-0.10294554455445543,-0.28349284928492846,-0.29273927392739285,-0.2432178217821782,136304.100660066,0.3368594169616692
3.146210121012101,3.1441969196919692,2.505662816281628,0.041743674367436756,0.06417216721672173,-0.11294554455445543,-0.29349284928492847,-0.29273927392739285,-0.2532178217821782,136133.100660066,0.339867067337039
3.176210121012101,3.174196919691969,2.585662816281628,0.041743674367436756,0.06417216721672173,-0.15294554455445541,-0.29349284928492847,-0.30273927392739286,-0.2532178217821782,136164.100660066,0.34483070373535085
3.186210121012101,3.174196919691969,2.6156628162816284,0.041743674367436756,0.05417216721672172,-0.1329455445544554,-0.29349284928492847,-0.30273927392739286,-0.2532178217821782,135771.100660066,0.3488485336303704
3.216210121012101,3.2041969196919693,2.6356628162816285,0.041743674367436756,0.05417216721672172,-0.15294554455445541,-0.29349284928492847,-0.30273927392739286,-0.2532178217821782,135738.100660066,0.3498825550079303
3.2262101210121013,3.2241969196919693,2.655662816281628,0.041743674367436756,0.05417216721672172,-0.15294554455445541,-0.29349284928492847,-0.30273927392739286,-0.2532178217821782,135631.100660066,0.3529047489166217
3.236210121012101,3.234196919691969,2.695662816281628,0.041743674367436756,0.05417216721672172,-0.16294554455445542,-0.3034928492849284,-0.30273927392739286,-0.2532178217821782,135594.100660066,0.35697717666625906
3.2462101210121013,3.2441969196919693,2.715662816281628,0.031743674367436775,0.05417216721672172,-0.16294554455445542,-0.28349284928492846,-0.29273927392739285,-0.2532178217821782,135623.100660066,0.3612992286682122
3.256210121012101,3.254196919691969,2.7256628162816283,0.041743674367436756,0.06417216721672173,-0.16294554455445542,-0.29349284928492847,-0.30273927392739286,-0.2532178217821782,135180.100660066,0.36234540939330984
3.2662101210121013,3.2641969196919693,2.7456628162816283,0.041743674367436756,0.06417216721672173,-0.16294554455445542,-0.29349284928492847,-0.30273927392739286,-0.2532178217821782,134809.100660066,0.3652808189392083
3.2662101210121013,3.274196919691969,2.7656628162816284,0.041743674367436756,0.06417216721672173,-0.15294554455445541,-0.29349284928492847,-0.30273927392739286,-0.2532178217821782,134862.100660066,0.3692669391632073
3.276210121012101,3.2641969196919693,2.795662816281628,0.041743674367436756,0.05417216721672172,-0.17294554455445543,-0.29349284928492847,-0.29273927392739285,-0.2532178217821782,134493.100660066,0.37261457443237234
3.276210121012101,3.2841969196919694,2.8056628162816284,0.041743674367436756,0.05417216721672172,-0.17294554455445543,-0.3034928492849284,-0.31273927392739287,-0.2532178217821782,134124.100660066,0.3736309528350823
3.2862101210121013,3.2841969196919694,2.835662816281628,0.041743674367436756,0.05417216721672172,-0.17294554455445543,-0.29349284928492847,-0.30273927392739286,-0.2532178217821782,134059.100660066,0.3776413917541497
3.276210121012101,3.2841969196919694,2.835662816281628,0.041743674367436756,0.06417216721672173,-0.18294554455445539,-0.29349284928492847,-0.30273927392739286,-0.2532178217821782,133638.100660066,0.3816408634185784
3.276210121012101,3.274196919691969,2.8456628162816284,0.051743674367436765,0.07417216721672171,-0.17294554455445543,-0.29349284928492847,-0.31273927392739287,-0.2532178217821782,133347.100660066,0.3856427192687981
3.146210121012101,3.1441969196919692,2.7456628162816283,0.18174367436743674,0.1941721672167217,-0.0729455445544554,-0.3034928492849284,-0.31273927392739287,-0.2532178217821782,132884.100660066,0.3856427192687981
3.126210121012101,3.124196919691969,2.7256628162816283,0.21174367436743677,0.23417216721672174,-0.04294554455445543,-0.3034928492849284,-0.31273927392739287,-0.2532178217821782,132605.100660066,0.38965578079223917
3.1162101210121014,3.1141969196919694,2.735662816281628,0.20174367436743676,0.22417216721672173,-0.03294554455445542,-0.29349284928492847,-0.31273927392739287,-0.2532178217821782,132288.100660066,0.39352412223815847
2.966210121012101,2.964196919691969,2.605662816281628,0.3317436743674368,0.3241721672167217,-0.012945544554455402,-0.29349284928492847,-0.31273927392739287,-0.2532178217821782,131717.100660066,0.3977131366729729
3.2262101210121013,3.2241969196919693,2.8456628162816284,0.09174367436743677,0.1441721672167217,-0.16294554455445542,-0.3034928492849284,-0.31273927392739287,-0.2532178217821782,131020.100660066,0.3987235546112089
3.2462101210121013,3.1541969196919695,2.775662816281628,0.15174367436743677,0.1841721672167217,-0.16294554455445542,-0.29349284928492847,-0.30273927392739286,-0.2532178217821782,130351.100660066,0.4017114162445061
3.236210121012101,3.1441969196919692,2.7856628162816284,0.16174367436743678,0.1941721672167217,-0.06294554455445539,-0.29349284928492847,-0.31273927392739287,-0.2532178217821782,129790.100660066,0.4059357166290276
3.2262101210121013,3.234196919691969,2.8756628162816282,0.07174367436743675,0.21417216721672172,-0.04294554455445543,-0.29349284928492847,-0.30273927392739286,-0.2532178217821782,129005.100660066,0.410935831069942
3.216210121012101,3.214196919691969,2.8756628162816282,0.08174367436743676,0.11417216721672174,-0.1329455445544554,-0.29349284928492847,-0.29273927392739285,-0.2532178217821782,128440.100660066,0.410935831069942
3.196210121012101,3.024196919691969,2.7056628162816283,0.27174367436743674,0.29417216721672174,0.027054455445544634,-0.29349284928492847,-0.30273927392739286,-0.2532178217821782,128051.100660066,0.4149362564086907
3.186210121012101,2.9941969196919693,2.655662816281628,0.30174367436743676,0.3441721672167217,0.16705445544554454,-0.29349284928492847,-0.31273927392739287,-0.2532178217821782,127540.100660066,0.4189359664916985
2.836210121012101,2.8041969196919694,2.485662816281628,0.4517436743674368,0.48417216721672174,0.27705445544554463,-0.29349284928492847,-0.30273927392739286,-0.2532178217821782,126609.100660066,0.42252655029296804
2.8262101210121013,2.674196919691969,2.355662816281628,0.5917436743674368,0.6141721672167217,0.3470544554455446,-0.29349284928492847,-0.30273927392739286,-0.2532178217821782,126012.100660066,0.42658586502075124
2.6562101210121014,2.6541969196919695,2.3756628162816282,0.5717436743674368,0.6041721672167217,0.27705445544554463,-0.29349284928492847,-0.30273927392739286,-0.2532178217821782,125889.100660066,0.42658586502075124
2.6162101210121014,2.624196919691969,2.335662816281628,0.6117436743674368,0.6141721672167217,0.3570544554455446,-0.29349284928492847,-0.30273927392739286,-0.26321782178217823,125532.100660066,0.4303137779235833
3.0762101210121013,2.7041969196919693,2.8056628162816284,0.20174367436743676,0.22417216721672173,-0.05294554455445544,-0.28349284928492846,-0.29273927392739285,-0.2532178217821782,124485.100660066,0.4355797290801995
3.0362101210121013,3.044196919691969,2.7656628162816284,0.22174367436743678,0.7141721672167217,0.44705445544554456,-0.27349284928492845,-0.28273927392739284,-0.2532178217821782,123788.100660066,0.4388818264007597
2.446210121012101,2.4541969196919693,2.1256628162816282,0.8017436743674368,0.8141721672167217,0.5370544554455446,-0.27349284928492845,-0.28273927392739284,-0.2532178217821782,123035.100660066,0.43960566520690847
2.3262101210121013,2.334196919691969,2.065662816281628,0.8217436743674368,0.8441721672167217,0.5670544554455447,-0.27349284928492845,-0.28273927392739284,-0.2532178217821782,122208.100660066,0.4436058521270745
2.296210121012101,2.2841969196919694,2.045662816281628,0.8517436743674368,0.8641721672167217,0.5870544554455447,-0.26349284928492844,-0.27273927392739283,-0.2532178217821782,120891.100660066,0.44761748313904093
2.216210121012101,2.2441969196919693,1.9956628162816283,0.8917436743674368,0.9041721672167218,0.6370544554455445,-0.24349284928492843,-0.2627392739273928,-0.2532178217821782,119918.100660066,0.4516059875488274
2.176210121012101,2.194196919691969,1.945662816281628,0.9417436743674369,0.9741721672167216,0.6870544554455446,-0.24349284928492843,-0.2627392739273928,-0.2532178217821782,118835.100660066,0.4516059875488274
2.0962101210121014,2.1141969196919694,1.8656628162816284,1.0217436743674366,1.0341721672167217,0.7370544554455446,-0.24349284928492843,-0.2627392739273928,-0.2532178217821782,117168.100660066,0.455239009857177
2.046210121012101,2.0541969196919694,1.8556628162816282,1.0617436743674367,1.0741721672167217,0.7270544554455446,-0.2234928492849284,-0.24273927392739286,-0.2432178217821782,116073.100660066,0.4593839168548577
2.106210121012101,2.1141969196919694,1.925662816281628,1.0617436743674367,1.0741721672167217,0.7670544554455446,-0.23349284928492842,-0.25273927392739287,-0.2432178217821782,115180.100660066,0.46357460021972585
1.946210121012101,1.964196919691969,1.8356628162816282,1.1417436743674367,1.1641721672167218,0.7670544554455446,-0.21349284928492845,-0.24273927392739286,-0.2432178217821782,114079.100660066,0.4641475200653069
1.946210121012101,1.964196919691969,1.7756628162816281,1.2317436743674366,1.2541721672167216,0.8170544554455447,-0.21349284928492845,-0.23273927392739285,-0.2432178217821782,113168.100660066,0.46770496368407777
1.8562101210121011,1.8641969196919692,1.715662816281628,1.2817436743674366,1.3041721672167217,0.8470544554455447,-0.21349284928492845,-0.23273927392739285,-0.2432178217821782,112173.100660066,0.4713148593902581
1.8362101210121011,1.8541969196919692,1.7556628162816281,1.3317436743674367,1.3441721672167217,0.8170544554455447,-0.20349284928492845,-0.23273927392739285,-0.2432178217821782,111018.100660066,0.47631616592407156
1.796210121012101,1.8241969196919692,1.735662816281628,1.3717436743674367,1.3941721672167218,0.8570544554455445,-0.21349284928492845,-0.23273927392739285,-0.2432178217821782,109727.100660066,0.47631616592407156
1.7562101210121013,1.7841969196919694,1.6856628162816283,1.4417436743674368,1.4641721672167216,0.8970544554455445,-0.21349284928492845,-0.24273927392739286,-0.2432178217821782,108838.100660066,0.4795846462249749
1.7062101210121012,1.7341969196919693,1.6356628162816285,1.5017436743674366,1.5141721672167217,0.9370544554455446,-0.21349284928492845,-0.23273927392739285,-0.2432178217821782,107979.100660066,0.4843158245086663
1.6562101210121012,1.6841969196919693,1.6356628162816285,1.5517436743674367,1.5741721672167217,0.9670544554455446,-0.20349284928492845,-0.24273927392739286,-0.2432178217821782,107102.100660066,0.48881406784057546
1.6262101210121012,1.6541969196919692,1.6056628162816282,1.6117436743674367,1.6241721672167218,1.0070544554455445,-0.20349284928492845,-0.23273927392739285,-0.2432178217821782,106339.100660066,0.4921130657196038
1.5762101210121011,1.6041969196919692,1.5556628162816284,1.6717436743674368,1.6941721672167218,1.0270544554455445,-0.20349284928492845,-0.24273927392739286,-0.2432178217821782,105618.100660066,0.493159246444705
1.5362101210121013,1.5741969196919692,1.5456628162816282,1.7217436743674366,1.7341721672167216,1.0470544554455445,-0.21349284928492845,-0.24273927392739286,-0.2432178217821782,104761.100660066,0.49607510566711355
1.4962101210121013,1.5341969196919694,1.4756628162816283,1.7417436743674366,1.7641721672167217,1.1070544554455446,-0.20349284928492845,-0.25273927392739287,-0.2432178217821782,103750.100660066,0.5011145591735833
1.4762101210121013,1.5141969196919693,1.4556628162816283,1.7917436743674366,1.8041721672167217,1.1270544554455446,-0.21349284928492845,-0.2627392739273928,-0.2432178217821782,102857.100660066,0.504118633270263
1.4362101210121012,1.4741969196919693,1.4156628162816283,1.8317436743674367,1.8441721672167215,1.1670544554455446,-0.2234928492849284,-0.25273927392739287,-0.2432178217821782,102238.100660066,0.5051142692565911
1.4062101210121012,1.4341969196919693,1.3756628162816282,1.7917436743674366,1.8041721672167217,1.2170544554455445,-0.23349284928492842,-0.25273927392739287,-0.2432178217821782,101697.100660066,0.5090894222259514
1.3962101210121012,1.4241969196919693,1.3156628162816282,1.8417436743674365,1.8541721672167217,1.2370544554455445,-0.2234928492849284,-0.2627392739273928,-0.2332178217821782,100750.100660066,0.5131151199340778
1.3762101210121012,1.3941969196919692,1.2956628162816282,1.8917436743674367,1.9041721672167216,1.2570544554455445,-0.2234928492849284,-0.25273927392739287,-0.2332178217821782,100007.100660066,0.5164281845092802
1.3562101210121011,1.3741969196919692,1.2656628162816284,1.9217436743674365,1.9341721672167218,1.2870544554455448,-0.23349284928492842,-0.2627392739273928,-0.2332178217821782,99684.100660066,0.5164281845092802
1.2562101210121013,1.2841969196919694,1.285662816281628,2.101743674367437,2.1041721672167215,1.3370544554455446,-0.23349284928492842,-0.2627392739273928,-0.2332178217821782,99701.100660066,0.5205482959747307
1.1862101210121012,1.2341969196919693,1.2756628162816281,2.181743674367437,2.1841721672167216,1.3770544554455446,-0.24349284928492843,-0.27273927392739283,-0.2332178217821782,99138.100660066,0.52484483718872
1.1962101210121012,1.2441969196919693,1.2256628162816283,2.161743674367437,2.1541721672167213,1.4170544554455446,-0.26349284928492844,-0.28273927392739284,-0.2332178217821782,98571.100660066,0.5290593624114983
1.1362101210121012,1.1641969196919693,1.155662816281628,2.191743674367437,2.1941721672167214,1.4770544554455447,-0.26349284928492844,-0.28273927392739284,-0.2332178217821782,98382.100660066,0.5301148414611809
1.0862101210121011,1.1241969196919692,1.1456628162816282,2.311743674367437,2.3041721672167217,1.5270544554455445,-0.25349284928492843,-0.28273927392739284,-0.2332178217821782,98207.100660066,0.5341076374053983
1.0762101210121011,1.1141969196919692,1.1056628162816282,2.331743674367437,2.334172167216722,1.5470544554455445,-0.25349284928492843,-0.28273927392739284,-0.2332178217821782,97940.100660066,0.5381104469299309
1.0162101210121013,1.0641969196919692,1.0656628162816282,2.431743674367437,2.414172167216722,1.5970544554455448,-0.26349284928492844,-0.29273927392739285,-0.2332178217821782,97463.100660066,0.5421082496643059
0.9962101210121013,1.0641969196919692,1.055662816281628,2.4017436743674367,2.424172167216722,1.6070544554455446,-0.26349284928492844,-0.29273927392739285,-0.2332178217821782,97774.100660066,0.5421082496643059
0.9562101210121012,0.9941969196919692,1.0456628162816282,2.471743674367437,2.4841721672167214,1.6370544554455448,-0.26349284928492844,-0.29273927392739285,-0.2332178217821782,97663.100660066,0.5451020717620843
0.9462101210121012,0.9841969196919692,1.0156628162816284,2.501743674367437,2.504172167216722,1.6670544554455446,-0.29349284928492847,-0.31273927392739287,-0.2332178217821782,97404.100660066,0.5493430614471428
0.8962101210121012,0.9341969196919692,0.9856628162816282,2.541743674367437,2.5541721672167217,1.697054455445545,-0.29349284928492847,-0.3227392739273929,-0.2332178217821782,97653.100660066,0.5533427715301507
0.9062101210121012,0.9341969196919692,0.9656628162816282,2.821743674367437,2.824172167216722,1.8270544554455448,-0.3034928492849284,-0.3227392739273929,-0.2332178217821782,97458.100660066,0.5573315143585198
0.8162101210121012,0.8741969196919691,0.9256628162816282,2.641743674367437,2.6341721672167218,1.7670544554455447,-0.3034928492849284,-0.3227392739273929,-0.2332178217821782,97185.100660066,0.5573315143585198
0.8162101210121012,0.8541969196919691,0.9156628162816282,2.621743674367437,2.624172167216722,1.7970544554455445,-0.3034928492849284,-0.3227392739273929,-0.2332178217821782,96922.100660066,0.5614256381988518
0.8362101210121012,0.9041969196919691,0.8656628162816281,2.5917436743674367,2.584172167216722,1.7870544554455448,-0.31349284928492843,-0.3327392739273929,-0.2332178217821782,96423.100660066,0.5658270835876458
0.8362101210121012,0.9041969196919691,0.8456628162816281,2.601743674367437,2.6041721672167215,1.8570544554455446,-0.32349284928492844,-0.3327392739273929,-0.2332178217821782,96044.100660066,0.5698384761810296
0.8762101210121012,0.9041969196919691,0.8156628162816281,2.6117436743674367,2.6041721672167215,1.8370544554455446,-0.32349284928492844,-0.3427392739273929,-0.2332178217821782,95995.100660066,0.5707962036132805
0.8362101210121012,0.8741969196919691,0.795662816281628,2.6717436743674368,2.6541721672167213,1.8970544554455446,-0.3334928492849284,-0.35273927392739285,-0.2332178217821782,96080.100660066,0.5748469352722161
0.8262101210121012,0.9341969196919692,0.795662816281628,2.571743674367437,2.574172167216722,1.8570544554455446,-0.3434928492849284,-0.35273927392739285,-0.2232178217821782,96323.100660066,0.5788475990295403
0.8962101210121012,0.9241969196919692,0.785662816281628,2.571743674367437,2.5641721672167215,1.8670544554455448,-0.3434928492849284,-0.35273927392739285,-0.2332178217821782,95446.100660066,0.582398605346679
0.8662101210121012,0.9241969196919692,0.785662816281628,2.551743674367437,2.5641721672167215,1.8670544554455448,-0.3634928492849284,-0.37273927392739287,-0.2332178217821782,94719.100660066,0.582398605346679
0.8162101210121012,0.8141969196919692,0.6956628162816282,2.721743674367437,2.7241721672167216,1.9770544554455447,-0.37349284928492843,-0.37273927392739287,-0.2332178217821782,94266.100660066,0.5862929344177239
0.7862101210121012,0.8941969196919691,0.7456628162816282,2.6117436743674367,2.624172167216722,1.9170544554455446,-0.3634928492849284,-0.37273927392739287,-0.2332178217821782,93825.100660066,0.591212463378902
0.7662101210121012,0.8141969196919692,0.7356628162816282,2.601743674367437,2.6041721672167215,1.9070544554455449,-0.38349284928492844,-0.39273927392739283,-0.2332178217821782,93398.100660066,0.5948905467987018
0.8562101210121011,0.8741969196919691,0.7256628162816282,2.641743674367437,2.6041721672167215,1.9070544554455449,-0.38349284928492844,-0.39273927392739283,-0.2332178217821782,92965.100660066,0.5948905467987018
0.8562101210121011,0.9141969196919691,0.7256628162816282,2.6117436743674367,2.624172167216722,1.9270544554455449,-0.38349284928492844,-0.39273927392739283,-0.2332178217821782,92424.100660066,0.5988909721374505
0.8762101210121012,0.9041969196919691,0.7356628162816282,2.6117436743674367,2.6441721672167215,1.9370544554455447,-0.40349284928492846,-0.39273927392739283,-0.2332178217821782,92093.100660066,0.6038639068603509
0.8062101210121012,0.8141969196919692,0.6856628162816282,2.721743674367437,2.7241721672167216,2.0170544554455447,-0.38349284928492844,-0.3827392739273929,-0.2332178217821782,91624.100660066,0.6069943428039544
0.7362101210121011,0.7441969196919691,0.6456628162816281,2.791743674367437,2.794172167216722,2.0270544554455445,-0.39349284928492845,-0.3827392739273929,-0.2332178217821782,91019.100660066,0.6078431129455595
0.7462101210121012,0.7541969196919691,0.6356628162816281,2.791743674367437,2.794172167216722,2.0270544554455445,-0.38349284928492844,-0.3827392739273929,-0.2332178217821782,90190.100660066,0.6111182689666741
0.8362101210121012,0.8541969196919691,0.6756628162816282,2.661743674367437,2.664172167216722,1.9370544554455447,-0.39349284928492845,-0.39273927392739283,-0.2332178217821782,89693.100660066,0.6153308868408196
0.8262101210121012,0.8441969196919692,0.6556628162816281,2.6717436743674368,2.6841721672167216,1.9570544554455447,-0.40349284928492846,-0.39273927392739283,-0.2332178217821782,89064.100660066,0.6193527698516839
0.8062101210121012,0.8241969196919692,0.6356628162816281,2.701743674367437,2.6941721672167214,1.967054455445545,-0.38349284928492844,-0.39273927392739283,-0.2332178217821782,88565.100660066,0.6203162193298368
0.7862101210121012,0.8141969196919692,0.6556628162816281,2.681743674367437,2.6841721672167216,1.947054455445545,-0.37349284928492843,-0.36273927392739286,-0.2232178217821782,88036.100660066,0.6233155250549309
0.7862101210121012,0.8041969196919692,0.6456628162816281,2.6717436743674368,2.6841721672167216,1.9170544554455446,-0.38349284928492844,-0.37273927392739287,-0.2232178217821782,87315.100660066,0.6273533821105985
0.7962101210121012,0.8141969196919692,0.6656628162816282,2.661743674367437,2.674172167216722,1.8970544554455446,-0.37349284928492843,-0.3827392739273929,-0.2232178217821782,86642.100660066,0.6316833019256585
0.7962101210121012,0.8141969196919692,0.6556628162816281,2.6717436743674368,2.664172167216722,1.8870544554455448,-0.37349284928492843,-0.36273927392739286,-0.2232178217821782,86025.100660066,0.6350502490997307
0.7862101210121012,0.8041969196919692,0.6456628162816281,2.691743674367437,2.704172167216722,1.8870544554455448,-0.3634928492849284,-0.37273927392739287,-0.2232178217821782,85596.100660066,0.6357297420501702
0.7862101210121012,0.8141969196919692,0.6556628162816281,2.681743674367437,2.6841721672167216,1.8770544554455446,-0.37349284928492843,-0.37273927392739287,-0.2232178217821782,85303.100660066,0.6393036365509026
0.6762101210121012,0.6641969196919691,0.6356628162816281,2.821743674367437,2.834172167216722,1.9270544554455449,-0.3534928492849284,-0.37273927392739287,-0.2232178217821782,84606.100660066,0.6444618225097685
0.6662101210121012,0.7041969196919692,0.6256628162816281,2.811743674367437,2.8141721672167215,1.9170544554455446,-0.37349284928492843,-0.37273927392739287,-0.2232178217821782,84317.100660066,0.6472296237945585
0.6662101210121012,0.6841969196919692,0.6556628162816281,2.741743674367437,2.7241721672167216,1.8370544554455446,-0.3434928492849284,-0.35273927392739285,-0.21321782178217819,84126.100660066,0.6482982158660882
0.6562101210121012,0.6741969196919692,0.6356628162816281,2.791743674367437,2.794172167216722,1.8670544554455448,-0.3334928492849284,-0.3427392739273929,-0.21321782178217819,83549.100660066,0.65228719711304
0.7462101210121012,0.7641969196919691,0.6456628162816281,2.681743674367437,2.714172167216722,1.8070544554455448,-0.3334928492849284,-0.3427392739273929,-0.21321782178217819,83050.100660066,0.6564332962036126
0.7462101210121012,0.7541969196919691,0.6456628162816281,2.681743674367437,2.704172167216722,1.7970544554455445,-0.3034928492849284,-0.3327392739273929,-0.21321782178217819,82683.100660066,0.6604341983795194
0.7462101210121012,0.7641969196919691,0.6456628162816281,2.661743674367437,2.6841721672167216,1.7870544554455448,-0.29349284928492847,-0.31273927392739287,-0.2032178217821782,82164.100660066,0.6604341983795194
0.7462101210121012,0.7741969196919691,0.6556628162816281,2.6317436743674367,2.674172167216722,1.7570544554455445,-0.27349284928492845,-0.29273927392739285,-0.2032178217821782,81721.100660066,0.6644117355346673
0.7362101210121011,0.7641969196919691,0.6256628162816281,2.621743674367437,2.6441721672167215,1.7370544554455445,-0.26349284928492844,-0.28273927392739284,-0.1932178217821782,80972.100660066,0.66839952468872
0.7162101210121012,0.7441969196919691,0.6356628162816281,2.6317436743674367,2.704172167216722,1.717054455445545,-0.19349284928492844,-0.3227392739273929,-0.1932178217821782,80309.100660066,0.6719898700714104
0.5962101210121012,0.6141969196919691,0.6156628162816281,3.061743674367437,3.0941721672167217,1.9270544554455449,-0.23349284928492842,-0.28273927392739284,-0.1932178217821782,79950.100660066,0.6730739593505817
0.34621012101210125,0.3841969196919692,0.5656628162816281,3.041743674367437,3.084172167216722,1.9370544554455447,-0.2234928492849284,-0.2627392739273928,-0.1932178217821782,79893.100660066,0.6770426750183098
0.5562101210121012,0.5841969196919692,0.5756628162816281,2.771743674367437,2.8041721672167217,1.8070544554455448,-0.21349284928492845,-0.24273927392739286,-0.18321782178217821,79722.100660066,0.6810898303985589
0.5662101210121012,0.5841969196919692,0.5956628162816281,2.751743674367437,2.784172167216722,1.7970544554455445,-0.17349284928492842,-0.22273927392739284,-0.18321782178217821,78739.100660066,0.6850900173187284
0.5462101210121012,0.5741969196919692,0.5856628162816281,2.731743674367437,2.714172167216722,1.7470544554455447,-0.15349284928492846,-0.20273927392739288,-0.1732178217821782,77808.100660066,0.6850900173187284
0.5862101210121012,0.6141969196919691,0.5956628162816281,2.641743674367437,2.674172167216722,1.717054455445545,-0.14349284928492845,-0.18273927392739286,-0.1732178217821782,77073.100660066,0.6889163970947259
0.5862101210121012,0.6141969196919691,0.5856628162816281,2.621743674367437,2.664172167216722,1.7270544554455447,-0.10349284928492841,-0.15273927392739284,-0.1732178217821782,76842.100660066,0.6929621219635003
0.5762101210121012,0.6041969196919691,0.5656628162816281,2.551743674367437,2.5941721672167217,1.697054455445545,-0.07349284928492844,-0.11273927392739286,-0.1632178217821782,76909.100660066,0.6972820281982379
0.6162101210121012,0.6241969196919691,0.5656628162816281,2.511743674367437,2.5541721672167217,1.6670544554455446,-0.023492849284928452,-0.08273927392739289,-0.1632178217821782,76890.100660066,0.700974893569942
0.5962101210121012,0.6141969196919691,0.5856628162816281,2.491743674367437,2.544172167216722,1.6570544554455449,-0.013492849284928443,-0.07273927392739288,-0.1532178217821782,75841.100660066,0.7020296573638909
0.5762101210121012,0.5941969196919692,0.545662816281628,2.451743674367437,2.5141721672167217,1.6570544554455449,0.026507150715071592,-0.04273927392739285,-0.1532178217821782,75454.100660066,0.7060422420501702
0.5562101210121012,0.5841969196919692,0.5656628162816281,2.4017436743674367,2.464172167216722,1.6370544554455448,0.09650715071507154,0.027260726072607155,-0.1432178217821782,75563.100660066,0.7101792812347405
0.5462101210121012,0.5541969196919692,0.545662816281628,2.351743674367437,2.414172167216722,1.6070544554455446,0.11650715071507156,0.05726072607260718,-0.1432178217821782,74934.100660066,0.7130295753478997
0.5662101210121012,0.5841969196919692,0.545662816281628,2.351743674367437,2.414172167216722,1.6270544554455446,0.1565071507150716,0.0872607260726071,-0.1432178217821782,74161.100660066,0.7136864185333245
0.5362101210121012,0.5441969196919691,0.5156628162816282,2.301743674367437,2.374172167216722,1.6170544554455448,0.21650715071507154,0.14726072607260715,-0.1332178217821782,73918.100660066,0.7177853107452385
0.5362101210121012,0.5541969196919692,0.525662816281628,2.251743674367437,2.3141721672167215,1.5770544554455448,0.2765071507150716,0.19726072607260708,-0.12321782178217819,73651.100660066,0.7217897891998284
0.5062101210121012,0.5241969196919691,0.545662816281628,2.221743674367437,2.3041721672167217,1.5470544554455445,0.3265071507150715,0.23726072607260712,-0.12321782178217819,73360.100660066,0.7257627964019768
0.47621012101210125,0.49419691969196916,0.5556628162816281,2.1717436743674368,2.2341721672167214,1.4870544554455445,0.37650715071507157,0.2972607260726072,-0.11321782178217821,72921.100660066,0.7257627964019768
0.5062101210121012,0.5141969196919691,0.535662816281628,2.101743674367437,2.1541721672167213,1.4670544554455445,0.4265071507150716,0.3672607260726071,-0.1032178217821782,73094.100660066,0.7297894477844231
0.48621012101210115,0.5041969196919691,0.525662816281628,2.031743674367437,2.0941721672167217,1.4270544554455444,0.49650715071507157,0.40726072607260716,-0.09321782178217819,72751.100660066,0.7347895622253446
0.47621012101210125,0.5041969196919691,0.5056628162816282,1.9917436743674368,2.0941721672167217,1.4270544554455444,0.5565071507150716,0.4272607260726072,-0.09321782178217819,72568.100660066,0.7379569530487018
0.46621012101210124,0.49419691969196916,0.5056628162816282,1.9217436743674365,2.0241721672167214,1.4170544554455446,0.6265071507150715,0.49726072607260713,-0.08321782178217821,72769.100660066,0.7387692451477044
0.45621012101210123,0.47419691969196925,0.4956628162816282,1.8617436743674365,1.9441721672167216,1.3970544554455446,0.7065071507150715,0.5872607260726073,-0.0732178217821782,72628.100660066,0.7430817604064899
0.45621012101210123,0.47419691969196925,0.4956628162816282,2.041743674367437,2.1541721672167213,1.5070544554455445,0.7965071507150716,0.6872607260726071,-0.06321782178217819,72375.100660066,0.7462338924407987
0.21621012101210121,0.2341969196919692,0.4556628162816282,1.9717436743674368,2.1041721672167215,1.4970544554455447,0.8565071507150717,0.7172607260726072,-0.06321782178217819,71942.100660066,0.7502848625183098
0.22621012101210122,0.24419691969196922,0.4956628162816282,1.8817436743674365,2.0241721672167214,1.4470544554455445,0.9465071507150715,0.7872607260726072,-0.06321782178217819,71945.100660066,0.7512831211090081
0.2062101210121012,0.2341969196919692,0.5156628162816282,1.8117436743674367,1.9641721672167216,1.4070544554455444,1.0165071507150716,0.8672607260726073,-0.05321782178217821,72496.100660066,0.7542819499969475
0.19621012101210125,0.2241969196919692,0.4956628162816282,1.7317436743674366,1.8841721672167215,1.3870544554455444,1.1065071507150717,0.9372607260726071,-0.0432178217821782,73037.100660066,0.75828666687012
0.18621012101210124,0.20419691969196918,0.4956628162816282,1.6817436743674368,1.8341721672167217,1.3470544554455448,1.1665071507150715,0.9972607260726072,-0.03321782178217819,72884.100660066,0.7622663497924798
0.18621012101210124,0.2241969196919692,0.5056628162816282,1.6117436743674367,1.7441721672167216,1.3170544554455446,1.2365071507150716,1.0672607260726072,-0.023217821782178183,72753.100660066,0.7662453174591022
0.18621012101210124,0.2141969196919692,0.4956628162816282,1.5517436743674367,1.7041721672167218,1.3270544554455448,1.3065071507150716,1.1272607260726073,-0.023217821782178183,72698.100660066,0.7662453174591022
0.19621012101210125,0.2241969196919692,0.4756628162816282,1.4917436743674366,1.6441721672167218,1.2870544554455448,1.3665071507150717,1.1872607260726071,-0.0032178217821782207,73125.100660066,0.7705456733703606
0.21621012101210121,0.2341969196919692,0.4556628162816282,1.4517436743674368,1.5941721672167217,1.2570544554455445,1.4065071507150715,1.2372607260726072,0.006782178217821788,73756.100660066,0.7745837688446038
0.18621012101210124,0.20419691969196918,0.4656628162816282,1.4217436743674368,1.5441721672167217,1.2170544554455445,1.4665071507150715,1.3372607260726073,0.016782178217821797,73507.100660066,0.778588008880611
0.17621012101210123,0.2141969196919692,0.4456628162816282,1.3617436743674367,1.5341721672167217,1.2070544554455447,1.5865071507150714,1.3172607260726072,0.016782178217821797,73672.100660066,0.778588008880611
0.16621012101210123,0.19419691969196923,0.4756628162816282,1.2717436743674366,1.4541721672167218,1.1970544554455445,1.6465071507150715,1.4272607260726071,0.026782178217821806,73885.100660066,0.7826871395111077
0.15621012101210122,0.18419691969196922,0.4356628162816282,1.2417436743674366,1.4141721672167218,1.2070544554455447,1.6865071507150715,1.4872607260726072,0.046782178217821824,73690.100660066,0.787818384170528
0.14621012101210124,0.1641969196919692,0.41566281628162816,1.2117436743674366,1.3641721672167217,1.1370544554455444,1.7465071507150716,1.577260726072607,0.12678217821782178,73537.100660066,0.7912358760833698
0.13621012101210123,0.1541969196919692,0.40566281628162815,1.1717436743674368,1.3041721672167217,1.0870544554455446,1.7965071507150714,1.6472607260726073,0.2167821782178218,73500.100660066,0.7922803878784137
0.11621012101210124,0.13419691969196917,0.40566281628162815,1.1217436743674367,1.2541721672167216,1.0570544554455448,1.8865071507150717,1.7472607260726074,0.29678217821782177,73559.100660066,0.7961098670959466
0.11621012101210124,0.12419691969196918,0.42566281628162816,1.0817436743674367,1.1641721672167218,1.0070544554455445,1.9365071507150715,1.8572607260726073,0.3567821782178218,73796.100660066,0.8000750064849846
0.11621012101210124,0.12419691969196918,0.40566281628162815,1.0417436743674366,1.1141721672167217,0.9970544554455446,1.9765071507150715,1.8972607260726073,0.40678217821782175,73737.100660066,0.8031002998352044
0.09621012101210122,0.10419691969196919,0.3656628162816281,1.0017436743674366,1.0741721672167217,0.9470544554455446,2.0465071507150716,1.9872607260726072,0.4567821782178218,73468.100660066,0.8031002998352044
0.09621012101210122,0.1141969196919692,0.38566281628162813,0.9717436743674367,1.0541721672167217,0.9370544554455446,2.076507150715072,2.027260726072607,0.4667821782178218,73011.100660066,0.8075110435485833
0.08621012101210124,0.10419691969196919,0.3356628162816281,0.9317436743674369,1.0041721672167216,0.9170544554455445,2.1365071507150715,2.087260726072607,0.5667821782178217,72694.100660066,0.8119482517242425
0.08621012101210124,0.09419691969196918,0.3356628162816281,0.9217436743674369,0.9841721672167216,0.8770544554455445,2.1665071507150717,2.117260726072607,0.6267821782178218,71949.100660066,0.8159529685974078
0.08621012101210124,0.0841969196919692,0.29566281628162816,0.8617436743674368,0.9241721672167218,0.8670544554455445,2.2265071507150713,2.177260726072607,0.6767821782178218,71576.100660066,0.8169333457946806
0.07621012101210123,0.0841969196919692,0.26566281628162813,0.8517436743674368,0.9041721672167218,0.8570544554455445,2.2565071507150716,2.207260726072607,0.7267821782178219,71235.100660066,0.8199004650115995
0.06621012101210122,0.07419691969196919,0.26566281628162813,0.7917436743674368,0.8541721672167217,0.8570544554455445,2.316507150715071,2.2672607260726068,0.7767821782178219,70684.100660066,0.8249339580535882
0.05621012101210124,0.06419691969196918,0.29566281628162816,0.7617436743674368,0.8341721672167217,0.7970544554455447,2.356507150715071,2.307260726072607,0.8567821782178218,69927.100660066,0.8289336681365995
0.05621012101210124,0.06419691969196918,0.2256628162816281,0.7417436743674368,0.8241721672167217,0.8070544554455447,2.3765071507150717,2.317260726072607,0.9267821782178218,68702.100660066,0.8289336681365995
0.04621012101210123,0.0541969196919692,0.19566281628162818,0.7117436743674368,0.7941721672167217,0.7570544554455446,2.3965071507150713,2.347260726072607,1.016782178217822,67979.100660066,0.8329336166381829
0.04621012101210123,0.04419691969196919,0.18566281628162817,0.6917436743674368,0.7641721672167218,0.7570544554455446,2.4165071507150717,2.377260726072607,1.036782178217822,67274.100660066,0.837293100357055
0.03621012101210122,0.04419691969196919,0.11566281628162811,0.6617436743674368,0.7341721672167217,0.7170544554455446,2.4165071507150717,2.387260726072607,1.066782178217822,66703.100660066,0.8400575637817376
0.05621012101210124,0.0541969196919692,0.13566281628162813,0.6717436743674368,0.7341721672167217,0.7270544554455446,2.406507150715072,2.377260726072607,1.066782178217822,66608.100660066,0.8439969539642362
0.04621012101210123,0.0541969196919692,0.0956628162816281,0.6817436743674368,0.7441721672167217,0.7070544554455446,2.3765071507150717,2.347260726072607,1.0867821782178217,66989.100660066,0.8450855731964104
0.04621012101210123,0.04419691969196919,0.0956628162816281,0.6717436743674368,0.7341721672167217,0.6970544554455446,2.3765071507150717,2.337260726072607,1.0867821782178217,67698.100660066,0.8490862369537311
0.03621012101210122,0.03419691969196918,0.05566281628162817,0.6717436743674368,0.7441721672167217,0.7170544554455446,2.356507150715071,2.337260726072607,1.076782178217822,68337.100660066,0.8533565521240227
0.026210121012101226,0.03419691969196918,0.015662816281628134,0.6817436743674368,0.7241721672167217,0.6670544554455445,2.316507150715071,2.307260726072607,1.066782178217822,68680.100660066,0.856672954559329
0.03621012101210122,0.024196919691969188,0.015662816281628134,0.6617436743674368,0.7341721672167217,0.6870544554455446,2.2965071507150716,2.2672607260726068,1.006782178217822,69419.100660066,0.856672954559329
0.026210121012101226,0.024196919691969188,-0.024337183718371902,0.6717436743674368,0.7241721672167217,0.7070544554455446,2.2565071507150716,2.247260726072607,0.9767821782178219,70072.100660066,0.8617226600646966
0.01621012101210123,0.014196919691969193,-0.004337183718371884,0.6717436743674368,0.7241721672167217,0.7070544554455446,2.236507150715072,2.207260726072607,0.9567821782178219,70771.100660066,0.8657226085662835
0.01621012101210123,0.014196919691969193,-0.004337183718371884,0.6517436743674367,0.6941721672167217,0.6870544554455446,2.236507150715072,2.207260726072607,0.9367821782178218,71672.100660066,0.8697213649749749
0.006210121012101222,0.004196919691969184,-0.004337183718371884,0.6317436743674368,0.6941721672167217,0.6770544554455445,2.2265071507150713,2.177260726072607,0.9467821782178218,72249.100660066,0.8697213649749749
0.01621012101210123,0.004196919691969184,-0.11433718371837187,0.6017436743674368,0.6841721672167217,0.6670544554455445,2.2165071507150715,2.187260726072607,0.9367821782178218,72272.100660066,0.874113750457763
0.006210121012101222,-0.005803080308030811,-0.1343371837183719,0.6017436743674368,0.6841721672167217,0.6570544554455445,2.196507150715072,2.157260726072607,0.9367821782178218,72971.100660066,0.8770830154418903
0.006210121012101222,-0.005803080308030811,-0.17433718371837187,0.5617436743674368,0.5841721672167217,0.6570544554455445,2.2165071507150715,2.217260726072607,0.9367821782178218,73996.100660066,0.8813232898712151
-0.013789878987898768,-0.015803080308030806,-0.21433718371837185,0.5117436743674368,0.6041721672167217,0.7270544554455446,2.246507150715072,2.217260726072607,0.8867821782178218,75117.100660066,0.882374715805053
-0.023789878987898777,-0.025803080308030815,-0.23433718371837187,0.4717436743674368,0.5641721672167217,0.7170544554455446,2.2265071507150713,2.207260726072607,0.9067821782178218,76388.100660066,0.88503451347351
-0.023789878987898777,-0.025803080308030815,-0.27433718371837185,0.4517436743674368,0.5241721672167217,0.6270544554455445,2.2065071507150718,2.187260726072607,0.9067821782178218,77503.100660066,0.8899263858795194
-0.03378987898789877,-0.04580308030803081,-0.29433718371837186,0.41174367436743675,0.5041721672167218,0.6070544554455445,2.236507150715072,2.187260726072607,0.8967821782178218,78964.100660066,0.893602800369262
-0.043789878987898774,-0.04580308030803081,-0.29433718371837186,0.39174367436743684,0.47417216721672173,0.5870544554455447,2.2265071507150713,2.217260726072607,0.8767821782178218,80263.100660066,0.893602800369262
-0.053789878987898776,-0.055803080308030814,-0.35433718371837186,0.40174367436743674,0.4441721672167217,0.5870544554455447,2.2265071507150713,2.197260726072607,0.8567821782178218,81618.100660066,0.8976013183593707
-0.053789878987898776,-0.055803080308030814,-0.33433718371837184,0.39174367436743684,0.4641721672167217,0.5770544554455447,2.1865071507150713,2.177260726072607,0.826782178217822,82997.100660066,0.9025709152221673
-0.053789878987898776,-0.055803080308030814,-0.32433718371837184,0.3617436743674368,0.4241721672167217,0.6270544554455445,2.1765071507150715,2.157260726072607,0.7567821782178219,84490.100660066,0.9065703868865995
-0.06378987898789877,-0.055803080308030814,-0.33433718371837184,0.3417436743674368,0.4141721672167217,0.5370544554455446,2.1265071507150717,2.057260726072607,0.6367821782178218,86263.100660066,0.9098448276519768
-0.06378987898789877,-0.06580308030803081,-0.33433718371837184,0.3317436743674368,0.4141721672167217,0.5070544554455446,2.066507150715071,2.0172607260726068,0.5967821782178218,88340.100660066,0.9105712890624993
-0.07378987898789878,-0.07580308030803082,-0.36433718371837187,0.3417436743674368,0.37417216721672175,0.4870544554455446,1.9865071507150718,1.9772607260726074,0.49678217821782183,89941.100660066,0.914570760726928
-0.06378987898789877,-0.06580308030803081,-0.32433718371837184,0.28174367436743675,0.3241721672167217,0.40705445544554464,1.9665071507150718,1.9272607260726071,0.4767821782178218,91846.100660066,0.9182459831237786
-0.07378987898789878,-0.07580308030803082,-0.32433718371837184,0.27174367436743674,0.3141721672167217,0.40705445544554464,1.8365071507150714,1.8372607260726073,0.4367821782178218,93613.100660066,0.9219512462615995
-0.07378987898789878,-0.07580308030803082,-0.33433718371837184,0.24174367436743674,0.2641721672167217,0.3770544554455446,1.7765071507150714,1.767260726072607,0.3067821782178218,95006.100660066,0.9229986190795891
-0.07378987898789878,-0.07580308030803082,-0.34433718371837185,0.20174367436743676,0.22417216721672173,0.3670544554455446,1.7365071507150718,1.6872607260726074,0.24678217821782183,96631.100660066,0.9263674736022907
-0.07378987898789878,-0.07580308030803082,-0.3943371837183719,0.18174367436743674,0.2041721672167217,0.2570544554455446,1.6565071507150717,1.6472607260726073,0.2067821782178218,99038.100660066,0.9306690216064446
-0.07378987898789878,-0.07580308030803082,-0.3743371837183719,0.16174367436743678,0.2041721672167217,0.16705445544554454,1.5465071507150714,1.537260726072607,0.16678217821782182,101171.100660066,0.9346494197845416
-0.07378987898789878,-0.07580308030803082,-0.35433718371837186,0.14174367436743676,0.16417216721672173,0.1070544554455446,1.4865071507150716,1.4772607260726072,0.12678217821782178,102918.100660066,0.9346494197845416
-0.07378987898789878,-0.07580308030803082,-0.35433718371837186,0.10174367436743678,0.10417216721672173,0.1070544554455446,1.3565071507150717,1.3172607260726072,0.0767821782178218,105219.100660066,0.9386493682861321
-0.07378987898789878,-0.07580308030803082,-0.33433718371837184,0.08174367436743676,0.08417216721672172,0.05705445544554455,1.2565071507150716,1.2172607260726072,0.046782178217821824,107640.100660066,0.9427670955657987
-0.07378987898789878,-0.07580308030803082,-0.33433718371837184,0.061743674367436774,0.06417216721672173,0.04705445544554454,1.0465071507150716,1.0072607260726072,-0.0032178217821782207,108741.100660066,0.9468585968017607
-0.07378987898789878,-0.06580308030803081,-0.3143371837183719,0.051743674367436765,0.06417216721672173,0.017054455445544625,0.9965071507150716,0.9772607260726072,-0.013217821782178174,110898.100660066,0.9479157447814899
-0.07378987898789878,-0.07580308030803082,-0.28433718371837186,0.031743674367436775,0.03417216721672173,-0.012945544554455402,0.8865071507150715,0.8572607260726073,-0.0432178217821782,113269.100660066,0.9509107589721673
-0.07378987898789878,-0.07580308030803082,-0.28433718371837186,0.021743674367436766,0.03417216721672173,-0.03294554455445542,0.7665071507150716,0.7572607260726072,-0.05321782178217821,115172.100660066,0.9554326057434075
-0.07378987898789878,-0.07580308030803082,-0.33433718371837184,0.011743674367436757,0.01417216721672171,-0.09294554455445542,0.6165071507150717,0.6072607260726073,-0.08321782178217821,117695.100660066,0.9587122917175286
-0.06378987898789877,-0.06580308030803081,-0.32433718371837184,0.021743674367436766,0.01417216721672171,-0.0729455445544554,0.5665071507150716,0.5472607260726072,-0.1032178217821782,119836.100660066,0.9594294548034661
-0.07378987898789878,-0.07580308030803082,-0.34433718371837185,0.011743674367436757,0.01417216721672171,-0.06294554455445539,0.46650715071507154,0.4372607260726072,-0.11321782178217821,121349.100660066,0.963124227523803
-0.06378987898789877,-0.07580308030803082,-0.34433718371837185,0.011743674367436757,0.01417216721672171,-0.09294554455445542,0.3965071507150716,0.38726072607260714,-0.1532178217821782,123142.100660066,0.9675476074218743
-0.06378987898789877,-0.07580308030803082,-0.34433718371837185,0.011743674367436757,0.01417216721672171,-0.09294554455445542,0.3265071507150715,0.3172607260726072,-0.1532178217821782,125233.100660066,0.97153897285461
-0.07378987898789878,-0.07580308030803082,-0.3743371837183719,0.041743674367436756,0.03417216721672173,-0.11294554455445543,0.23650715071507156,0.24726072607260713,-0.1932178217821782,127672.100660066,0.9747416496276884
-0.07378987898789878,-0.07580308030803082,-0.3943371837183719,0.031743674367436775,0.03417216721672173,-0.10294554455445543,0.12650715071507157,0.13726072607260714,-0.1932178217821782,130081.100660066,0.9756624221801751
-0.07378987898789878,-0.07580308030803082,-0.40433718371837185,0.031743674367436775,0.03417216721672173,-0.12294554455445539,0.07650715071507153,0.0872607260726071,-0.1932178217821782,133010.100660066,0.9796893119812005
-0.07378987898789878,-0.07580308030803082,-0.3843371837183719,0.041743674367436756,0.02417216721672172,-0.10294554455445543,-0.043492849284928414,-0.03273927392739284,-0.1932178217821782,135795.100660066,0.9832551002502434
-0.07378987898789878,-0.07580308030803082,-0.3743371837183719,0.031743674367436775,0.02417216721672172,-0.10294554455445543,-0.07349284928492844,-0.06273927392739287,-0.1932178217821782,138206.100660066,0.9877132892608635
-0.07378987898789878,-0.07580308030803082,-0.3843371837183719,0.021743674367436766,0.03417216721672173,-0.10294554455445543,-0.13349284928492844,-0.11273927392739286,-0.21321782178217819,141205.100660066,0.9889456748962395
-0.06378987898789877,-0.06580308030803081,-0.3743371837183719,0.041743674367436756,0.03417216721672173,-0.10294554455445543,-0.13349284928492844,-0.12273927392739287,-0.2032178217821782,144602.100660066,0.9917361259460442
-0.06378987898789877,-0.06580308030803081,-0.3943371837183719,0.031743674367436775,0.03417216721672173,-0.11294554455445543,-0.1634928492849284,-0.16273927392739285,-0.1932178217821782,147769.100660066,0.9967939376831048
-0.06378987898789877,-0.06580308030803081,-0.3843371837183719,0.031743674367436775,0.03417216721672173,-0.11294554455445543,-0.1634928492849284,-0.15273927392739284,-0.1932178217821782,150470.100660066,1.0000853061676018
-0.06378987898789877,-0.06580308030803081,-0.3843371837183719,0.021743674367436766,0.02417216721672172,-0.12294554455445539,-0.18349284928492843,-0.16273927392739285,-0.2032178217821782,153011.100660066,1.0011405467987018
-0.07378987898789878,-0.06580308030803081,-0.3743371837183719,0.021743674367436766,0.01417216721672171,-0.09294554455445542,-0.1634928492849284,-0.15273927392739284,-0.18321782178217821,155444.100660066,1.0041276931762688
-0.06378987898789877,-0.06580308030803081,-0.36433718371837187,0.021743674367436766,0.01417216721672171,-0.10294554455445543,-0.17349284928492842,-0.14273927392739288,-0.2032178217821782,158271.100660066,1.009133052825927
-0.06378987898789877,-0.06580308030803081,-0.36433718371837187,0.031743674367436775,0.03417216721672173,-0.09294554455445542,-0.15349284928492846,-0.13273927392739288,-0.18321782178217821,160450.100660066,1.01212830543518
-0.06378987898789877,-0.06580308030803081,-0.35433718371837186,0.031743674367436775,0.03417216721672173,-0.09294554455445542,-0.15349284928492846,-0.14273927392739288,-0.18321782178217821,163031.100660066,1.01212830543518
-0.06378987898789877,-0.06580308030803081,-0.34433718371837185,0.031743674367436775,0.03417216721672173,-0.10294554455445543,-0.14349284928492845,-0.15273927392739284,-0.18321782178217821,166102.100660066,1.0171372413635247
-0.06378987898789877,-0.06580308030803081,-0.35433718371837186,0.021743674367436766,0.02417216721672172,-0.09294554455445542,-0.14349284928492845,-0.12273927392739287,-0.1732178217821782,168641.100660066,1.0201532363891594
-0.06378987898789877,-0.06580308030803081,-0.35433718371837186,0.031743674367436775,0.03417216721672173,-0.10294554455445543,-0.14349284928492845,-0.11273927392739286,-0.1732178217821782,170690.100660066,1.024692249298095
-0.06378987898789877,-0.06580308030803081,-0.34433718371837185,0.031743674367436775,0.03417216721672173,-0.11294554455445543,-0.13349284928492844,-0.14273927392739288,-0.1732178217821782,172269.100660066,1.024692249298095
-0.06378987898789877,-0.055803080308030814,-0.34433718371837185,0.031743674367436775,0.04417216721672171,-0.11294554455445543,-0.12349284928492843,-0.11273927392739286,-0.18321782178217821,173512.100660066,1.0287963867187493
-0.06378987898789877,-0.055803080308030814,-0.34433718371837185,0.031743674367436775,0.03417216721672173,-0.10294554455445543,-0.12349284928492843,-0.11273927392739286,-0.1732178217821782,175337.100660066,1.0338184356689446
-0.06378987898789877,-0.06580308030803081,-0.34433718371837185,0.031743674367436775,0.03417216721672173,-0.09294554455445542,-0.12349284928492843,-0.12273927392739287,-0.1632178217821782,178022.100660066,1.0368401527404778
-0.06378987898789877,-0.06580308030803081,-0.33433718371837184,0.031743674367436775,0.02417216721672172,-0.08294554455445541,-0.15349284928492846,-0.15273927392739284,-0.1632178217821782,180089.100660066,1.0368401527404778
-0.06378987898789877,-0.06580308030803081,-0.33433718371837184,0.021743674367436766,0.02417216721672172,-0.08294554455445541,-0.15349284928492846,-0.13273927392739288,-0.1632178217821782,182580.100660066,1.041251373291015
-0.06378987898789877,-0.06580308030803081,-0.33433718371837184,0.021743674367436766,0.02417216721672172,-0.08294554455445541,-0.1634928492849284,-0.14273927392739288,-0.1632178217821782,184669.100660066,1.0454737663269036
-0.06378987898789877,-0.06580308030803081,-0.3143371837183719,0.011743674367436757,0.01417216721672171,-0.09294554455445542,-0.15349284928492846,-0.15273927392739284,-0.1732178217821782,186232.100660066,1.049281549453731
-0.06378987898789877,-0.06580308030803081,-0.32433718371837184,0.011743674367436757,0.01417216721672171,-0.10294554455445543,-0.14349284928492845,-0.13273927392739288,-0.1732178217821782,187895.100660066,1.0529319763183587
-0.06378987898789877,-0.06580308030803081,-0.3143371837183719,0.011743674367436757,0.01417216721672171,-0.10294554455445543,-0.14349284928492845,-0.13273927392739288,-0.18321782178217821,189094.100660066,1.0539898395538358
-0.06378987898789877,-0.06580308030803081,-0.32433718371837184,0.011743674367436757,0.01417216721672171,-0.10294554455445543,-0.12349284928492843,-0.11273927392739286,-0.1732178217821782,190283.100660066,1.0580157756805448
-0.053789878987898776,-0.06580308030803081,-0.32433718371837184,0.021743674367436766,0.02417216721672172,-0.10294554455445543,-0.12349284928492843,-0.10273927392739285,-0.1632178217821782,191110.100660066,1.061302614212039
-0.06378987898789877,-0.06580308030803081,-0.32433718371837184,0.021743674367436766,0.01417216721672171,-0.09294554455445542,-0.13349284928492844,-0.13273927392739288,-0.1632178217821782,191605.100660066,1.0656299114227288
-0.06378987898789877,-0.055803080308030814,-0.3143371837183719,0.011743674367436757,0.01417216721672171,-0.08294554455445541,-0.12349284928492843,-0.11273927392739286,-0.1732178217821782,192306.100660066,1.0656299114227288
-0.06378987898789877,-0.055803080308030814,-0.32433718371837184,0.011743674367436757,0.01417216721672171,-0.06294554455445539,-0.14349284928492845,-0.12273927392739287,-0.1532178217821782,192407.100660066,1.0705914020538358
-0.06378987898789877,-0.055803080308030814,-0.32433718371837184,0.021743674367436766,0.01417216721672171,-0.06294554455445539,-0.15349284928492846,-0.14273927392739288,-0.1532178217821782,192246.100660066,1.0749251365661578
-0.053789878987898776,-0.055803080308030814,-0.3143371837183719,0.021743674367436766,0.02417216721672172,-0.06294554455445539,-0.14349284928492845,-0.13273927392739288,-0.1532178217821782,191569.100660066,1.0779256343841546
-0.053789878987898776,-0.055803080308030814,-0.3143371837183719,0.021743674367436766,0.02417216721672172,-0.0729455445544554,-0.17349284928492842,-0.16273927392739285,-0.1532178217821782,191616.100660066,1.078904581069942
-0.053789878987898776,-0.055803080308030814,-0.3143371837183719,0.021743674367436766,0.01417216721672171,-0.0729455445544554,-0.1634928492849284,-0.15273927392739284,-0.1632178217821782,191383.100660066,1.0819253444671624
-0.053789878987898776,-0.055803080308030814,-0.3143371837183719,0.021743674367436766,0.02417216721672172,-0.08294554455445541,-0.14349284928492845,-0.13273927392739288,-0.1632178217821782,190848.100660066,1.0869805335998528
-0.06378987898789877,-0.055803080308030814,-0.32433718371837184,0.021743674367436766,0.01417216721672171,-0.06294554455445539,-0.13349284928492844,-0.12273927392739287,-0.1532178217821782,190531.100660066,1.090215873718261
-0.053789878987898776,-0.055803080308030814,-0.32433718371837184,0.011743674367436757,0.01417216721672171,-0.06294554455445539,-0.14349284928492845,-0.12273927392739287,-0.1532178217821782,190204.100660066,1.0912608623504632
-0.053789878987898776,-0.055803080308030814,-0.3043371837183719,0.011743674367436757,0.02417216721672172,-0.0729455445544554,-0.14349284928492845,-0.14273927392739288,-0.1432178217821782,189969.100660066,1.0943901062011676
-0.06378987898789877,-0.055803080308030814,-0.3143371837183719,0.011743674367436757,0.01417216721672171,-0.06294554455445539,-0.13349284928492844,-0.13273927392739288,-0.1432178217821782,190164.100660066,1.099384260177608
-0.053789878987898776,-0.055803080308030814,-0.3143371837183719,0.021743674367436766,0.02417216721672172,-0.0729455445544554,-0.14349284928492845,-0.12273927392739287,-0.1532178217821782,190399.100660066,1.1028611183166497
-0.053789878987898776,-0.055803080308030814,-0.32433718371837184,0.021743674367436766,0.02417216721672172,-0.0729455445544554,-0.14349284928492845,-0.13273927392739288,-0.1532178217821782,190558.100660066,1.1028611183166497
-0.053789878987898776,-0.055803080308030814,-0.32433718371837184,0.011743674367436757,0.01417216721672171,-0.08294554455445541,-0.14349284928492845,-0.12273927392739287,-0.1632178217821782,190229.100660066,1.106495809555053
-0.06378987898789877,-0.055803080308030814,-0.32433718371837184,0.011743674367436757,0.01417216721672171,-0.09294554455445542,-0.11349284928492842,-0.10273927392739285,-0.1632178217821782,189380.100660066,1.1103643894195585
-0.053789878987898776,-0.055803080308030814,-0.3143371837183719,0.021743674367436766,0.01417216721672171,-0.0729455445544554,-0.10349284928492841,-0.10273927392739285,-0.1432178217821782,188725.100660066,1.114698123931884
-0.053789878987898776,-0.055803080308030814,-0.3143371837183719,0.011743674367436757,0.01417216721672171,-0.0729455445544554,-0.11349284928492842,-0.10273927392739285,-0.1532178217821782,188532.100660066,1.1154081344604485
-0.053789878987898776,-0.055803080308030814,-0.3143371837183719,0.021743674367436766,0.02417216721672172,-0.08294554455445541,-0.10349284928492841,-0.10273927392739285,-0.1532178217821782,188641.100660066,1.1186644554138176
-0.053789878987898776,-0.055803080308030814,-0.3143371837183719,0.021743674367436766,0.01417216721672171,-0.06294554455445539,-0.11349284928492842,-0.09273927392739284,-0.1532178217821782,188126.100660066,1.1234080314636223
-0.053789878987898776,-0.055803080308030814,-0.32433718371837184,0.021743674367436766,0.02417216721672172,-0.0729455445544554,-0.11349284928492842,-0.10273927392739285,-0.1532178217821782,187445.100660066,1.1274082183837884
-0.053789878987898776,-0.055803080308030814,-0.3043371837183719,0.021743674367436766,0.01417216721672171,-0.08294554455445541,-0.09349284928492846,-0.09273927392739284,-0.1532178217821782,186930.100660066,1.131100130081176
-0.053789878987898776,-0.055803080308030814,-0.3043371837183719,0.021743674367436766,0.02417216721672172,-0.06294554455445539,-0.10349284928492841,-0.09273927392739284,-0.1532178217821782,186305.100660066,1.1317178726196282
-0.053789878987898776,-0.055803080308030814,-0.3143371837183719,0.011743674367436757,0.01417216721672171,-0.06294554455445539,-0.09349284928492846,-0.09273927392739284,-0.1532178217821782,185046.100660066,1.1359774589538567
-0.053789878987898776,-0.055803080308030814,-0.32433718371837184,0.021743674367436766,0.01417216721672171,-0.06294554455445539,-0.09349284928492846,-0.09273927392739284,-0.1632178217821782,183809.100660066,1.1394638538360589
-0.053789878987898776,-0.055803080308030814,-0.3143371837183719,0.011743674367436757,0.01417216721672171,-0.0729455445544554,-0.10349284928492841,-0.09273927392739284,-0.1532178217821782,182636.100660066,1.1435110092163079
-0.053789878987898776,-0.055803080308030814,-0.32433718371837184,0.021743674367436766,0.02417216721672172,-0.06294554455445539,-0.10349284928492841,-0.09273927392739284,-0.1532178217821782,182027.100660066,1.1435110092163079
-0.06378987898789877,-0.055803080308030814,-0.32433718371837184,0.021743674367436766,0.02417216721672172,-0.06294554455445539,-0.09349284928492846,-0.08273927392739289,-0.1532178217821782,181846.100660066,1.1480800628662102
-0.053789878987898776,-0.055803080308030814,-0.3143371837183719,0.021743674367436766,0.02417216721672172,-0.0729455445544554,-0.10349284928492841,-0.09273927392739284,-0.1532178217821782,181211.100660066,1.1529047012329094
-0.053789878987898776,-0.055803080308030814,-0.33433718371837184,0.031743674367436775,0.02417216721672172,-0.0729455445544554,-0.10349284928492841,-0.08273927392739289,-0.1532178217821782,180934.100660066,1.1558756351470905
-0.053789878987898776,-0.055803080308030814,-0.3143371837183719,0.031743674367436775,0.02417216721672172,-0.05294554455445544,-0.10349284928492841,-0.08273927392739289,-0.1532178217821782,180595.100660066,1.1558756351470905
-0.06378987898789877,-0.055803080308030814,-0.32433718371837184,0.031743674367436775,0.03417216721672173,-0.05294554455445544,-0.09349284928492846,-0.08273927392739289,-0.1532178217821782,180044.100660066,1.159906101226806
-0.053789878987898776,-0.06580308030803081,-0.32433718371837184,0.031743674367436775,0.03417216721672173,-0.04294554455445543,-0.08349284928492845,-0.07273927392739288,-0.1532178217821782,179317.100660066,1.1649045467376702
-0.053789878987898776,-0.055803080308030814,-0.33433718371837184,0.031743674367436775,0.03417216721672173,-0.04294554455445543,-0.08349284928492845,-0.07273927392739288,-0.1532178217821782,178018.100660066,1.1679708480834954
-0.06378987898789877,-0.06580308030803081,-0.36433718371837187,0.031743674367436775,0.02417216721672172,-0.02294554455445541,-0.08349284928492845,-0.07273927392739288,-0.1432178217821782,176587.100660066,1.1690279960632317
-0.07378987898789878,-0.06580308030803081,-0.3843371837183719,0.031743674367436775,0.02417216721672172,-0.03294554455445542,-0.08349284928492845,-0.08273927392739289,-0.1432178217821782,175426.100660066,1.1716486930847196
-0.07378987898789878,-0.06580308030803081,-0.3943371837183719,0.031743674367436775,0.03417216721672173,-0.012945544554455402,-0.08349284928492845,-0.07273927392739288,-0.1432178217821782,174581.100660066,1.176904392242431
-0.07378987898789878,-0.07580308030803082,-0.42433718371837187,0.031743674367436775,0.03417216721672173,-0.012945544554455402,-0.08349284928492845,-0.08273927392739289,-0.1432178217821782,173492.100660066,1.1809043407440178
-0.07378987898789878,-0.07580308030803082,-0.4343371837183718,0.031743674367436775,0.03417216721672173,-0.02294554455445541,-0.08349284928492845,-0.07273927392739288,-0.1432178217821782,172949.100660066,1.1809043407440178
-0.07378987898789878,-0.07580308030803082,-0.4343371837183718,0.031743674367436775,0.03417216721672173,-0.02294554455445541,-0.09349284928492846,-0.08273927392739289,-0.1432178217821782,172336.100660066,1.1849045276641839
-0.07378987898789878,-0.07580308030803082,-0.44433718371837183,0.031743674367436775,0.03417216721672173,-0.03294554455445542,-0.08349284928492845,-0.07273927392739288,-0.1432178217821782,171613.100660066,1.189005804061889
-0.07378987898789878,-0.07580308030803082,-0.44433718371837183,0.031743674367436775,0.03417216721672173,-0.012945544554455402,-0.08349284928492845,-0.07273927392739288,-0.1432178217821782,171046.100660066,1.19332046508789
-0.07378987898789878,-0.08580308030803081,-0.46433718371837185,0.031743674367436775,0.03417216721672173,-0.02294554455445541,-0.09349284928492846,-0.07273927392739288,-0.1432178217821782,170477.100660066,1.1943635463714593
-0.08378987898789877,-0.08580308030803081,-0.48433718371837187,0.041743674367436756,0.03417216721672173,-0.04294554455445543,-0.08349284928492845,-0.07273927392739288,-0.1432178217821782,169730.100660066,1.1967908859252923
-0.08378987898789877,-0.08580308030803081,-0.4943371837183719,0.021743674367436766,0.02417216721672172,-0.03294554455445542,-0.09349284928492846,-0.08273927392739289,-0.1432178217821782,169083.100660066,1.201783609390258
-0.08378987898789877,-0.08580308030803081,-0.5143371837183719,0.051743674367436765,0.04417216721672171,-0.05294554455445544,-0.12349284928492843,-0.11273927392739286,-0.1432178217821782,168196.100660066,1.2049681663513176
-0.08378987898789877,-0.08580308030803081,-0.5143371837183719,0.031743674367436775,0.03417216721672173,-0.02294554455445541,-0.12349284928492843,-0.11273927392739286,-0.1432178217821782,167417.100660066,1.2090038776397698
-0.08378987898789877,-0.08580308030803081,-0.5143371837183719,0.021743674367436766,0.02417216721672172,-0.05294554455445544,-0.12349284928492843,-0.10273927392739285,-0.1432178217821782,166632.100660066,1.2097835063934355
-0.08378987898789877,-0.08580308030803081,-0.5243371837183719,0.021743674367436766,0.02417216721672172,-0.05294554455445544,-0.10349284928492841,-0.09273927392739284,-0.1432178217821782,165693.100660066,1.2137624740600579
-0.08378987898789877,-0.08580308030803081,-0.5243371837183719,0.021743674367436766,0.02417216721672172,-0.03294554455445542,-0.12349284928492843,-0.11273927392739286,-0.1332178217821782,164588.100660066,1.217265319824218
-0.08378987898789877,-0.08580308030803081,-0.5243371837183719,0.031743674367436775,0.03417216721672173,-0.02294554455445541,-0.11349284928492842,-0.11273927392739286,-0.1432178217821782,163735.100660066,1.2213441848754876
-0.08378987898789877,-0.07580308030803082,-0.5243371837183719,0.041743674367436756,0.04417216721672171,-0.02294554455445541,-0.10349284928492841,-0.09273927392739284,-0.1432178217821782,162844.100660066,1.2223891735076897
-0.08378987898789877,-0.08580308030803081,-0.5543371837183718,0.031743674367436775,0.03417216721672173,-0.02294554455445541,-0.11349284928492842,-0.09273927392739284,-0.1432178217821782,162267.100660066,1.2258791446685784
-0.08378987898789877,-0.08580308030803081,-0.5643371837183718,0.031743674367436775,0.03417216721672173,-0.03294554455445542,-0.11349284928492842,-0.09273927392739284,-0.1432178217821782,162018.100660066,1.229519081115722
-0.08378987898789877,-0.08580308030803081,-0.5543371837183718,0.031743674367436775,0.03417216721672173,-0.02294554455445541,-0.10349284928492841,-0.08273927392739289,-0.1532178217821782,161079.100660066,1.2335688591003446
-0.08378987898789877,-0.08580308030803081,-0.5543371837183718,0.041743674367436756,0.04417216721672171,-0.02294554455445541,-0.11349284928492842,-0.10273927392739285,-0.1432178217821782,160728.100660066,1.2344102382659905
-0.08378987898789877,-0.08580308030803081,-0.5443371837183719,0.031743674367436775,0.03417216721672173,-0.012945544554455402,-0.13349284928492844,-0.10273927392739285,-0.1432178217821782,160609.100660066,1.2375344753265338
-0.08378987898789877,-0.08580308030803081,-0.5743371837183718,0.041743674367436756,0.04417216721672171,-0.03294554455445542,-0.11349284928492842,-0.10273927392739285,-0.1532178217821782,160190.100660066,1.2423936843872063
-0.08378987898789877,-0.08580308030803081,-0.5643371837183718,0.041743674367436756,0.04417216721672171,-0.03294554455445542,-0.11349284928492842,-0.10273927392739285,-0.1532178217821782,159899.100660066,1.2456893444061272
-0.08378987898789877,-0.08580308030803081,-0.5743371837183718,0.051743674367436765,0.05417216721672172,-0.04294554455445543,-0.11349284928492842,-0.09273927392739284,-0.1532178217821782,159912.100660066,1.2464103221893303
-0.08378987898789877,-0.08580308030803081,-0.5743371837183718,0.041743674367436756,0.04417216721672171,-0.02294554455445541,-0.10349284928492841,-0.09273927392739284,-0.1432178217821782,159933.100660066,1.250886392593383
-0.08378987898789877,-0.08580308030803081,-0.5943371837183719,0.041743674367436756,0.04417216721672171,-0.012945544554455402,-0.10349284928492841,-0.08273927392739289,-0.1432178217821782,160426.100660066,1.2538690090179436
-0.08378987898789877,-0.08580308030803081,-0.5743371837183718,0.041743674367436756,0.04417216721672171,-0.02294554455445541,-0.09349284928492846,-0.08273927392739289,-0.1432178217821782,161813.100660066,1.2581169128417997
-0.08378987898789877,-0.08580308030803081,-0.5743371837183718,0.041743674367436756,0.04417216721672171,-0.02294554455445541,-0.09349284928492846,-0.08273927392739289,-0.1432178217821782,163728.100660066,1.2592048168182401
-0.08378987898789877,-0.08580308030803081,-0.5643371837183718,0.051743674367436765,0.05417216721672172,-0.03294554455445542,-0.10349284928492841,-0.09273927392739284,-0.1432178217821782,165851.100660066,1.2623996257781975
-0.08378987898789877,-0.08580308030803081,-0.5643371837183718,0.051743674367436765,0.05417216721672172,-0.03294554455445542,-0.10349284928492841,-0.09273927392739284,-0.1432178217821782,167778.100660066,1.2662791728973382
-0.08378987898789877,-0.08580308030803081,-0.5743371837183718,0.051743674367436765,0.05417216721672172,-0.02294554455445541,-0.11349284928492842,-0.09273927392739284,-0.1432178217821782,169241.100660066,1.2713315010070794
-0.08378987898789877,-0.08580308030803081,-0.5843371837183718,0.061743674367436774,0.05417216721672172,-0.04294554455445543,-0.10349284928492841,-0.09273927392739284,-0.1532178217821782,171294.100660066,1.2713315010070794
-0.08378987898789877,-0.08580308030803081,-0.5843371837183718,0.061743674367436774,0.05417216721672172,-0.04294554455445543,-0.10349284928492841,-0.09273927392739284,-0.1632178217821782,173255.100660066,1.2751414299011223
-0.08378987898789877,-0.08580308030803081,-0.6043371837183719,0.061743674367436774,0.05417216721672172,-0.02294554455445541,-0.09349284928492846,-0.07273927392739288,-0.1432178217821782,175236.100660066,1.279140901565551
-0.08378987898789877,-0.08580308030803081,-0.6043371837183719,0.051743674367436765,0.05417216721672172,-0.02294554455445541,-0.09349284928492846,-0.08273927392739289,-0.1432178217821782,177051.100660066,1.2831410884857206
-0.08378987898789877,-0.08580308030803081,-0.6043371837183719,0.061743674367436774,0.06417216721672173,-0.0029455445544553926,-0.10349284928492841,-0.09273927392739284,-0.1332178217821782,178590.100660066,1.28715271949768
-0.08378987898789877,-0.08580308030803081,-0.5943371837183719,0.061743674367436774,0.06417216721672173,-0.0029455445544553926,-0.10349284928492841,-0.08273927392739289,-0.1332178217821782,179941.100660066,1.28715271949768
-0.08378987898789877,-0.08580308030803081,-0.5943371837183719,0.051743674367436765,0.04417216721672171,-0.03294554455445542,-0.09349284928492846,-0.07273927392739288,-0.1432178217821782,180966.100660066,1.29162950515747
-0.08378987898789877,-0.08580308030803081,-0.6043371837183719,0.07174367436743675,0.07417216721672171,-0.05294554455445544,-0.09349284928492846,-0.07273927392739288,-0.1432178217821782,182335.100660066,1.2958862304687493
-0.08378987898789877,-0.08580308030803081,-0.6043371837183719,0.061743674367436774,0.06417216721672173,-0.03294554455445542,-0.09349284928492846,-0.07273927392739288,-0.1432178217821782,183838.100660066,1.2989642143249505
-0.08378987898789877,-0.08580308030803081,-0.6043371837183719,0.061743674367436774,0.05417216721672172,-0.02294554455445541,-0.09349284928492846,-0.07273927392739288,-0.1432178217821782,185281.100660066,1.3000509262084954
-0.08378987898789877,-0.08580308030803081,-0.6043371837183719,0.07174367436743675,0.06417216721672173,-0.03294554455445542,-0.09349284928492846,-0.08273927392739289,-0.1532178217821782,186120.100660066,1.3040520668029778
-0.08378987898789877,-0.08580308030803081,-0.6043371837183719,0.07174367436743675,0.07417216721672171,-0.02294554455445541,-0.09349284928492846,-0.08273927392739289,-0.1532178217821782,187315.100660066,1.3073172092437702
-0.08378987898789877,-0.08580308030803081,-0.6043371837183719,0.07174367436743675,0.07417216721672171,-0.02294554455445541,-0.09349284928492846,-0.08273927392739289,-0.1632178217821782,188296.100660066,1.3115703582763665
-0.08378987898789877,-0.08580308030803081,-0.6043371837183719,0.08174367436743676,0.08417216721672172,-0.03294554455445542,-0.09349284928492846,-0.07273927392739288,-0.1532178217821782,188947.100660066,1.3123595237731962
-0.08378987898789877,-0.08580308030803081,-0.6043371837183719,0.08174367436743676,0.07417216721672171,-0.02294554455445541,-0.08349284928492845,-0.07273927392739288,-0.1532178217821782,189420.100660066,1.3154086589813225
-0.08378987898789877,-0.08580308030803081,-0.6043371837183719,0.07174367436743675,0.06417216721672173,-0.012945544554455402,-0.09349284928492846,-0.07273927392739288,-0.1532178217821782,189461.100660066,1.32035846710205
-0.08378987898789877,-0.08580308030803081,-0.6043371837183719,0.07174367436743675,0.06417216721672173,-0.02294554455445541,-0.08349284928492845,-0.06273927392739287,-0.1532178217821782,189678.100660066,1.3238245964050286
-0.08378987898789877,-0.08580308030803081,-0.6043371837183719,0.07174367436743675,0.06417216721672173,-0.0029455445544553926,-0.09349284928492846,-0.08273927392739289,-0.1532178217821782,189511.100660066,1.324359369277957
-0.08378987898789877,-0.08580308030803081,-0.6043371837183719,0.07174367436743675,0.06417216721672173,-0.012945544554455402,-0.08349284928492845,-0.07273927392739288,-0.1432178217821782,189748.100660066,1.3277170181274407
-0.08378987898789877,-0.08580308030803081,-0.6043371837183719,0.07174367436743675,0.06417216721672173,-0.012945544554455402,-0.09349284928492846,-0.07273927392739288,-0.1532178217821782,190019.100660066,1.331767988204959
-0.08378987898789877,-0.08580308030803081,-0.6043371837183719,0.061743674367436774,0.05417216721672172,-0.0029455445544553926,-0.08349284928492845,-0.07273927392739288,-0.1632178217821782,190326.100660066,1.336789560317996
-0.08378987898789877,-0.08580308030803081,-0.6043371837183719,0.061743674367436774,0.06417216721672173,0.007054455445544616,-0.08349284928492845,-0.07273927392739288,-0.1532178217821782,189693.100660066,1.336789560317996
-0.08378987898789877,-0.08580308030803081,-0.6043371837183719,0.061743674367436774,0.05417216721672172,0.007054455445544616,-0.09349284928492846,-0.08273927392739289,-0.1532178217821782,188664.100660066,1.3409773826599114
-0.08378987898789877,-0.08580308030803081,-0.6043371837183719,0.08174367436743676,0.07417216721672171,-0.02294554455445541,-0.09349284928492846,-0.09273927392739284,-0.1532178217821782,187759.100660066,1.3443407535552936
-0.08378987898789877,-0.08580308030803081,-0.6043371837183719,0.08174367436743676,0.08417216721672172,-0.02294554455445541,-0.11349284928492842,-0.10273927392739285,-0.1732178217821782,186510.100660066,1.3483416557312005
-0.08378987898789877,-0.08580308030803081,-0.6043371837183719,0.09174367436743677,0.09417216721672172,-0.02294554455445541,-0.13349284928492844,-0.12273927392739287,-0.1732178217821782,185689.100660066,1.3483416557312005
-0.08378987898789877,-0.08580308030803081,-0.6043371837183719,0.09174367436743677,0.09417216721672172,-0.0729455445544554,-0.14349284928492845,-0.15273927392739284,-0.1932178217821782,184694.100660066,1.3527388095855706
-0.08378987898789877,-0.08580308030803081,-0.6043371837183719,0.08174367436743676,0.08417216721672172,-0.06294554455445539,-0.17349284928492842,-0.15273927392739284,-0.18321782178217821,183261.100660066,1.3563572883605985
-0.08378987898789877,-0.08580308030803081,-0.6043371837183719,0.10174367436743678,0.09417216721672172,-0.08294554455445541,-0.18349284928492843,-0.17273927392739286,-0.2032178217821782,181894.100660066,1.3611235141754108
-0.08378987898789877,-0.08580308030803081,-0.6043371837183719,0.08174367436743676,0.07417216721672171,-0.10294554455445543,-0.18349284928492843,-0.18273927392739286,-0.21321782178217819,180673.100660066,1.3643719673156767
-0.08378987898789877,-0.08580308030803081,-0.6043371837183719,0.08174367436743676,0.08417216721672172,-0.10294554455445543,-0.21349284928492845,-0.18273927392739286,-0.2332178217821782,179472.100660066,1.3651263236999505
-0.08378987898789877,-0.08580308030803081,-0.6043371837183719,0.09174367436743677,0.08417216721672172,-0.1329455445544554,-0.21349284928492845,-0.21273927392739284,-0.2332178217821782,177611.100660066,1.3691336631774895
-0.08378987898789877,-0.08580308030803081,-0.6043371837183719,0.08174367436743676,0.07417216721672171,-0.09294554455445542,-0.21349284928492845,-0.20273927392739288,-0.2432178217821782,176016.100660066,1.3722295284271233
-0.08378987898789877,-0.08580308030803081,-0.6043371837183719,0.08174367436743676,0.07417216721672171,-0.10294554455445543,-0.24349284928492843,-0.23273927392739285,-0.2532178217821782,174605.100660066,1.3762871742248528
-0.08378987898789877,-0.08580308030803081,-0.6043371837183719,0.09174367436743677,0.08417216721672172,-0.11294554455445543,-0.23349284928492842,-0.22273927392739284,-0.2432178217821782,173280.100660066,1.3772835254669182
-0.08378987898789877,-0.08580308030803081,-0.6043371837183719,0.08174367436743676,0.08417216721672172,-0.11294554455445543,-0.25349284928492843,-0.24273927392739286,-0.2332178217821782,171867.100660066,1.3812875270843499
-0.08378987898789877,-0.08580308030803081,-0.6043371837183719,0.09174367436743677,0.09417216721672172,-0.11294554455445543,-0.24349284928492843,-0.23273927392739285,-0.2232178217821782,170620.100660066,1.3852672100067167
-0.08378987898789877,-0.08580308030803081,-0.6043371837183719,0.11174367436743679,0.10417216721672173,-0.11294554455445543,-0.23349284928492842,-0.23273927392739285,-0.21321782178217819,169813.100660066,1.3893661022186272
-0.08378987898789877,-0.08580308030803081,-0.6043371837183719,0.13174367436743675,0.1241721672167217,-0.18294554455445539,-0.21349284928492845,-0.20273927392739288,-0.2432178217821782,169554.100660066,1.3893661022186272
-0.08378987898789877,-0.08580308030803081,-0.6043371837183719,0.14174367436743676,0.1241721672167217,-0.17294554455445543,-0.21349284928492845,-0.20273927392739288,-0.2432178217821782,168989.100660066,1.393408012390136
-0.08378987898789877,-0.08580308030803081,-0.6043371837183719,0.12174367436743674,0.11417216721672174,-0.11294554455445543,-0.23349284928492842,-0.21273927392739284,-0.2432178217821782,168382.100660066,1.3971137523651116
-0.08378987898789877,-0.08580308030803081,-0.6043371837183719,0.13174367436743675,0.1441721672167217,-0.15294554455445541,-0.2234928492849284,-0.21273927392739284,-0.2432178217821782,167995.100660066,1.4016322612762444
-0.08378987898789877,-0.08580308030803081,-0.6043371837183719,0.13174367436743675,0.1341721672167217,-0.15294554455445541,-0.2234928492849284,-0.22273927392739284,-0.26321782178217823,167214.100660066,1.4016322612762444
-0.08378987898789877,-0.08580308030803081,-0.6043371837183719,0.12174367436743674,0.1241721672167217,-0.16294554455445542,-0.21349284928492845,-0.21273927392739284,-0.2232178217821782,165799.100660066,1.4056322097778313
-0.08378987898789877,-0.08580308030803081,-0.6043371837183719,0.13174367436743675,0.1341721672167217,-0.16294554455445542,-0.18349284928492843,-0.19273927392739287,-0.2232178217821782,164344.100660066,1.409696054458614
-0.08378987898789877,-0.08580308030803081,-0.6043371837183719,0.11174367436743679,0.11417216721672174,-0.1929455445544554,-0.21349284928492845,-0.20273927392739288,-0.2332178217821782,162725.100660066,1.414634180068969
-0.08378987898789877,-0.08580308030803081,-0.6043371837183719,0.13174367436743675,0.1341721672167217,-0.18294554455445539,-0.19349284928492844,-0.18273927392739286,-0.21321782178217819,161316.100660066,1.414634180068969
-0.08378987898789877,-0.08580308030803081,-0.6043371837183719,0.13174367436743675,0.1341721672167217,-0.1929455445544554,-0.18349284928492843,-0.19273927392739287,-0.21321782178217819,159977.100660066,1.4176330089569085
-0.08378987898789877,-0.08580308030803081,-0.6043371837183719,0.13174367436743675,0.1341721672167217,-0.17294554455445543,-0.18349284928492843,-0.19273927392739287,-0.2032178217821782,158406.100660066,1.4229578495025628
-0.08378987898789877,-0.08580308030803081,-0.6043371837183719,0.14174367436743676,0.1341721672167217,-0.18294554455445539,-0.18349284928492843,-0.18273927392739286,-0.2232178217821782,156873.100660066,1.4261786460876458
-0.08378987898789877,-0.08580308030803081,-0.6043371837183719,0.15174367436743677,0.15417216721672172,-0.16294554455445542,-0.18349284928492843,-0.18273927392739286,-0.2432178217821782,155866.100660066,1.4272548675537102
-0.08378987898789877,-0.08580308030803081,-0.6043371837183719,0.15174367436743677,0.1441721672167217,-0.15294554455445541,-0.19349284928492844,-0.20273927392739288,-0.2032178217821782,154373.100660066,1.4302739620208769
-0.08378987898789877,-0.08580308030803081,-0.6043371837183719,0.14174367436743676,0.15417216721672172,-0.1929455445544554,-0.19349284928492844,-0.19273927392739287,-0.2232178217821782,153208.100660066,1.4343165874481194
-0.08378987898789877,-0.08580308030803081,-0.6043371837183719,0.16174367436743678,0.16417216721672173,-0.2029455445544554,-0.18349284928492843,-0.17273927392739286,-0.2032178217821782,152775.100660066,1.4384560108184807
-0.08378987898789877,-0.08580308030803081,-0.6043371837183719,0.16174367436743678,0.16417216721672173,-0.18294554455445539,-0.19349284928492844,-0.20273927392739288,-0.1932178217821782,152456.100660066,1.4428572177886956
-0.08378987898789877,-0.08580308030803081,-0.6043371837183719,0.16174367436743678,0.17417216721672174,-0.18294554455445539,-0.18349284928492843,-0.16273927392739285,-0.2032178217821782,151481.100660066,1.4428572177886956
-0.08378987898789877,-0.08580308030803081,-0.6043371837183719,0.18174367436743674,0.1841721672167217,-0.1929455445544554,-0.1634928492849284,-0.15273927392739284,-0.2032178217821782,151018.100660066,1.4464683055877678
-0.08378987898789877,-0.08580308030803081,-0.6043371837183719,0.18174367436743674,0.1841721672167217,-0.2029455445544554,-0.17349284928492842,-0.17273927392739286,-0.2032178217821782,150445.100660066,1.4508709430694537
-0.08378987898789877,-0.08580308030803081,-0.6043371837183719,0.19174367436743675,0.1841721672167217,-0.18294554455445539,-0.19349284928492844,-0.15273927392739284,-0.1932178217821782,149370.100660066,1.4548770904541009
-0.08378987898789877,-0.08580308030803081,-0.6043371837183719,0.19174367436743675,0.1841721672167217,-0.18294554455445539,-0.17349284928492842,-0.16273927392739285,-0.1932178217821782,148659.100660066,1.4548770904541009
-0.08378987898789877,-0.08580308030803081,-0.6043371837183719,0.1717436743674368,0.1841721672167217,-0.17294554455445543,-0.20349284928492845,-0.19273927392739287,-0.1932178217821782,148064.100660066,1.459876489639278
-0.08378987898789877,-0.08580308030803081,-0.6043371837183719,0.18174367436743674,0.17417216721672174,-0.1929455445544554,-0.19349284928492844,-0.18273927392739286,-0.1932178217821782,147711.100660066,1.4638771533966057
-0.08378987898789877,-0.08580308030803081,-0.6043371837183719,0.18174367436743674,0.17417216721672174,-0.18294554455445539,-0.20349284928492845,-0.19273927392739287,-0.18321782178217821,147260.100660066,1.4670583724975579
-0.08378987898789877,-0.08580308030803081,-0.6043371837183719,0.18174367436743674,0.1941721672167217,-0.17294554455445543,-0.21349284928492845,-0.19273927392739287,-0.2032178217821782,146775.100660066,1.468115043640136
-0.08378987898789877,-0.08580308030803081,-0.6043371837183719,0.19174367436743675,0.1841721672167217,-0.1929455445544554,-0.20349284928492845,-0.20273927392739288,-0.2032178217821782,146720.100660066,1.4711119651794426
-0.08378987898789877,-0.08580308030803081,-0.6043371837183719,0.18174367436743674,0.1841721672167217,-0.17294554455445543,-0.19349284928492844,-0.18273927392739286,-0.1932178217821782,146927.100660066,1.47623963356018
-0.08378987898789877,-0.08580308030803081,-0.6043371837183719,0.20174367436743676,0.1941721672167217,-0.16294554455445542,-0.18349284928492843,-0.17273927392739286,-0.1932178217821782,146796.100660066,1.4795865535736077
-0.08378987898789877,-0.08580308030803081,-0.6043371837183719,0.20174367436743676,0.1841721672167217,-0.16294554455445542,-0.17349284928492842,-0.17273927392739286,-0.18321782178217821,146897.100660066,1.4805824279785185
-0.08378987898789877,-0.08580308030803081,-0.6043371837183719,0.19174367436743675,0.1841721672167217,-0.16294554455445542,-0.17349284928492842,-0.17273927392739286,-0.1932178217821782,146812.100660066,1.4836172580718987
-0.08378987898789877,-0.08580308030803081,-0.6043371837183719,0.19174367436743675,0.1941721672167217,-0.15294554455445541,-0.18349284928492843,-0.18273927392739286,-0.18321782178217821,146621.100660066,1.4876172065734856
-0.08378987898789877,-0.08580308030803081,-0.6043371837183719,0.20174367436743676,0.21417216721672172,-0.16294554455445542,-0.1634928492849284,-0.15273927392739284,-0.1932178217821782,146224.100660066,1.4920966148376458
-0.08378987898789877,-0.08580308030803081,-0.6043371837183719,0.21174367436743677,0.2041721672167217,-0.17294554455445543,-0.1634928492849284,-0.15273927392739284,-0.2032178217821782,145763.100660066,1.4920966148376458
-0.08378987898789877,-0.08580308030803081,-0.6043371837183719,0.20174367436743676,0.2041721672167217,-0.16294554455445542,-0.14349284928492845,-0.13273927392739288,-0.2032178217821782,145328.100660066,1.4956328392028801
-0.08378987898789877,-0.08580308030803081,-0.6043371837183719,0.20174367436743676,0.1941721672167217,-0.1429455445544554,-0.1634928492849284,-0.15273927392739284,-0.18321782178217821,144703.100660066,1.5007397651672392
-0.08378987898789877,-0.08580308030803081,-0.6043371837183719,0.20174367436743676,0.1941721672167217,-0.15294554455445541,-0.14349284928492845,-0.14273927392739288,-0.1932178217821782,143718.100660066,1.503653717041015
-0.08378987898789877,-0.08580308030803081,-0.6043371837183719,0.20174367436743676,0.21417216721672172,-0.1429455445544554,-0.15349284928492846,-0.14273927392739288,-0.1932178217821782,142511.100660066,1.503653717041015
-0.08378987898789877,-0.08580308030803081,-0.6043371837183719,0.21174367436743677,0.21417216721672172,-0.15294554455445541,-0.17349284928492842,-0.17273927392739286,-0.1932178217821782,141678.100660066,1.5077070713043206
-0.08378987898789877,-0.08580308030803081,-0.6043371837183719,0.22174367436743678,0.22417216721672173,-0.1429455445544554,-0.13349284928492844,-0.12273927392739287,-0.2032178217821782,140613.100660066,1.5117070198059075
-0.08378987898789877,-0.08580308030803081,-0.6043371837183719,0.23174367436743679,0.22417216721672173,-0.1429455445544554,-0.13349284928492844,-0.12273927392739287,-0.21321782178217819,139516.100660066,1.5167154788970905
-0.08378987898789877,-0.08580308030803081,-0.6043371837183719,0.22174367436743678,0.21417216721672172,-0.1329455445544554,-0.11349284928492842,-0.10273927392739285,-0.2032178217821782,138557.100660066,1.5198556900024407
-0.08378987898789877,-0.08580308030803081,-0.6043371837183719,0.22174367436743678,0.22417216721672173,-0.12294554455445539,-0.12349284928492843,-0.10273927392739285,-0.18321782178217821,137396.100660066,1.5209075927734403
-0.08378987898789877,-0.08580308030803081,-0.6043371837183719,0.22174367436743678,0.21417216721672172,-0.12294554455445539,-0.11349284928492842,-0.10273927392739285,-0.2032178217821782,136177.100660066,1.523994874954223
-0.08378987898789877,-0.08580308030803081,-0.6043371837183719,0.21174367436743677,0.21417216721672172,-0.1329455445544554,-0.13349284928492844,-0.13273927392739288,-0.21321782178217819,134542.100660066,1.5293180465698235
-0.08378987898789877,-0.08580308030803081,-0.6043371837183719,0.21174367436743677,0.21417216721672172,-0.1329455445544554,-0.08349284928492845,-0.08273927392739289,-0.1932178217821782,133615.100660066,1.532563400268554
-0.08378987898789877,-0.08580308030803081,-0.6043371837183719,0.21174367436743677,0.21417216721672172,-0.1429455445544554,-0.13349284928492844,-0.12273927392739287,-0.2232178217821782,132072.100660066,1.5333179950714104
-0.08378987898789877,-0.08580308030803081,-0.6043371837183719,0.21174367436743677,0.21417216721672172,-0.15294554455445541,-0.09349284928492846,-0.10273927392739285,-0.2232178217821782,130587.100660066,1.537317943573001
-0.08378987898789877,-0.08580308030803081,-0.6043371837183719,0.21174367436743677,0.22417216721672173,-0.1429455445544554,-0.12349284928492843,-0.11273927392739286,-0.21321782178217819,129654.100660066,1.5413181304931634
-0.08378987898789877,-0.08580308030803081,-0.6043371837183719,0.22174367436743678,0.22417216721672173,-0.15294554455445541,-0.12349284928492843,-0.12273927392739287,-0.2232178217821782,128643.100660066,1.5449366092681878
-0.08378987898789877,-0.08580308030803081,-0.6043371837183719,0.23174367436743679,0.2441721672167217,-0.1329455445544554,-0.13349284928492844,-0.13273927392739288,-0.2232178217821782,127858.100660066,1.5459930419921868
-0.08378987898789877,-0.08580308030803081,-0.6043371837183719,0.24174367436743674,0.23417216721672174,-0.1429455445544554,-0.12349284928492843,-0.11273927392739286,-0.2332178217821782,126853.100660066,1.5489875793457024
-0.08378987898789877,-0.08580308030803081,-0.6043371837183719,0.24174367436743674,0.2441721672167217,-0.1329455445544554,-0.14349284928492845,-0.14273927392739288,-0.2332178217821782,126128.100660066,1.55405945777893
-0.08378987898789877,-0.08580308030803081,-0.6043371837183719,0.2517436743674367,0.2441721672167217,-0.1329455445544554,-0.12349284928492843,-0.13273927392739288,-0.2432178217821782,125681.100660066,1.5566226959228509
-0.08378987898789877,-0.08580308030803081,-0.6043371837183719,0.24174367436743674,0.2441721672167217,-0.12294554455445539,-0.12349284928492843,-0.11273927392739286,-0.2032178217821782,125114.100660066,1.5576810359954827
-0.08378987898789877,-0.08580308030803081,-0.6043371837183719,0.24174367436743674,0.2441721672167217,-0.1329455445544554,-0.09349284928492846,-0.08273927392739289,-0.21321782178217819,124733.100660066,1.5621952533721917
-0.08378987898789877,-0.08580308030803081,-0.6043371837183719,0.2517436743674367,0.2541721672167217,-0.1329455445544554,-0.08349284928492845,-0.07273927392739288,-0.2232178217821782,124356.100660066,1.565191459655761
-0.06378987898789877,-0.06580308030803081,-0.6043371837183719,0.2517436743674367,0.2441721672167217,-0.12294554455445539,-0.11349284928492842,-0.09273927392739284,-0.2032178217821782,123815.100660066,1.570356798172
-0.03378987898789877,-0.03580308030803081,-0.6043371837183719,0.2517436743674367,0.2541721672167217,-0.1329455445544554,-0.08349284928492845,-0.08273927392739289,-0.2032178217821782,122874.100660066,1.570356798172
-0.023789878987898777,-0.025803080308030815,-0.6043371837183719,0.2517436743674367,0.2541721672167217,-0.10294554455445543,-0.08349284928492845,-0.07273927392739288,-0.21321782178217819,121905.100660066,1.5733367919921868
-0.003789878987898773,0.014196919691969193,-0.6043371837183719,0.24174367436743674,0.2541721672167217,-0.09294554455445542,-0.07349284928492844,-0.07273927392739288,-0.21321782178217819,120932.100660066,1.5773472309112506
0.07621012101210123,0.0841969196919692,-0.5843371837183718,0.24174367436743674,0.2441721672167217,-0.0729455445544554,-0.08349284928492845,-0.06273927392739287,-0.1932178217821782,119893.100660066,1.5813378810882561
0.11621012101210124,0.13419691969196917,-0.5843371837183718,0.24174367436743674,0.2441721672167217,-0.0729455445544554,-0.07349284928492844,-0.05273927392739286,-0.2032178217821782,119404.100660066,1.585526418685916
0.15621012101210122,0.1741969196919692,-0.5843371837183718,0.23174367436743679,0.2441721672167217,-0.0729455445544554,-0.043492849284928414,-0.04273927392739285,-0.1932178217821782,118711.100660066,1.585526418685916
0.2862101210121012,0.2941969196919692,-0.5343371837183719,0.23174367436743679,0.23417216721672174,-0.0729455445544554,-0.03349284928492846,-0.03273927392739284,-0.2032178217821782,118048.100660066,1.5901059627532952
0.36621012101210126,0.3641969196919692,-0.5143371837183719,0.23174367436743679,0.23417216721672174,-0.03294554455445542,-0.03349284928492846,-0.02273927392739289,-0.18321782178217821,117503.100660066,1.594809961318969
0.4462101210121012,0.4441969196919692,-0.4943371837183719,0.22174367436743678,0.22417216721672173,0.04705445544554454,-0.043492849284928414,-0.03273927392739284,-0.18321782178217821,116944.100660066,1.598044824600219
0.5462101210121012,0.5641969196919692,-0.3843371837183719,0.21174367436743677,0.21417216721672172,-0.02294554455445541,-0.05349284928492842,-0.04273927392739285,-0.18321782178217821,116373.100660066,1.5988096714019768
0.7262101210121013,0.7441969196919691,-0.3743371837183719,0.20174367436743676,0.2041721672167217,0.027054455445544634,-0.03349284928492846,-0.02273927392739289,-0.1732178217821782,115896.100660066,1.6028093814849846
0.8262101210121012,0.8341969196919692,-0.23433718371837187,0.18174367436743674,0.17417216721672174,0.04705445544554454,-0.043492849284928414,-0.03273927392739284,-0.1532178217821782,115505.100660066,1.6068303108215325
0.9862101210121013,0.9941969196919692,-0.1343371837183719,0.15174367436743677,0.17417216721672174,0.1270544554455446,-0.043492849284928414,-0.03273927392739284,-0.1632178217821782,114798.100660066,1.6108097553253202
1.066210121012101,1.0741969196919692,-0.024337183718371902,0.16174367436743678,0.16417216721672173,0.09705445544554459,-0.043492849284928414,-0.03273927392739284,-0.1632178217821782,114469.100660066,1.6108097553253202
1.1962101210121012,1.1941969196919693,0.08566281628162808,0.16174367436743678,0.16417216721672173,0.14705445544554463,-0.05349284928492842,-0.05273927392739286,-0.1732178217821782,113960.100660066,1.6146490097045891
1.316210121012101,1.3341969196919692,0.26566281628162813,0.15174367436743677,0.15417216721672172,0.17705445544554455,-0.06349284928492843,-0.06273927392739287,-0.18321782178217821,113275.100660066,1.6186911582946806
1.4262101210121012,1.4341969196919693,0.3256628162816282,0.16174367436743678,0.17417216721672174,0.19705445544554456,-0.08349284928492845,-0.07273927392739288,-0.1732178217821782,112314.100660066,1.622474145889278
1.5362101210121013,1.5441969196919691,0.3756628162816281,0.15174367436743677,0.16417216721672173,0.2470544554455446,-0.10349284928492841,-0.10273927392739285,-0.18321782178217821,111893.100660066,1.623524856567382
1.6862101210121012,1.6941969196919693,0.525662816281628,0.15174367436743677,0.16417216721672173,0.20705445544554457,-0.12349284928492843,-0.11273927392739286,-0.1732178217821782,111782.100660066,1.6266600608825676
1.806210121012101,1.8141969196919692,0.6956628162816282,0.14174367436743676,0.15417216721672172,0.20705445544554457,-0.12349284928492843,-0.13273927392739288,-0.1732178217821782,111237.100660066,1.6305620193481438
1.8862101210121012,1.9041969196919692,0.8856628162816281,0.16174367436743678,0.17417216721672174,0.16705445544554454,-0.14349284928492845,-0.14273927392739288,-0.1932178217821782,110932.100660066,1.635597896575927
2.006210121012101,2.0141969196919693,0.9756628162816282,0.15174367436743677,0.16417216721672173,0.15705445544554464,-0.15349284928492846,-0.16273927392739285,-0.21321782178217819,110441.100660066,1.635597896575927
2.066210121012101,2.0741969196919694,1.0856628162816282,0.15174367436743677,0.16417216721672173,0.16705445544554454,-0.14349284928492845,-0.15273927392739284,-0.2032178217821782,109732.100660066,1.6396059513092034
2.1562101210121014,2.174196919691969,1.1856628162816283,0.14174367436743676,0.15417216721672172,0.18705445544554455,-0.17349284928492842,-0.16273927392739285,-0.21321782178217819,109601.100660066,1.6436271190643303
2.256210121012101,2.2641969196919693,1.305662816281628,0.12174367436743674,0.1341721672167217,0.14705445544554463,-0.1634928492849284,-0.17273927392739286,-0.21321782178217819,109604.100660066,1.6480471611022907
2.316210121012101,2.3241969196919694,1.3756628162816282,0.12174367436743674,0.1341721672167217,0.1270544554455446,-0.1634928492849284,-0.17273927392739286,-0.21321782178217819,108707.100660066,1.6480471611022907
2.3862101210121014,2.3941969196919692,1.4756628162816283,0.12174367436743674,0.1441721672167217,0.1170544554455446,-0.17349284928492842,-0.16273927392739285,-0.21321782178217819,108312.100660066,1.6511957168579094
2.4562101210121012,2.4541969196919693,1.6156628162816284,0.11174367436743679,0.1341721672167217,0.06705445544554456,-0.17349284928492842,-0.18273927392739286,-0.2232178217821782,107877.100660066,1.6562623500824003
2.5162101210121013,2.5141969196919693,1.715662816281628,0.10174367436743678,0.10417216721672173,0.05705445544554455,-0.19349284928492844,-0.20273927392739288,-0.2332178217821782,107568.100660066,1.6603581428527825
2.5762101210121013,2.584196919691969,1.7956628162816282,0.08174367436743676,0.10417216721672173,0.05705445544554455,-0.20349284928492845,-0.19273927392739287,-0.2232178217821782,107529.100660066,1.6637486934661858
2.6362101210121014,2.6441969196919692,1.8756628162816282,0.08174367436743676,0.10417216721672173,0.04705445544554454,-0.2234928492849284,-0.21273927392739284,-0.2332178217821782,107130.100660066,1.6637486934661858
2.686210121012101,2.6841969196919693,1.965662816281628,0.09174367436743677,0.10417216721672173,0.007054455445544616,-0.2234928492849284,-0.22273927392739284,-0.2432178217821782,106633.100660066,1.6677507877349846
2.736210121012101,2.7441969196919693,2.025662816281628,0.08174367436743676,0.10417216721672173,0.007054455445544616,-0.23349284928492842,-0.23273927392739285,-0.2332178217821782,106878.100660066,1.6727509021759026
2.796210121012101,2.8041969196919694,2.0756628162816284,0.061743674367436774,0.07417216721672171,0.007054455445544616,-0.24349284928492843,-0.24273927392739286,-0.2332178217821782,106879.100660066,1.6761106967926018
2.836210121012101,2.8441969196919694,2.1356628162816285,0.061743674367436774,0.08417216721672172,-0.05294554455445544,-0.25349284928492843,-0.25273927392739287,-0.2432178217821782,106752.100660066,1.6770400524139397
2.8862101210121014,2.8841969196919695,2.1856628162816283,0.061743674367436774,0.08417216721672172,-0.05294554455445544,-0.26349284928492844,-0.27273927392739283,-0.2432178217821782,106739.100660066,1.6800038337707512
2.916210121012101,2.924196919691969,2.2656628162816284,0.041743674367436756,0.05417216721672172,-0.08294554455445541,-0.26349284928492844,-0.2627392739273928,-0.2432178217821782,106746.100660066,1.6838163852691643
2.9562101210121012,2.944196919691969,2.315662816281628,0.051743674367436765,0.06417216721672173,-0.08294554455445541,-0.27349284928492845,-0.27273927392739283,-0.2432178217821782,106791.100660066,1.6888291358947711
2.9762101210121013,2.984196919691969,2.3456628162816284,0.051743674367436765,0.06417216721672173,-0.09294554455445542,-0.27349284928492845,-0.27273927392739283,-0.2532178217821782,107204.100660066,1.6888291358947711
3.006210121012101,3.004196919691969,2.405662816281628,0.051743674367436765,0.06417216721672173,-0.11294554455445543,-0.27349284928492845,-0.28273927392739284,-0.2532178217821782,107229.100660066,1.6922859668731682
3.0362101210121013,3.0341969196919694,2.4556628162816283,0.041743674367436756,0.05417216721672172,-0.11294554455445543,-0.28349284928492846,-0.28273927392739284,-0.2532178217821782,107118.100660066,1.6967772960662835
3.046210121012101,3.044196919691969,2.4956628162816283,0.041743674367436756,0.05417216721672172,-0.12294554455445539,-0.27349284928492845,-0.27273927392739283,-0.2532178217821782,106799.100660066,1.7007772445678704
3.066210121012101,3.064196919691969,2.525662816281628,0.041743674367436756,0.05417216721672172,-0.11294554455445543,-0.27349284928492845,-0.28273927392739284,-0.2532178217821782,106910.100660066,1.7007772445678704
3.0762101210121013,3.0741969196919694,2.5556628162816284,0.041743674367436756,0.05417216721672172,-0.12294554455445539,-0.27349284928492845,-0.28273927392739284,-0.2532178217821782,107125.100660066,1.704769563674926
3.0962101210121014,3.0941969196919694,2.5956628162816284,0.041743674367436756,0.06417216721672173,-0.1429455445544554,-0.27349284928492845,-0.28273927392739284,-0.2532178217821782,107144.100660066,1.7087914466857903
3.106210121012101,3.1141969196919694,2.6356628162816285,0.041743674367436756,0.05417216721672172,-0.15294554455445541,-0.27349284928492845,-0.28273927392739284,-0.26321782178217823,107173.100660066,1.713948202133178
3.1162101210121014,3.124196919691969,2.6856628162816283,0.041743674367436756,0.05417216721672172,-0.17294554455445543,-0.27349284928492845,-0.28273927392739284,-0.2532178217821782,107308.100660066,1.713948202133178
3.126210121012101,3.124196919691969,2.695662816281628,0.041743674367436756,0.06417216721672173,-0.16294554455445542,-0.28349284928492846,-0.28273927392739284,-0.26321782178217823,107197.100660066,1.7164101123809807
3.126210121012101,3.1341969196919695,2.715662816281628,0.041743674367436756,0.05417216721672172,-0.17294554455445543,-0.28349284928492846,-0.28273927392739284,-0.2532178217821782,107034.100660066,1.7214364528655999
3.146210121012101,3.1541969196919695,2.735662816281628,0.041743674367436756,0.05417216721672172,-0.1929455445544554,-0.28349284928492846,-0.28273927392739284,-0.2532178217821782,106861.100660066,1.7254521369934075
3.0562101210121013,3.0541969196919694,2.655662816281628,0.13174367436743675,0.1441721672167217,-0.09294554455445542,-0.29349284928492847,-0.28273927392739284,-0.2532178217821782,106588.100660066,1.7290672779083245
3.0562101210121013,3.044196919691969,2.675662816281628,0.14174367436743676,0.16417216721672173,-0.0729455445544554,-0.28349284928492846,-0.28273927392739284,-0.2532178217821782,106411.100660066,1.7301218032836907
3.1562101210121014,3.044196919691969,2.675662816281628,0.15174367436743677,0.16417216721672173,-0.08294554455445541,-0.27349284928492845,-0.28273927392739284,-0.2532178217821782,106092.100660066,1.7328683853149407
3.026210121012101,3.0341969196919694,2.6856628162816283,0.16174367436743678,0.1841721672167217,-0.0729455445544554,-0.27349284928492845,-0.28273927392739284,-0.2532178217821782,106021.100660066,1.7379192829132073
3.166210121012101,3.174196919691969,2.675662816281628,0.19174367436743675,0.2041721672167217,-0.04294554455445543,-0.28349284928492846,-0.28273927392739284,-0.2532178217821782,106066.100660066,1.7415909290313678
3.0162101210121013,2.9941969196919693,2.675662816281628,0.20174367436743676,0.21417216721672172,-0.05294554455445544,-0.28349284928492846,-0.28273927392739284,-0.2532178217821782,105855.100660066,1.7425539016723626
2.8262101210121013,2.8041969196919694,2.425662816281628,0.4517436743674368,0.4641721672167217,0.20705445544554457,-0.28349284928492846,-0.28273927392739284,-0.26321782178217823,105286.100660066,1.7455067157745354
2.856210121012101,2.854196919691969,2.5756628162816284,0.3117436743674368,0.3341721672167217,0.08705445544554458,-0.27349284928492845,-0.28273927392739284,-0.2532178217821782,104763.100660066,1.7493876934051507
2.9562101210121012,2.7641969196919693,2.4956628162816283,0.40174367436743674,0.3141721672167217,0.06705445544554456,-0.27349284928492845,-0.27273927392739283,-0.2532178217821782,104268.100660066,1.75352234840393
2.7662101210121013,2.754196919691969,2.4956628162816283,0.40174367436743674,0.4141721672167217,0.16705445544554454,-0.27349284928492845,-0.27273927392739283,-0.2532178217821782,103717.100660066,1.75352234840393
2.856210121012101,2.854196919691969,2.605662816281628,0.3117436743674368,0.3141721672167217,0.07705445544554457,-0.27349284928492845,-0.27273927392739283,-0.2532178217821782,103350.100660066,1.758426141738891
2.7062101210121012,2.714196919691969,2.4756628162816283,0.43174367436743677,0.4541721672167217,0.19705445544554456,-0.26349284928492844,-0.27273927392739283,-0.2532178217821782,102633.100660066,1.7616960525512688
2.676210121012101,2.674196919691969,2.445662816281628,0.2517436743674367,0.2641721672167217,0.017054455445544625,-0.25349284928492843,-0.25273927392739287,-0.2532178217821782,101852.100660066,1.7664258003234856
3.0762101210121013,2.8841969196919695,2.675662816281628,0.26174367436743673,0.29417216721672174,0.04705445544554454,-0.25349284928492843,-0.2627392739273928,-0.2532178217821782,101763.100660066,1.7664258003234856
2.696210121012101,2.694196919691969,2.425662816281628,0.4817436743674368,0.5041721672167218,0.2570544554455446,-0.24349284928492843,-0.25273927392739287,-0.2532178217821782,101602.100660066,1.7707547664642362
2.646210121012101,2.6341969196919695,2.425662816281628,0.4817436743674368,0.5041721672167218,0.2670544554455446,-0.25349284928492843,-0.2627392739273928,-0.2532178217821782,100877.100660066,1.7743861198425286
2.6162101210121014,2.604196919691969,2.405662816281628,0.5017436743674368,0.6141721672167217,0.3870544554455446,-0.25349284928492843,-0.25273927392739287,-0.2532178217821782,99988.100660066,1.778431844711303
2.416210121012101,2.4141969196919693,2.175662816281628,0.6917436743674368,0.7241721672167217,0.4770544554455446,-0.26349284928492844,-0.27273927392739283,-0.2532178217821782,99031.100660066,1.7794773101806634
2.3862101210121014,2.374196919691969,2.1856628162816283,0.7017436743674368,0.6941721672167217,0.44705445544554456,-0.26349284928492844,-0.27273927392739283,-0.2532178217821782,98388.100660066,1.7828397274017327
2.376210121012101,2.374196919691969,2.175662816281628,0.7117436743674368,0.7541721672167218,0.5070544554455446,-0.25349284928492843,-0.2627392739273928,-0.2532178217821782,97697.100660066,1.7867941379547112
2.3062101210121013,2.314196919691969,2.1156628162816284,0.7717436743674367,0.7641721672167218,0.5370544554455446,-0.26349284928492844,-0.27273927392739283,-0.2532178217821782,97000.100660066,1.7898373126983635
2.2462101210121013,2.2441969196919693,2.0556628162816284,0.8217436743674368,0.8341721672167217,0.5870544554455447,-0.25349284928492843,-0.2627392739273928,-0.2532178217821782,96693.100660066,1.7913519859313993
2.186210121012101,2.2041969196919693,2.0156628162816284,0.8517436743674368,0.8541721672167217,0.6170544554455445,-0.24349284928492843,-0.25273927392739287,-0.2532178217821782,95660.100660066,1.7945954322814899
2.356210121012101,2.3641969196919694,1.9956628162816283,0.8717436743674368,0.8841721672167218,0.6270544554455445,-0.26349284928492844,-0.2627392739273928,-0.2532178217821782,94423.100660066,1.7986945629119866
1.9962101210121013,2.0141969196919693,1.8456628162816284,0.9717436743674367,0.9841721672167216,0.6470544554455445,-0.23349284928492842,-0.24273927392739286,-0.2532178217821782,93758.100660066,1.803465795516967
2.066210121012101,2.0741969196919694,1.905662816281628,0.9317436743674369,0.9441721672167218,0.6770544554455445,-0.23349284928492842,-0.23273927392739285,-0.2532178217821782,93031.100660066,1.8067297458648675
2.0162101210121013,2.024196919691969,1.8856628162816285,0.9617436743674367,0.9741721672167216,0.7070544554455446,-0.2234928492849284,-0.24273927392739286,-0.2532178217821782,91538.100660066,1.8074821949005155
1.9562101210121012,1.9941969196919693,1.8556628162816282,1.0117436743674366,0.9141721672167218,0.6370544554455445,-0.21349284928492845,-0.22273927392739284,-0.2532178217821782,90331.100660066,1.8121056079864495
1.9162101210121012,1.924196919691969,1.8456628162816284,1.0717436743674367,1.0841721672167217,0.7270544554455446,-0.23349284928492842,-0.24273927392739286,-0.2532178217821782,88836.100660066,1.8154341697692864
1.8662101210121012,1.8741969196919692,1.8356628162816282,1.1317436743674367,1.1441721672167218,0.7470544554455446,-0.21349284928492845,-0.21273927392739284,-0.2432178217821782,87643.100660066,1.8186721324920647
1.7462101210121013,1.7641969196919693,1.715662816281628,1.2117436743674366,1.2241721672167216,0.8070544554455447,-0.19349284928492844,-0.21273927392739284,-0.2432178217821782,86572.100660066,1.8197350025176995
1.6962101210121012,1.7141969196919693,1.655662816281628,1.2817436743674366,1.2941721672167217,0.9270544554455445,-0.18349284928492843,-0.19273927392739287,-0.2432178217821782,85215.100660066,1.8238739490509026
1.6462101210121012,1.6641969196919693,1.6356628162816285,1.3017436743674367,1.3241721672167217,0.8770544554455445,-0.18349284928492843,-0.19273927392739287,-0.2432178217821782,83628.100660066,1.8274540424346881
1.6162101210121012,1.6241969196919692,1.6056628162816282,1.3617436743674367,1.3841721672167218,0.9070544554455445,-0.18349284928492843,-0.19273927392739287,-0.2432178217821782,82343.100660066,1.8317925453186028
1.5862101210121011,1.6041969196919692,1.6156628162816284,1.4017436743674367,1.4241721672167218,0.9070544554455445,-0.17349284928492842,-0.19273927392739287,-0.2432178217821782,80930.100660066,1.8318461894989007
1.556210121012101,1.5741969196919692,1.5856628162816282,1.4717436743674366,1.4841721672167216,0.9270544554455445,-0.18349284928492843,-0.19273927392739287,-0.2432178217821782,79389.100660066,1.835776758193969
1.5062101210121013,1.5241969196919694,1.5256628162816281,1.5217436743674366,1.5441721672167217,0.9770544554455446,-0.18349284928492843,-0.20273927392739288,-0.2432178217821782,78010.100660066,1.8403250694274895
1.4862101210121013,1.4941969196919693,1.485662816281628,1.5617436743674367,1.5741721672167217,1.0070544554455445,-0.17349284928492842,-0.19273927392739287,-0.2432178217821782,76879.100660066,1.8437449455261223
1.4262101210121012,1.4441969196919693,1.465662816281628,1.6117436743674367,1.6341721672167218,1.0270544554455445,-0.17349284928492842,-0.19273927392739287,-0.2332178217821782,76000.100660066,1.8447901725769036
1.4062101210121012,1.4341969196919693,1.445662816281628,1.6517436743674367,1.6741721672167218,1.0670544554455446,-0.18349284928492843,-0.20273927392739288,-0.2332178217821782,74947.100660066,1.8478857994079583
1.3662101210121012,1.3841969196919692,1.385662816281628,1.7117436743674366,1.7241721672167216,1.1070544554455446,-0.19349284928492844,-0.21273927392739284,-0.2332178217821782,73382.100660066,1.8528859138488798
1.3362101210121011,1.3541969196919692,1.3956628162816282,1.8117436743674367,1.7841721672167217,1.1370544554455444,-0.19349284928492844,-0.21273927392739284,-0.2332178217821782,72043.100660066,1.856886339187625
1.306210121012101,1.3241969196919692,1.345662816281628,1.8317436743674367,1.8441721672167215,1.1670544554455446,-0.20349284928492845,-0.23273927392739285,-0.2332178217821782,71014.100660066,1.856886339187625
1.2562101210121013,1.2741969196919694,1.3556628162816282,1.9117436743674368,1.9341721672167218,1.1870544554455447,-0.2234928492849284,-0.23273927392739285,-0.2332178217821782,70075.100660066,1.8608862876892083
1.2462101210121013,1.2641969196919693,1.325662816281628,1.9417436743674366,1.9541721672167218,1.2270544554455447,-0.2234928492849284,-0.24273927392739286,-0.2332178217821782,69498.100660066,1.8648857593536405
1.2262101210121013,1.2341969196919693,1.2956628162816282,2.011743674367437,2.0141721672167217,1.2570544554455445,-0.2234928492849284,-0.24273927392739286,-0.2332178217821782,69001.100660066,1.8691591739654498
1.1762101210121012,1.1941969196919693,1.2756628162816281,2.051743674367437,2.0541721672167217,1.2870544554455448,-0.2234928492849284,-0.23273927392739285,-0.2332178217821782,68526.100660066,1.872454357147216
1.1362101210121012,1.1641969196919693,1.235662816281628,2.101743674367437,2.1141721672167213,1.3270544554455448,-0.2234928492849284,-0.24273927392739286,-0.2332178217821782,68849.100660066,1.872454357147216
1.0962101210121011,1.1241969196919692,1.195662816281628,2.1317436743674367,2.1541721672167213,1.3770544554455446,-0.2234928492849284,-0.24273927392739286,-0.2332178217821782,68254.100660066,1.876566839218139
1.0862101210121011,1.1041969196919692,1.155662816281628,2.1717436743674368,2.1841721672167216,1.4270544554455444,-0.23349284928492842,-0.24273927392739286,-0.2332178217821782,67947.100660066,1.8807792186737018
1.0762101210121011,1.0941969196919692,1.115662816281628,2.211743674367437,2.214172167216722,1.4570544554455447,-0.23349284928492842,-0.25273927392739287,-0.2232178217821782,67412.100660066,1.8848168373107903
1.046210121012101,1.0741969196919692,1.075662816281628,2.221743674367437,2.2341721672167214,1.4670544554455445,-0.24349284928492843,-0.2627392739273928,-0.2232178217821782,67013.100660066,1.8848168373107903
0.7662101210121012,0.7941969196919691,1.075662816281628,2.621743674367437,2.6341721672167218,1.6170544554455448,-0.23349284928492842,-0.2627392739273928,-0.2232178217821782,67072.100660066,1.8898181438446038
0.7362101210121011,0.7641969196919691,1.0456628162816282,2.661743674367437,2.674172167216722,1.6770544554455449,-0.25349284928492843,-0.27273927392739283,-0.2232178217821782,66879.100660066,1.8927475929260247
0.7162101210121012,0.7441969196919691,0.9856628162816282,2.701743674367437,2.7241721672167216,1.7270544554455447,-0.26349284928492844,-0.28273927392739284,-0.2232178217821782,67106.100660066,1.8976563930511468
0.8962101210121012,0.9541969196919692,0.9456628162816282,2.391743674367437,2.4041721672167213,1.6270544554455446,-0.27349284928492845,-0.28273927392739284,-0.2232178217821782,66887.100660066,1.8976563930511468
0.9062101210121012,0.9441969196919692,0.9156628162816282,2.471743674367437,2.4841721672167214,1.697054455445545,-0.27349284928492845,-0.28273927392739284,-0.2232178217821782,66682.100660066,1.9021670341491692
0.8662101210121012,0.8941969196919691,0.8856628162816281,2.441743674367437,2.4441721672167214,1.7070544554455447,-0.27349284928492845,-0.29273927392739285,-0.2232178217821782,66545.100660066,1.9053217887878375
0.8362101210121012,0.8641969196919691,0.8356628162816281,2.501743674367437,2.5141721672167217,1.7570544554455445,-0.27349284928492845,-0.28273927392739284,-0.2232178217821782,66544.100660066,1.9095017433166497
0.8462101210121012,0.8641969196919691,0.8556628162816281,2.461743674367437,2.4741721672167216,1.7370544554455445,-0.28349284928492846,-0.29273927392739285,-0.2232178217821782,66703.100660066,1.9104620933532708
0.8462101210121012,0.8941969196919691,0.8056628162816281,2.471743674367437,2.494172167216722,1.7670544554455447,-0.29349284928492847,-0.30273927392739286,-0.2232178217821782,66844.100660066,1.914102268218997
0.8262101210121012,0.8841969196919691,0.8056628162816281,2.501743674367437,2.5141721672167217,1.7870544554455448,-0.29349284928492847,-0.30273927392739286,-0.2232178217821782,66427.100660066,1.918064785003665
0.8162101210121012,0.8441969196919692,0.7556628162816282,2.511743674367437,2.5241721672167214,1.8270544554455448,-0.3034928492849284,-0.3227392739273929,-0.2232178217821782,66032.100660066,1.9221124172210686
0.8662101210121012,0.8841969196919691,0.7556628162816282,2.511743674367437,2.534172167216722,1.8370544554455446,-0.3034928492849284,-0.3227392739273929,-0.2232178217821782,65745.100660066,1.9221124172210686
0.8062101210121012,0.8341969196919692,0.7156628162816282,2.571743674367437,2.584172167216722,1.8870544554455448,-0.32349284928492844,-0.3227392739273929,-0.2232178217821782,65552.100660066,1.9261123657226555
0.8062101210121012,0.8141969196919692,0.6756628162816282,2.601743674367437,2.6141721672167213,1.9070544554455449,-0.3334928492849284,-0.3327392739273929,-0.2232178217821782,65181.100660066004,1.9301123142242425
0.7762101210121012,0.8041969196919692,0.6856628162816282,2.601743674367437,2.624172167216722,1.9270544554455449,-0.3334928492849284,-0.3427392739273929,-0.2232178217821782,64654.100660066004,1.9348654270172077
0.7862101210121012,0.8041969196919692,0.6656628162816282,2.601743674367437,2.6141721672167213,1.947054455445545,-0.3434928492849284,-0.3327392739273929,-0.2232178217821782,64629.100660066004,1.937686872482299
0.7762101210121012,0.8141969196919692,0.6556628162816281,2.6117436743674367,2.624172167216722,1.9770544554455447,-0.3634928492849284,-0.35273927392739285,-0.2232178217821782,64336.100660066004,1.937686872482299
0.7662101210121012,0.7841969196919691,0.6256628162816281,2.641743674367437,2.6541721672167213,1.9970544554455447,-0.3634928492849284,-0.36273927392739286,-0.2332178217821782,64183.100660066004,1.9431406974792473
0.7562101210121012,0.7641969196919691,0.6156628162816281,2.6517436743674367,2.664172167216722,1.9970544554455447,-0.37349284928492843,-0.37273927392739287,-0.2332178217821782,63452.100660066004,1.9465925216674798
0.7562101210121012,0.7641969196919691,0.6156628162816281,2.661743674367437,2.6341721672167218,1.9970544554455447,-0.38349284928492844,-0.37273927392739287,-0.2332178217821782,62849.100660066004,1.9498598098754876
0.7362101210121011,0.7441969196919691,0.5956628162816281,2.6717436743674368,2.6941721672167214,2.0370544554455448,-0.37349284928492843,-0.37273927392739287,-0.2332178217821782,62670.100660066004,1.9509241104126005
0.7562101210121012,0.7641969196919691,0.5956628162816281,2.6517436743674367,2.664172167216722,2.0070544554455445,-0.3634928492849284,-0.37273927392739287,-0.2332178217821782,62085.100660066004,1.9549285888671868
0.7262101210121013,0.7341969196919691,0.5656628162816281,2.721743674367437,2.7341721672167214,2.0370544554455448,-0.39349284928492845,-0.39273927392739283,-0.2332178217821782,61860.100660066004,1.9589273452758782
0.7262101210121013,0.7341969196919691,0.5556628162816281,2.701743674367437,2.7341721672167214,2.0470544554455445,-0.38349284928492844,-0.39273927392739283,-0.2332178217821782,61643.100660066004,1.9629275321960442
0.7162101210121012,0.7341969196919691,0.545662816281628,2.701743674367437,2.7241721672167216,2.0270544554455445,-0.37349284928492843,-0.3827392739273929,-0.2232178217821782,60764.100660066004,1.9629275321960442
0.7262101210121013,0.7341969196919691,0.545662816281628,2.711743674367437,2.7341721672167214,2.0370544554455448,-0.38349284928492844,-0.3827392739273929,-0.2232178217821782,60251.100660066004,1.966927242279052
0.7162101210121012,0.7241969196919692,0.545662816281628,2.721743674367437,2.7341721672167214,2.0170544554455447,-0.37349284928492843,-0.3827392739273929,-0.2232178217821782,59684.100660066004,1.9709488868713336
0.7062101210121012,0.7141969196919692,0.545662816281628,2.731743674367437,2.754172167216722,2.0170544554455447,-0.38349284928492844,-0.39273927392739283,-0.2232178217821782,59333.100660066004,1.975007486343383
0.6962101210121012,0.7041969196919692,0.39566281628162814,3.101743674367437,3.1341721672167218,2.2270544554455447,-0.37349284928492843,-0.39273927392739283,-0.2232178217821782,59070.100660066004,1.975007486343383
0.3762101210121013,0.3841969196919692,0.42566281628162816,3.081743674367437,3.1141721672167213,2.2270544554455447,-0.3534928492849284,-0.36273927392739286,-0.2232178217821782,58667.100660066004,1.9787334918975823
0.36621012101210126,0.3741969196919692,0.41566281628162816,3.101743674367437,3.124172167216722,2.2070544554455447,-0.3634928492849284,-0.36273927392739286,-0.21321782178217819,58228.100660066004,1.9830886840820305
0.34621012101210125,0.3541969196919692,0.4556628162816282,3.121743674367437,3.1441721672167215,2.1870544554455447,-0.37349284928492843,-0.37273927392739287,-0.2232178217821782,57723.100660066004,1.9864997386932401
0.34621012101210125,0.3541969196919692,0.4456628162816282,3.121743674367437,3.1541721672167213,2.1670544554455446,-0.37349284928492843,-0.37273927392739287,-0.2232178217821782,57434.100660066004,1.9874987125396757
0.34621012101210125,0.3541969196919692,0.4656628162816282,3.1117436743674367,3.1341721672167218,2.157054455445545,-0.3634928492849284,-0.36273927392739286,-0.21321782178217819,57195.100660066004,1.9915608882904046
0.33621012101210124,0.3441969196919692,0.4456628162816282,3.121743674367437,3.1441721672167215,2.1270544554455446,-0.3434928492849284,-0.35273927392739285,-0.21321782178217819,56810.100660066004,1.9950775623321562
0.33621012101210124,0.3441969196919692,0.4356628162816282,3.1117436743674367,3.1341721672167218,2.117054455445545,-0.3634928492849284,-0.36273927392739286,-0.21321782178217819,56471.100660066004,2.0000841140747063
0.32621012101210123,0.3341969196919692,0.4356628162816282,3.121743674367437,3.1441721672167215,2.1070544554455446,-0.3534928492849284,-0.35273927392739285,-0.2032178217821782,56066.100660066004,2.0000841140747063
0.33621012101210124,0.3441969196919692,0.42566281628162816,3.1117436743674367,3.1441721672167215,2.0570544554455448,-0.3334928492849284,-0.3327392739273929,-0.2032178217821782,55721.100660066004,2.003071498870849
0.32621012101210123,0.3341969196919692,0.4356628162816282,3.1117436743674367,3.1341721672167218,2.0370544554455448,-0.32349284928492844,-0.3327392739273929,-0.2032178217821782,55394.100660066004,2.0073084354400628
0.32621012101210123,0.3341969196919692,0.4356628162816282,3.0917436743674367,3.1141721672167213,2.0170544554455447,-0.31349284928492843,-0.3327392739273929,-0.1932178217821782,55119.100660066004,2.012289953231811
0.2962101210121012,0.3141969196919692,0.4456628162816282,3.0917436743674367,3.124172167216722,2.0070544554455445,-0.31349284928492843,-0.3227392739273929,-0.1932178217821782,55162.100660066004,2.0152730464935296
0.2962101210121012,0.3041969196919692,0.4356628162816282,3.0917436743674367,3.124172167216722,1.9970544554455447,-0.31349284928492843,-0.3227392739273929,-0.1932178217821782,54675.100660066004,2.0162891864776604
0.2862101210121012,0.2941969196919692,0.4356628162816282,3.0917436743674367,3.1141721672167213,1.9970544554455447,-0.28349284928492846,-0.29273927392739285,-0.1932178217821782,54040.100660066004,2.0192899227142362
0.2762101210121012,0.2941969196919692,0.4456628162816282,3.061743674367437,3.0941721672167217,1.9770544554455447,-0.28349284928492846,-0.29273927392739285,-0.18321782178217821,53585.100660066004,2.0242611885070794
0.2862101210121012,0.2941969196919692,0.4356628162816282,3.041743674367437,3.084172167216722,1.9770544554455447,-0.25349284928492843,-0.27273927392739283,-0.18321782178217821,53072.100660066004,2.0272590637207024
0.2862101210121012,0.2941969196919692,0.42566281628162816,3.011743674367437,3.0541721672167217,1.967054455445545,-0.2234928492849284,-0.25273927392739287,-0.18321782178217821,52643.100660066004,2.0282616138458245
0.2762101210121012,0.2841969196919692,0.4356628162816282,2.991743674367437,3.034172167216722,1.947054455445545,-0.21349284928492845,-0.23273927392739285,-0.1732178217821782,52640.100660066004,2.032261323928836
0.2762101210121012,0.2841969196919692,0.39566281628162814,2.951743674367437,3.004172167216722,1.9870544554455445,-0.18349284928492843,-0.20273927392739288,-0.1732178217821782,52057.100660066004,2.03642029762268
0.2562101210121013,0.2741969196919692,0.40566281628162815,2.941743674367437,2.9841721672167214,1.9370544554455447,-0.1634928492849284,-0.19273927392739287,-0.1632178217821782,51452.100660066004,2.04018063545227
0.24621012101210124,0.2541969196919692,0.40566281628162815,2.9217436743674368,2.9741721672167216,1.9270544554455449,-0.13349284928492844,-0.16273927392739285,-0.1632178217821782,51159.100660066004,2.041223716735839
0.24621012101210124,0.2641969196919692,0.3756628162816281,2.8817436743674367,2.9341721672167216,1.9270544554455449,-0.10349284928492841,-0.12273927392739287,-0.1532178217821782,51376.100660066004,2.0453183174133294
0.23621012101210123,0.2541969196919692,0.3756628162816281,2.8417436743674367,2.9041721672167213,1.9170544554455446,-0.08349284928492845,-0.11273927392739286,-0.1532178217821782,50991.100660066004,2.048584413528438
0.23621012101210123,0.24419691969196922,0.3656628162816281,2.801743674367437,2.874172167216722,1.9070544554455449,-0.05349284928492842,-0.09273927392739284,-0.1532178217821782,50506.100660066004,2.0523471355438225
0.23621012101210123,0.24419691969196922,0.3756628162816281,2.771743674367437,2.824172167216722,1.8370544554455446,0.006507150715071575,-0.03273927392739284,-0.1432178217821782,50213.100660066004,2.0532910346984856
0.22621012101210122,0.24419691969196922,0.3656628162816281,2.741743674367437,2.794172167216722,1.8270544554455448,0.0365071507150716,-0.0027392739273928712,-0.1432178217821782,50018.100660066004,2.057301712036132
0.23621012101210123,0.24419691969196922,0.3756628162816281,2.681743674367437,2.744172167216722,1.8070544554455448,0.06650715071507152,0.037260726072607164,-0.1332178217821782,49881.100660066004,2.0619692325592034
0.23621012101210123,0.24419691969196922,0.39566281628162814,2.641743674367437,2.704172167216722,1.7870544554455448,0.09650715071507154,0.06726072607260719,-0.1332178217821782,49474.100660066004,2.0656196594238274
0.24621012101210124,0.2541969196919692,0.38566281628162813,2.601743674367437,2.664172167216722,1.7970544554455445,0.13650715071507158,0.0972607260726071,-0.1332178217821782,48841.100660066004,2.0656196594238274
0.22621012101210122,0.2341969196919692,0.3556628162816281,2.561743674367437,2.6341721672167218,1.7570544554455445,0.1865071507150715,0.14726072607260715,-0.12321782178217819,48438.100660066004,2.0697707653045647
0.22621012101210122,0.24419691969196922,0.3356628162816281,2.511743674367437,2.574172167216722,1.7470544554455447,0.23650715071507156,0.1872607260726072,-0.11321782178217821,48205.100660066004,2.073901844024654
0.24621012101210124,0.2541969196919692,0.3556628162816281,2.431743674367437,2.5141721672167217,1.717054455445545,0.2965071507150716,0.24726072607260713,-0.1032178217821782,48080.100660066004,2.077803564071651
0.22621012101210122,0.24419691969196922,0.3756628162816281,2.371743674367437,2.464172167216722,1.6270544554455446,0.35650715071507155,0.3072607260726072,-0.09321782178217819,48035.100660066004,2.0811292648315423
0.22621012101210122,0.2341969196919692,0.3556628162816281,2.331743674367437,2.4041721672167213,1.6070544554455446,0.4165071507150716,0.3572607260726071,-0.08321782178217821,48028.100660066004,2.0818113803863554
0.22621012101210122,0.2341969196919692,0.38566281628162813,2.261743674367437,2.334172167216722,1.5770544554455448,0.47650715071507155,0.40726072607260716,-0.08321782178217821,48055.100660066004,2.085811567306518
0.21621012101210121,0.2241969196919692,0.3656628162816281,2.191743674367437,2.2741721672167214,1.5470544554455445,0.5265071507150716,0.4672607260726071,-0.08321782178217821,47996.100660066004,2.089832496643062
0.21621012101210121,0.2341969196919692,0.41566281628162816,2.121743674367437,2.204172167216722,1.5170544554455447,0.5865071507150716,0.5272607260726072,-0.08321782178217821,48007.100660066004,2.0936793804168694
0.19621012101210125,0.20419691969196918,0.41566281628162816,2.031743674367437,2.124172167216722,1.4670544554455445,0.6865071507150715,0.6072607260726073,-0.0732178217821782,47742.100660066004,2.0936793804168694
0.19621012101210125,0.20419691969196918,0.42566281628162816,1.9717436743674368,2.0541721672167217,1.4270544554455444,0.7565071507150716,0.6772607260726071,-0.06321782178217819,47955.100660066004,2.098117780685424
0.18621012101210124,0.20419691969196918,0.40566281628162815,1.9117436743674368,2.004172167216722,1.3970544554455446,0.8165071507150716,0.7372607260726072,-0.06321782178217819,48286.100660066004,2.103173685073852
0.17621012101210123,0.18419691969196922,0.42566281628162816,1.8617436743674365,1.9641721672167216,1.3770544554455446,0.8765071507150715,0.7872607260726072,-0.05321782178217821,48309.100660066004,2.106284809112548
0.15621012101210122,0.1741969196919692,0.41566281628162816,1.7817436743674366,1.9041721672167216,1.3570544554455446,0.9565071507150715,0.8572607260726073,-0.05321782178217821,48204.100660066004,2.106284809112548
0.16621012101210123,0.1741969196919692,0.38566281628162813,1.7417436743674366,1.8641721672167215,1.3370544554455446,1.0065071507150716,0.9072607260726071,-0.0432178217821782,48347.100660066004,2.110245180130004
0.15621012101210122,0.1741969196919692,0.39566281628162814,1.6817436743674368,1.7941721672167217,1.3170544554455446,1.0765071507150716,0.9672607260726072,-0.03321782178217819,48846.100660066004,2.115241718292239
0.17621012101210123,0.1741969196919692,0.3656628162816281,1.6317436743674367,1.7541721672167216,1.2970544554455445,1.1365071507150715,0.9972607260726072,-0.03321782178217819,48823.100660066004,2.118406724929809
0.16621012101210123,0.1741969196919692,0.3356628162816281,1.5617436743674367,1.7141721672167216,1.3070544554455448,1.2165071507150715,1.0472607260726072,-0.023217821782178183,48750.100660066004,2.119247865676879
0.15621012101210122,0.1741969196919692,0.3256628162816282,1.5117436743674366,1.6641721672167218,1.2570544554455445,1.2765071507150716,1.0972607260726073,-0.013217821782178174,48845.100660066004,2.1232189655303983
0.15621012101210122,0.1741969196919692,0.3156628162816282,1.4617436743674366,1.6241721672167218,1.2570544554455445,1.3265071507150716,1.147260726072607,0.006782178217821788,49230.100660066004,2.1271936416626005
0.14621012101210124,0.1641969196919692,0.3156628162816282,1.4217436743674368,1.5841721672167217,1.2370544554455445,1.3865071507150715,1.2072607260726071,0.006782178217821788,49167.100660066004,2.130166721343997
0.13621012101210123,0.1541969196919692,0.29566281628162816,1.3617436743674367,1.5241721672167217,1.2170544554455445,1.4665071507150715,1.2772607260726072,0.026782178217821806,49596.100660066004,2.1312345981597893
0.12621012101210122,0.13419691969196917,0.3156628162816282,1.3117436743674367,1.4941721672167216,1.2070544554455447,1.5065071507150714,1.3272607260726073,0.036782178217821815,49483.100660066004,2.1352343082428007
0.12621012101210122,0.14419691969196918,0.3256628162816282,1.2617436743674366,1.4141721672167218,1.1670544554455446,1.5665071507150714,1.4172607260726071,0.036782178217821815,49122.100660066004,2.139891099929809
0.12621012101210122,0.13419691969196917,0.29566281628162816,1.2517436743674366,1.3841721672167218,1.1570544554455444,1.5865071507150714,1.4472607260726071,0.046782178217821824,49241.100660066004,2.142639589309688
0.10621012101210123,0.1141969196919692,0.3156628162816282,1.2017436743674368,1.3341721672167217,1.1170544554455444,1.6765071507150717,1.5272607260726072,0.0867821782178218,49176.100660066004,2.1436764717102044
0.10621012101210123,0.1141969196919692,0.29566281628162816,1.1617436743674368,1.2941721672167217,1.0970544554455448,1.7465071507150716,1.597260726072607,0.12678217821782178,48719.100660066004,2.14768476486206
0.09621012101210122,0.10419691969196919,0.28566281628162815,1.1017436743674367,1.2241721672167216,1.0370544554455448,1.7965071507150714,1.6772607260726071,0.2067821782178218,48010.100660066004,2.1516842365264885
0.07621012101210123,0.0841969196919692,0.24566281628162812,1.0717436743674367,1.1941721672167218,1.0270544554455445,1.8465071507150717,1.7372607260726072,0.2167821782178218,47611.100660066004,2.1556846618652337
0.07621012101210123,0.0841969196919692,0.2156628162816281,1.0217436743674366,1.1241721672167218,1.0270544554455445,1.9065071507150717,1.7972607260726072,0.28678217821782176,47402.100660066004,2.1590699672698968
0.07621012101210123,0.07419691969196919,0.18566281628162817,0.9517436743674369,1.0941721672167217,0.9970544554455446,1.9865071507150718,1.8572607260726073,0.3467821782178218,47431.100660066004,2.159686756134036
0.06621012101210122,0.06419691969196918,0.19566281628162818,0.9317436743674369,1.0441721672167217,0.9970544554455446,2.0065071507150716,1.8972607260726073,0.4267821782178218,47058.100660066004,2.1630513191223137
0.06621012101210122,0.07419691969196919,0.14566281628162814,0.8717436743674368,0.9641721672167216,0.9670544554455446,2.076507150715072,1.9872607260726072,0.5067821782178219,46477.100660066004,2.1673433303833
0.05621012101210124,0.06419691969196918,0.1056628162816281,0.8517436743674368,0.9341721672167218,0.9470544554455446,2.106507150715071,2.027260726072607,0.5467821782178217,45974.100660066004,2.1708554744720487
0.04621012101210123,0.04419691969196919,0.08566281628162808,0.7917436743674368,0.8841721672167218,0.9370544554455446,2.196507150715072,2.107260726072607,0.6067821782178218,45327.100660066004,2.171919298172
0.03621012101210122,0.03419691969196918,0.06566281628162818,0.7617436743674368,0.8641721672167217,0.9270544554455445,2.2065071507150718,2.147260726072607,0.6867821782178218,44056.100660066004,2.1759144783019977
0.03621012101210122,0.03419691969196918,0.015662816281628134,0.7217436743674368,0.7941721672167217,0.8670544554455445,2.246507150715072,2.217260726072607,0.8467821782178218,42935.100660066004,2.1799435138702385
0.026210121012101226,0.024196919691969188,-0.04433718371837181,0.6817436743674368,0.7441721672167217,0.8070544554455447,2.286507150715072,2.277260726072607,1.006782178217822,41800.100660066004,2.1835507869720487
0.01621012101210123,0.024196919691969188,-0.09433718371837185,0.6117436743674368,0.6841721672167217,0.7570544554455446,2.356507150715071,2.327260726072607,1.1367821782178218,40639.100660066004,2.1845864772796624
0.006210121012101222,0.004196919691969184,-0.12433718371837188,0.5717436743674368,0.6241721672167218,0.6970544554455446,2.4165071507150717,2.407260726072607,1.306782178217822,39070.100660066004,2.187581491470336
0.006210121012101222,0.004196919691969184,-0.14433718371837184,0.5417436743674368,0.5941721672167217,0.6870544554455446,2.446507150715072,2.457260726072607,1.3867821782178218,37517.100660066004,2.191961002349853
-0.003789878987898773,-0.005803080308030811,-0.12433718371837188,0.5417436743674368,0.5841721672167217,0.6570544554455445,2.5065071507150716,2.507260726072607,1.4767821782178219,36824.100660066004,2.1961862564086907
0.006210121012101222,-0.005803080308030811,-0.14433718371837184,0.4817436743674368,0.5341721672167217,0.6170544554455445,2.566507150715071,2.577260726072607,1.6067821782178218,35251.100660066004,2.1971976280212395
-0.013789878987898768,-0.025803080308030815,-0.17433718371837187,0.42174367436743676,0.48417216721672174,0.5970544554455447,2.616507150715072,2.627260726072607,1.6967821782178218,33754.100660066004,2.20119662284851
-0.013789878987898768,-0.025803080308030815,-0.21433718371837185,0.39174367436743684,0.4341721672167217,0.5370544554455446,2.656507150715072,2.677260726072607,1.7967821782178217,33189.100660066004,2.2048692226409905
-0.013789878987898768,-0.025803080308030815,-0.23433718371837187,0.3617436743674368,0.40417216721672167,0.5170544554455446,2.6865071507150713,2.707260726072607,1.8567821782178218,32096.100660066004,2.20888967514038
-0.023789878987898777,-0.03580308030803081,-0.2543371837183719,0.3317436743674368,0.39417216721672177,0.4870544554455446,2.736507150715072,2.747260726072607,1.9567821782178219,30809.100660066004,2.20888967514038
-0.023789878987898777,-0.03580308030803081,-0.27433718371837185,0.30174367436743676,0.36417216721672174,0.4670544554455446,2.746507150715072,2.757260726072607,2.016782178217822,30118.100660066004,2.212491941452022
-0.043789878987898774,-0.04580308030803081,-0.28433718371837186,0.3417436743674368,0.39417216721672177,0.44705445544554456,2.7565071507150716,2.7672607260726068,2.0867821782178217,29987.100660066004,2.216692638397216
-0.043789878987898774,-0.04580308030803081,-0.28433718371837186,0.3217436743674368,0.37417216721672175,0.42705445544554455,2.7665071507150714,2.7872607260726068,2.136782178217822,29208.100660066004,2.22076768875122
-0.043789878987898774,-0.055803080308030814,-0.28433718371837186,0.30174367436743676,0.3441721672167217,0.41705445544554454,2.7965071507150716,2.807260726072607,2.186782178217822,28611.100660066004,2.224796485900878
-0.053789878987898776,-0.055803080308030814,-0.29433718371837186,0.29174367436743676,0.3341721672167217,0.3870544554455446,2.816507150715071,2.827260726072607,2.246782178217822,28520.100660066004,2.224796485900878
-0.043789878987898774,-0.055803080308030814,-0.32433718371837184,0.26174367436743673,0.3141721672167217,0.3870544554455446,2.826507150715072,2.837260726072607,2.306782178217822,28537.100660066004,2.2286881923675566
-0.053789878987898776,-0.055803080308030814,-0.3143371837183719,0.2517436743674367,0.3041721672167217,0.3370544554455446,2.8365071507150716,2.837260726072607,2.376782178217822,28404.100660066004,2.2334854125976555
-0.053789878987898776,-0.055803080308030814,-0.3143371837183719,0.2517436743674367,0.2741721672167217,0.31705445544554456,2.8365071507150716,2.847260726072607,2.416782178217822,28337.100660066004,2.2364518165588407
-0.053789878987898776,-0.055803080308030814,-0.32433718371837184,0.22174367436743678,0.2541721672167217,0.2670544554455446,2.8465071507150714,2.857260726072607,2.4867821782178217,28228.100660066004,2.2364518165588407
-0.053789878987898776,-0.055803080308030814,-0.35433718371837186,0.19174367436743675,0.22417216721672173,0.2370544554455446,2.856507150715071,2.867260726072607,2.5667821782178217,27833.100660066004,2.242150974273681
-0.053789878987898776,-0.055803080308030814,-0.3743371837183719,0.1717436743674368,0.21417216721672172,0.17705445544554455,2.8465071507150714,2.857260726072607,2.616782178217822,27706.100660066004,2.2461478233337395
-0.053789878987898776,-0.055803080308030814,-0.3743371837183719,0.1717436743674368,0.2041721672167217,0.15705445544554464,2.8465071507150714,2.857260726072607,2.666782178217822,27315.100660066004,2.2493915081024163
-0.053789878987898776,-0.055803080308030814,-0.3943371837183719,0.13174367436743675,0.16417216721672173,0.13705445544554462,2.866507150715072,2.887260726072607,2.7167821782178216,26822.100660066004,2.250151109695434
-0.06378987898789877,-0.06580308030803081,-0.41433718371837186,0.13174367436743675,0.15417216721672172,0.1070544554455446,2.866507150715072,2.867260726072607,2.766782178217822,26591.100660066004,2.253138971328731
-0.06378987898789877,-0.06580308030803081,-0.40433718371837185,0.10174367436743678,0.1241721672167217,0.08705445544554458,2.856507150715071,2.877260726072607,2.786782178217822,26376.100660066004,2.2581476688385003
-0.06378987898789877,-0.06580308030803081,-0.41433718371837186,0.09174367436743677,0.1241721672167217,0.06705445544554456,2.8465071507150714,2.867260726072607,2.826782178217822,26145.100660066004,2.2608596801757805
-0.053789878987898776,-0.06580308030803081,-0.42433718371837187,0.08174367436743676,0.11417216721672174,0.05705445544554455,2.8365071507150716,2.847260726072607,2.8567821782178218,25682.100660066004,2.2619337558746366
-0.06378987898789877,-0.06580308030803081,-0.42433718371837187,0.07174367436743675,0.09417216721672172,0.03705445544554464,2.826507150715072,2.847260726072607,2.886782178217822,25301.100660066004,2.2659272670745843
-0.06378987898789877,-0.06580308030803081,-0.4343371837183718,0.061743674367436774,0.08417216721672172,0.007054455445544616,2.826507150715072,2.857260726072607,2.926782178217822,24786.100660066004,2.2706050395965605
-0.06378987898789877,-0.06580308030803081,-0.45433718371837184,0.061743674367436774,0.07417216721672171,0.017054455445544625,2.826507150715072,2.847260726072607,2.936782178217822,24515.100660066004,2.274605464935302
-0.06378987898789877,-0.06580308030803081,-0.44433718371837183,0.041743674367436756,0.05417216721672172,-0.012945544554455402,2.816507150715071,2.847260726072607,2.9667821782178216,24094.100660066004,2.274605464935302
-0.06378987898789877,-0.06580308030803081,-0.46433718371837185,0.051743674367436765,0.06417216721672173,-0.04294554455445543,2.8065071507150714,2.837260726072607,2.996782178217822,23603.100660066004,2.277922105789184
-0.06378987898789877,-0.06580308030803081,-0.46433718371837185,0.041743674367436756,0.05417216721672172,-0.05294554455445544,2.786507150715072,2.827260726072607,3.0067821782178217,23258.100660066004,2.2829291343688958
-0.06378987898789877,-0.06580308030803081,-0.48433718371837187,0.031743674367436775,0.04417216721672171,-0.05294554455445544,2.776507150715071,2.807260726072607,3.0267821782178217,22757.100660066004,2.28594965934753
-0.06378987898789877,-0.06580308030803081,-0.48433718371837187,0.041743674367436756,0.05417216721672172,-0.0729455445544554,2.7265071507150713,2.7672607260726068,3.056782178217822,22078.100660066004,2.2902709960937493
-0.06378987898789877,-0.06580308030803081,-0.47433718371837186,0.031743674367436775,0.04417216721672171,-0.08294554455445541,2.696507150715072,2.747260726072607,3.0667821782178217,21749.100660066004,2.2913226604461663
-0.06378987898789877,-0.06580308030803081,-0.48433718371837187,0.011743674367436757,0.03417216721672173,-0.10294554455445543,2.6765071507150715,2.717260726072607,3.0867821782178217,21306.100660066004,2.2949506759643548
-0.06378987898789877,-0.06580308030803081,-0.4943371837183719,0.001743674367436776,0.01417216721672171,-0.10294554455445543,2.6365071507150715,2.677260726072607,3.116782178217822,21199.100660066004,2.299111318588256
-0.06378987898789877,-0.06580308030803081,-0.5043371837183719,0.001743674367436776,0.004172167216721728,-0.10294554455445543,2.566507150715071,2.627260726072607,3.136782178217822,21106.100660066004,2.3022806167602496
-0.06378987898789877,-0.06580308030803081,-0.5143371837183719,0.001743674367436776,-0.005827832783278281,-0.1329455445544554,2.5465071507150716,2.587260726072607,3.166782178217822,20031.100660066004,2.3030938625335686
-0.06378987898789877,-0.06580308030803081,-0.5143371837183719,-0.008256325632563233,0.004172167216721728,-0.17294554455445543,2.4565071507150718,2.527260726072607,3.196782178217822,19078.100660066004,2.3066274642944364
-0.06378987898789877,-0.06580308030803081,-0.5243371837183719,0.001743674367436776,0.004172167216721728,-0.18294554455445539,2.3765071507150717,2.457260726072607,3.206782178217822,18377.100660066004,2.3111590862274163
-0.06378987898789877,-0.06580308030803081,-0.5243371837183719,0.001743674367436776,0.004172167216721728,-0.18294554455445539,2.3465071507150714,2.407260726072607,3.2167821782178216,17794.100660066004,2.3151447296142535
-0.06378987898789877,-0.06580308030803081,-0.5143371837183719,-0.008256325632563233,0.004172167216721728,-0.2029455445544554,2.2665071507150714,2.327260726072607,3.2367821782178217,16915.100660066004,2.3151447296142535
-0.053789878987898776,-0.06580308030803081,-0.5243371837183719,-0.008256325632563233,0.004172167216721728,-0.22294554455445542,2.2265071507150713,2.277260726072607,3.246782178217822,15762.100660066006,2.319144678115844
-0.053789878987898776,-0.055803080308030814,-0.5143371837183719,0.001743674367436776,0.004172167216721728,-0.2129455445544554,2.1765071507150715,2.227260726072607,3.2167821782178216,15209.100660066006,2.324144554138183
-0.053789878987898776,-0.055803080308030814,-0.5143371837183719,-0.008256325632563233,-0.005827832783278281,-0.2029455445544554,2.156507150715072,2.197260726072607,3.2167821782178216,14700.100660066006,2.3273016929626458
-0.053789878987898776,-0.055803080308030814,-0.5143371837183719,0.001743674367436776,0.004172167216721728,-0.2129455445544554,2.1365071507150715,2.177260726072607,3.2167821782178216,14009.100660066006,2.3283459663391106
-0.053789878987898776,-0.055803080308030814,-0.5243371837183719,0.001743674367436776,-0.005827832783278281,-0.23294554455445543,2.1265071507150717,2.177260726072607,3.226782178217822,13740.100660066006,2.33134479522705
-0.053789878987898776,-0.055803080308030814,-0.5143371837183719,0.001743674367436776,0.004172167216721728,-0.22294554455445542,2.106507150715071,2.157260726072607,3.2167821782178216,13461.100660066006,2.335675430297851
-0.043789878987898774,-0.055803080308030814,-0.5043371837183719,0.001743674367436776,0.004172167216721728,-0.2129455445544554,2.0565071507150714,2.117260726072607,3.206782178217822,13194.100660066006,2.339163970947265
-0.043789878987898774,-0.04580308030803081,-0.4943371837183719,0.001743674367436776,0.01417216721672171,-0.2029455445544554,2.026507150715071,2.057260726072607,3.196782178217822,13319.100660066006,2.340253067016601
-0.03378987898789877,-0.04580308030803081,-0.4943371837183719,0.011743674367436757,0.01417216721672171,-0.2129455445544554,1.9665071507150718,2.0172607260726068,3.176782178217822,13426.100660066006,2.3442544460296624
-0.03378987898789877,-0.03580308030803081,-0.48433718371837187,0.011743674367436757,0.01417216721672171,-0.22294554455445542,1.8965071507150715,1.9272607260726071,3.146782178217822,13321.100660066006,2.348352146148681
-0.043789878987898774,-0.03580308030803081,-0.48433718371837187,0.011743674367436757,0.01417216721672171,-0.2129455445544554,1.8365071507150714,1.887260726072607,3.1067821782178218,13252.100660066006,2.351622533798217
-0.043789878987898774,-0.04580308030803081,-0.48433718371837187,0.021743674367436766,0.02417216721672172,-0.2029455445544554,1.7465071507150716,1.787260726072607,3.0667821782178217,13155.100660066006,2.3523354053497307
-0.043789878987898774,-0.04580308030803081,-0.47433718371837186,0.021743674367436766,0.02417216721672172,-0.2029455445544554,1.6765071507150717,1.7272607260726074,3.036782178217822,12672.100660066006,2.3563527584075956
-0.03378987898789877,-0.03580308030803081,-0.46433718371837185,0.021743674367436766,0.02417216721672172,-0.1929455445544554,1.6365071507150717,1.6872607260726074,2.9867821782178217,12089.100660066006,2.3603357791900628
-0.03378987898789877,-0.03580308030803081,-0.46433718371837185,0.021743674367436766,0.02417216721672172,-0.1929455445544554,1.5565071507150716,1.5872607260726073,2.946782178217822,11894.100660066006,2.364350509643554
-0.03378987898789877,-0.03580308030803081,-0.45433718371837184,0.021743674367436766,0.02417216721672172,-0.18294554455445539,1.5465071507150714,1.5672607260726072,2.906782178217822,11927.100660066006,2.3679573059082024
-0.03378987898789877,-0.03580308030803081,-0.45433718371837184,0.021743674367436766,0.02417216721672172,-0.17294554455445543,1.5365071507150716,1.577260726072607,2.906782178217822,11680.100660066006,2.3690440177917473
-0.03378987898789877,-0.03580308030803081,-0.45433718371837184,0.031743674367436775,0.03417216721672173,-0.18294554455445539,1.4265071507150715,1.4672607260726072,2.8367821782178217,12011.100660066006,2.3730093955993645
-0.023789878987898777,-0.025803080308030815,-0.4343371837183718,0.031743674367436775,0.04417216721672171,-0.18294554455445539,1.3565071507150717,1.397260726072607,2.726782178217822,12538.100660066006,2.3764814853668206
-0.023789878987898777,-0.025803080308030815,-0.42433718371837187,0.031743674367436775,0.03417216721672173,-0.1329455445544554,1.2965071507150716,1.3572607260726073,2.656782178217822,12323.100660066006,2.3803550720214837
-0.013789878987898768,-0.015803080308030806,-0.40433718371837185,0.031743674367436775,0.03417216721672173,-0.1429455445544554,1.2465071507150716,1.3072607260726072,2.616782178217822,12124.100660066006,2.3814363002777093
-0.013789878987898768,-0.005803080308030811,-0.40433718371837185,0.031743674367436775,0.03417216721672173,-0.10294554455445543,1.2065071507150715,1.2372607260726072,2.5267821782178217,11647.100660066006,2.3844208240509026
-0.013789878987898768,-0.015803080308030806,-0.3943371837183719,0.031743674367436775,0.02417216721672172,-0.09294554455445542,1.1365071507150715,1.1672607260726071,2.376782178217822,11606.100660066006,2.389008712768554
-0.013789878987898768,-0.005803080308030811,-0.3743371837183719,0.021743674367436766,0.02417216721672172,-0.09294554455445542,1.1265071507150715,1.157260726072607,2.3367821782178217,11729.100660066006,2.3919941902160637
0.006210121012101222,0.004196919691969184,-0.3743371837183719,0.031743674367436775,0.03417216721672173,-0.11294554455445543,1.0965071507150717,1.1172607260726073,2.3167821782178217,11218.100660066006,2.3930081844329827
0.006210121012101222,0.004196919691969184,-0.35433718371837186,0.041743674367436756,0.04417216721672171,-0.0729455445544554,1.0065071507150716,1.0472607260726072,2.206782178217822,10563.100660066006,2.3964712142944364
0.006210121012101222,0.004196919691969184,-0.33433718371837184,0.041743674367436756,0.03417216721672173,-0.03294554455445542,0.9365071507150715,0.9672607260726072,2.056782178217822,10550.100660066006,2.4004702091217034
0.006210121012101222,0.014196919691969193,-0.32433718371837184,0.041743674367436756,0.04417216721672171,0.007054455445544616,0.8765071507150715,0.9172607260726071,1.9667821782178216,10991.100660066006,2.4044701576232903
0.006210121012101222,0.004196919691969184,-0.3143371837183719,0.041743674367436756,0.04417216721672171,-0.012945544554455402,0.8665071507150717,0.9072607260726071,1.8967821782178218,10472.100660066006,2.4054715156555204
0.026210121012101226,0.024196919691969188,-0.3143371837183719,0.061743674367436774,0.06417216721672173,-0.012945544554455402,0.8265071507150716,0.8772607260726073,1.8767821782178218,10281.100660066006,2.408493471145629
0.026210121012101226,0.024196919691969188,-0.29433718371837186,0.07174367436743675,0.06417216721672173,-0.02294554455445541,0.8165071507150716,0.8672607260726073,1.786782178217822,10398.100660066006,2.413091373443603
0.03621012101210122,0.03419691969196918,-0.28433718371837186,0.061743674367436774,0.06417216721672173,-0.0029455445544553926,0.7365071507150716,0.7872607260726072,1.6567821782178218,9447.100660066006,2.416636896133422
0.03621012101210122,0.03419691969196918,-0.26433718371837184,0.07174367436743675,0.06417216721672173,0.017054455445544625,0.6665071507150715,0.7072607260726071,1.5867821782178217,9336.100660066006,2.4177016735076897
0.03621012101210122,0.04419691969196919,-0.2543371837183719,0.07174367436743675,0.07417216721672171,0.007054455445544616,0.5965071507150717,0.6372607260726071,1.556782178217822,9761.100660066006,2.4208707332611077
0.03621012101210122,0.04419691969196919,-0.23433718371837187,0.07174367436743675,0.06417216721672173,0.04705445544554454,0.6365071507150715,0.6572607260726071,1.4167821782178218,9716.100660066006,2.42493386268616
0.04621012101210123,0.04419691969196919,-0.22433718371837186,0.08174367436743676,0.07417216721672171,0.03705445544554464,0.6265071507150715,0.6672607260726071,1.3767821782178218,9391.100660066006,2.4299346923828082
0.04621012101210123,0.0541969196919692,-0.22433718371837186,0.08174367436743676,0.08417216721672172,0.04705445544554454,0.5365071507150716,0.5472607260726072,1.286782178217822,9086.100660066006,2.4332246303558343
0.06621012101210122,0.06419691969196918,-0.22433718371837186,0.08174367436743676,0.09417216721672172,0.04705445544554454,0.46650715071507154,0.49726072607260713,1.2267821782178219,9529.100660066006,2.4339081764221184
0.05621012101210124,0.0541969196919692,-0.22433718371837186,0.09174367436743677,0.09417216721672172,0.05705445544554455,0.47650715071507155,0.5072607260726072,1.1967821782178218,9492.100660066006,2.4379343509674065
0.06621012101210122,0.06419691969196918,-0.1943371837183719,0.09174367436743677,0.08417216721672172,0.06705445544554456,0.48650715071507156,0.5072607260726072,1.1167821782178218,9427.100660066006,2.4422118186950676
0.06621012101210122,0.06419691969196918,-0.18433718371837188,0.10174367436743678,0.10417216721672173,0.05705445544554455,0.4365071507150715,0.4672607260726071,1.0967821782178218,9074.100660066006,2.445920658111568
0.06621012101210122,0.06419691969196918,-0.18433718371837188,0.10174367436743678,0.10417216721672173,0.09705445544554459,0.4465071507150715,0.4672607260726071,1.026782178217822,9171.100660066006,2.4472357749938958
0.05621012101210124,0.06419691969196918,-0.18433718371837188,0.09174367436743677,0.09417216721672172,0.08705445544554458,0.37650715071507157,0.40726072607260716,0.9467821782178218,9442.100660066006,2.450980138778686
0.06621012101210122,0.06419691969196918,-0.18433718371837188,0.09174367436743677,0.09417216721672172,0.09705445544554459,0.37650715071507157,0.40726072607260716,0.8667821782178218,9085.100660066006,2.4543439865112298
0.06621012101210122,0.06419691969196918,-0.15433718371837185,0.09174367436743677,0.09417216721672172,0.1270544554455446,0.37650715071507157,0.40726072607260716,0.7967821782178219,8720.100660066006,2.4584283351898186
0.05621012101210124,0.0541969196919692,-0.1343371837183719,0.10174367436743678,0.10417216721672173,0.1270544554455446,0.34650715071507154,0.38726072607260714,0.7167821782178219,9041.100660066006,2.4584283351898186
0.06621012101210122,0.06419691969196918,-0.1343371837183719,0.10174367436743678,0.10417216721672173,0.14705445544554463,0.34650715071507154,0.3672607260726071,0.6667821782178218,9114.100660066006,2.4624266147613554
0.05621012101210124,0.06419691969196918,-0.1343371837183719,0.10174367436743678,0.10417216721672173,0.09705445544554459,0.2965071507150716,0.3172607260726072,0.6467821782178218,9177.100660066006,2.4664687633514397
0.05621012101210124,0.06419691969196918,-0.12433718371837188,0.09174367436743677,0.09417216721672172,0.14705445544554463,0.2965071507150716,0.3372607260726071,0.5367821782178217,8826.100660066006,2.4705576419830315
0.05621012101210124,0.0541969196919692,-0.1343371837183719,0.10174367436743678,0.09417216721672172,0.15705445544554464,0.3065071507150716,0.3372607260726071,0.5167821782178219,8625.100660066006,2.4714376449584954
0.05621012101210124,0.06419691969196918,-0.1343371837183719,0.10174367436743678,0.10417216721672173,0.17705445544554455,0.2965071507150716,0.3072607260726072,0.49678217821782183,8592.100660066006,2.475027990341186
0.05621012101210124,0.06419691969196918,-0.15433718371837185,0.11174367436743679,0.11417216721672174,0.15705445544554464,0.2965071507150716,0.3072607260726072,0.4867821782178218,8763.100660066006,2.4790479660034137
0.05621012101210124,0.0541969196919692,-0.16433718371837186,0.11174367436743679,0.1241721672167217,0.17705445544554455,0.2865071507150716,0.3072607260726072,0.41678217821782176,8744.100660066006,2.483556938171386
0.05621012101210124,0.06419691969196918,-0.14433718371837184,0.12174367436743674,0.1241721672167217,0.15705445544554464,0.2765071507150716,0.2972607260726072,0.3567821782178218,8823.100660066006,2.483556938171386
0.06621012101210122,0.06419691969196918,-0.1343371837183719,0.13174367436743675,0.1441721672167217,0.16705445544554454,0.24650715071507157,0.27726072607260716,0.3267821782178218,8512.100660066006,2.487578582763671
0.06621012101210122,0.06419691969196918,-0.14433718371837184,0.13174367436743675,0.1341721672167217,0.17705445544554455,0.22650715071507155,0.25726072607260714,0.3267821782178218,8173.100660066006,2.490812969207763
0.05621012101210124,0.06419691969196918,-0.14433718371837184,0.13174367436743675,0.1441721672167217,0.17705445544554455,0.20650715071507153,0.23726072607260712,0.25678217821782184,8434.100660066006,2.4954156398773186
0.05621012101210124,0.06419691969196918,-0.1343371837183719,0.14174367436743676,0.15417216721672172,0.15705445544554464,0.19650715071507152,0.2272607260726071,0.25678217821782184,8511.100660066006,2.4954156398773186
0.08621012101210124,0.0541969196919692,-0.1343371837183719,0.14174367436743676,0.10417216721672173,0.17705445544554455,0.2865071507150716,0.10726072607260712,0.18678217821782178,8402.100660066006,2.498857450485229
0.07621012101210123,0.07419691969196919,-0.1343371837183719,0.15174367436743677,0.1441721672167217,0.19705445544554456,0.17650715071507161,0.2072607260726071,0.16678217821782182,8209.100660066006,2.5031275272369378
0.07621012101210123,0.0841969196919692,-0.14433718371837184,0.14174367436743676,0.15417216721672172,0.18705445544554455,0.19650715071507152,0.2272607260726071,0.1567821782178218,8036.100660066006,2.5076908588409417
0.07621012101210123,0.0841969196919692,-0.12433718371837188,0.16174367436743678,0.15417216721672172,0.21705445544554458,0.20650715071507153,0.19726072607260708,0.12678217821782178,8291.100660066006,2.510917377471923
0.06621012101210122,0.0841969196919692,-0.12433718371837188,0.15174367436743677,0.1441721672167217,0.21705445544554458,0.20650715071507153,0.2172607260726071,0.12678217821782178,8046.100660066006,2.511657190322879
0.08621012101210124,0.09419691969196918,-0.12433718371837188,0.16174367436743678,0.16417216721672173,0.19705445544554456,0.1665071507150716,0.1872607260726072,0.10678217821782182,8127.100660066006,2.515677642822265
0.08621012101210124,0.09419691969196918,-0.11433718371837187,0.15174367436743677,0.15417216721672172,0.21705445544554458,0.1665071507150716,0.1872607260726072,0.06678217821782179,7952.100660066006,2.5197450637817376
0.08621012101210124,0.09419691969196918,-0.10433718371837186,0.14174367436743676,0.15417216721672172,0.20705445544554457,0.1565071507150716,0.1872607260726072,0.026782178217821806,7973.100660066006,2.5237619400024407
0.09621012101210122,0.09419691969196918,-0.10433718371837186,0.14174367436743676,0.1441721672167217,0.16705445544554454,0.17650715071507161,0.17726072607260718,0.036782178217821815,7980.100660066006,2.524657678604129
0.09621012101210122,0.09419691969196918,-0.11433718371837187,0.14174367436743676,0.1441721672167217,0.14705445544554463,0.1565071507150716,0.1872607260726072,0.026782178217821806,8185.100660066006,2.528814268112182
0.09621012101210122,0.09419691969196918,-0.09433718371837185,0.14174367436743676,0.1341721672167217,0.14705445544554463,0.1565071507150716,0.12726072607260713,0.006782178217821788,8024.100660066006,2.532841634750369
0.08621012101210124,0.09419691969196918,-0.11433718371837187,0.13174367436743675,0.1341721672167217,0.15705445544554464,0.1465071507150716,0.15726072607260716,0.006782178217821788,7579.100660066006,2.535869550704959
0.09621012101210122,0.09419691969196918,-0.09433718371837185,0.12174367436743674,0.1241721672167217,0.16705445544554454,0.1665071507150716,0.017260726072607147,-0.0032178217821782207,7478.100660066006,2.535869550704959
0.10621012101210123,0.10419691969196919,-0.10433718371837186,0.13174367436743675,0.11417216721672174,0.16705445544554454,0.12650715071507157,0.0872607260726071,-0.0032178217821782207,7627.100660066006,2.5409054279327385
0.09621012101210122,0.09419691969196918,-0.09433718371837185,0.14174367436743676,0.09417216721672172,0.14705445544554463,0.10650715071507155,0.11726072607260712,-0.013217821782178174,7662.100660066006,2.5449048995971673
0.09621012101210122,0.10419691969196919,-0.11433718371837187,0.12174367436743674,0.11417216721672174,0.14705445544554463,0.10650715071507155,0.0872607260726071,-0.023217821782178183,7641.100660066006,2.54818410873413
0.09621012101210122,0.1141969196919692,-0.12433718371837188,0.12174367436743674,0.1241721672167217,0.17705445544554455,0.08650715071507153,0.0972607260726071,-0.013217821782178174,7750.100660066006,2.548905324935916
0.10621012101210123,0.1141969196919692,-0.11433718371837187,0.10174367436743678,0.1241721672167217,0.17705445544554455,0.07650715071507153,0.0872607260726071,-0.023217821782178183,7637.100660066006,2.552878332138061
0.10621012101210123,0.1141969196919692,-0.12433718371837188,0.12174367436743674,0.1241721672167217,0.19705445544554456,0.06650715071507152,0.07726072607260709,-0.023217821782178183,7472.100660066006,2.5565754890441887
0.10621012101210123,0.1141969196919692,-0.12433718371837188,0.13174367436743675,0.1341721672167217,0.16705445544554454,0.07650715071507153,0.07726072607260709,-0.023217821782178183,7387.100660066006,2.561170768737796
0.10621012101210123,0.10419691969196919,-0.11433718371837187,0.12174367436743674,0.1241721672167217,0.17705445544554455,0.0365071507150716,0.04726072607260717,-0.03321782178217819,7252.100660066006,2.561170768737796
0.11621012101210124,0.1141969196919692,-0.12433718371837188,0.12174367436743674,0.1241721672167217,0.15705445544554464,0.006507150715071575,0.027260726072607155,-0.03321782178217819,7427.100660066006,2.56524748802185
0.10621012101210123,0.1141969196919692,-0.12433718371837188,0.12174367436743674,0.1241721672167217,0.16705445544554454,0.006507150715071575,0.017260726072607147,-0.0432178217821782,7238.100660066006,2.5697564601898186
0.10621012101210123,0.1141969196919692,-0.10433718371837186,0.11174367436743679,0.1241721672167217,0.15705445544554464,0.006507150715071575,0.017260726072607147,-0.03321782178217819,7107.100660066006,2.5735871315002434
0.10621012101210123,0.1141969196919692,-0.09433718371837185,0.14174367436743676,0.1341721672167217,0.1270544554455446,-0.0034928492849284343,0.017260726072607147,-0.0432178217821782,6978.100660066006,2.5766844272613554
0.11621012101210124,0.0841969196919692,-0.10433718371837186,0.19174367436743675,0.06417216721672173,0.15705445544554464,0.016507150715071583,-0.0027392739273928712,-0.0432178217821782,7027.100660066006,2.5775713443756096
0.14621012101210124,0.09419691969196918,-0.10433718371837186,0.19174367436743675,0.02417216721672172,0.14705445544554463,0.05650715071507162,-0.08273927392739289,-0.0432178217821782,7082.100660066006,2.581915092468261
0.11621012101210124,0.0541969196919692,-0.10433718371837186,0.22174367436743678,0.09417216721672172,0.1170544554455446,-0.0034928492849284343,-0.07273927392739288,-0.05321782178217821,6701.100660066006,2.5849310874938958
0.10621012101210123,0.1141969196919692,-0.10433718371837186,0.13174367436743675,0.1341721672167217,0.09705445544554459,-0.06349284928492843,-0.05273927392739286,-0.05321782178217821,6398.100660066006,2.588983726501464
0.10621012101210123,0.10419691969196919,-0.08433718371837184,0.13174367436743675,0.1241721672167217,0.13705445544554462,-0.05349284928492842,-0.04273927392739285,-0.05321782178217821,6335.100660066006,2.588983726501464
0.10621012101210123,0.1141969196919692,-0.05433718371837182,0.12174367436743674,0.1241721672167217,0.1170544554455446,-0.06349284928492843,-0.06273927392739287,-0.05321782178217821,6420.100660066006,2.593553972244262
0.11621012101210124,0.10419691969196919,-0.07433718371837184,0.16174367436743678,0.1341721672167217,0.14705445544554463,0.04650715071507161,-0.08273927392739289,-0.0432178217821782,6661.100660066006,2.5980102539062493
