-0.10831361760660252,-0.10915818431911971,-0.6402393397524073,0.07264924346629989,0.07329573590096292,-0.04801100412654741,-0.2988473177441539,-0.2914250343878954,-0.2011664374140302,164953.52132049517,0.003551435470580344
-0.10831361760660252,-0.10915818431911971,-0.6402393397524073,0.0826492434662999,0.07329573590096292,-0.07801100412654743,-0.3388473177441539,-0.31142503438789537,-0.21116643741403018,163860.52132049517,0.007884216308596592
-0.10831361760660252,-0.10915818431911971,-0.6402393397524073,0.06264924346629988,0.07329573590096292,0.0019889958734525814,-0.2988473177441539,-0.2914250343878954,-0.1811664374140302,163397.52132049517,0.01148076057434011
-0.10831361760660252,-0.10915818431911971,-0.6402393397524073,0.05264924346629987,0.06329573590096291,-0.07801100412654743,-0.3388473177441539,-0.3414250343878954,-0.1811664374140302,162902.52132049517,0.012287569046019797
-0.10831361760660252,-0.10915818431911971,-0.6402393397524073,0.09264924346629991,0.08329573590096293,-0.08801100412654744,-0.3288473177441539,-0.3314250343878954,-0.1911664374140302,161701.52132049517,0.016338300704958897
-0.10831361760660252,-0.10915818431911971,-0.6402393397524073,0.07264924346629989,0.06329573590096291,-0.058011004126547416,-0.3088473177441539,-0.31142503438789537,-0.2011664374140302,161050.52132049517,0.019802284240721946
-0.10831361760660252,-0.10915818431911971,-0.6402393397524073,0.0826492434662999,0.08329573590096293,-0.06801100412654743,-0.3388473177441539,-0.3214250343878954,-0.2011664374140302,160555.52132049517,0.022994709014891868
-0.10831361760660252,-0.10915818431911971,-0.6402393397524073,0.09264924346629991,0.09329573590096293,-0.06801100412654743,-0.3288473177441539,-0.3214250343878954,-0.21116643741403018,159882.52132049517,0.024121475219725852
-0.10831361760660252,-0.10915818431911971,-0.6402393397524073,0.0826492434662999,0.08329573590096293,-0.058011004126547416,-0.3088473177441539,-0.31142503438789537,-0.2011664374140302,158903.52132049517,0.02821345329284597
-0.10831361760660252,-0.10915818431911971,-0.6402393397524073,0.10264924346629986,0.08329573590096293,-0.08801100412654744,-0.3088473177441539,-0.3014250343878954,-0.2011664374140302,157958.52132049517,0.03277726173400808
-0.10831361760660252,-0.10915818431911971,-0.6402393397524073,0.10264924346629986,0.1132957359009629,-0.11801100412654741,-0.2888473177441539,-0.2714250343878954,-0.21116643741403018,156803.52132049517,0.036542606353759055
-0.10831361760660252,-0.10915818431911971,-0.6402393397524073,0.10264924346629986,0.10329573590096289,-0.13801100412654743,-0.31884731774415387,-0.3214250343878954,-0.21116643741403018,155706.52132049517,0.036542606353759055
-0.10831361760660252,-0.10915818431911971,-0.6402393397524073,0.10264924346629986,0.1132957359009629,-0.11801100412654741,-0.3288473177441539,-0.3214250343878954,-0.1911664374140302,154411.52132049517,0.04006047248840261
-0.10831361760660252,-0.10915818431911971,-0.6402393397524073,0.12264924346629988,0.1232957359009629,-0.13801100412654743,-0.3388473177441539,-0.31142503438789537,-0.2311664374140302,153392.52132049517,0.044176769256591086
-0.10831361760660252,-0.10915818431911971,-0.6402393397524073,0.12264924346629988,0.1232957359009629,-0.1780110041265474,-0.3288473177441539,-0.31142503438789537,-0.2011664374140302,151981.52132049517,0.048242998123168235
-0.10831361760660252,-0.10915818431911971,-0.6402393397524073,0.12264924346629988,0.1132957359009629,-0.14801100412654744,-0.31884731774415387,-0.31142503438789537,-0.1911664374140302,151036.52132049517,0.04922194480895925
-0.10831361760660252,-0.10915818431911971,-0.6402393397524073,0.1326492434662999,0.1232957359009629,-0.13801100412654743,-0.3388473177441539,-0.3014250343878954,-0.2011664374140302,150227.52132049517,0.05337543487548757
-0.10831361760660252,-0.10915818431911971,-0.6402393397524073,0.1326492434662999,0.14329573590096292,-0.12801100412654742,-0.31884731774415387,-0.3014250343878954,-0.1711664374140302,149512.52132049517,0.05674548149108816
-0.10831361760660252,-0.10915818431911971,-0.6402393397524073,0.1326492434662999,0.14329573590096292,-0.13801100412654743,-0.2888473177441539,-0.2814250343878954,-0.1711664374140302,148725.52132049517,0.06074113845824769
-0.10831361760660252,-0.10915818431911971,-0.6402393397524073,0.1426492434662999,0.14329573590096292,-0.13801100412654743,-0.31884731774415387,-0.3014250343878954,-0.1611664374140302,148266.52132049517,0.06435961723327921
-0.10831361760660252,-0.10915818431911971,-0.6402393397524073,0.1326492434662999,0.13329573590096291,-0.12801100412654742,-0.3288473177441539,-0.3014250343878954,-0.1711664374140302,147853.52132049517,0.06542773246765066
-0.10831361760660252,-0.10915818431911971,-0.6402393397524073,0.1326492434662999,0.14329573590096292,-0.15801100412654745,-0.3488473177441539,-0.3214250343878954,-0.1711664374140302,147482.52132049517,0.06952567100524831
-0.10831361760660252,-0.10915818431911971,-0.6402393397524073,0.1426492434662999,0.14329573590096292,-0.14801100412654744,-0.3088473177441539,-0.31142503438789537,-0.1811664374140302,147243.52132049517,0.07353467941283753
-0.10831361760660252,-0.10915818431911971,-0.6402393397524073,0.1526492434662999,0.15329573590096293,-0.11801100412654741,-0.3088473177441539,-0.31142503438789537,-0.1711664374140302,146870.52132049517,0.0770456314086907
-0.10831361760660252,-0.10915818431911971,-0.6402393397524073,0.1526492434662999,0.15329573590096293,-0.13801100412654743,-0.2988473177441539,-0.2914250343878954,-0.1811664374140302,146467.52132049517,0.0770456314086907
-0.10831361760660252,-0.10915818431911971,-0.6402393397524073,0.1426492434662999,0.15329573590096293,-0.14801100412654744,-0.2888473177441539,-0.2714250343878954,-0.1711664374140302,146102.52132049517,0.08111853599548269
-0.10831361760660252,-0.10915818431911971,-0.6302393397524073,0.1526492434662999,0.15329573590096293,-0.13801100412654743,-0.2788473177441539,-0.2714250343878954,-0.1811664374140302,145927.52132049517,0.08584804534912038
-0.10831361760660252,-0.10915818431911971,-0.6402393397524073,0.1526492434662999,0.15329573590096293,-0.15801100412654745,-0.2688473177441539,-0.24142503438789542,-0.1711664374140302,145500.52132049517,0.08911175727843812
-0.10831361760660252,-0.10915818431911971,-0.6302393397524073,0.16264924346629986,0.16329573590096289,-0.14801100412654744,-0.2788473177441539,-0.2614250343878954,-0.1811664374140302,145169.52132049517,0.08984727859496999
-0.10831361760660252,-0.10915818431911971,-0.6102393397524073,0.1526492434662999,0.16329573590096289,-0.15801100412654745,-0.2688473177441539,-0.2514250343878954,-0.1811664374140302,144526.52132049517,0.09327549934387136
-0.10831361760660252,-0.10915818431911971,-0.6102393397524073,0.16264924346629986,0.15329573590096293,-0.13801100412654743,-0.2688473177441539,-0.2614250343878954,-0.1811664374140302,144337.52132049517,0.09839124679565003
-0.10831361760660252,-0.10915818431911971,-0.6102393397524073,0.16264924346629986,0.15329573590096293,-0.13801100412654743,-0.2388473177441539,-0.2214250343878954,-0.1711664374140302,143720.52132049517,0.10242385864257386
-0.10831361760660252,-0.10915818431911971,-0.6002393397524073,0.16264924346629986,0.16329573590096289,-0.14801100412654744,-0.25884731774415387,-0.24142503438789542,-0.1811664374140302,143597.52132049517,0.10242385864257386
-0.10831361760660252,-0.10915818431911971,-0.6102393397524073,0.17264924346629987,0.16329573590096289,-0.12801100412654742,-0.2688473177441539,-0.2514250343878954,-0.1611664374140302,143854.52132049517,0.10547108650207448
-0.10831361760660252,-0.10915818431911971,-0.6102393397524073,0.16264924346629986,0.15329573590096293,-0.12801100412654742,-0.2288473177441539,-0.2214250343878954,-0.1611664374140302,143703.52132049517,0.10988087654113698
-0.10831361760660252,-0.10915818431911971,-0.6202393397524073,0.1526492434662999,0.15329573590096293,-0.12801100412654742,-0.2888473177441539,-0.2714250343878954,-0.1711664374140302,143426.52132049517,0.113972616195678
-0.10831361760660252,-0.10915818431911971,-0.6002393397524073,0.17264924346629987,0.1732957359009629,-0.13801100412654743,-0.2688473177441539,-0.2614250343878954,-0.1811664374140302,143077.52132049517,0.11504979133605886
-0.10831361760660252,-0.10915818431911971,-0.6402393397524073,0.17264924346629987,0.1732957359009629,-0.11801100412654741,-0.2388473177441539,-0.24142503438789542,-0.1611664374140302,142518.52132049517,0.11842484474182058
-0.10831361760660252,-0.10915818431911971,-0.6302393397524073,0.17264924346629987,0.1732957359009629,-0.11801100412654741,-0.2288473177441539,-0.2214250343878954,-0.1711664374140302,141911.52132049517,0.12242813110351847
-0.10831361760660252,-0.10915818431911971,-0.6402393397524073,0.18264924346629988,0.1732957359009629,-0.12801100412654742,-0.2388473177441539,-0.2214250343878954,-0.1811664374140302,141304.52132049517,0.12642807960510183
-0.10831361760660252,-0.10915818431911971,-0.6402393397524073,0.17264924346629987,0.1832957359009629,-0.1080110041265474,-0.24884731774415392,-0.2214250343878954,-0.1711664374140302,140475.52132049517,0.12642807960510183
-0.10831361760660252,-0.10915818431911971,-0.6402393397524073,0.19264924346629989,0.1832957359009629,-0.09801100412654745,-0.2188473177441539,-0.20142503438789539,-0.1711664374140302,139718.52132049517,0.13000197410583425
-0.10831361760660252,-0.10915818431911971,-0.6402393397524073,0.18264924346629988,0.1832957359009629,-0.1080110041265474,-0.20884731774415388,-0.20142503438789539,-0.1711664374140302,139045.52132049517,0.13541741371154714
-0.10831361760660252,-0.10915818431911971,-0.6402393397524073,0.18264924346629988,0.1832957359009629,-0.1080110041265474,-0.20884731774415388,-0.2114250343878954,-0.1811664374140302,138210.52132049517,0.13886446952819753
-0.10831361760660252,-0.10915818431911971,-0.6402393397524073,0.18264924346629988,0.1832957359009629,-0.1080110041265474,-0.2288473177441539,-0.2214250343878954,-0.1811664374140302,137345.52132049517,0.1428420066833489
-0.10831361760660252,-0.10915818431911971,-0.6402393397524073,0.19264924346629989,0.1832957359009629,-0.1080110041265474,-0.2388473177441539,-0.2214250343878954,-0.1811664374140302,136100.52132049517,0.1428420066833489
-0.10831361760660252,-0.10915818431911971,-0.6402393397524073,0.19264924346629989,0.1832957359009629,-0.09801100412654745,-0.24884731774415392,-0.2214250343878954,-0.1911664374140302,134803.52132049517,0.14694662094115785
-0.10831361760660252,-0.10915818431911971,-0.6402393397524073,0.19264924346629989,0.1832957359009629,-0.09801100412654745,-0.2388473177441539,-0.2214250343878954,-0.1911664374140302,133680.52132049517,0.1507930278778069
-0.10831361760660252,-0.10915818431911971,-0.6402393397524073,0.19264924346629989,0.1932957359009629,-0.11801100412654741,-0.2288473177441539,-0.2214250343878954,-0.2011664374140302,132913.52132049517,0.1546978473663323
-0.10831361760660252,-0.10915818431911971,-0.6402393397524073,0.19264924346629989,0.1832957359009629,-0.11801100412654741,-0.2288473177441539,-0.2214250343878954,-0.2011664374140302,132102.52132049517,0.15538735389709046
-0.10831361760660252,-0.10915818431911971,-0.6402393397524073,0.19264924346629989,0.1932957359009629,-0.13801100412654743,-0.2288473177441539,-0.2114250343878954,-0.21116643741403018,130927.52132049519,0.15938634872436452
-0.10831361760660252,-0.10915818431911971,-0.6402393397524073,0.19264924346629989,0.1932957359009629,-0.11801100412654741,-0.20884731774415388,-0.2114250343878954,-0.2011664374140302,130110.52132049519,0.1633879661560087
-0.10831361760660252,-0.10915818431911971,-0.6402393397524073,0.2026492434662999,0.20329573590096292,-0.11801100412654741,-0.2188473177441539,-0.2114250343878954,-0.2011664374140302,128999.52132049519,0.16654915809631632
-0.10831361760660252,-0.10915818431911971,-0.6402393397524073,0.2026492434662999,0.20329573590096292,-0.1080110041265474,-0.2388473177441539,-0.2214250343878954,-0.2011664374140302,128004.52132049519,0.16761798858642152
-0.10831361760660252,-0.10915818431911971,-0.6402393397524073,0.2026492434662999,0.20329573590096292,-0.12801100412654742,-0.2388473177441539,-0.2314250343878954,-0.2211664374140302,127077.52132049519,0.17227978706359792
-0.10831361760660252,-0.10915818431911971,-0.6402393397524073,0.2026492434662999,0.20329573590096292,-0.12801100412654742,-0.20884731774415388,-0.19142503438789538,-0.2211664374140302,126356.52132049519,0.17572255134582448
-0.10831361760660252,-0.10915818431911971,-0.6402393397524073,0.2026492434662999,0.20329573590096292,-0.11801100412654741,-0.2288473177441539,-0.2114250343878954,-0.21116643741403018,125969.52132049519,0.17975087165832448
-0.10831361760660252,-0.10915818431911971,-0.6402393397524073,0.2126492434662999,0.21329573590096293,-0.11801100412654741,-0.20884731774415388,-0.2114250343878954,-0.2211664374140302,125352.52132049519,0.1807515144348102
-0.10831361760660252,-0.10915818431911971,-0.6402393397524073,0.22264924346629986,0.21329573590096293,-0.1080110041265474,-0.2188473177441539,-0.2214250343878954,-0.21116643741403018,124633.52132049519,0.1837355613708489
-0.10831361760660252,-0.10915818431911971,-0.6402393397524073,0.22264924346629986,0.22329573590096288,-0.11801100412654741,-0.2288473177441539,-0.20142503438789539,-0.2211664374140302,123934.52132049519,0.1884221553802483
-0.10831361760660252,-0.10915818431911971,-0.6402393397524073,0.22264924346629986,0.22329573590096288,-0.11801100412654741,-0.2288473177441539,-0.2114250343878954,-0.21116643741403018,123521.52132049519,0.19256396293640066
-0.10831361760660252,-0.10915818431911971,-0.6402393397524073,0.22264924346629986,0.22329573590096288,-0.1080110041265474,-0.19884731774415387,-0.19142503438789538,-0.2211664374140302,122934.52132049519,0.19358773231506277
-0.10831361760660252,-0.10915818431911971,-0.6402393397524073,0.23264924346629987,0.2332957359009629,-0.11801100412654741,-0.1788473177441539,-0.17142503438789541,-0.2311664374140302,121955.52132049519,0.19604249000549245
-0.09831361760660252,-0.09915818431911971,-0.6402393397524073,0.23264924346629987,0.2332957359009629,-0.09801100412654745,-0.20884731774415388,-0.18142503438789542,-0.2211664374140302,121128.52132049519,0.20093531608581117
-0.09831361760660252,-0.09915818431911971,-0.6402393397524073,0.23264924346629987,0.2332957359009629,-0.08801100412654744,-0.18884731774415392,-0.18142503438789542,-0.2211664374140302,120759.52132049519,0.20451421737670827
-0.08831361760660252,-0.07915818431911971,-0.6402393397524073,0.22264924346629986,0.2332957359009629,-0.08801100412654744,-0.1588473177441539,-0.1514250343878954,-0.2011664374140302,119642.52132049519,0.20558996200561097
-0.018313617606602522,-0.029158184319119707,-0.6402393397524073,0.2126492434662999,0.22329573590096288,-0.08801100412654744,-0.1588473177441539,-0.1514250343878954,-0.1911664374140302,118681.52132049519,0.20802278518676687
-0.018313617606602522,-0.01915818431911971,-0.6402393397524073,0.22264924346629986,0.2332957359009629,-0.08801100412654744,-0.13884731774415388,-0.12142503438789543,-0.1911664374140302,118036.52132049519,0.21245856285095144
0.021686382393397485,0.030841815680880305,-0.6302393397524073,0.22264924346629986,0.22329573590096288,-0.08801100412654744,-0.14884731774415388,-0.13142503438789538,-0.21116643741403018,117163.52132049519,0.21645541191101003
0.08168638239339748,0.0808418156808803,-0.6202393397524073,0.22264924346629986,0.22329573590096288,-0.06801100412654743,-0.12884731774415392,-0.10142503438789541,-0.1811664374140302,116174.52132049519,0.22055621147156046
0.14168638239339748,0.1508418156808803,-0.5902393397524073,0.22264924346629986,0.21329573590096293,-0.07801100412654743,-0.0988473177441539,-0.0914250343878954,-0.1911664374140302,115411.52132049519,0.22145814895629812
0.2716863823933975,0.2808418156808803,-0.4902393397524073,0.2026492434662999,0.20329573590096292,-0.08801100412654744,-0.1088473177441539,-0.0914250343878954,-0.1911664374140302,114884.52132049519,0.22407717704772878
0.4016863823933975,0.4308418156808803,-0.3802393397524073,0.18264924346629988,0.1932957359009629,-0.09801100412654745,-0.1088473177441539,-0.0914250343878954,-0.1911664374140302,114277.52132049519,0.2286898612976067
0.5816863823933974,0.6108418156808803,-0.3302393397524073,0.16264924346629986,0.1732957359009629,-0.06801100412654743,-0.08884731774415389,-0.06142503438789537,-0.2011664374140302,113580.52132049519,0.23198122978210378
0.7216863823933974,0.7208418156808802,-0.2602393397524073,0.16264924346629986,0.15329573590096293,-0.12801100412654742,-0.07884731774415388,-0.07142503438789538,-0.1911664374140302,112993.52132049519,0.23299570083618093
0.8316863823933974,0.8608418156808803,-0.17023933975240735,0.1426492434662999,0.15329573590096293,-0.09801100412654745,-0.08884731774415389,-0.08142503438789539,-0.2011664374140302,112626.52132049519,0.23701448440552042
0.9216863823933975,0.9408418156808803,-0.05023933975240735,0.1326492434662999,0.14329573590096292,-0.038011004126547454,-0.0988473177441539,-0.0914250343878954,-0.2011664374140302,111945.52132049519,0.24096484184265066
1.0116863823933975,1.0408418156808803,0.049760660247592625,0.12264924346629988,0.13329573590096291,-0.04801100412654741,-0.08884731774415389,-0.06142503438789537,-0.1811664374140302,111642.52132049519,0.2447082519531243
1.0916863823933975,1.1308418156808804,0.18976066024759264,0.12264924346629988,0.13329573590096291,-0.028011004126547445,-0.0988473177441539,-0.0914250343878954,-0.1911664374140302,110705.52132049519,0.2447082519531243
1.2616863823933975,1.2808418156808803,0.3797606602475927,0.12264924346629988,0.1232957359009629,-0.008011004126547427,-0.12884731774415392,-0.11142503438789542,-0.1811664374140302,110120.52132049519,0.2490140914916985
1.3816863823933976,1.4008418156808804,0.48976066024759257,0.11264924346629987,0.1132957359009629,0.0019889958734525814,-0.13884731774415388,-0.13142503438789538,-0.1911664374140302,109769.52132049519,0.2531315803527825
1.5416863823933973,1.5608418156808803,0.5797606602475927,0.0826492434662999,0.09329573590096293,0.0219889958734526,-0.1788473177441539,-0.17142503438789541,-0.1911664374140302,109264.52132049519,0.2571315288543694
1.6316863823933976,1.6508418156808804,0.6997606602475928,0.0826492434662999,0.09329573590096293,0.03198899587345261,-0.1788473177441539,-0.17142503438789541,-0.1911664374140302,108727.52132049519,0.2571315288543694
1.7716863823933973,1.7808418156808803,0.8497606602475927,0.0826492434662999,0.08329573590096293,0.01198899587345259,-0.19884731774415387,-0.18142503438789542,-0.2011664374140302,108640.52132049519,0.26122589111328054
1.8716863823933974,1.8708418156808804,0.9297606602475927,0.0826492434662999,0.09329573590096293,0.03198899587345261,-0.18884731774415392,-0.18142503438789542,-0.21116643741403018,107979.52132049519,0.26542420387267995
1.9316863823933974,1.9708418156808805,1.0597606602475926,0.07264924346629989,0.08329573590096293,0.01198899587345259,-0.20884731774415388,-0.20142503438789539,-0.21116643741403018,107704.52132049519,0.26952691078185964
2.0516863823933975,2.06084181568088,1.1597606602475927,0.05264924346629987,0.06329573590096291,0.0019889958734525814,-0.2188473177441539,-0.2114250343878954,-0.21116643741403018,107627.52132049519,0.2705361366272001
2.1416863823933974,2.15084181568088,1.2897606602475926,0.07264924346629989,0.08329573590096293,0.0219889958734526,-0.2288473177441539,-0.2214250343878954,-0.2311664374140302,107208.52132049519,0.27330250740051554
2.211686382393397,2.2208418156808802,1.3997606602475927,0.06264924346629988,0.07329573590096292,-0.008011004126547427,-0.2388473177441539,-0.2214250343878954,-0.2411664374140302,106743.52132049519,0.2783374309539788
2.3116863823933973,2.3208418156808803,1.4997606602475928,0.06264924346629988,0.07329573590096292,0.03198899587345261,-0.2688473177441539,-0.2614250343878954,-0.2311664374140302,106266.52132049519,0.28269810676574636
2.3716863823933974,2.39084181568088,1.5597606602475929,0.07264924346629989,0.08329573590096293,0.04198899587345262,-0.2788473177441539,-0.2714250343878954,-0.2311664374140302,105865.52132049519,0.28269810676574636
2.4516863823933974,2.46084181568088,1.6897606602475927,0.07264924346629989,0.08329573590096293,0.0019889958734525814,-0.2988473177441539,-0.3014250343878954,-0.2311664374140302,105460.52132049519,0.2857107639312737
2.5216863823933973,2.52084181568088,1.7997606602475926,0.07264924346629989,0.08329573590096293,-0.038011004126547454,-0.2988473177441539,-0.3014250343878954,-0.2311664374140302,105325.52132049519,0.2908391475677483
2.5916863823933975,2.60084181568088,1.849760660247593,0.05264924346629987,0.06329573590096291,-0.028011004126547445,-0.3088473177441539,-0.3014250343878954,-0.2311664374140302,105240.52132049519,0.29485840797424245
2.6316863823933976,2.64084181568088,1.9197606602475927,0.04264924346629989,0.0532957359009629,-0.038011004126547454,-0.2988473177441539,-0.3014250343878954,-0.2411664374140302,105029.52132049519,0.29485840797424245
2.6816863823933974,2.70084181568088,2.0097606602475926,0.04264924346629989,0.0532957359009629,-0.06801100412654743,-0.31884731774415387,-0.31142503438789537,-0.2511664374140302,104852.52132049519,0.2988624095916741
2.7616863823933975,2.77084181568088,2.0697606602475926,0.03264924346629988,0.04329573590096292,-0.04801100412654741,-0.31884731774415387,-0.3314250343878954,-0.2411664374140302,104629.52132049519,0.3028382778167682
2.7816863823933975,2.79084181568088,2.1597606602475925,0.03264924346629988,0.04329573590096292,-0.07801100412654743,-0.31884731774415387,-0.3314250343878954,-0.2411664374140302,104308.52132049519,0.3073925495147698
2.8416863823933975,2.85084181568088,2.2397606602475926,0.022649243466299873,0.03329573590096291,-0.08801100412654744,-0.3388473177441539,-0.3514250343878954,-0.2511664374140302,104385.52132049519,0.31051344871520925
2.8816863823933976,2.89084181568088,2.2797606602475926,0.03264924346629988,0.03329573590096291,-0.12801100412654742,-0.3388473177441539,-0.3414250343878954,-0.2511664374140302,104930.52132049519,0.3115589141845696
2.921686382393397,2.92084181568088,2.3697606602475925,0.022649243466299873,0.03329573590096291,-0.14801100412654744,-0.3488473177441539,-0.3514250343878954,-0.2511664374140302,105125.52132049519,0.31562204360961843
2.961686382393397,2.96084181568088,2.4197606602475927,0.022649243466299873,0.03329573590096291,-0.13801100412654743,-0.3688473177441539,-0.3614250343878954,-0.2511664374140302,104760.52132049519,0.31962223052978445
2.9916863823933975,3.00084181568088,2.4697606602475926,0.022649243466299873,0.0232957359009629,-0.1680110041265474,-0.3688473177441539,-0.3614250343878954,-0.2511664374140302,105057.52132049519,0.3229887008666985
3.0116863823933975,3.0308418156808803,2.5297606602475926,0.002649243466299883,0.013295735900962918,-0.18801100412654742,-0.3688473177441539,-0.3714250343878954,-0.26116643741403023,105286.52132049519,0.3239488124847405
3.0616863823933973,3.0708418156808803,2.5497606602475926,0.002649243466299883,0.013295735900962918,-0.19801100412654743,-0.3788473177441539,-0.38142503438789543,-0.26116643741403023,105425.52132049519,0.32682294845580984
3.0816863823933973,3.08084181568088,2.5897606602475927,0.002649243466299883,0.013295735900962918,-0.18801100412654742,-0.3788473177441539,-0.38142503438789543,-0.2511664374140302,105470.52132049519,0.33141679763793874
3.1116863823933976,3.12084181568088,2.6297606602475927,0.012649243466299892,0.013295735900962918,-0.19801100412654743,-0.38884731774415393,-0.3914250343878954,-0.26116643741403023,105545.52132049519,0.33541650772094656
3.1316863823933976,3.1308418156808804,2.6597606602475925,0.002649243466299883,0.013295735900962918,-0.21801100412654745,-0.38884731774415393,-0.3914250343878954,-0.26116643741403023,105476.52132049519,0.33541650772094656
3.1416863823933974,3.15084181568088,2.6897606602475927,-0.007350756533700126,0.0032957359009629095,-0.2380110041265474,-0.3788473177441539,-0.38142503438789543,-0.26116643741403023,105201.52132049519,0.3394166946411161
3.151686382393397,3.16084181568088,2.7197606602475926,-0.007350756533700126,0.0032957359009629095,-0.2280110041265474,-0.3688473177441539,-0.3714250343878954,-0.2511664374140302,105516.52132049519,0.3434166431426995
3.1616863823933974,3.18084181568088,2.749760660247593,0.002649243466299883,0.013295735900962918,-0.24801100412654742,-0.3688473177441539,-0.38142503438789543,-0.26116643741403023,105629.52132049519,0.34850473403930593
3.1616863823933974,3.18084181568088,2.7597606602475926,0.002649243466299883,0.0232957359009629,-0.24801100412654742,-0.3688473177441539,-0.3714250343878954,-0.2511664374140302,105238.52132049519,0.34850473403930593
3.171686382393397,3.18084181568088,2.789760660247593,0.012649243466299892,0.0232957359009629,-0.24801100412654742,-0.3788473177441539,-0.38142503438789543,-0.2511664374140302,105163.52132049519,0.35154433250427175
3.191686382393397,3.20084181568088,2.809760660247593,0.002649243466299883,0.013295735900962918,-0.2580110041265474,-0.3788473177441539,-0.38142503438789543,-0.2511664374140302,105066.52132049519,0.3564459800720208
3.191686382393397,3.21084181568088,2.829760660247593,0.002649243466299883,0.013295735900962918,-0.26801100412654744,-0.38884731774415393,-0.3914250343878954,-0.26116643741403023,104801.52132049519,0.35953779220580984
3.2016863823933974,3.21084181568088,2.849760660247593,0.002649243466299883,0.0232957359009629,-0.26801100412654744,-0.3788473177441539,-0.3914250343878954,-0.26116643741403023,104198.52132049519,0.36054773330688406
3.2016863823933974,3.21084181568088,2.8697606602475925,0.012649243466299892,0.0232957359009629,-0.2580110041265474,-0.3788473177441539,-0.38142503438789543,-0.2511664374140302,104015.52132049519,0.3645152568817167
3.2016863823933974,3.21084181568088,2.8797606602475927,0.012649243466299892,0.0232957359009629,-0.26801100412654744,-0.38884731774415393,-0.38142503438789543,-0.2511664374140302,103982.52132049519,0.3683347225189202
3.211686382393397,3.21084181568088,2.8897606602475925,0.012649243466299892,0.0232957359009629,-0.26801100412654744,-0.3788473177441539,-0.38142503438789543,-0.26116643741403023,103835.52132049519,0.37237973213196085
3.211686382393397,3.21084181568088,2.8997606602475927,0.012649243466299892,0.0232957359009629,-0.27801100412654745,-0.38884731774415393,-0.3914250343878954,-0.26116643741403023,103222.52132049519,0.3757185459136956
3.211686382393397,3.2208418156808802,2.9097606602475925,0.022649243466299873,0.03329573590096291,-0.26801100412654744,-0.3988473177441539,-0.3914250343878954,-0.26116643741403023,102813.52132049519,0.3763811111450188
3.2016863823933974,3.21084181568088,2.9097606602475925,0.03264924346629988,0.04329573590096292,-0.24801100412654742,-0.38884731774415393,-0.3914250343878954,-0.26116643741403023,102114.52132049519,0.3801018714904778
3.1816863823933974,3.19084181568088,2.9097606602475925,0.022649243466299873,0.04329573590096292,-0.2580110041265474,-0.3788473177441539,-0.3914250343878954,-0.2511664374140302,101625.52132049519,0.3845932006835966
3.171686382393397,3.18084181568088,2.8997606602475927,0.03264924346629988,0.04329573590096292,-0.2380110041265474,-0.38884731774415393,-0.3914250343878954,-0.2511664374140302,101520.52132049519,0.3883850097656243
3.171686382393397,3.18084181568088,2.9097606602475925,0.03264924346629988,0.0532957359009629,-0.2380110041265474,-0.38884731774415393,-0.3914250343878954,-0.26116643741403023,101225.52132049519,0.38943309783935476
3.151686382393397,3.17084181568088,2.8997606602475927,0.04264924346629989,0.0532957359009629,-0.2380110041265474,-0.3688473177441539,-0.38142503438789543,-0.2511664374140302,100600.52132049519,0.39336819648742605
3.1416863823933974,3.16084181568088,2.9097606602475925,0.04264924346629989,0.06329573590096291,-0.21801100412654745,-0.3788473177441539,-0.3914250343878954,-0.26116643741403023,99709.52132049519,0.39736933708190847
3.1316863823933976,3.14084181568088,2.9097606602475925,0.05264924346629987,0.07329573590096292,-0.20801100412654744,-0.3788473177441539,-0.38142503438789543,-0.26116643741403023,99394.52132049519,0.40110607147216726
3.1216863823933974,3.1308418156808804,2.9097606602475925,0.05264924346629987,0.07329573590096292,-0.20801100412654744,-0.3788473177441539,-0.38142503438789543,-0.26116643741403023,98925.52132049519,0.40110607147216726
3.1116863823933976,3.1308418156808804,2.9097606602475925,0.05264924346629987,0.08329573590096293,-0.20801100412654744,-0.3688473177441539,-0.38142503438789543,-0.2511664374140302,98786.52132049519,0.4047049999237018
3.0916863823933975,3.1108418156808804,2.8997606602475927,0.06264924346629988,0.09329573590096293,0.08198899587345254,-0.3688473177441539,-0.38142503438789543,-0.26116643741403023,97979.52132049519,0.40906686782836843
2.7716863823933973,2.79084181568088,2.5897606602475927,0.3626492434662999,0.4032957359009629,0.1419889958734526,-0.3788473177441539,-0.3914250343878954,-0.26116643741403023,96970.52132049519,0.41308779716491983
2.711686382393397,2.73084181568088,2.5097606602475926,0.42264924346629984,0.46329573590096296,0.20198899587345254,-0.38884731774415393,-0.4014250343878954,-0.26116643741403023,96453.52132049519,0.4140669822692864
2.7316863823933972,2.7208418156808802,2.5297606602475926,0.42264924346629984,0.43329573590096293,0.17198899587345262,-0.38884731774415393,-0.3914250343878954,-0.26116643741403023,95978.52132049519,0.4170877456665032
2.5716863823933975,2.5708418156808803,2.4097606602475925,0.5326492434662998,0.5532957359009629,0.2619889958734526,-0.3788473177441539,-0.3914250343878954,-0.26116643741403023,95457.52132049519,0.4211084365844755
2.4916863823933975,2.4908418156808803,2.3597606602475927,0.6026492434662999,0.613295735900963,0.32198899587345253,-0.3688473177441539,-0.38142503438789543,-0.26116643741403023,94538.52132049519,0.42636556625366495
2.441686382393397,2.45084181568088,2.2997606602475926,0.5126492434662998,0.5332957359009629,0.24198899587345257,-0.3788473177441539,-0.3714250343878954,-0.26116643741403023,93621.52132049519,0.42636556625366495
2.5416863823933973,2.54084181568088,2.3997606602475927,0.5726492434662999,0.583295735900963,0.2719889958734526,-0.3688473177441539,-0.38142503438789543,-0.26116643741403023,92596.52132049519,0.42892260551452566
2.4716863823933974,2.48084181568088,2.3597606602475927,0.6126492434662999,0.623295735900963,0.3019889958734526,-0.3588473177441539,-0.3614250343878954,-0.26116643741403023,91559.52132049519,0.43389840126037527
2.4116863823933974,2.43084181568088,2.329760660247593,0.6326492434662998,0.6432957359009629,0.32198899587345253,-0.3588473177441539,-0.3714250343878954,-0.26116643741403023,91070.52132049519,0.4377784252166741
2.3616863823933976,2.3808418156808804,2.2797606602475926,0.6826492434662998,0.6932957359009629,0.36198899587345257,-0.3288473177441539,-0.3614250343878954,-0.26116643741403023,90053.52132049519,0.4387588024139397
2.2916863823933973,2.31084181568088,2.2397606602475926,0.7326492434662999,0.7532957359009629,0.4019889958734526,-0.3288473177441539,-0.3314250343878954,-0.2511664374140302,89148.52132049519,0.4417423725128167
2.2316863823933972,2.2408418156808803,2.1797606602475925,0.8026492434662998,0.8132957359009629,0.44198899587345253,-0.3288473177441539,-0.3214250343878954,-0.2511664374140302,88083.52132049519,0.44577736854552796
2.171686382393397,2.18084181568088,2.1697606602475927,0.8526492434662999,0.873295735900963,0.45198899587345254,-0.31884731774415387,-0.3314250343878954,-0.2511664374140302,86992.52132049519,0.4497591972351067
2.1016863823933973,2.12084181568088,2.1197606602475925,0.9326492434663,0.9532957359009628,0.5219889958734526,-0.2988473177441539,-0.31142503438789537,-0.2511664374140302,85867.52132049519,0.4539377212524407
2.2716863823933973,2.29084181568088,2.4197606602475927,0.8526492434662999,0.873295735900963,0.2819889958734526,-0.2888473177441539,-0.2914250343878954,-0.2511664374140302,84626.52132049519,0.4549729347228997
2.1616863823933974,2.18084181568088,2.3397606602475927,0.9826492434662998,1.013295735900963,0.35198899587345256,-0.2888473177441539,-0.3014250343878954,-0.2511664374140302,83285.52132049519,0.45789499282836843
2.0916863823933975,2.1108418156808804,2.2997606602475926,1.0626492434663,1.073295735900963,0.44198899587345253,-0.2888473177441539,-0.31142503438789537,-0.2411664374140302,81812.52132049519,0.4621059417724602
1.9916863823933975,2.02084181568088,2.2397606602475926,1.1626492434663,1.183295735900963,0.47198899587345255,-0.25884731774415387,-0.2814250343878954,-0.2411664374140302,80427.52132049519,0.4655038833618157
1.9216863823933972,1.9608418156808802,2.1997606602475925,1.2526492434663,1.263295735900963,0.5319889958734526,-0.2688473177441539,-0.2914250343878954,-0.2411664374140302,79640.52132049519,0.4655038833618157
1.8216863823933975,1.8508418156808804,2.1397606602475925,1.3726492434663,1.393295735900963,0.5719889958734526,-0.2688473177441539,-0.2914250343878954,-0.2411664374140302,78625.52132049519,0.4711601257324247
1.7716863823933973,1.7908418156808803,2.0697606602475926,1.4626492434662999,1.4732957359009629,0.6319889958734525,-0.2788473177441539,-0.2914250343878954,-0.2411664374140302,77426.52132049519,0.4742764949798577
1.5716863823933975,1.6008418156808804,1.6897606602475927,1.4926492434663,1.513295735900963,0.8619889958734527,-0.2688473177441539,-0.2814250343878954,-0.2411664374140302,76405.52132049519,0.47848100662231374
1.5416863823933973,1.5608418156808803,1.6497606602475927,1.5426492434663,1.563295735900963,0.9119889958734525,-0.25884731774415387,-0.2814250343878954,-0.2411664374140302,75238.52132049519,0.4793099880218499
1.4816863823933977,1.5108418156808805,1.6097606602475927,1.6226492434663,1.633295735900963,0.9719889958734526,-0.2688473177441539,-0.2814250343878954,-0.2411664374140302,73971.52132049519,0.4822816371917682
1.4516863823933974,1.4708418156808805,1.5797606602475929,1.6626492434663,1.683295735900963,1.0119889958734527,-0.2788473177441539,-0.2814250343878954,-0.2411664374140302,73166.52132049519,0.4872734069824247
1.4016863823933976,1.4208418156808804,1.5497606602475926,1.7526492434663,1.763295735900963,1.0519889958734527,-0.2788473177441539,-0.2914250343878954,-0.2411664374140302,72095.52132049519,0.49127693176269105
1.3716863823933974,1.3908418156808804,1.5297606602475926,1.7926492434663,1.803295735900963,1.0819889958734525,-0.2788473177441539,-0.2914250343878954,-0.2411664374140302,71194.52132049519,0.49159021377563406
1.3116863823933973,1.3408418156808803,1.4697606602475926,1.8626492434662998,1.8832957359009628,1.1519889958734524,-0.2888473177441539,-0.31142503438789537,-0.2411664374140302,70691.52132049519,0.4946016788482659
1.2416863823933975,1.2708418156808803,1.5897606602475927,2.0626492434663,2.0732957359009627,1.1319889958734524,-0.2988473177441539,-0.3214250343878954,-0.2311664374140302,70172.52132049519,0.4986304759979241
1.1716863823933976,1.1908418156808804,1.5297606602475926,2.1226492434663,2.143295735900963,1.2019889958734526,-0.2988473177441539,-0.3014250343878954,-0.2411664374140302,69395.52132049519,0.5028554916381829
1.1216863823933974,1.1408418156808804,1.4797606602475928,2.2026492434663,2.203295735900963,1.2519889958734525,-0.2988473177441539,-0.3014250343878954,-0.2311664374140302,69390.52132049519,0.5038516044616692
1.0616863823933973,1.0808418156808803,1.4497606602475925,2.2526492434663,2.253295735900963,1.2819889958734527,-0.3088473177441539,-0.3014250343878954,-0.2311664374140302,69109.52132049519,0.5070292472839348
1.0116863823933975,1.0308418156808803,1.3997606602475927,2.3026492434663,2.313295735900963,1.3419889958734528,-0.31884731774415387,-0.3214250343878954,-0.2311664374140302,68828.52132049519,0.5108544349670403
0.9516863823933975,0.9808418156808804,1.3197606602475926,2.3726492434663,2.3832957359009628,1.4119889958734526,-0.3388473177441539,-0.3314250343878954,-0.2311664374140302,68445.52132049519,0.5158264160156243
0.9316863823933975,0.9508418156808803,1.2597606602475926,2.4026492434663,2.413295735900963,1.4719889958734527,-0.3388473177441539,-0.3314250343878954,-0.2311664374140302,68058.52132049519,0.519049835205081
0.8716863823933975,0.8908418156808803,1.2097606602475928,2.4726492434663,2.493295735900963,1.5419889958734525,-0.3388473177441539,-0.3414250343878954,-0.2311664374140302,68361.52132049519,0.519049835205081
0.8416863823933974,0.8608418156808803,1.1597606602475927,2.5126492434663,2.523295735900963,1.5719889958734528,-0.3488473177441539,-0.3414250343878954,-0.2311664374140302,68362.52132049519,0.5241455554962151
0.7916863823933975,0.8108418156808803,1.1097606602475927,2.5626492434663,2.5732957359009627,1.6219889958734526,-0.3588473177441539,-0.3514250343878954,-0.2311664374140302,68011.52132049519,0.5285508155822747
0.7616863823933975,0.7908418156808803,1.0697606602475926,2.6026492434663,2.603295735900963,1.6619889958734526,-0.38884731774415393,-0.38142503438789543,-0.2311664374140302,68116.52132049519,0.5314840793609577
0.7516863823933975,0.7608418156808803,1.0397606602475926,2.6326492434663,2.6332957359009628,1.6919889958734529,-0.3788473177441539,-0.38142503438789543,-0.2311664374140302,68095.52132049519,0.5325562477111809
0.7016863823933975,0.7208418156808802,0.9797606602475928,2.6726492434663,2.683295735900963,1.7419889958734527,-0.3688473177441539,-0.3714250343878954,-0.2311664374140302,67914.52132049519,0.5351821899414055
0.6916863823933975,0.7108418156808802,0.9297606602475927,2.6926492434663,2.703295735900963,1.7919889958734525,-0.3688473177441539,-0.38142503438789543,-0.2211664374140302,67781.52132049519,0.540293884277343
0.6716863823933975,0.6908418156808803,0.9197606602475927,2.7126492434663,2.723295735900963,1.8019889958734527,-0.38884731774415393,-0.3914250343878954,-0.2311664374140302,67734.52132049519,0.5442933559417682
0.6516863823933975,0.6608418156808803,0.8697606602475927,2.7326492434663,2.753295735900963,1.8519889958734526,-0.38884731774415393,-0.38142503438789543,-0.2211664374140302,67583.52132049519,0.5442933559417682
0.6416863823933975,0.6608418156808803,0.8197606602475926,2.7426492434663,2.753295735900963,1.8719889958734526,-0.38884731774415393,-0.38142503438789543,-0.2211664374140302,67760.52132049519,0.5482654094696038
0.6316863823933975,0.6408418156808803,0.7997606602475926,2.7726492434663,2.793295735900963,1.9019889958734528,-0.3988473177441539,-0.4014250343878954,-0.2211664374140302,67491.52132049519,0.5526113033294671
0.6016863823933974,0.6208418156808803,0.7697606602475926,2.8226492434662998,2.833295735900963,1.9419889958734529,-0.42884731774415386,-0.42142503438789536,-0.2211664374140302,66832.52132049519,0.556907129287719
0.5916863823933974,0.6008418156808802,0.7597606602475926,2.8426492434662998,2.8432957359009627,1.9419889958734529,-0.43884731774415386,-0.43142503438789537,-0.2211664374140302,66391.52132049519,0.556907129287719
0.5716863823933975,0.5908418156808802,0.7197606602475928,2.8726492434663,2.873295735900963,1.981988995873453,-0.4488473177441539,-0.4414250343878954,-0.2311664374140302,66632.52132049519,0.5614516258239703
0.5516863823933975,0.5608418156808803,0.6797606602475927,2.8826492434663,2.893295735900963,2.0319889958734527,-0.4488473177441539,-0.4414250343878954,-0.2311664374140302,66397.52132049519,0.5650538921356194
0.5516863823933975,0.5608418156808803,0.6297606602475927,2.9026492434663,2.903295735900963,2.0819889958734525,-0.4588473177441539,-0.4514250343878954,-0.2311664374140302,65818.52132049519,0.5695328235626249
0.5316863823933975,0.5408418156808803,0.6397606602475927,2.9126492434663,2.933295735900963,2.0719889958734528,-0.4788473177441539,-0.4714250343878954,-0.2311664374140302,65459.52132049519,0.5695328235626249
0.5216863823933975,0.5308418156808803,0.6097606602475927,2.9326492434663,2.933295735900963,2.0919889958734528,-0.4888473177441539,-0.4814250343878954,-0.2311664374140302,65260.52132049519,0.5726186752319329
0.5216863823933975,0.5308418156808803,0.5997606602475927,2.9226492434663,2.933295735900963,2.111988995873453,-0.4788473177441539,-0.4714250343878954,-0.2311664374140302,64741.52132049519,0.5776211738586419
0.5116863823933975,0.5208418156808803,0.5697606602475926,2.9426492434663,2.943295735900963,2.1419889958734526,-0.4888473177441539,-0.4914250343878954,-0.2311664374140302,64244.52132049519,0.5816151618957512
0.5016863823933975,0.5108418156808803,0.5397606602475926,2.9426492434663,2.953295735900963,2.1619889958734526,-0.4988473177441539,-0.4914250343878954,-0.2311664374140302,63889.52132049519,0.5816151618957512
0.48168638239339745,0.49084181568088026,0.5497606602475926,2.9726492434663,2.983295735900963,2.151988995873453,-0.4888473177441539,-0.4914250343878954,-0.2311664374140302,63462.52132049519,0.5846135139465325
0.47168638239339744,0.48084181568088025,0.5397606602475926,2.9826492434663,3.003295735900963,2.151988995873453,-0.5088473177441539,-0.4914250343878954,-0.2311664374140302,62967.52132049519,0.5889877796173089
0.45168638239339753,0.46084181568088023,0.5397606602475926,3.0026492434663,3.003295735900963,2.1619889958734526,-0.5088473177441539,-0.4914250343878954,-0.2211664374140302,62702.52132049519,0.5935124874114983
0.45168638239339753,0.46084181568088023,0.5497606602475926,3.0126492434663,3.023295735900963,2.151988995873453,-0.5088473177441539,-0.5014250343878954,-0.2311664374140302,62341.52132049519,0.5969688415527301
0.46168638239339743,0.46084181568088023,0.5197606602475926,3.0126492434663,3.023295735900963,2.1619889958734526,-0.5088473177441539,-0.5014250343878954,-0.2311664374140302,61824.52132049519,0.5975028991699176
0.4416863823933975,0.46084181568088023,0.5097606602475926,3.0326492434663,3.033295735900963,2.1619889958734526,-0.5188473177441539,-0.5114250343878954,-0.2311664374140302,61543.52132049519,0.6016184806823723
0.4116863823933975,0.4308418156808803,0.4697606602475928,3.0526492434663,3.053295735900963,2.1819889958734526,-0.4988473177441539,-0.5014250343878954,-0.2211664374140302,61358.52132049519,0.6056339263916009
0.4116863823933975,0.4208418156808803,0.45976066024759277,3.0426492434663,3.053295735900963,2.1619889958734526,-0.5088473177441539,-0.5114250343878954,-0.2211664374140302,61259.52132049519,0.6098324775695794
0.4216863823933975,0.4308418156808803,0.48976066024759257,3.0426492434663,3.063295735900963,2.1419889958734526,-0.5088473177441539,-0.5014250343878954,-0.2211664374140302,60572.52132049519,0.6098324775695794
0.38168638239339747,0.3908418156808803,0.4797606602475928,3.0726492434662998,3.083295735900963,2.151988995873453,-0.5188473177441539,-0.5014250343878954,-0.2211664374140302,60067.52132049519,0.6138329029083245
0.36168638239339745,0.37084181568088026,0.45976066024759277,3.0826492434663,3.0932957359009627,2.1619889958734526,-0.4988473177441539,-0.4914250343878954,-0.2211664374140302,59844.52132049519,0.6173486232757597
0.3516863823933975,0.36084181568088025,0.4697606602475928,3.0826492434663,3.0932957359009627,2.1219889958734526,-0.4788473177441539,-0.4814250343878954,-0.21116643741403018,59267.52132049519,0.6225440025329583
0.3416863823933975,0.3508418156808803,0.5097606602475926,3.0826492434663,3.0932957359009627,2.0519889958734527,-0.4888473177441539,-0.4814250343878954,-0.21116643741403018,58566.52132049519,0.6226884841918903
0.3416863823933975,0.3508418156808803,0.5197606602475926,3.0626492434663,3.083295735900963,2.0419889958734525,-0.4588473177441539,-0.4614250343878954,-0.21116643741403018,58253.52132049519,0.6259135723114007
0.3416863823933975,0.3508418156808803,0.5197606602475926,3.0726492434662998,3.0732957359009627,2.0219889958734525,-0.4588473177441539,-0.4614250343878954,-0.21116643741403018,58144.52132049519,0.6301397800445585
0.3316863823933975,0.3408418156808803,0.4997606602475926,3.0726492434662998,3.083295735900963,2.0219889958734525,-0.4488473177441539,-0.4514250343878954,-0.2011664374140302,57629.52132049519,0.6351241588592522
0.3316863823933975,0.3308418156808803,0.4997606602475926,3.0626492434663,3.083295735900963,2.0019889958734525,-0.4488473177441539,-0.4414250343878954,-0.2011664374140302,57368.52132049519,0.6351241588592522
0.3216863823933975,0.3308418156808803,0.5097606602475926,3.0726492434662998,3.083295735900963,1.9919889958734527,-0.4588473177441539,-0.4614250343878954,-0.2011664374140302,57349.52132049519,0.6381413459777825
0.3216863823933975,0.3308418156808803,0.48976066024759257,3.0626492434663,3.0732957359009627,1.981988995873453,-0.4488473177441539,-0.4514250343878954,-0.2011664374140302,56948.52132049519,0.643123817443847
0.31168638239339747,0.32084181568088027,0.4697606602475928,3.0626492434663,3.0732957359009627,1.9719889958734527,-0.43884731774415386,-0.42142503438789536,-0.1911664374140302,56339.52132049519,0.6472575187683098
0.31168638239339747,0.32084181568088027,0.4997606602475926,3.0426492434663,3.053295735900963,1.9419889958734529,-0.42884731774415386,-0.42142503438789536,-0.1911664374140302,55958.52132049519,0.6472575187683098
0.31168638239339747,0.31084181568088026,0.4697606602475928,3.0526492434663,3.053295735900963,1.9419889958734529,-0.42884731774415386,-0.43142503438789537,-0.1911664374140302,55745.52132049519,0.6515388011932401
0.30168638239339746,0.30084181568088025,0.42976066024759274,3.0426492434663,3.053295735900963,1.9519889958734526,-0.4188473177441539,-0.4014250343878954,-0.1911664374140302,55350.52132049519,0.655568075180053
0.2916863823933975,0.2908418156808803,0.45976066024759277,3.0226492434663,3.023295735900963,1.9219889958734528,-0.38884731774415393,-0.38142503438789543,-0.1811664374140302,54813.52132049519,0.6590241909027093
0.2916863823933975,0.30084181568088025,0.44976066024759276,3.0026492434663,3.013295735900963,1.9119889958734526,-0.3788473177441539,-0.3714250343878954,-0.1811664374140302,54402.52132049519,0.6623343944549589
0.2716863823933975,0.2708418156808803,0.43976066024759275,2.9926492434663,3.003295735900963,1.9119889958734526,-0.3488473177441539,-0.3414250343878954,-0.1711664374140302,54035.52132049519,0.663052034378051
0.2616863823933975,0.2708418156808803,0.42976066024759274,2.9726492434663,2.973295735900963,1.9219889958734528,-0.3288473177441539,-0.3314250343878954,-0.1711664374140302,53770.52132049519,0.6670312404632561
0.25168638239339747,0.2608418156808803,0.4097606602475927,2.9526492434663,2.973295735900963,1.9119889958734526,-0.31884731774415387,-0.31142503438789537,-0.1711664374140302,53661.52132049519,0.6716114997863762
0.24168638239339746,0.25084181568088026,0.41976066024759273,2.9326492434663,2.933295735900963,1.8819889958734528,-0.2988473177441539,-0.2914250343878954,-0.1611664374140302,53196.52132049519,0.6748730659484856
0.25168638239339747,0.25084181568088026,0.42976066024759274,2.8926492434663,2.913295735900963,1.8519889958734526,-0.2688473177441539,-0.2614250343878954,-0.1611664374140302,52753.52132049519,0.6756104946136468
0.2616863823933975,0.2708418156808803,0.42976066024759274,2.8426492434662998,2.8632957359009628,1.8319889958734525,-0.2188473177441539,-0.2214250343878954,-0.1611664374140302,52128.52132049519,0.6791224002838128
0.24168638239339746,0.24084181568088026,0.41976066024759273,2.8426492434662998,2.8632957359009628,1.8319889958734525,-0.19884731774415387,-0.20142503438789539,-0.1611664374140302,51947.52132049519,0.6844181537628167
0.2316863823933975,0.24084181568088026,0.43976066024759275,2.8126492434663,2.833295735900963,1.7919889958734525,-0.1788473177441539,-0.18142503438789542,-0.15116643741403019,51996.52132049519,0.6874184131622307
0.2316863823933975,0.24084181568088026,0.4097606602475927,2.7526492434663,2.773295735900963,1.7819889958734527,-0.14884731774415388,-0.1514250343878954,-0.1411664374140302,51485.52132049519,0.688398075103759
0.2216863823933975,0.2308418156808803,0.4097606602475927,2.7226492434663,2.743295735900963,1.7619889958734527,-0.1088473177441539,-0.11142503438789542,-0.1411664374140302,51172.52132049519,0.6917922019958489
0.2116863823933975,0.2308418156808803,0.4097606602475927,2.6926492434663,2.703295735900963,1.7819889958734527,-0.07884731774415388,-0.08142503438789539,-0.1411664374140302,51161.52132049519,0.6964013099670403
0.2116863823933975,0.2208418156808803,0.42976066024759274,2.6426492434663,2.663295735900963,1.7119889958734529,-0.028847317744153944,-0.031425034387895345,-0.1311664374140302,50616.52132049519,0.6993593692779569
0.20168638239339748,0.21084181568088028,0.3997606602475927,2.5826492434663,2.623295735900963,1.7219889958734527,0.0211526822558461,0.00857496561210458,-0.12116643741403019,50061.52132049519,0.6993593692779569
0.19168638239339747,0.20084181568088028,0.3997606602475927,2.5626492434663,2.5732957359009627,1.7019889958734526,0.07115268225584614,0.06857496561210463,-0.12116643741403019,49740.52132049519,0.7039288997650104
0.19168638239339747,0.20084181568088028,0.3997606602475927,2.5226492434663,2.553295735900963,1.6719889958734528,0.11115268225584607,0.09857496561210455,-0.1111664374140302,49569.52132049519,0.7084218978881829
0.19168638239339747,0.20084181568088028,0.4097606602475927,2.4726492434663,2.493295735900963,1.6419889958734526,0.1611526822558461,0.1485749656121046,-0.1111664374140302,49466.52132049519,0.712421369552608
0.19168638239339747,0.20084181568088028,0.3997606602475927,2.4126492434663,2.443295735900963,1.6319889958734528,0.21115268225584616,0.19857496561210464,-0.1011664374140302,49339.52132049519,0.712421369552608
0.18168638239339746,0.19084181568088027,0.3697606602475927,2.3526492434663,2.3832957359009628,1.6119889958734528,0.2611526822558461,0.24857496561210457,-0.09116643741403019,49076.52132049519,0.7154218673706048
0.1716863823933975,0.18084181568088026,0.3997606602475927,2.2826492434663,2.313295735900963,1.5619889958734525,0.33115268225584615,0.3085749656121046,-0.09116643741403019,48923.52132049519,0.7205948352813678
0.1616863823933975,0.1708418156808803,0.3997606602475927,2.2226492434663,2.253295735900963,1.5319889958734527,0.3911526822558461,0.3785749656121046,-0.08116643741403021,49044.52132049519,0.7250966548919671
0.1716863823933975,0.1708418156808803,0.3797606602475927,2.1426492434663,2.193295735900963,1.5119889958734527,0.45115268225584615,0.43857496561210463,-0.08116643741403021,48977.52132049519,0.7282518863678007
0.1716863823933975,0.1708418156808803,0.3897606602475927,2.0726492434662998,2.103295735900963,1.4719889958734527,0.5211526822558462,0.5185749656121047,-0.0711664374140302,48590.52132049519,0.7290970802307157
0.14168638239339748,0.1608418156808803,0.3997606602475927,2.0126492434663,2.043295735900963,1.4519889958734526,0.6011526822558461,0.5885749656121045,-0.0711664374140302,48317.52132049519,0.7320537090301507
0.1516863823933975,0.1608418156808803,0.4097606602475927,1.9626492434662999,1.9832957359009629,1.4419889958734524,0.6611526822558461,0.6585749656121046,-0.06116643741403019,48420.52132049519,0.7376052856445305
0.14168638239339748,0.1508418156808803,0.4097606602475927,1.9026492434662998,1.933295735900963,1.4019889958734524,0.7211526822558462,0.6985749656121046,-0.05116643741403021,48725.52132049519,0.7402679443359368
0.14168638239339748,0.1508418156808803,0.4097606602475927,1.8426492434662998,1.873295735900963,1.3919889958734526,0.781152682255846,0.7685749656121047,-0.05116643741403021,48530.52132049519,0.7402679443359368
0.1516863823933975,0.1608418156808803,0.3797606602475927,1.7726492434663,1.813295735900963,1.3619889958734528,0.841152682255846,0.8185749656121045,-0.0411664374140302,48509.52132049519,0.7453040599822991
0.13168638239339747,0.14084181568088028,0.3897606602475927,1.7126492434662999,1.763295735900963,1.3719889958734526,0.8911526822558461,0.8785749656121046,-0.0411664374140302,48874.52132049519,0.7483047962188714
0.1516863823933975,0.1508418156808803,0.3997606602475927,1.6726492434663,1.6932957359009628,1.3519889958734526,0.9611526822558462,0.9385749656121046,-0.02116643741403018,48899.52132049519,0.752459001541137
0.1516863823933975,0.1608418156808803,0.3797606602475927,1.6126492434663,1.653295735900963,1.3219889958734528,1.011152682255846,0.9885749656121047,-0.02116643741403018,48828.52132049519,0.7535042285919182
0.14168638239339748,0.14084181568088028,0.3997606602475927,1.5626492434663,1.593295735900963,1.2619889958734527,1.041152682255846,1.0285749656121048,-0.011166437414030173,49397.52132049519,0.7570745468139641
0.12168638239339749,0.13084181568088027,0.4097606602475927,1.5226492434663,1.553295735900963,1.2119889958734524,1.101152682255846,1.0885749656121044,-0.0011664374140302192,49532.52132049519,0.7611474514007597
0.13168638239339747,0.14084181568088028,0.3797606602475927,1.4726492434662999,1.5032957359009629,1.2019889958734526,1.1511526822558462,1.1385749656121047,0.00883356258596979,49045.52132049519,0.7646588802337639
0.13168638239339747,0.13084181568088027,0.3697606602475927,1.4226492434663,1.4532957359009628,1.2219889958734527,1.221152682255846,1.1985749656121047,0.0188335625859698,49320.52132049519,0.7656900405883782
0.11168638239339748,0.1208418156808803,0.3697606602475927,1.3726492434663,1.413295735900963,1.1619889958734526,1.2711526822558463,1.2585749656121048,0.0188335625859698,49203.52132049519,0.7700552463531487
0.10168638239339747,0.11084181568088029,0.34976066024759267,1.3426492434663,1.383295735900963,1.1619889958734526,1.3211526822558461,1.2985749656121044,0.028833562585969807,48870.52132049519,0.7743539333343499
0.10168638239339747,0.11084181568088029,0.3897606602475927,1.2726492434663,1.323295735900963,1.1219889958734526,1.371152682255846,1.3485749656121047,0.048833562585969825,48469.52132049519,0.7778598785400384
0.09168638239339749,0.10084181568088028,0.31976066024759264,1.2526492434663,1.293295735900963,1.0919889958734528,1.411152682255846,1.3985749656121045,0.0888335625859698,48652.52132049519,0.7788722038269036
0.10168638239339747,0.10084181568088028,0.31976066024759264,1.2126492434662999,1.2532957359009629,1.0819889958734525,1.471152682255846,1.4485749656121047,0.10883356258596982,48497.52132049519,0.7823912620544426
0.09168638239339749,0.0908418156808803,0.2797606602475927,1.1626492434663,1.1932957359009628,1.0619889958734525,1.5511526822558461,1.5285749656121048,0.16883356258596982,47864.52132049519,0.7865638256072991
0.07168638239339747,0.0808418156808803,0.22976066024759267,1.1026492434663,1.133295735900963,1.0419889958734525,1.6011526822558464,1.5785749656121046,0.23883356258596983,47417.52132049519,0.7905640125274616
0.06168638239339749,0.060841815680880304,0.23976066024759268,1.0626492434663,1.093295735900963,0.9819889958734526,1.6711526822558462,1.648574965612105,0.27883356258596975,47262.52132049519,0.79378790855408
0.041686382393397475,0.050841815680880295,0.21976066024759267,1.0126492434663,1.063295735900963,0.9719889958734526,1.741152682255846,1.7185749656121048,0.3488335625859698,46541.52132049519,0.794563961029052
0.041686382393397475,0.050841815680880295,0.17976066024759263,0.9726492434662998,1.013295735900963,0.9619889958734525,1.7711526822558463,1.7585749656121048,0.41883356258596977,45788.52132049519,0.7985374450683587
0.041686382393397475,0.040841815680880286,0.18976066024759264,0.9026492434662999,0.9432957359009628,0.8719889958734525,1.8411526822558462,1.8285749656121046,0.5388335625859697,45207.52132049519,0.8021173000335686
0.041686382393397475,0.040841815680880286,0.15976066024759272,0.8626492434662999,0.903295735900963,0.8819889958734525,1.8911526822558464,1.8685749656121047,0.5888335625859697,44668.52132049519,0.8061601638793938
0.021686382393397485,0.030841815680880305,0.16976066024759273,0.8226492434662999,0.853295735900963,0.8419889958734527,1.9611526822558463,1.9185749656121045,0.7088335625859699,43987.52132049519,0.8061601638793938
0.021686382393397485,0.020841815680880296,0.10976066024759268,0.7626492434662998,0.8132957359009629,0.8019889958734526,1.991152682255846,1.9585749656121045,0.7988335625859699,43204.52132049519,0.8101949214935296
0.011686382393397476,0.020841815680880296,0.049760660247592625,0.7426492434662999,0.7732957359009629,0.7919889958734526,2.031152682255846,2.0185749656121046,0.9488335625859698,42329.52132049519,0.8153657436370843
0.011686382393397476,0.020841815680880296,-0.010239339752407317,0.7126492434662999,0.733295735900963,0.7519889958734526,2.0611526822558464,2.068574965612105,1.06883356258597,41034.52132049519,0.818534326553344
0.0016863823933974814,0.0008418156808802923,-0.040239339752407344,0.6626492434662998,0.713295735900963,0.6819889958734525,2.111152682255846,2.1185749656121047,1.1888335625859698,39443.52132049519,0.8193656921386712
-0.008313617606602514,-0.009158184319119703,-0.05023933975240735,0.6126492434662999,0.6432957359009629,0.6419889958734525,2.181152682255846,2.1985749656121047,1.28883356258597,38280.52132049519,0.8228547096252434
-0.018313617606602522,-0.009158184319119703,-0.08023933975240727,0.5726492434662999,0.603295735900963,0.6119889958734527,2.2311526822558463,2.2285749656121046,1.3888335625859698,37497.52132049519,0.8268646717071562
-0.018313617606602522,-0.01915818431911971,-0.10023933975240729,0.5426492434662998,0.5632957359009629,0.6019889958734527,2.2711526822558463,2.2885749656121046,1.4488335625859698,36688.52132049519,0.8307313442230218
-0.018313617606602522,-0.01915818431911971,-0.1202393397524073,0.5526492434662998,0.583295735900963,0.5319889958734526,2.2511526822558463,2.278574965612105,1.50883356258597,36315.52132049519,0.8317722797393792
-0.008313617606602514,-0.009158184319119703,-0.16023933975240734,0.5326492434662998,0.5432957359009629,0.5719889958734526,2.261152682255846,2.2885749656121046,1.52883356258597,36128.52132049519,0.8347725391387968
-0.028313617606602517,-0.029158184319119707,-0.1902393397524073,0.5426492434662998,0.5632957359009629,0.5619889958734526,2.241152682255846,2.2485749656121046,1.52883356258597,36119.52132049519,0.8389777660369866
-0.028313617606602517,-0.0391581843191197,-0.21023933975240733,0.5126492434662998,0.5332957359009629,0.5919889958734527,2.261152682255846,2.2685749656121046,1.50883356258597,36508.52132049519,0.8430428028106682
-0.03831361760660251,-0.0391581843191197,-0.23023933975240735,0.4726492434662999,0.493295735900963,0.5819889958734527,2.2311526822558463,2.238574965612105,1.4888335625859699,36913.52132049519,0.8438784599304192
-0.028313617606602517,-0.029158184319119707,-0.2602393397524073,0.4826492434662999,0.493295735900963,0.5719889958734526,2.2111526822558463,2.238574965612105,1.4888335625859699,37298.52132049519,0.8479158401489286
-0.03831361760660251,-0.04915818431911971,-0.2402393397524073,0.4626492434662999,0.483295735900963,0.5419889958734526,2.201152682255846,2.2085749656121045,1.4788335625859699,37887.52132049519,0.8518952846527093
-0.058313617606602516,-0.059158184319119705,-0.3002393397524073,0.43264924346629985,0.47329573590096297,0.5619889958734526,2.1911526822558463,2.1985749656121047,1.4588335625859699,38614.52132049519,0.8551170349121087
-0.07831361760660252,-0.06915818431911971,-0.3102393397524073,0.4626492434662999,0.483295735900963,0.5619889958734526,2.181152682255846,2.1985749656121047,1.4188335625859698,39609.52132049519,0.8560788154602044
-0.06831361760660251,-0.06915818431911971,-0.3102393397524073,0.45264924346629987,0.46329573590096296,0.5619889958734526,2.1711526822558462,2.1785749656121047,1.3988335625859698,40378.52132049519,0.8601219177246087
-0.07831361760660252,-0.07915818431911971,-0.3202393397524073,0.44264924346629986,0.47329573590096297,0.5619889958734526,2.1411526822558464,2.1685749656121045,1.3488335625859698,41829.52132049519,0.8645934581756585
-0.08831361760660252,-0.07915818431911971,-0.3602393397524073,0.41264924346629983,0.43329573590096293,0.6119889958734527,2.1211526822558464,2.128574965612105,1.32883356258597,43096.52132049519,0.8681237220764153
-0.08831361760660252,-0.0891581843191197,-0.3902393397524073,0.41264924346629983,0.4132957359009629,0.6119889958734527,2.111152682255846,2.128574965612105,1.25883356258597,44989.52132049519,0.8714441776275628
-0.08831361760660252,-0.0891581843191197,-0.40023933975240733,0.3926492434662998,0.4132957359009629,0.6519889958734525,2.0811526822558464,2.0785749656121046,1.2088335625859699,47068.52132049519,0.8721689701080315
-0.08831361760660252,-0.0891581843191197,-0.40023933975240733,0.4026492434662998,0.4232957359009629,0.5619889958734526,2.031152682255846,2.028574965612105,1.1688335625859698,48295.52132049519,0.8761691570281975
-0.09831361760660252,-0.0891581843191197,-0.35023933975240734,0.3526492434662999,0.363295735900963,0.5419889958734526,1.9811526822558463,1.9785749656121046,1.03883356258597,49768.52132049519,0.8801691055297844
-0.08831361760660252,-0.0891581843191197,-0.3302393397524073,0.30264924346629984,0.33329573590096295,0.5219889958734526,1.911152682255846,1.9285749656121047,0.9888335625859699,51687.52132049519,0.8839344501495354
-0.08831361760660252,-0.0891581843191197,-0.3302393397524073,0.29264924346629984,0.31329573590096294,0.44198899587345253,1.8911526822558464,1.9085749656121047,0.9088335625859698,53224.52132049519,0.8849746704101591
-0.08831361760660252,-0.0891581843191197,-0.35023933975240734,0.2626492434662999,0.2932957359009629,0.4319889958734525,1.8311526822558464,1.8485749656121047,0.8388335625859697,55271.52132049519,0.8878857612609821
-0.09831361760660252,-0.0891581843191197,-0.3902393397524073,0.2626492434662999,0.2832957359009629,0.3919889958734526,1.7711526822558463,1.7885749656121046,0.7488335625859699,57532.52132049519,0.8927213668823235
-0.09831361760660252,-0.09915818431911971,-0.3702393397524073,0.23264924346629987,0.2332957359009629,0.4319889958734525,1.7311526822558463,1.7385749656121048,0.6288335625859698,59237.52132049519,0.8960415840148919
-0.09831361760660252,-0.09915818431911971,-0.35023933975240734,0.2026492434662999,0.1932957359009629,0.3919889958734526,1.6311526822558462,1.6185749656121047,0.5088335625859699,61444.52132049519,0.8971094608306878
-0.09831361760660252,-0.09915818431911971,-0.3702393397524073,0.19264924346629989,0.21329573590096293,0.3119889958734525,1.531152682255846,1.5685749656121049,0.4588335625859698,63311.52132049519,0.9013688087463336
-0.09831361760660252,-0.09915818431911971,-0.35023933975240734,0.18264924346629988,0.1832957359009629,0.2819889958734526,1.471152682255846,1.4785749656121046,0.3388335625859698,65584.52132049519,0.9047882080078082
-0.09831361760660252,-0.09915818431911971,-0.3702393397524073,0.11264924346629987,0.1232957359009629,0.22198899587345255,1.3811526822558462,1.4085749656121047,0.3288335625859698,67223.52132049519,0.9087907791137688
-0.09831361760660252,-0.09915818431911971,-0.40023933975240733,0.09264924346629991,0.09329573590096293,0.13198899587345259,1.2711526822558463,1.2685749656121046,0.2088335625859698,69040.52132049519,0.9097866535186796
-0.09831361760660252,-0.09915818431911971,-0.43023933975240736,0.06264924346629988,0.0532957359009629,0.1519889958734526,1.2111526822558463,1.1885749656121045,0.1588335625859698,71407.52132049519,0.912786674499511
-0.09831361760660252,-0.09915818431911971,-0.3902393397524073,0.04264924346629989,0.0532957359009629,0.08198899587345254,1.141152682255846,1.1485749656121045,0.1488335625859698,73654.52132049519,0.9161695957183831
-0.09831361760660252,-0.09915818431911971,-0.3902393397524073,0.04264924346629989,0.03329573590096291,0.10198899587345256,1.041152682255846,1.0285749656121048,0.09883356258596981,75573.52132049519,0.9212183475494378
-0.09831361760660252,-0.09915818431911971,-0.41023933975240734,0.012649243466299892,0.013295735900962918,0.07198899587345253,0.9011526822558461,0.8985749656121046,0.048833562585969825,77514.52132049519,0.9212183475494378
-0.09831361760660252,-0.09915818431911971,-0.40023933975240733,0.012649243466299892,0.0232957359009629,0.03198899587345261,0.7511526822558462,0.7685749656121047,-0.0011664374140302192,79911.52132049519,0.9252781391143792
-0.09831361760660252,-0.09915818431911971,-0.3902393397524073,0.012649243466299892,0.0032957359009629095,0.07198899587345253,0.6511526822558461,0.6485749656121046,-0.011166437414030173,81980.52132049519,0.9289569377899198
-0.09831361760660252,-0.09915818431911971,-0.40023933975240733,-0.017350756533700107,-0.01670426409903708,0.01198899587345259,0.5211526822558462,0.5385749656121045,-0.02116643741403018,83975.52132049519,0.9326076030731194
-0.09831361760660252,-0.09915818431911971,-0.40023933975240733,-0.007350756533700126,-0.006704264099037099,0.01198899587345259,0.4211526822558461,0.4185749656121046,-0.06116643741403019,85932.52132049519,0.9370836734771721
-0.09831361760660252,-0.0891581843191197,-0.3902393397524073,-0.007350756533700126,-0.006704264099037099,-0.018011004126547436,0.36115268225584607,0.36857496561210457,-0.06116643741403019,87753.52132049519,0.9370836734771721
-0.09831361760660252,-0.09915818431911971,-0.41023933975240734,0.002649243466299883,-0.01670426409903708,-0.038011004126547454,0.2811526822558461,0.2785749656121046,-0.09116643741403019,89736.52132049519,0.9421379089355462
-0.09831361760660252,-0.0891581843191197,-0.41023933975240734,-0.007350756533700126,-0.006704264099037099,-0.058011004126547416,0.22115268225584606,0.23857496561210456,-0.1111664374140302,91113.52132049519,0.9461230754852288
-0.09831361760660252,-0.0891581843191197,-0.41023933975240734,-0.007350756533700126,-0.006704264099037099,-0.06801100412654743,0.18115268225584613,0.20857496561210465,-0.1111664374140302,92982.52132049519,0.9494387626647942
-0.09831361760660252,-0.09915818431911971,-0.40023933975240733,0.002649243466299883,0.0032957359009629095,-0.04801100412654741,0.10115268225584606,0.11857496561210457,-0.1311664374140302,95129.52132049519,0.9503736019134479
-0.09831361760660252,-0.09915818431911971,-0.40023933975240733,0.002649243466299883,0.0032957359009629095,-0.06801100412654743,0.03115268225584611,0.058574965612104624,-0.1311664374140302,97162.52132049519,0.9538373470306389
-0.09831361760660252,-0.09915818431911971,-0.41023933975240734,0.002649243466299883,0.013295735900962918,-0.04801100412654741,-0.028847317744153944,-0.021425034387895447,-0.15116643741403019,99285.52132049519,0.9583916187286405
-0.09831361760660252,-0.09915818431911971,-0.41023933975240734,0.002649243466299883,0.013295735900962918,-0.06801100412654743,-0.0988473177441539,-0.0914250343878954,-0.1611664374140302,101370.52132049519,0.9615089416503899
-0.09831361760660252,-0.0891581843191197,-0.3902393397524073,0.012649243466299892,0.013295735900962918,-0.06801100412654743,-0.14884731774415388,-0.1514250343878954,-0.1611664374140302,103505.52132049519,0.9625930309295647
-0.09831361760660252,-0.09915818431911971,-0.3902393397524073,0.022649243466299873,0.0232957359009629,-0.09801100412654745,-0.1588473177441539,-0.1514250343878954,-0.15116643741403019,105414.52132049519,0.9667970657348626
-0.09831361760660252,-0.0891581843191197,-0.3702393397524073,0.012649243466299892,0.0232957359009629,-0.07801100412654743,-0.20884731774415388,-0.2114250343878954,-0.1711664374140302,107531.52132049519,0.9697427272796624
-0.08831361760660252,-0.0891581843191197,-0.3902393397524073,-0.007350756533700126,0.0032957359009629095,-0.08801100412654744,-0.25884731774415387,-0.24142503438789542,-0.1811664374140302,109836.52132049519,0.9740397453308098
-0.08831361760660252,-0.0891581843191197,-0.3802393397524073,-0.007350756533700126,0.0032957359009629095,-0.07801100412654743,-0.2688473177441539,-0.2514250343878954,-0.1611664374140302,112477.52132049519,0.9747426033019977
-0.08831361760660252,-0.0891581843191197,-0.3902393397524073,0.012649243466299892,0.013295735900962918,-0.07801100412654743,-0.2288473177441539,-0.2214250343878954,-0.1611664374140302,114548.52132049519,0.9787592411041288
-0.08831361760660252,-0.0891581843191197,-0.3702393397524073,0.002649243466299883,-0.01670426409903708,-0.08801100412654744,-0.25884731774415387,-0.24142503438789542,-0.15116643741403019,115927.52132049519,0.9820284366607659
-0.08831361760660252,-0.0891581843191197,-0.3602393397524073,-0.007350756533700126,-0.01670426409903708,-0.04801100412654741,-0.25884731774415387,-0.2514250343878954,-0.1411664374140302,117404.52132049519,0.9866201400756829
-0.08831361760660252,-0.0891581843191197,-0.35023933975240734,-0.007350756533700126,-0.01670426409903708,-0.06801100412654743,-0.2688473177441539,-0.2614250343878954,-0.15116643741403019,119367.52132049519,0.987601709365844
-0.08831361760660252,-0.0891581843191197,-0.3602393397524073,-0.017350756533700107,-0.01670426409903708,-0.06801100412654743,-0.25884731774415387,-0.2614250343878954,-0.1411664374140302,121438.52132049519,0.9910189628601067
-0.08831361760660252,-0.0891581843191197,-0.34023933975240733,-0.017350756533700107,-0.01670426409903708,-0.07801100412654743,-0.25884731774415387,-0.24142503438789542,-0.15116643741403019,122833.52132049519,0.9950186729431145
-0.08831361760660252,-0.0891581843191197,-0.35023933975240734,-0.017350756533700107,-0.01670426409903708,-0.07801100412654743,-0.2688473177441539,-0.2514250343878954,-0.15116643741403019,124948.52132049519,0.9990529537200921
-0.08831361760660252,-0.0891581843191197,-0.34023933975240733,-0.007350756533700126,-0.006704264099037099,-0.07801100412654743,-0.24884731774415392,-0.24142503438789542,-0.1611664374140302,127485.52132049519,1.0023881912231438
-0.08831361760660252,-0.0891581843191197,-0.35023933975240734,-0.007350756533700126,-0.006704264099037099,-0.07801100412654743,-0.25884731774415387,-0.24142503438789542,-0.15116643741403019,129810.52132049519,1.003454160690307
-0.08831361760660252,-0.0891581843191197,-0.35023933975240734,0.002649243466299883,-0.006704264099037099,-0.058011004126547416,-0.2388473177441539,-0.2214250343878954,-0.15116643741403019,132289.52132049517,1.0074576854705803
-0.08831361760660252,-0.0891581843191197,-0.3602393397524073,-0.007350756533700126,-0.006704264099037099,-0.07801100412654743,-0.2388473177441539,-0.2114250343878954,-0.15116643741403019,134166.52132049517,1.0110036849975579
-0.08831361760660252,-0.0891581843191197,-0.3802393397524073,-0.007350756533700126,-0.006704264099037099,-0.06801100412654743,-0.2388473177441539,-0.2114250343878954,-0.1411664374140302,134987.52132049517,1.0146431446075432
-0.08831361760660252,-0.0891581843191197,-0.3702393397524073,-0.007350756533700126,-0.006704264099037099,-0.058011004126547416,-0.2288473177441539,-0.20142503438789539,-0.1311664374140302,135596.52132049517,1.0156244754791288
-0.08831361760660252,-0.07915818431911971,-0.3702393397524073,-0.007350756533700126,0.0032957359009629095,-0.06801100412654743,-0.2388473177441539,-0.2114250343878954,-0.1411664374140302,136215.52132049517,1.0196232318878167
-0.08831361760660252,-0.07915818431911971,-0.35023933975240734,0.002649243466299883,0.0032957359009629095,-0.06801100412654743,-0.2388473177441539,-0.2214250343878954,-0.1411664374140302,136840.52132049517,1.024203968048095
-0.07831361760660252,-0.07915818431911971,-0.35023933975240734,0.002649243466299883,0.0032957359009629095,-0.07801100412654743,-0.2388473177441539,-0.2214250343878954,-0.1411664374140302,138239.52132049517,1.0275377750396757
-0.07831361760660252,-0.07915818431911971,-0.35023933975240734,0.002649243466299883,0.0032957359009629095,-0.058011004126547416,-0.2288473177441539,-0.2214250343878954,-0.1411664374140302,139510.52132049517,1.028570127487182
-0.08831361760660252,-0.07915818431911971,-0.34023933975240733,0.002649243466299883,0.0032957359009629095,-0.04801100412654741,-0.2388473177441539,-0.2314250343878954,-0.1411664374140302,140215.52132049517,1.0319673538208
-0.07831361760660252,-0.07915818431911971,-0.34023933975240733,0.002649243466299883,0.0032957359009629095,-0.04801100412654741,-0.24884731774415392,-0.2114250343878954,-0.1311664374140302,141264.52132049517,1.036431980133056
-0.07831361760660252,-0.07915818431911971,-0.3302393397524073,0.002649243466299883,0.0032957359009629095,-0.058011004126547416,-0.2388473177441539,-0.2214250343878954,-0.1411664374140302,141643.52132049517,1.0397860527038567
-0.08831361760660252,-0.07915818431911971,-0.3202393397524073,0.002649243466299883,0.0032957359009629095,-0.058011004126547416,-0.2388473177441539,-0.2114250343878954,-0.1411664374140302,142414.52132049517,1.0408279418945305
-0.08831361760660252,-0.07915818431911971,-0.3202393397524073,0.002649243466299883,0.0032957359009629095,-0.058011004126547416,-0.2388473177441539,-0.2114250343878954,-0.1411664374140302,142837.52132049517,1.043833684921264
-0.08831361760660252,-0.07915818431911971,-0.3302393397524073,-0.007350756533700126,-0.006704264099037099,-0.058011004126547416,-0.2388473177441539,-0.2214250343878954,-0.1411664374140302,143318.52132049517,1.0480443954467766
-0.08831361760660252,-0.07915818431911971,-0.3302393397524073,0.002649243466299883,0.0032957359009629095,-0.06801100412654743,-0.24884731774415392,-0.2314250343878954,-0.15116643741403019,143677.52132049517,1.052038145065307
-0.08831361760660252,-0.0891581843191197,-0.3302393397524073,0.002649243466299883,0.0032957359009629095,-0.058011004126547416,-0.2388473177441539,-0.2214250343878954,-0.15116643741403019,143908.52132049517,1.052038145065307
-0.08831361760660252,-0.0891581843191197,-0.34023933975240733,0.012649243466299892,0.013295735900962918,-0.058011004126547416,-0.2188473177441539,-0.2114250343878954,-0.15116643741403019,144041.52132049517,1.0560597896575956
-0.08831361760660252,-0.07915818431911971,-0.3302393397524073,0.012649243466299892,0.013295735900962918,-0.04801100412654741,-0.20884731774415388,-0.19142503438789538,-0.1411664374140302,142984.52132049517,1.060712528228759
-0.08831361760660252,-0.07915818431911971,-0.3302393397524073,0.012649243466299892,0.013295735900962918,-0.04801100412654741,-0.19884731774415387,-0.18142503438789542,-0.1611664374140302,142483.52132049517,1.0642320632934563
-0.08831361760660252,-0.0891581843191197,-0.34023933975240733,0.012649243466299892,0.013295735900962918,-0.038011004126547454,-0.20884731774415388,-0.19142503438789538,-0.1411664374140302,141712.52132049517,1.0672275543212884
-0.08831361760660252,-0.07915818431911971,-0.3302393397524073,0.012649243466299892,0.0032957359009629095,-0.04801100412654741,-0.18884731774415392,-0.17142503438789541,-0.1411664374140302,140815.52132049517,1.0687465190887444
-0.08831361760660252,-0.0891581843191197,-0.3302393397524073,0.012649243466299892,0.013295735900962918,-0.04801100412654741,-0.19884731774415387,-0.18142503438789542,-0.1411664374140302,140334.52132049517,1.0722789287567167
-0.08831361760660252,-0.07915818431911971,-0.34023933975240733,0.012649243466299892,0.013295735900962918,-0.038011004126547454,-0.18884731774415392,-0.18142503438789542,-0.1411664374140302,139765.52132049517,1.0762757778167682
-0.08831361760660252,-0.07915818431911971,-0.34023933975240733,0.012649243466299892,0.013295735900962918,-0.04801100412654741,-0.18884731774415392,-0.18142503438789542,-0.1411664374140302,139414.52132049517,1.0797609806060784
-0.07831361760660252,-0.07915818431911971,-0.34023933975240733,0.012649243466299892,0.013295735900962918,-0.038011004126547454,-0.19884731774415387,-0.18142503438789542,-0.1411664374140302,138885.52132049517,1.080830287933349
-0.08831361760660252,-0.07915818431911971,-0.34023933975240733,0.012649243466299892,0.013295735900962918,-0.04801100412654741,-0.19884731774415387,-0.18142503438789542,-0.1411664374140302,138596.52132049517,1.0839914798736565
-0.08831361760660252,-0.07915818431911971,-0.35023933975240734,0.012649243466299892,0.013295735900962918,-0.04801100412654741,-0.19884731774415387,-0.19142503438789538,-0.1411664374140302,138571.52132049517,1.0893508911132805
-0.08831361760660252,-0.0891581843191197,-0.34023933975240733,0.012649243466299892,0.013295735900962918,-0.04801100412654741,-0.18884731774415392,-0.17142503438789541,-0.1411664374140302,138036.52132049517,1.0926043510437005
-0.08831361760660252,-0.0891581843191197,-0.34023933975240733,0.002649243466299883,0.013295735900962918,-0.038011004126547454,-0.19884731774415387,-0.19142503438789538,-0.1311664374140302,137217.52132049517,1.0933508396148675
-0.08831361760660252,-0.07915818431911971,-0.34023933975240733,0.012649243466299892,0.013295735900962918,-0.038011004126547454,-0.18884731774415392,-0.18142503438789542,-0.1311664374140302,136710.52132049517,1.096888732910159
-0.07831361760660252,-0.07915818431911971,-0.35023933975240734,0.012649243466299892,0.013295735900962918,-0.038011004126547454,-0.18884731774415392,-0.18142503438789542,-0.1311664374140302,136653.52132049517,1.101122331619262
-0.07831361760660252,-0.07915818431911971,-0.3602393397524073,0.002649243466299883,0.0032957359009629095,-0.028011004126547445,-0.18884731774415392,-0.17142503438789541,-0.1311664374140302,136014.52132049517,1.1055552482604938
-0.07831361760660252,-0.07915818431911971,-0.35023933975240734,0.022649243466299873,0.0232957359009629,-0.028011004126547445,-0.19884731774415387,-0.18142503438789542,-0.1311664374140302,135489.52132049517,1.1055552482604938
-0.08831361760660252,-0.0891581843191197,-0.35023933975240734,0.012649243466299892,0.013295735900962918,-0.018011004126547436,-0.19884731774415387,-0.18142503438789542,-0.12116643741403019,134820.52132049517,1.1088852405548089
-0.08831361760660252,-0.07915818431911971,-0.35023933975240734,0.012649243466299892,0.013295735900962918,-0.028011004126547445,-0.19884731774415387,-0.18142503438789542,-0.12116643741403019,134245.52132049517,1.113920879364013
-0.08831361760660252,-0.07915818431911971,-0.3602393397524073,0.012649243466299892,0.013295735900962918,-0.028011004126547445,-0.18884731774415392,-0.17142503438789541,-0.12116643741403019,133416.52132049517,1.1179208278655999
-0.07831361760660252,-0.07915818431911971,-0.35023933975240734,0.012649243466299892,0.013295735900962918,-0.028011004126547445,-0.1788473177441539,-0.17142503438789541,-0.12116643741403019,132239.52132049517,1.1179208278655999
-0.07831361760660252,-0.07915818431911971,-0.35023933975240734,0.022649243466299873,0.0232957359009629,-0.028011004126547445,-0.1788473177441539,-0.1614250343878954,-0.1311664374140302,131232.52132049517,1.121921491622924
-0.07831361760660252,-0.07915818431911971,-0.35023933975240734,0.022649243466299873,0.0232957359009629,-0.028011004126547445,-0.1788473177441539,-0.1614250343878954,-0.12116643741403019,130309.52132049519,1.1263794422149687
-0.07831361760660252,-0.07915818431911971,-0.35023933975240734,0.012649243466299892,0.0232957359009629,-0.028011004126547445,-0.1788473177441539,-0.17142503438789541,-0.1311664374140302,129382.52132049519,1.1295232295989983
-0.08831361760660252,-0.07915818431911971,-0.35023933975240734,0.022649243466299873,0.0232957359009629,-0.038011004126547454,-0.1688473177441539,-0.1514250343878954,-0.1311664374140302,128259.52132049519,1.130576562881469
-0.07831361760660252,-0.07915818431911971,-0.35023933975240734,0.012649243466299892,0.013295735900962918,-0.038011004126547454,-0.1788473177441539,-0.1614250343878954,-0.1311664374140302,127538.52132049519,1.1336714744567864
-0.08831361760660252,-0.07915818431911971,-0.3602393397524073,0.022649243466299873,0.0232957359009629,-0.038011004126547454,-0.1688473177441539,-0.1514250343878954,-0.1311664374140302,126865.52132049519,1.1378595352172844
-0.08831361760660252,-0.07915818431911971,-0.35023933975240734,0.012649243466299892,0.013295735900962918,-0.028011004126547445,-0.1588473177441539,-0.1414250343878954,-0.1311664374140302,126002.52132049519,1.141763877868648
-0.08831361760660252,-0.09915818431911971,-0.3602393397524073,0.012649243466299892,0.013295735900962918,-0.028011004126547445,-0.12884731774415392,-0.13142503438789538,-0.1311664374140302,124927.52132049519,1.145530176162719
-0.08831361760660252,-0.0891581843191197,-0.3702393397524073,0.012649243466299892,0.013295735900962918,-0.028011004126547445,-0.14884731774415388,-0.1414250343878954,-0.1311664374140302,124374.52132049519,1.1466218948364215
-0.08831361760660252,-0.0891581843191197,-0.41023933975240734,0.012649243466299892,0.013295735900962918,-0.018011004126547436,-0.1688473177441539,-0.1614250343878954,-0.1311664374140302,123609.52132049519,1.150622081756591
-0.08831361760660252,-0.0891581843191197,-0.41023933975240734,0.012649243466299892,0.013295735900962918,-0.018011004126547436,-0.1588473177441539,-0.1514250343878954,-0.1311664374140302,122138.52132049519,1.155456495285037
-0.08831361760660252,-0.0891581843191197,-0.41023933975240734,0.012649243466299892,0.013295735900962918,-0.018011004126547436,-0.1688473177441539,-0.1514250343878954,-0.1311664374140302,120885.52132049519,1.158086967468261
-0.08831361760660252,-0.0891581843191197,-0.42023933975240735,0.012649243466299892,0.0032957359009629095,-0.008011004126547427,-0.1788473177441539,-0.17142503438789541,-0.12116643741403019,119800.52132049519,1.158086967468261
-0.08831361760660252,-0.0891581843191197,-0.42023933975240735,0.012649243466299892,0.013295735900962918,-0.018011004126547436,-0.1788473177441539,-0.17142503438789541,-0.1311664374140302,118911.52132049519,1.1631407260894804
-0.08831361760660252,-0.0891581843191197,-0.43023933975240736,0.012649243466299892,0.013295735900962918,-0.018011004126547436,-0.1788473177441539,-0.17142503438789541,-0.1311664374140302,118422.52132049519,1.1671277999877958
-0.08831361760660252,-0.0891581843191197,-0.43023933975240736,0.012649243466299892,0.0232957359009629,-0.028011004126547445,-0.1788473177441539,-0.1614250343878954,-0.1311664374140302,117815.52132049519,1.170821142196651
-0.08831361760660252,-0.0891581843191197,-0.43023933975240736,0.012649243466299892,0.013295735900962918,-0.028011004126547445,-0.1788473177441539,-0.1614250343878954,-0.1311664374140302,117232.52132049519,1.1716703891754108
-0.08831361760660252,-0.07915818431911971,-0.43023933975240736,0.002649243466299883,0.0032957359009629095,-0.038011004126547454,-0.1788473177441539,-0.17142503438789541,-0.1311664374140302,116633.52132049519,1.175101470947265
-0.08831361760660252,-0.0891581843191197,-0.4402393397524073,0.002649243466299883,0.013295735900962918,-0.038011004126547454,-0.1788473177441539,-0.1614250343878954,-0.1311664374140302,116360.52132049519,1.1790682792663603
-0.09831361760660252,-0.0891581843191197,-0.4702393397524073,0.012649243466299892,0.013295735900962918,-0.038011004126547454,-0.19884731774415387,-0.17142503438789541,-0.1311664374140302,115891.52132049519,1.1827644824981682
-0.08831361760660252,-0.0891581843191197,-0.4802393397524073,0.002649243466299883,0.0032957359009629095,-0.04801100412654741,-0.19884731774415387,-0.17142503438789541,-0.1311664374140302,115162.52132049519,1.1836914539337187
-0.08831361760660252,-0.0891581843191197,-0.5202393397524073,0.022649243466299873,0.0232957359009629,-0.04801100412654741,-0.18884731774415392,-0.18142503438789542,-0.1311664374140302,114285.52132049519,1.1871377944946282
-0.08831361760660252,-0.0891581843191197,-0.5102393397524073,0.03264924346629988,0.0232957359009629,-0.058011004126547416,-0.19884731774415387,-0.20142503438789539,-0.1311664374140302,113424.52132049519,1.1911637306213336
-0.08831361760660252,-0.09915818431911971,-0.5502393397524074,0.04264924346629989,0.04329573590096292,-0.038011004126547454,-0.2188473177441539,-0.20142503438789539,-0.1411664374140302,113151.52132049519,1.1952833652496366
-0.10831361760660252,-0.09915818431911971,-0.5502393397524074,0.03264924346629988,0.03329573590096291,-0.058011004126547416,-0.20884731774415388,-0.19142503438789538,-0.1311664374140302,112802.52132049519,1.1961442947387688
-0.10831361760660252,-0.10915818431911971,-0.5402393397524073,0.022649243466299873,0.0232957359009629,-0.04801100412654741,-0.20884731774415388,-0.19142503438789538,-0.1311664374140302,112573.52132049519,1.1991593360900872
-0.09831361760660252,-0.10915818431911971,-0.5702393397524073,0.022649243466299873,0.0232957359009629,-0.018011004126547436,-0.2188473177441539,-0.20142503438789539,-0.1311664374140302,112014.52132049519,1.2041742324829094
-0.09831361760660252,-0.09915818431911971,-0.5502393397524074,0.03264924346629988,0.0232957359009629,-0.028011004126547445,-0.20884731774415388,-0.19142503438789538,-0.1311664374140302,111657.52132049519,1.207581710815429
-0.10831361760660252,-0.09915818431911971,-0.5702393397524073,0.022649243466299873,0.0232957359009629,-0.018011004126547436,-0.20884731774415388,-0.20142503438789539,-0.12116643741403019,111914.52132049519,1.211693477630611
-0.10831361760660252,-0.10915818431911971,-0.5702393397524073,0.012649243466299892,0.013295735900962918,-0.018011004126547436,-0.2188473177441539,-0.19142503438789538,-0.12116643741403019,111249.52132049519,1.2126659870147698
-0.10831361760660252,-0.10915818431911971,-0.5702393397524073,0.022649243466299873,0.0232957359009629,-0.038011004126547454,-0.2188473177441539,-0.20142503438789539,-0.1411664374140302,110802.52132049519,1.2166773796081536
-0.10831361760660252,-0.10915818431911971,-0.5502393397524074,0.012649243466299892,0.013295735900962918,-0.04801100412654741,-0.19884731774415387,-0.17142503438789541,-0.1411664374140302,110687.52132049519,1.2206775665283196
-0.10831361760660252,-0.10915818431911971,-0.5602393397524074,0.022649243466299873,0.0232957359009629,-0.058011004126547416,-0.18884731774415392,-0.18142503438789542,-0.1311664374140302,110794.52132049519,1.2239315032958977
-0.10831361760660252,-0.10915818431911971,-0.6102393397524073,0.022649243466299873,0.0232957359009629,-0.028011004126547445,-0.18884731774415392,-0.17142503438789541,-0.1311664374140302,111403.52132049519,1.2246663093566887
-0.10831361760660252,-0.10915818431911971,-0.6002393397524073,0.03264924346629988,0.03329573590096291,-0.04801100412654741,-0.19884731774415387,-0.18142503438789542,-0.1411664374140302,112584.52132049519,1.227984142303466
-0.10831361760660252,-0.10915818431911971,-0.6202393397524073,0.03264924346629988,0.03329573590096291,-0.058011004126547416,-0.2188473177441539,-0.20142503438789539,-0.1411664374140302,114219.52132049519,1.23216004371643
-0.10831361760660252,-0.10915818431911971,-0.6102393397524073,0.03264924346629988,0.03329573590096291,-0.04801100412654741,-0.2188473177441539,-0.19142503438789538,-0.1311664374140302,115968.52132049519,1.2361902713775628
-0.10831361760660252,-0.10915818431911971,-0.6202393397524073,0.04264924346629989,0.03329573590096291,-0.04801100412654741,-0.20884731774415388,-0.18142503438789542,-0.1311664374140302,117581.52132049519,1.2361902713775628
-0.10831361760660252,-0.10915818431911971,-0.6002393397524073,0.04264924346629989,0.04329573590096292,-0.058011004126547416,-0.19884731774415387,-0.18142503438789542,-0.1311664374140302,119450.52132049519,1.240263891220092
-0.10831361760660252,-0.10915818431911971,-0.6102393397524073,0.04264924346629989,0.04329573590096292,-0.058011004126547416,-0.19884731774415387,-0.17142503438789541,-0.1311664374140302,121043.52132049519,1.2442705154418903
-0.10831361760660252,-0.10915818431911971,-0.6302393397524073,0.04264924346629989,0.04329573590096292,-0.058011004126547416,-0.1788473177441539,-0.17142503438789541,-0.1411664374140302,122394.52132049519,1.2482690334320061
-0.10831361760660252,-0.10915818431911971,-0.6302393397524073,0.06264924346629988,0.0532957359009629,-0.06801100412654743,-0.19884731774415387,-0.18142503438789542,-0.15116643741403019,123909.52132049519,1.2482690334320061
-0.10831361760660252,-0.10915818431911971,-0.6202393397524073,0.04264924346629989,0.04329573590096292,-0.08801100412654744,-0.1788473177441539,-0.1614250343878954,-0.1411664374140302,124960.52132049519,1.2522661209106438
-0.10831361760660252,-0.10915818431911971,-0.6202393397524073,0.04264924346629989,0.03329573590096291,-0.04801100412654741,-0.1688473177441539,-0.1614250343878954,-0.1311664374140302,126615.52132049519,1.256320905685424
-0.10831361760660252,-0.10915818431911971,-0.6402393397524073,0.04264924346629989,0.04329573590096292,-0.058011004126547416,-0.18884731774415392,-0.17142503438789541,-0.1311664374140302,128176.52132049519,1.2605092048645048
-0.10831361760660252,-0.10915818431911971,-0.6302393397524073,0.05264924346629987,0.0532957359009629,-0.058011004126547416,-0.19884731774415387,-0.18142503438789542,-0.1411664374140302,129197.52132049519,1.261543703079223
-0.10831361760660252,-0.10915818431911971,-0.6302393397524073,0.04264924346629989,0.04329573590096292,-0.04801100412654741,-0.19884731774415387,-0.18142503438789542,-0.15116643741403019,130402.52132049519,1.264448595047
-0.10831361760660252,-0.10915818431911971,-0.6302393397524073,0.04264924346629989,0.04329573590096292,-0.038011004126547454,-0.20884731774415388,-0.18142503438789542,-0.1411664374140302,131385.52132049517,1.2690543651580803
-0.10831361760660252,-0.10915818431911971,-0.6302393397524073,0.04264924346629989,0.04329573590096292,-0.038011004126547454,-0.18884731774415392,-0.17142503438789541,-0.1411664374140302,132092.52132049517,1.2728571414947503
-0.10831361760660252,-0.10915818431911971,-0.6302393397524073,0.06264924346629988,0.06329573590096291,-0.028011004126547445,-0.19884731774415387,-0.17142503438789541,-0.1411664374140302,133093.52132049517,1.273923110961917
-0.10831361760660252,-0.10915818431911971,-0.6302393397524073,0.06264924346629988,0.0532957359009629,-0.028011004126547445,-0.1788473177441539,-0.17142503438789541,-0.1311664374140302,133924.52132049517,1.2770943164825432
-0.10831361760660252,-0.10915818431911971,-0.6402393397524073,0.05264924346629987,0.0532957359009629,-0.038011004126547454,-0.1788473177441539,-0.1614250343878954,-0.1311664374140302,135081.52132049517,1.2816111564636223
-0.10831361760660252,-0.10915818431911971,-0.6402393397524073,0.07264924346629989,0.07329573590096292,-0.06801100412654743,-0.18884731774415392,-0.17142503438789541,-0.1411664374140302,135696.52132049517,1.285625648498531
-0.10831361760660252,-0.10915818431911971,-0.6302393397524073,0.06264924346629988,0.0532957359009629,-0.058011004126547416,-0.1788473177441539,-0.17142503438789541,-0.1311664374140302,136079.52132049517,1.2894272327423089
-0.10831361760660252,-0.10915818431911971,-0.6302393397524073,0.06264924346629988,0.0532957359009629,-0.04801100412654741,-0.1788473177441539,-0.18142503438789542,-0.1311664374140302,136422.52132049517,1.2906412601470905
-0.10831361760660252,-0.10915818431911971,-0.6302393397524073,0.06264924346629988,0.06329573590096291,-0.058011004126547416,-0.1788473177441539,-0.17142503438789541,-0.1411664374140302,136333.52132049517,1.293955993652343
-0.10831361760660252,-0.10915818431911971,-0.6302393397524073,0.07264924346629989,0.06329573590096291,-0.06801100412654743,-0.18884731774415392,-0.17142503438789541,-0.1311664374140302,136304.52132049517,1.2979220867156975
-0.10831361760660252,-0.10915818431911971,-0.6302393397524073,0.07264924346629989,0.06329573590096291,-0.04801100412654741,-0.1788473177441539,-0.1614250343878954,-0.1311664374140302,136341.52132049517,1.3009321212768512
-0.10831361760660252,-0.10915818431911971,-0.6402393397524073,0.06264924346629988,0.07329573590096292,-0.04801100412654741,-0.1788473177441539,-0.1614250343878954,-0.1311664374140302,136148.52132049517,1.3019237041473382
-0.10831361760660252,-0.10915818431911971,-0.6302393397524073,0.07264924346629989,0.07329573590096292,-0.028011004126547445,-0.18884731774415392,-0.17142503438789541,-0.1311664374140302,136293.52132049517,1.3059226989746087
-0.10831361760660252,-0.10915818431911971,-0.6302393397524073,0.06264924346629988,0.06329573590096291,-0.04801100412654741,-0.1788473177441539,-0.1614250343878954,-0.1311664374140302,135646.52132049517,1.3097428798675566
-0.10831361760660252,-0.10915818431911971,-0.6302393397524073,0.06264924346629988,0.06329573590096291,-0.04801100412654741,-0.1788473177441539,-0.1614250343878954,-0.12116643741403019,135321.52132049517,1.3141402721405022
-0.10831361760660252,-0.10915818431911971,-0.6302393397524073,0.06264924346629988,0.06329573590096291,-0.028011004126547445,-0.19884731774415387,-0.17142503438789541,-0.1311664374140302,135022.52132049517,1.3141402721405022
-0.10831361760660252,-0.10915818431911971,-0.6302393397524073,0.06264924346629988,0.06329573590096291,-0.028011004126547445,-0.18884731774415392,-0.17142503438789541,-0.1311664374140302,134655.52132049517,1.3181042194366483
-0.10831361760660252,-0.10915818431911971,-0.6302393397524073,0.05264924346629987,0.0532957359009629,-0.04801100412654741,-0.18884731774415392,-0.17142503438789541,-0.1311664374140302,133920.52132049517,1.3220915317535393
-0.10831361760660252,-0.10915818431911971,-0.6302393397524073,0.06264924346629988,0.06329573590096291,-0.058011004126547416,-0.19884731774415387,-0.19142503438789538,-0.1411664374140302,133203.52132049517,1.326135349273681
-0.10831361760660252,-0.10915818431911971,-0.6402393397524073,0.06264924346629988,0.06329573590096291,-0.038011004126547454,-0.2188473177441539,-0.2114250343878954,-0.1411664374140302,132054.52132049517,1.326135349273681
-0.10831361760660252,-0.10915818431911971,-0.6402393397524073,0.05264924346629987,0.04329573590096292,-0.04801100412654741,-0.24884731774415392,-0.2314250343878954,-0.15116643741403019,131017.52132049519,1.3311364173889189
-0.10831361760660252,-0.10915818431911971,-0.6402393397524073,0.04264924346629989,0.0532957359009629,-0.08801100412654744,-0.2388473177441539,-0.2314250343878954,-0.1811664374140302,130256.52132049519,1.3342287063598626
-0.10831361760660252,-0.10915818431911971,-0.6402393397524073,0.04264924346629989,0.04329573590096292,-0.058011004126547416,-0.2788473177441539,-0.2714250343878954,-0.21116643741403018,129445.52132049519,1.3381323337554925
-0.10831361760660252,-0.10915818431911971,-0.6402393397524073,0.022649243466299873,0.0232957359009629,-0.08801100412654744,-0.2988473177441539,-0.2914250343878954,-0.2011664374140302,128458.52132049519,1.33913607597351
-0.10831361760660252,-0.10915818431911971,-0.6302393397524073,0.03264924346629988,0.0232957359009629,-0.1080110041265474,-0.3088473177441539,-0.3014250343878954,-0.1911664374140302,126743.52132049519,1.3422312259674065
-0.10831361760660252,-0.10915818431911971,-0.6302393397524073,0.03264924346629988,0.03329573590096291,-0.12801100412654742,-0.2788473177441539,-0.2814250343878954,-0.2211664374140302,125566.52132049519,1.3473352909088128
-0.10831361760660252,-0.10915818431911971,-0.6302393397524073,0.04264924346629989,0.04329573590096292,-0.12801100412654742,-0.2888473177441539,-0.2614250343878954,-0.2211664374140302,124365.52132049519,1.350420665740966
-0.10831361760660252,-0.10915818431911971,-0.6202393397524073,0.04264924346629989,0.0532957359009629,-0.08801100412654744,-0.2888473177441539,-0.2614250343878954,-0.2211664374140302,123386.52132049519,1.351486158370971
-0.10831361760660252,-0.10915818431911971,-0.6402393397524073,0.03264924346629988,0.03329573590096291,-0.08801100412654744,-0.3288473177441539,-0.3014250343878954,-0.2011664374140302,122189.52132049519,1.3548073291778557
-0.10831361760660252,-0.10915818431911971,-0.6402393397524073,0.05264924346629987,0.04329573590096292,-0.07801100412654743,-0.31884731774415387,-0.2914250343878954,-0.21116643741403018,121684.52132049519,1.3598427295684807
-0.10831361760660252,-0.10915818431911971,-0.6402393397524073,0.06264924346629988,0.0532957359009629,-0.12801100412654742,-0.3288473177441539,-0.3314250343878954,-0.2411664374140302,121103.52132049519,1.3628563404083245
-0.10831361760660252,-0.10915818431911971,-0.6402393397524073,0.05264924346629987,0.0532957359009629,-0.12801100412654742,-0.3388473177441539,-0.3414250343878954,-0.2411664374140302,119998.52132049519,1.3671586036682122
-0.10831361760660252,-0.10915818431911971,-0.6402393397524073,0.0826492434662999,0.07329573590096292,-0.14801100412654744,-0.3388473177441539,-0.3314250343878954,-0.2411664374140302,119371.52132049519,1.3678392887115471
-0.10831361760660252,-0.10915818431911971,-0.6402393397524073,0.0826492434662999,0.09329573590096293,-0.13801100412654743,-0.3488473177441539,-0.3514250343878954,-0.2411664374140302,119234.52132049519,1.3709637641906767
-0.10831361760660252,-0.10915818431911971,-0.6402393397524073,0.10264924346629986,0.10329573590096289,-0.14801100412654744,-0.3488473177441539,-0.3414250343878954,-0.2511664374140302,118637.52132049519,1.376552772521972
-0.10831361760660252,-0.10915818431911971,-0.6402393397524073,0.11264924346629987,0.10329573590096289,-0.12801100412654742,-0.3488473177441539,-0.3314250343878954,-0.2311664374140302,117914.52132049519,1.3793541908264153
-0.10831361760660252,-0.10915818431911971,-0.6402393397524073,0.0826492434662999,0.09329573590096293,-0.12801100412654742,-0.2988473177441539,-0.2914250343878954,-0.2311664374140302,117277.52132049519,1.3793541908264153
-0.10831361760660252,-0.10915818431911971,-0.6402393397524073,0.10264924346629986,0.10329573590096289,-0.13801100412654743,-0.3088473177441539,-0.2914250343878954,-0.21116643741403018,116774.52132049519,1.3846940517425566
-0.10831361760660252,-0.10915818431911971,-0.6402393397524073,0.12264924346629988,0.1132957359009629,-0.14801100412654744,-0.3088473177441539,-0.31142503438789537,-0.26116643741403023,116327.52132049519,1.3886932849884026
-0.10831361760660252,-0.10915818431911971,-0.6402393397524073,0.11264924346629987,0.1132957359009629,-0.15801100412654745,-0.3288473177441539,-0.3014250343878954,-0.2411664374140302,115444.52132049519,1.3918649673461907
-0.10831361760660252,-0.10915818431911971,-0.6402393397524073,0.12264924346629988,0.1132957359009629,-0.1680110041265474,-0.31884731774415387,-0.3014250343878954,-0.2511664374140302,114419.52132049519,1.3926929950714104
-0.10831361760660252,-0.10915818431911971,-0.6402393397524073,0.1326492434662999,0.1232957359009629,-0.20801100412654744,-0.3088473177441539,-0.3014250343878954,-0.2411664374140302,113032.52132049519,1.3955270767211907
-0.10831361760660252,-0.10915818431911971,-0.6402393397524073,0.11264924346629987,0.1132957359009629,-0.18801100412654742,-0.31884731774415387,-0.31142503438789537,-0.2411664374140302,112429.52132049519,1.4000858783721917
-0.10831361760660252,-0.10915818431911971,-0.6402393397524073,0.12264924346629988,0.1132957359009629,-0.1680110041265474,-0.31884731774415387,-0.3014250343878954,-0.2211664374140302,111426.52132049519,1.404134941101077
-0.10831361760660252,-0.10915818431911971,-0.6402393397524073,0.12264924346629988,0.13329573590096291,-0.15801100412654745,-0.3088473177441539,-0.31142503438789537,-0.2011664374140302,110251.52132049519,1.404134941101077
-0.10831361760660252,-0.10915818431911971,-0.6402393397524073,0.12264924346629988,0.1232957359009629,-0.1780110041265474,-0.3088473177441539,-0.2914250343878954,-0.21116643741403018,109696.52132049519,1.408157300949096
-0.10831361760660252,-0.10915818431911971,-0.6402393397524073,0.12264924346629988,0.1232957359009629,-0.1780110041265474,-0.2888473177441539,-0.2914250343878954,-0.2011664374140302,109157.52132049519,1.4126932144165032
-0.10831361760660252,-0.10915818431911971,-0.6402393397524073,0.1326492434662999,0.13329573590096291,-0.18801100412654742,-0.2788473177441539,-0.2614250343878954,-0.21116643741403018,108626.52132049519,1.416771364212039
-0.10831361760660252,-0.10915818431911971,-0.6402393397524073,0.1326492434662999,0.14329573590096292,-0.18801100412654742,-0.2788473177441539,-0.2814250343878954,-0.2311664374140302,108187.52132049519,1.416771364212039
-0.10831361760660252,-0.10915818431911971,-0.6402393397524073,0.12264924346629988,0.1232957359009629,-0.18801100412654742,-0.3088473177441539,-0.2914250343878954,-0.2211664374140302,107692.52132049519,1.4207708358764641
-0.10831361760660252,-0.10915818431911971,-0.6402393397524073,0.1326492434662999,0.13329573590096291,-0.19801100412654743,-0.2888473177441539,-0.2914250343878954,-0.2011664374140302,107311.52132049519,1.424770784378051
-0.10831361760660252,-0.10915818431911971,-0.6402393397524073,0.1326492434662999,0.13329573590096291,-0.1780110041265474,-0.2888473177441539,-0.2914250343878954,-0.2211664374140302,107136.52132049519,1.4288136482238798
-0.10831361760660252,-0.10915818431911971,-0.6402393397524073,0.1326492434662999,0.1232957359009629,-0.15801100412654745,-0.3088473177441539,-0.31142503438789537,-0.2011664374140302,107081.52132049519,1.4297875881195061
-0.10831361760660252,-0.10915818431911971,-0.6402393397524073,0.1526492434662999,0.13329573590096291,-0.15801100412654745,-0.3088473177441539,-0.2914250343878954,-0.1911664374140302,106488.52132049519,1.4331924438476555
-0.10831361760660252,-0.10915818431911971,-0.6402393397524073,0.1526492434662999,0.15329573590096293,-0.1680110041265474,-0.3088473177441539,-0.3014250343878954,-0.1811664374140302,105839.52132049519,1.4372062206268303
-0.10831361760660252,-0.10915818431911971,-0.6402393397524073,0.1526492434662999,0.16329573590096289,-0.13801100412654743,-0.2688473177441539,-0.2514250343878954,-0.1911664374140302,105806.52132049519,1.4417075634002678
-0.10831361760660252,-0.10915818431911971,-0.6402393397524073,0.16264924346629986,0.16329573590096289,-0.15801100412654745,-0.2688473177441539,-0.2714250343878954,-0.1911664374140302,105527.52132049519,1.4417075634002678
-0.10831361760660252,-0.10915818431911971,-0.6402393397524073,0.1526492434662999,0.16329573590096289,-0.1680110041265474,-0.2888473177441539,-0.2814250343878954,-0.1911664374140302,105126.52132049519,1.4448143959045403
-0.10831361760660252,-0.10915818431911971,-0.6402393397524073,0.16264924346629986,0.16329573590096289,-0.1680110041265474,-0.2988473177441539,-0.2914250343878954,-0.21116643741403018,105099.52132049519,1.449152660369876
-0.10831361760660252,-0.10915818431911971,-0.6302393397524073,0.16264924346629986,0.16329573590096289,-0.1680110041265474,-0.25884731774415387,-0.24142503438789542,-0.21116643741403018,105024.52132049519,1.4532379627227776
-0.10831361760660252,-0.10915818431911971,-0.6402393397524073,0.17264924346629987,0.16329573590096289,-0.15801100412654745,-0.2688473177441539,-0.2614250343878954,-0.2011664374140302,105003.52132049519,1.4574064731597893
-0.10831361760660252,-0.10915818431911971,-0.6202393397524073,0.16264924346629986,0.16329573590096289,-0.15801100412654745,-0.24884731774415392,-0.2514250343878954,-0.1911664374140302,104808.52132049519,1.458460998535159
-0.10831361760660252,-0.10915818431911971,-0.6102393397524073,0.16264924346629986,0.16329573590096289,-0.18801100412654742,-0.25884731774415387,-0.24142503438789542,-0.2011664374140302,104353.52132049519,1.4614483833312981
-0.10831361760660252,-0.10915818431911971,-0.6102393397524073,0.16264924346629986,0.15329573590096293,-0.1680110041265474,-0.25884731774415387,-0.2614250343878954,-0.2011664374140302,104616.52132049519,1.4666823863983147
-0.10831361760660252,-0.10915818431911971,-0.6302393397524073,0.17264924346629987,0.1732957359009629,-0.1780110041265474,-0.25884731774415387,-0.24142503438789542,-0.21116643741403018,104485.52132049519,1.4697243690490716
-0.10831361760660252,-0.10915818431911971,-0.6302393397524073,0.17264924346629987,0.1832957359009629,-0.21801100412654745,-0.2688473177441539,-0.2614250343878954,-0.2411664374140302,104278.52132049519,1.4697243690490716
-0.10831361760660252,-0.10915818431911971,-0.6302393397524073,0.18264924346629988,0.1732957359009629,-0.1680110041265474,-0.25884731774415387,-0.2614250343878954,-0.21116643741403018,103809.52132049519,1.4739658355712884
-0.10831361760660252,-0.10915818431911971,-0.6402393397524073,0.17264924346629987,0.1732957359009629,-0.1680110041265474,-0.2788473177441539,-0.2714250343878954,-0.2011664374140302,103542.52132049519,1.4779600620269768
-0.10831361760660252,-0.10915818431911971,-0.6402393397524073,0.18264924346629988,0.1832957359009629,-0.14801100412654744,-0.2688473177441539,-0.24142503438789542,-0.2011664374140302,103177.52132049519,1.4820558547973626
-0.10831361760660252,-0.10915818431911971,-0.6402393397524073,0.19264924346629989,0.1832957359009629,-0.14801100412654744,-0.2688473177441539,-0.2614250343878954,-0.2011664374140302,102514.52132049519,1.4829823493957512
-0.10831361760660252,-0.10915818431911971,-0.6402393397524073,0.18264924346629988,0.1832957359009629,-0.13801100412654743,-0.2788473177441539,-0.2614250343878954,-0.2011664374140302,101955.52132049519,1.485982131958007
-0.10831361760660252,-0.10915818431911971,-0.6402393397524073,0.18264924346629988,0.1832957359009629,-0.13801100412654743,-0.25884731774415387,-0.2514250343878954,-0.21116643741403018,101676.52132049519,1.4912979125976555
-0.10831361760660252,-0.10915818431911971,-0.6402393397524073,0.19264924346629989,0.1832957359009629,-0.13801100412654743,-0.24884731774415392,-0.24142503438789542,-0.2211664374140302,100979.52132049519,1.4946619987487786
-0.10831361760660252,-0.10915818431911971,-0.6402393397524073,0.18264924346629988,0.1732957359009629,-0.14801100412654744,-0.2688473177441539,-0.2514250343878954,-0.21116643741403018,100470.52132049519,1.4946619987487786
-0.10831361760660252,-0.10915818431911971,-0.6402393397524073,0.19264924346629989,0.1932957359009629,-0.15801100412654745,-0.2688473177441539,-0.2514250343878954,-0.2211664374140302,99885.52132049519,1.498629999160766
-0.10831361760660252,-0.10915818431911971,-0.6402393397524073,0.19264924346629989,0.1932957359009629,-0.13801100412654743,-0.25884731774415387,-0.2514250343878954,-0.2311664374140302,99130.52132049519,1.5026742935180621
-0.10831361760660252,-0.10915818431911971,-0.6402393397524073,0.18264924346629988,0.1932957359009629,-0.14801100412654744,-0.25884731774415387,-0.24142503438789542,-0.21116643741403018,98563.52132049519,1.5063361644744866
-0.10831361760660252,-0.10915818431911971,-0.6402393397524073,0.19264924346629989,0.1932957359009629,-0.1780110041265474,-0.24884731774415392,-0.2514250343878954,-0.2511664374140302,97924.52132049519,1.5076829910278313
-0.10831361760660252,-0.10915818431911971,-0.6402393397524073,0.19264924346629989,0.1832957359009629,-0.15801100412654745,-0.2388473177441539,-0.2214250343878954,-0.2411664374140302,96887.52132049519,1.5107006549835198
-0.10831361760660252,-0.10915818431911971,-0.6402393397524073,0.18264924346629988,0.1932957359009629,-0.13801100412654743,-0.2288473177441539,-0.2214250343878954,-0.21116643741403018,96034.52132049519,1.5148159980773954
-0.10831361760660252,-0.10915818431911971,-0.6402393397524073,0.2026492434662999,0.1932957359009629,-0.13801100412654743,-0.2288473177441539,-0.2114250343878954,-0.2311664374140302,94785.52132049519,1.5188154697418206
-0.10831361760660252,-0.10915818431911971,-0.6402393397524073,0.2126492434662999,0.20329573590096292,-0.15801100412654745,-0.2288473177441539,-0.2114250343878954,-0.2411664374140302,93776.52132049519,1.5230035305023186
-0.10831361760660252,-0.10915818431911971,-0.6402393397524073,0.19264924346629989,0.1932957359009629,-0.15801100412654745,-0.19884731774415387,-0.19142503438789538,-0.2311664374140302,93307.52132049519,1.523812007904052
-0.10831361760660252,-0.10915818431911971,-0.6402393397524073,0.2026492434662999,0.20329573590096292,-0.12801100412654742,-0.20884731774415388,-0.19142503438789538,-0.2411664374140302,92634.52132049519,1.527781677246093
-0.10831361760660252,-0.10915818431911971,-0.6402393397524073,0.2026492434662999,0.20329573590096292,-0.15801100412654745,-0.2288473177441539,-0.20142503438789539,-0.2511664374140302,92093.52132049519,1.5308396339416497
-0.10831361760660252,-0.10915818431911971,-0.6402393397524073,0.2026492434662999,0.20329573590096292,-0.12801100412654742,-0.1788473177441539,-0.18142503438789542,-0.2311664374140302,91306.52132049519,1.535638523101806
-0.10831361760660252,-0.10915818431911971,-0.6402393397524073,0.19264924346629989,0.1932957359009629,-0.15801100412654745,-0.1688473177441539,-0.1614250343878954,-0.2511664374140302,90633.52132049519,1.535638523101806
-0.10831361760660252,-0.10915818431911971,-0.6402393397524073,0.19264924346629989,0.1932957359009629,-0.12801100412654742,-0.1688473177441539,-0.1514250343878954,-0.2411664374140302,89464.52132049519,1.5400139808654778
-0.10831361760660252,-0.10915818431911971,-0.6402393397524073,0.19264924346629989,0.1932957359009629,-0.13801100412654743,-0.1688473177441539,-0.1514250343878954,-0.2311664374140302,88757.52132049519,1.5437967300415032
-0.10831361760660252,-0.10915818431911971,-0.6402393397524073,0.2026492434662999,0.1932957359009629,-0.14801100412654744,-0.1688473177441539,-0.1414250343878954,-0.2311664374140302,88368.52132049519,1.5477780818939202
-0.10831361760660252,-0.10915818431911971,-0.6402393397524073,0.2026492434662999,0.21329573590096293,-0.13801100412654743,-0.1788473177441539,-0.1614250343878954,-0.2311664374140302,87921.52132049519,1.5487827777862506
-0.09831361760660252,-0.09915818431911971,-0.6402393397524073,0.2026492434662999,0.20329573590096292,-0.11801100412654741,-0.14884731774415388,-0.13142503438789538,-0.2211664374140302,87336.52132049519,1.5517632484436028
-0.10831361760660252,-0.10915818431911971,-0.6402393397524073,0.2026492434662999,0.20329573590096292,-0.13801100412654743,-0.1688473177441539,-0.1514250343878954,-0.2311664374140302,86923.52132049519,1.5565022945404046
-0.08831361760660252,-0.0891581843191197,-0.6402393397524073,0.2026492434662999,0.21329573590096293,-0.1080110041265474,-0.13884731774415388,-0.13142503438789538,-0.21116643741403018,86210.52132049519,1.5603641986846881
-0.058313617606602516,-0.059158184319119705,-0.6402393397524073,0.2026492434662999,0.21329573590096293,-0.11801100412654741,-0.13884731774415388,-0.11142503438789542,-0.21116643741403018,85363.52132049519,1.5603641986846881
-0.008313617606602514,0.0008418156808802923,-0.6302393397524073,0.2026492434662999,0.21329573590096293,-0.09801100412654745,-0.13884731774415388,-0.11142503438789542,-0.2011664374140302,84866.52132049519,1.564484786987304
0.041686382393397475,0.060841815680880304,-0.6202393397524073,0.2126492434662999,0.20329573590096292,-0.1080110041265474,-0.1088473177441539,-0.10142503438789541,-0.2211664374140302,84641.52132049519,1.5675112724304192
0.09168638239339749,0.0908418156808803,-0.6002393397524073,0.2026492434662999,0.20329573590096292,-0.1080110041265474,-0.1088473177441539,-0.0914250343878954,-0.21116643741403018,84098.52132049519,1.5721697330474846
0.14168638239339748,0.1508418156808803,-0.5902393397524073,0.19264924346629989,0.20329573590096292,-0.1080110041265474,-0.1088473177441539,-0.07142503438789538,-0.2211664374140302,83201.52132049519,1.573210668563842
0.1516863823933975,0.21084181568088028,-0.5402393397524073,0.19264924346629989,0.1932957359009629,-0.12801100412654742,-0.03884731774415384,-0.031425034387895345,-0.2211664374140302,81848.52132049519,1.576642704010009
0.3316863823933975,0.3408418156808803,-0.4802393397524073,0.17264924346629987,0.1732957359009629,-0.13801100412654743,-0.06884731774415387,-0.06142503438789537,-0.2311664374140302,81447.52132049519,1.5806402683258085
0.47168638239339744,0.5008418156808803,-0.40023933975240733,0.16264924346629986,0.16329573590096289,-0.12801100412654742,-0.07884731774415388,-0.06142503438789537,-0.2311664374140302,81430.52132049519,1.5856422901153593
0.6416863823933975,0.6508418156808803,-0.29023933975240734,0.1326492434662999,0.13329573590096291,-0.11801100412654741,-0.08884731774415389,-0.08142503438789539,-0.2011664374140302,80739.52132049519,1.5856422901153593
0.7816863823933975,0.7908418156808803,-0.21023933975240733,0.12264924346629988,0.1232957359009629,-0.07801100412654743,-0.07884731774415388,-0.07142503438789538,-0.2011664374140302,80078.52132049519,1.588643264770507
0.8316863823933974,0.8408418156808802,-0.15023933975240733,0.12264924346629988,0.13329573590096291,-0.058011004126547416,-0.07884731774415388,-0.06142503438789537,-0.1911664374140302,79499.52132049519,1.5930971622467034
0.9516863823933975,0.9608418156808803,-0.020239339752407326,0.12264924346629988,0.13329573590096291,-0.04801100412654741,-0.0988473177441539,-0.08142503438789539,-0.2011664374140302,79104.52132049519,1.59745807647705
1.0416863823933973,1.0708418156808803,0.09976066024759267,0.11264924346629987,0.1132957359009629,-0.018011004126547436,-0.1088473177441539,-0.0914250343878954,-0.1911664374140302,78751.52132049519,1.59745807647705
1.1816863823933974,1.2108418156808805,0.2597606602475927,0.09264924346629991,0.10329573590096289,0.0019889958734525814,-0.11884731774415391,-0.10142503438789541,-0.21116643741403018,78176.52132049519,1.6013862609863274
1.3516863823933973,1.3708418156808804,0.3797606602475927,0.09264924346629991,0.10329573590096289,0.04198899587345262,-0.13884731774415388,-0.12142503438789543,-0.2011664374140302,77695.52132049519,1.6048426151275628
1.4316863823933974,1.4508418156808804,0.5097606602475926,0.09264924346629991,0.10329573590096289,0.09198899587345255,-0.1688473177441539,-0.1514250343878954,-0.1911664374140302,77496.52132049519,1.6089963436126702
1.5816863823933973,1.6008418156808804,0.6697606602475927,0.0826492434662999,0.08329573590096293,0.04198899587345262,-0.1588473177441539,-0.1514250343878954,-0.1911664374140302,77193.52132049519,1.6130542278289788
1.6816863823933974,1.7108418156808805,0.7497606602475926,0.0826492434662999,0.10329573590096289,0.051988995873452626,-0.1788473177441539,-0.17142503438789541,-0.2011664374140302,76270.52132049519,1.6142172336578398
1.8016863823933975,1.8108418156808803,0.8497606602475927,0.09264924346629991,0.09329573590096293,0.07198899587345253,-0.1788473177441539,-0.1614250343878954,-0.2011664374140302,75557.52132049519,1.6174957275390618
1.9116863823933974,1.9308418156808804,0.9497606602475928,0.07264924346629989,0.07329573590096292,0.061988995873452524,-0.18884731774415392,-0.18142503438789542,-0.21116643741403018,75580.52132049519,1.6208347797393792
1.9916863823933975,2.0108418156808803,1.0297606602475926,0.07264924346629989,0.08329573590096293,0.061988995873452524,-0.19884731774415387,-0.19142503438789538,-0.2011664374140302,75109.52132049519,1.6248459339141839
2.0716863823933975,2.08084181568088,1.1397606602475927,0.0826492434662999,0.08329573590096293,0.08198899587345254,-0.2188473177441539,-0.2114250343878954,-0.21116643741403018,74852.52132049519,1.6258420467376702
2.151686382393397,2.17084181568088,1.2997606602475926,0.07264924346629989,0.08329573590096293,0.061988995873452524,-0.2388473177441539,-0.2314250343878954,-0.21116643741403018,74675.52132049519,1.628848981857299
2.2216863823933974,2.23084181568088,1.3997606602475927,0.0826492434662999,0.09329573590096293,0.061988995873452524,-0.2388473177441539,-0.2314250343878954,-0.2211664374140302,74232.52132049519,1.6340887069702106
2.3016863823933975,2.31084181568088,1.4797606602475928,0.0826492434662999,0.09329573590096293,0.04198899587345262,-0.24884731774415392,-0.24142503438789542,-0.2211664374140302,73695.52132049519,1.6380834102630608
2.3716863823933974,2.37084181568088,1.5797606602475929,0.06264924346629988,0.07329573590096292,-0.008011004126547427,-0.25884731774415387,-0.24142503438789542,-0.2311664374140302,73662.52132049519,1.6380834102630608
2.4316863823933974,2.45084181568088,1.6497606602475927,0.06264924346629988,0.07329573590096292,-0.018011004126547436,-0.2788473177441539,-0.2614250343878954,-0.2211664374140302,73721.52132049519,1.6416410923004108
2.4916863823933975,2.5108418156808803,1.7497606602475928,0.06264924346629988,0.06329573590096291,0.0019889958734525814,-0.2888473177441539,-0.2714250343878954,-0.2311664374140302,73584.52132049519,1.646123838424682
2.5616863823933973,2.58084181568088,1.8197606602475926,0.05264924346629987,0.0532957359009629,-0.008011004126547427,-0.2788473177441539,-0.2714250343878954,-0.2311664374140302,73053.52132049519,1.6505653381347685
2.6116863823933976,2.62084181568088,1.8597606602475927,0.04264924346629989,0.0532957359009629,-0.018011004126547436,-0.2988473177441539,-0.2914250343878954,-0.2311664374140302,73078.52132049519,1.6505653381347685
2.6616863823933974,2.67084181568088,1.9797606602475928,0.04264924346629989,0.04329573590096292,-0.04801100412654741,-0.3088473177441539,-0.3014250343878954,-0.2411664374140302,73623.52132049519,1.6537916183471673
2.711686382393397,2.7208418156808802,2.0697606602475926,0.022649243466299873,0.03329573590096291,-0.058011004126547416,-0.2988473177441539,-0.2914250343878954,-0.2411664374140302,73780.52132049519,1.6583952426910393
2.7516863823933972,2.7608418156808803,2.1497606602475927,0.022649243466299873,0.03329573590096291,-0.08801100412654744,-0.3088473177441539,-0.2914250343878954,-0.2411664374140302,73367.52132049519,1.6624080657958977
2.7916863823933973,2.81084181568088,2.2097606602475928,0.03264924346629988,0.03329573590096291,-0.08801100412654744,-0.31884731774415387,-0.31142503438789537,-0.2411664374140302,73174.52132049519,1.6624080657958977
2.8416863823933975,2.8408418156808803,2.229760660247593,0.022649243466299873,0.0232957359009629,-0.08801100412654744,-0.3288473177441539,-0.3214250343878954,-0.2511664374140302,73807.52132049519,1.6663953781127958
2.8516863823933973,2.87084181568088,2.2597606602475926,0.022649243466299873,0.03329573590096291,-0.1080110041265474,-0.3288473177441539,-0.3314250343878954,-0.2411664374140302,73748.52132049519,1.6709343910217278
2.901686382393397,2.91084181568088,2.309760660247593,0.022649243466299873,0.0232957359009629,-0.09801100412654745,-0.3488473177441539,-0.3414250343878954,-0.2511664374140302,73857.52132049519,1.6747169017791705
2.9116863823933974,2.92084181568088,2.3597606602475927,0.012649243466299892,0.0232957359009629,-0.1080110041265474,-0.3388473177441539,-0.3314250343878954,-0.2511664374140302,74116.52132049519,1.6786643981933587
2.941686382393397,2.95084181568088,2.4297606602475925,0.012649243466299892,0.0232957359009629,-0.14801100412654744,-0.3488473177441539,-0.3414250343878954,-0.2511664374140302,74071.52132049519,1.6796478748321562
2.9716863823933974,2.98084181568088,2.4597606602475928,0.012649243466299892,0.0232957359009629,-0.13801100412654743,-0.3488473177441539,-0.3414250343878954,-0.2511664374140302,73910.52132049519,1.6836425781249993
2.9716863823933974,2.9908418156808803,2.499760660247593,0.012649243466299892,0.0232957359009629,-0.18801100412654742,-0.3588473177441539,-0.3414250343878954,-0.26116643741403023,74059.52132049519,1.6876391887664788
2.9916863823933975,3.00084181568088,2.5297606602475926,0.022649243466299873,0.0232957359009629,-0.19801100412654743,-0.3588473177441539,-0.3514250343878954,-0.26116643741403023,74314.52132049519,1.6911918640136712
3.0116863823933975,3.0108418156808803,2.579760660247593,0.022649243466299873,0.0232957359009629,-0.20801100412654744,-0.3588473177441539,-0.3514250343878954,-0.26116643741403023,74203.52132049519,1.6911918640136712
3.0216863823933973,3.04084181568088,2.599760660247593,0.022649243466299873,0.0232957359009629,-0.19801100412654743,-0.3688473177441539,-0.3614250343878954,-0.26116643741403023,74256.52132049519,1.6952094554901116
3.0316863823933975,3.0508418156808803,2.6397606602475925,0.012649243466299892,0.013295735900962918,-0.20801100412654744,-0.3688473177441539,-0.3714250343878954,-0.26116643741403023,74319.52132049519,1.6985792636871295
3.0416863823933973,3.0508418156808803,2.6797606602475925,0.022649243466299873,0.0232957359009629,-0.2280110041265474,-0.3788473177441539,-0.3614250343878954,-0.26116643741403023,74070.52132049519,1.703623723983764
3.0516863823933975,3.06084181568088,2.6897606602475927,0.012649243466299892,0.0232957359009629,-0.2280110041265474,-0.3688473177441539,-0.3614250343878954,-0.26116643741403023,74247.52132049519,1.703623723983764
3.0616863823933973,3.06084181568088,2.7197606602475926,0.012649243466299892,0.0232957359009629,-0.2380110041265474,-0.3688473177441539,-0.3614250343878954,-0.2511664374140302,74096.52132049519,1.706922006607055
3.0616863823933973,3.0708418156808803,2.749760660247593,0.022649243466299873,0.0232957359009629,-0.24801100412654742,-0.3788473177441539,-0.3714250343878954,-0.26116643741403023,74083.52132049519,1.7123479366302483
3.0616863823933973,3.0708418156808803,2.769760660247593,0.022649243466299873,0.0232957359009629,-0.24801100412654742,-0.3788473177441539,-0.3714250343878954,-0.26116643741403023,73844.52132049519,1.7155005455017083
3.0616863823933973,3.0708418156808803,2.7797606602475926,0.022649243466299873,0.0232957359009629,-0.24801100412654742,-0.3788473177441539,-0.3614250343878954,-0.26116643741403023,73653.52132049519,1.716467094421386
3.0716863823933975,3.0708418156808803,2.7997606602475926,0.022649243466299873,0.0232957359009629,-0.24801100412654742,-0.3788473177441539,-0.3714250343878954,-0.26116643741403023,73558.52132049519,1.7198576450347893
3.0816863823933973,3.08084181568088,2.8197606602475926,0.012649243466299892,0.0232957359009629,-0.24801100412654742,-0.3788473177441539,-0.3714250343878954,-0.26116643741403023,73275.52132049519,1.7238389968872063
3.0616863823933973,3.0708418156808803,2.8397606602475927,0.022649243466299873,0.03329573590096291,-0.24801100412654742,-0.3688473177441539,-0.3614250343878954,-0.26116643741403023,72986.52132049519,1.727824163436889
3.0516863823933975,3.0508418156808803,2.8397606602475927,0.03264924346629988,0.04329573590096292,-0.2380110041265474,-0.3688473177441539,-0.3614250343878954,-0.26116643741403023,72273.52132049519,1.7288403034210198
3.0416863823933973,3.0508418156808803,2.849760660247593,0.03264924346629988,0.04329573590096292,-0.24801100412654742,-0.3688473177441539,-0.3614250343878954,-0.2511664374140302,71864.52132049519,1.7318627357482903
3.0216863823933973,3.0308418156808803,2.849760660247593,0.04264924346629989,0.04329573590096292,-0.2380110041265474,-0.3688473177441539,-0.3614250343878954,-0.26116643741403023,71653.52132049519,1.735840988159179
3.0216863823933973,3.0308418156808803,2.849760660247593,0.04264924346629989,0.0532957359009629,-0.21801100412654745,-0.3688473177441539,-0.3614250343878954,-0.26116643741403023,71566.52132049519,1.740824651718139
3.0116863823933975,3.02084181568088,2.8397606602475927,0.06264924346629988,0.06329573590096291,-0.21801100412654745,-0.3788473177441539,-0.3714250343878954,-0.26116643741403023,71253.52132049519,1.7440475940704339
3.0116863823933975,3.0108418156808803,2.8397606602475927,0.05264924346629987,0.06329573590096291,-0.21801100412654745,-0.3688473177441539,-0.3614250343878954,-0.26116643741403023,70832.52132049519,1.7440475940704339
3.0116863823933975,3.0108418156808803,2.8397606602475927,0.06264924346629988,0.07329573590096292,-0.20801100412654744,-0.3788473177441539,-0.3614250343878954,-0.26116643741403023,70019.52132049519,1.7481967926025384
2.9916863823933975,3.00084181568088,2.8397606602475927,0.07264924346629989,0.07329573590096292,-0.19801100412654743,-0.3688473177441539,-0.3714250343878954,-0.26116643741403023,69588.52132049519,1.7525240898132317
2.9816863823933972,2.9908418156808803,2.829760660247593,0.07264924346629989,0.08329573590096293,-0.19801100412654743,-0.3688473177441539,-0.3614250343878954,-0.26116643741403023,68571.52132049519,1.7565397739410393
2.9516863823933974,2.96084181568088,2.829760660247593,0.10264924346629986,0.10329573590096289,-0.18801100412654742,-0.3788473177441539,-0.3714250343878954,-0.26116643741403023,68024.52132049519,1.7575702190399198
2.941686382393397,2.94084181568088,2.829760660247593,0.12264924346629988,0.13329573590096291,-0.18801100412654742,-0.3788473177441539,-0.3714250343878954,-0.26116643741403023,67585.52132049519,1.760968875885009
2.921686382393397,2.92084181568088,2.8197606602475926,0.12264924346629988,0.13329573590096291,-0.1780110041265474,-0.38884731774415393,-0.38142503438789543,-0.26116643741403023,67230.52132049519,1.7649392604827874
2.8916863823933974,2.89084181568088,2.809760660247593,0.1426492434662999,0.15329573590096293,-0.1680110041265474,-0.3788473177441539,-0.3714250343878954,-0.26116643741403023,66555.52132049519,1.7689673423767083
2.8516863823933973,2.85084181568088,2.789760660247593,0.19264924346629989,0.20329573590096292,-0.14801100412654744,-0.38884731774415393,-0.38142503438789543,-0.26116643741403023,65610.52132049519,1.7689673423767083
2.8116863823933973,2.8208418156808803,2.7997606602475926,0.22264924346629986,0.22329573590096288,-0.13801100412654743,-0.38884731774415393,-0.38142503438789543,-0.26116643741403023,64765.52132049519,1.7735344886779778
2.7816863823933975,2.7808418156808803,2.7597606602475926,0.23264924346629987,0.2532957359009629,-0.1080110041265474,-0.3788473177441539,-0.3714250343878954,-0.26116643741403023,64184.52132049519,1.7777516365051262
2.7316863823933972,2.7408418156808803,2.7197606602475926,0.27264924346629993,0.2832957359009629,-0.08801100412654744,-0.3688473177441539,-0.3614250343878954,-0.26116643741403023,63361.52132049519,1.780881357192996
2.651686382393397,2.67084181568088,2.6997606602475925,0.32264924346629986,0.32329573590096294,-0.06801100412654743,-0.3588473177441539,-0.3514250343878954,-0.26116643741403023,62368.52132049519,1.7819087028503446
2.6116863823933976,2.6108418156808804,2.6697606602475927,0.3626492434662999,0.373295735900963,-0.038011004126547454,-0.3588473177441539,-0.3514250343878954,-0.26116643741403023,61247.52132049519,1.7848865509033196
2.5516863823933975,2.5508418156808803,2.6397606602475925,0.42264924346629984,0.43329573590096293,-0.008011004126547427,-0.3488473177441539,-0.3414250343878954,-0.26116643741403023,60464.52132049519,1.7892641544342034
2.461686382393397,2.46084181568088,2.599760660247593,0.4926492434662999,0.5032957359009629,0.03198899587345261,-0.31884731774415387,-0.31142503438789537,-0.2511664374140302,59727.52132049519,1.7943591594696038
2.3716863823933974,2.39084181568088,2.539760660247593,0.5826492434662999,0.593295735900963,0.10198899587345256,-0.3288473177441539,-0.31142503438789537,-0.2511664374140302,58522.52132049519,1.7943591594696038
2.2916863823933973,2.29084181568088,2.5097606602475926,0.6526492434662998,0.6632957359009629,0.13198899587345259,-0.2988473177441539,-0.2914250343878954,-0.2511664374140302,57351.52132049519,1.7985300540924065
2.2216863823933974,2.21084181568088,2.4597606602475928,0.7426492434662999,0.7632957359009629,0.17198899587345262,-0.2888473177441539,-0.2914250343878954,-0.2511664374140302,56122.52132049519,1.802432489395141
2.1216863823933974,2.1308418156808804,2.3997606602475927,0.8526492434662999,0.863295735900963,0.21198899587345255,-0.2788473177441539,-0.2814250343878954,-0.2511664374140302,55315.52132049519,1.8058750152587884
2.0316863823933975,2.04084181568088,2.3397606602475927,0.9526492434662998,0.9632957359009628,0.2619889958734526,-0.2888473177441539,-0.2814250343878954,-0.2511664374140302,54192.52132049519,1.8068558692932122
1.9416863823933972,1.9508418156808804,2.2997606602475926,1.0626492434663,1.073295735900963,0.33198899587345254,-0.2788473177441539,-0.2714250343878954,-0.2511664374140302,52565.52132049519,1.8098396778106682
1.8516863823933973,1.8508418156808804,2.2197606602475926,1.1626492434663,1.183295735900963,0.3919889958734526,-0.2688473177441539,-0.2614250343878954,-0.2411664374140302,51130.52132049519,1.8148259639739983
1.7416863823933975,1.7508418156808805,2.1497606602475927,1.2626492434663,1.273295735900963,0.47198899587345255,-0.25884731774415387,-0.2514250343878954,-0.2411664374140302,49931.52132049519,1.818839263916015
1.6416863823933974,1.6408418156808804,2.1297606602475927,1.3626492434663,1.373295735900963,0.47198899587345255,-0.25884731774415387,-0.2514250343878954,-0.2411664374140302,48980.52132049519,1.8219716072082477
1.5416863823933973,1.5508418156808803,2.0697606602475926,1.4526492434662999,1.4732957359009629,0.5319889958734526,-0.2688473177441539,-0.2614250343878954,-0.2411664374140302,48351.52132049519,1.822839450836181
1.5016863823933977,1.5108418156808805,2.019760660247593,1.5326492434663,1.553295735900963,0.5919889958734527,-0.25884731774415387,-0.2514250343878954,-0.2411664374140302,47070.52132049519,1.8258406639099114
1.4116863823933974,1.4208418156808804,1.9197606602475927,1.6226492434663,1.653295735900963,0.6819889958734525,-0.25884731774415387,-0.2614250343878954,-0.2411664374140302,46173.52132049519,1.8304566860198968
1.3916863823933974,1.4008418156808804,1.8897606602475925,1.7026492434662999,1.7132957359009628,0.7319889958734526,-0.2688473177441539,-0.2614250343878954,-0.2411664374140302,45754.52132049519,1.8338295936584466
1.2916863823933973,1.3208418156808803,1.8197606602475926,1.7726492434663,1.783295735900963,0.7919889958734526,-0.2688473177441539,-0.2614250343878954,-0.2311664374140302,45099.52132049519,1.8345465183258085
1.2016863823933974,1.2208418156808805,1.7397606602475926,1.8826492434662998,1.8832957359009628,0.8619889958734527,-0.2788473177441539,-0.2814250343878954,-0.2311664374140302,44594.52132049519,1.8385464668273954
1.1516863823933976,1.1708418156808804,1.6997606602475925,1.9326492434663,1.953295735900963,0.9419889958734525,-0.2688473177441539,-0.2614250343878954,-0.2311664374140302,43991.52132049519,1.8435465812683098
1.0916863823933975,1.1108418156808804,1.6197606602475925,2.0226492434663,2.033295735900963,1.0219889958734525,-0.2888473177441539,-0.2914250343878954,-0.2311664374140302,43616.52132049519,1.8465463638305657
1.0616863823933973,1.0808418156808803,1.5597606602475929,2.0926492434662998,2.0932957359009627,1.0619889958734525,-0.3088473177441539,-0.3014250343878954,-0.2311664374140302,43079.52132049519,1.8465463638305657
1.0116863823933975,1.0208418156808803,1.4797606602475928,2.1526492434663,2.153295735900963,1.1619889958734526,-0.3088473177441539,-0.31142503438789537,-0.2311664374140302,42830.52132049519,1.8511642932891839
0.9516863823933975,0.9608418156808803,1.4297606602475925,2.2026492434663,2.213295735900963,1.2019889958734526,-0.3088473177441539,-0.3014250343878954,-0.2311664374140302,42329.52132049519,1.8548092365264885
0.9216863823933975,0.9308418156808803,1.3697606602475925,2.2326492434663,2.243295735900963,1.2619889958734527,-0.3088473177441539,-0.3014250343878954,-0.2311664374140302,42232.52132049519,1.8589992046356194
0.8716863823933975,0.8808418156808803,1.3197606602475926,2.2926492434663,2.313295735900963,1.3019889958734527,-0.3088473177441539,-0.3014250343878954,-0.2211664374140302,42277.52132049519,1.8589992046356194
0.8416863823933974,0.8508418156808802,1.2797606602475926,2.3326492434663,2.3432957359009627,1.3619889958734528,-0.31884731774415387,-0.3214250343878954,-0.2311664374140302,42050.52132049519,1.862851810455318
0.7716863823933975,0.7908418156808803,1.1797606602475927,2.4126492434663,2.413295735900963,1.4419889958734524,-0.3288473177441539,-0.3214250343878954,-0.2211664374140302,42035.52132049519,1.8679048538208
0.7216863823933974,0.7308418156808802,1.1197606602475927,2.4726492434663,2.483295735900963,1.5019889958734525,-0.3388473177441539,-0.3414250343878954,-0.2211664374140302,42154.52132049519,1.8713175773620598
0.6916863823933975,0.7208418156808802,1.0397606602475926,2.4926492434663,2.503295735900963,1.5619889958734525,-0.3488473177441539,-0.3414250343878954,-0.2211664374140302,41991.52132049519,1.872350883483886
0.7016863823933975,0.7108418156808802,0.9697606602475928,2.5326492434663,2.533295735900963,1.6219889958734526,-0.3688473177441539,-0.3614250343878954,-0.2211664374140302,41976.52132049519,1.8753492355346673
0.6616863823933975,0.6808418156808803,0.9597606602475928,2.5626492434663,2.583295735900963,1.6519889958734528,-0.3688473177441539,-0.3714250343878954,-0.2211664374140302,42259.52132049519,1.8793515682220487
0.6216863823933975,0.6308418156808803,0.9197606602475927,2.6126492434663,2.623295735900963,1.6819889958734526,-0.38884731774415393,-0.38142503438789543,-0.2211664374140302,42150.52132049519,1.8833484172821038
0.6216863823933975,0.6308418156808803,0.8897606602475927,2.6426492434663,2.643295735900963,1.7219889958734527,-0.38884731774415393,-0.38142503438789543,-0.2211664374140302,41949.52132049519,1.8874327659606926
0.6016863823933974,0.6108418156808803,0.8697606602475927,2.6526492434663,2.673295735900963,1.731988995873453,-0.38884731774415393,-0.38142503438789543,-0.2211664374140302,41890.52132049519,1.888349246978759
0.5716863823933975,0.5908418156808802,0.8097606602475926,2.6826492434663,2.693295735900963,1.7819889958734527,-0.3988473177441539,-0.38142503438789543,-0.2211664374140302,41609.52132049519,1.8910309791564899
0.5516863823933975,0.5608418156808803,0.7997606602475926,2.6926492434663,2.713295735900963,1.8019889958734527,-0.3988473177441539,-0.4014250343878954,-0.2211664374140302,41534.52132049519,1.8960854530334466
0.5216863823933975,0.5408418156808803,0.7497606602475926,2.7326492434663,2.743295735900963,1.8519889958734526,-0.4188473177441539,-0.4014250343878954,-0.2211664374140302,41829.52132049519,1.8997504234313993
0.5116863823933975,0.5108418156808803,0.7197606602475928,2.7626492434663,2.763295735900963,1.9019889958734528,-0.4188473177441539,-0.4114250343878954,-0.2211664374140302,41442.52132049519,1.9007257938385003
0.5016863823933975,0.5108418156808803,0.6997606602475928,2.7626492434663,2.773295735900963,1.9219889958734528,-0.42884731774415386,-0.42142503438789536,-0.2211664374140302,41315.52132049519,1.9047982215881305
0.49168638239339746,0.5008418156808803,0.6197606602475927,2.7726492434663,2.773295735900963,1.981988995873453,-0.4188473177441539,-0.4114250343878954,-0.2211664374140302,41354.52132049519,1.9088246345519977
0.47168638239339744,0.49084181568088026,0.5997606602475927,2.7926492434663,2.803295735900963,2.0119889958734527,-0.42884731774415386,-0.43142503438789537,-0.21116643741403018,41629.52132049519,1.912175369262691
0.47168638239339744,0.48084181568088025,0.5497606602475926,2.8126492434663,2.8232957359009627,2.0319889958734527,-0.43884731774415386,-0.43142503438789537,-0.21116643741403018,41218.52132049519,1.912175369262691
0.47168638239339744,0.48084181568088025,0.5697606602475926,2.8226492434662998,2.8232957359009627,2.0319889958734527,-0.4588473177441539,-0.4514250343878954,-0.2211664374140302,40629.52132049519,1.916171503067016
0.4316863823933975,0.4408418156808803,0.5497606602475926,2.8626492434663,2.873295735900963,2.0519889958734527,-0.4688473177441539,-0.4514250343878954,-0.2211664374140302,40378.52132049519,1.9200224399566643
0.4216863823933975,0.4408418156808803,0.48976066024759257,2.8726492434663,2.8832957359009628,2.0919889958734528,-0.4688473177441539,-0.4614250343878954,-0.21116643741403018,40011.52132049519,1.924350690841674
0.4016863823933975,0.4108418156808803,0.4697606602475928,2.8926492434663,2.893295735900963,2.1219889958734526,-0.4788473177441539,-0.4714250343878954,-0.21116643741403018,39794.52132049519,1.9251374721527093
0.3916863823933975,0.4008418156808803,0.4697606602475928,2.9026492434663,2.913295735900963,2.111988995873453,-0.4788473177441539,-0.4814250343878954,-0.21116643741403018,39361.52132049519,1.9291648387908928
0.37168638239339746,0.38084181568088027,0.43976066024759275,2.9226492434663,2.933295735900963,2.1419889958734526,-0.4788473177441539,-0.4714250343878954,-0.21116643741403018,39260.52132049519,1.9331645488739007
0.36168638239339745,0.36084181568088025,0.42976066024759274,2.9426492434663,2.953295735900963,2.1619889958734526,-0.4988473177441539,-0.4814250343878954,-0.21116643741403018,38963.52132049519,1.9371647357940667
0.3416863823933975,0.3508418156808803,0.3897606602475927,2.9426492434663,2.953295735900963,2.1619889958734526,-0.4788473177441539,-0.4714250343878954,-0.21116643741403018,38640.52132049519,1.9371647357940667
0.3316863823933975,0.3408418156808803,0.3897606602475927,2.9526492434663,2.973295735900963,2.171988995873453,-0.4788473177441539,-0.4714250343878954,-0.21116643741403018,38247.52132049519,1.9401642799377434
0.3416863823933975,0.3408418156808803,0.3797606602475927,2.9626492434663,2.973295735900963,2.1819889958734526,-0.4888473177441539,-0.4814250343878954,-0.21116643741403018,38126.52132049519,1.9448196411132805
0.31168638239339747,0.31084181568088026,0.3697606602475927,2.9926492434663,3.003295735900963,2.171988995873453,-0.4888473177441539,-0.4814250343878954,-0.21116643741403018,37817.52132049519,1.948863220214843
0.31168638239339747,0.32084181568088027,0.34976066024759267,2.9926492434663,3.003295735900963,2.191988995873453,-0.4888473177441539,-0.4914250343878954,-0.21116643741403018,37442.52132049519,1.9528982162475579
0.31168638239339747,0.31084181568088026,0.33976066024759266,3.0126492434663,3.023295735900963,2.171988995873453,-0.5088473177441539,-0.4914250343878954,-0.21116643741403018,36989.52132049519,1.9528982162475579
0.30168638239339746,0.31084181568088026,0.32976066024759265,3.0126492434663,3.023295735900963,2.1619889958734526,-0.4988473177441539,-0.4914250343878954,-0.21116643741403018,36646.52132049519,1.95707459449768
0.2816863823933975,0.2808418156808803,0.32976066024759265,3.0326492434663,3.043295735900963,2.1819889958734526,-0.5088473177441539,-0.5014250343878954,-0.21116643741403018,36375.52132049519,1.96234483718872
0.2716863823933975,0.2808418156808803,0.31976066024759264,3.0326492434663,3.043295735900963,2.1619889958734526,-0.4988473177441539,-0.4814250343878954,-0.2011664374140302,36068.52132049519,1.964887332916259
0.2716863823933975,0.2708418156808803,0.30976066024759263,3.0326492434663,3.033295735900963,2.151988995873453,-0.4888473177441539,-0.4814250343878954,-0.2011664374140302,35823.52132049519,1.9659354209899895
0.25168638239339747,0.2608418156808803,0.2697606602475927,3.0326492434663,3.043295735900963,2.1619889958734526,-0.4888473177441539,-0.4814250343878954,-0.2011664374140302,35482.52132049519,1.9689270973205595
0.2616863823933975,0.2708418156808803,0.2997606602475926,3.0126492434663,3.043295735900963,2.1019889958734526,-0.4788473177441539,-0.4614250343878954,-0.1911664374140302,35265.52132049519,1.9744965553283684
0.24168638239339746,0.25084181568088026,0.2797606602475927,3.0226492434663,3.043295735900963,2.1019889958734526,-0.4688473177441539,-0.4714250343878954,-0.1911664374140302,35144.52132049519,1.9776956558227567
0.2216863823933975,0.2208418156808803,0.22976066024759267,3.0426492434663,3.053295735900963,2.1019889958734526,-0.4788473177441539,-0.4714250343878954,-0.1911664374140302,35029.52132049519,1.978496503829959
0.2116863823933975,0.2208418156808803,0.21976066024759267,3.0526492434663,3.063295735900963,2.0919889958734528,-0.4688473177441539,-0.4614250343878954,-0.1911664374140302,34776.52132049519,1.9824962139129632
0.2116863823933975,0.2308418156808803,0.22976066024759267,3.0326492434663,3.053295735900963,2.0719889958734528,-0.4688473177441539,-0.4614250343878954,-0.1811664374140302,34285.52132049519,1.9859880924224846
0.20168638239339748,0.21084181568088028,0.23976066024759268,3.0526492434663,3.053295735900963,2.0719889958734528,-0.4588473177441539,-0.4414250343878954,-0.1811664374140302,33968.52132049519,1.9894318103790276
0.2116863823933975,0.2208418156808803,0.19976066024759265,3.0226492434663,3.033295735900963,2.0719889958734528,-0.4488473177441539,-0.43142503438789537,-0.1811664374140302,33893.52132049519,1.9905015945434563
0.19168638239339747,0.19084181568088027,0.19976066024759265,3.0326492434663,3.033295735900963,2.0719889958734528,-0.43884731774415386,-0.43142503438789537,-0.1711664374140302,33708.52132049519,1.994480085372924
0.19168638239339747,0.20084181568088028,0.22976066024759267,3.0226492434663,3.033295735900963,2.0219889958734525,-0.43884731774415386,-0.43142503438789537,-0.1711664374140302,33257.52132049519,1.9982325553894036
0.18168638239339746,0.19084181568088027,0.21976066024759267,3.0026492434663,3.023295735900963,1.9919889958734527,-0.42884731774415386,-0.42142503438789536,-0.1711664374140302,33308.52132049519,2.002264690399169
0.19168638239339747,0.20084181568088028,0.22976066024759267,2.9926492434663,3.003295735900963,1.9719889958734527,-0.4188473177441539,-0.4114250343878954,-0.1711664374140302,32997.52132049519,2.002264690399169
0.19168638239339747,0.19084181568088027,0.23976066024759268,2.9726492434663,2.993295735900963,1.9419889958734529,-0.4088473177441539,-0.4014250343878954,-0.1611664374140302,32792.52132049519,2.0061811923980706
0.1716863823933975,0.1708418156808803,0.19976066024759265,2.9526492434663,2.963295735900963,1.9419889958734529,-0.38884731774415393,-0.38142503438789543,-0.1611664374140302,32783.52132049519,2.0114221096038776
0.1616863823933975,0.1708418156808803,0.22976066024759267,2.9626492434663,2.973295735900963,1.9519889958734526,-0.38884731774415393,-0.38142503438789543,-0.1611664374140302,32310.521320495187,2.015422058105468
0.1716863823933975,0.18084181568088026,0.21976066024759267,2.9326492434663,2.943295735900963,1.9219889958734528,-0.3688473177441539,-0.3614250343878954,-0.15116643741403019,32243.521320495187,2.018422079086303
0.1516863823933975,0.1608418156808803,0.19976066024759265,2.9026492434663,2.913295735900963,1.9319889958734526,-0.3488473177441539,-0.3414250343878954,-0.15116643741403019,31944.521320495187,2.018422079086303
0.1616863823933975,0.1608418156808803,0.21976066024759267,2.8626492434663,2.893295735900963,1.9119889958734526,-0.3288473177441539,-0.3214250343878954,-0.15116643741403019,31887.521320495187,2.0234224319458
0.1516863823933975,0.1708418156808803,0.21976066024759267,2.8526492434663,2.873295735900963,1.9119889958734526,-0.2988473177441539,-0.2914250343878954,-0.1411664374140302,31962.521320495187,2.0277375698089593
0.14168638239339748,0.1508418156808803,0.22976066024759267,2.8226492434662998,2.833295735900963,1.8519889958734526,-0.25884731774415387,-0.24142503438789542,-0.1311664374140302,31817.521320495187,2.030579757690429
0.1516863823933975,0.1608418156808803,0.21976066024759267,2.7826492434663,2.793295735900963,1.8719889958734526,-0.2288473177441539,-0.2214250343878954,-0.1311664374140302,31466.521320495187,2.0316495418548577
0.1716863823933975,0.1708418156808803,0.21976066024759267,2.7326492434663,2.753295735900963,1.8319889958734525,-0.19884731774415387,-0.19142503438789538,-0.1411664374140302,31561.521320495187,2.034892272949218
0.1716863823933975,0.18084181568088026,0.22976066024759267,2.7126492434663,2.733295735900963,1.8219889958734528,-0.19884731774415387,-0.19142503438789538,-0.1311664374140302,31400.521320495187,2.039146375656127
0.1616863823933975,0.1708418156808803,0.22976066024759267,2.6626492434663,2.693295735900963,1.7819889958734527,-0.14884731774415388,-0.1514250343878954,-0.1311664374140302,31125.521320495187,2.043099117279052
0.1616863823933975,0.1708418156808803,0.23976066024759268,2.6326492434663,2.643295735900963,1.7819889958734527,-0.11884731774415391,-0.10142503438789541,-0.12116643741403019,30850.521320495187,2.043099117279052
0.1516863823933975,0.1508418156808803,0.22976066024759267,2.5926492434662998,2.5932957359009627,1.7419889958734527,-0.07884731774415388,-0.08142503438789539,-0.1111664374140302,30977.521320495187,2.047272634506225
0.1516863823933975,0.1508418156808803,0.21976066024759267,2.5426492434663,2.553295735900963,1.7519889958734525,-0.028847317744153944,-0.031425034387895345,-0.1111664374140302,30920.521320495187,2.0522725105285637
0.1616863823933975,0.1708418156808803,0.21976066024759267,2.4826492434663,2.503295735900963,1.731988995873453,0.011152682255846091,0.00857496561210458,-0.1111664374140302,30361.521320495187,2.0555376529693596
0.1516863823933975,0.1508418156808803,0.19976066024759265,2.4126492434663,2.443295735900963,1.7019889958734526,0.061152682255846136,0.06857496561210463,-0.1011664374140302,30364.521320495187,2.0565824031829827
0.13168638239339747,0.14084181568088028,0.21976066024759267,2.3726492434663,2.3832957359009628,1.6819889958734526,0.1411526822558461,0.13857496561210458,-0.09116643741403019,30325.521320495187,2.0595831394195585
0.13168638239339747,0.13084181568088027,0.20976066024759266,2.3126492434663,2.3232957359009627,1.6319889958734528,0.19115268225584614,0.18857496561210463,-0.09116643741403019,30274.521320495187,2.0641290664672844
0.13168638239339747,0.13084181568088027,0.19976066024759265,2.2526492434663,2.273295735900963,1.6319889958734528,0.24115268225584607,0.2585749656121046,-0.08116643741403021,30031.521320495187,2.067346286773681
0.13168638239339747,0.14084181568088028,0.20976066024759266,2.1726492434663,2.193295735900963,1.5419889958734525,0.31115268225584614,0.3085749656121046,-0.08116643741403021,30042.521320495187,2.067346286773681
0.12168638239339749,0.1208418156808803,0.21976066024759267,2.1226492434663,2.153295735900963,1.5219889958734525,0.35115268225584606,0.36857496561210457,-0.08116643741403021,30455.521320495187,2.0719997406005817
0.12168638239339749,0.13084181568088027,0.20976066024759266,2.0726492434662998,2.103295735900963,1.5619889958734525,0.3911526822558461,0.3985749656121046,-0.0711664374140302,30546.521320495187,2.076079082489013
0.11168638239339748,0.1208418156808803,0.18976066024759264,2.0026492434663,2.033295735900963,1.5719889958734528,0.47115268225584617,0.46857496561210465,-0.0711664374140302,30687.521320495187,2.0799989223480218
0.12168638239339749,0.1208418156808803,0.19976066024759265,1.9526492434663,1.9832957359009629,1.4819889958734525,0.5111526822558462,0.5085749656121047,-0.06116643741403019,30772.521320495187,2.080954265594478
0.11168638239339748,0.1208418156808803,0.20976066024759266,1.8926492434663,1.913295735900963,1.4219889958734524,0.591152682255846,0.5885749656121045,-0.06116643741403019,30635.521320495187,2.084050846099853
0.10168638239339747,0.11084181568088029,0.22976066024759267,1.8326492434663,1.8632957359009628,1.3819889958734524,0.6311526822558461,0.6285749656121046,-0.05116643741403021,30622.521320495187,2.0881471157074003
0.10168638239339747,0.10084181568088028,0.2597606602475927,1.7926492434663,1.8232957359009627,1.3319889958734525,0.6811526822558461,0.6785749656121046,-0.05116643741403021,30429.521320495187,2.0923432826995843
0.10168638239339747,0.11084181568088029,0.23976066024759268,1.7526492434663,1.773295735900963,1.3119889958734525,0.7211526822558462,0.7285749656121047,-0.0411664374140302,30434.521320495187,2.0964335918426507
0.09168638239339749,0.10084181568088028,0.23976066024759268,1.7026492434662999,1.7332957359009629,1.2819889958734527,0.791152682255846,0.7685749656121047,-0.0411664374140302,30731.521320495187,2.0964335918426507
0.10168638239339747,0.10084181568088028,0.22976066024759267,1.6726492434663,1.6932957359009628,1.2919889958734525,0.841152682255846,0.8285749656121045,-0.0411664374140302,30876.521320495187,2.1007105827331536
0.10168638239339747,0.10084181568088028,0.2497606602475927,1.6326492434663,1.653295735900963,1.2719889958734525,0.8611526822558461,0.8685749656121046,-0.0411664374140302,30605.521320495187,2.1056847095489495
0.09168638239339749,0.0908418156808803,0.19976066024759265,1.5626492434663,1.593295735900963,1.2619889958734527,0.9111526822558461,0.8985749656121046,-0.03116643741403019,30596.521320495187,2.1083442687988274
0.09168638239339749,0.10084181568088028,0.21976066024759267,1.5026492434663,1.543295735900963,1.2719889958734525,0.9511526822558461,0.9485749656121046,-0.02116643741403018,30823.521320495187,2.109393787384036
0.07168638239339747,0.0808418156808803,0.16976066024759273,1.4826492434663,1.513295735900963,1.2319889958734525,1.011152682255846,0.9985749656121047,-0.011166437414030173,30806.521320495187,2.1134550094604485
0.08168638239339748,0.0808418156808803,0.14976066024759271,1.4426492434662999,1.4732957359009629,1.2319889958734525,1.0511526822558461,1.0385749656121046,-0.0011664374140302192,30353.521320495187,2.1170110225677483
0.07168638239339747,0.07084181568088029,0.11976066024759269,1.4126492434663,1.4532957359009628,1.2419889958734527,1.081152682255846,1.0785749656121046,-0.0011664374140302192,30182.521320495187,2.1216063022613554
0.051686382393397484,0.050841815680880295,0.09976066024759267,1.3826492434663,1.403295735900963,1.2119889958734524,1.1311526822558462,1.1285749656121045,0.00883356258596979,30175.521320495187,2.1216063022613554
0.06168638239339749,0.060841815680880304,0.1397606602475927,1.3326492434663,1.373295735900963,1.1519889958734524,1.161152682255846,1.1685749656121045,0.0188335625859698,30058.521320495187,2.12573595046997
0.06168638239339749,0.060841815680880304,0.1297606602475927,1.3126492434663,1.333295735900963,1.1519889958734524,1.221152682255846,1.2085749656121045,0.038833562585969816,29667.521320495187,2.12970323562622
0.041686382393397475,0.050841815680880295,0.14976066024759271,1.2426492434663,1.273295735900963,1.0819889958734525,1.281152682255846,1.2785749656121048,0.05883356258596978,29352.521320495187,2.1332604408264153
0.051686382393397484,0.060841815680880304,0.1297606602475927,1.1926492434662999,1.2432957359009629,1.0819889958734525,1.311152682255846,1.2985749656121044,0.09883356258596981,29037.521320495187,2.134153079986568
0.041686382393397475,0.040841815680880286,0.10976066024759268,1.1626492434663,1.1932957359009628,1.0619889958734525,1.351152682255846,1.3585749656121044,0.12883356258596979,28770.521320495187,2.137260627746585
0.041686382393397475,0.040841815680880286,0.10976066024759268,1.0726492434663,1.093295735900963,1.0419889958734525,1.451152682255846,1.4385749656121045,0.18883356258596978,28389.521320495187,2.1415216445922844
0.021686382393397485,0.020841815680880296,0.10976066024759268,1.0326492434663,1.063295735900963,0.9719889958734526,1.4811526822558463,1.4885749656121048,0.26883356258596985,27468.521320495187,2.1455361366272
0.021686382393397485,0.010841815680880287,0.06976066024759264,0.9326492434663,0.9632957359009628,0.9019889958734525,1.5811526822558464,1.5685749656121049,0.3488335625859698,27113.521320495187,2.1465215206146233
0.011686382393397476,0.010841815680880287,0.0097606602475927,0.9126492434662999,0.933295735900963,0.9119889958734525,1.6111526822558462,1.6185749656121047,0.5188335625859699,26530.521320495187,2.149521303176879
0.011686382393397476,0.010841815680880287,-0.020239339752407326,0.8126492434662999,0.833295735900963,0.8219889958734526,1.701152682255846,1.7085749656121045,0.6488335625859698,25845.521320495187,2.154640865325927
-0.008313617606602514,-0.009158184319119703,-0.07023933975240737,0.7726492434662998,0.7932957359009629,0.7619889958734526,1.761152682255846,1.7885749656121046,0.8488335625859698,24736.521320495187,2.15841097831726
-0.018313617606602522,-0.01915818431911971,-0.1202393397524073,0.6826492434662998,0.713295735900963,0.7519889958734526,1.8711526822558464,1.8885749656121047,0.9888335625859699,23719.521320495187,2.161686849594119
-0.028313617606602517,-0.01915818431911971,-0.16023933975240734,0.6626492434662998,0.6832957359009629,0.7019889958734525,1.9611526822558463,1.9685749656121048,1.1188335625859698,22894.521320495187,2.1624116420745843
-0.018313617606602522,-0.01915818431911971,-0.17023933975240735,0.5726492434662999,0.593295735900963,0.6819889958734525,2.0411526822558463,2.0385749656121046,1.2388335625859699,22023.521320495187,2.1660604000091546
-0.018313617606602522,-0.01915818431911971,-0.1902393397524073,0.5526492434662998,0.5432957359009629,0.6219889958734525,2.1011526822558464,2.108574965612105,1.32883356258597,21286.521320495187,2.170671653747558
-0.03831361760660251,-0.0391581843191197,-0.2402393397524073,0.5226492434662998,0.5432957359009629,0.6119889958734527,2.181152682255846,2.1885749656121045,1.4188335625859698,20473.521320495187,2.1740004539489703
-0.058313617606602516,-0.059158184319119705,-0.2602393397524073,0.4926492434662999,0.5232957359009629,0.5919889958734527,2.2311526822558463,2.2485749656121046,1.51883356258597,19902.521320495187,2.174703311920169
-0.058313617606602516,-0.04915818431911971,-0.3102393397524073,0.42264924346629984,0.44329573590096294,0.6019889958734527,2.301152682255846,2.3285749656121046,1.5888335625859697,19227.521320495187,2.178691816329959
-0.058313617606602516,-0.059158184319119705,-0.3102393397524073,0.42264924346629984,0.44329573590096294,0.5719889958734526,2.3311526822558464,2.338574965612105,1.6888335625859698,18598.521320495187,2.183369350433349
-0.06831361760660251,-0.06915818431911971,-0.35023933975240734,0.4026492434662998,0.4132957359009629,0.5419889958734526,2.381152682255846,2.398574965612105,1.7988335625859697,17945.521320495187,2.186462116241451
-0.07831361760660252,-0.07915818431911971,-0.3602393397524073,0.3626492434662999,0.373295735900963,0.5119889958734526,2.431152682255846,2.4485749656121047,1.86883356258597,16912.521320495187,2.1875071048736565
-0.07831361760660252,-0.07915818431911971,-0.3602393397524073,0.33264924346629987,0.363295735900963,0.5019889958734526,2.471152682255846,2.4785749656121046,1.90883356258597,16751.521320495187,2.1905035495758085
-0.07831361760660252,-0.0891581843191197,-0.3702393397524073,0.3526492434662999,0.363295735900963,0.4919889958734526,2.4611526822558463,2.4785749656121046,1.94883356258597,16400.521320495187,2.1949815273284905
-0.08831361760660252,-0.0891581843191197,-0.40023933975240733,0.31264924346629985,0.32329573590096294,0.47198899587345255,2.5011526822558463,2.508574965612105,2.0188335625859697,16373.521320495185,2.1989655017852776
-0.07831361760660252,-0.07915818431911971,-0.3702393397524073,0.30264924346629984,0.32329573590096294,0.4219889958734526,2.491152682255846,2.4985749656121046,2.0688335625859695,16214.521320495185,2.1999899864196806
-0.08831361760660252,-0.0891581843191197,-0.41023933975240734,0.2526492434662999,0.2732957359009629,0.3819889958734526,2.5211526822558463,2.528574965612105,2.1288335625859696,15931.521320495185,2.202980470657348
-0.08831361760660252,-0.0891581843191197,-0.3902393397524073,0.2526492434662999,0.2732957359009629,0.33198899587345254,2.531152682255846,2.5385749656121046,2.1888335625859696,15420.521320495185,2.2070080757141106
-0.08831361760660252,-0.0891581843191197,-0.3902393397524073,0.23264924346629987,0.2432957359009629,0.32198899587345253,2.531152682255846,2.5385749656121046,2.2288335625859697,15529.521320495185,2.210589838027957
-0.08831361760660252,-0.0891581843191197,-0.41023933975240734,0.2126492434662999,0.2332957359009629,0.32198899587345253,2.5411526822558463,2.5585749656121046,2.2688335625859697,15774.521320495185,2.2116610527038567
-0.08831361760660252,-0.0891581843191197,-0.43023933975240736,0.18264924346629988,0.1932957359009629,0.3019889958734526,2.5611526822558464,2.568574965612105,2.3188335625859695,15419.521320495185,2.215661716461181
-0.08831361760660252,-0.0891581843191197,-0.4402393397524073,0.17264924346629987,0.1832957359009629,0.2619889958734526,2.5611526822558464,2.568574965612105,2.3688335625859698,15374.521320495185,2.219964933395385
-0.08831361760660252,-0.0891581843191197,-0.4502393397524073,0.16264924346629986,0.1732957359009629,0.23198899587345256,2.5611526822558464,2.5785749656121046,2.42883356258597,15379.521320495185,2.2233108997344964
-0.08831361760660252,-0.0891581843191197,-0.46023933975240733,0.1326492434662999,0.14329573590096292,0.23198899587345256,2.571152682255846,2.5785749656121046,2.4588335625859696,15224.521320495185,2.227410984039306
-0.08831361760660252,-0.0891581843191197,-0.4802393397524073,0.1426492434662999,0.14329573590096292,0.19198899587345253,2.5411526822558463,2.5385749656121046,2.5088335625859695,14851.521320495185,2.227410984039306
-0.08831361760660252,-0.0891581843191197,-0.4702393397524073,0.10264924346629986,0.1132957359009629,0.13198899587345259,2.5411526822558463,2.548574965612105,2.5288335625859695,14654.521320495185,2.23191328048706
-0.08831361760660252,-0.0891581843191197,-0.4902393397524073,0.11264924346629987,0.1232957359009629,0.1519889958734526,2.531152682255846,2.548574965612105,2.5588335625859697,14287.521320495185,2.2358777046203606
-0.09831361760660252,-0.09915818431911971,-0.5202393397524073,0.09264924346629991,0.09329573590096293,0.11198899587345257,2.5411526822558463,2.548574965612105,2.6088335625859695,13750.521320495185,2.239136886596679
-0.09831361760660252,-0.09915818431911971,-0.5102393397524073,0.07264924346629989,0.07329573590096292,0.10198899587345256,2.511152682255846,2.528574965612105,2.6288335625859696,13727.521320495185,2.2398776531219475
-0.08831361760660252,-0.0891581843191197,-0.5002393397524073,0.06264924346629988,0.06329573590096291,0.07198899587345253,2.4811526822558463,2.508574965612105,2.6688335625859696,13570.521320495185,2.2438678264617913
-0.09831361760660252,-0.09915818431911971,-0.5002393397524073,0.03264924346629988,0.04329573590096292,0.04198899587345262,2.491152682255846,2.4985749656121046,2.6888335625859696,13581.521320495185,2.2478656291961663
-0.09831361760660252,-0.0891581843191197,-0.5002393397524073,0.022649243466299873,0.03329573590096291,0.01198899587345259,2.4611526822558463,2.4785749656121046,2.7388335625859694,12942.521320495185,2.2517268180847196
-0.09831361760660252,-0.0891581843191197,-0.5002393397524073,0.012649243466299892,0.0232957359009629,0.01198899587345259,2.4611526822558463,2.4785749656121046,2.7288335625859697,12701.521320495185,2.252217483520507
-0.09831361760660252,-0.09915818431911971,-0.5102393397524073,0.002649243466299883,0.0032957359009629095,0.01198899587345259,2.4411526822558463,2.4485749656121047,2.7388335625859694,12518.521320495185,2.2557260513305657
-0.09831361760660252,-0.09915818431911971,-0.5102393397524073,0.012649243466299892,0.013295735900962918,0.03198899587345261,2.411152682255846,2.4285749656121047,2.7588335625859695,12083.521320495185,2.2607542991638176
-0.09831361760660252,-0.09915818431911971,-0.5202393397524073,-0.007350756533700126,-0.006704264099037099,0.0019889958734525814,2.411152682255846,2.4285749656121047,2.7988335625859695,11712.521320495185,2.2637569427490227
-0.09831361760660252,-0.09915818431911971,-0.5202393397524073,-0.007350756533700126,-0.006704264099037099,-0.008011004126547427,2.3911526822558464,2.398574965612105,2.8088335625859697,11219.521320495185,2.264754962921142
-0.09831361760660252,-0.09915818431911971,-0.5302393397524073,-0.007350756533700126,0.0032957359009629095,-0.028011004126547445,2.381152682255846,2.398574965612105,2.8188335625859695,10844.521320495185,2.2687539577484124
-0.09831361760660252,-0.09915818431911971,-0.5202393397524073,-0.007350756533700126,-0.006704264099037099,-0.018011004126547436,2.3511526822558464,2.378574965612105,2.8288335625859697,10827.521320495185,2.2722322463989286
-0.09831361760660252,-0.09915818431911971,-0.5302393397524073,0.002649243466299883,0.013295735900962918,-0.04801100412654741,2.321152682255846,2.338574965612105,2.8388335625859695,10756.521320495185,2.2763196945190423
-0.09831361760660252,-0.09915818431911971,-0.5302393397524073,-0.007350756533700126,0.0032957359009629095,-0.04801100412654741,2.3111526822558464,2.318574965612105,2.8388335625859695,10301.521320495185,2.2769741535186796
-0.09831361760660252,-0.09915818431911971,-0.5202393397524073,-0.017350756533700107,-0.006704264099037099,-0.06801100412654743,2.2711526822558463,2.2885749656121046,2.8588335625859695,10244.521320495185,2.280092430114742
-0.09831361760660252,-0.09915818431911971,-0.5202393397524073,-0.017350756533700107,-0.01670426409903708,-0.07801100412654743,2.2311526822558463,2.2485749656121046,2.8588335625859695,10025.521320495185,2.285124492645263
-0.08831361760660252,-0.09915818431911971,-0.5302393397524073,-0.007350756533700126,-0.006704264099037099,-0.04801100412654741,2.1711526822558462,2.1785749656121047,2.8388335625859695,9710.521320495185,2.288122367858886
-0.09831361760660252,-0.09915818431911971,-0.5302393397524073,-0.007350756533700126,-0.006704264099037099,-0.08801100412654744,2.1011526822558464,2.1185749656121047,2.8488335625859698,9587.521320495185,2.289119911193847
-0.08831361760660252,-0.09915818431911971,-0.5202393397524073,-0.007350756533700126,-0.006704264099037099,-0.1080110041265474,2.051152682255846,2.068574965612105,2.8488335625859698,9134.521320495185,2.2931243896484403
-0.08831361760660252,-0.0891581843191197,-0.5202393397524073,-0.007350756533700126,-0.006704264099037099,-0.1080110041265474,1.9811526822558463,1.9985749656121046,2.8288335625859697,8559.521320495185,2.2971243381500237
-0.09831361760660252,-0.09915818431911971,-0.5202393397524073,0.002649243466299883,0.0032957359009629095,-0.11801100412654741,1.9211526822558462,1.9285749656121047,2.8088335625859697,8110.521320495185,2.3011233329772907
-0.09831361760660252,-0.09915818431911971,-0.5302393397524073,-0.007350756533700126,0.0032957359009629095,-0.11801100412654741,1.8211526822558461,1.8185749656121049,2.7888335625859697,7503.521320495185,2.304916095733642
-0.09831361760660252,-0.09915818431911971,-0.5202393397524073,0.002649243466299883,0.0032957359009629095,-0.11801100412654741,1.7311526822558463,1.7485749656121046,2.7688335625859697,6806.521320495185,2.304916095733642
-0.09831361760660252,-0.0891581843191197,-0.5202393397524073,0.002649243466299883,0.0032957359009629095,-0.1080110041265474,1.6711526822558462,1.6785749656121047,2.7088335625859696,6541.521320495185,2.309302043914794
-0.09831361760660252,-0.09915818431911971,-0.5102393397524073,0.002649243466299883,0.0032957359009629095,-0.09801100412654745,1.6011526822558464,1.6185749656121047,2.69883356258597,6128.521320495185,2.313301753997802
-0.08831361760660252,-0.0891581843191197,-0.5002393397524073,0.002649243466299883,0.013295735900962918,-0.11801100412654741,1.5411526822558463,1.5485749656121048,2.6488335625859696,5521.521320495185,2.31750221252441
-0.08831361760660252,-0.0891581843191197,-0.5102393397524073,0.002649243466299883,0.0032957359009629095,-0.09801100412654745,1.5011526822558463,1.5185749656121046,2.6288335625859696,5336.521320495185,2.318281364440921
-0.09831361760660252,-0.0891581843191197,-0.5002393397524073,0.002649243466299883,0.013295735900962918,-0.11801100412654741,1.4811526822558463,1.4885749656121048,2.5988335625859698,4821.521320495185,2.3222817897796624
-0.09831361760660252,-0.0891581843191197,-0.5002393397524073,0.012649243466299892,0.013295735900962918,-0.12801100412654742,1.4411526822558463,1.4685749656121048,2.6088335625859695,4406.521320495185,2.3258480548858635
-0.08831361760660252,-0.0891581843191197,-0.4902393397524073,0.002649243466299883,0.013295735900962918,-0.12801100412654742,1.451152682255846,1.4785749656121046,2.5988335625859698,4545.521320495185,2.329621982574462
-0.09831361760660252,-0.0891581843191197,-0.5002393397524073,0.002649243466299883,0.013295735900962918,-0.09801100412654745,1.4811526822558463,1.4885749656121048,2.5688335625859695,4616.521320495185,2.330648612976077
-0.09831361760660252,-0.0891581843191197,-0.4902393397524073,0.012649243466299892,0.013295735900962918,-0.08801100412654744,1.451152682255846,1.4585749656121045,2.5488335625859695,4581.521320495185,2.3346740722656243
-0.08831361760660252,-0.09915818431911971,-0.4902393397524073,0.012649243466299892,0.013295735900962918,-0.08801100412654744,1.411152682255846,1.4185749656121045,2.5088335625859695,4726.521320495185,2.3387219429016106
-0.08831361760660252,-0.0891581843191197,-0.4902393397524073,0.012649243466299892,0.013295735900962918,-0.09801100412654745,1.331152682255846,1.3285749656121046,2.4388335625859696,4835.521320495185,2.342719745635982
-0.08831361760660252,-0.09915818431911971,-0.4802393397524073,0.012649243466299892,0.013295735900962918,-0.11801100412654741,1.2511526822558463,1.2585749656121048,2.3788335625859696,4664.521320495185,2.342719745635982
-0.09831361760660252,-0.0891581843191197,-0.4702393397524073,0.002649243466299883,0.0032957359009629095,-0.09801100412654745,1.161152682255846,1.1685749656121045,2.2888335625859697,4023.521320495185,2.345721912384036
-0.08831361760660252,-0.0891581843191197,-0.4502393397524073,0.002649243466299883,0.0032957359009629095,-0.07801100412654743,1.0711526822558461,1.0985749656121047,2.19883356258597,3972.521320495185,2.350721549987796
-0.08831361760660252,-0.0891581843191197,-0.4502393397524073,0.012649243466299892,0.013295735900962918,-0.08801100412654744,1.041152682255846,1.0685749656121044,2.0988335625859698,3761.521320495185,2.354464960098266
-0.08831361760660252,-0.0891581843191197,-0.46023933975240733,0.022649243466299873,0.0232957359009629,-0.06801100412654743,1.0011526822558463,1.0185749656121046,1.99883356258597,3272.521320495185,2.355552387237548
-0.08831361760660252,-0.0891581843191197,-0.4502393397524073,0.012649243466299892,0.013295735900962918,-0.06801100412654743,0.9611526822558462,0.9885749656121047,1.9688335625859696,2975.521320495185,2.35815782546997
-0.08831361760660252,-0.07915818431911971,-0.4402393397524073,0.012649243466299892,0.013295735900962918,-0.028011004126547445,0.9411526822558461,0.9685749656121047,1.9188335625859698,3112.521320495185,2.3630353927612298
-0.08831361760660252,-0.0891581843191197,-0.4402393397524073,0.012649243466299892,0.013295735900962918,-0.04801100412654741,0.9311526822558461,0.9485749656121046,1.90883356258597,3115.521320495185,2.3670796871185296
-0.08831361760660252,-0.0891581843191197,-0.43023933975240736,0.012649243466299892,0.013295735900962918,-0.038011004126547454,0.9411526822558461,0.9785749656121047,1.8988335625859698,3276.521320495185,2.3680634021759026
-0.08831361760660252,-0.0891581843191197,-0.43023933975240736,0.002649243466299883,0.0032957359009629095,-0.028011004126547445,0.9511526822558461,0.9485749656121046,1.80883356258597,3147.521320495185,2.370853376388549
-0.08831361760660252,-0.0891581843191197,-0.41023933975240734,0.002649243466299883,0.013295735900962918,-0.008011004126547427,0.831152682255846,0.8485749656121045,1.6388335625859698,3486.521320495185,2.3749122142791705
-0.08831361760660252,-0.07915818431911971,-0.3902393397524073,0.002649243466299883,0.013295735900962918,-0.008011004126547427,0.7711526822558462,0.7985749656121045,1.49883356258597,3407.521320495185,2.3790771484374993
-0.07831361760660252,-0.0891581843191197,-0.3802393397524073,0.002649243466299883,0.013295735900962918,-0.008011004126547427,0.7411526822558462,0.7785749656121047,1.4888335625859699,3566.521320495185,2.3798970699310296
-0.07831361760660252,-0.07915818431911971,-0.3702393397524073,0.012649243466299892,0.0232957359009629,-0.008011004126547427,0.7211526822558462,0.7385749656121047,1.4388335625859698,3805.521320495185,2.3831228733062737
-0.08831361760660252,-0.07915818431911971,-0.3802393397524073,0.012649243466299892,0.0232957359009629,0.03198899587345261,0.6111526822558461,0.6185749656121046,1.2388335625859699,3616.521320495185,2.3874608993530266
-0.07831361760660252,-0.07915818431911971,-0.3602393397524073,0.012649243466299892,0.013295735900962918,0.051988995873452626,0.561152682255846,0.5885749656121045,1.1388335625859698,3361.521320495185,2.3915090084075956
-0.08831361760660252,-0.0891581843191197,-0.3802393397524073,0.022649243466299873,0.0232957359009629,0.04198899587345262,0.591152682255846,0.6285749656121046,1.1588335625859698,3086.521320495185,2.3950283050537102
-0.08831361760660252,-0.07915818431911971,-0.3702393397524073,0.012649243466299892,0.0232957359009629,0.051988995873452626,0.591152682255846,0.6085749656121046,1.1188335625859698,2829.521320495185,2.3960966587066643
-0.08831361760660252,-0.07915818431911971,-0.3702393397524073,0.012649243466299892,0.013295735900962918,0.03198899587345261,0.581152682255846,0.5885749656121045,0.9988335625859699,2752.521320495185,2.4000811100006096
-0.07831361760660252,-0.07915818431911971,-0.34023933975240733,0.012649243466299892,0.013295735900962918,0.04198899587345262,0.4811526822558462,0.5085749656121047,0.9588335625859699,3113.521320495185,2.4046208381652825
-0.07831361760660252,-0.07915818431911971,-0.35023933975240734,0.012649243466299892,0.013295735900962918,0.051988995873452626,0.46115268225584616,0.4885749656121047,0.8688335625859698,2892.521320495185,2.4069618701934807
-0.07831361760660252,-0.07915818431911971,-0.3602393397524073,0.012649243466299892,0.0232957359009629,0.061988995873452524,0.45115268225584615,0.4885749656121047,0.82883356258597,2967.521320495185,2.4080006599426262
-0.07831361760660252,-0.07915818431911971,-0.34023933975240733,0.012649243466299892,0.0232957359009629,0.07198899587345253,0.43115268225584613,0.44857496561210464,0.7288335625859699,2656.521320495185,2.4112739086151116
-0.07831361760660252,-0.07915818431911971,-0.3202393397524073,0.022649243466299873,0.013295735900962918,0.08198899587345254,0.3811526822558461,0.4085749656121046,0.6288335625859698,2813.521320495185,2.4159972190856926
-0.07831361760660252,-0.07915818431911971,-0.3202393397524073,0.012649243466299892,0.0232957359009629,0.08198899587345254,0.34115268225584605,0.35857496561210456,0.5888335625859697,3092.521320495185,2.4200791835784905
-0.07831361760660252,-0.07915818431911971,-0.3102393397524073,0.012649243466299892,0.013295735900962918,0.07198899587345253,0.31115268225584614,0.33857496561210465,0.5488335625859697,2895.521320495185,2.4209973335266106
-0.07831361760660252,-0.07915818431911971,-0.3102393397524073,0.012649243466299892,0.013295735900962918,0.061988995873452524,0.34115268225584605,0.35857496561210456,0.5388335625859697,2726.521320495185,2.4244505882263176
-0.07831361760660252,-0.07915818431911971,-0.3202393397524073,0.012649243466299892,0.013295735900962918,0.07198899587345253,0.34115268225584605,0.35857496561210456,0.5588335625859697,2623.521320495185,2.4280678749084466
-0.07831361760660252,-0.07915818431911971,-0.3002393397524073,0.012649243466299892,0.013295735900962918,0.09198899587345255,0.33115268225584615,0.34857496561210455,0.4788335625859698,2470.521320495185,2.433104467391967
-0.07831361760660252,-0.07915818431911971,-0.29023933975240734,0.012649243466299892,0.013295735900962918,0.13198899587345259,0.2811526822558461,0.3085749656121046,0.39883356258596975,2789.521320495185,2.433104467391967
-0.07831361760660252,-0.07915818431911971,-0.3202393397524073,0.012649243466299892,0.013295735900962918,0.11198899587345257,0.2511526822558461,0.2785749656121046,0.41883356258596977,2838.521320495185,2.436531496047973
-0.07831361760660252,-0.07915818431911971,-0.3102393397524073,0.012649243466299892,0.013295735900962918,0.10198899587345256,0.23115268225584606,0.23857496561210456,0.3288335625859698,2825.521320495185,2.441531372070312
-0.07831361760660252,-0.07915818431911971,-0.3302393397524073,0.012649243466299892,0.013295735900962918,0.12198899587345258,0.22115268225584606,0.23857496561210456,0.3288335625859698,3038.521320495185,2.4445468902587884
-0.07831361760660252,-0.07915818431911971,-0.3302393397524073,0.012649243466299892,0.013295735900962918,0.11198899587345257,0.21115268225584616,0.23857496561210456,0.3188335625859698,3305.521320495185,2.4455105781555204
-0.07831361760660252,-0.06915818431911971,-0.3302393397524073,0.002649243466299883,0.0032957359009629095,0.10198899587345256,0.18115268225584613,0.20857496561210465,0.28883356258596976,3068.521320495185,2.448529911041259
-0.07831361760660252,-0.06915818431911971,-0.3202393397524073,0.002649243466299883,0.0032957359009629095,0.10198899587345256,0.1311526822558461,0.13857496561210458,0.2088335625859698,2975.521320495185,2.453745794296264
-0.07831361760660252,-0.06915818431911971,-0.3202393397524073,0.012649243466299892,0.013295735900962918,0.11198899587345257,0.1411526822558461,0.1685749656121046,0.2188335625859698,2738.521320495185,2.457014036178588
-0.06831361760660251,-0.06915818431911971,-0.3102393397524073,0.012649243466299892,0.013295735900962918,0.09198899587345255,0.12115268225584608,0.1485749656121046,0.1988335625859698,2697.521320495185,2.458054971694942
-0.06831361760660251,-0.06915818431911971,-0.3202393397524073,0.012649243466299892,0.013295735900962918,0.08198899587345254,0.1311526822558461,0.1485749656121046,0.22883356258596982,2658.521320495185,2.4615618705749505
-0.06831361760660251,-0.06915818431911971,-0.3202393397524073,0.022649243466299873,0.013295735900962918,0.10198899587345256,0.1411526822558461,0.1585749656121046,0.16883356258596982,2583.521320495185,2.4655477523803704
-0.07831361760660252,-0.06915818431911971,-0.3302393397524073,0.012649243466299892,0.013295735900962918,0.12198899587345258,0.11115268225584607,0.13857496561210458,0.1488335625859698,2888.521320495185,2.4693655490875237
-0.07831361760660252,-0.06915818431911971,-0.3202393397524073,0.012649243466299892,0.013295735900962918,0.11198899587345257,0.09115268225584605,0.12857496561210457,0.12883356258596979,3045.521320495185,2.4731721401214593
-0.07831361760660252,-0.06915818431911971,-0.3202393397524073,0.012649243466299892,0.013295735900962918,0.12198899587345258,0.10115268225584606,0.12857496561210457,0.11883356258596978,3144.521320495185,2.4731721401214593
-0.07831361760660252,-0.06915818431911971,-0.3202393397524073,0.012649243466299892,0.013295735900962918,0.12198899587345258,0.09115268225584605,0.11857496561210457,0.0788335625859698,3055.521320495185,2.4773258686065667
-0.07831361760660252,-0.07915818431911971,-0.3302393397524073,0.012649243466299892,0.013295735900962918,0.13198899587345259,0.08115268225584615,0.11857496561210457,0.09883356258596981,3030.521320495185,2.481430482864379
-0.07831361760660252,-0.07915818431911971,-0.34023933975240733,0.022649243466299873,0.0232957359009629,0.12198899587345258,0.09115268225584605,0.11857496561210457,0.06883356258596979,3161.521320495185,2.485433292388919
-0.07831361760660252,-0.07915818431911971,-0.3302393397524073,0.002649243466299883,0.013295735900962918,0.13198899587345259,0.09115268225584605,0.11857496561210457,0.09883356258596981,2976.521320495185,2.486412477493289
-0.07831361760660252,-0.07915818431911971,-0.34023933975240733,0.022649243466299873,0.0232957359009629,0.13198899587345259,0.08115268225584615,0.09857496561210455,0.0888335625859698,3049.521320495185,2.4904336452484124
-0.07831361760660252,-0.07915818431911971,-0.3302393397524073,0.012649243466299892,0.0232957359009629,0.13198899587345259,0.05115268225584613,0.07857496561210464,0.05883356258596978,2812.521320495185,2.4944335937499993
-0.07831361760660252,-0.07915818431911971,-0.3302393397524073,0.022649243466299873,0.0232957359009629,0.1419889958734526,0.04115268225584612,0.058574965612104624,0.06883356258596979,3121.521320495185,2.4980165481567376
-0.07831361760660252,-0.07915818431911971,-0.35023933975240734,0.012649243466299892,0.013295735900962918,0.1419889958734526,0.0211526822558461,0.028574965612104597,0.0788335625859698,3014.521320495185,2.4990932464599602
-0.08831361760660252,-0.07915818431911971,-0.34023933975240733,0.002649243466299883,0.013295735900962918,0.13198899587345259,0.0011526822558460825,0.018574965612104588,0.048833562585969825,2843.521320495185,2.502193403244018
-0.07831361760660252,-0.07915818431911971,-0.34023933975240733,0.012649243466299892,0.013295735900962918,0.12198899587345258,-0.018847317744153935,0.00857496561210458,0.038833562585969816,3012.521320495185,2.5065223693847685
-0.07831361760660252,-0.07915818431911971,-0.3302393397524073,0.012649243466299892,0.013295735900962918,0.11198899587345257,-0.008847317744153926,0.00857496561210458,0.038833562585969816,3101.521320495185,2.5101363182067864
-0.07831361760660252,-0.06915818431911971,-0.3302393397524073,0.002649243466299883,0.0032957359009629095,0.11198899587345257,-0.008847317744153926,0.028574965612104597,0.038833562585969816,2974.521320495185,2.511177730560302
-0.07831361760660252,-0.07915818431911971,-0.3302393397524073,-0.007350756533700126,0.0032957359009629095,0.10198899587345256,-0.018847317744153935,0.00857496561210458,0.038833562585969816,3023.521320495185,2.5140852451324456
-0.07831361760660252,-0.07915818431911971,-0.3202393397524073,-0.007350756533700126,0.0032957359009629095,0.09198899587345255,-0.03884731774415384,-0.011425034387895439,0.028833562585969807,2840.521320495185,2.5182196617126458
-0.08831361760660252,-0.07915818431911971,-0.3302393397524073,0.002649243466299883,0.0032957359009629095,0.11198899587345257,-0.018847317744153935,0.00857496561210458,0.028833562585969807,2669.521320495185,2.522832822799682
-0.07831361760660252,-0.07915818431911971,-0.3302393397524073,0.012649243466299892,0.013295735900962918,0.11198899587345257,-0.028847317744153944,-0.0014250343878954297,0.0188335625859698,2696.521320495185,2.5237996101379387
-0.07831361760660252,-0.07915818431911971,-0.3302393397524073,0.002649243466299883,0.013295735900962918,0.12198899587345258,-0.028847317744153944,-0.0014250343878954297,0.038833562585969816,2973.521320495185,2.526814174652099
-0.07831361760660252,-0.07915818431911971,-0.34023933975240733,0.002649243466299883,0.013295735900962918,0.12198899587345258,-0.028847317744153944,-0.011425034387895439,0.028833562585969807,2870.521320495185,2.530798149108886
-0.07831361760660252,-0.07915818431911971,-0.34023933975240733,0.012649243466299892,0.013295735900962918,0.1419889958734526,-0.04884731774415385,-0.011425034387895439,0.028833562585969807,2849.521320495185,2.5357973098754876
-0.07831361760660252,-0.07915818431911971,-0.34023933975240733,0.002649243466299883,0.013295735900962918,0.13198899587345259,-0.04884731774415385,-0.031425034387895345,0.028833562585969807,2870.521320495185,2.5357973098754876
-0.07831361760660252,-0.07915818431911971,-0.3302393397524073,0.002649243466299883,0.013295735900962918,0.1419889958734526,-0.05884731774415386,-0.041425034387895354,0.0188335625859698,2723.521320495185,2.5387882709503202
-0.07831361760660252,-0.07915818431911971,-0.3302393397524073,0.002649243466299883,0.0032957359009629095,0.12198899587345258,-0.06884731774415387,-0.041425034387895354,0.00883356258596979,2774.521320495185,2.543141555786132
-0.07831361760660252,-0.07915818431911971,-0.3302393397524073,0.012649243466299892,0.013295735900962918,0.11198899587345257,-0.06884731774415387,-0.041425034387895354,-0.011166437414030173,2879.521320495185,2.54716248512268
-0.07831361760660252,-0.07915818431911971,-0.3202393397524073,0.012649243466299892,0.0032957359009629095,0.09198899587345255,-0.06884731774415387,-0.07142503438789538,-0.0011664374140302192,2810.521320495185,2.5513238430023186
-0.07831361760660252,-0.07915818431911971,-0.3202393397524073,0.012649243466299892,0.013295735900962918,0.09198899587345255,-0.07884731774415388,-0.07142503438789538,-0.0011664374140302192,2579.521320495185,2.5513238430023186
-0.07831361760660252,-0.07915818431911971,-0.3202393397524073,0.012649243466299892,0.013295735900962918,0.12198899587345258,-0.11884731774415391,-0.0914250343878954,-0.0011664374140302192,2942.521320495185,2.5557274341583245
-0.07831361760660252,-0.07915818431911971,-0.3202393397524073,0.022649243466299873,0.013295735900962918,0.11198899587345257,-0.0988473177441539,-0.08142503438789539,-0.0011664374140302192,3245.521320495185,2.5600511550903278
-0.07831361760660252,-0.06915818431911971,-0.3202393397524073,0.022649243466299873,0.0232957359009629,0.09198899587345255,-0.1088473177441539,-0.08142503438789539,-0.0011664374140302192,2922.521320495185,2.5632254600524895
-0.07831361760660252,-0.07915818431911971,-0.3202393397524073,0.022649243466299873,0.0232957359009629,0.11198899587345257,-0.11884731774415391,-0.11142503438789542,-0.02116643741403018,2555.521320495185,2.5640656471252434
-0.07831361760660252,-0.07915818431911971,-0.3202393397524073,0.022649243466299873,0.0232957359009629,0.10198899587345256,-0.11884731774415391,-0.10142503438789541,-0.0011664374140302192,2748.521320495185,2.568097782135009
-0.07831361760660252,-0.06915818431911971,-0.3202393397524073,0.022649243466299873,0.0232957359009629,0.10198899587345256,-0.14884731774415388,-0.13142503438789538,-0.011166437414030173,2693.521320495185,2.571863365173339
-0.06831361760660251,-0.06915818431911971,-0.3302393397524073,0.022649243466299873,0.0232957359009629,0.09198899587345255,-0.1588473177441539,-0.1414250343878954,-0.011166437414030173,2248.521320495185,2.575902652740478
-0.07831361760660252,-0.07915818431911971,-0.3302393397524073,0.022649243466299873,0.013295735900962918,0.08198899587345254,-0.1788473177441539,-0.17142503438789541,-0.011166437414030173,2269.521320495185,2.576885414123531
-0.07831361760660252,-0.06915818431911971,-0.3302393397524073,0.012649243466299892,0.0032957359009629095,0.08198899587345254,-0.1688473177441539,-0.1614250343878954,-0.02116643741403018,2392.521320495185,2.57998342514038
-0.07831361760660252,-0.06915818431911971,-0.3202393397524073,0.012649243466299892,0.013295735900962918,0.07198899587345253,-0.18884731774415392,-0.17142503438789541,-0.0411664374140302,2647.521320495185,2.5837695121765165
-0.06831361760660251,-0.06915818431911971,-0.3302393397524073,0.012649243466299892,0.0032957359009629095,0.08198899587345254,-0.1788473177441539,-0.17142503438789541,-0.03116643741403019,2726.521320495185,2.5887293338775628
-0.06831361760660251,-0.06915818431911971,-0.3202393397524073,0.022649243466299873,0.0232957359009629,0.10198899587345256,-0.1788473177441539,-0.17142503438789541,-0.03116643741403019,2571.521320495185,2.5887293338775628
-0.07831361760660252,-0.06915818431911971,-0.3202393397524073,0.012649243466299892,0.013295735900962918,0.09198899587345255,-0.19884731774415387,-0.18142503438789542,-0.03116643741403019,2500.521320495185,2.592194986343383
-0.07831361760660252,-0.06915818431911971,-0.3202393397524073,0.012649243466299892,0.013295735900962918,0.09198899587345255,-0.19884731774415387,-0.18142503438789542,-0.0411664374140302,2333.521320495185,2.596172523498531
