-0.11366382861851138,-0.11273825872013182,-0.7228041746772865,0.009785773139247417,0.0143174951936281,-0.013477066739906618,-0.26757758857456737,-0.19939577039274914,-0.21313100796484488,142068.61686349905,0.0012819290161125707
-0.11366382861851138,-0.11273825872013182,-0.7128041746772865,0.009785773139247417,0.024317495193628108,-0.023477066739906627,-0.24757758857456735,-0.17939577039274912,-0.21313100796484488,142625.61686349905,0.0022825717926053812
-0.10366382861851137,-0.10273825872013181,-0.7128041746772865,0.009785773139247417,0.0143174951936281,-0.023477066739906627,-0.23757758857456734,-0.1693957703927491,-0.20313100796484487,143326.61686349905,0.006282281875606088
-0.10366382861851137,-0.10273825872013181,-0.7128041746772865,0.009785773139247417,0.024317495193628108,-0.003477066739906609,-0.21757758857456733,-0.1493957703927491,-0.20313100796484487,144579.61686349905,0.010282230377196555
-0.09366382861851137,-0.09273825872013182,-0.7528041746772866,0.009785773139247417,0.024317495193628108,-0.013477066739906618,-0.24757758857456735,-0.17939577039274912,-0.20313100796484487,145684.61686349905,0.014505577087405186
-0.07366382861851137,-0.08273825872013182,-0.7528041746772866,0.009785773139247417,0.024317495193628108,-0.013477066739906618,-0.3375775885745673,-0.24939577039274907,-0.21313100796484488,146331.61686349905,0.018099737167357688
-0.07366382861851137,-0.07273825872013182,-0.7528041746772866,0.009785773139247417,0.024317495193628108,-0.013477066739906618,-0.3175775885745674,-0.24939577039274907,-0.21313100796484488,146010.61686349905,0.018480968475341086
-0.08366382861851138,-0.08273825872013182,-0.7428041746772865,0.019785773139247426,0.024317495193628108,-0.013477066739906618,-0.2875775885745674,-0.20939577039274915,-0.20313100796484487,144623.61686349905,0.023680639266967063
-0.07366382861851137,-0.06273825872013182,-0.7328041746772865,0.009785773139247417,0.0143174951936281,-0.03347706673990658,-0.26757758857456737,-0.18939577039274913,-0.21313100796484488,142502.61686349905,0.02667112350463796
-0.06366382861851137,-0.06273825872013182,-0.7228041746772865,0.009785773139247417,0.024317495193628108,-0.03347706673990658,-0.26757758857456737,-0.18939577039274913,-0.20313100796484487,141377.61686349905,0.030670595169066672
-0.06366382861851137,-0.052738258720131825,-0.7228041746772865,0.009785773139247417,0.024317495193628108,-0.03347706673990658,-0.26757758857456737,-0.18939577039274913,-0.20313100796484487,141648.61686349905,0.030670595169066672
-0.06366382861851137,-0.052738258720131825,-0.7128041746772865,0.009785773139247417,0.024317495193628108,-0.03347706673990658,-0.3175775885745674,-0.24939577039274907,-0.21313100796484488,142831.61686349905,0.03498382568359304
-0.06366382861851137,-0.06273825872013182,-0.7128041746772865,0.009785773139247417,0.024317495193628108,-0.04347706673990659,-0.3175775885745674,-0.24939577039274907,-0.20313100796484487,143706.61686349905,0.03926701545715261
-0.07366382861851137,-0.06273825872013182,-0.7128041746772865,0.009785773139247417,0.024317495193628108,-0.0534770667399066,-0.3075775885745674,-0.23939577039274917,-0.20313100796484487,144077.61686349905,0.04270358085632253
-0.06366382861851137,-0.052738258720131825,-0.6928041746772865,0.009785773139247417,0.024317495193628108,-0.0634770667399066,-0.3075775885745674,-0.22939577039274917,-0.1931310079648449,144554.61686349905,0.04270358085632253
-0.04366382861851137,-0.042738258720131816,-0.6828041746772865,0.009785773139247417,0.024317495193628108,-0.0534770667399066,-0.3075775885745674,-0.23939577039274917,-0.1931310079648449,145065.61686349905,0.04668612480163503
-0.04366382861851137,-0.042738258720131816,-0.7028041746772865,0.019785773139247426,0.044317495193628126,-0.07347706673990662,-0.34757758857456733,-0.2893957703927491,-0.2231310079648449,144652.61686349905,0.051719141006469016
-0.03366382861851136,-0.022738258720131826,-0.7228041746772865,0.009785773139247417,0.03431749519362812,-0.08347706673990662,-0.3975775885745674,-0.32939577039274914,-0.24313100796484488,143247.61686349905,0.05519742965697816
0.026336171381488638,0.02726174127986819,-0.7628041746772865,-0.010214226860752573,0.0143174951936281,-0.1134770667399066,-0.37757758857456736,-0.3093957703927491,-0.24313100796484488,140712.61686349905,0.056272220611571555
0.01633617138148863,0.01726174127986818,-0.7828041746772865,-0.00021422686075259212,0.0143174951936281,-0.08347706673990662,-0.36757758857456735,-0.2893957703927491,-0.23313100796484487,138371.61686349905,0.05939288139343191
0.01633617138148863,0.02726174127986819,-0.7528041746772866,-0.00021422686075259212,0.0143174951936281,-0.07347706673990662,-0.35757758857456734,-0.2893957703927491,-0.2231310079648449,136856.61686349905,0.06443543434142995
0.026336171381488638,0.02726174127986819,-0.7528041746772866,-0.010214226860752573,0.004317495193628118,-0.10347706673990659,-0.37757758857456736,-0.3093957703927491,-0.2231310079648449,135385.61686349905,0.06846423149108816
0.01633617138148863,0.02726174127986819,-0.7328041746772865,-0.00021422686075259212,0.0143174951936281,-0.09347706673990658,-0.38757758857456737,-0.3093957703927491,-0.2231310079648449,134570.61686349905,0.06846423149108816
0.026336171381488638,0.02726174127986819,-0.7428041746772865,0.009785773139247417,0.024317495193628108,-0.09347706673990658,-0.3975775885745674,-0.31939577039274913,-0.2231310079648449,134315.61686349905,0.07246489524841238
0.026336171381488638,0.01726174127986818,-0.7528041746772866,-0.010214226860752573,0.004317495193628118,-0.10347706673990659,-0.4075775885745674,-0.32939577039274914,-0.23313100796484487,134284.61686349905,0.07646436691284464
0.04633617138148863,0.04726174127986818,-0.7628041746772865,-0.00021422686075259212,0.0143174951936281,-0.1134770667399066,-0.42757758857456735,-0.3693957703927491,-0.24313100796484488,134083.61686349905,0.08054299354553152
0.01633617138148863,0.01726174127986818,-0.7628041746772865,-0.00021422686075259212,0.0143174951936281,-0.1234770667399066,-0.43757758857456736,-0.3593957703927491,-0.2531310079648449,133694.61686349905,0.08362073898315003
0.026336171381488638,0.01726174127986818,-0.7428041746772865,-0.00021422686075259212,0.0143174951936281,-0.10347706673990659,-0.4175775885745674,-0.33939577039274915,-0.23313100796484487,133095.61686349905,0.08362073898315003
0.026336171381488638,0.02726174127986819,-0.7628041746772865,0.009785773139247417,0.024317495193628108,-0.1134770667399066,-0.38757758857456737,-0.31939577039274913,-0.2231310079648449,132480.61686349905,0.08808941841125417
0.03633617138148862,0.04726174127986818,-0.7628041746772865,-0.010214226860752573,0.0143174951936281,-0.1134770667399066,-0.3975775885745674,-0.3093957703927491,-0.23313100796484487,131977.61686349905,0.09257788658141664
0.03633617138148862,0.04726174127986818,-0.7728041746772865,-0.00021422686075259212,0.03431749519362812,-0.1134770667399066,-0.3975775885745674,-0.32939577039274914,-0.23313100796484487,131010.61686349905,0.09586615562438894
0.00633617138148862,0.01726174127986818,-0.7728041746772865,-0.00021422686075259212,0.0143174951936281,-0.1134770667399066,-0.3975775885745674,-0.31939577039274913,-0.2231310079648449,129955.61686349905,0.09660477638244913
0.026336171381488638,0.03726174127986817,-0.7828041746772865,0.009785773139247417,0.024317495193628108,-0.10347706673990659,-0.37757758857456736,-0.3093957703927491,-0.2231310079648449,129286.61686349905,0.10057778358459046
0.05633617138148864,0.05726174127986819,-0.7728041746772865,0.009785773139247417,0.024317495193628108,-0.1134770667399066,-0.36757758857456735,-0.2993957703927491,-0.2231310079648449,128045.61686349905,0.10458369255065847
0.00633617138148862,0.02726174127986819,-0.7728041746772865,0.029785773139247435,0.044317495193628126,-0.1334770667399066,-0.35757758857456734,-0.2893957703927491,-0.2231310079648449,126756.61686349905,0.10794086456298757
0.01633617138148863,0.01726174127986818,-0.7628041746772865,0.019785773139247426,0.03431749519362812,-0.1334770667399066,-0.35757758857456734,-0.2793957703927491,-0.2231310079648449,126003.61686349905,0.10899419784545827
0.01633617138148863,0.01726174127986818,-0.7828041746772865,0.029785773139247435,0.044317495193628126,-0.1234770667399066,-0.34757758857456733,-0.2793957703927491,-0.2231310079648449,125546.61686349905,0.11330695152282644
0.03633617138148862,0.03726174127986817,-0.7928041746772865,0.019785773139247426,0.03431749519362812,-0.1334770667399066,-0.34757758857456733,-0.2793957703927491,-0.2231310079648449,124957.61686349905,0.1172689914703362
0.05633617138148864,0.05726174127986819,-0.7828041746772865,0.019785773139247426,0.03431749519362812,-0.1234770667399066,-0.3375775885745673,-0.2693957703927491,-0.2231310079648449,124002.61686349905,0.12059135437011648
0.06633617138148862,0.07726174127986818,-0.7928041746772865,0.019785773139247426,0.03431749519362812,-0.1234770667399066,-0.3375775885745673,-0.2593957703927491,-0.2231310079648449,123407.61686349905,0.12128872871398855
0.1163361713814886,0.1072617412798682,-0.7928041746772865,0.019785773139247426,0.044317495193628126,-0.1234770667399066,-0.34757758857456733,-0.2693957703927491,-0.21313100796484488,122814.61686349905,0.12561960220336843
0.1163361713814886,0.11726174127986816,-0.7928041746772865,0.009785773139247417,0.03431749519362812,-0.1334770667399066,-0.34757758857456733,-0.2793957703927491,-0.21313100796484488,121979.61686349905,0.1296677112579374
0.12633617138148862,0.13726174127986818,-0.7928041746772865,0.019785773139247426,0.03431749519362812,-0.1234770667399066,-0.34757758857456733,-0.2893957703927491,-0.2231310079648449,121096.61686349905,0.13292045593261648
0.1763361713814886,0.18726174127986817,-0.8228041746772865,0.019785773139247426,0.03431749519362812,-0.1234770667399066,-0.35757758857456734,-0.2893957703927491,-0.2231310079648449,120511.61686349905,0.1339373111724882
0.21633617138148864,0.2172617412798682,-0.7928041746772865,0.009785773139247417,0.024317495193628108,-0.1234770667399066,-0.36757758857456735,-0.2893957703927491,-0.2231310079648449,119528.61686349905,0.13715453147888468
0.2463361713814886,0.2572617412798682,-0.7928041746772865,-0.00021422686075259212,0.0143174951936281,-0.1234770667399066,-0.37757758857456736,-0.2993957703927491,-0.23313100796484487,118349.61686349905,0.14239640235900808
0.2463361713814886,0.2672617412798682,-0.7828041746772865,-0.00021422686075259212,0.0143174951936281,-0.1334770667399066,-0.37757758857456736,-0.31939577039274913,-0.23313100796484487,117370.61686349905,0.14584727287292765
0.28633617138148865,0.2872617412798682,-0.7728041746772865,-0.010214226860752573,0.004317495193628118,-0.14347706673990662,-0.3975775885745674,-0.31939577039274913,-0.2231310079648449,116893.61686349905,0.14584727287292765
0.3063361713814886,0.3272617412798682,-0.7928041746772865,-0.010214226860752573,0.004317495193628118,-0.1234770667399066,-0.3975775885745674,-0.32939577039274914,-0.2231310079648449,117322.61686349905,0.14907331466674734
0.33633617138148864,0.3472617412798682,-0.7728041746772865,-0.010214226860752573,0.004317495193628118,-0.1334770667399066,-0.4075775885745674,-0.33939577039274915,-0.2231310079648449,117593.61686349905,0.1541027545928948
0.34633617138148864,0.3572617412798682,-0.7928041746772865,-0.020214226860752582,-0.005682504806371891,-0.1134770667399066,-0.4175775885745674,-0.33939577039274915,-0.23313100796484487,117564.61686349905,0.15810317993163991
0.37633617138148867,0.3772617412798682,-0.7728041746772865,-0.010214226860752573,0.004317495193628118,-0.1134770667399066,-0.4175775885745674,-0.33939577039274915,-0.2231310079648449,117923.61686349905,0.16169924736022878
0.3863361713814887,0.38726174127986823,-0.7728041746772865,-0.010214226860752573,0.004317495193628118,-0.1234770667399066,-0.42757758857456735,-0.3593957703927491,-0.2231310079648449,118152.61686349905,0.16254491806029847
0.4363361713814886,0.4472617412798682,-0.7728041746772865,-0.020214226860752582,-0.005682504806371891,-0.1134770667399066,-0.4575775885745674,-0.37939577039274913,-0.2231310079648449,118705.61686349905,0.1665753841400175
0.46633617138148864,0.4572617412798682,-0.7628041746772865,-0.03021422686075259,-0.005682504806371891,-0.1234770667399066,-0.4575775885745674,-0.38939577039274914,-0.24313100796484488,119258.61686349905,0.1697754383087151
0.47633617138148865,0.4672617412798682,-0.7628041746772865,-0.020214226860752582,-0.005682504806371891,-0.1234770667399066,-0.4575775885745674,-0.38939577039274914,-0.2531310079648449,119741.61686349905,0.17406554222106863
0.5563361713814886,0.5372617412798681,-0.7528041746772866,-0.03021422686075259,-0.02568250480637188,-0.1134770667399066,-0.44757758857456736,-0.37939577039274913,-0.24313100796484488,120526.61686349905,0.17513389587401917
0.5663361713814886,0.5672617412798682,-0.7328041746772865,-0.04021422686075257,-0.03568250480637189,-0.1234770667399066,-0.44757758857456736,-0.3693957703927491,-0.23313100796484487,120977.61686349905,0.17823524475097585
0.6063361713814887,0.6072617412798682,-0.7328041746772865,-0.05021422686075258,-0.03568250480637189,-0.1134770667399066,-0.44757758857456736,-0.3693957703927491,-0.23313100796484487,121688.61686349905,0.18238635063171316
0.6463361713814886,0.6472617412798681,-0.7328041746772865,-0.04021422686075257,-0.02568250480637188,-0.1134770667399066,-0.42757758857456735,-0.3493957703927491,-0.23313100796484487,122559.61686349905,0.18639011383056925
0.6563361713814886,0.6472617412798681,-0.7528041746772866,-0.04021422686075257,-0.02568250480637188,-0.09347706673990658,-0.43757758857456736,-0.3693957703927491,-0.2231310079648449,123104.61686349905,0.18639011383056925
0.7063361713814886,0.7072617412798682,-0.7428041746772865,-0.05021422686075258,-0.02568250480637188,-0.10347706673990659,-0.4575775885745674,-0.38939577039274914,-0.23313100796484487,123649.61686349905,0.19038481712341238
0.7263361713814886,0.7072617412798682,-0.7428041746772865,-0.04021422686075257,-0.02568250480637188,-0.1134770667399066,-0.44757758857456736,-0.3693957703927491,-0.2231310079648449,124664.61686349905,0.19436163902282644
0.7463361713814887,0.7372617412798682,-0.7328041746772865,-0.04021422686075257,-0.02568250480637188,-0.1134770667399066,-0.4575775885745674,-0.38939577039274914,-0.2231310079648449,125961.61686349905,0.19837684631347585
0.7763361713814886,0.7672617412798681,-0.7128041746772865,-0.05021422686075258,-0.03568250480637189,-0.10347706673990659,-0.48757758857456734,-0.4193957703927491,-0.23313100796484487,127038.61686349905,0.19837684631347585
0.8063361713814886,0.8072617412798682,-0.7228041746772865,-0.04021422686075257,-0.02568250480637188,-0.1134770667399066,-0.4675775885745674,-0.38939577039274914,-0.24313100796484488,127915.61686349905,0.20245189666747976
0.8763361713814887,0.8672617412798682,-0.7028041746772865,-0.05021422686075258,-0.0456825048063719,-0.1234770667399066,-0.44757758857456736,-0.3693957703927491,-0.23313100796484487,128892.61686349905,0.20629162788391042
0.9263361713814887,0.9372617412798683,-0.6928041746772865,-0.05021422686075258,-0.0456825048063719,-0.1334770667399066,-0.44757758857456736,-0.38939577039274914,-0.2631310079648449,130305.61686349905,0.21042771339416788
1.0363361713814885,1.0272617412798681,-0.6828041746772865,-0.06021422686075259,-0.0456825048063719,-0.15347706673990658,-0.4675775885745674,-0.4093957703927491,-0.2731310079648449,131462.61686349905,0.2115425586700468
1.0863361713814887,1.0872617412798682,-0.6828041746772865,-0.05021422686075258,-0.03568250480637189,-0.15347706673990658,-0.5075775885745674,-0.43939577039274913,-0.29313100796484487,132297.61686349905,0.215427112579345
1.1263361713814888,1.1272617412798682,-0.6728041746772866,-0.06021422686075259,-0.05568250480637188,-0.1734770667399066,-0.49757758857456735,-0.4293957703927491,-0.29313100796484487,133180.61686349905,0.21940655708312917
1.1963361713814886,1.1772617412798683,-0.6628041746772866,-0.07021422686075257,-0.05568250480637188,-0.16347706673990658,-0.5275775885745674,-0.44939577039274914,-0.2731310079648449,134085.61686349905,0.22342724800109792
1.2563361713814887,1.247261741279868,-0.6428041746772866,-0.06021422686075259,-0.05568250480637188,-0.1834770667399066,-0.49757758857456735,-0.4293957703927491,-0.3031310079648449,134898.61686349905,0.22748060226440714
1.3263361713814885,1.3272617412798682,-0.6328041746772866,-0.06021422686075259,-0.0456825048063719,-0.20347706673990662,-0.5275775885745674,-0.45939577039274915,-0.3031310079648449,135231.61686349905,0.22748060226440714
1.4463361713814886,1.4372617412798683,-0.6128041746772865,-0.07021422686075257,-0.0456825048063719,-0.1834770667399066,-0.5375775885745674,-0.44939577039274914,-0.29313100796484487,135110.61686349905,0.23110361099243093
1.5363361713814885,1.5372617412798681,-0.6128041746772865,-0.07021422686075257,-0.05568250480637188,-0.1834770667399066,-0.5675775885745673,-0.4793957703927491,-0.29313100796484487,135405.61686349905,0.23518533706664613
1.6563361713814886,1.6472617412798682,-0.5928041746772865,-0.07021422686075257,-0.05568250480637188,-0.1934770667399066,-0.5575775885745673,-0.4793957703927491,-0.3031310079648449,135926.61686349905,0.23940224647521902
1.7263361713814884,1.727261741279868,-0.5628041746772865,-0.07021422686075257,-0.05568250480637188,-0.1934770667399066,-0.5575775885745673,-0.4893957703927491,-0.29313100796484487,135813.61686349905,0.24025077819824503
1.8263361713814885,1.8172617412798682,-0.5428041746772865,-0.07021422686075257,-0.05568250480637188,-0.1934770667399066,-0.5575775885745673,-0.4993957703927491,-0.3131310079648449,135202.61686349905,0.24325103759765554
1.9063361713814886,1.897261741279868,-0.5228041746772865,-0.07021422686075257,-0.05568250480637188,-0.1834770667399066,-0.5875775885745673,-0.4993957703927491,-0.3031310079648449,134235.61686349905,0.2475268363952594
1.9863361713814887,1.9872617412798683,-0.48280417467728654,-0.07021422686075257,-0.05568250480637188,-0.20347706673990662,-0.6075775885745673,-0.5293957703927491,-0.3131310079648449,133624.61686349905,0.2514516830444329
2.0863361713814883,2.077261741279868,-0.4728041746772865,-0.06021422686075259,-0.05568250480637188,-0.20347706673990662,-0.5975775885745673,-0.5293957703927491,-0.3231310079648449,133039.61686349905,0.2521416664123528
2.1763361713814886,2.167261741279868,-0.48280417467728654,-0.06021422686075259,-0.0456825048063719,-0.21347706673990657,-0.6275775885745674,-0.5493957703927491,-0.3131310079648449,132134.61686349905,0.255470943450927
2.2663361713814885,2.247261741279868,-0.4428041746772865,-0.07021422686075257,-0.05568250480637188,-0.22347706673990658,-0.6275775885745674,-0.5593957703927491,-0.3231310079648449,131701.61686349905,0.26010532379149964
2.3063361713814885,2.287261741279868,-0.4128041746772865,-0.06021422686075259,-0.0456825048063719,-0.22347706673990658,-0.6475775885745674,-0.5693957703927491,-0.3231310079648449,131150.61686349905,0.2637836456298821
2.3663361713814886,2.357261741279868,-0.38280417467728656,-0.06021422686075259,-0.05568250480637188,-0.20347706673990662,-0.6475775885745674,-0.5693957703927491,-0.3231310079648449,130681.61686349905,0.26450891494750906
2.4463361713814886,2.4272617412798683,-0.3428041746772865,-0.08021422686075258,-0.06568250480637189,-0.20347706673990662,-0.6675775885745674,-0.5893957703927492,-0.34313100796484486,130756.61686349905,0.26881737709045694
2.4963361713814884,2.477261741279868,-0.3328041746772865,-0.07021422686075257,-0.05568250480637188,-0.2334770667399066,-0.6775775885745674,-0.5993957703927492,-0.34313100796484486,130777.61686349905,0.2728442668914788
2.5463361713814887,2.5272617412798684,-0.28280417467728647,-0.07021422686075257,-0.06568250480637189,-0.2334770667399066,-0.6775775885745674,-0.6093957703927491,-0.35313100796484487,130436.61686349905,0.27714390754699636
2.5763361713814885,2.5672617412798684,-0.28280417467728647,-0.08021422686075258,-0.06568250480637189,-0.2334770667399066,-0.6975775885745674,-0.6293957703927491,-0.35313100796484487,130107.61686349905,0.27714390754699636
2.6363361713814886,2.617261741279868,-0.24280417467728654,-0.08021422686075258,-0.06568250480637189,-0.2334770667399066,-0.7075775885745674,-0.6293957703927491,-0.3631310079648449,129942.61686349905,0.2804288387298577
2.6563361713814886,2.647261741279868,-0.22280417467728653,-0.08021422686075258,-0.06568250480637189,-0.2434770667399066,-0.6975775885745674,-0.6193957703927491,-0.35313100796484487,129795.61686349905,0.2852870941162067
2.7163361713814886,2.6972617412798683,-0.1828041746772865,-0.09021422686075259,-0.0756825048063719,-0.2534770667399066,-0.6975775885745674,-0.6193957703927491,-0.3731310079648449,129550.61686349905,0.28849477767944265
2.7363361713814887,2.727261741279868,-0.1828041746772865,-0.08021422686075258,-0.06568250480637189,-0.2534770667399066,-0.7075775885745674,-0.6293957703927491,-0.3731310079648449,129197.61686349905,0.2928213596343987
2.7563361713814887,2.747261741279868,-0.13280417467728656,-0.09021422686075259,-0.0756825048063719,-0.26347706673990656,-0.6975775885745674,-0.6293957703927491,-0.3831310079648449,129198.61686349905,0.29389877319335866
2.7763361713814887,2.767261741279868,-0.12280417467728655,-0.09021422686075259,-0.0756825048063719,-0.26347706673990656,-0.7075775885745674,-0.6393957703927491,-0.3931310079648449,129557.61686349905,0.2971457958221393
2.8063361713814885,2.787261741279868,-0.11280417467728654,-0.09021422686075259,-0.0756825048063719,-0.27347706673990657,-0.7075775885745674,-0.6293957703927491,-0.4031310079648449,129686.61686349905,0.30119223594665456
2.8063361713814885,2.787261741279868,-0.12280417467728655,-0.09021422686075259,-0.0756825048063719,-0.26347706673990656,-0.7075775885745674,-0.6293957703927491,-0.3931310079648449,129513.61686349905,0.30517096519470144
2.8263361713814885,2.807261741279868,-0.11280417467728654,-0.09021422686075259,-0.0756825048063719,-0.26347706673990656,-0.6975775885745674,-0.6293957703927491,-0.3731310079648449,129620.61686349905,0.30517096519470144
2.8363361713814883,2.8172617412798684,-0.08280417467728651,-0.09021422686075259,-0.0756825048063719,-0.26347706673990656,-0.7075775885745674,-0.6393957703927491,-0.3831310079648449,130661.61686349905,0.3092047691345243
2.8463361713814885,2.837261741279868,-0.0728041746772865,-0.09021422686075259,-0.0756825048063719,-0.2534770667399066,-0.7075775885745674,-0.6393957703927491,-0.3631310079648449,130766.61686349905,0.3141536235809319
2.8563361713814883,2.847261741279868,-0.052804174677286486,-0.10021422686075257,-0.08568250480637188,-0.2434770667399066,-0.7075775885745674,-0.6293957703927491,-0.35313100796484487,131185.61686349905,0.3171848773956292
2.8463361713814885,2.827261741279868,-0.052804174677286486,-0.09021422686075259,-0.0756825048063719,-0.2434770667399066,-0.6975775885745674,-0.6293957703927491,-0.35313100796484487,131998.61686349905,0.3171848773956292
2.8463361713814885,2.827261741279868,-0.03280417467728647,-0.09021422686075259,-0.0756825048063719,-0.2434770667399066,-0.6975775885745674,-0.6193957703927491,-0.3631310079648449,132651.61686349905,0.3216456890106194
2.8163361713814887,2.807261741279868,-0.04280417467728648,-0.09021422686075259,-0.0756825048063719,-0.2434770667399066,-0.6875775885745674,-0.6193957703927491,-0.35313100796484487,133236.61686349905,0.32595605850219656
2.8063361713814885,2.7972617412798684,-0.02280417467728657,-0.09021422686075259,-0.06568250480637189,-0.2434770667399066,-0.6875775885745674,-0.6093957703927491,-0.35313100796484487,133789.61686349905,0.3298522949218743
2.8063361713814885,2.7972617412798684,-0.04280417467728648,-0.08021422686075258,-0.06568250480637189,-0.2334770667399066,-0.6775775885745674,-0.6093957703927491,-0.3631310079648449,134754.61686349905,0.33087177276611257
2.7963361713814887,2.7772617412798684,-0.03280417467728647,-0.08021422686075258,-0.06568250480637189,-0.2334770667399066,-0.6775775885745674,-0.6093957703927491,-0.34313100796484486,135975.61686349905,0.3338732242584186
2.7863361713814885,2.7772617412798684,-0.002804174677286553,-0.08021422686075258,-0.06568250480637189,-0.2334770667399066,-0.6875775885745674,-0.6193957703927491,-0.34313100796484486,136830.61686349905,0.3391575336456292
2.7663361713814885,2.7572617412798683,0.017195825322713465,-0.07021422686075257,-0.05568250480637188,-0.2434770667399066,-0.6775775885745674,-0.6093957703927491,-0.3631310079648449,137867.61686349905,0.3421535015106194
2.7563361713814887,2.7572617412798683,0.027195825322713474,-0.07021422686075257,-0.05568250480637188,-0.2334770667399066,-0.6875775885745674,-0.6093957703927491,-0.35313100796484487,139186.61686349905,0.3421535015106194
2.7163361713814886,2.707261741279868,0.06719582532271351,-0.06021422686075259,-0.03568250480637189,-0.21347706673990657,-0.6775775885745674,-0.6093957703927491,-0.33313100796484485,139961.61686349905,0.34614152908325124
2.7063361713814884,2.6972617412798683,0.07719582532271352,-0.06021422686075259,-0.0456825048063719,-0.2334770667399066,-0.6775775885745674,-0.6093957703927491,-0.35313100796484487,140744.61686349905,0.3505482196807854
2.6563361713814886,2.6572617412798683,0.10719582532271354,-0.06021422686075259,-0.0456825048063719,-0.2334770667399066,-0.6675775885745674,-0.5993957703927492,-0.3631310079648449,142013.61686349905,0.35405917167663503
2.6363361713814886,2.6372617412798682,0.07719582532271352,-0.05021422686075258,-0.03568250480637189,-0.2334770667399066,-0.6675775885745674,-0.5993957703927492,-0.35313100796484487,142728.61686349905,0.35511322021484304
2.6363361713814886,2.6372617412798682,0.07719582532271352,-0.06021422686075259,-0.03568250480637189,-0.21347706673990657,-0.6575775885745674,-0.5893957703927492,-0.34313100796484486,142957.61686349905,0.3583259105682366
2.6163361713814886,2.607261741279868,0.09719582532271354,-0.04021422686075257,-0.02568250480637188,-0.21347706673990657,-0.6575775885745674,-0.5793957703927491,-0.34313100796484486,142312.61686349905,0.36258430480956605
2.6163361713814886,2.607261741279868,0.09719582532271354,-0.04021422686075257,-0.0156825048063719,-0.22347706673990658,-0.6575775885745674,-0.5893957703927492,-0.34313100796484486,140741.61686349905,0.366676998138427
2.6063361713814883,2.607261741279868,0.11719582532271355,-0.03021422686075259,-0.0156825048063719,-0.21347706673990657,-0.6575775885745674,-0.5893957703927492,-0.34313100796484486,139528.61686349905,0.3706295013427727
2.5963361713814885,2.607261741279868,0.14719582532271358,-0.03021422686075259,-0.0156825048063719,-0.22347706673990658,-0.6375775885745674,-0.5693957703927491,-0.34313100796484486,139243.61686349905,0.3706295013427727
2.5963361713814885,2.597261741279868,0.16719582532271338,-0.03021422686075259,-0.0156825048063719,-0.21347706673990657,-0.6475775885745674,-0.5793957703927491,-0.33313100796484485,139396.61686349905,0.37565035820007253
2.5663361713814887,2.5672617412798684,0.1571958253227136,-0.020214226860752582,-0.005682504806371891,-0.21347706673990657,-0.6375775885745674,-0.5593957703927491,-0.33313100796484485,139701.61686349905,0.37962145805358816
2.4963361713814884,2.4872617412798683,0.17719582532271339,-0.00021422686075259212,0.024317495193628108,-0.20347706673990662,-0.6275775885745674,-0.5493957703927491,-0.33313100796484485,140234.61686349905,0.3829659938812249
2.3963361713814884,2.397261741279868,0.14719582532271358,0.029785773139247435,0.044317495193628126,-0.20347706673990662,-0.6075775885745673,-0.5293957703927491,-0.3231310079648449,141071.61686349905,0.38397188186645437
2.2663361713814885,2.2572617412798683,0.12719582532271356,0.0497857731392474,0.06431749519362809,-0.20347706673990662,-0.5675775885745673,-0.4893957703927491,-0.3231310079648449,141336.61686349905,0.38799710273742605
2.1963361713814886,2.1972617412798683,0.17719582532271339,0.06978577313924741,0.0843174951936281,-0.1934770667399066,-0.5475775885745673,-0.4793957703927491,-0.3131310079648449,141437.61686349905,0.3921052932739286
2.1163361713814886,2.127261741279868,0.2071958253227134,0.08978577313924743,0.10431749519362812,-0.20347706673990662,-0.5275775885745674,-0.45939577039274915,-0.3131310079648449,140792.61686349905,0.3952357292175286
2.0963361713814885,2.097261741279868,0.1971958253227134,0.1197857731392474,0.1343174951936281,-0.1934770667399066,-0.5175775885745674,-0.44939577039274914,-0.3131310079648449,139023.61686349905,0.3962893009185784
2.0863361713814883,2.087261741279868,0.1871958253227134,0.1197857731392474,0.1343174951936281,-0.1734770667399066,-0.5175775885745674,-0.44939577039274914,-0.29313100796484487,136998.61686349905,0.3996467113494866
2.0763361713814885,2.097261741279868,0.22719582532271343,0.1197857731392474,0.1343174951936281,-0.1834770667399066,-0.5075775885745674,-0.43939577039274913,-0.29313100796484487,134677.61686349905,0.4036457061767571
2.0663361713814887,2.077261741279868,0.25719582532271346,0.1297857731392474,0.1443174951936281,-0.1834770667399066,-0.49757758857456735,-0.43939577039274913,-0.29313100796484487,132916.61686349905,0.40764780044555593
2.0763361713814885,2.087261741279868,0.26719582532271346,0.13978577313924742,0.1543174951936281,-0.1834770667399066,-0.49757758857456735,-0.4293957703927491,-0.29313100796484487,131953.61686349905,0.40764780044555593
2.0563361713814885,2.0672617412798684,0.3071958253227135,0.14978577313924743,0.17431749519362813,-0.1934770667399066,-0.5175775885745674,-0.44939577039274914,-0.29313100796484487,131346.61686349905,0.4126443386077874
2.0063361713814887,2.0272617412798684,0.3371958253227135,0.15978577313924744,0.18431749519362808,-0.1934770667399066,-0.49757758857456735,-0.4293957703927491,-0.29313100796484487,130775.61686349905,0.41680545806884695
1.9063361713814886,1.917261741279868,0.2971958253227135,0.1697857731392474,0.1943174951936281,-0.1834770667399066,-0.5075775885745674,-0.4293957703927491,-0.3031310079648449,130838.61686349905,0.41949338912963796
1.8563361713814883,1.8472617412798682,0.22719582532271343,0.1797857731392474,0.1943174951936281,-0.16347706673990658,-0.5075775885745674,-0.44939577039274914,-0.2831310079648449,130309.61686349905,0.41949338912963796
1.7663361713814885,1.7772617412798681,0.21719582532271342,0.2297857731392474,0.23431749519362813,-0.16347706673990658,-0.49757758857456735,-0.4293957703927491,-0.2831310079648449,129470.61686349905,0.42487735748290945
1.6763361713814886,1.6872617412798683,0.2071958253227134,0.2397857731392474,0.2643174951936281,-0.1734770667399066,-0.48757758857456734,-0.4193957703927491,-0.2831310079648449,129293.61686349905,0.42890472412109304
1.6163361713814886,1.6272617412798682,0.17719582532271339,0.2497857731392474,0.27431749519362814,-0.16347706673990658,-0.4775775885745674,-0.39939577039274915,-0.2731310079648449,128668.61686349905,0.4328784465789788
1.5363361713814885,1.5572617412798682,0.17719582532271339,0.27978577313924746,0.28431749519362814,-0.1734770667399066,-0.4675775885745674,-0.4093957703927491,-0.2831310079648449,127879.61686349905,0.4328784465789788
1.4563361713814884,1.477261741279868,0.2071958253227134,0.28978577313924747,0.29431749519362815,-0.14347706673990662,-0.48757758857456734,-0.4193957703927491,-0.2831310079648449,127088.61686349905,0.43618578910827566
1.4163361713814888,1.4172617412798683,0.16719582532271338,0.3197857731392475,0.3343174951936282,-0.16347706673990658,-0.4675775885745674,-0.38939577039274914,-0.29313100796484487,126153.61686349905,0.4405095100402825
1.3663361713814886,1.3772617412798682,0.09719582532271354,0.3097857731392475,0.3343174951936282,-0.15347706673990658,-0.42757758857456735,-0.3593957703927491,-0.2831310079648449,124944.61686349905,0.44486637115478445
1.3163361713814887,1.3372617412798682,0.10719582532271354,0.3397857731392474,0.3643174951936281,-0.1234770667399066,-0.43757758857456736,-0.3693957703927491,-0.2731310079648449,123981.61686349905,0.44791550636291433
1.2863361713814885,1.2972617412798682,0.11719582532271355,0.3597857731392474,0.3843174951936281,-0.14347706673990662,-0.42757758857456735,-0.3593957703927491,-0.2631310079648449,123466.61686349905,0.44791550636291433
1.2463361713814884,1.2672617412798681,0.09719582532271354,0.36978577313924743,0.39431749519362813,-0.1334770667399066,-0.3975775885745674,-0.32939577039274914,-0.2631310079648449,122891.61686349905,0.45248384475707937
1.1863361713814888,1.1972617412798683,0.09719582532271354,0.38978577313924745,0.41431749519362815,-0.1134770667399066,-0.38757758857456737,-0.32939577039274914,-0.24313100796484488,122558.61686349905,0.4579424381256061
1.1563361713814886,1.1772617412798683,0.06719582532271351,0.39978577313924746,0.42431749519362816,-0.10347706673990659,-0.36757758857456735,-0.2993957703927491,-0.2631310079648449,121667.61686349905,0.4609422206878655
1.1063361713814888,1.1172617412798682,0.0571958253227135,0.4597857731392474,0.4743174951936281,-0.09347706673990658,-0.3375775885745673,-0.2693957703927491,-0.24313100796484488,120792.61686349905,0.4609422206878655
1.0863361713814887,1.1072617412798682,0.027195825322713474,0.4697857731392474,0.4743174951936281,-0.0634770667399066,-0.3275775885745673,-0.2593957703927491,-0.24313100796484488,119919.61686349905,0.46528239250183034
1.0763361713814885,1.0872617412798682,0.027195825322713474,0.49978577313924744,0.5243174951936281,-0.0634770667399066,-0.3275775885745673,-0.2593957703927491,-0.24313100796484488,118980.61686349905,0.46906704902648855
1.0763361713814885,1.0772617412798682,0.04719582532271349,0.5397857731392475,0.5543174951936282,-0.0534770667399066,-0.3175775885745674,-0.2593957703927491,-0.24313100796484488,118195.61686349905,0.4727632522582965
1.0563361713814885,1.0572617412798682,0.08719582532271353,0.5597857731392475,0.5743174951936282,-0.08347706673990662,-0.3075775885745674,-0.24939577039274907,-0.24313100796484488,117278.61686349905,0.47383089065551687
1.0263361713814887,1.0372617412798681,0.07719582532271352,0.5897857731392474,0.6143174951936281,-0.07347706673990662,-0.3075775885745674,-0.23939577039274917,-0.24313100796484488,116267.61686349905,0.4778036594390862
0.9863361713814885,0.9972617412798681,0.0571958253227135,0.6397857731392474,0.6743174951936282,-0.0634770667399066,-0.3075775885745674,-0.24939577039274907,-0.24313100796484488,115500.61686349905,0.48174424171447683
0.9663361713814885,0.9772617412798681,0.027195825322713474,0.6997857731392474,0.7243174951936281,-0.04347706673990659,-0.3175775885745674,-0.24939577039274907,-0.23313100796484487,114829.61686349905,0.4847652435302727
0.9663361713814885,0.9772617412798681,-0.012804174677286562,0.6997857731392474,0.7343174951936281,-0.04347706673990659,-0.3075775885745674,-0.24939577039274907,-0.23313100796484487,114480.61686349905,0.4857556343078606
0.9463361713814887,0.9572617412798681,-0.012804174677286562,0.7697857731392475,0.7843174951936281,-0.04347706673990659,-0.3175775885745674,-0.2593957703927491,-0.23313100796484487,114133.61686349905,0.4897648811340325
0.9363361713814887,0.9372617412798683,-0.02280417467728657,0.8197857731392475,0.8543174951936282,-0.04347706673990659,-0.3175775885745674,-0.2593957703927491,-0.23313100796484487,113862.61686349905,0.49476499557495046
0.9063361713814887,0.9072617412798683,-0.03280417467728647,0.8597857731392475,0.8843174951936282,-0.03347706673990658,-0.3275775885745673,-0.2593957703927491,-0.23313100796484487,114147.61686349905,0.4971577644348173
0.9063361713814887,0.9172617412798683,-0.0628041746772865,0.8997857731392473,0.914317495193628,-0.03347706673990658,-0.3375775885745673,-0.2793957703927491,-0.23313100796484487,114440.61686349905,0.49819345474243093
0.8963361713814887,0.8972617412798682,-0.08280417467728651,0.9097857731392474,0.9343174951936281,-0.03347706673990658,-0.3375775885745673,-0.2693957703927491,-0.23313100796484487,114227.61686349905,0.5022093772888176
0.8663361713814887,0.8672617412798682,-0.10280417467728653,0.9497857731392474,0.9643174951936281,-0.023477066739906627,-0.34757758857456733,-0.2793957703927491,-0.23313100796484487,114656.61686349905,0.5063032627105706
0.8263361713814886,0.8472617412798682,-0.14280417467728657,0.9697857731392474,0.9843174951936281,-0.03347706673990658,-0.3375775885745673,-0.2693957703927491,-0.2231310079648449,114903.61686349905,0.5103022575378446
0.8063361713814886,0.8072617412798682,-0.17280417467728648,0.9597857731392474,0.9843174951936281,-0.04347706673990659,-0.3275775885745673,-0.2593957703927491,-0.2231310079648449,115728.61686349905,0.5137123584747307
0.7863361713814886,0.7872617412798681,-0.1928041746772865,0.9697857731392474,0.9943174951936281,-0.03347706673990658,-0.3375775885745673,-0.2693957703927491,-0.2231310079648449,116455.61686349905,0.5142969608306878
0.7863361713814886,0.7772617412798681,-0.22280417467728653,0.9897857731392474,1.004317495193628,-0.0534770667399066,-0.3275775885745673,-0.2693957703927491,-0.23313100796484487,117224.61686349905,0.5183262348175042
0.7563361713814887,0.7672617412798681,-0.25280417467728655,0.9997857731392474,1.014317495193628,-0.0534770667399066,-0.3375775885745673,-0.2793957703927491,-0.23313100796484487,118461.61686349905,0.5220777511596673
0.7763361713814886,0.7772617412798681,-0.3028041746772865,0.9997857731392474,1.024317495193628,-0.0634770667399066,-0.35757758857456734,-0.2793957703927491,-0.2231310079648449,119276.61686349905,0.5259208202362089
0.7463361713814887,0.7572617412798682,-0.3028041746772865,0.9997857731392474,1.004317495193628,-0.0634770667399066,-0.3375775885745673,-0.2693957703927491,-0.23313100796484487,120357.61686349905,0.5269832134246855
0.7763361713814886,0.7772617412798681,-0.3128041746772865,0.9997857731392474,1.004317495193628,-0.0634770667399066,-0.34757758857456733,-0.2793957703927491,-0.23313100796484487,121198.61686349905,0.5300697803497307
0.7863361713814886,0.7872617412798681,-0.35280417467728653,0.9797857731392474,0.9743174951936281,-0.08347706673990662,-0.35757758857456734,-0.2893957703927491,-0.24313100796484488,121773.61686349905,0.5350076675414996
0.7863361713814886,0.7872617412798681,-0.36280417467728654,0.9597857731392474,0.9743174951936281,-0.07347706673990662,-0.3275775885745673,-0.2693957703927491,-0.23313100796484487,122600.61686349905,0.5380107879638665
0.7963361713814886,0.7972617412798682,-0.36280417467728654,0.9297857731392474,0.9443174951936281,-0.09347706673990658,-0.3275775885745673,-0.2693957703927491,-0.24313100796484488,123963.61686349905,0.5390071392059319
0.8163361713814886,0.8172617412798682,-0.35280417467728653,0.9197857731392474,0.924317495193628,-0.10347706673990659,-0.3375775885745673,-0.2593957703927491,-0.2531310079648449,125396.61686349905,0.543007564544677
0.8163361713814886,0.8072617412798682,-0.39280417467728657,0.9197857731392474,0.924317495193628,-0.10347706673990659,-0.34757758857456733,-0.2793957703927491,-0.2531310079648449,126601.61686349905,0.5470118045806878
0.8563361713814887,0.8572617412798682,-0.40280417467728646,0.8797857731392476,0.8843174951936282,-0.1134770667399066,-0.38757758857456737,-0.3093957703927491,-0.2531310079648449,127588.61686349905,0.5506870269775384
0.8563361713814887,0.8572617412798682,-0.37280417467728655,0.8597857731392475,0.8743174951936282,-0.1234770667399066,-0.34757758857456733,-0.2793957703927491,-0.2531310079648449,128773.61686349905,0.5512606620788567
0.8863361713814887,0.8972617412798682,-0.4228041746772865,0.8097857731392475,0.8243174951936282,-0.1134770667399066,-0.35757758857456734,-0.2893957703927491,-0.24313100796484488,129976.61686349905,0.5554053306579583
0.9163361713814887,0.9172617412798683,-0.4128041746772865,0.7897857731392475,0.8043174951936282,-0.09347706673990658,-0.36757758857456735,-0.2993957703927491,-0.23313100796484487,131127.61686349905,0.5594050407409661
0.9763361713814885,0.9872617412798681,-0.4328041746772865,0.7797857731392475,0.7843174951936281,-0.09347706673990658,-0.3375775885745673,-0.2693957703927491,-0.23313100796484487,131836.61686349905,0.563404989242553
1.0063361713814887,1.0272617412798681,-0.4228041746772865,0.7897857731392475,0.8043174951936282,-0.1134770667399066,-0.3375775885745673,-0.2693957703927491,-0.2531310079648449,132181.61686349905,0.563404989242553
1.0763361713814885,1.0872617412798682,-0.39280417467728657,0.7797857731392475,0.7843174951936281,-0.10347706673990659,-0.34757758857456733,-0.2793957703927491,-0.2631310079648449,132532.61686349905,0.5674046993255644
1.1463361713814888,1.1472617412798682,-0.4328041746772865,0.7697857731392475,0.7743174951936281,-0.10347706673990659,-0.34757758857456733,-0.2793957703927491,-0.2631310079648449,133265.61686349905,0.571409893035888
1.2163361713814886,1.227261741279868,-0.4228041746772865,0.7397857731392474,0.7543174951936281,-0.1234770667399066,-0.37757758857456736,-0.3093957703927491,-0.2731310079648449,133576.61686349905,0.5755118846893303
1.2963361713814887,1.2972617412798682,-0.40280417467728646,0.7097857731392474,0.7243174951936281,-0.1334770667399066,-0.37757758857456736,-0.3093957703927491,-0.2831310079648449,133395.61686349905,0.5755118846893303
1.3363361713814887,1.3272617412798682,-0.37280417467728655,0.7097857731392474,0.7243174951936281,-0.1134770667399066,-0.37757758857456736,-0.3093957703927491,-0.2731310079648449,133510.61686349905,0.5796901702880888
1.4163361713814888,1.4172617412798683,-0.37280417467728655,0.6997857731392474,0.7143174951936281,-0.1134770667399066,-0.3975775885745674,-0.32939577039274914,-0.2731310079648449,132807.61686349905,0.5838450908660882
1.5063361713814887,1.497261741279868,-0.35280417467728653,0.6797857731392475,0.6843174951936282,-0.1234770667399066,-0.38757758857456737,-0.32939577039274914,-0.2731310079648449,131708.61686349905,0.5876442909240716
1.5763361713814885,1.5772617412798682,-0.35280417467728653,0.6597857731392475,0.6643174951936281,-0.1134770667399066,-0.4175775885745674,-0.3493957703927491,-0.2731310079648449,131569.61686349905,0.591671180725097
1.6463361713814888,1.6472617412798682,-0.3428041746772865,0.6497857731392475,0.6443174951936281,-0.1234770667399066,-0.4175775885745674,-0.3593957703927491,-0.2831310079648449,131416.61686349905,0.591671180725097
1.6963361713814886,1.707261741279868,-0.3028041746772865,0.6297857731392474,0.6343174951936281,-0.1234770667399066,-0.42757758857456735,-0.3593957703927491,-0.2831310079648449,130727.61686349905,0.5966712951660149
1.7763361713814887,1.7672617412798681,-0.2928041746772865,0.5997857731392474,0.6043174951936281,-0.1334770667399066,-0.43757758857456736,-0.3693957703927491,-0.2831310079648449,130048.61686349905,0.5996655941009514
1.8163361713814887,1.8172617412798682,-0.25280417467728655,0.5897857731392474,0.6043174951936281,-0.14347706673990662,-0.42757758857456735,-0.3593957703927491,-0.29313100796484487,129487.61686349905,0.6041543006896966
1.8763361713814883,1.877261741279868,-0.25280417467728655,0.5897857731392474,0.5943174951936281,-0.14347706673990662,-0.44757758857456736,-0.37939577039274913,-0.29313100796484487,128982.61686349905,0.605224561691287
1.9463361713814886,1.937261741279868,-0.22280417467728653,0.5497857731392475,0.5543174951936282,-0.16347706673990658,-0.4575775885745674,-0.37939577039274913,-0.3031310079648449,128989.61686349905,0.6082248210906975
2.0063361713814887,2.0072617412798683,-0.23280417467728654,0.5297857731392475,0.5243174951936281,-0.16347706673990658,-0.44757758857456736,-0.3693957703927491,-0.3131310079648449,128666.61686349905,0.6124038219451933
2.0563361713814885,2.057261741279868,-0.17280417467728648,0.49978577313924744,0.5043174951936281,-0.16347706673990658,-0.43757758857456736,-0.3693957703927491,-0.3231310079648449,128387.61686349905,0.6156751632690423
2.1163361713814886,2.117261741279868,-0.12280417467728655,0.4897857731392474,0.4843174951936281,-0.1834770667399066,-0.4575775885745674,-0.38939577039274914,-0.33313100796484485,127728.61686349905,0.6167330265045159
2.1563361713814886,2.167261741279868,-0.10280417467728653,0.4597857731392474,0.4543174951936282,-0.1834770667399066,-0.4575775885745674,-0.39939577039274915,-0.33313100796484485,127185.61686349905,0.619746160507205
2.2063361713814884,2.207261741279868,-0.11280417467728654,0.4397857731392475,0.43431749519362817,-0.20347706673990662,-0.4675775885745674,-0.38939577039274914,-0.33313100796484485,127172.61686349905,0.6258079528808587
2.2563361713814887,2.2572617412798683,-0.0628041746772865,0.40978577313924747,0.41431749519362815,-0.20347706673990662,-0.4575775885745674,-0.38939577039274914,-0.33313100796484485,127001.61686349905,0.6291946887969964
2.3063361713814885,2.307261741279868,-0.0628041746772865,0.38978577313924745,0.39431749519362813,-0.21347706673990657,-0.4575775885745674,-0.38939577039274914,-0.35313100796484487,126430.61686349905,0.6291946887969964
2.3463361713814885,2.347261741279868,-0.012804174677286562,0.36978577313924743,0.3643174951936281,-0.20347706673990662,-0.4675775885745674,-0.39939577039274915,-0.35313100796484487,125677.61686349905,0.6331569671630888
2.3663361713814886,2.377261741279868,0.017195825322713465,0.3397857731392474,0.3443174951936281,-0.22347706673990658,-0.4675775885745674,-0.39939577039274915,-0.35313100796484487,125346.61686349905,0.6375140666961663
2.4163361713814884,2.417261741279868,0.04719582532271349,0.3097857731392475,0.31431749519362817,-0.2334770667399066,-0.4675775885745674,-0.39939577039274915,-0.3631310079648449,125229.61686349905,0.6414949417114251
2.4463361713814886,2.4472617412798683,0.06719582532271351,0.3197857731392475,0.31431749519362817,-0.2434770667399066,-0.4575775885745674,-0.38939577039274914,-0.3731310079648449,124692.61686349905,0.6414949417114251
2.4763361713814884,2.477261741279868,0.14719582532271358,0.2997857731392475,0.30431749519362816,-0.2334770667399066,-0.4775775885745674,-0.4093957703927491,-0.35313100796484487,124287.61686349905,0.6458563327789264
2.4963361713814884,2.497261741279868,0.16719582532271338,0.26978577313924745,0.27431749519362814,-0.2334770667399066,-0.4775775885745674,-0.4093957703927491,-0.3631310079648449,124026.61686349905,0.6496879577636712
2.5163361713814885,2.517261741279868,0.1571958253227136,0.2497857731392474,0.2543174951936281,-0.2334770667399066,-0.4775775885745674,-0.4093957703927491,-0.3631310079648449,124007.61686349905,0.6537348747253411
2.5363361713814885,2.537261741279868,0.1871958253227134,0.2297857731392474,0.24431749519362808,-0.26347706673990656,-0.4775775885745674,-0.4093957703927491,-0.3831310079648449,124002.61686349905,0.6572401046752923
2.5463361713814887,2.5472617412798684,0.17719582532271339,0.2297857731392474,0.23431749519362813,-0.26347706673990656,-0.4675775885745674,-0.4093957703927491,-0.3731310079648449,124073.61686349905,0.657948446273803
2.5563361713814885,2.557261741279868,0.2071958253227134,0.20978577313924743,0.2143174951936281,-0.26347706673990656,-0.4775775885745674,-0.4093957703927491,-0.3831310079648449,124522.61686349905,0.6619736671447747
2.5663361713814887,2.5672617412798684,0.22719582532271343,0.19978577313924742,0.2043174951936281,-0.26347706673990656,-0.4675775885745674,-0.39939577039274915,-0.3731310079648449,124811.61686349905,0.6654085636138909
2.5763361713814885,2.577261741279868,0.22719582532271343,0.1897857731392474,0.1943174951936281,-0.2534770667399066,-0.4775775885745674,-0.4093957703927491,-0.3731310079648449,125176.61686349905,0.669707012176513
2.5863361713814883,2.597261741279868,0.25719582532271346,0.1697857731392474,0.18431749519362808,-0.2534770667399066,-0.4775775885745674,-0.4093957703927491,-0.3731310079648449,125753.61686349905,0.6704244136810331
2.5963361713814885,2.597261741279868,0.26719582532271346,0.15978577313924744,0.16431749519362812,-0.2534770667399066,-0.4775775885745674,-0.4093957703927491,-0.3731310079648449,126318.61686349905,0.6744517803192132
2.5963361713814885,2.597261741279868,0.2971958253227135,0.14978577313924743,0.1443174951936281,-0.2534770667399066,-0.4775775885745674,-0.4093957703927491,-0.3731310079648449,126937.61686349905,0.6784519672393792
2.5863361713814883,2.587261741279868,0.3071958253227135,0.13978577313924742,0.1443174951936281,-0.2434770667399066,-0.48757758857456734,-0.4193957703927491,-0.3731310079648449,127348.61686349905,0.6817109107971184
2.5963361713814885,2.587261741279868,0.3371958253227135,0.1197857731392474,0.1343174951936281,-0.2534770667399066,-0.49757758857456735,-0.4293957703927491,-0.3931310079648449,128181.61686349905,0.6824395179748528
2.5663361713814887,2.577261741279868,0.34719582532271354,0.1097857731392474,0.12431749519362809,-0.26347706673990656,-0.49757758857456735,-0.4293957703927491,-0.3931310079648449,129252.61686349905,0.6864468574523919
2.5563361713814885,2.5672617412798684,0.34719582532271354,0.09978577313924744,0.11431749519362813,-0.2434770667399066,-0.5175775885745674,-0.44939577039274914,-0.3731310079648449,130555.61686349905,0.6900887012481682
2.5763361713814885,2.587261741279868,0.34719582532271354,0.06978577313924741,0.0843174951936281,-0.2434770667399066,-0.5475775885745673,-0.4693957703927491,-0.3731310079648449,131684.61686349905,0.6942426681518548
2.5863361713814883,2.587261741279868,0.35719582532271354,0.059785773139247406,0.0743174951936281,-0.2434770667399066,-0.5475775885745673,-0.4793957703927491,-0.3731310079648449,132057.61686349905,0.6952955245971673
2.5863361713814883,2.587261741279868,0.37719582532271356,0.059785773139247406,0.0743174951936281,-0.2534770667399066,-0.5475775885745673,-0.4793957703927491,-0.3731310079648449,131020.61686349905,0.6989416599273675
2.5763361713814885,2.577261741279868,0.37719582532271356,0.059785773139247406,0.0743174951936281,-0.2534770667399066,-0.5275775885745674,-0.45939577039274915,-0.3731310079648449,128947.61686349905,0.7029268264770465
2.5763361713814885,2.577261741279868,0.4071958253227136,0.06978577313924741,0.0843174951936281,-0.2534770667399066,-0.5175775885745674,-0.44939577039274914,-0.3631310079648449,127358.61686349905,0.7066020488739007
2.5763361713814885,2.577261741279868,0.4071958253227136,0.06978577313924741,0.0843174951936281,-0.2534770667399066,-0.5075775885745674,-0.43939577039274913,-0.3631310079648449,126647.61686349905,0.7076739788055413
2.5763361713814885,2.577261741279868,0.4071958253227136,0.07978577313924742,0.09431749519362811,-0.2434770667399066,-0.49757758857456735,-0.43939577039274913,-0.3631310079648449,126708.61686349905,0.710728836059566
2.5463361713814887,2.557261741279868,0.4371958253227134,0.06978577313924741,0.0843174951936281,-0.2434770667399066,-0.5075775885745674,-0.43939577039274913,-0.3631310079648449,126735.61686349905,0.7157101154327385
2.5063361713814887,2.5072617412798683,0.4171958253227134,0.06978577313924741,0.0843174951936281,-0.2334770667399066,-0.5275775885745674,-0.45939577039274915,-0.3631310079648449,126942.61686349905,0.7197288990020745
2.4063361713814886,2.4072617412798683,0.38719582532271357,0.07978577313924742,0.09431749519362811,-0.2334770667399066,-0.5175775885745674,-0.44939577039274914,-0.3631310079648449,127965.61686349905,0.7197288990020745
2.2963361713814887,2.2972617412798684,0.36719582532271355,0.07978577313924742,0.09431749519362811,-0.2434770667399066,-0.5075775885745674,-0.43939577039274913,-0.3631310079648449,128658.61686349905,0.723729085922244
2.2363361713814887,2.2372617412798683,0.36719582532271355,0.08978577313924743,0.10431749519362812,-0.21347706673990657,-0.5175775885745674,-0.43939577039274913,-0.35313100796484487,129147.61686349905,0.72766370773315
2.2063361713814884,2.227261741279868,0.4071958253227136,0.09978577313924744,0.11431749519362813,-0.2334770667399066,-0.5175775885745674,-0.44939577039274914,-0.34313100796484486,129188.61686349905,0.7316920280456571
2.1763361713814886,2.1972617412798683,0.4071958253227136,0.1097857731392474,0.12431749519362809,-0.22347706673990658,-0.5175775885745674,-0.45939577039274915,-0.3231310079648449,127477.61686349905,0.7346803665161126
2.1663361713814884,2.1772617412798683,0.4271958253227134,0.1097857731392474,0.1343174951936281,-0.22347706673990658,-0.5075775885745674,-0.43939577039274913,-0.33313100796484485,124636.61686349905,0.7356934070587151
2.1463361713814884,2.1572617412798683,0.4571958253227134,0.1297857731392474,0.1443174951936281,-0.22347706673990658,-0.49757758857456735,-0.43939577039274913,-0.3131310079648449,122045.61686349905,0.7399634838104241
2.1763361713814886,2.187261741279868,0.48719582532271344,0.1197857731392474,0.1343174951936281,-0.21347706673990657,-0.5075775885745674,-0.4293957703927491,-0.3131310079648449,120122.61686349905,0.7439896583557122
2.1763361713814886,2.187261741279868,0.49719582532271345,0.1297857731392474,0.1443174951936281,-0.20347706673990662,-0.49757758857456735,-0.4293957703927491,-0.3131310079648449,118731.61686349905,0.7472915172576862
2.1763361713814886,2.187261741279868,0.49719582532271345,0.13978577313924742,0.1543174951936281,-0.20347706673990662,-0.5175775885745674,-0.44939577039274914,-0.3131310079648449,118090.61686349905,0.747961235046386
2.1163361713814886,2.127261741279868,0.47719582532271343,0.14978577313924743,0.17431749519362813,-0.22347706673990658,-0.5475775885745673,-0.4693957703927491,-0.33313100796484485,118077.61686349905,0.7518140792846673
1.9963361713814884,2.0072617412798683,0.4371958253227134,0.1697857731392474,0.1943174951936281,-0.21347706673990657,-0.5475775885745673,-0.4693957703927491,-0.3131310079648449,117620.61686349905,0.7568547248840325
1.8463361713814885,1.8472617412798682,0.35719582532271354,0.1697857731392474,0.1943174951936281,-0.1834770667399066,-0.5175775885745674,-0.44939577039274914,-0.29313100796484487,117677.61686349905,0.7594236850738518
1.7163361713814886,1.727261741279868,0.2771958253227135,0.20978577313924743,0.2143174951936281,-0.1834770667399066,-0.5175775885745674,-0.43939577039274913,-0.3031310079648449,117876.61686349905,0.7594236850738518
1.6463361713814888,1.6672617412798683,0.25719582532271346,0.21978577313924744,0.23431749519362813,-0.1834770667399066,-0.5275775885745674,-0.44939577039274914,-0.3031310079648449,117999.61686349905,0.7645184516906731
1.5863361713814887,1.5872617412798682,0.22719582532271343,0.2397857731392474,0.2643174951936281,-0.1834770667399066,-0.5175775885745674,-0.43939577039274913,-0.29313100796484487,117692.61686349905,0.768764686584472
1.5063361713814887,1.5172617412798681,0.24719582532271345,0.2497857731392474,0.2643174951936281,-0.1734770667399066,-0.48757758857456734,-0.4193957703927491,-0.29313100796484487,116649.61686349905,0.7721340179443352
1.4863361713814887,1.497261741279868,0.24719582532271345,0.25978577313924744,0.28431749519362814,-0.16347706673990658,-0.48757758857456734,-0.4193957703927491,-0.2831310079648449,115028.61686349905,0.7731329917907708
1.4463361713814886,1.457261741279868,0.17719582532271339,0.2997857731392475,0.3243174951936282,-0.14347706673990662,-0.4775775885745674,-0.4193957703927491,-0.29313100796484487,113121.61686349905,0.7761954784393303
1.4063361713814886,1.4072617412798683,0.1571958253227136,0.3397857731392474,0.3643174951936281,-0.14347706673990662,-0.4675775885745674,-0.39939577039274915,-0.29313100796484487,111502.61686349905,0.7802638530731194
1.3663361713814886,1.3772617412798682,0.1571958253227136,0.3597857731392474,0.3843174951936281,-0.1334770667399066,-0.4775775885745674,-0.4093957703927491,-0.2731310079648449,110543.61686349905,0.7852928161621087
1.3463361713814885,1.3572617412798682,0.16719582532271338,0.37978577313924744,0.40431749519362814,-0.1234770667399066,-0.4675775885745674,-0.38939577039274914,-0.2831310079648449,110096.61686349905,0.7852928161621087
1.2863361713814885,1.3172617412798682,0.13719582532271357,0.36978577313924743,0.40431749519362814,-0.14347706673990662,-0.4775775885745674,-0.4093957703927491,-0.2831310079648449,109855.61686349905,0.7880630016326862
1.2463361713814884,1.2572617412798681,0.10719582532271354,0.4197857731392475,0.4443174951936282,-0.1334770667399066,-0.4775775885745674,-0.4093957703927491,-0.2831310079648449,109748.61686349905,0.7930988788604729
1.1963361713814886,1.207261741279868,0.07719582532271352,0.4397857731392475,0.4643174951936281,-0.1334770667399066,-0.4675775885745674,-0.38939577039274914,-0.2731310079648449,109595.61686349905,0.7971114635467522
1.1163361713814886,1.1172617412798682,0.03719582532271348,0.4497857731392474,0.4843174951936281,-0.1234770667399066,-0.43757758857456736,-0.3693957703927491,-0.2731310079648449,108996.61686349905,0.798127365112304
1.0863361713814887,1.0872617412798682,-0.002804174677286553,0.4897857731392474,0.5043174951936281,-0.1234770667399066,-0.4175775885745674,-0.3493957703927491,-0.2731310079648449,108501.61686349905,0.8010982990264885
1.0663361713814887,1.0772617412798682,0.007195825322713456,0.4897857731392474,0.5243174951936281,-0.1134770667399066,-0.4075775885745674,-0.33939577039274915,-0.2731310079648449,108522.61686349905,0.8050987243652301
1.0463361713814887,1.0572617412798682,0.017195825322713465,0.5297857731392475,0.5643174951936282,-0.1234770667399066,-0.3975775885745674,-0.31939577039274913,-0.2631310079648449,107941.61686349905,0.8097011566162067
1.0163361713814885,1.0272617412798681,-0.012804174677286562,0.5997857731392474,0.6143174951936281,-0.10347706673990659,-0.38757758857456737,-0.31939577039274913,-0.2531310079648449,106610.61686349905,0.8097011566162067
0.9663361713814885,0.9872617412798681,0.007195825322713456,0.6297857731392474,0.6543174951936281,-0.07347706673990662,-0.38757758857456737,-0.3093957703927491,-0.2531310079648449,105261.61686349905,0.8137146949768095
0.9963361713814886,1.0072617412798681,0.017195825322713465,0.6297857731392474,0.6643174951936281,-0.08347706673990662,-0.3975775885745674,-0.31939577039274913,-0.2531310079648449,104484.61686349905,0.8175024509429925
0.9863361713814885,0.9872617412798681,0.017195825322713465,0.6897857731392475,0.7143174951936281,-0.07347706673990662,-0.38757758857456737,-0.31939577039274913,-0.2531310079648449,104049.61686349905,0.8215989589691155
0.9763361713814885,0.9872617412798681,-0.03280417467728647,0.7197857731392474,0.7443174951936281,-0.08347706673990662,-0.37757758857456736,-0.3093957703927491,-0.2531310079648449,103372.61686349905,0.82552165985107
0.9363361713814887,0.9372617412798683,-0.052804174677286486,0.7797857731392475,0.8043174951936282,-0.07347706673990662,-0.38757758857456737,-0.31939577039274913,-0.24313100796484488,103065.61686349905,0.82552165985107
0.8963361713814887,0.8972617412798682,-0.0728041746772865,0.8097857731392475,0.8343174951936282,-0.0634770667399066,-0.3975775885745674,-0.32939577039274914,-0.24313100796484488,103124.61686349905,0.8294841766357415
0.8763361713814887,0.8872617412798682,-0.11280417467728654,0.8497857731392475,0.8843174951936282,-0.0534770667399066,-0.3975775885745674,-0.32939577039274914,-0.23313100796484487,103423.61686349905,0.833530139923095
0.8663361713814887,0.8772617412798682,-0.13280417467728656,0.8997857731392473,0.9343174951936281,-0.07347706673990662,-0.4075775885745674,-0.33939577039274915,-0.24313100796484488,103908.61686349905,0.8378068923950188
0.8563361713814887,0.8572617412798682,-0.14280417467728657,0.8997857731392473,0.924317495193628,-0.07347706673990662,-0.4175775885745674,-0.33939577039274915,-0.2531310079648449,103969.61686349905,0.8385805606842069
0.8563361713814887,0.8672617412798682,-0.1928041746772865,0.9497857731392474,0.9743174951936281,-0.07347706673990662,-0.42757758857456735,-0.3493957703927491,-0.2531310079648449,104322.61686349905,0.841779422760009
0.8563361713814887,0.8572617412798682,-0.17280417467728648,0.9397857731392474,0.9643174951936281,-0.0634770667399066,-0.4175775885745674,-0.3493957703927491,-0.2531310079648449,104603.61686349905,0.8458268165588372
0.8663361713814887,0.8672617412798682,-0.1928041746772865,0.9497857731392474,0.9843174951936281,-0.0634770667399066,-0.4175775885745674,-0.33939577039274915,-0.2531310079648449,104932.61686349905,0.8500895023345905
0.8463361713814886,0.8372617412798682,-0.2028041746772865,0.9797857731392474,1.004317495193628,-0.07347706673990662,-0.4175775885745674,-0.32939577039274914,-0.2531310079648449,105723.61686349905,0.8500895023345905
0.8463361713814886,0.8372617412798682,-0.22280417467728653,0.9797857731392474,0.9943174951936281,-0.07347706673990662,-0.4075775885745674,-0.32939577039274914,-0.2531310079648449,106342.61686349905,0.8545326709747307
0.8263361713814886,0.8172617412798682,-0.24280417467728654,1.0097857731392474,1.024317495193628,-0.08347706673990662,-0.4175775885745674,-0.33939577039274915,-0.2531310079648449,106343.61686349905,0.8585302352905266
0.8163361713814886,0.8372617412798682,-0.24280417467728654,0.9897857731392474,1.004317495193628,-0.09347706673990658,-0.3975775885745674,-0.31939577039274913,-0.2631310079648449,106842.61686349905,0.8622030735015862
0.8063361713814886,0.8072617412798682,-0.26280417467728656,0.9797857731392474,0.9943174951936281,-0.08347706673990662,-0.3975775885745674,-0.31939577039274913,-0.2531310079648449,107847.61686349905,0.8622030735015862
0.8363361713814886,0.8472617412798682,-0.3028041746772865,0.9897857731392474,0.9943174951936281,-0.07347706673990662,-0.4075775885745674,-0.33939577039274915,-0.24313100796484488,109014.61686349905,0.8663196086883502
0.8263361713814886,0.8472617412798682,-0.3128041746772865,0.9697857731392474,0.9843174951936281,-0.08347706673990662,-0.4175775885745674,-0.3493957703927491,-0.23313100796484487,109901.61686349905,0.8712026596069329
0.8163361713814886,0.8272617412798682,-0.3128041746772865,0.9497857731392474,0.9643174951936281,-0.10347706673990659,-0.4075775885745674,-0.32939577039274914,-0.23313100796484487,110722.61686349905,0.8752026081085198
0.8463361713814886,0.8572617412798682,-0.3428041746772865,0.9097857731392474,0.914317495193628,-0.1134770667399066,-0.3975775885745674,-0.32939577039274914,-0.2531310079648449,112207.61686349905,0.8752026081085198
0.8563361713814887,0.8672617412798682,-0.3028041746772865,0.9297857731392474,0.9343174951936281,-0.09347706673990658,-0.4075775885745674,-0.3093957703927491,-0.24313100796484488,113472.61686349905,0.8795334815978961
0.8863361713814887,0.8872617412798682,-0.3428041746772865,0.8997857731392473,0.914317495193628,-0.1134770667399066,-0.37757758857456736,-0.3093957703927491,-0.2531310079648449,114087.61686349905,0.8823942661285393
0.9363361713814887,0.9572617412798681,-0.3428041746772865,0.8797857731392476,0.8743174951936282,-0.10347706673990659,-0.37757758857456736,-0.3093957703927491,-0.2531310079648449,114866.61686349905,0.8869282722473102
0.9763361713814885,0.9872617412798681,-0.3428041746772865,0.8297857731392475,0.8443174951936282,-0.1234770667399066,-0.36757758857456735,-0.2993957703927491,-0.2731310079648449,115619.61686349905,0.8909465789794915
1.0463361713814887,1.0372617412798681,-0.3428041746772865,0.8097857731392475,0.8143174951936282,-0.1234770667399066,-0.38757758857456737,-0.3093957703927491,-0.2631310079648449,116462.61686349905,0.89197130203247
1.0963361713814885,1.0872617412798682,-0.3328041746772865,0.7997857731392475,0.8343174951936282,-0.1134770667399066,-0.38757758857456737,-0.3093957703927491,-0.2731310079648449,117393.61686349905,0.8949408054351764
1.1263361713814888,1.1272617412798682,-0.3228041746772865,0.7897857731392475,0.8143174951936282,-0.1234770667399066,-0.37757758857456736,-0.2993957703927491,-0.2731310079648449,118378.61686349905,0.9001724243164091
1.1963361713814886,1.207261741279868,-0.3028041746772865,0.7697857731392475,0.7843174951936281,-0.10347706673990659,-0.37757758857456736,-0.2993957703927491,-0.2531310079648449,119345.61686349905,0.9033526897430448
1.2463361713814884,1.247261741279868,-0.3028041746772865,0.7697857731392475,0.7943174951936282,-0.10347706673990659,-0.37757758857456736,-0.2993957703927491,-0.2631310079648449,119602.61686349905,0.9039339542388909
1.3163361713814887,1.3172617412798682,-0.27280417467728657,0.7697857731392475,0.7743174951936281,-0.10347706673990659,-0.3975775885745674,-0.31939577039274913,-0.2631310079648449,119723.61686349905,0.907176208496093
1.3763361713814888,1.3772617412798682,-0.26280417467728656,0.7297857731392474,0.7343174951936281,-0.10347706673990659,-0.37757758857456736,-0.2993957703927491,-0.2531310079648449,120224.61686349905,0.9111749649047844
1.4263361713814886,1.4372617412798683,-0.23280417467728654,0.7197857731392474,0.7243174951936281,-0.1334770667399066,-0.36757758857456735,-0.3093957703927491,-0.2731310079648449,120393.61686349905,0.9151749134063714
1.5163361713814885,1.5272617412798681,-0.1928041746772865,0.6797857731392475,0.6843174951936282,-0.1334770667399066,-0.38757758857456737,-0.31939577039274913,-0.2831310079648449,120124.61686349905,0.9161722183227532
1.5863361713814887,1.5972617412798682,-0.16280417467728647,0.6897857731392475,0.6943174951936282,-0.1234770667399066,-0.4075775885745674,-0.32939577039274914,-0.2731310079648449,119639.61686349905,0.9191739082336454
1.6563361713814886,1.6572617412798683,-0.15280417467728646,0.6797857731392475,0.6843174951936282,-0.1334770667399066,-0.4175775885745674,-0.33939577039274915,-0.2731310079648449,119784.61686349905,0.9231750488281278
1.7263361713814884,1.717261741279868,-0.10280417467728653,0.6597857731392475,0.6643174951936281,-0.1334770667399066,-0.3975775885745674,-0.32939577039274914,-0.2731310079648449,119353.61686349905,0.9275667190551751
1.7763361713814887,1.7972617412798682,-0.0728041746772865,0.6397857731392474,0.6443174951936281,-0.14347706673990662,-0.42757758857456735,-0.3493957703927491,-0.2831310079648449,118234.61686349905,0.9286028861999505
1.8763361713814883,1.8872617412798682,-0.03280417467728647,0.6197857731392474,0.6243174951936281,-0.14347706673990662,-0.42757758857456735,-0.3493957703927491,-0.2831310079648449,117957.61686349905,0.9316012382507317
1.9463361713814886,1.937261741279868,-0.002804174677286553,0.5897857731392474,0.5843174951936282,-0.16347706673990658,-0.42757758857456735,-0.3593957703927491,-0.3031310079648449,117656.61686349905,0.9366139888763385
1.9963361713814884,1.997261741279868,0.03719582532271348,0.5597857731392475,0.5643174951936282,-0.16347706673990658,-0.42757758857456735,-0.3593957703927491,-0.3031310079648449,117063.61686349905,0.9399158477783196
2.0663361713814887,2.077261741279868,0.09719582532271354,0.5297857731392475,0.5243174951936281,-0.16347706673990658,-0.44757758857456736,-0.37939577039274913,-0.3031310079648449,116732.61686349905,0.9409751415252678
2.1163361713814886,2.127261741279868,0.13719582532271357,0.5097857731392474,0.5143174951936281,-0.16347706673990658,-0.4575775885745674,-0.38939577039274914,-0.3131310079648449,116499.61686349905,0.9443959712982171
2.1963361713814886,2.207261741279868,0.1871958253227134,0.4897857731392474,0.4843174951936281,-0.1734770667399066,-0.4675775885745674,-0.39939577039274915,-0.3131310079648449,116108.61686349905,0.9483956813812249
2.2663361713814885,2.267261741279868,0.22719582532271343,0.4497857731392474,0.4543174951936282,-0.1734770667399066,-0.4575775885745674,-0.38939577039274914,-0.3131310079648449,115915.61686349905,0.9529959678649931
2.2963361713814887,2.2972617412798684,0.24719582532271345,0.4297857731392475,0.4443174951936282,-0.1834770667399066,-0.4675775885745674,-0.38939577039274914,-0.3131310079648449,115910.61686349905,0.9529959678649931
2.3263361713814885,2.337261741279868,0.24719582532271345,0.40978577313924747,0.41431749519362815,-0.1934770667399066,-0.4675775885745674,-0.39939577039274915,-0.3231310079648449,115631.61686349905,0.956966829299926
2.3663361713814886,2.367261741279868,0.3271958253227135,0.40978577313924747,0.41431749519362815,-0.20347706673990662,-0.4675775885745674,-0.39939577039274915,-0.34313100796484486,115154.61686349905,0.9614767551422112
2.4063361713814886,2.4072617412798683,0.35719582532271354,0.37978577313924744,0.3843174951936281,-0.20347706673990662,-0.4675775885745674,-0.39939577039274915,-0.35313100796484487,114735.61686349905,0.9654659748077385
2.4563361713814884,2.4672617412798683,0.34719582532271354,0.3497857731392474,0.3443174951936281,-0.20347706673990662,-0.4675775885745674,-0.39939577039274915,-0.35313100796484487,114536.61686349905,0.968809795379638
2.4963361713814884,2.5072617412798683,0.38719582532271357,0.3297857731392474,0.3343174951936282,-0.21347706673990657,-0.4775775885745674,-0.4193957703927491,-0.35313100796484487,114329.61686349905,0.9695248126983671
2.5363361713814885,2.537261741279868,0.4071958253227136,0.3097857731392475,0.31431749519362817,-0.21347706673990657,-0.48757758857456734,-0.4193957703927491,-0.34313100796484486,114020.61686349905,0.9728910446166985
2.5663361713814887,2.5672617412798684,0.4371958253227134,0.28978577313924747,0.29431749519362815,-0.22347706673990658,-0.48757758857456734,-0.4193957703927491,-0.35313100796484487,113503.61686349905,0.9780516147613518
2.6063361713814883,2.617261741279868,0.48719582532271344,0.26978577313924745,0.27431749519362814,-0.2434770667399066,-0.48757758857456734,-0.4293957703927491,-0.3631310079648449,113014.61686349905,0.9813072204589837
2.6363361713814886,2.6372617412798682,0.5171958253227135,0.2497857731392474,0.2543174951936281,-0.2434770667399066,-0.49757758857456735,-0.4293957703927491,-0.3731310079648449,112847.61686349905,0.9823154926300077
2.6563361713814886,2.6572617412798683,0.5171958253227135,0.2397857731392474,0.24431749519362808,-0.2434770667399066,-0.49757758857456735,-0.4293957703927491,-0.3731310079648449,112344.61686349905,0.9857177257537835
2.6663361713814884,2.6772617412798683,0.5471958253227135,0.2297857731392474,0.23431749519362813,-0.2434770667399066,-0.49757758857456735,-0.43939577039274913,-0.3831310079648449,112625.61686349905,0.9897458076477044
2.6763361713814886,2.6772617412798683,0.5671958253227135,0.21978577313924744,0.22431749519362812,-0.2434770667399066,-0.49757758857456735,-0.4293957703927491,-0.3831310079648449,112948.61686349905,0.993719291687011
2.6863361713814884,2.6972617412798683,0.6071958253227135,0.19978577313924742,0.2043174951936281,-0.2534770667399066,-0.49757758857456735,-0.4293957703927491,-0.3831310079648449,113063.61686349905,0.993719291687011
2.7063361713814884,2.707261741279868,0.6071958253227135,0.1697857731392474,0.17431749519362813,-0.2534770667399066,-0.49757758857456735,-0.4293957703927491,-0.3831310079648449,113850.61686349905,0.9977457046508782
2.7063361713814884,2.707261741279868,0.6371958253227136,0.1697857731392474,0.17431749519362813,-0.2534770667399066,-0.48757758857456734,-0.4293957703927491,-0.3931310079648449,113973.61686349905,1.0020303249359124
2.7163361713814886,2.7172617412798683,0.7071958253227134,0.15978577313924744,0.16431749519362812,-0.26347706673990656,-0.49757758857456735,-0.4293957703927491,-0.3931310079648449,114334.61686349905,1.0052980899810784
2.7163361713814886,2.727261741279868,0.6971958253227134,0.13978577313924742,0.1443174951936281,-0.26347706673990656,-0.48757758857456734,-0.4193957703927491,-0.3931310079648449,114867.61686349905,1.006367635726928
2.7163361713814886,2.727261741279868,0.7271958253227134,0.1297857731392474,0.1443174951936281,-0.2534770667399066,-0.49757758857456735,-0.4293957703927491,-0.3931310079648449,115242.61686349905,1.0095655441284173
2.7263361713814884,2.7372617412798683,0.7571958253227135,0.1297857731392474,0.1343174951936281,-0.2534770667399066,-0.5075775885745674,-0.43939577039274913,-0.3931310079648449,116021.61686349905,1.0144588470458977
2.7263361713814884,2.7372617412798683,0.7571958253227135,0.1097857731392474,0.12431749519362809,-0.26347706673990656,-0.5175775885745674,-0.45939577039274915,-0.3931310079648449,116420.61686349905,1.0184592723846428
2.7363361713814887,2.747261741279868,0.7871958253227135,0.09978577313924744,0.11431749519362813,-0.26347706673990656,-0.5275775885745674,-0.45939577039274915,-0.4031310079648449,116873.61686349905,1.0184592723846428
2.7263361713814884,2.747261741279868,0.7871958253227135,0.07978577313924742,0.09431749519362811,-0.26347706673990656,-0.5275775885745674,-0.45939577039274915,-0.3931310079648449,117396.61686349905,1.022746992111209
2.7363361713814887,2.747261741279868,0.7771958253227135,0.06978577313924741,0.0843174951936281,-0.26347706673990656,-0.5375775885745674,-0.4693957703927491,-0.3931310079648449,117931.61686349905,1.025798034667968
2.7263361713814884,2.7372617412798683,0.7871958253227135,0.059785773139247406,0.06431749519362809,-0.27347706673990657,-0.5375775885745674,-0.4693957703927491,-0.4031310079648449,118398.61686349905,1.0308713436126702
2.7263361713814884,2.727261741279868,0.7971958253227135,0.0497857731392474,0.06431749519362809,-0.27347706673990657,-0.5475775885745673,-0.4793957703927491,-0.3931310079648449,119013.61686349905,1.0308713436126702
2.7163361713814886,2.7172617412798683,0.8171958253227135,0.03978577313924744,0.044317495193628126,-0.2834770667399066,-0.5475775885745673,-0.4793957703927491,-0.4031310079648449,120522.61686349905,1.034871292114257
2.6963361713814886,2.707261741279868,0.8371958253227135,0.03978577313924744,0.054317495193628135,-0.27347706673990657,-0.5475775885745673,-0.4793957703927491,-0.3931310079648449,120889.61686349905,1.0389000892639153
2.6763361713814886,2.687261741279868,0.8471958253227135,0.0497857731392474,0.054317495193628135,-0.26347706673990656,-0.5375775885745674,-0.4693957703927491,-0.3931310079648449,119982.61686349905,1.0421990871429436
2.6563361713814886,2.667261741279868,0.8971958253227136,0.0497857731392474,0.06431749519362809,-0.26347706673990656,-0.5175775885745674,-0.45939577039274915,-0.3831310079648449,118275.61686349905,1.0464815616607694
2.6563361713814886,2.667261741279868,0.8671958253227136,0.0497857731392474,0.06431749519362809,-0.2534770667399066,-0.5275775885745674,-0.4693957703927491,-0.3731310079648449,117172.61686349905,1.0475434780120878
2.6563361713814886,2.6572617412798683,0.8771958253227136,0.03978577313924744,0.054317495193628135,-0.2534770667399066,-0.5275775885745674,-0.4693957703927491,-0.3831310079648449,116799.61686349905,1.0511924743652301
2.6263361713814883,2.627261741279868,0.9071958253227136,0.0497857731392474,0.06431749519362809,-0.2534770667399066,-0.5275775885745674,-0.45939577039274915,-0.3731310079648449,116786.61686349905,1.0558218479156487
2.5963361713814885,2.597261741279868,0.9071958253227136,0.0497857731392474,0.06431749519362809,-0.2534770667399066,-0.5175775885745674,-0.45939577039274915,-0.3731310079648449,116631.61686349905,1.0588352203369134
2.5363361713814885,2.5472617412798684,0.8971958253227136,0.059785773139247406,0.0743174951936281,-0.2434770667399066,-0.5275775885745674,-0.45939577039274915,-0.3631310079648449,116236.61686349905,1.0594417572021477
2.4663361713814886,2.477261741279868,0.8871958253227136,0.08978577313924743,0.10431749519362812,-0.2534770667399066,-0.5175775885745674,-0.45939577039274915,-0.3631310079648449,116161.61686349905,1.0624653816223102
2.4363361713814884,2.4472617412798683,0.8771958253227136,0.08978577313924743,0.10431749519362812,-0.2334770667399066,-0.5275775885745674,-0.4693957703927491,-0.3731310079648449,116394.61686349905,1.0674681186676054
2.3863361713814886,2.397261741279868,0.8871958253227136,0.08978577313924743,0.11431749519362813,-0.2334770667399066,-0.5275775885745674,-0.45939577039274915,-0.3631310079648449,116561.61686349905,1.0714973926544182
2.3863361713814886,2.397261741279868,0.9071958253227136,0.1097857731392474,0.11431749519362813,-0.2334770667399066,-0.5275775885745674,-0.4693957703927491,-0.3631310079648449,115950.61686349905,1.0714973926544182
2.3463361713814885,2.367261741279868,0.8871958253227136,0.1197857731392474,0.1343174951936281,-0.22347706673990658,-0.5175775885745674,-0.45939577039274915,-0.35313100796484487,114913.61686349905,1.074488830566409
2.3363361713814883,2.347261741279868,0.9071958253227136,0.1297857731392474,0.1443174951936281,-0.20347706673990662,-0.5275775885745674,-0.45939577039274915,-0.35313100796484487,113420.61686349905,1.0792650699615471
2.3063361713814885,2.327261741279868,0.9171958253227134,0.13978577313924742,0.16431749519362812,-0.20347706673990662,-0.49757758857456735,-0.4293957703927491,-0.33313100796484485,110843.61686349905,1.0843080997467034
2.2863361713814885,2.2972617412798684,0.9371958253227134,0.15978577313924744,0.17431749519362813,-0.20347706673990662,-0.49757758857456735,-0.43939577039274913,-0.33313100796484485,108946.61686349905,1.0843080997467034
2.2863361713814885,2.2972617412798684,0.9271958253227134,0.15978577313924744,0.18431749519362808,-0.1834770667399066,-0.48757758857456734,-0.4293957703927491,-0.33313100796484485,107651.61686349905,1.0879146575927727
2.2463361713814884,2.267261741279868,0.9571958253227134,0.1797857731392474,0.1943174951936281,-0.21347706673990657,-0.49757758857456735,-0.4293957703927491,-0.33313100796484485,107178.61686349905,1.0921303749084466
2.1963361713814886,2.207261741279868,0.9471958253227134,0.1797857731392474,0.2043174951936281,-0.20347706673990662,-0.5075775885745674,-0.43939577039274913,-0.33313100796484485,106729.61686349905,1.096191358566287
2.1063361713814883,2.127261741279868,0.9171958253227134,0.20978577313924743,0.23431749519362813,-0.1834770667399066,-0.5175775885745674,-0.44939577039274914,-0.3231310079648449,106458.61686349905,1.096191358566287
2.0163361713814885,2.037261741279868,0.8571958253227135,0.21978577313924744,0.24431749519362808,-0.16347706673990658,-0.5175775885745674,-0.43939577039274913,-0.33313100796484485,106347.61686349905,1.1001915454864495
1.8963361713814884,1.9072617412798683,0.8271958253227135,0.2497857731392474,0.27431749519362814,-0.16347706673990658,-0.5175775885745674,-0.43939577039274913,-0.33313100796484485,106448.61686349905,1.1034683704376214
1.7963361713814887,1.8072617412798682,0.7871958253227135,0.3097857731392475,0.31431749519362817,-0.15347706673990658,-0.5175775885745674,-0.44939577039274914,-0.3231310079648449,106721.61686349905,1.108190965652465
1.7063361713814884,1.727261741279868,0.7771958253227135,0.3397857731392474,0.3643174951936281,-0.16347706673990658,-0.4775775885745674,-0.4193957703927491,-0.3231310079648449,106312.61686349905,1.1119670391082757
1.6663361713814888,1.6772617412798683,0.7371958253227134,0.3497857731392474,0.3743174951936281,-0.15347706673990658,-0.4775775885745674,-0.4193957703927491,-0.3031310079648449,105673.61686349905,1.1125237464904778
1.6163361713814886,1.6372617412798682,0.7471958253227134,0.39978577313924746,0.42431749519362816,-0.14347706673990662,-0.4675775885745674,-0.39939577039274915,-0.3031310079648449,103764.61686349905,1.116902303695678
1.5863361713814887,1.5972617412798682,0.7471958253227134,0.4197857731392475,0.43431749519362817,-0.1234770667399066,-0.4675775885745674,-0.39939577039274915,-0.29313100796484487,102107.61686349905,1.1202845096588128
1.5663361713814887,1.5772617412798682,0.7571958253227135,0.4297857731392475,0.4543174951936282,-0.1334770667399066,-0.44757758857456736,-0.37939577039274913,-0.3031310079648449,101096.61686349905,1.1243719577789264
1.5163361713814885,1.5372617412798681,0.7671958253227135,0.4497857731392474,0.4543174951936282,-0.1234770667399066,-0.4575775885745674,-0.38939577039274914,-0.3031310079648449,100567.61686349905,1.1243719577789264
1.4763361713814884,1.497261741279868,0.7571958253227135,0.4797857731392474,0.5043174951936281,-0.1134770667399066,-0.4675775885745674,-0.38939577039274914,-0.3031310079648449,100220.61686349905,1.1294855594635003
1.4363361713814888,1.4372617412798683,0.7071958253227134,0.5097857731392474,0.5243174951936281,-0.10347706673990659,-0.44757758857456736,-0.37939577039274913,-0.3031310079648449,100105.61686349905,1.1322576522827106
1.3563361713814888,1.3572617412798682,0.6571958253227136,0.5497857731392475,0.5843174951936282,-0.09347706673990658,-0.43757758857456736,-0.3693957703927491,-0.29313100796484487,99698.61686349905,1.1367048740386956
1.3063361713814885,1.3172617412798682,0.6171958253227136,0.5797857731392474,0.6043174951936281,-0.0634770667399066,-0.4175775885745674,-0.3493957703927491,-0.29313100796484487,99015.61686349905,1.1377813339233391
1.2563361713814887,1.2772617412798681,0.5971958253227135,0.6197857731392474,0.6443174951936281,-0.0634770667399066,-0.3975775885745674,-0.33939577039274915,-0.2831310079648449,98974.61686349905,1.1411926269531278
1.2263361713814884,1.247261741279868,0.5771958253227135,0.6797857731392475,0.7043174951936282,-0.07347706673990662,-0.3975775885745674,-0.32939577039274914,-0.2831310079648449,98675.61686349905,1.1451932907104485
1.1763361713814886,1.1872617412798683,0.5571958253227135,0.7397857731392474,0.7643174951936281,-0.03347706673990658,-0.38757758857456737,-0.31939577039274913,-0.2731310079648449,98296.61686349905,1.1492044448852532
1.1363361713814886,1.1472617412798682,0.5671958253227135,0.7997857731392475,0.8343174951936282,-0.07347706673990662,-0.38757758857456737,-0.31939577039274913,-0.2831310079648449,97757.61686349905,1.1492044448852532
1.1563361713814886,1.1672617412798683,0.49719582532271345,0.8197857731392475,0.8543174951936282,-0.03347706673990658,-0.38757758857456737,-0.32939577039274914,-0.2731310079648449,96490.61686349905,1.1537518024444573
1.1163361713814886,1.1272617412798682,0.5171958253227135,0.8697857731392475,0.8943174951936282,-0.03347706673990658,-0.38757758857456737,-0.32939577039274914,-0.2731310079648449,95345.61686349905,1.157063436508178
1.0963361713814885,1.1072617412798682,0.5071958253227135,0.9197857731392474,0.9443174951936281,-0.023477066739906627,-0.38757758857456737,-0.32939577039274914,-0.2731310079648449,94736.61686349905,1.1616916179656975
1.0963361713814885,1.1072617412798682,0.4671958253227134,0.9497857731392474,0.9843174951936281,0.01652293326009341,-0.4075775885745674,-0.32939577039274914,-0.2731310079648449,94303.61686349905,1.1616916179656975
1.0563361713814885,1.0672617412798682,0.48719582532271344,0.9997857731392474,1.014317495193628,0.026522933260093418,-0.38757758857456737,-0.31939577039274913,-0.2631310079648449,94088.61686349905,1.1660360813140862
1.0463361713814887,1.0572617412798682,0.4571958253227134,0.9997857731392474,1.024317495193628,0.046522933260093435,-0.38757758857456737,-0.31939577039274913,-0.2631310079648449,93993.61686349905,1.1693255424499505
0.9963361713814886,0.9972617412798681,0.38719582532271357,1.0597857731392475,1.084317495193628,0.056522933260093444,-0.38757758857456737,-0.31939577039274913,-0.2731310079648449,94088.61686349905,1.1744243621826165
0.9563361713814885,0.9672617412798681,0.34719582532271354,1.0897857731392475,1.104317495193628,0.06652293326009345,-0.38757758857456737,-0.31939577039274913,-0.2631310079648449,94119.61686349905,1.1744243621826165
0.9463361713814887,0.9472617412798683,0.3171958253227135,1.1297857731392476,1.1443174951936281,0.06652293326009345,-0.4075775885745674,-0.33939577039274915,-0.2731310079648449,94424.61686349905,1.1774403572082512
0.9163361713814887,0.9172617412798683,0.2971958253227135,1.1797857731392474,1.204317495193628,0.06652293326009345,-0.4075775885745674,-0.3493957703927491,-0.2731310079648449,94735.61686349905,1.1815545082092278
0.8763361713814887,0.8872617412798682,0.25719582532271346,1.2097857731392474,1.224317495193628,0.08652293326009336,-0.4175775885745674,-0.3493957703927491,-0.2631310079648449,95144.61686349905,1.186534833908084
0.9063361713814887,0.9172617412798683,0.21719582532271342,1.2197857731392474,1.234317495193628,0.09652293326009337,-0.42757758857456735,-0.3593957703927491,-0.2631310079648449,95535.61686349905,1.1895801544189446
0.8963361713814887,0.9072617412798683,0.1871958253227134,1.2197857731392474,1.244317495193628,0.10652293326009338,-0.4175775885745674,-0.3493957703927491,-0.2631310079648449,95466.61686349905,1.1895801544189446
0.8963361713814887,0.9072617412798683,0.1571958253227136,1.2297857731392474,1.244317495193628,0.07652293326009335,-0.4075775885745674,-0.3593957703927491,-0.2731310079648449,95963.61686349905,1.1940092563629143
0.8463361713814886,0.8572617412798682,0.12719582532271356,1.2797857731392475,1.294317495193628,0.07652293326009335,-0.4075775885745674,-0.33939577039274915,-0.2631310079648449,96262.61686349905,1.1983286857604973
0.8363361713814886,0.8472617412798682,0.09719582532271354,1.2897857731392475,1.294317495193628,0.056522933260093444,-0.4075775885745674,-0.3493957703927491,-0.2631310079648449,96443.61686349905,1.2021502971649163
0.8263361713814886,0.8272617412798682,0.017195825322713465,1.2797857731392475,1.284317495193628,0.026522933260093418,-0.4175775885745674,-0.33939577039274915,-0.2731310079648449,97548.61686349905,1.2029964447021477
0.8263361713814886,0.8272617412798682,0.017195825322713465,1.2697857731392475,1.284317495193628,0.026522933260093418,-0.4075775885745674,-0.32939577039274914,-0.2631310079648449,98235.61686349905,1.206584882736209
0.8263361713814886,0.8372617412798682,-0.012804174677286562,1.2597857731392474,1.274317495193628,-0.013477066739906618,-0.4075775885745674,-0.33939577039274915,-0.2731310079648449,98948.61686349905,1.2106163024902301
0.8363361713814886,0.8372617412798682,-0.0628041746772865,1.2897857731392475,1.294317495193628,0.01652293326009341,-0.4075775885745674,-0.33939577039274915,-0.2731310079648449,99559.61686349905,1.2145864486694329
0.8263361713814886,0.8172617412798682,-0.08280417467728651,1.2297857731392474,1.244317495193628,-0.04347706673990659,-0.3975775885745674,-0.32939577039274914,-0.2831310079648449,100920.61686349905,1.2145864486694329
0.8763361713814887,0.8872617412798682,-0.0728041746772865,1.2097857731392474,1.214317495193628,-0.0634770667399066,-0.3975775885745674,-0.32939577039274914,-0.2631310079648449,101929.61686349905,1.2197327136993366
0.8563361713814887,0.8672617412798682,-0.11280417467728654,1.2197857731392474,1.224317495193628,-0.0534770667399066,-0.4175775885745674,-0.33939577039274915,-0.2531310079648449,102652.61686349905,1.2229778289794915
0.8863361713814887,0.8872617412798682,-0.14280417467728657,1.1697857731392474,1.184317495193628,-0.07347706673990662,-0.4075775885745674,-0.33939577039274915,-0.2631310079648449,103615.61686349905,1.2269901752471917
0.8963361713814887,0.8972617412798682,-0.16280417467728647,1.1197857731392475,1.1243174951936281,-0.07347706673990662,-0.36757758857456735,-0.3093957703927491,-0.2531310079648449,104458.61686349905,1.228153181076049
0.9563361713814885,0.9672617412798681,-0.16280417467728647,1.0797857731392475,1.094317495193628,-0.0634770667399066,-0.37757758857456736,-0.3093957703927491,-0.2531310079648449,105255.61686349905,1.231220912933349
1.0063361713814887,1.0072617412798681,-0.2028041746772865,1.0497857731392475,1.064317495193628,-0.0534770667399066,-0.36757758857456735,-0.2993957703927491,-0.24313100796484488,105904.61686349905,1.2350327491760247
1.0763361713814885,1.0772617412798682,-0.2028041746772865,1.0097857731392474,1.024317495193628,-0.0634770667399066,-0.35757758857456734,-0.2893957703927491,-0.24313100796484488,106637.61686349905,1.2400738716125481
1.1163361713814886,1.1172617412798682,-0.1828041746772865,0.9997857731392474,1.014317495193628,-0.07347706673990662,-0.35757758857456734,-0.2793957703927491,-0.2531310079648449,107248.61686349905,1.2400738716125481
1.1463361713814888,1.1472617412798682,-0.16280417467728647,0.9897857731392474,0.9943174951936281,-0.07347706673990662,-0.35757758857456734,-0.2893957703927491,-0.2531310079648449,108029.61686349905,1.2430533885955803
1.2163361713814886,1.217261741279868,-0.15280417467728646,0.9697857731392474,0.9743174951936281,-0.0634770667399066,-0.36757758857456735,-0.2993957703927491,-0.2531310079648449,108612.61686349905,1.2480568408966093
1.2763361713814887,1.2672617412798681,-0.14280417467728657,0.9497857731392474,0.9543174951936281,-0.0634770667399066,-0.36757758857456735,-0.2993957703927491,-0.2531310079648449,109041.61686349905,1.2518844127654987
1.3463361713814885,1.3572617412798682,-0.12280417467728655,0.9097857731392474,0.924317495193628,-0.07347706673990662,-0.37757758857456736,-0.3093957703927491,-0.2531310079648449,109250.61686349905,1.2555467605590849
1.3963361713814888,1.4072617412798683,-0.09280417467728652,0.8997857731392473,0.914317495193628,-0.08347706673990662,-0.38757758857456737,-0.3093957703927491,-0.2631310079648449,109437.61686349905,1.2569102764129632
1.4763361713814884,1.477261741279868,-0.052804174677286486,0.8697857731392475,0.8743174951936282,-0.10347706673990659,-0.38757758857456737,-0.31939577039274913,-0.2731310079648449,109370.61686349905,1.2589342117309563
1.5263361713814887,1.5372617412798681,-0.03280417467728647,0.8397857731392475,0.8543174951936282,-0.10347706673990659,-0.3975775885745674,-0.32939577039274914,-0.2731310079648449,109267.61686349905,1.2647063255310087
1.5963361713814885,1.5972617412798682,-0.04280417467728648,0.8297857731392475,0.8343174951936282,-0.09347706673990658,-0.38757758857456737,-0.32939577039274914,-0.2631310079648449,108912.61686349905,1.2677080154418974
1.6563361713814886,1.6672617412798683,0.03719582532271348,0.7997857731392475,0.8143174951936282,-0.09347706673990658,-0.38757758857456737,-0.32939577039274914,-0.2631310079648449,108277.61686349905,1.2677080154418974
1.7163361713814886,1.717261741279868,0.04719582532271349,0.7897857731392475,0.8043174951936282,-0.10347706673990659,-0.4075775885745674,-0.33939577039274915,-0.2631310079648449,107876.61686349905,1.2712656974792473
1.8063361713814885,1.8172617412798682,0.11719582532271355,0.7397857731392474,0.7543174951936281,-0.09347706673990658,-0.4175775885745674,-0.3493957703927491,-0.2731310079648449,107239.61686349905,1.276265096664428
1.8663361713814886,1.8672617412798682,0.12719582532271356,0.7297857731392474,0.7343174951936281,-0.10347706673990659,-0.42757758857456735,-0.3593957703927491,-0.2731310079648449,106550.61686349905,1.2798532962799065
1.9363361713814884,1.9272617412798683,0.16719582532271338,0.6997857731392474,0.7143174951936281,-0.1134770667399066,-0.43757758857456736,-0.37939577039274913,-0.2831310079648449,106417.61686349905,1.280579757690429
1.9963361713814884,2.0072617412798683,0.1971958253227134,0.6897857731392475,0.6843174951936282,-0.1334770667399066,-0.43757758857456736,-0.3693957703927491,-0.2831310079648449,106710.61686349905,1.284584712982177
2.0463361713814887,2.0472617412798684,0.26719582532271346,0.6597857731392475,0.6643174951936281,-0.15347706673990658,-0.43757758857456736,-0.3693957703927491,-0.29313100796484487,106131.61686349905,1.2878558158874505
2.0863361713814883,2.087261741279868,0.2771958253227135,0.6397857731392474,0.6343174951936281,-0.14347706673990662,-0.42757758857456735,-0.3693957703927491,-0.29313100796484487,106056.61686349905,1.2921375751495354
2.1563361713814886,2.167261741279868,0.3071958253227135,0.5897857731392474,0.6043174951936281,-0.15347706673990658,-0.44757758857456736,-0.38939577039274914,-0.3031310079648449,105921.61686349905,1.2932080745697014
2.1963361713814886,2.207261741279868,0.34719582532271354,0.5797857731392474,0.5743174951936282,-0.16347706673990658,-0.44757758857456736,-0.38939577039274914,-0.3031310079648449,105660.61686349905,1.2963709354400592
2.2463361713814884,2.247261741279868,0.35719582532271354,0.5497857731392475,0.5443174951936282,-0.16347706673990658,-0.44757758857456736,-0.37939577039274913,-0.3231310079648449,105743.61686349905,1.3003322601318352
2.3063361713814885,2.307261741279868,0.35719582532271354,0.49978577313924744,0.5043174951936281,-0.1834770667399066,-0.44757758857456736,-0.38939577039274914,-0.3131310079648449,105046.61686349905,1.3053614616394071
2.3363361713814883,2.347261741279868,0.4071958253227136,0.4597857731392474,0.4643174951936281,-0.1734770667399066,-0.44757758857456736,-0.38939577039274914,-0.3231310079648449,104613.61686349905,1.3053614616394071
2.4063361713814886,2.4072617412798683,0.4271958253227134,0.4297857731392475,0.42431749519362816,-0.1834770667399066,-0.44757758857456736,-0.38939577039274914,-0.33313100796484485,104676.61686349905,1.3084654331207268
2.4363361713814884,2.4472617412798683,0.4371958253227134,0.39978577313924746,0.39431749519362813,-0.1834770667399066,-0.4575775885745674,-0.39939577039274915,-0.34313100796484486,104359.61686349905,1.312971782684329
2.4863361713814887,2.497261741279868,0.5171958253227135,0.37978577313924744,0.3843174951936281,-0.1934770667399066,-0.4675775885745674,-0.39939577039274915,-0.34313100796484486,104476.61686349905,1.3173233985900872
2.5263361713814887,2.5272617412798684,0.5471958253227135,0.3597857731392474,0.3643174951936281,-0.20347706673990662,-0.4675775885745674,-0.39939577039274915,-0.34313100796484486,103765.61686349905,1.3206324100494378
2.5363361713814885,2.537261741279868,0.5871958253227135,0.3397857731392474,0.3443174951936281,-0.20347706673990662,-0.4675775885745674,-0.4093957703927491,-0.3631310079648449,103088.61686349905,1.3213293075561516
2.5763361713814885,2.577261741279868,0.6371958253227136,0.3197857731392475,0.3243174951936282,-0.21347706673990657,-0.4675775885745674,-0.4093957703927491,-0.3631310079648449,102473.61686349905,1.326046180725097
2.6063361713814883,2.617261741279868,0.6671958253227134,0.28978577313924747,0.29431749519362815,-0.2334770667399066,-0.4675775885745674,-0.4093957703927491,-0.3631310079648449,102052.61686349905,1.330001783370971
2.6363361713814886,2.6372617412798682,0.6871958253227134,0.26978577313924745,0.27431749519362814,-0.2534770667399066,-0.48757758857456734,-0.4193957703927491,-0.3631310079648449,101879.61686349905,1.332262706756591
2.6563361713814886,2.667261741279868,0.7871958253227135,0.2497857731392474,0.2643174951936281,-0.2434770667399066,-0.48757758857456734,-0.4193957703927491,-0.3731310079648449,101678.61686349905,1.3333384513854973
2.6863361713814884,2.687261741279868,0.8071958253227135,0.2397857731392474,0.24431749519362808,-0.2434770667399066,-0.48757758857456734,-0.4193957703927491,-0.3831310079648449,101295.61686349905,1.337355327606204
2.7063361713814884,2.707261741279868,0.8671958253227136,0.21978577313924744,0.23431749519362813,-0.2434770667399066,-0.48757758857456734,-0.4293957703927491,-0.3631310079648449,100854.61686349905,1.3415619850158684
2.7263361713814884,2.7372617412798683,0.9271958253227134,0.19978577313924742,0.2043174951936281,-0.2534770667399066,-0.48757758857456734,-0.4293957703927491,-0.3731310079648449,100209.61686349905,1.3455147266387932
2.7463361713814884,2.747261741279868,0.9271958253227134,0.19978577313924742,0.2043174951936281,-0.2534770667399066,-0.48757758857456734,-0.4293957703927491,-0.3831310079648449,99914.61686349905,1.3465699672698968
2.7463361713814884,2.7572617412798683,0.9971958253227134,0.1797857731392474,0.18431749519362808,-0.2534770667399066,-0.49757758857456735,-0.43939577039274913,-0.3731310079648449,99313.61686349905,1.3497383117675774
2.7663361713814885,2.787261741279868,1.0471958253227132,0.1797857731392474,0.18431749519362808,-0.26347706673990656,-0.49757758857456735,-0.43939577039274913,-0.3731310079648449,98718.61686349905,1.353779506683349
2.7863361713814885,2.807261741279868,1.1071958253227132,0.15978577313924744,0.16431749519362812,-0.26347706673990656,-0.5075775885745674,-0.44939577039274914,-0.3831310079648449,98097.61686349905,1.3578397750854485
2.8163361713814887,2.827261741279868,1.1271958253227132,0.13978577313924742,0.1443174951936281,-0.26347706673990656,-0.5075775885745674,-0.44939577039274914,-0.3831310079648449,97170.61686349905,1.358728122711181
2.8163361713814887,2.827261741279868,1.1471958253227132,0.1197857731392474,0.1343174951936281,-0.26347706673990656,-0.5175775885745674,-0.45939577039274915,-0.3831310079648449,96649.61686349905,1.3621503829956083
2.8263361713814885,2.837261741279868,1.1771958253227135,0.1197857731392474,0.1343174951936281,-0.26347706673990656,-0.5175775885745674,-0.45939577039274915,-0.3831310079648449,96146.61686349905,1.366329622268676
2.8263361713814885,2.847261741279868,1.2171958253227135,0.1197857731392474,0.1343174951936281,-0.27347706673990657,-0.5275775885745674,-0.4693957703927491,-0.3831310079648449,95509.61686349905,1.3703839302062981
2.8263361713814885,2.847261741279868,1.2671958253227134,0.1097857731392474,0.12431749519362809,-0.26347706673990656,-0.5375775885745674,-0.4693957703927491,-0.3831310079648449,95004.61686349905,1.3713759899139362
2.8363361713814883,2.847261741279868,1.2671958253227134,0.1097857731392474,0.11431749519362813,-0.26347706673990656,-0.5375775885745674,-0.4793957703927491,-0.3831310079648449,94381.61686349905,1.374993038177486
2.8363361713814883,2.847261741279868,1.2771958253227136,0.09978577313924744,0.11431749519362813,-0.26347706673990656,-0.5475775885745673,-0.4893957703927491,-0.3931310079648449,93830.61686349905,1.3782088279724114
2.8363361713814883,2.847261741279868,1.3171958253227132,0.09978577313924744,0.11431749519362813,-0.2834770667399066,-0.5475775885745673,-0.4793957703927491,-0.3931310079648449,93373.61686349905,1.3827790737152093
2.8263361713814885,2.837261741279868,1.3271958253227134,0.07978577313924742,0.10431749519362812,-0.2834770667399066,-0.5375775885745674,-0.4793957703927491,-0.3931310079648449,92906.61686349905,1.3837949752807646
2.8263361713814885,2.837261741279868,1.3571958253227132,0.07978577313924742,0.09431749519362811,-0.2834770667399066,-0.5475775885745673,-0.4893957703927491,-0.3931310079648449,91909.61686349905,1.3868155002593987
2.8263361713814885,2.837261741279868,1.3771958253227132,0.07978577313924742,0.09431749519362811,-0.27347706673990657,-0.5575775885745673,-0.4893957703927491,-0.4031310079648449,91288.61686349905,1.3909918785095243
2.8163361713814887,2.837261741279868,1.3771958253227132,0.059785773139247406,0.0743174951936281,-0.27347706673990657,-0.5675775885745673,-0.4993957703927491,-0.3931310079648449,91151.61686349905,1.3949663162231438
2.7963361713814887,2.807261741279868,1.3671958253227134,0.0497857731392474,0.0743174951936281,-0.2834770667399066,-0.5575775885745673,-0.5093957703927492,-0.4031310079648449,90756.61686349905,1.3986415386199944
2.7963361713814887,2.807261741279868,1.3971958253227132,0.03978577313924744,0.054317495193628135,-0.27347706673990657,-0.5775775885745673,-0.5093957703927492,-0.4031310079648449,90511.61686349905,1.3986415386199944
2.7763361713814887,2.787261741279868,1.3971958253227132,0.03978577313924744,0.06431749519362809,-0.2834770667399066,-0.5675775885745673,-0.5093957703927492,-0.4031310079648449,90086.61686349905,1.4038819789886468
2.7363361713814887,2.747261741279868,1.3971958253227132,0.029785773139247435,0.044317495193628126,-0.2834770667399066,-0.5575775885745673,-0.4893957703927491,-0.3931310079648449,89645.61686349905,1.4074067592620878
2.7063361713814884,2.727261741279868,1.3771958253227132,0.029785773139247435,0.054317495193628135,-0.2834770667399066,-0.5775775885745673,-0.5093957703927492,-0.3931310079648449,89150.61686349905,1.4110197544097893
2.6563361713814886,2.6772617412798683,1.3671958253227134,0.03978577313924744,0.06431749519362809,-0.27347706673990657,-0.5775775885745673,-0.5193957703927492,-0.4031310079648449,88781.61686349905,1.411720705032348
2.6163361713814886,2.6372617412798682,1.3271958253227134,0.059785773139247406,0.0843174951936281,-0.2534770667399066,-0.5675775885745673,-0.5093957703927492,-0.3831310079648449,88486.61686349905,1.4157480716705315
2.5763361713814885,2.597261741279868,1.2971958253227132,0.059785773139247406,0.06431749519362809,-0.26347706673990656,-0.5975775885745673,-0.5193957703927492,-0.3931310079648449,88589.61686349905,1.4194657325744586
2.5163361713814885,2.517261741279868,1.2871958253227134,0.06978577313924741,0.0843174951936281,-0.26347706673990656,-0.5975775885745673,-0.5193957703927492,-0.3931310079648449,87984.61686349905,1.4233455181121784
2.4163361713814884,2.437261741279868,1.2371958253227135,0.09978577313924744,0.11431749519362813,-0.26347706673990656,-0.6075775885745673,-0.5393957703927491,-0.3831310079648449,87839.61686349905,1.4240450382232623
2.3563361713814883,2.367261741279868,1.2071958253227133,0.1097857731392474,0.1343174951936281,-0.2534770667399066,-0.5775775885745673,-0.5193957703927492,-0.3831310079648449,87772.61686349905,1.4280611991882317
2.2563361713814887,2.2572617412798683,1.1671958253227133,0.14978577313924743,0.17431749519362813,-0.2334770667399066,-0.5775775885745673,-0.5193957703927492,-0.3831310079648449,87391.61686349905,1.4310564517974882
2.1663361713814884,2.187261741279868,1.1171958253227134,0.15978577313924744,0.1943174951936281,-0.2434770667399066,-0.5675775885745673,-0.5093957703927492,-0.3731310079648449,87250.61686349905,1.435032558441165
2.0863361713814883,2.107261741279868,1.0671958253227132,0.1897857731392474,0.2043174951936281,-0.22347706673990658,-0.5675775885745673,-0.4993957703927491,-0.3631310079648449,86977.61686349905,1.436035346984859
1.9663361713814886,1.9872617412798683,1.0171958253227134,0.19978577313924742,0.22431749519362812,-0.2334770667399066,-0.5575775885745673,-0.4993957703927491,-0.3731310079648449,87010.61686349905,1.4394115924835198
1.9063361713814886,1.917261741279868,0.9771958253227134,0.19978577313924742,0.23431749519362813,-0.2334770667399066,-0.5575775885745673,-0.4993957703927491,-0.3731310079648449,87369.61686349905,1.4433311939239495
1.8063361713814885,1.8272617412798682,0.9671958253227134,0.2497857731392474,0.2643174951936281,-0.2334770667399066,-0.5475775885745673,-0.4893957703927491,-0.3831310079648449,87040.61686349905,1.4483427524566643
1.7263361713814884,1.737261741279868,0.9471958253227134,0.3197857731392475,0.3343174951936282,-0.2334770667399066,-0.5675775885745673,-0.4893957703927491,-0.3731310079648449,86745.61686349905,1.4483427524566643
1.6263361713814888,1.6272617412798682,0.8571958253227135,0.3197857731392475,0.3443174951936281,-0.1834770667399066,-0.5575775885745673,-0.4993957703927491,-0.3731310079648449,86432.61686349905,1.4518849372863762
1.5663361713814887,1.5872617412798682,0.7871958253227135,0.3597857731392474,0.3743174951936281,-0.16347706673990658,-0.5575775885745673,-0.4893957703927491,-0.3631310079648449,86095.61686349905,1.4557494640350335
1.4763361713814884,1.497261741279868,0.7971958253227135,0.37978577313924744,0.40431749519362814,-0.1734770667399066,-0.5375775885745674,-0.4693957703927491,-0.3631310079648449,85778.61686349905,1.4600364685058587
1.4563361713814884,1.477261741279868,0.7671958253227135,0.38978577313924745,0.40431749519362814,-0.1734770667399066,-0.5375775885745674,-0.4693957703927491,-0.35313100796484487,85615.61686349905,1.464007091522216
1.4063361713814886,1.4172617412798683,0.6971958253227134,0.4397857731392475,0.4643174951936281,-0.15347706673990658,-0.5375775885745674,-0.4693957703927491,-0.34313100796484486,85378.61686349905,1.464007091522216
1.3463361713814885,1.3472617412798682,0.6371958253227136,0.4797857731392474,0.5043174951936281,-0.1234770667399066,-0.5275775885745674,-0.4693957703927491,-0.3231310079648449,84691.61686349905,1.4680034637451165
1.2763361713814887,1.2772617412798681,0.6471958253227136,0.5397857731392475,0.5643174951936282,-0.1734770667399066,-0.49757758857456735,-0.4293957703927491,-0.33313100796484485,84472.61686349905,1.4730035781860344
1.2163361713814886,1.237261741279868,0.6371958253227136,0.5397857731392475,0.5643174951936282,-0.16347706673990658,-0.4775775885745674,-0.4093957703927491,-0.33313100796484485,84243.61686349905,1.476002883911132
1.1663361713814888,1.1772617412798683,0.6471958253227136,0.6197857731392474,0.6343174951936281,-0.1134770667399066,-0.4775775885745674,-0.4093957703927491,-0.3231310079648449,84122.61686349905,1.4770032882690423
1.1063361713814888,1.1172617412798682,0.5971958253227135,0.6797857731392475,0.7043174951936282,-0.09347706673990658,-0.4675775885745674,-0.39939577039274915,-0.33313100796484485,83829.61686349905,1.4810060977935784
1.0963361713814885,1.1072617412798682,0.5771958253227135,0.6897857731392475,0.7343174951936281,-0.10347706673990659,-0.4675775885745674,-0.38939577039274914,-0.34313100796484486,83616.61686349905,1.4852842807769768
1.0563361713814885,1.0672617412798682,0.5771958253227135,0.7397857731392474,0.7643174951936281,-0.08347706673990662,-0.4675775885745674,-0.38939577039274914,-0.33313100796484485,82965.61686349905,1.4886598110198968
1.0163361713814885,1.0272617412798681,0.5771958253227135,0.7997857731392475,0.8343174951936282,-0.09347706673990658,-0.4575775885745674,-0.38939577039274914,-0.33313100796484485,82420.61686349905,1.4892844676971393
0.9963361713814886,0.9972617412798681,0.5371958253227135,0.8697857731392475,0.904317495193628,-0.0634770667399066,-0.4575775885745674,-0.38939577039274914,-0.33313100796484485,81777.61686349905,1.4938902378082268
0.9163361713814887,0.9372617412798683,0.5071958253227135,1.0197857731392475,1.034317495193628,-0.023477066739906627,-0.4575775885745674,-0.38939577039274914,-0.3231310079648449,81088.61686349905,1.4978901863098173
0.9063361713814887,0.9172617412798683,0.5071958253227135,1.0397857731392475,1.054317495193628,-0.0534770667399066,-0.4675775885745674,-0.38939577039274914,-0.3131310079648449,81091.61686349905,1.5011715412139885
0.9063361713814887,0.9072617412798683,0.5371958253227135,1.0997857731392475,1.114317495193628,-0.03347706673990658,-0.4675775885745674,-0.38939577039274914,-0.3131310079648449,80900.61686349905,1.5021674156188958
0.8663361713814887,0.8772617412798682,0.5771958253227135,1.1297857731392476,1.154317495193628,-0.013477066739906618,-0.4675775885745674,-0.38939577039274914,-0.33313100796484485,79919.61686349905,1.5052957057952874
0.8463361713814886,0.8572617412798682,0.5471958253227135,1.2197857731392474,1.234317495193628,-0.003477066739906609,-0.4775775885745674,-0.39939577039274915,-0.33313100796484485,79428.61686349905,1.5098492622375481
0.8263361713814886,0.8472617412798682,0.5571958253227135,1.2797857731392475,1.314317495193628,0.026522933260093418,-0.4775775885745674,-0.39939577039274915,-0.33313100796484485,79309.61686349905,1.5136677742004387
0.8363361713814886,0.8472617412798682,0.5671958253227135,1.3397857731392475,1.364317495193628,0.056522933260093444,-0.4775775885745674,-0.4093957703927491,-0.34313100796484486,78584.61686349905,1.5136677742004387
0.8363361713814886,0.8472617412798682,0.5771958253227135,1.4097857731392474,1.424317495193628,0.08652293326009336,-0.48757758857456734,-0.4193957703927491,-0.34313100796484486,77711.61686349905,1.518553686141967
0.8263361713814886,0.8372617412798682,0.5571958253227135,1.4697857731392474,1.494317495193628,0.1265229332600934,-0.5075775885745674,-0.43939577039274913,-0.33313100796484485,77484.61686349905,1.5215460777282708
0.8263361713814886,0.8472617412798682,0.5971958253227135,1.5297857731392475,1.534317495193628,0.09652293326009337,-0.5075775885745674,-0.43939577039274913,-0.34313100796484486,77283.61686349905,1.5258349895477288
0.8663361713814887,0.8672617412798682,0.5871958253227135,1.5397857731392475,1.544317495193628,0.09652293326009337,-0.5175775885745674,-0.44939577039274914,-0.34313100796484486,76238.61686349905,1.526593875885009
0.8863361713814887,0.8972617412798682,0.6171958253227136,1.5697857731392475,1.594317495193628,0.1265229332600934,-0.5375775885745674,-0.4693957703927491,-0.3231310079648449,75365.61686349905,1.5306064605712884
0.9263361713814887,0.9372617412798683,0.6371958253227136,1.5797857731392475,1.594317495193628,0.1265229332600934,-0.5275775885745674,-0.4693957703927491,-0.3231310079648449,74550.61686349905,1.5335919380187981
0.9363361713814887,0.9372617412798683,0.6171958253227136,1.6297857731392476,1.6343174951936281,0.15652293326009342,-0.5375775885745674,-0.4693957703927491,-0.33313100796484485,74147.61686349905,1.538608026504516
0.9763361713814885,0.9772617412798681,0.6171958253227136,1.6397857731392473,1.6343174951936281,0.1265229332600934,-0.5375775885745674,-0.4693957703927491,-0.3231310079648449,73634.61686349905,1.5417448997497551
0.9863361713814885,1.0072617412798681,0.6471958253227136,1.6497857731392473,1.654317495193628,0.20652293326009336,-0.5375775885745674,-0.4693957703927491,-0.34313100796484486,72987.61686349905,1.5427925109863274
1.0363361713814885,1.0472617412798682,0.6771958253227134,1.6497857731392473,1.664317495193628,0.18652293326009345,-0.5475775885745673,-0.4793957703927491,-0.34313100796484486,72152.61686349905,1.5458840847015374
1.0863361713814887,1.0872617412798682,0.6671958253227134,1.6497857731392473,1.664317495193628,0.22652293326009337,-0.5475775885745673,-0.4893957703927491,-0.33313100796484485,71481.61686349905,1.5503956794738762
1.1263361713814888,1.1472617412798682,0.6871958253227134,1.6397857731392473,1.654317495193628,0.2465229332600934,-0.5475775885745673,-0.4793957703927491,-0.34313100796484486,71028.61686349905,1.5541061878204303
1.1563361713814886,1.1672617412798683,0.7071958253227134,1.6497857731392473,1.654317495193628,0.2465229332600934,-0.5675775885745673,-0.4993957703927491,-0.33313100796484485,70689.61686349905,1.555069160461425
1.2163361713814886,1.227261741279868,0.7371958253227134,1.6297857731392476,1.654317495193628,0.2565229332600934,-0.5875775885745673,-0.5193957703927492,-0.34313100796484486,70588.61686349905,1.5590705394744866
1.2863361713814885,1.2872617412798681,0.7171958253227134,1.6197857731392475,1.6243174951936281,0.2665229332600934,-0.5875775885745673,-0.5293957703927491,-0.35313100796484487,70143.61686349905,1.5625278472900384
1.3263361713814885,1.3372617412798682,0.7371958253227134,1.6097857731392475,1.614317495193628,0.29652293326009344,-0.5975775885745673,-0.5393957703927491,-0.35313100796484487,69344.61686349905,1.566713762283328
1.3963361713814888,1.4072617412798683,0.7171958253227134,1.5797857731392475,1.584317495193628,0.31652293326009345,-0.6175775885745673,-0.5493957703927491,-0.35313100796484487,68501.61686349905,1.56770915985107
1.4763361713814884,1.487261741279868,0.6771958253227134,1.5397857731392475,1.554317495193628,0.33652293326009336,-0.6175775885745673,-0.5493957703927491,-0.34313100796484486,68286.61686349905,1.5715615272521966
1.5463361713814887,1.5472617412798682,0.7071958253227134,1.5097857731392474,1.524317495193628,0.3565229332600934,-0.6175775885745673,-0.5493957703927491,-0.33313100796484485,68017.61686349905,1.5750271797180169
1.5863361713814887,1.5872617412798682,0.7071958253227134,1.4897857731392474,1.504317495193628,0.3765229332600934,-0.6175775885745673,-0.5593957703927491,-0.34313100796484486,67766.61686349905,1.579405498504638
1.6563361713814886,1.6672617412798683,0.7371958253227134,1.4497857731392474,1.454317495193628,0.33652293326009336,-0.6275775885745674,-0.5593957703927491,-0.34313100796484486,67513.61686349905,1.579405498504638
1.7163361713814886,1.717261741279868,0.7771958253227135,1.4297857731392474,1.444317495193628,0.32652293326009335,-0.6275775885745674,-0.5593957703927491,-0.35313100796484487,67216.61686349905,1.583353948593139
1.7663361713814885,1.7772617412798681,0.8371958253227135,1.4197857731392474,1.424317495193628,0.30652293326009344,-0.6375775885745674,-0.5693957703927491,-0.3631310079648449,66959.61686349905,1.5878726959228509
1.8263361713814885,1.837261741279868,0.8571958253227135,1.3697857731392475,1.3843174951936281,0.30652293326009344,-0.6475775885745674,-0.5693957703927491,-0.35313100796484487,66538.61686349905,1.5916060924530022
1.8863361713814886,1.8872617412798682,0.8871958253227136,1.3297857731392475,1.344317495193628,0.2665229332600934,-0.6375775885745674,-0.5793957703927491,-0.35313100796484487,66483.61686349905,1.592618894577022
1.9463361713814886,1.9472617412798683,0.9371958253227134,1.2797857731392475,1.294317495193628,0.23652293326009338,-0.6475775885745674,-0.5793957703927491,-0.35313100796484487,66416.61686349905,1.5956060409545891
2.0063361713814887,2.0072617412798683,0.9271958253227134,1.2497857731392474,1.264317495193628,0.2665229332600934,-0.6575775885745674,-0.5893957703927492,-0.35313100796484487,66609.61686349905,1.6000766277313225
2.0563361713814885,2.057261741279868,0.9671958253227134,1.2197857731392474,1.234317495193628,0.23652293326009338,-0.6575775885745674,-0.5993957703927492,-0.35313100796484487,66332.61686349905,1.604209375381469
2.1163361713814886,2.117261741279868,0.9971958253227134,1.1797857731392474,1.194317495193628,0.23652293326009338,-0.6675775885745674,-0.5993957703927492,-0.35313100796484487,66293.61686349905,1.6075126647949247
2.1863361713814884,2.187261741279868,1.0671958253227132,1.1297857731392476,1.1343174951936281,0.21652293326009336,-0.6675775885745674,-0.5993957703927492,-0.35313100796484487,66594.61686349905,1.608209323883056
2.2363361713814887,2.2372617412798683,1.0971958253227134,1.0797857731392475,1.094317495193628,0.18652293326009345,-0.6675775885745674,-0.5993957703927492,-0.3631310079648449,66587.61686349905,1.6122095108032184
2.2863361713814885,2.287261741279868,1.1671958253227133,1.0397857731392475,1.054317495193628,0.15652293326009342,-0.6675775885745674,-0.5993957703927492,-0.3631310079648449,66458.61686349905,1.6167451858520465
2.3263361713814885,2.327261741279868,1.2171958253227135,1.0097857731392474,1.024317495193628,0.1265229332600934,-0.6675775885745674,-0.5993957703927492,-0.3631310079648449,66673.61686349905,1.6199244976043694
2.3863361713814886,2.377261741279868,1.2871958253227134,0.9597857731392474,0.9743174951936281,0.08652293326009336,-0.6675775885745674,-0.5993957703927492,-0.3731310079648449,66862.61686349905,1.6210000038146966
2.4163361713814884,2.4272617412798683,1.3271958253227134,0.9197857731392474,0.9343174951936281,0.046522933260093435,-0.6575775885745674,-0.5893957703927492,-0.3731310079648449,67147.61686349905,1.6240560531616204
2.4563361713814884,2.4472617412798683,1.3671958253227134,0.8997857731392473,0.904317495193628,0.01652293326009341,-0.6675775885745674,-0.5993957703927492,-0.3731310079648449,67154.61686349905,1.6284300804138176
2.4963361713814884,2.497261741279868,1.4271958253227135,0.8397857731392475,0.8543174951936282,-0.023477066739906627,-0.6675775885745674,-0.5993957703927492,-0.3831310079648449,67521.61686349905,1.6322335720062249
2.5363361713814885,2.537261741279868,1.4871958253227135,0.8097857731392475,0.8143174951936282,-0.04347706673990659,-0.6575775885745674,-0.5993957703927492,-0.3831310079648449,67744.61686349905,1.6332885742187493
2.5763361713814885,2.587261741279868,1.5671958253227132,0.7597857731392474,0.7643174951936281,-0.08347706673990662,-0.6575775885745674,-0.5893957703927492,-0.3831310079648449,68067.61686349905,1.6363000392913811
2.6163361713814886,2.617261741279868,1.5971958253227134,0.7197857731392474,0.7243174951936281,-0.09347706673990658,-0.6575775885745674,-0.5993957703927492,-0.3931310079648449,68162.61686349905,1.6403669834136956
2.6663361713814884,2.667261741279868,1.6371958253227135,0.6897857731392475,0.6943174951936282,-0.1134770667399066,-0.6575775885745674,-0.5993957703927492,-0.4031310079648449,68723.61686349905,1.6454693794250481
2.7063361713814884,2.707261741279868,1.6771958253227135,0.6297857731392474,0.6343174951936281,-0.1334770667399066,-0.6575775885745674,-0.5993957703927492,-0.3931310079648449,69046.61686349905,1.6457211494445794
2.7563361713814887,2.767261741279868,1.7371958253227135,0.5797857731392474,0.5843174951936282,-0.1734770667399066,-0.6675775885745674,-0.5993957703927492,-0.3931310079648449,68965.61686349905,1.6487547874450676
2.7763361713814887,2.787261741279868,1.7871958253227134,0.5597857731392475,0.5643174951936282,-0.1734770667399066,-0.6575775885745674,-0.5893957703927492,-0.3931310079648449,68930.61686349905,1.6528851509094196
2.8063361713814885,2.807261741279868,1.8271958253227134,0.5297857731392475,0.5443174951936282,-0.1834770667399066,-0.6475775885745674,-0.5893957703927492,-0.3931310079648449,68921.61686349905,1.6568884372711175
2.8363361713814883,2.847261741279868,1.8571958253227132,0.4897857731392474,0.4943174951936281,-0.1834770667399066,-0.6575775885745674,-0.5893957703927492,-0.3931310079648449,68592.61686349905,1.657887411117553
2.8763361713814883,2.8872617412798682,1.8771958253227132,0.4597857731392474,0.4643174951936281,-0.20347706673990662,-0.6475775885745674,-0.5893957703927492,-0.3931310079648449,69065.61686349905,1.6609329700469964
2.8963361713814884,2.9072617412798683,1.9171958253227133,0.4297857731392475,0.43431749519362817,-0.22347706673990658,-0.6575775885745674,-0.5893957703927492,-0.3931310079648449,69242.61686349905,1.6661428928375273
2.9263361713814886,2.937261741279868,1.9771958253227133,0.38978577313924745,0.39431749519362813,-0.2334770667399066,-0.6475775885745674,-0.5793957703927491,-0.3931310079648449,69255.61686349905,1.6693384170532184
2.9463361713814886,2.9672617412798683,1.9971958253227133,0.3497857731392474,0.3543174951936281,-0.2334770667399066,-0.6375775885745674,-0.5793957703927491,-0.3931310079648449,68882.61686349905,1.6703962802886956
2.9863361713814887,2.997261741279868,2.0171958253227134,0.3197857731392475,0.3343174951936282,-0.2434770667399066,-0.6375775885745674,-0.5793957703927491,-0.3931310079648449,68235.61686349905,1.6737749099731438
2.9963361713814884,3.017261741279868,2.067195825322713,0.28978577313924747,0.30431749519362816,-0.2534770667399066,-0.6375775885745674,-0.5793957703927491,-0.3831310079648449,68158.61686349905,1.6780974388122551
3.0063361713814887,3.0272617412798684,2.0971958253227134,0.27978577313924746,0.28431749519362814,-0.27347706673990657,-0.6275775885745674,-0.5693957703927491,-0.3831310079648449,68179.61686349905,1.6820721149444573
3.0363361713814885,3.0472617412798684,2.1271958253227132,0.25978577313924744,0.27431749519362814,-0.26347706673990656,-0.6375775885745674,-0.5693957703927491,-0.3831310079648449,68006.61686349905,1.6848942756652825
3.0463361713814887,3.0672617412798684,2.1571958253227135,0.2297857731392474,0.24431749519362808,-0.2834770667399066,-0.6275775885745674,-0.5693957703927491,-0.3831310079648449,67547.61686349905,1.6848942756652825
3.0563361713814885,3.0672617412798684,2.1771958253227135,0.2297857731392474,0.23431749519362813,-0.27347706673990657,-0.6275775885745674,-0.5693957703927491,-0.3831310079648449,67094.61686349905,1.688944768905639
3.0563361713814885,3.0672617412798684,2.1971958253227135,0.20978577313924743,0.22431749519362812,-0.2834770667399066,-0.6175775885745673,-0.5593957703927491,-0.3831310079648449,66573.61686349905,1.694161128997802
3.0663361713814887,3.087261741279868,2.2271958253227133,0.19978577313924742,0.2143174951936281,-0.2834770667399066,-0.6275775885745674,-0.5693957703927491,-0.3831310079648449,66228.61686349905,1.6981629848480182
3.0963361713814885,3.117261741279868,2.2871958253227134,0.1797857731392474,0.18431749519362808,-0.2934770667399066,-0.6375775885745674,-0.5793957703927491,-0.3831310079648449,65689.61686349905,1.6981629848480182
3.1263361713814883,3.1372617412798682,2.317195825322713,0.15978577313924744,0.16431749519362812,-0.2934770667399066,-0.6475775885745674,-0.5793957703927491,-0.3931310079648449,65300.61686349904,1.7017907619476311
3.1163361713814886,3.1372617412798682,2.337195825322713,0.15978577313924744,0.17431749519362813,-0.2934770667399066,-0.6375775885745674,-0.5793957703927491,-0.3831310079648449,64807.61686349904,1.7058386325836175
3.1363361713814886,3.147261741279868,2.357195825322713,0.13978577313924742,0.1443174951936281,-0.3034770667399066,-0.6375775885745674,-0.5793957703927491,-0.3831310079648449,64280.61686349904,1.7100677013397245
3.1463361713814884,3.1572617412798683,2.3871958253227135,0.1197857731392474,0.1443174951936281,-0.3034770667399066,-0.6375775885745674,-0.5793957703927491,-0.3831310079648449,63591.61686349904,1.7108549594879143
3.1363361713814886,3.1572617412798683,2.3971958253227132,0.1197857731392474,0.1443174951936281,-0.3034770667399066,-0.6475775885745674,-0.5893957703927492,-0.3831310079648449,63186.61686349904,1.714877796173095
3.1263361713814883,3.1572617412798683,2.4171958253227133,0.09978577313924744,0.12431749519362809,-0.3034770667399066,-0.6375775885745674,-0.5793957703927491,-0.3831310079648449,62489.61686349904,1.7188772678375273
3.1363361713814886,3.1572617412798683,2.4571958253227133,0.08978577313924743,0.10431749519362812,-0.3134770667399066,-0.6475775885745674,-0.5793957703927491,-0.3831310079648449,61806.61686349904,1.7228769779205315
3.1263361713814883,3.147261741279868,2.4671958253227135,0.09978577313924744,0.12431749519362809,-0.3034770667399066,-0.6475775885745674,-0.5793957703927491,-0.3831310079648449,61041.61686349904,1.7228769779205315
3.1063361713814883,3.1372617412798682,2.4871958253227135,0.09978577313924744,0.12431749519362809,-0.3034770667399066,-0.6275775885745674,-0.5693957703927491,-0.3831310079648449,60024.61686349904,1.7268757343292194
3.0863361713814883,3.107261741279868,2.5071958253227136,0.08978577313924743,0.11431749519362813,-0.3034770667399066,-0.6075775885745673,-0.5593957703927491,-0.3831310079648449,59269.61686349904,1.7304903984069782
3.0663361713814887,3.087261741279868,2.5271958253227136,0.1097857731392474,0.12431749519362809,-0.3134770667399066,-0.6275775885745674,-0.5693957703927491,-0.3831310079648449,58568.61686349904,1.7349407196044915
3.0463361713814887,3.0672617412798684,2.5271958253227136,0.09978577313924744,0.1343174951936281,-0.3034770667399066,-0.6175775885745673,-0.5593957703927491,-0.3831310079648449,57709.61686349904,1.7349407196044915
3.0063361713814887,3.037261741279868,2.5371958253227134,0.1197857731392474,0.1443174951936281,-0.2934770667399066,-0.6275775885745674,-0.5593957703927491,-0.3831310079648449,56466.61686349904,1.739412498474124
2.9763361713814884,3.0072617412798683,2.547195825322713,0.13978577313924742,0.16431749519362812,-0.2934770667399066,-0.6075775885745673,-0.5393957703927491,-0.3831310079648449,55461.61686349904,1.74343295097351
2.9263361713814886,2.957261741279868,2.547195825322713,0.15978577313924744,0.18431749519362808,-0.2934770667399066,-0.5875775885745673,-0.5293957703927491,-0.3831310079648449,54538.61686349904,1.7477128028869622
2.8963361713814884,2.9272617412798683,2.547195825322713,0.1797857731392474,0.2143174951936281,-0.2834770667399066,-0.5775775885745673,-0.5293957703927491,-0.3831310079648449,53719.61686349904,1.7507371425628655
2.8263361713814885,2.867261741279868,2.5271958253227136,0.21978577313924744,0.24431749519362808,-0.26347706673990656,-0.5575775885745673,-0.5093957703927492,-0.3831310079648449,52374.61686349904,1.7517425537109368
2.7863361713814885,2.827261741279868,2.5171958253227134,0.25978577313924744,0.28431749519362814,-0.2534770667399066,-0.5375775885745674,-0.4893957703927491,-0.3831310079648449,51195.61686349904,1.7560278892517083
2.7363361713814887,2.767261741279868,2.5071958253227136,0.2997857731392475,0.3243174951936282,-0.2334770667399066,-0.5375775885745674,-0.4793957703927491,-0.3831310079648449,50130.61686349904,1.7599772930145292
2.6863361713814884,2.7172617412798683,2.4871958253227135,0.3497857731392474,0.3743174951936281,-0.22347706673990658,-0.5175775885745674,-0.4693957703927491,-0.3731310079648449,49031.61686349904,1.7632867813110344
2.6163361713814886,2.647261741279868,2.4871958253227135,0.37978577313924744,0.40431749519362814,-0.21347706673990657,-0.48757758857456734,-0.4293957703927491,-0.3731310079648449,48352.61686349904,1.7640208721160882
2.5563361713814885,2.587261741279868,2.4671958253227135,0.4397857731392475,0.4643174951936281,-0.1934770667399066,-0.4775775885745674,-0.4293957703927491,-0.3731310079648449,47381.61686349904,1.7681188106536894
2.4863361713814887,2.5072617412798683,2.4371958253227133,0.49978577313924744,0.5243174951936281,-0.16347706673990658,-0.43757758857456736,-0.39939577039274915,-0.3731310079648449,46550.61686349904,1.771394920349124
2.4063361713814886,2.4272617412798683,2.4271958253227135,0.5597857731392475,0.5843174951936282,-0.15347706673990658,-0.42757758857456735,-0.38939577039274914,-0.3731310079648449,45429.61686349904,1.7753757953643792
2.3263361713814885,2.357261741279868,2.3871958253227135,0.6197857731392474,0.6543174951936281,-0.10347706673990659,-0.4075775885745674,-0.3593957703927491,-0.3731310079648449,44438.61686349904,1.7761373043060331
2.2463361713814884,2.287261741279868,2.3471958253227134,0.6997857731392474,0.7243174951936281,-0.08347706673990662,-0.3975775885745674,-0.3493957703927491,-0.3731310079648449,43979.61686349904,1.7803909301757805
2.1663361713814884,2.1972617412798683,2.317195825322713,0.7697857731392475,0.7943174951936282,-0.0534770667399066,-0.37757758857456736,-0.33939577039274915,-0.3631310079648449,42950.61686349904,1.7835721492767327
2.0963361713814885,2.127261741279868,2.2771958253227136,0.8397857731392475,0.8643174951936282,-0.03347706673990658,-0.36757758857456735,-0.31939577039274913,-0.3631310079648449,41763.61686349904,1.788481426239013
2.0163361713814885,2.057261741279868,2.2371958253227135,0.9297857731392474,0.9643174951936281,-0.013477066739906618,-0.35757758857456734,-0.2993957703927491,-0.35313100796484487,41648.61686349904,1.788481426239013
1.9263361713814886,1.957261741279868,2.1971958253227135,1.0097857731392474,1.024317495193628,0.036522933260093426,-0.3375775885745673,-0.2993957703927491,-0.35313100796484487,40881.61686349904,1.7925285816192584
1.8363361713814883,1.877261741279868,2.1571958253227135,1.0797857731392475,1.114317495193628,0.06652293326009345,-0.3075775885745674,-0.2693957703927491,-0.35313100796484487,40008.61686349904,1.7970773696899407
1.7463361713814884,1.7872617412798681,2.107195825322713,1.1597857731392474,1.184317495193628,0.10652293326009338,-0.2875775885745674,-0.24939577039274907,-0.34313100796484486,39069.61686349904,1.800296258926391
1.7063361713814884,1.737261741279868,2.0571958253227134,1.2297857731392474,1.254317495193628,0.1265229332600934,-0.2875775885745674,-0.24939577039274907,-0.34313100796484486,38680.61686349904,1.801350545883178
1.5963361713814885,1.6372617412798682,2.0171958253227134,1.3097857731392475,1.324317495193628,0.16652293326009343,-0.26757758857456737,-0.23939577039274917,-0.33313100796484485,38295.61686349904,1.8048994064331048
1.5463361713814887,1.5972617412798682,1.9671958253227135,1.3697857731392475,1.3943174951936281,0.22652293326009337,-0.26757758857456737,-0.22939577039274917,-0.33313100796484485,37896.61686349904,1.8090846061706571
1.4863361713814887,1.5172617412798681,1.9371958253227133,1.4397857731392474,1.454317495193628,0.2565229332600934,-0.26757758857456737,-0.21939577039274916,-0.33313100796484485,37629.61686349904,1.8131031513214104
1.4263361713814886,1.457261741279868,1.8771958253227132,1.4997857731392474,1.524317495193628,0.2865229332600934,-0.24757758857456735,-0.20939577039274915,-0.33313100796484485,37648.61686349904,1.8164131164550774
1.3363361713814887,1.3772617412798682,1.8271958253227134,1.5797857731392475,1.604317495193628,0.32652293326009335,-0.23757758857456734,-0.19939577039274914,-0.33313100796484485,37115.61686349904,1.8164131164550774
1.2863361713814885,1.3172617412798682,1.7871958253227134,1.6397857731392473,1.654317495193628,0.3565229332600934,-0.24757758857456735,-0.19939577039274914,-0.33313100796484485,36802.61686349904,1.820412349700927
1.2363361713814887,1.2772617412798681,1.7171958253227135,1.6997857731392474,1.724317495193628,0.3965229332600934,-0.23757758857456734,-0.19939577039274914,-0.3231310079648449,36785.61686349904,1.8257607936859124
1.1763361713814886,1.217261741279868,1.7171958253227135,1.7597857731392474,1.774317495193628,0.4065229332600934,-0.24757758857456735,-0.19939577039274914,-0.33313100796484485,36726.61686349904,1.8288087368011468
1.1063361713814888,1.1372617412798682,1.6671958253227133,1.8397857731392475,1.854317495193628,0.44652293326009335,-0.24757758857456735,-0.19939577039274914,-0.3231310079648449,36719.61686349904,1.8297051906585686
1.0563361713814885,1.0972617412798682,1.5971958253227134,1.8897857731392473,1.9143174951936281,0.5065229332600933,-0.25757758857456736,-0.20939577039274915,-0.3231310079648449,36570.61686349904,1.8331231594085686
1.0163361713814885,1.0572617412798682,1.5571958253227134,1.9397857731392476,1.9543174951936282,0.5565229332600934,-0.2775775885745674,-0.22939577039274917,-0.3231310079648449,36775.61686349904,1.8376147270202594
0.9563361713814885,1.0072617412798681,1.4971958253227133,2.019785773139247,2.034317495193628,0.5965229332600934,-0.2875775885745674,-0.24939577039274907,-0.3231310079648449,36540.61686349904,1.8410617828369134
0.8963361713814887,0.9372617412798683,1.4371958253227133,2.079785773139247,2.0843174951936283,0.6665229332600933,-0.2875775885745674,-0.24939577039274907,-0.3231310079648449,36713.61686349904,1.8416673660278313
0.8663361713814887,0.9072617412798683,1.3771958253227132,2.1297857731392473,2.134317495193628,0.7065229332600933,-0.3175775885745674,-0.2693957703927491,-0.3231310079648449,36974.61686349904,1.8456744670867913
0.8363361713814886,0.8672617412798682,1.3171958253227132,2.179785773139247,2.194317495193628,0.7365229332600933,-0.3375775885745673,-0.2993957703927491,-0.3231310079648449,37027.61686349904,1.849796247482299
0.8063361713814886,0.8272617412798682,1.3071958253227134,2.2297857731392474,2.2443174951936284,0.7565229332600933,-0.34757758857456733,-0.2993957703927491,-0.3231310079648449,37268.61686349904,1.8530110836029046
0.7763361713814886,0.8072617412798682,1.2271958253227133,2.2597857731392472,2.2743174951936282,0.7965229332600934,-0.35757758857456734,-0.3093957703927491,-0.3231310079648449,36893.61686349904,1.8530110836029046
0.7363361713814887,0.7672617412798681,1.1671958253227133,2.3197857731392473,2.324317495193628,0.8465229332600934,-0.4075775885745674,-0.3593957703927491,-0.3231310079648449,36876.61686349904,1.8571936607360868
0.6963361713814886,0.7172617412798682,1.1271958253227132,2.3597857731392473,2.3743174951936283,0.8865229332600932,-0.4075775885745674,-0.3593957703927491,-0.3131310079648449,37137.61686349904,1.8616494655609124
0.6763361713814886,0.7072617412798682,1.0971958253227134,2.3997857731392473,2.4143174951936284,0.9065229332600933,-0.4175775885745674,-0.3693957703927491,-0.3131310079648449,37194.61686349904,1.8656103134155266
0.6463361713814886,0.6772617412798682,1.0371958253227134,2.429785773139247,2.444317495193628,0.9465229332600933,-0.43757758857456736,-0.38939577039274914,-0.3131310079648449,37103.61686349904,1.8666629314422565
0.6263361713814887,0.6472617412798681,0.9771958253227134,2.4797857731392474,2.484317495193628,0.9665229332600933,-0.44757758857456736,-0.38939577039274914,-0.3131310079648449,36960.61686349904,1.8696507930755644
0.5963361713814886,0.6272617412798682,0.9171958253227134,2.4997857731392474,2.5043174951936282,1.0365229332600934,-0.4575775885745674,-0.39939577039274915,-0.3131310079648449,37173.61686349904,1.87473816871643
0.5963361713814886,0.6172617412798682,0.9071958253227136,2.519785773139247,2.5243174951936282,1.0565229332600934,-0.4775775885745674,-0.4093957703927491,-0.3131310079648449,37056.61686349904,1.8782391071319573
0.5763361713814886,0.5972617412798682,0.8771958253227136,2.5497857731392473,2.554317495193628,1.0765229332600934,-0.48757758857456734,-0.4293957703927491,-0.3131310079648449,36873.61686349904,1.8792509555816643
0.5463361713814886,0.5772617412798682,0.8171958253227135,2.579785773139247,2.5843174951936283,1.1265229332600935,-0.49757758857456735,-0.43939577039274913,-0.3131310079648449,36814.61686349904,1.8822860240936272
0.5163361713814886,0.5472617412798682,0.7771958253227135,2.6097857731392473,2.614317495193628,1.1365229332600932,-0.49757758857456735,-0.44939577039274914,-0.3131310079648449,36463.61686349904,1.8854531764984124
0.5163361713814886,0.5272617412798681,0.7471958253227134,2.6297857731392473,2.6443174951936284,1.1365229332600932,-0.5175775885745674,-0.45939577039274915,-0.3031310079648449,36508.61686349904,1.8908485889434843
0.47633617138148865,0.5072617412798682,0.7071958253227134,2.659785773139247,2.674317495193628,1.1765229332600933,-0.5275775885745674,-0.4693957703927491,-0.3031310079648449,36369.61686349904,1.8939699649810784
0.4463361713814886,0.4772617412798682,0.6871958253227134,2.6897857731392474,2.694317495193628,1.1965229332600933,-0.5375775885745674,-0.4793957703927491,-0.3031310079648449,36168.61686349904,1.895030927658084
0.4463361713814886,0.4672617412798682,0.6571958253227136,2.7097857731392474,2.714317495193628,1.2365229332600933,-0.5475775885745673,-0.4893957703927491,-0.3031310079648449,36391.61686349904,1.8990289688110344
0.4263361713814886,0.4472617412798682,0.6071958253227135,2.7297857731392474,2.7443174951936284,1.2865229332600934,-0.5675775885745673,-0.5093957703927492,-0.29313100796484487,36416.61686349904,1.9037224769592278
0.4163361713814886,0.43726174127986817,0.5571958253227135,2.7497857731392474,2.7643174951936285,1.3265229332600934,-0.5775775885745673,-0.5093957703927492,-0.29313100796484487,36279.61686349904,1.906666946411132
0.4063361713814886,0.42726174127986816,0.5271958253227135,2.7597857731392472,2.7643174951936285,1.3565229332600934,-0.5975775885745673,-0.5293957703927491,-0.29313100796484487,35994.61686349904,1.9077417373657255
0.3863361713814887,0.40726174127986814,0.49719582532271345,2.789785773139247,2.7943174951936283,1.3865229332600932,-0.5975775885745673,-0.5393957703927491,-0.29313100796484487,35471.61686349904,1.9111675739288323
0.35633617138148865,0.3772617412798682,0.47719582532271343,2.809785773139247,2.824317495193628,1.3865229332600932,-0.6175775885745673,-0.5493957703927491,-0.29313100796484487,35432.61686349904,1.915176582336425
0.35633617138148865,0.3772617412798682,0.4371958253227134,2.829785773139247,2.8343174951936283,1.4265229332600933,-0.6275775885745674,-0.5593957703927491,-0.29313100796484487,35603.61686349904,1.9191925048828118
0.34633617138148864,0.3572617412798682,0.4271958253227134,2.849785773139247,2.864317495193628,1.4465229332600933,-0.6375775885745674,-0.5693957703927491,-0.29313100796484487,34936.61686349904,1.9201678752899163
0.3163361713814886,0.3272617412798682,0.4471958253227134,2.8797857731392473,2.884317495193628,1.4565229332600933,-0.6475775885745674,-0.5793957703927491,-0.29313100796484487,34635.61686349904,1.9231702804565387
0.3063361713814886,0.3272617412798682,0.4071958253227136,2.8797857731392473,2.8943174951936284,1.4865229332600933,-0.6575775885745674,-0.5993957703927492,-0.29313100796484487,34320.61686349904,1.9269520759582512
0.3163361713814886,0.3272617412798682,0.35719582532271354,2.889785773139247,2.8943174951936284,1.5165229332600931,-0.6675775885745674,-0.5993957703927492,-0.29313100796484487,33883.61686349904,1.9316496372222893
0.3063361713814886,0.31726174127986817,0.34719582532271354,2.889785773139247,2.904317495193628,1.5265229332600934,-0.6775775885745674,-0.6093957703927491,-0.29313100796484487,33782.61686349904,1.9316496372222893
0.28633617138148865,0.29726174127986815,0.3071958253227135,2.9197857731392474,2.9343174951936284,1.5565229332600932,-0.6975775885745674,-0.6293957703927491,-0.2831310079648449,33777.61686349904,1.9358942031860344
0.27633617138148864,0.2772617412798682,0.2871958253227135,2.949785773139247,2.964317495193628,1.5765229332600932,-0.7075775885745674,-0.6393957703927491,-0.2831310079648449,33540.61686349904,1.939529371261596
0.2563361713814886,0.2772617412798682,0.24719582532271345,2.9397857731392474,2.9543174951936284,1.5965229332600932,-0.7075775885745674,-0.6393957703927491,-0.2831310079648449,33193.61686349904,1.9435581684112542
0.26633617138148863,0.2772617412798682,0.23719582532271344,2.9597857731392474,2.9743174951936284,1.5965229332600932,-0.7275775885745673,-0.6493957703927491,-0.2831310079648449,32992.61686349904,1.9435581684112542
0.26633617138148863,0.2772617412798682,0.22719582532271343,2.969785773139247,2.984317495193628,1.6065229332600934,-0.7375775885745673,-0.6693957703927491,-0.2831310079648449,32853.61686349904,1.9477710247039788
0.2463361713814886,0.2572617412798682,0.1971958253227134,2.969785773139247,2.984317495193628,1.6165229332600932,-0.7275775885745673,-0.6593957703927491,-0.2831310079648449,32692.61686349904,1.9523708343505852
0.2463361713814886,0.2572617412798682,0.17719582532271339,2.969785773139247,2.9743174951936284,1.6465229332600935,-0.7475775885745674,-0.6693957703927491,-0.2831310079648449,32625.61686349904,1.9559063434600823
0.2463361713814886,0.2572617412798682,0.17719582532271339,2.9597857731392474,2.9743174951936284,1.5965229332600932,-0.7375775885745673,-0.6593957703927491,-0.2731310079648449,32434.61686349904,1.959944438934329
0.2363361713814886,0.24726174127986816,0.1871958253227134,2.949785773139247,2.964317495193628,1.6165229332600932,-0.7475775885745674,-0.6693957703927491,-0.2731310079648449,32089.61686349904,1.9609333992004387
0.2363361713814886,0.23726174127986815,0.1571958253227136,2.949785773139247,2.964317495193628,1.6265229332600935,-0.7375775885745673,-0.6593957703927491,-0.2731310079648449,31778.61686349904,1.964111280441287
0.22633617138148865,0.23726174127986815,0.16719582532271338,2.949785773139247,2.964317495193628,1.6165229332600932,-0.7375775885745673,-0.6593957703927491,-0.2631310079648449,31659.61686349904,1.9682492733001666
0.20633617138148863,0.2172617412798682,0.11719582532271355,2.9397857731392474,2.9543174951936284,1.6065229332600934,-0.7175775885745673,-0.6493957703927491,-0.2631310079648449,31634.61686349904,1.97225017547607
0.21633617138148864,0.2272617412798682,0.12719582532271356,2.9197857731392474,2.9343174951936284,1.6165229332600932,-0.7175775885745673,-0.6393957703927491,-0.2631310079648449,31343.61686349904,1.9732546329498284
0.19633617138148862,0.20726174127986818,0.11719582532271355,2.929785773139247,2.944317495193628,1.6265229332600935,-0.7075775885745674,-0.6393957703927491,-0.2531310079648449,31366.61686349904,1.9762496471404987
0.1863361713814886,0.19726174127986817,0.10719582532271354,2.9197857731392474,2.944317495193628,1.6265229332600935,-0.6975775885745674,-0.6293957703927491,-0.2531310079648449,31281.61686349904,1.9812545299530022
0.1763361713814886,0.19726174127986817,0.06719582532271351,2.8997857731392473,2.9143174951936284,1.6165229332600932,-0.6875775885745674,-0.6093957703927491,-0.24313100796484488,30898.61686349904,1.9845323085784905
0.1763361713814886,0.18726174127986817,0.04719582532271349,2.8797857731392473,2.8943174951936284,1.6265229332600935,-0.6775775885745674,-0.6093957703927491,-0.24313100796484488,30755.61686349904,1.9854344844818108
0.16633617138148865,0.1672617412798682,0.06719582532271351,2.869785773139247,2.8943174951936284,1.6065229332600934,-0.6675775885745674,-0.5993957703927492,-0.24313100796484488,30610.61686349904,1.989118289947509
0.16633617138148865,0.17726174127986816,0.08719582532271353,2.8397857731392473,2.8543174951936283,1.5865229332600934,-0.6575775885745674,-0.5793957703927491,-0.24313100796484488,30039.61686349904,1.9931056022644071
0.15633617138148864,0.1572617412798682,0.07719582532271352,2.809785773139247,2.8343174951936283,1.5965229332600932,-0.6275775885745674,-0.5593957703927491,-0.23313100796484487,29584.61686349904,1.997104358673095
0.15633617138148864,0.1672617412798682,0.04719582532271349,2.7997857731392473,2.824317495193628,1.5965229332600932,-0.6275775885745674,-0.5593957703927491,-0.23313100796484487,29249.61686349904,1.997104358673095
0.15633617138148864,0.1672617412798682,0.0571958253227135,2.769785773139247,2.784317495193628,1.5865229332600934,-0.6075775885745673,-0.5493957703927491,-0.23313100796484487,29152.61686349904,2.0011054992675774
0.15633617138148864,0.1672617412798682,0.04719582532271349,2.7297857731392474,2.7543174951936282,1.5765229332600932,-0.5875775885745673,-0.5193957703927492,-0.23313100796484487,29235.61686349904,2.0050007820129387
0.15633617138148864,0.1672617412798682,0.03719582532271348,2.719785773139247,2.7443174951936284,1.5865229332600934,-0.5775775885745673,-0.5193957703927492,-0.23313100796484487,29032.61686349904,2.0093073368072503
0.15633617138148864,0.1572617412798682,0.03719582532271348,2.679785773139247,2.714317495193628,1.5565229332600932,-0.5575775885745673,-0.4993957703927491,-0.2231310079648449,28825.61686349904,2.0093073368072503
0.15633617138148864,0.1672617412798682,0.0571958253227135,2.659785773139247,2.6843174951936284,1.5465229332600934,-0.5275775885745674,-0.4693957703927491,-0.2231310079648449,28306.61686349904,2.013050508499145
0.14633617138148863,0.1572617412798682,0.0571958253227135,2.6097857731392473,2.6443174951936284,1.5365229332600931,-0.49757758857456735,-0.4293957703927491,-0.2231310079648449,27985.61686349904,2.0180263042449944
0.14633617138148863,0.1572617412798682,0.07719582532271352,2.559785773139247,2.5843174951936283,1.5365229332600931,-0.4675775885745674,-0.39939577039274915,-0.2231310079648449,27446.61686349904,2.0211421966552727
0.12633617138148862,0.12726174127986817,0.017195825322713465,2.519785773139247,2.554317495193628,1.5465229332600934,-0.43757758857456736,-0.37939577039274913,-0.2231310079648449,27003.61686349904,2.025162649154659
0.14633617138148863,0.13726174127986818,0.017195825322713465,2.4797857731392474,2.5143174951936285,1.5265229332600934,-0.42757758857456735,-0.3593957703927491,-0.21313100796484488,26822.61686349904,2.025162649154659
0.13633617138148862,0.13726174127986818,0.0571958253227135,2.4397857731392474,2.484317495193628,1.4865229332600933,-0.3975775885745674,-0.33939577039274915,-0.21313100796484488,26455.61686349904,2.0296825885772733
0.13633617138148862,0.13726174127986818,0.04719582532271349,2.389785773139247,2.4343174951936284,1.4765229332600933,-0.34757758857456733,-0.2893957703927491,-0.20313100796484487,25920.61686349904,2.033678722381591
0.12633617138148862,0.12726174127986817,0.0571958253227135,2.3397857731392473,2.3743174951936283,1.4365229332600933,-0.3075775885745674,-0.24939577039274907,-0.18313100796484488,25509.61686349904,2.037391376495364
0.1163361713814886,0.12726174127986817,0.03719582532271348,2.2597857731392472,2.304317495193628,1.4365229332600933,-0.2775775885745674,-0.21939577039274916,-0.17313100796484487,25206.61686349904,2.037391376495364
0.10633617138148865,0.1072617412798682,0.017195825322713465,2.239785773139247,2.284317495193628,1.4365229332600933,-0.24757758857456735,-0.18939577039274913,-0.17313100796484487,24535.61686349904,2.042151403427127
0.12633617138148862,0.12726174127986817,-0.002804174677286553,2.1897857731392474,2.2243174951936284,1.4465229332600933,-0.19757758857456742,-0.13939577039274909,-0.15313100796484486,24072.61686349904,2.0465604782104485
0.09633617138148864,0.1072617412798682,-0.012804174677286562,2.139785773139247,2.174317495193628,1.4265229332600933,-0.15757758857456738,-0.09939577039274916,-0.12313100796484489,23301.61686349904,2.049581480026248
0.09633617138148864,0.0972617412798682,-0.002804174677286553,2.039785773139247,2.094317495193628,1.4065229332600933,-0.07757758857456731,-0.01939577039274909,-0.11313100796484488,22762.61686349904,2.049581480026248
0.08633617138148864,0.0972617412798682,-0.04280417467728648,1.9797857731392476,2.034317495193628,1.3765229332600935,-0.02757758857456738,0.030604229607250844,-0.05313100796484488,22517.61686349904,2.0544340133666985
0.07633617138148863,0.08726174127986819,-0.02280417467728657,1.9097857731392474,1.964317495193628,1.3165229332600934,0.03242241142543267,0.08060422960725089,0.016868992035155128,21978.61686349904,2.0583636283874505
0.06633617138148862,0.07726174127986818,-0.012804174677286562,1.8397857731392475,1.8943174951936281,1.3365229332600934,0.11242241142543263,0.16060422960725085,0.016868992035155128,21299.61686349904,2.06242294311523
0.05633617138148864,0.06726174127986817,-0.052804174677286486,1.7897857731392472,1.834317495193628,1.3265229332600934,0.1924224114254327,0.24060422960725092,0.0468689920351551,20726.61686349904,2.06242294311523
0.04633617138148863,0.04726174127986818,-0.0728041746772865,1.7197857731392474,1.774317495193628,1.2865229332600934,0.27242241142543255,0.32060422960725077,0.07686899203515513,20447.61686349904,2.0663761615753167
0.04633617138148863,0.04726174127986818,-0.09280417467728652,1.6197857731392475,1.664317495193628,1.2865229332600934,0.36242241142543263,0.41060422960725085,0.14686899203515508,19714.61686349904,2.070569229125976
0.03633617138148862,0.03726174127986817,-0.08280417467728651,1.5597857731392475,1.604317495193628,1.2465229332600933,0.4424224114254327,0.4906042296072509,0.1868689920351551,18883.61686349904,2.0743569850921624
0.03633617138148862,0.03726174127986817,-0.08280417467728651,1.4897857731392474,1.554317495193628,1.2265229332600933,0.5624224114254326,0.6006042296072508,0.24686899203515517,18640.61686349904,2.0743569850921624
0.01633617138148863,0.02726174127986819,-0.09280417467728652,1.4397857731392474,1.484317495193628,1.1765229332600933,0.6224224114254326,0.6706042296072509,0.2768689920351551,18229.61686349904,2.0787469863891594
0.01633617138148863,0.01726174127986818,-0.12280417467728655,1.3297857731392475,1.3743174951936281,1.1765229332600933,0.7624224114254325,0.800604229607251,0.33686899203515513,17514.61686349904,2.082523536682128
-0.003663828618511361,0.007261741279868172,-0.13280417467728656,1.2497857731392474,1.294317495193628,1.1465229332600932,0.8524224114254326,0.9106042296072508,0.38686899203515507,16655.61686349904,2.086552572250369
-0.01366382861851137,-0.012738258720131818,-0.13280417467728656,1.1697857731392474,1.214317495193628,1.1165229332600934,0.9724224114254327,1.000604229607251,0.4368689920351551,16288.616863499039,2.0898134231567376
-0.02366382861851138,-0.022738258720131826,-0.15280417467728646,1.1097857731392475,1.174317495193628,1.1165229332600934,1.0424224114254326,1.1006042296072507,0.48686899203515516,16109.616863499039,2.0908181190490716
-0.04366382861851137,-0.042738258720131816,-0.15280417467728646,1.0597857731392475,1.114317495193628,1.0765229332600934,1.1324224114254327,1.170604229607251,0.546868992035155,15670.616863499039,2.0948233127593987
-0.04366382861851137,-0.042738258720131816,-0.14280417467728657,1.0297857731392475,1.084317495193628,1.0465229332600934,1.1924224114254327,1.2406042296072508,0.5968689920351551,14931.616863499039,2.0988652229309075
-0.06366382861851137,-0.052738258720131825,-0.14280417467728657,0.9697857731392474,1.024317495193628,1.0065229332600933,1.2724224114254328,1.310604229607251,0.6268689920351551,14502.616863499039,2.102833700180053
-0.06366382861851137,-0.06273825872013182,-0.1828041746772865,0.9197857731392474,0.9743174951936281,0.9865229332600933,1.3324224114254328,1.3706042296072511,0.6868689920351552,14769.616863499039,2.1039034843444853
-0.06366382861851137,-0.06273825872013182,-0.17280417467728648,0.8597857731392475,0.914317495193628,0.9465229332600933,1.4024224114254327,1.4506042296072508,0.706868992035155,14876.616863499039,2.1070496559143024
-0.07366382861851137,-0.07273825872013182,-0.1928041746772865,0.8497857731392475,0.904317495193628,0.9165229332600933,1.4324224114254325,1.480604229607251,0.726868992035155,14465.616863499039,2.1111964702606194
-0.06366382861851137,-0.06273825872013182,-0.21280417467728652,0.7997857731392475,0.8543174951936282,0.8665229332600934,1.4824224114254327,1.520604229607251,0.776868992035155,14474.616863499039,2.1152646064758294
-0.07366382861851137,-0.07273825872013182,-0.21280417467728652,0.7597857731392474,0.8143174951936282,0.8565229332600934,1.5424224114254328,1.590604229607251,0.786868992035155,14519.616863499039,2.116240453720092
-0.07366382861851137,-0.07273825872013182,-0.2028041746772865,0.7097857731392474,0.7743174951936281,0.8065229332600934,1.5924224114254326,1.630604229607251,0.8368689920351551,14500.616863499039,2.119257164001464
-0.08366382861851138,-0.07273825872013182,-0.23280417467728654,0.6897857731392475,0.7543174951936281,0.7965229332600934,1.6224224114254324,1.670604229607251,0.8568689920351551,14505.616863499039,2.124355506896972
-0.08366382861851138,-0.08273825872013182,-0.22280417467728653,0.6497857731392475,0.6943174951936282,0.7465229332600933,1.6724224114254327,1.7206042296072508,0.8868689920351551,14432.616863499039,2.1275984764099114
-0.08366382861851138,-0.07273825872013182,-0.22280417467728653,0.6297857731392474,0.6743174951936282,0.7065229332600933,1.6924224114254327,1.730604229607251,0.9368689920351552,14597.616863499039,2.1275984764099114
-0.08366382861851138,-0.08273825872013182,-0.21280417467728652,0.5897857731392474,0.6443174951936281,0.6965229332600933,1.7324224114254327,1.7806042296072508,0.9368689920351552,14612.616863499039,2.131629896163936
-0.09366382861851137,-0.08273825872013182,-0.23280417467728654,0.5697857731392475,0.6143174951936281,0.6765229332600933,1.7524224114254328,1.8006042296072509,0.956868992035155,14631.616863499039,2.136711788177486
-0.08366382861851138,-0.08273825872013182,-0.23280417467728654,0.5397857731392475,0.5843174951936282,0.6665229332600933,1.7924224114254328,1.830604229607251,1.026868992035155,14694.616863499039,2.1397451877593987
-0.08366382861851138,-0.09273825872013182,-0.24280417467728654,0.5397857731392475,0.5843174951936282,0.6265229332600935,1.8124224114254328,1.8706042296072511,1.036868992035155,14451.616863499039,2.140722703933715
-0.09366382861851137,-0.09273825872013182,-0.26280417467728656,0.49978577313924744,0.5443174951936282,0.6365229332600932,1.8524224114254328,1.900604229607251,1.056868992035155,14440.616863499039,2.1447236061096184
-0.09366382861851137,-0.09273825872013182,-0.27280417467728657,0.4897857731392474,0.5443174951936282,0.6065229332600934,1.8624224114254326,1.920604229607251,1.086868992035155,14527.616863499039,2.1489994049072223
-0.09366382861851137,-0.09273825872013182,-0.3028041746772865,0.4597857731392474,0.5143174951936281,0.6065229332600934,1.8724224114254324,1.9306042296072512,1.1268689920351551,14454.616863499039,2.1522857666015653
-0.09366382861851137,-0.09273825872013182,-0.3228041746772865,0.4597857731392474,0.5143174951936281,0.5965229332600934,1.8924224114254324,1.940604229607251,1.1668689920351552,14439.616863499039,2.153375577926635
-0.09366382861851137,-0.09273825872013182,-0.3428041746772865,0.4397857731392475,0.4743174951936281,0.5865229332600934,1.9124224114254325,1.9706042296072508,1.236868992035155,14462.616863499039,2.156502437591552
-0.10366382861851137,-0.09273825872013182,-0.3428041746772865,0.40978577313924747,0.4443174951936282,0.5565229332600934,1.9324224114254325,2.000604229607251,1.256868992035155,14365.616863499039,2.161859464645385
-0.10366382861851137,-0.10273825872013181,-0.36280417467728654,0.39978577313924746,0.4443174951936282,0.5465229332600934,1.9524224114254325,2.020604229607251,1.256868992035155,14440.616863499039,2.1657263755798333
-0.10366382861851137,-0.10273825872013181,-0.35280417467728653,0.37978577313924744,0.42431749519362816,0.5265229332600934,1.9724224114254325,2.040604229607251,1.276868992035155,14337.616863499039,2.1691565036773675
-0.10366382861851137,-0.10273825872013181,-0.3228041746772865,0.38978577313924745,0.41431749519362815,0.4965229332600934,1.9824224114254327,2.040604229607251,1.306868992035155,13936.616863499039,2.1691565036773675
-0.10366382861851137,-0.10273825872013181,-0.3428041746772865,0.3397857731392474,0.3743174951936281,0.4865229332600934,2.022422411425433,2.090604229607251,1.346868992035155,14075.616863499039,2.1732830524444573
-0.10366382861851137,-0.11273825872013182,-0.35280417467728653,0.3197857731392475,0.3543174951936281,0.4865229332600934,2.0124224114254323,2.080604229607251,1.3868689920351551,13788.616863499039,2.178162765502929
-0.11366382861851138,-0.11273825872013182,-0.39280417467728657,0.3097857731392475,0.3543174951936281,0.4765229332600934,2.0124224114254323,2.080604229607251,1.446868992035155,13379.616863499039,2.181269121170047
-0.11366382861851138,-0.11273825872013182,-0.4128041746772865,0.2997857731392475,0.3243174951936282,0.41652293326009343,2.022422411425433,2.100604229607251,1.506868992035155,13594.616863499039,2.1823224544525104
-0.11366382861851138,-0.11273825872013182,-0.4328041746772865,0.26978577313924745,0.30431749519362816,0.42652293326009344,2.0424224114254326,2.110604229607251,1.516868992035155,13573.616863499039,2.185671997070312
-0.11366382861851138,-0.11273825872013182,-0.4728041746772865,0.26978577313924745,0.30431749519362816,0.3865229332600934,2.032422411425433,2.100604229607251,1.586868992035155,13288.616863499039,2.1900920391082757
-0.11366382861851138,-0.11273825872013182,-0.48280417467728654,0.2297857731392474,0.2643174951936281,0.3565229332600934,2.0424224114254326,2.110604229607251,1.6268689920351551,12885.616863499039,2.193373632431033
-0.11366382861851138,-0.11273825872013182,-0.48280417467728654,0.20978577313924743,0.2643174951936281,0.3765229332600934,2.0524224114254324,2.120604229607251,1.656868992035155,12840.616863499039,2.1940633773803704
-0.11366382861851138,-0.11273825872013182,-0.49280417467728654,0.20978577313924743,0.23431749519362813,0.33652293326009336,2.0524224114254324,2.120604229607251,1.6868689920351552,12971.616863499039,2.198062849044799
-0.12366382861851137,-0.11273825872013182,-0.5028041746772864,0.1897857731392474,0.22431749519362812,0.2665229332600934,2.0424224114254326,2.120604229607251,1.776868992035155,12778.616863499039,2.2020918846130364
-0.12366382861851137,-0.12273825872013182,-0.5328041746772865,0.1897857731392474,0.22431749519362812,0.2665229332600934,2.0424224114254326,2.120604229607251,1.8068689920351553,12399.616863499039,2.206382703781127
-0.12366382861851137,-0.12273825872013182,-0.5428041746772865,0.1797857731392474,0.2043174951936281,0.22652293326009337,2.032422411425433,2.110604229607251,1.836868992035155,12468.616863499039,2.206382703781127
-0.11366382861851138,-0.12273825872013182,-0.5228041746772865,0.14978577313924743,0.18431749519362808,0.20652293326009336,2.032422411425433,2.110604229607251,1.8468689920351549,12359.616863499039,2.210807275772094
-0.11366382861851138,-0.11273825872013182,-0.5228041746772865,0.1197857731392474,0.1443174951936281,0.15652293326009342,2.0124224114254323,2.100604229607251,1.8968689920351551,12204.616863499039,2.214982700347896
-0.11366382861851138,-0.11273825872013182,-0.5228041746772865,0.08978577313924743,0.12431749519362809,0.15652293326009342,2.022422411425433,2.100604229607251,1.926868992035155,11837.616863499039,2.2178203582763665
-0.11366382861851138,-0.11273825872013182,-0.5428041746772865,0.06978577313924741,0.10431749519362812,0.16652293326009343,2.022422411425433,2.100604229607251,1.946868992035155,11720.616863499039,2.2178203582763665
-0.11366382861851138,-0.11273825872013182,-0.5528041746772865,0.06978577313924741,0.09431749519362811,0.1365229332600934,2.0024224114254325,2.070604229607251,1.9968689920351552,11239.616863499039,2.2230929851531975
-0.11366382861851138,-0.11273825872013182,-0.5528041746772865,0.07978577313924742,0.11431749519362813,0.1265229332600934,1.9724224114254325,2.050604229607251,2.0068689920351552,10618.616863499039,2.2270912647247307
-0.12366382861851137,-0.12273825872013182,-0.5628041746772865,0.06978577313924741,0.09431749519362811,0.1265229332600934,1.9424224114254327,2.040604229607251,2.0068689920351552,10845.616863499039,2.2310912132263176
-0.12366382861851137,-0.12273825872013182,-0.5628041746772865,0.08978577313924743,0.12431749519362809,0.11652293326009339,1.9124224114254325,2.000604229607251,2.0368689920351555,10840.616863499039,2.234308671951297
-0.12366382861851137,-0.12273825872013182,-0.5728041746772865,0.059785773139247406,0.09431749519362811,0.09652293326009337,1.9224224114254327,2.010604229607251,2.0568689920351555,10637.616863499039,2.2350949764251666
-0.12366382861851137,-0.12273825872013182,-0.5828041746772865,0.0497857731392474,0.0743174951936281,0.06652293326009345,1.8924224114254324,1.9706042296072508,2.076868992035155,10374.616863499039,2.238437366485595
-0.12366382861851137,-0.12273825872013182,-0.5828041746772865,0.03978577313924744,0.06431749519362809,0.06652293326009345,1.8624224114254326,1.940604229607251,2.0668689920351553,10289.616863499039,2.2423147678375273
-0.13366382861851137,-0.1327382587201318,-0.5728041746772865,0.009785773139247417,0.044317495193628126,0.026522933260093418,1.8324224114254328,1.920604229607251,2.1268689920351553,9690.616863499039,2.2463263988494866
-0.12366382861851137,-0.12273825872013182,-0.5828041746772865,0.009785773139247417,0.044317495193628126,0.01652293326009341,1.7824224114254326,1.880604229607251,2.156868992035155,9437.616863499039,2.2473592281341546
-0.12366382861851137,-0.12273825872013182,-0.5928041746772865,-0.00021422686075259212,0.024317495193628108,0.0065229332600934,1.7624224114254325,1.8506042296072511,2.1268689920351553,9338.616863499039,2.2503704547882073
-0.12366382861851137,-0.12273825872013182,-0.5828041746772865,-0.00021422686075259212,0.0143174951936281,0.036522933260093426,1.7224224114254325,1.8006042296072509,2.1268689920351553,8801.616863499039,2.2545516014099114
-0.12366382861851137,-0.12273825872013182,-0.5828041746772865,-0.00021422686075259212,0.0143174951936281,-0.023477066739906627,1.6824224114254325,1.7806042296072508,2.136868992035155,8464.616863499039,2.2586504936218255
-0.12366382861851137,-0.12273825872013182,-0.6028041746772865,-0.020214226860752582,-0.005682504806371891,-0.03347706673990658,1.6824224114254325,1.7606042296072508,2.136868992035155,8105.616863499039,2.2586504936218255
-0.12366382861851137,-0.12273825872013182,-0.5928041746772865,-0.00021422686075259212,0.0143174951936281,-0.03347706673990658,1.6224224114254324,1.7206042296072508,2.1268689920351553,7640.616863499039,2.2628294944763176
-0.12366382861851137,-0.12273825872013182,-0.6128041746772865,-0.00021422686075259212,0.024317495193628108,-0.04347706673990659,1.6024224114254328,1.6806042296072512,2.1868689920351554,7267.616863499039,2.266336631774898
-0.12366382861851137,-0.12273825872013182,-0.6028041746772865,-0.020214226860752582,0.004317495193628118,-0.0534770667399066,1.5624224114254328,1.650604229607251,2.1868689920351554,7158.616863499039,2.2714728832244866
-0.12366382861851137,-0.12273825872013182,-0.6228041746772865,-0.010214226860752573,0.004317495193628118,-0.04347706673990659,1.5424224114254328,1.630604229607251,2.2068689920351554,7049.616863499039,2.2714728832244866
-0.12366382861851137,-0.12273825872013182,-0.6228041746772865,-0.010214226860752573,0.004317495193628118,-0.0534770667399066,1.5024224114254328,1.590604229607251,2.196868992035155,6390.616863499039,2.2757262706756585
-0.12366382861851137,-0.12273825872013182,-0.6328041746772866,-0.020214226860752582,-0.005682504806371891,-0.03347706673990658,1.5024224114254328,1.580604229607251,2.1868689920351554,6421.616863499039,2.2796124935150175
-0.12366382861851137,-0.12273825872013182,-0.6328041746772866,-0.03021422686075259,-0.0156825048063719,-0.0534770667399066,1.4624224114254327,1.5506042296072509,2.1668689920351554,6376.616863499039,2.2837903022766106
-0.12366382861851137,-0.12273825872013182,-0.6328041746772866,-0.010214226860752573,0.0143174951936281,-0.0634770667399066,1.4124224114254325,1.5106042296072508,2.1468689920351554,6373.616863499039,2.2837903022766106
-0.12366382861851137,-0.12273825872013182,-0.6228041746772865,-0.020214226860752582,-0.005682504806371891,-0.0534770667399066,1.3524224114254328,1.440604229607251,2.1468689920351554,6480.616863499039,2.287888956069942
-0.11366382861851138,-0.12273825872013182,-0.6228041746772865,-0.020214226860752582,-0.005682504806371891,-0.0634770667399066,1.3024224114254326,1.380604229607251,2.136868992035155,5971.616863499039,2.291360092163089
-0.11366382861851138,-0.11273825872013182,-0.6228041746772865,-0.020214226860752582,-0.005682504806371891,-0.08347706673990662,1.2624224114254325,1.3506042296072511,2.096868992035155,5434.616863499039,2.2963792800903313
-0.11366382861851138,-0.11273825872013182,-0.5928041746772865,-0.04021422686075257,-0.02568250480637188,-0.0634770667399066,1.1924224114254327,1.2806042296072508,2.0468689920351553,5245.616863499039,2.298650693893432
-0.11366382861851138,-0.11273825872013182,-0.5828041746772865,-0.04021422686075257,-0.02568250480637188,-0.07347706673990662,1.1324224114254327,1.2006042296072508,2.0068689920351552,5114.616863499039,2.2996797084808343
-0.11366382861851138,-0.11273825872013182,-0.5728041746772865,-0.03021422686075259,-0.0156825048063719,-0.07347706673990662,1.0624224114254326,1.1406042296072507,1.9768689920351552,4721.616863499039,2.303843688964843
-0.11366382861851138,-0.11273825872013182,-0.5828041746772865,-0.03021422686075259,-0.0156825048063719,-0.03347706673990658,0.9724224114254327,1.0706042296072509,1.906868992035155,4080.616863499039,2.307892990112304
-0.11366382861851138,-0.11273825872013182,-0.5828041746772865,-0.04021422686075257,-0.0156825048063719,-0.023477066739906627,0.9424224114254327,1.020604229607251,1.856868992035155,3731.616863499039,2.311897706985473
-0.12366382861851137,-0.12273825872013182,-0.5828041746772865,-0.03021422686075259,-0.0156825048063719,-0.013477066739906618,0.8524224114254326,0.9306042296072509,1.7668689920351552,3536.616863499039,2.3128950119018548
-0.12366382861851137,-0.12273825872013182,-0.5728041746772865,-0.03021422686075259,-0.0156825048063719,-0.003477066739906609,0.8024224114254326,0.8906042296072508,1.696868992035155,3791.616863499039,2.315917921066287
-0.13366382861851137,-0.1327382587201318,-0.5628041746772865,-0.03021422686075259,-0.0156825048063719,0.0065229332600934,0.7424224114254325,0.8306042296072508,1.6268689920351551,3018.616863499039,2.320945453643798
-0.13366382861851137,-0.1327382587201318,-0.5528041746772865,-0.03021422686075259,-0.0156825048063719,0.0065229332600934,0.7224224114254327,0.800604229607251,1.5968689920351549,2949.616863499039,2.324165058135982
-0.12366382861851137,-0.12273825872013182,-0.5528041746772865,-0.03021422686075259,-0.0156825048063719,0.0065229332600934,0.6824224114254327,0.770604229607251,1.5768689920351548,2970.616863499039,2.324918699264529
-0.12366382861851137,-0.12273825872013182,-0.5528041746772865,-0.04021422686075257,-0.02568250480637188,-0.013477066739906618,0.6724224114254327,0.7406042296072509,1.566868992035155,3021.616863499039,2.3290404796600335
-0.12366382861851137,-0.12273825872013182,-0.5528041746772865,-0.04021422686075257,-0.0156825048063719,0.036522933260093426,0.6624224114254327,0.7506042296072509,1.536868992035155,2666.616863499039,2.332412910461425
-0.12366382861851137,-0.12273825872013182,-0.5428041746772865,-0.03021422686075259,-0.0156825048063719,0.026522933260093418,0.6524224114254327,0.7306042296072509,1.486868992035155,2505.616863499039,2.336442899703979
-0.12366382861851137,-0.12273825872013182,-0.5228041746772865,-0.03021422686075259,-0.0156825048063719,0.046522933260093435,0.6324224114254327,0.7106042296072509,1.4368689920351552,2608.616863499039,2.337441396713256
-0.12366382861851137,-0.11273825872013182,-0.5028041746772864,-0.03021422686075259,-0.0156825048063719,0.046522933260093435,0.6224224114254326,0.7006042296072509,1.4068689920351551,2479.616863499039,2.341451120376586
-0.11366382861851138,-0.11273825872013182,-0.5028041746772864,-0.03021422686075259,-0.0156825048063719,0.056522933260093444,0.5724224114254326,0.6706042296072509,1.356868992035155,2248.616863499039,2.345451068878173
-0.12366382861851137,-0.11273825872013182,-0.49280417467728654,-0.03021422686075259,-0.0156825048063719,0.056522933260093444,0.5024224114254325,0.5806042296072508,1.236868992035155,2331.616863499039,2.348447036743167
-0.11366382861851138,-0.11273825872013182,-0.48280417467728654,-0.03021422686075259,-0.0156825048063719,0.06652293326009345,0.4524224114254327,0.530604229607251,1.1568689920351551,2336.616863499039,2.34945101737976
-0.11366382861851138,-0.11273825872013182,-0.48280417467728654,-0.03021422686075259,-0.0156825048063719,0.056522933260093444,0.40242241142543267,0.4906042296072509,1.066868992035155,2247.616863499039,2.353228998184207
-0.11366382861851138,-0.11273825872013182,-0.4628041746772865,-0.04021422686075257,-0.02568250480637188,0.07652293326009335,0.3224224114254326,0.3806042296072508,0.986868992035155,1742.616863499039,2.357018423080447
-0.12366382861851137,-0.11273825872013182,-0.4728041746772865,-0.03021422686075259,-0.02568250480637188,0.056522933260093444,0.27242241142543255,0.3706042296072508,0.8868689920351551,1425.616863499039,2.3613028049468987
-0.11366382861851138,-0.11273825872013182,-0.4628041746772865,-0.03021422686075259,-0.02568250480637188,0.06652293326009345,0.26242241142543254,0.3306042296072508,0.8168689920351551,1360.616863499039,2.362298440933227
-0.11366382861851138,-0.11273825872013182,-0.4728041746772865,-0.04021422686075257,-0.02568250480637188,0.11652293326009339,0.24242241142543253,0.32060422960725077,0.806868992035155,1421.616863499039,2.3653249263763385
-0.11366382861851138,-0.11273825872013182,-0.4428041746772865,-0.03021422686075259,-0.0156825048063719,0.07652293326009335,0.2024224114254327,0.28060422960725095,0.6768689920351552,2020.616863499039,2.3698396205902093
-0.11366382861851138,-0.11273825872013182,-0.4428041746772865,-0.04021422686075257,-0.02568250480637188,0.056522933260093444,0.15242241142543267,0.24060422960725092,0.6768689920351552,1633.616863499039,2.3738398075103753
-0.11366382861851138,-0.11273825872013182,-0.4428041746772865,-0.04021422686075257,-0.02568250480637188,0.046522933260093435,0.15242241142543267,0.2306042296072509,0.6368689920351551,1520.616863499039,2.3738398075103753
-0.11366382861851138,-0.11273825872013182,-0.4328041746772865,-0.03021422686075259,-0.02568250480637188,0.08652293326009336,0.10242241142543262,0.17060422960725086,0.536868992035155,1413.616863499039,2.3781222820281975
-0.11366382861851138,-0.11273825872013182,-0.4228041746772865,-0.05021422686075258,-0.03568250480637189,0.056522933260093444,0.03242241142543267,0.11060422960725091,0.45686899203515513,1322.616863499039,2.3814413070678704
-0.11366382861851138,-0.11273825872013182,-0.4128041746772865,-0.05021422686075258,-0.03568250480637189,0.09652293326009337,0.012422411425432656,0.11060422960725091,0.4468689920351551,1483.616863499039,2.387135457992553
-0.11366382861851138,-0.11273825872013182,-0.4128041746772865,-0.05021422686075258,-0.03568250480637189,0.11652293326009339,0.012422411425432656,0.0906042296072509,0.35686899203515515,1624.616863499039,2.3897411346435504
-0.11366382861851138,-0.11273825872013182,-0.40280417467728646,-0.05021422686075258,-0.03568250480637189,0.08652293326009336,-0.02757758857456738,0.06060422960725087,0.25686899203515506,1565.616863499039,2.3897411346435504
-0.11366382861851138,-0.11273825872013182,-0.39280417467728657,-0.05021422686075258,-0.0456825048063719,0.056522933260093444,-0.06757758857456742,0.020604229607250835,0.2768689920351551,1658.616863499039,2.3947562694549553
-0.11366382861851138,-0.11273825872013182,-0.38280417467728656,-0.05021422686075258,-0.03568250480637189,0.08652293326009336,-0.03757758857456739,0.04060422960725085,0.19686899203515512,1357.616863499039,2.3984968185424798
-0.11366382861851138,-0.11273825872013182,-0.38280417467728656,-0.06021422686075259,-0.0456825048063719,0.056522933260093444,-0.0475775885745674,0.030604229607250844,0.21686899203515514,1340.616863499039,2.402319145202636
-0.11366382861851138,-0.11273825872013182,-0.37280417467728655,-0.05021422686075258,-0.03568250480637189,0.06652293326009345,-0.05757758857456741,0.020604229607250835,0.13686899203515507,1131.616863499039,2.4033727169036894
-0.11366382861851138,-0.11273825872013182,-0.36280417467728654,-0.05021422686075258,-0.03568250480637189,0.08652293326009336,-0.07757758857456731,0.0006042296072509279,0.15686899203515509,1302.616863499039,2.4062008380889885
-0.11366382861851138,-0.11273825872013182,-0.3428041746772865,-0.04021422686075257,-0.03568250480637189,0.07652293326009335,-0.07757758857456731,0.0006042296072509279,0.12686899203515517,1253.616863499039,2.4112953662872307
-0.11366382861851138,-0.11273825872013182,-0.3428041746772865,-0.05021422686075258,-0.03568250480637189,0.06652293326009345,-0.09757758857456733,-0.01939577039274909,0.11686899203515516,960.616863499039,2.414587450027465
-0.11366382861851138,-0.11273825872013182,-0.35280417467728653,-0.03021422686075259,-0.02568250480637188,0.09652293326009337,-0.08757758857456732,-0.01939577039274909,0.12686899203515517,775.616863499039,2.415321063995364
-0.11366382861851138,-0.11273825872013182,-0.36280417467728654,-0.04021422686075257,-0.03568250480637189,0.08652293326009336,-0.11757758857456735,-0.049395770392749117,0.10686899203515515,1106.616863499039,2.4193210124969475
-0.11366382861851138,-0.11273825872013182,-0.35280417467728653,-0.05021422686075258,-0.03568250480637189,0.10652293326009338,-0.13757758857456737,-0.059395770392749125,0.06686899203515512,811.616863499039,2.4233204841613762
-0.11366382861851138,-0.11273825872013182,-0.35280417467728653,-0.05021422686075258,-0.02568250480637188,0.10652293326009338,-0.1775775885745674,-0.08939577039274915,0.006868992035155119,934.616863499039,2.4270503044128446
-0.11366382861851138,-0.11273825872013182,-0.35280417467728653,-0.05021422686075258,-0.03568250480637189,0.09652293326009337,-0.15757758857456738,-0.07939577039274914,0.016868992035155128,735.616863499039,2.428002786636352
-0.11366382861851138,-0.11273825872013182,-0.35280417467728653,-0.05021422686075258,-0.03568250480637189,0.09652293326009337,-0.15757758857456738,-0.07939577039274914,0.026868992035155137,768.616863499039,2.4320859432220487
-0.11366382861851138,-0.10273825872013181,-0.35280417467728653,-0.05021422686075258,-0.03568250480637189,0.056522933260093444,-0.1775775885745674,-0.09939577039274916,0.016868992035155128,881.616863499039,2.4350368499755852
-0.10366382861851137,-0.10273825872013181,-0.3328041746772865,-0.04021422686075257,-0.03568250480637189,0.08652293326009336,-0.1775775885745674,-0.09939577039274916,0.006868992035155119,908.616863499039,2.439414930343627
-0.10366382861851137,-0.10273825872013181,-0.3428041746772865,-0.05021422686075258,-0.03568250480637189,0.10652293326009338,-0.1875775885745674,-0.10939577039274917,-0.023131007964844907,915.616863499039,2.4404248714447014
-0.10366382861851137,-0.10273825872013181,-0.3428041746772865,-0.04021422686075257,-0.02568250480637188,0.06652293326009345,-0.19757758857456742,-0.10939577039274917,-0.023131007964844907,726.616863499039,2.4432308197021477
-0.10366382861851137,-0.10273825872013181,-0.3428041746772865,-0.04021422686075257,-0.02568250480637188,0.09652293326009337,-0.1875775885745674,-0.11939577039274918,-0.023131007964844907,1131.616863499039,2.447469186782836
-0.10366382861851137,-0.09273825872013182,-0.3428041746772865,-0.04021422686075257,-0.02568250480637188,0.056522933260093444,-0.1875775885745674,-0.11939577039274918,-0.03313100796484486,938.616863499039,2.452041339874267
-0.10366382861851137,-0.09273825872013182,-0.3428041746772865,-0.04021422686075257,-0.02568250480637188,0.046522933260093435,-0.19757758857456742,-0.11939577039274918,-0.04313100796484487,743.616863499039,2.4525625228881793
-0.10366382861851137,-0.09273825872013182,-0.3428041746772865,-0.04021422686075257,-0.02568250480637188,0.056522933260093444,-0.1775775885745674,-0.09939577039274916,-0.023131007964844907,632.616863499039,2.4560942173004143
-0.10366382861851137,-0.10273825872013181,-0.3328041746772865,-0.04021422686075257,-0.0456825048063719,0.046522933260093435,-0.15757758857456738,-0.07939577039274914,-0.03313100796484486,1045.616863499039,2.460167598724368
-0.10366382861851137,-0.10273825872013181,-0.3428041746772865,-0.04021422686075257,-0.02568250480637188,0.056522933260093444,-0.15757758857456738,-0.08939577039274915,-0.03313100796484486,996.616863499039,2.464180898666381
-0.11366382861851138,-0.10273825872013181,-0.3428041746772865,-0.04021422686075257,-0.02568250480637188,0.046522933260093435,-0.1875775885745674,-0.10939577039274917,-0.05313100796484488,1177.616863499039,2.4676861286163323
-0.10366382861851137,-0.10273825872013181,-0.3428041746772865,-0.03021422686075259,-0.0156825048063719,0.036522933260093426,-0.21757758857456733,-0.13939577039274909,-0.0731310079648449,1036.616863499039,2.4676861286163323
-0.11366382861851138,-0.10273825872013181,-0.3428041746772865,-0.05021422686075258,-0.03568250480637189,0.036522933260093426,-0.21757758857456733,-0.13939577039274909,-0.0831310079648449,933.616863499039,2.4718529701232903
-0.10366382861851137,-0.10273825872013181,-0.3428041746772865,-0.04021422686075257,-0.02568250480637188,0.06652293326009345,-0.20757758857456732,-0.13939577039274909,-0.09313100796484486,1096.616863499039,2.4768704891204827
-0.10366382861851137,-0.10273825872013181,-0.3428041746772865,-0.04021422686075257,-0.02568250480637188,0.036522933260093426,-0.1875775885745674,-0.11939577039274918,-0.0831310079648449,667.616863499039,2.4795598506927483
-0.10366382861851137,-0.10273825872013181,-0.3428041746772865,-0.05021422686075258,-0.03568250480637189,0.046522933260093435,-0.19757758857456742,-0.11939577039274918,-0.0731310079648449,964.616863499039,2.4806162834167473
-0.10366382861851137,-0.10273825872013181,-0.35280417467728653,-0.04021422686075257,-0.02568250480637188,0.036522933260093426,-0.1875775885745674,-0.11939577039274918,-0.0731310079648449,801.616863499039,2.4840278148651116
-0.11366382861851138,-0.10273825872013181,-0.3428041746772865,-0.04021422686075257,-0.02568250480637188,0.036522933260093426,-0.21757758857456733,-0.1493957703927491,-0.0731310079648449,660.616863499039,2.4886543273925774
-0.11366382861851138,-0.10273825872013181,-0.3428041746772865,-0.04021422686075257,-0.02568250480637188,0.06652293326009345,-0.24757758857456735,-0.1693957703927491,-0.09313100796484486,459.616863499039,2.4921521663665764
-0.11366382861851138,-0.11273825872013182,-0.3428041746772865,-0.03021422686075259,-0.0156825048063719,0.07652293326009335,-0.24757758857456735,-0.1693957703927491,-0.11313100796484488,594.616863499039,2.4921521663665764
-0.10366382861851137,-0.10273825872013181,-0.35280417467728653,-0.03021422686075259,-0.0156825048063719,0.06652293326009345,-0.22757758857456734,-0.1493957703927491,-0.10313100796484487,967.616863499039,2.4979395389556878
-0.10366382861851137,-0.10273825872013181,-0.35280417467728653,-0.020214226860752582,-0.0156825048063719,0.056522933260093444,-0.26757758857456737,-0.17939577039274912,-0.09313100796484486,814.616863499039,2.5014976978301995
-0.11366382861851138,-0.11273825872013182,-0.3428041746772865,-0.03021422686075259,-0.02568250480637188,0.046522933260093435,-0.22757758857456734,-0.1493957703927491,-0.10313100796484487,767.616863499039,2.5055179119110065
-0.11366382861851138,-0.11273825872013182,-0.3428041746772865,-0.04021422686075257,-0.03568250480637189,0.056522933260093444,-0.23757758857456734,-0.1593957703927491,-0.09313100796484486,900.616863499039,2.5055179119110065
-0.10366382861851137,-0.10273825872013181,-0.3428041746772865,-0.04021422686075257,-0.02568250480637188,0.056522933260093444,-0.24757758857456735,-0.1693957703927491,-0.09313100796484486,1045.616863499039,2.5084928989410393
-0.11366382861851138,-0.10273825872013181,-0.3428041746772865,-0.04021422686075257,-0.02568250480637188,0.036522933260093426,-0.26757758857456737,-0.17939577039274912,-0.09313100796484486,838.616863499039,2.5134980201721184
-0.11366382861851138,-0.10273825872013181,-0.3328041746772865,-0.04021422686075257,-0.03568250480637189,0.056522933260093444,-0.26757758857456737,-0.17939577039274912,-0.09313100796484486,605.616863499039,2.516905975341796
-0.10366382861851137,-0.10273825872013181,-0.3228041746772865,-0.03021422686075259,-0.0156825048063719,0.046522933260093435,-0.26757758857456737,-0.18939577039274913,-0.0831310079648449,506.616863499039,2.517992448806762
-0.10366382861851137,-0.10273825872013181,-0.3128041746772865,-0.03021422686075259,-0.0156825048063719,0.036522933260093426,-0.2775775885745674,-0.18939577039274913,-0.0731310079648449,481.616863499039,2.5213672637939446
-0.10366382861851137,-0.10273825872013181,-0.3228041746772865,-0.03021422686075259,-0.02568250480637188,0.01652293326009341,-0.2775775885745674,-0.19939577039274914,-0.0831310079648449,460.616863499039,2.5255059719085686
-0.10366382861851137,-0.10273825872013181,-0.3128041746772865,-0.03021422686075259,-0.0156825048063719,0.036522933260093426,-0.26757758857456737,-0.18939577039274913,-0.09313100796484486,533.616863499039,2.5300271034240716
-0.10366382861851137,-0.10273825872013181,-0.3128041746772865,-0.03021422686075259,-0.0156825048063719,0.046522933260093435,-0.26757758857456737,-0.18939577039274913,-0.0731310079648449,512.616863499039,2.5335182666778557
-0.10366382861851137,-0.10273825872013181,-0.3128041746772865,-0.03021422686075259,-0.0156825048063719,0.036522933260093426,-0.26757758857456737,-0.18939577039274913,-0.0831310079648449,777.616863499039,2.5335182666778557
-0.10366382861851137,-0.10273825872013181,-0.3128041746772865,-0.03021422686075259,-0.0156825048063719,0.056522933260093444,-0.26757758857456737,-0.17939577039274912,-0.0831310079648449,610.616863499039,2.5378670215606682
-0.10366382861851137,-0.10273825872013181,-0.3228041746772865,-0.03021422686075259,-0.0156825048063719,0.046522933260093435,-0.25757758857456736,-0.17939577039274912,-0.0831310079648449,557.616863499039,2.5418846130371087
-0.09366382861851137,-0.10273825872013181,-0.3228041746772865,-0.04021422686075257,-0.02568250480637188,0.026522933260093418,-0.26757758857456737,-0.18939577039274913,-0.09313100796484486,876.616863499039,2.545397472381591
-0.10366382861851137,-0.10273825872013181,-0.3128041746772865,-0.03021422686075259,-0.0156825048063719,0.026522933260093418,-0.25757758857456736,-0.17939577039274912,-0.09313100796484486,859.616863499039,2.545397472381591
-0.10366382861851137,-0.10273825872013181,-0.3128041746772865,-0.03021422686075259,-0.0156825048063719,0.026522933260093418,-0.26757758857456737,-0.18939577039274913,-0.0831310079648449,784.616863499039,2.5495953083038323
-0.10366382861851137,-0.10273825872013181,-0.3228041746772865,-0.03021422686075259,-0.0156825048063719,0.01652293326009341,-0.2775775885745674,-0.18939577039274913,-0.09313100796484486,839.616863499039,2.5548119068145745
-0.10366382861851137,-0.10273825872013181,-0.3328041746772865,-0.03021422686075259,-0.0156825048063719,0.036522933260093426,-0.2775775885745674,-0.20939577039274915,-0.09313100796484486,826.616863499039,2.5578588962554925
-0.10366382861851137,-0.09273825872013182,-0.3228041746772865,-0.03021422686075259,-0.0156825048063719,0.046522933260093435,-0.26757758857456737,-0.18939577039274913,-0.09313100796484486,831.616863499039,2.5588573932647662
-0.10366382861851137,-0.10273825872013181,-0.3228041746772865,-0.03021422686075259,-0.0156825048063719,0.056522933260093444,-0.26757758857456737,-0.19939577039274914,-0.10313100796484487,596.616863499039,2.5618574142456083
-0.10366382861851137,-0.10273825872013181,-0.3228041746772865,-0.03021422686075259,-0.02568250480637188,0.046522933260093435,-0.2775775885745674,-0.19939577039274914,-0.10313100796484487,515.616863499039,2.565886449813842
-0.10366382861851137,-0.10273825872013181,-0.3228041746772865,-0.04021422686075257,-0.02568250480637188,0.046522933260093435,-0.2875775885745674,-0.20939577039274915,-0.11313100796484488,700.616863499039,2.569886875152587
-0.10366382861851137,-0.10273825872013181,-0.3128041746772865,-0.03021422686075259,-0.02568250480637188,0.036522933260093426,-0.2875775885745674,-0.21939577039274916,-0.11313100796484488,581.616863499039,2.5708622455596917
-0.10366382861851137,-0.10273825872013181,-0.3128041746772865,-0.03021422686075259,-0.0156825048063719,0.036522933260093426,-0.3075775885745674,-0.23939577039274917,-0.11313100796484488,328.616863499039,2.574342441558837
-0.10366382861851137,-0.09273825872013182,-0.3128041746772865,-0.03021422686075259,-0.0156825048063719,0.036522933260093426,-0.3275775885745673,-0.23939577039274917,-0.11313100796484488,43.61686349903903,2.5792951107025104
-0.10366382861851137,-0.10273825872013181,-0.3028041746772865,-0.03021422686075259,-0.0156825048063719,0.026522933260093418,-0.3175775885745674,-0.22939577039274917,-0.11313100796484488,340.616863499039,2.582783412933349
-0.09366382861851137,-0.09273825872013182,-0.3128041746772865,-0.03021422686075259,-0.0156825048063719,0.036522933260093426,-0.3175775885745674,-0.23939577039274917,-0.11313100796484488,763.616863499039,2.582783412933349
-0.09366382861851137,-0.09273825872013182,-0.3128041746772865,-0.03021422686075259,-0.02568250480637188,0.036522933260093426,-0.3275775885745673,-0.24939577039274907,-0.11313100796484488,498.616863499039,2.586336326599124
-0.10366382861851137,-0.09273825872013182,-0.3128041746772865,-0.03021422686075259,-0.02568250480637188,0.036522933260093426,-0.3175775885745674,-0.23939577039274917,-0.11313100796484488,215.61686349903903,2.5909525871276884
-0.10366382861851137,-0.10273825872013181,-0.3128041746772865,-0.03021422686075259,-0.02568250480637188,0.046522933260093435,-0.3275775885745673,-0.24939577039274907,-0.11313100796484488,188.61686349903903,2.5959794044494586
-0.10366382861851137,-0.10273825872013181,-0.3128041746772865,-0.04021422686075257,-0.02568250480637188,0.046522933260093435,-0.3275775885745673,-0.23939577039274917,-0.11313100796484488,45.61686349903903,2.5959794044494586
-0.10366382861851137,-0.10273825872013181,-0.3028041746772865,-0.04021422686075257,-0.02568250480637188,0.046522933260093435,-0.3275775885745673,-0.24939577039274907,-0.11313100796484488,94.61686349903903,2.5984611034393303
