-0.08374896779521057,-0.06808973300302781,-0.5870740434902284,0.013732452518579685,0.05042113955408753,-0.08224332507569493,-0.31806220754197645,-0.1382631434076521,-0.27158821910267006,91858.49876135425,0.0011076450347893285
-0.09374896779521057,-0.07808973300302781,-0.5770740434902284,0.013732452518579685,0.05042113955408753,-0.07224332507569492,-0.35806220754197643,-0.16826314340765214,-0.29158821910267,92313.49876135425,0.0021066188812248754
-0.09374896779521057,-0.07808973300302781,-0.5670740434902284,0.0337324525185797,0.07042113955408755,-0.09224332507569494,-0.35806220754197643,-0.1882631434076521,-0.27158821910267006,92640.49876135425,0.006086063385009055
-0.11374896779521057,-0.09808973300302781,-0.6070740434902284,0.043732452518579684,0.07042113955408755,-0.10224332507569495,-0.39806220754197646,-0.1982631434076521,-0.29158821910267,93091.49876135425,0.009491872787478428
-0.10374896779521056,-0.07808973300302781,-0.6070740434902284,0.0637324525185797,0.10042113955408755,-0.10224332507569495,-0.4080622075419765,-0.2382631434076521,-0.31158821910267004,93300.49876135425,0.01354212760925222
-0.10374896779521056,-0.07808973300302781,-0.6270740434902284,0.023732452518579694,0.06042113955408754,-0.09224332507569494,-0.4080622075419765,-0.22826314340765214,-0.31158821910267004,93829.49876135425,0.014499139785765891
-0.08374896779521057,-0.058089733003027805,-0.6270740434902284,0.023732452518579694,0.06042113955408754,-0.10224332507569495,-0.4180622075419764,-0.2382631434076521,-0.31158821910267004,94336.49876135425,0.01749868392944265
-0.06374896779521057,-0.04808973300302781,-0.6370740434902284,0.0337324525185797,0.07042113955408755,-0.09224332507569494,-0.36806220754197644,-0.1882631434076521,-0.28158821910267,93411.49876135425,0.02159733772277761
-0.05374896779521057,-0.038089733003027815,-0.6270740434902284,0.0337324525185797,0.07042113955408755,-0.12224332507569491,-0.39806220754197646,-0.21826314340765213,-0.28158821910267,92566.49876135425,0.025995922088622336
-0.05374896779521057,-0.038089733003027815,-0.6470740434902285,0.0337324525185797,0.07042113955408755,-0.1122433250756949,-0.4080622075419765,-0.21826314340765213,-0.27158821910267006,92137.49876135425,0.02926034927368093
-0.043748967795210564,-0.028089733003027806,-0.6370740434902284,0.0337324525185797,0.07042113955408755,-0.10224332507569495,-0.38806220754197646,-0.20826314340765212,-0.27158821910267006,91474.49876135425,0.030306529998778586
-0.043748967795210564,-0.01808973300302781,-0.6170740434902284,0.023732452518579694,0.06042113955408754,-0.1122433250756949,-0.39806220754197646,-0.21826314340765213,-0.27158821910267006,91103.49876135425,0.03464074134826589
-0.03374896779521057,-0.01808973300302781,-0.6170740434902284,0.0337324525185797,0.07042113955408755,-0.13224332507569492,-0.4080622075419765,-0.20826314340765212,-0.27158821910267006,91454.49876135425,0.03791494369506765
-0.023748967795210574,-0.008089733003027816,-0.6070740434902284,0.0337324525185797,0.07042113955408755,-0.13224332507569492,-0.4080622075419765,-0.2382631434076521,-0.28158821910267,91637.49876135425,0.04202003479003835
-0.023748967795210574,0.001910266996972193,-0.5970740434902284,0.0337324525185797,0.06042113955408754,-0.13224332507569492,-0.4080622075419765,-0.22826314340765214,-0.29158821910267,91394.49876135425,0.04202003479003835
-0.023748967795210574,-0.008089733003027816,-0.5970740434902284,0.0337324525185797,0.07042113955408755,-0.12224332507569491,-0.4080622075419765,-0.2482631434076521,-0.27158821910267006,91331.49876135425,0.04632062911987589
-0.013748967795210565,0.001910266996972193,-0.5870740434902284,0.0337324525185797,0.06042113955408754,-0.13224332507569492,-0.39806220754197646,-0.22826314340765214,-0.28158821910267,91566.49876135425,0.051374149322509055
-0.013748967795210565,0.001910266996972193,-0.5870740434902284,0.0337324525185797,0.07042113955408755,-0.12224332507569491,-0.39806220754197646,-0.21826314340765213,-0.27158821910267006,91387.49876135425,0.05442972183227468
-0.013748967795210565,0.011910266996972202,-0.6170740434902284,0.043732452518579684,0.07042113955408755,-0.12224332507569491,-0.36806220754197644,-0.1982631434076521,-0.29158821910267,90750.49876135425,0.055477094650267844
-0.003748967795210556,0.011910266996972202,-0.6170740434902284,0.043732452518579684,0.09042113955408754,-0.13224332507569492,-0.4080622075419765,-0.22826314340765214,-0.26158821910267005,89487.49876135425,0.059073400497439366
-0.013748967795210565,0.011910266996972202,-0.6270740434902284,0.05373245251857969,0.09042113955408754,-0.15224332507569494,-0.42806220754197644,-0.2682631434076521,-0.28158821910267,88152.49876135425,0.06344313621520925
0.006251032204789425,0.021910266996972183,-0.6370740434902284,0.05373245251857969,0.10042113955408755,-0.15224332507569494,-0.43806220754197644,-0.2582631434076521,-0.28158821910267,87303.49876135425,0.06644339561462331
0.006251032204789425,0.021910266996972183,-0.6170740434902284,0.043732452518579684,0.08042113955408753,-0.13224332507569492,-0.43806220754197644,-0.2582631434076521,-0.29158821910267,85916.49876135425,0.06742258071899698
-0.013748967795210565,0.011910266996972202,-0.6070740434902284,0.05373245251857969,0.09042113955408754,-0.16224332507569494,-0.4180622075419764,-0.22826314340765214,-0.30158821910267003,84611.49876135425,0.07144327163696218
-0.043748967795210564,-0.01808973300302781,-0.6370740434902284,0.07373245251857971,0.11042113955408756,-0.15224332507569494,-0.43806220754197644,-0.2482631434076521,-0.29158821910267,83332.49876135425,0.07483096122741628
-0.013748967795210565,0.011910266996972202,-0.6070740434902284,0.07373245251857971,0.10042113955408755,-0.16224332507569494,-0.4180622075419764,-0.2482631434076521,-0.28158821910267,82569.49876135425,0.07983703613280824
-0.013748967795210565,0.011910266996972202,-0.6070740434902284,0.0637324525185797,0.11042113955408756,-0.1822433250756949,-0.39806220754197646,-0.22826314340765214,-0.27158821910267006,82508.49876135425,0.07983703613280824
-0.03374896779521057,-0.008089733003027816,-0.6170740434902284,0.0637324525185797,0.11042113955408756,-0.19224332507569492,-0.42806220754197644,-0.2482631434076521,-0.30158821910267003,82471.49876135425,0.08284754753112722
-0.023748967795210574,0.011910266996972202,-0.6070740434902284,0.05373245251857969,0.11042113955408756,-0.19224332507569492,-0.42806220754197644,-0.2382631434076521,-0.30158821910267003,81678.49876135425,0.08794469833373952
-0.013748967795210565,0.011910266996972202,-0.5870740434902284,0.07373245251857971,0.11042113955408756,-0.1722433250756949,-0.42806220754197644,-0.2482631434076521,-0.30158821910267003,81387.49876135425,0.09061021804809499
-0.013748967795210565,0.011910266996972202,-0.5970740434902284,0.0637324525185797,0.10042113955408755,-0.1722433250756949,-0.4080622075419765,-0.21826314340765213,-0.32158821910267,81098.49876135425,0.09540243148803995
-0.003748967795210556,0.011910266996972202,-0.6170740434902284,0.07373245251857971,0.11042113955408756,-0.19224332507569492,-0.42806220754197644,-0.2482631434076521,-0.31158821910267004,80597.49876135425,0.09639186859130788
-0.023748967795210574,0.001910266996972193,-0.6270740434902284,0.07373245251857971,0.11042113955408756,-0.21224332507569493,-0.44806220754197645,-0.2582631434076521,-0.32158821910267,79726.49876135425,0.09935159683227468
0.016251032204789434,0.03191026699697219,-0.6270740434902284,0.0637324525185797,0.10042113955408755,-0.22224332507569494,-0.44806220754197645,-0.2682631434076521,-0.32158821910267,78283.49876135425,0.10440344810485769
-0.013748967795210565,0.001910266996972193,-0.6270740434902284,0.0637324525185797,0.10042113955408755,-0.22224332507569494,-0.42806220754197644,-0.2582631434076521,-0.32158821910267,76972.49876135425,0.10669202804565003
0.026251032204789443,0.0419102669969722,-0.6370740434902284,0.05373245251857969,0.10042113955408755,-0.21224332507569493,-0.4180622075419764,-0.2382631434076521,-0.32158821910267,76153.49876135425,0.10776348114013601
0.016251032204789434,0.03191026699697219,-0.6570740434902285,0.05373245251857969,0.09042113955408754,-0.21224332507569493,-0.4180622075419764,-0.2382631434076521,-0.32158821910267,75324.49876135425,0.11179442405700613
0.026251032204789443,0.05191026699697218,-0.6670740434902285,0.07373245251857971,0.10042113955408755,-0.21224332507569493,-0.4180622075419764,-0.2382631434076521,-0.32158821910267,74781.49876135425,0.11587471961975027
0.036251032204789424,0.06191026699697219,-0.6470740434902285,0.0637324525185797,0.09042113955408754,-0.21224332507569493,-0.4080622075419765,-0.22826314340765214,-0.31158821910267004,74706.49876135425,0.11977405548095987
0.036251032204789424,0.05191026699697218,-0.6370740434902284,0.07373245251857971,0.10042113955408755,-0.21224332507569493,-0.39806220754197646,-0.21826314340765213,-0.31158821910267004,73981.49876135425,0.11977405548095987
0.06625103220478942,0.08191026699697218,-0.6270740434902284,0.05373245251857969,0.09042113955408754,-0.20224332507569492,-0.38806220754197646,-0.20826314340765212,-0.31158821910267004,73368.49876135425,0.12360472679138468
0.06625103220478942,0.08191026699697218,-0.6370740434902284,0.0637324525185797,0.10042113955408755,-0.22224332507569494,-0.37806220754197645,-0.1982631434076521,-0.31158821910267004,72809.49876135425,0.12865419387816956
0.06625103220478942,0.11191026699697218,-0.6270740434902284,0.05373245251857969,0.10042113955408755,-0.20224332507569492,-0.36806220754197644,-0.1882631434076521,-0.31158821910267004,72506.49876135425,0.13218326568603445
0.11625103220478944,0.1419102669969722,-0.6170740434902284,0.05373245251857969,0.09042113955408754,-0.20224332507569492,-0.37806220754197645,-0.1982631434076521,-0.31158821910267004,71929.49876135425,0.1331853389739983
0.10625103220478943,0.1319102669969722,-0.6170740434902284,0.05373245251857969,0.09042113955408754,-0.20224332507569492,-0.36806220754197644,-0.1982631434076521,-0.31158821910267004,71662.49876135425,0.13643593788146902
0.12625103220478945,0.16191026699697217,-0.6170740434902284,0.05373245251857969,0.09042113955408754,-0.20224332507569492,-0.36806220754197644,-0.1982631434076521,-0.31158821910267004,70767.49876135425,0.1404635429382317
0.1462510322047894,0.17191026699697218,-0.6270740434902284,0.05373245251857969,0.10042113955408755,-0.20224332507569492,-0.35806220754197643,-0.1882631434076521,-0.31158821910267004,69504.49876135425,0.1437797069549589
0.18625103220478945,0.2119102669969722,-0.6270740434902284,0.043732452518579684,0.09042113955408754,-0.1822433250756949,-0.37806220754197645,-0.1982631434076521,-0.31158821910267004,68703.49876135425,0.14485068321227956
0.23625103220478944,0.25191026699697217,-0.5970740434902284,0.043732452518579684,0.08042113955408753,-0.20224332507569492,-0.37806220754197645,-0.1982631434076521,-0.31158821910267004,68602.49876135425,0.1483830928802483
0.24625103220478944,0.2719102669969722,-0.5970740434902284,0.0337324525185797,0.07042113955408755,-0.19224332507569492,-0.39806220754197646,-0.21826314340765213,-0.30158821910267003,68387.49876135425,0.1530503749847405
0.2662510322047894,0.2919102669969722,-0.5770740434902284,0.0337324525185797,0.07042113955408755,-0.20224332507569492,-0.39806220754197646,-0.20826314340765212,-0.31158821910267004,68334.49876135425,0.15679903030395437
0.2762510322047894,0.3019102669969722,-0.5870740434902284,0.0337324525185797,0.07042113955408755,-0.20224332507569492,-0.38806220754197646,-0.20826314340765212,-0.31158821910267004,68651.49876135425,0.15784425735473562
0.3262510322047894,0.35191026699697214,-0.5870740434902284,0.043732452518579684,0.07042113955408755,-0.20224332507569492,-0.39806220754197646,-0.21826314340765213,-0.31158821910267004,68888.49876135425,0.16073818206787038
0.35625103220478943,0.37191026699697216,-0.5670740434902284,0.023732452518579694,0.06042113955408754,-0.20224332507569492,-0.39806220754197646,-0.22826314340765214,-0.31158821910267004,69243.49876135425,0.16553993225097585
0.39625103220478947,0.4019102669969722,-0.5570740434902284,0.013732452518579685,0.05042113955408753,-0.20224332507569492,-0.39806220754197646,-0.21826314340765213,-0.30158821910267003,69068.49876135425,0.16884703636169007
0.4162510322047895,0.4519102669969721,-0.5370740434902285,0.013732452518579685,0.05042113955408753,-0.20224332507569492,-0.39806220754197646,-0.21826314340765213,-0.30158821910267003,69459.49876135425,0.1728484153747587
0.4362510322047894,0.4519102669969721,-0.5470740434902284,0.013732452518579685,0.05042113955408753,-0.20224332507569492,-0.38806220754197646,-0.21826314340765213,-0.29158821910267,70644.49876135425,0.1735367298126249
0.4462510322047894,0.47191026699697214,-0.5370740434902285,0.013732452518579685,0.05042113955408753,-0.21224332507569493,-0.38806220754197646,-0.20826314340765212,-0.30158821910267003,71571.49876135425,0.1777398109436028
0.4762510322047894,0.5019102669969722,-0.5370740434902285,0.013732452518579685,0.05042113955408753,-0.19224332507569492,-0.36806220754197644,-0.1982631434076521,-0.30158821910267003,72316.49876135425,0.18101043701171804
0.48625103220478944,0.5119102669969722,-0.5570740434902284,0.003732452518579704,0.05042113955408753,-0.19224332507569492,-0.37806220754197645,-0.1882631434076521,-0.30158821910267003,72629.49876135425,0.18537540435790945
0.5062510322047895,0.5219102669969722,-0.5470740434902284,0.013732452518579685,0.05042113955408753,-0.1722433250756949,-0.38806220754197646,-0.20826314340765212,-0.29158821910267,73608.49876135425,0.186185312271121
0.5262510322047895,0.5419102669969722,-0.5470740434902284,0.013732452518579685,0.05042113955408753,-0.16224332507569494,-0.39806220754197646,-0.20826314340765212,-0.28158821910267,74975.49876135425,0.19054336547851847
0.5562510322047893,0.5919102669969721,-0.5470740434902284,0.003732452518579704,0.04042113955408755,-0.1722433250756949,-0.38806220754197646,-0.21826314340765213,-0.30158821910267003,75758.49876135425,0.19367499351501039
0.6162510322047894,0.6219102669969722,-0.5270740434902285,0.003732452518579704,0.03042113955408754,-0.1822433250756949,-0.39806220754197646,-0.22826314340765214,-0.32158821910267,76659.49876135425,0.19763345718384073
0.6262510322047894,0.6219102669969722,-0.5370740434902285,-0.006267547481420305,0.03042113955408754,-0.19224332507569492,-0.4180622075419764,-0.2582631434076521,-0.32158821910267,77568.49876135425,0.1982752799987786
0.6762510322047894,0.7019102669969721,-0.5270740434902285,0.003732452518579704,0.04042113955408755,-0.1822433250756949,-0.4180622075419764,-0.2482631434076521,-0.32158821910267,78693.49876135425,0.20177216529846476
0.7062510322047895,0.7219102669969721,-0.5170740434902285,-0.006267547481420305,0.03042113955408754,-0.1822433250756949,-0.4080622075419765,-0.22826314340765214,-0.30158821910267003,79490.49876135425,0.2063040256500237
0.7262510322047895,0.7419102669969722,-0.5270740434902285,-0.006267547481420305,0.03042113955408754,-0.1722433250756949,-0.39806220754197646,-0.22826314340765214,-0.31158821910267004,80211.49876135425,0.20970387458801198
0.7962510322047893,0.8119102669969721,-0.5170740434902285,-0.016267547481420314,0.01042113955408755,-0.1822433250756949,-0.39806220754197646,-0.21826314340765213,-0.30158821910267003,81560.49876135425,0.21074743270873952
0.8062510322047893,0.8319102669969721,-0.5070740434902284,-0.026267547481420295,0.02042113955408753,-0.1722433250756949,-0.39806220754197646,-0.21826314340765213,-0.30158821910267003,82675.49876135425,0.21434993743896413
0.8762510322047894,0.8819102669969722,-0.4770740434902284,-0.026267547481420295,0.01042113955408755,-0.1822433250756949,-0.39806220754197646,-0.22826314340765214,-0.30158821910267003,83506.49876135425,0.21856851577758718
0.9362510322047894,0.9619102669969722,-0.44707404349022845,-0.026267547481420295,0.00042113955408754067,-0.1822433250756949,-0.38806220754197646,-0.22826314340765214,-0.30158821910267003,83817.49876135425,0.22258181571960378
1.0062510322047893,1.0119102669969722,-0.4170740434902284,-0.036267547481420304,0.00042113955408754067,-0.19224332507569492,-0.4080622075419765,-0.2382631434076521,-0.31158821910267004,84276.49876135425,0.22258181571960378
1.0762510322047893,1.0919102669969722,-0.43707404349022844,-0.04626754748142031,0.00042113955408754067,-0.19224332507569492,-0.4080622075419765,-0.22826314340765214,-0.32158821910267,84995.49876135425,0.2265820026397698
1.1462510322047894,1.1819102669969723,-0.4270740434902284,-0.04626754748142031,-0.009578860445912468,-0.20224332507569492,-0.4080622075419765,-0.2382631434076521,-0.32158821910267,85804.49876135425,0.23148746490478445
1.2262510322047895,1.2319102669969724,-0.43707404349022844,-0.04626754748142031,-0.009578860445912468,-0.19224332507569492,-0.43806220754197644,-0.2582631434076521,-0.31158821910267004,85955.49876135425,0.23481817245483683
1.3162510322047893,1.3319102669969722,-0.4070740434902284,-0.04626754748142031,0.00042113955408754067,-0.1822433250756949,-0.45806220754197646,-0.2782631434076521,-0.31158821910267004,86132.49876135425,0.2386042594909661
1.3862510322047894,1.4019102669969723,-0.36707404349022843,-0.04626754748142031,-0.01957886044591245,-0.20224332507569492,-0.43806220754197644,-0.2682631434076521,-0.33158821910267,86417.49876135425,0.2386042594909661
1.4462510322047895,1.4719102669969724,-0.3570740434902284,-0.056267547481420294,-0.009578860445912468,-0.22224332507569494,-0.45806220754197646,-0.2782631434076521,-0.31158821910267004,86476.49876135425,0.24355955123901296
1.5462510322047893,1.5519102669969722,-0.33707404349022846,-0.04626754748142031,-0.009578860445912468,-0.21224332507569493,-0.4780622075419765,-0.29826314340765214,-0.33158821910267,85885.49876135425,0.24700231552123952
1.6262510322047894,1.6419102669969723,-0.31707404349022844,-0.056267547481420294,-0.01957886044591245,-0.22224332507569494,-0.49806220754197644,-0.3182631434076521,-0.32158821910267,85660.49876135425,0.2509650707244866
1.6762510322047894,1.6819102669969723,-0.30707404349022843,-0.04626754748142031,0.00042113955408754067,-0.22224332507569494,-0.4880622075419765,-0.3182631434076521,-0.34158821910267,85375.49876135425,0.2517463684082024
1.7562510322047893,1.7619102669969722,-0.26707404349022845,-0.056267547481420294,-0.01957886044591245,-0.2422433250756949,-0.4880622075419765,-0.30826314340765215,-0.33158821910267,85280.49876135425,0.25501985549926687
1.8162510322047893,1.8119102669969722,-0.24707404349022843,-0.056267547481420294,-0.01957886044591245,-0.2322433250756949,-0.4880622075419765,-0.30826314340765215,-0.33158821910267,84973.49876135425,0.2603885650634794
1.8962510322047894,1.901910266996972,-0.25707404349022844,-0.056267547481420294,-0.01957886044591245,-0.2322433250756949,-0.5080622075419765,-0.3282631434076521,-0.32158821910267,85176.49876135425,0.2628831386566155
1.9362510322047894,1.9519102669969723,-0.23707404349022843,-0.056267547481420294,-0.01957886044591245,-0.2322433250756949,-0.49806220754197644,-0.3282631434076521,-0.33158821910267,84859.49876135425,0.26389212608336976
2.0362510322047895,2.0119102669969724,-0.1970740434902284,-0.056267547481420294,-0.01957886044591245,-0.2422433250756949,-0.5180622075419765,-0.3382631434076521,-0.33158821910267,84348.49876135425,0.26791329383850027
2.0862510322047894,2.0919102669969725,-0.16707404349022847,-0.056267547481420294,-0.01957886044591245,-0.22224332507569494,-0.5280622075419764,-0.3582631434076521,-0.33158821910267,84091.49876135425,0.27218146324157644
2.1462510322047894,2.1619102669969723,-0.13707404349022845,-0.056267547481420294,-0.01957886044591245,-0.2322433250756949,-0.5280622075419764,-0.3582631434076521,-0.33158821910267,84086.49876135425,0.2755214691162102
2.2062510322047895,2.211910266996972,-0.09707404349022841,-0.056267547481420294,-0.01957886044591245,-0.2422433250756949,-0.5380622075419764,-0.3582631434076521,-0.34158821910267,83915.49876135425,0.2764973163604765
2.2662510322047895,2.271910266996972,-0.04707404349022848,-0.0662675474814203,-0.029578860445912458,-0.2522433250756949,-0.5380622075419764,-0.3582631434076521,-0.34158821910267,83196.49876135425,0.2791790485382073
2.3162510322047893,2.311910266996972,-0.06707404349022839,-0.0662675474814203,-0.029578860445912458,-0.2522433250756949,-0.5480622075419764,-0.3682631434076521,-0.36158821910267,83199.49876135425,0.2833389759063678
2.3562510322047894,2.3519102669969723,-0.017074043490228452,-0.056267547481420294,-0.01957886044591245,-0.2522433250756949,-0.5480622075419764,-0.3682631434076521,-0.37158821910267004,83278.49876135425,0.2883696079254108
2.3762510322047894,2.381910266996972,0.0029259565097715656,-0.0662675474814203,-0.029578860445912458,-0.27224332507569493,-0.5480622075419764,-0.3682631434076521,-0.38158821910267005,82903.49876135425,0.2883696079254108
2.4362510322047894,2.4319102669969723,0.012925956509771575,-0.0662675474814203,-0.029578860445912458,-0.27224332507569493,-0.5480622075419764,-0.3782631434076521,-0.38158821910267005,83010.49876135425,0.2913906097412102
2.4662510322047893,2.461910266996972,0.0429259565097716,-0.056267547481420294,-0.01957886044591245,-0.27224332507569493,-0.5480622075419764,-0.3782631434076521,-0.38158821910267005,82515.49876135425,0.29636974334716726
2.5162510322047895,2.5119102669969724,0.08292595650977153,-0.056267547481420294,-0.01957886044591245,-0.27224332507569493,-0.5580622075419764,-0.3782631434076521,-0.38158821910267005,82442.49876135425,0.2993659496307366
2.5262510322047893,2.521910266996972,0.14292595650977158,-0.0662675474814203,-0.029578860445912458,-0.27224332507569493,-0.5580622075419764,-0.3882631434076521,-0.39158821910267005,82837.49876135425,0.30376930236816335
2.5462510322047893,2.541910266996972,0.13292595650977157,-0.07626754748142031,-0.03957886044591247,-0.27224332507569493,-0.5480622075419764,-0.3782631434076521,-0.39158821910267005,83368.49876135425,0.30376930236816335
2.5762510322047896,2.5819102669969722,0.14292595650977158,-0.07626754748142031,-0.03957886044591247,-0.27224332507569493,-0.5680622075419764,-0.3882631434076521,-0.38158821910267005,83461.49876135425,0.3079847812652581
2.5862510322047894,2.5819102669969722,0.1529259565097716,-0.0862675474814203,-0.03957886044591247,-0.2522433250756949,-0.5580622075419764,-0.3882631434076521,-0.37158821910267004,84060.49876135425,0.3130096912384026
2.6062510322047894,2.6019102669969723,0.1529259565097716,-0.07626754748142031,-0.03957886044591247,-0.2622433250756949,-0.5680622075419764,-0.3882631434076521,-0.38158821910267005,84475.49876135425,0.31602258682250906
2.5962510322047896,2.6019102669969723,0.1629259565097716,-0.07626754748142031,-0.03957886044591247,-0.27224332507569493,-0.5580622075419764,-0.3782631434076521,-0.38158821910267005,84880.49876135425,0.31602258682250906
2.5762510322047896,2.5819102669969722,0.1729259565097716,-0.07626754748142031,-0.03957886044591247,-0.27224332507569493,-0.5580622075419764,-0.3882631434076521,-0.38158821910267005,85767.49876135425,0.32040853500366495
2.5962510322047896,2.5919102669969725,0.14292595650977158,-0.07626754748142031,-0.03957886044591247,-0.2622433250756949,-0.5580622075419764,-0.3882631434076521,-0.38158821910267005,86478.49876135425,0.3244082450866692
2.6062510322047894,2.6019102669969723,0.1929259565097715,-0.07626754748142031,-0.03957886044591247,-0.27224332507569493,-0.5680622075419764,-0.3982631434076521,-0.39158821910267005,87401.49876135425,0.3287074089050286
2.616251032204789,2.6119102669969725,0.18292595650977161,-0.07626754748142031,-0.03957886044591247,-0.2622433250756949,-0.5780622075419765,-0.3982631434076521,-0.38158821910267005,88016.49876135425,0.32940883636474183
2.5762510322047896,2.5819102669969722,0.21292595650977153,-0.056267547481420294,-0.01957886044591245,-0.28224332507569494,-0.5680622075419764,-0.3882631434076521,-0.40158821910267,88309.49876135425,0.3334090232849114
2.5662510322047893,2.5719102669969724,0.25292595650977157,-0.056267547481420294,-0.01957886044591245,-0.2522433250756949,-0.5680622075419764,-0.3882631434076521,-0.37158821910267004,88966.49876135425,0.3370224952697711
2.5562510322047896,2.561910266996972,0.25292595650977157,-0.04626754748142031,-0.009578860445912468,-0.2522433250756949,-0.5680622075419764,-0.3982631434076521,-0.39158821910267005,89693.49876135425,0.34104890823364187
2.5462510322047893,2.561910266996972,0.2629259565097716,-0.04626754748142031,-0.009578860445912468,-0.2622433250756949,-0.5680622075419764,-0.3982631434076521,-0.40158821910267,89694.49876135425,0.34104890823364187
2.5462510322047893,2.5519102669969724,0.3029259565097716,-0.04626754748142031,-0.009578860445912468,-0.2622433250756949,-0.5780622075419765,-0.3982631434076521,-0.40158821910267,90639.49876135425,0.34615464210510183
2.5262510322047893,2.541910266996972,0.34292595650977165,-0.04626754748142031,-0.009578860445912468,-0.2522433250756949,-0.5680622075419764,-0.3882631434076521,-0.37158821910267004,91492.49876135425,0.35032029151916433
2.5062510322047893,2.5119102669969724,0.34292595650977165,-0.04626754748142031,-0.009578860445912468,-0.2522433250756949,-0.5580622075419764,-0.3882631434076521,-0.37158821910267004,91845.49876135425,0.35345096588134695
2.4862510322047893,2.4919102669969724,0.34292595650977165,-0.036267547481420304,0.00042113955408754067,-0.2622433250756949,-0.5480622075419764,-0.3782631434076521,-0.37158821910267004,92120.49876135425,0.35432071685790945
2.4562510322047895,2.4719102669969724,0.36292595650977166,-0.026267547481420295,0.01042113955408755,-0.28224332507569494,-0.5480622075419764,-0.3682631434076521,-0.39158821910267005,92453.49876135425,0.3567881107330315
2.4462510322047892,2.461910266996972,0.34292595650977165,-0.026267547481420295,0.01042113955408755,-0.28224332507569494,-0.5380622075419764,-0.3682631434076521,-0.39158821910267005,92346.49876135425,0.36162204742431925
2.426251032204789,2.441910266996972,0.39292595650977147,-0.006267547481420305,0.03042113955408754,-0.28224332507569494,-0.5480622075419764,-0.3682631434076521,-0.38158821910267005,91555.49876135425,0.36555500030517507
2.426251032204789,2.441910266996972,0.38292595650977146,-0.006267547481420305,0.03042113955408754,-0.27224332507569493,-0.5280622075419764,-0.3682631434076521,-0.37158821910267004,90608.49876135425,0.36655278205871866
2.406251032204789,2.4119102669969723,0.4329259565097715,0.003732452518579704,0.05042113955408753,-0.28224332507569494,-0.5280622075419764,-0.3582631434076521,-0.37158821910267004,90037.49876135425,0.37055702209472585
2.3762510322047894,2.3919102669969723,0.4329259565097715,0.003732452518579704,0.04042113955408755,-0.27224332507569493,-0.5280622075419764,-0.3582631434076521,-0.37158821910267004,89584.49876135425,0.3741809844970696
2.366251032204789,2.381910266996972,0.4329259565097715,0.003732452518579704,0.04042113955408755,-0.27224332507569493,-0.5080622075419765,-0.3382631434076521,-0.36158821910267,89401.49876135425,0.377916765213012
2.3062510322047896,2.311910266996972,0.46292595650977153,0.003732452518579704,0.05042113955408753,-0.2622433250756949,-0.5080622075419765,-0.3282631434076521,-0.36158821910267,89212.49876135425,0.38201065063476847
2.2362510322047893,2.251910266996972,0.4529259565097715,0.013732452518579685,0.05042113955408753,-0.2422433250756949,-0.4880622075419765,-0.30826314340765215,-0.36158821910267,89449.49876135425,0.38201065063476847
2.1662510322047894,2.1819102669969723,0.4529259565097715,0.0337324525185797,0.07042113955408755,-0.2622433250756949,-0.4780622075419765,-0.29826314340765214,-0.35158821910267,89498.49876135425,0.3865971088409417
2.116251032204789,2.131910266996972,0.4129259565097715,0.05373245251857969,0.09042113955408754,-0.2522433250756949,-0.46806220754197647,-0.29826314340765214,-0.35158821910267,89159.49876135425,0.39017124176024964
2.0762510322047896,2.1019102669969723,0.4029259565097715,0.05373245251857969,0.09042113955408754,-0.2422433250756949,-0.46806220754197647,-0.29826314340765214,-0.33158821910267,88776.49876135425,0.39317317008972097
2.0162510322047895,2.041910266996972,0.4029259565097715,0.05373245251857969,0.09042113955408754,-0.2322433250756949,-0.45806220754197646,-0.28826314340765213,-0.33158821910267,88343.49876135425,0.3941688060760491
1.9862510322047893,2.0119102669969724,0.38292595650977146,0.07373245251857971,0.11042113955408756,-0.22224332507569494,-0.44806220754197645,-0.2782631434076521,-0.33158821910267,87556.49876135425,0.3981692314147942
1.9462510322047892,1.9719102669969724,0.4229259565097715,0.09373245251857967,0.13042113955408752,-0.22224332507569494,-0.43806220754197644,-0.2682631434076521,-0.32158821910267,85819.49876135425,0.40229744911193777
1.9162510322047894,1.9419102669969721,0.4329259565097715,0.09373245251857967,0.14042113955408753,-0.21224332507569493,-0.42806220754197644,-0.2482631434076521,-0.33158821910267,83800.49876135425,0.40653486251830984
1.8862510322047892,1.9119102669969723,0.47292595650977154,0.10373245251857968,0.14042113955408753,-0.22224332507569494,-0.42806220754197644,-0.2482631434076521,-0.33158821910267,82255.49876135425,0.4075419425964384
1.8662510322047892,1.8919102669969723,0.49292595650977156,0.11373245251857969,0.15042113955408754,-0.2422433250756949,-0.4180622075419764,-0.2482631434076521,-0.33158821910267,80778.49876135425,0.4106187343597405
1.8262510322047893,1.8419102669969722,0.5029259565097716,0.1337324525185797,0.18042113955408756,-0.2422433250756949,-0.4080622075419765,-0.2382631434076521,-0.33158821910267,79773.49876135425,0.41523165702819753
1.8062510322047893,1.8219102669969722,0.5229259565097716,0.14373245251857972,0.18042113955408756,-0.2322433250756949,-0.4180622075419764,-0.2582631434076521,-0.32158821910267,79094.49876135425,0.41823191642760804
1.7462510322047893,1.7719102669969722,0.5029259565097716,0.14373245251857972,0.19042113955408752,-0.22224332507569494,-0.42806220754197644,-0.2582631434076521,-0.33158821910267,78439.49876135425,0.41923208236694265
1.6862510322047894,1.7019102669969723,0.46292595650977153,0.1737324525185797,0.22042113955408754,-0.2322433250756949,-0.42806220754197644,-0.2582631434076521,-0.34158821910267,78154.49876135425,0.42323179244995046
1.6462510322047894,1.6619102669969723,0.4029259565097715,0.1937324525185797,0.24042113955408756,-0.22224332507569494,-0.42806220754197644,-0.2682631434076521,-0.33158821910267,77765.49876135425,0.4272322177886956
1.5062510322047893,1.5419102669969722,0.37292595650977167,0.1937324525185797,0.24042113955408756,-0.21224332507569493,-0.44806220754197645,-0.2782631434076521,-0.32158821910267,77468.49876135425,0.4312965393066399
1.4762510322047895,1.5019102669969722,0.36292595650977166,0.20373245251857972,0.24042113955408756,-0.21224332507569493,-0.43806220754197644,-0.2682631434076521,-0.33158821910267,76809.49876135425,0.4322838306426995
1.3962510322047894,1.4119102669969723,0.34292595650977165,0.1937324525185797,0.23042113955408755,-0.21224332507569493,-0.44806220754197645,-0.2782631434076521,-0.35158821910267,75296.49876135425,0.43551416397094656
1.3462510322047894,1.3719102669969723,0.3129259565097716,0.20373245251857972,0.24042113955408756,-0.20224332507569492,-0.4080622075419765,-0.2382631434076521,-0.34158821910267,74177.49876135425,0.44006342887878347
1.3062510322047893,1.3419102669969722,0.3029259565097716,0.2437324525185797,0.28042113955408754,-0.1822433250756949,-0.39806220754197646,-0.2382631434076521,-0.32158821910267,72734.49876135425,0.44359583854675577
1.2562510322047893,1.2919102669969722,0.2929259565097716,0.22373245251857968,0.28042113955408754,-0.19224332507569492,-0.39806220754197646,-0.22826314340765214,-0.32158821910267,71405.49876135425,0.4472898960113554
1.2062510322047895,1.2319102669969724,0.2829259565097716,0.2737324525185797,0.3204211395540875,-0.19224332507569492,-0.39806220754197646,-0.21826314340765213,-0.32158821910267,70374.49876135425,0.44762797355651784
1.1762510322047894,1.1919102669969723,0.2929259565097716,0.2937324525185797,0.35042113955408755,-0.19224332507569492,-0.38806220754197646,-0.20826314340765212,-0.32158821910267,69761.49876135425,0.4521066665649407
1.1062510322047894,1.1419102669969723,0.3029259565097716,0.31373245251857973,0.37042113955408756,-0.1722433250756949,-0.37806220754197645,-0.20826314340765212,-0.30158821910267003,68990.49876135425,0.4565634250640862
1.0762510322047893,1.1119102669969723,0.2629259565097716,0.33373245251857975,0.37042113955408756,-0.15224332507569494,-0.36806220754197644,-0.1982631434076521,-0.31158821910267004,68619.49876135425,0.4601127624511676
1.0462510322047893,1.0819102669969722,0.1929259565097715,0.34373245251857976,0.4004211395540876,-0.1122433250756949,-0.35806220754197643,-0.1882631434076521,-0.31158821910267004,68064.49876135425,0.4601127624511676
0.9962510322047893,1.0119102669969722,0.1729259565097716,0.37373245251857967,0.4204211395540875,-0.13224332507569492,-0.33806220754197647,-0.16826314340765214,-0.31158821910267004,67243.49876135425,0.46390790939330984
0.9562510322047895,0.9819102669969723,0.18292595650977161,0.4037324525185797,0.4504211395540875,-0.10224332507569495,-0.32806220754197646,-0.15826314340765213,-0.30158821910267003,66744.49876135425,0.46777195930480886
0.9362510322047894,0.9519102669969722,0.1929259565097715,0.4037324525185797,0.4504211395540875,-0.09224332507569494,-0.31806220754197645,-0.14826314340765212,-0.30158821910267003,66247.49876135425,0.472071838378902
0.9062510322047894,0.9419102669969722,0.1729259565097716,0.44373245251857973,0.49042113955408756,-0.09224332507569494,-0.31806220754197645,-0.1382631434076521,-0.29158821910267,65716.49876135425,0.47281951904296804
0.8962510322047894,0.9119102669969722,0.1729259565097716,0.48373245251857977,0.5304211395540874,-0.07224332507569492,-0.29806220754197643,-0.1282631434076521,-0.29158821910267,64707.498761354254,0.476519060134887
0.8562510322047894,0.8819102669969722,0.1529259565097716,0.48373245251857977,0.5504211395540874,-0.08224332507569493,-0.2880622075419765,-0.1282631434076521,-0.29158821910267,63720.498761354254,0.4803635597228997
0.8762510322047894,0.8919102669969722,0.11292595650977155,0.5537324525185797,0.6004211395540875,-0.0522433250756949,-0.29806220754197643,-0.1182631434076521,-0.29158821910267,63115.498761354254,0.48438949584960866
0.8662510322047894,0.8819102669969722,0.08292595650977153,0.5437324525185797,0.6004211395540875,-0.06224332507569491,-0.29806220754197643,-0.1282631434076521,-0.29158821910267,62358.498761354254,0.4851707935333245
0.8462510322047894,0.8719102669969722,0.07292595650977152,0.5937324525185798,0.6404211395540875,-0.06224332507569491,-0.2880622075419765,-0.1182631434076521,-0.28158821910267,62343.498761354254,0.48851938247680593
0.8062510322047893,0.8219102669969721,0.07292595650977152,0.5737324525185797,0.6204211395540875,-0.0522433250756949,-0.27806220754197647,-0.10826314340765214,-0.28158821910267,62260.498761354254,0.492620658874511
0.8062510322047893,0.8219102669969721,0.03292595650977159,0.6037324525185798,0.6604211395540875,-0.07224332507569492,-0.27806220754197647,-0.10826314340765214,-0.28158821910267,62443.498761354254,0.4966046333312981
0.7662510322047895,0.7819102669969722,-0.007074043490228443,0.6537324525185797,0.7004211395540876,-0.09224332507569494,-0.27806220754197647,-0.10826314340765214,-0.28158821910267,62580.498761354254,0.4966046333312981
0.7662510322047895,0.7919102669969722,-0.04707404349022848,0.6537324525185797,0.7104211395540876,-0.08224332507569493,-0.2880622075419765,-0.10826314340765214,-0.28158821910267,62887.498761354254,0.5010923862457268
0.7562510322047895,0.7719102669969722,-0.05707404349022849,0.6637324525185797,0.7204211395540876,-0.06224332507569491,-0.29806220754197643,-0.1282631434076521,-0.28158821910267,63148.498761354254,0.5051483631134026
0.7462510322047895,0.7819102669969722,-0.09707404349022841,0.6837324525185797,0.7304211395540876,-0.0522433250756949,-0.29806220754197643,-0.1282631434076521,-0.28158821910267,63469.498761354254,0.5091938495635979
0.7562510322047895,0.7719102669969722,-0.11707404349022843,0.6837324525185797,0.7304211395540876,-0.0522433250756949,-0.29806220754197643,-0.1382631434076521,-0.28158821910267,64088.498761354254,0.5091938495635979
0.7262510322047895,0.7419102669969722,-0.13707404349022845,0.7237324525185798,0.7704211395540876,-0.04224332507569495,-0.31806220754197645,-0.1382631434076521,-0.26158821910267005,64487.498761354254,0.5132178783416741
0.7062510322047895,0.7319102669969721,-0.11707404349022843,0.7237324525185798,0.7704211395540876,-0.08224332507569493,-0.2880622075419765,-0.1282631434076521,-0.26158821910267005,65244.498761354254,0.5169615268707268
0.7162510322047895,0.7319102669969721,-0.15707404349022847,0.7237324525185798,0.7704211395540876,-0.08224332507569493,-0.27806220754197647,-0.10826314340765214,-0.27158821910267006,66551.49876135425,0.5213391304016106
0.6862510322047894,0.7019102669969721,-0.17707404349022848,0.7137324525185798,0.7704211395540876,-0.06224332507569491,-0.2880622075419765,-0.1182631434076521,-0.27158821910267006,66950.49876135425,0.5257443904876702
0.6762510322047894,0.6919102669969721,-0.2070740434902284,0.6937324525185797,0.7504211395540876,-0.04224332507569495,-0.2880622075419765,-0.1282631434076521,-0.28158821910267,67993.49876135425,0.5257443904876702
0.6762510322047894,0.6819102669969722,-0.1970740434902284,0.7137324525185798,0.7604211395540876,-0.06224332507569491,-0.2880622075419765,-0.1182631434076521,-0.29158821910267,68884.49876135425,0.5289666175842278
0.6762510322047894,0.7019102669969721,-0.2070740434902284,0.7037324525185797,0.7504211395540876,-0.06224332507569491,-0.29806220754197643,-0.10826314340765214,-0.28158821910267,69891.49876135425,0.5338038921356194
0.6562510322047894,0.6819102669969722,-0.23707404349022843,0.7137324525185798,0.7504211395540876,-0.10224332507569495,-0.2880622075419765,-0.1182631434076521,-0.29158821910267,71098.49876135425,0.5376479148864739
0.6862510322047894,0.7119102669969721,-0.24707404349022843,0.6937324525185797,0.7504211395540876,-0.09224332507569494,-0.27806220754197647,-0.1182631434076521,-0.29158821910267,72449.49876135425,0.538356971740722
0.7062510322047895,0.7319102669969721,-0.24707404349022843,0.6737324525185797,0.7204211395540876,-0.1122433250756949,-0.26806220754197646,-0.09826314340765213,-0.28158821910267,73338.49876135425,0.5419280052185016
0.7062510322047895,0.7219102669969721,-0.24707404349022843,0.7137324525185798,0.7404211395540876,-0.1722433250756949,-0.25806220754197645,-0.08826314340765212,-0.27158821910267006,74201.49876135425,0.5466892242431634
0.7462510322047895,0.7619102669969722,-0.27707404349022846,0.6637324525185797,0.7104211395540876,-0.1722433250756949,-0.24806220754197644,-0.07826314340765211,-0.27158821910267006,75248.49876135425,0.5497731685638421
0.7662510322047895,0.7919102669969722,-0.27707404349022846,0.6537324525185797,0.7104211395540876,-0.16224332507569494,-0.25806220754197645,-0.07826314340765211,-0.27158821910267006,76209.49876135425,0.5502833843231194
0.7862510322047895,0.8119102669969721,-0.2970740434902284,0.6437324525185797,0.6804211395540876,-0.12224332507569491,-0.26806220754197646,-0.08826314340765212,-0.27158821910267006,76898.49876135425,0.5532636165618889
0.8362510322047894,0.8519102669969721,-0.27707404349022846,0.6037324525185798,0.6504211395540875,-0.16224332507569494,-0.26806220754197646,-0.09826314340765213,-0.27158821910267006,77699.49876135425,0.5586068153381305
0.8762510322047894,0.8919102669969722,-0.26707404349022845,0.5937324525185798,0.6304211395540875,-0.16224332507569494,-0.27806220754197647,-0.09826314340765213,-0.27158821910267006,78856.49876135425,0.5622908592224078
0.9162510322047894,0.9319102669969722,-0.2870740434902284,0.5737324525185797,0.6204211395540875,-0.16224332507569494,-0.27806220754197647,-0.10826314340765214,-0.27158821910267006,79507.49876135425,0.5633608818054192
0.9862510322047893,0.9919102669969723,-0.2870740434902284,0.5337324525185797,0.5704211395540875,-0.16224332507569494,-0.26806220754197646,-0.09826314340765213,-0.27158821910267006,79608.49876135425,0.5663766384124784
1.0062510322047893,1.0019102669969722,-0.27707404349022846,0.5237324525185797,0.5704211395540875,-0.16224332507569494,-0.27806220754197647,-0.09826314340765213,-0.27158821910267006,79719.49876135425,0.5699791431426995
1.0762510322047893,1.1019102669969723,-0.26707404349022845,0.5137324525185797,0.5504211395540874,-0.16224332507569494,-0.27806220754197647,-0.09826314340765213,-0.27158821910267006,80216.49876135425,0.5753941059112506
1.1262510322047894,1.1319102669969723,-0.27707404349022846,0.5137324525185797,0.5604211395540875,-0.16224332507569494,-0.2880622075419765,-0.1182631434076521,-0.28158821910267,80409.49876135425,0.575588655471801
1.1862510322047894,1.1919102669969723,-0.25707404349022844,0.5137324525185797,0.5504211395540874,-0.1722433250756949,-0.2880622075419765,-0.1282631434076521,-0.29158821910267,80442.49876135425,0.5796184062957757
1.2162510322047895,1.2319102669969724,-0.25707404349022844,0.5037324525185797,0.5404211395540874,-0.1822433250756949,-0.29806220754197643,-0.1282631434076521,-0.29158821910267,80777.49876135425,0.5836185932159417
1.3162510322047893,1.3319102669969722,-0.24707404349022843,0.47373245251857976,0.5204211395540876,-0.1722433250756949,-0.29806220754197643,-0.1282631434076521,-0.30158821910267003,80836.49876135425,0.5870811462402337
1.3662510322047894,1.3719102669969723,-0.2070740434902284,0.46373245251857975,0.5004211395540876,-0.19224332507569492,-0.30806220754197644,-0.1382631434076521,-0.30158821910267003,80767.49876135425,0.5908522129058831
1.4362510322047894,1.4519102669969723,-0.2170740434902284,0.44373245251857973,0.47042113955408754,-0.1822433250756949,-0.30806220754197644,-0.1382631434076521,-0.29158821910267,80336.49876135425,0.5908522129058831
1.4662510322047895,1.4719102669969724,-0.16707404349022847,0.44373245251857973,0.48042113955408755,-0.1822433250756949,-0.31806220754197645,-0.1382631434076521,-0.30158821910267003,79955.49876135425,0.5953046798706048
1.5362510322047893,1.5519102669969722,-0.16707404349022847,0.4237324525185797,0.46042113955408753,-0.19224332507569492,-0.31806220754197645,-0.14826314340765212,-0.31158821910267004,79442.49876135425,0.5996531963348382
1.5962510322047894,1.6119102669969723,-0.14707404349022846,0.4137324525185797,0.4504211395540875,-0.20224332507569492,-0.32806220754197646,-0.14826314340765212,-0.32158821910267,79091.49876135425,0.6030058383941643
1.6462510322047894,1.6619102669969723,-0.09707404349022841,0.3937324525185797,0.4204211395540875,-0.20224332507569492,-0.32806220754197646,-0.15826314340765213,-0.33158821910267,78962.49876135425,0.6037616252899198
1.7262510322047895,1.7519102669969722,-0.12707404349022844,0.3637324525185798,0.3904211395540876,-0.19224332507569492,-0.32806220754197646,-0.15826314340765213,-0.33158821910267,78817.49876135425,0.6077615737915032
1.7862510322047893,1.8019102669969722,-0.09707404349022841,0.35373245251857977,0.3804211395540876,-0.21224332507569493,-0.32806220754197646,-0.16826314340765214,-0.34158821910267,78412.49876135425,0.6112684726715081
1.8462510322047894,1.8619102669969723,-0.0770740434902284,0.33373245251857975,0.36042113955408756,-0.21224332507569493,-0.33806220754197647,-0.16826314340765214,-0.34158821910267,78157.49876135425,0.6157738685607903
1.8862510322047892,1.9119102669969723,-0.03707404349022847,0.31373245251857973,0.35042113955408755,-0.20224332507569492,-0.3480622075419765,-0.1782631434076521,-0.34158821910267,78338.49876135425,0.6167401790618889
1.9762510322047895,1.9919102669969724,-0.04707404349022848,0.2937324525185797,0.3204211395540875,-0.22224332507569494,-0.3480622075419765,-0.1782631434076521,-0.34158821910267,78309.49876135425,0.6197435379028313
1.9962510322047895,2.001910266996972,-0.04707404349022848,0.2937324525185797,0.3204211395540875,-0.22224332507569494,-0.35806220754197643,-0.1882631434076521,-0.34158821910267,77672.49876135425,0.6238262176513665
2.0462510322047893,2.061910266996972,0.05292595650977161,0.2637324525185797,0.30042113955408756,-0.22224332507569494,-0.36806220754197644,-0.20826314340765212,-0.34158821910267,77613.49876135425,0.6281275272369378
2.0962510322047896,2.1119102669969725,0.05292595650977161,0.2337324525185797,0.27042113955408753,-0.2422433250756949,-0.36806220754197644,-0.1982631434076521,-0.35158821910267,77632.49876135425,0.6281275272369378
2.136251032204789,2.1419102669969723,0.08292595650977153,0.2337324525185797,0.27042113955408753,-0.2422433250756949,-0.37806220754197645,-0.20826314340765212,-0.35158821910267,77477.49876135425,0.6325499534606926
2.176251032204789,2.1819102669969723,0.09292595650977153,0.22373245251857968,0.2604211395540875,-0.2322433250756949,-0.36806220754197644,-0.20826314340765212,-0.35158821910267,77104.49876135425,0.6364125728607206
2.2262510322047895,2.2419102669969724,0.08292595650977153,0.21373245251857967,0.24042113955408756,-0.22224332507569494,-0.36806220754197644,-0.20826314340765212,-0.35158821910267,76789.49876135425,0.6400918483734124
2.2462510322047895,2.251910266996972,0.13292595650977157,0.20373245251857972,0.24042113955408756,-0.2322433250756949,-0.35806220754197643,-0.1982631434076521,-0.34158821910267,76254.49876135425,0.6400918483734124
2.2962510322047893,2.311910266996972,0.11292595650977155,0.1837324525185797,0.22042113955408754,-0.2322433250756949,-0.36806220754197644,-0.1982631434076521,-0.36158821910267,75967.49876135425,0.645167541503902
2.3462510322047896,2.3519102669969723,0.1729259565097716,0.1937324525185797,0.22042113955408754,-0.2422433250756949,-0.36806220754197644,-0.20826314340765212,-0.37158821910267004,75828.49876135425,0.6479858875274616
2.3562510322047894,2.3719102669969723,0.22292595650977154,0.1737324525185797,0.20042113955408752,-0.2522433250756949,-0.37806220754197645,-0.20826314340765212,-0.37158821910267004,75629.49876135425,0.651943635940551
2.386251032204789,2.401910266996972,0.20292595650977152,0.15373245251857967,0.18042113955408756,-0.2622433250756949,-0.37806220754197645,-0.20826314340765212,-0.37158821910267004,75212.49876135425,0.6528613090515165
2.406251032204789,2.421910266996972,0.22292595650977154,0.1337324525185797,0.16042113955408754,-0.27224332507569493,-0.36806220754197644,-0.20826314340765212,-0.38158821910267005,75145.49876135425,0.6568593502044671
2.4162510322047894,2.421910266996972,0.24292595650977156,0.1337324525185797,0.16042113955408754,-0.27224332507569493,-0.36806220754197644,-0.20826314340765212,-0.37158821910267004,75084.49876135425,0.6608588218688958
2.426251032204789,2.441910266996972,0.2729259565097716,0.11373245251857969,0.15042113955408754,-0.27224332507569493,-0.35806220754197643,-0.1982631434076521,-0.37158821910267004,75361.49876135425,0.6648575782775872
2.4562510322047895,2.461910266996972,0.3029259565097716,0.10373245251857968,0.13042113955408752,-0.27224332507569493,-0.36806220754197644,-0.20826314340765212,-0.37158821910267004,75792.49876135425,0.6683973789215081
2.4662510322047893,2.4719102669969724,0.35292595650977165,0.10373245251857968,0.13042113955408752,-0.27224332507569493,-0.36806220754197644,-0.20826314340765212,-0.38158821910267005,76081.49876135425,0.6694454669952385
2.4662510322047893,2.481910266996972,0.37292595650977167,0.09373245251857967,0.12042113955408756,-0.27224332507569493,-0.36806220754197644,-0.1982631434076521,-0.37158821910267004,76376.49876135425,0.6735245704650872
2.4562510322047895,2.4719102669969724,0.4129259565097715,0.08373245251857972,0.12042113955408756,-0.28224332507569494,-0.35806220754197643,-0.1982631434076521,-0.38158821910267005,76411.49876135425,0.6770092964172392
2.4462510322047892,2.461910266996972,0.4129259565097715,0.07373245251857971,0.10042113955408755,-0.27224332507569493,-0.36806220754197644,-0.20826314340765212,-0.37158821910267004,76810.49876135425,0.6809923171997063
2.4562510322047895,2.4719102669969724,0.4229259565097715,0.0637324525185797,0.09042113955408754,-0.28224332507569494,-0.36806220754197644,-0.20826314340765212,-0.39158821910267005,77115.49876135425,0.6809923171997063
2.4662510322047893,2.4719102669969724,0.4429259565097715,0.05373245251857969,0.09042113955408754,-0.28224332507569494,-0.37806220754197645,-0.20826314340765212,-0.38158821910267005,77162.49876135425,0.6850189685821562
2.4462510322047892,2.4519102669969723,0.4529259565097715,0.05373245251857969,0.09042113955408754,-0.29224332507569495,-0.37806220754197645,-0.20826314340765212,-0.40158821910267,77541.49876135425,0.6900188446044879
2.426251032204789,2.441910266996972,0.4529259565097715,0.05373245251857969,0.09042113955408754,-0.29224332507569495,-0.37806220754197645,-0.21826314340765213,-0.39158821910267005,78360.49876135425,0.6933505058288567
2.4362510322047894,2.4519102669969723,0.47292595650977154,0.05373245251857969,0.09042113955408754,-0.30224332507569496,-0.38806220754197646,-0.22826314340765214,-0.39158821910267005,78003.49876135425,0.6940187931060784
2.4362510322047894,2.4519102669969723,0.49292595650977156,0.0637324525185797,0.10042113955408755,-0.29224332507569495,-0.39806220754197646,-0.2382631434076521,-0.39158821910267005,77336.49876135425,0.6973225593566887
2.4362510322047894,2.4519102669969723,0.5329259565097716,0.0637324525185797,0.10042113955408755,-0.29224332507569495,-0.4080622075419765,-0.2382631434076521,-0.39158821910267005,76539.49876135425,0.7025503635406487
2.406251032204789,2.421910266996972,0.5329259565097716,0.07373245251857971,0.11042113955408756,-0.29224332507569495,-0.4180622075419764,-0.2482631434076521,-0.39158821910267005,75420.49876135425,0.7048024654388421
2.386251032204789,2.401910266996972,0.5329259565097716,0.07373245251857971,0.11042113955408756,-0.29224332507569495,-0.4080622075419765,-0.2482631434076521,-0.38158821910267005,74997.49876135425,0.7060062408447259
2.3562510322047894,2.3719102669969723,0.5329259565097716,0.08373245251857972,0.12042113955408756,-0.28224332507569494,-0.4080622075419765,-0.2482631434076521,-0.39158821910267005,75072.49876135425,0.7091609954833977
2.3262510322047896,2.3319102669969722,0.5529259565097716,0.08373245251857972,0.12042113955408756,-0.29224332507569495,-0.4080622075419765,-0.2382631434076521,-0.39158821910267005,74583.49876135425,0.713154745101928
2.2662510322047895,2.2819102669969724,0.5529259565097716,0.08373245251857972,0.12042113955408756,-0.29224332507569495,-0.4180622075419764,-0.2482631434076521,-0.39158821910267005,74630.49876135425,0.7181539058685296
2.2262510322047895,2.231910266996972,0.5229259565097716,0.09373245251857967,0.13042113955408752,-0.29224332507569495,-0.4180622075419764,-0.2482631434076521,-0.38158821910267005,75025.49876135425,0.7181539058685296
2.156251032204789,2.171910266996972,0.5029259565097716,0.09373245251857967,0.13042113955408752,-0.28224332507569494,-0.4180622075419764,-0.2582631434076521,-0.38158821910267005,75026.49876135425,0.7221521854400628
2.1062510322047894,2.131910266996972,0.5029259565097716,0.10373245251857968,0.14042113955408753,-0.27224332507569493,-0.4080622075419765,-0.2482631434076521,-0.36158821910267,75217.49876135425,0.7261697769165032
2.0662510322047893,2.0919102669969725,0.48292595650977155,0.11373245251857969,0.15042113955408754,-0.2622433250756949,-0.4180622075419764,-0.2482631434076521,-0.35158821910267,75708.49876135425,0.7302596092224078
2.0162510322047895,2.041910266996972,0.47292595650977154,0.11373245251857969,0.15042113955408754,-0.2422433250756949,-0.4080622075419765,-0.2482631434076521,-0.34158821910267,75227.49876135425,0.7313160419464104
1.9962510322047895,2.021910266996972,0.46292595650977153,0.1237324525185797,0.16042113955408754,-0.2522433250756949,-0.4080622075419765,-0.2482631434076521,-0.35158821910267,73908.49876135425,0.7343112945556634
1.9562510322047895,1.9919102669969724,0.48292595650977155,0.1237324525185797,0.17042113955408755,-0.2522433250756949,-0.4180622075419764,-0.2582631434076521,-0.36158821910267,72285.49876135425,0.738683891296386
1.9562510322047895,1.9919102669969724,0.48292595650977155,0.14373245251857972,0.19042113955408752,-0.2522433250756949,-0.39806220754197646,-0.2382631434076521,-0.35158821910267,70264.49876135425,0.7424730777740471
1.9362510322047894,1.9519102669969723,0.49292595650977156,0.15373245251857967,0.18042113955408756,-0.2522433250756949,-0.39806220754197646,-0.2382631434076521,-0.35158821910267,68773.49876135425,0.7466105937957757
1.8662510322047892,1.901910266996972,0.5029259565097716,0.16373245251857968,0.20042113955408752,-0.2522433250756949,-0.4080622075419765,-0.2482631434076521,-0.35158821910267,67566.49876135425,0.7475594997405999
1.8362510322047894,1.8619102669969723,0.49292595650977156,0.15373245251857967,0.19042113955408752,-0.2522433250756949,-0.39806220754197646,-0.22826314340765214,-0.34158821910267,66381.49876135425,0.7510938167571979
1.7562510322047893,1.7919102669969722,0.46292595650977153,0.15373245251857967,0.19042113955408752,-0.2622433250756949,-0.4180622075419764,-0.2482631434076521,-0.34158821910267,66110.49876135425,0.7551238059997587
1.6662510322047894,1.7019102669969723,0.4329259565097715,0.1837324525185797,0.22042113955408754,-0.2422433250756949,-0.38806220754197646,-0.22826314340765214,-0.34158821910267,66559.49876135425,0.7584840774536126
1.6262510322047894,1.6519102669969723,0.35292595650977165,0.1737324525185797,0.21042113955408753,-0.21224332507569493,-0.43806220754197644,-0.2682631434076521,-0.34158821910267,66442.49876135425,0.7591220855712884
1.5162510322047893,1.5419102669969722,0.32292595650977163,0.20373245251857972,0.2504211395540875,-0.2322433250756949,-0.4180622075419764,-0.2482631434076521,-0.35158821910267,65705.49876135425,0.763123703002929
1.4762510322047895,1.5019102669969722,0.3129259565097716,0.2337324525185797,0.27042113955408753,-0.21224332507569493,-0.4180622075419764,-0.2482631434076521,-0.33158821910267,64998.498761354254,0.7675730705261223
1.4262510322047894,1.4519102669969723,0.2929259565097716,0.20373245251857972,0.2504211395540875,-0.20224332507569492,-0.4080622075419765,-0.21826314340765213,-0.33158821910267,63891.498761354254,0.7712108612060504
1.3662510322047894,1.3919102669969723,0.2929259565097716,0.2437324525185797,0.30042113955408756,-0.22224332507569494,-0.39806220754197646,-0.22826314340765214,-0.32158821910267,62726.498761354254,0.7712108612060504
1.3062510322047893,1.3319102669969722,0.2929259565097716,0.2437324525185797,0.30042113955408756,-0.20224332507569492,-0.39806220754197646,-0.2382631434076521,-0.34158821910267,61743.498761354254,0.7762321949005155
1.2662510322047893,1.2919102669969722,0.25292595650977157,0.2637324525185797,0.3204211395540875,-0.20224332507569492,-0.4080622075419765,-0.22826314340765214,-0.33158821910267,60856.498761354254,0.7798969268798821
1.1962510322047895,1.2319102669969724,0.1929259565097715,0.2937324525185797,0.35042113955408755,-0.19224332507569492,-0.39806220754197646,-0.2382631434076521,-0.33158821910267,60137.498761354254,0.7828235149383538
1.1462510322047894,1.1719102669969723,0.21292595650977153,0.3037324525185797,0.35042113955408755,-0.1822433250756949,-0.39806220754197646,-0.21826314340765213,-0.32158821910267,59904.498761354254,0.7838541984558098
1.0862510322047894,1.1219102669969723,0.1929259565097715,0.31373245251857973,0.37042113955408756,-0.1722433250756949,-0.39806220754197646,-0.22826314340765214,-0.32158821910267,59777.498761354254,0.7878660678863554
1.0262510322047893,1.0619102669969722,0.1529259565097716,0.32373245251857974,0.3804211395540876,-0.1722433250756949,-0.39806220754197646,-0.2382631434076521,-0.33158821910267,59276.498761354254,0.7918564796447711
0.9462510322047895,0.9719102669969722,0.18292595650977161,0.33373245251857975,0.3804211395540876,-0.16224332507569494,-0.35806220754197643,-0.1882631434076521,-0.32158821910267,59263.498761354254,0.7958566665649407
0.9462510322047895,0.9519102669969722,0.12292595650977156,0.35373245251857977,0.4004211395540876,-0.16224332507569494,-0.35806220754197643,-0.1882631434076521,-0.33158821910267,59280.498761354254,0.7958566665649407
0.8862510322047894,0.9119102669969722,0.14292595650977158,0.35373245251857977,0.4004211395540876,-0.15224332507569494,-0.33806220754197647,-0.1782631434076521,-0.32158821910267,58999.498761354254,0.7988795757293694
0.8862510322047894,0.9119102669969722,0.13292595650977157,0.35373245251857977,0.4104211395540875,-0.16224332507569494,-0.32806220754197646,-0.15826314340765213,-0.32158821910267,58748.498761354254,0.8039602756500237
0.8662510322047894,0.8919102669969722,0.1529259565097716,0.37373245251857967,0.4304211395540875,-0.15224332507569494,-0.31806220754197645,-0.14826314340765212,-0.31158821910267004,58045.498761354254,0.8081938743591301
0.8662510322047894,0.8819102669969722,0.14292595650977158,0.4137324525185797,0.46042113955408753,-0.13224332507569492,-0.30806220754197644,-0.1382631434076521,-0.31158821910267004,57214.498761354254,0.8081938743591301
0.8562510322047894,0.8719102669969722,0.11292595650977155,0.4237324525185797,0.47042113955408754,-0.13224332507569492,-0.29806220754197643,-0.1282631434076521,-0.30158821910267003,56465.498761354254,0.8121931076049798
0.8262510322047893,0.8519102669969721,0.10292595650977154,0.44373245251857973,0.5004211395540876,-0.13224332507569492,-0.29806220754197643,-0.1382631434076521,-0.30158821910267003,55958.498761354254,0.8164245605468743
0.8462510322047894,0.8619102669969722,0.08292595650977153,0.46373245251857975,0.5104211395540876,-0.1122433250756949,-0.30806220754197644,-0.1282631434076521,-0.30158821910267003,55627.498761354254,0.8204218864440875
0.8162510322047893,0.8219102669969721,0.05292595650977161,0.47373245251857976,0.5204211395540876,-0.12224332507569491,-0.29806220754197643,-0.1382631434076521,-0.30158821910267003,55454.498761354254,0.8240963935852044
0.8362510322047894,0.8619102669969722,0.022925956509771583,0.48373245251857977,0.5304211395540874,-0.1122433250756949,-0.29806220754197643,-0.1282631434076521,-0.30158821910267003,55419.498761354254,0.8251423358917229
0.8362510322047894,0.8619102669969722,0.022925956509771583,0.48373245251857977,0.5304211395540874,-0.12224332507569491,-0.27806220754197647,-0.1182631434076521,-0.29158821910267,55214.498761354254,0.8296229362487786
0.7862510322047895,0.8219102669969721,-0.017074043490228452,0.5137324525185797,0.5604211395540875,-0.1122433250756949,-0.2880622075419765,-0.10826314340765214,-0.29158821910267,55325.498761354254,0.8328096389770501
0.7462510322047895,0.7719102669969722,-0.04707404349022848,0.5437324525185797,0.6004211395540875,-0.1122433250756949,-0.2880622075419765,-0.1282631434076521,-0.29158821910267,55324.498761354254,0.8371622085571282
0.7762510322047895,0.8019102669969722,-0.04707404349022848,0.5537324525185797,0.6104211395540875,-0.10224332507569495,-0.30806220754197644,-0.1382631434076521,-0.28158821910267,55329.498761354254,0.8371622085571282
0.7762510322047895,0.8019102669969722,-0.06707404349022839,0.5837324525185797,0.6304211395540875,-0.09224332507569494,-0.29806220754197643,-0.1282631434076521,-0.28158821910267,55896.498761354254,0.840706539154052
0.7762510322047895,0.8019102669969722,-0.05707404349022849,0.5937324525185798,0.6404211395540875,-0.07224332507569492,-0.30806220754197644,-0.1282631434076521,-0.29158821910267,55837.498761354254,0.8454443931579583
0.7562510322047895,0.7819102669969722,-0.0770740434902284,0.6337324525185797,0.6704211395540876,-0.09224332507569494,-0.32806220754197646,-0.15826314340765213,-0.29158821910267,56396.498761354254,0.8491770744323723
0.7662510322047895,0.7819102669969722,-0.10707404349022842,0.6337324525185797,0.6704211395540876,-0.04224332507569495,-0.29806220754197643,-0.1282631434076521,-0.28158821910267,56951.498761354254,0.8497695446014397
0.7262510322047895,0.7519102669969722,-0.12707404349022844,0.6337324525185797,0.6704211395540876,-0.09224332507569494,-0.29806220754197643,-0.1282631434076521,-0.29158821910267,57688.498761354254,0.8528608798980706
0.7262510322047895,0.7519102669969722,-0.14707404349022846,0.6337324525185797,0.6704211395540876,-0.10224332507569495,-0.30806220754197644,-0.1382631434076521,-0.29158821910267,58019.498761354254,0.857864332199096
0.7262510322047895,0.7419102669969722,-0.13707404349022845,0.6237324525185797,0.6704211395540876,-0.09224332507569494,-0.31806220754197645,-0.1382631434076521,-0.30158821910267003,58894.498761354254,0.8608610153198235
0.7462510322047895,0.7619102669969722,-0.15707404349022847,0.6437324525185797,0.6804211395540876,-0.13224332507569492,-0.29806220754197643,-0.1282631434076521,-0.30158821910267003,59581.498761354254,0.8618647575378375
0.7362510322047895,0.7519102669969722,-0.18707404349022838,0.6437324525185797,0.6704211395540876,-0.14224332507569493,-0.30806220754197644,-0.1382631434076521,-0.30158821910267003,60566.498761354254,0.8649017333984403
0.7362510322047895,0.7519102669969722,-0.22707404349022842,0.6137324525185798,0.6704211395540876,-0.16224332507569494,-0.29806220754197643,-0.1282631434076521,-0.29158821910267,61709.498761354254,0.8691761016845696
0.7662510322047895,0.7619102669969722,-0.1970740434902284,0.6037324525185798,0.6404211395540875,-0.16224332507569494,-0.29806220754197643,-0.1282631434076521,-0.31158821910267004,62818.498761354254,0.8742186546325676
0.7762510322047895,0.7919102669969722,-0.16707404349022847,0.6237324525185797,0.6604211395540875,-0.13224332507569492,-0.29806220754197643,-0.1282631434076521,-0.30158821910267003,63605.498761354254,0.8742186546325676
0.8062510322047893,0.8319102669969721,-0.18707404349022838,0.5737324525185797,0.6104211395540875,-0.1722433250756949,-0.2880622075419765,-0.1182631434076521,-0.29158821910267,63872.498761354254,0.8782200336456292
0.8362510322047894,0.8619102669969722,-0.18707404349022838,0.5937324525185798,0.6304211395540875,-0.16224332507569494,-0.29806220754197643,-0.1282631434076521,-0.30158821910267003,64419.498761354254,0.8824719905853264
0.8662510322047894,0.8819102669969722,-0.18707404349022838,0.5837324525185797,0.6104211395540875,-0.19224332507569492,-0.27806220754197647,-0.10826314340765214,-0.30158821910267003,65298.498761354254,0.8864724159240716
0.8962510322047894,0.9119102669969722,-0.18707404349022838,0.5537324525185797,0.5904211395540875,-0.1822433250756949,-0.27806220754197647,-0.10826314340765214,-0.32158821910267,65715.49876135425,0.8864724159240716
0.9462510322047895,0.9719102669969722,-0.16707404349022847,0.5237324525185797,0.5504211395540874,-0.15224332507569494,-0.26806220754197646,-0.09826314340765213,-0.31158821910267004,66790.49876135425,0.8905598640441887
0.9862510322047893,1.0019102669969722,-0.15707404349022847,0.48373245251857977,0.5204211395540876,-0.15224332507569494,-0.26806220754197646,-0.09826314340765213,-0.29158821910267,67415.49876135425,0.894001913070678
1.0362510322047893,1.0619102669969722,-0.13707404349022845,0.47373245251857976,0.5204211395540876,-0.14224332507569493,-0.26806220754197646,-0.09826314340765213,-0.30158821910267003,67816.49876135425,0.8982851028442376
1.1062510322047894,1.1119102669969723,-0.11707404349022843,0.48373245251857977,0.5204211395540876,-0.14224332507569493,-0.27806220754197647,-0.10826314340765214,-0.29158821910267,68229.49876135425,0.8993255615234403
1.1762510322047894,1.1819102669969723,-0.11707404349022843,0.46373245251857975,0.49042113955408756,-0.14224332507569493,-0.27806220754197647,-0.10826314340765214,-0.29158821910267,68568.49876135425,0.901762676239013
1.1962510322047895,1.2219102669969724,-0.13707404349022845,0.44373245251857973,0.48042113955408755,-0.13224332507569492,-0.27806220754197647,-0.10826314340765214,-0.28158821910267,68807.49876135425,0.9058961391448968
1.2662510322047893,1.2719102669969722,-0.12707404349022844,0.4237324525185797,0.46042113955408753,-0.14224332507569493,-0.2880622075419765,-0.1182631434076521,-0.28158821910267,69254.49876135425,0.9108705043792718
1.3062510322047893,1.3119102669969722,-0.10707404349022842,0.4237324525185797,0.46042113955408753,-0.15224332507569494,-0.2880622075419765,-0.1182631434076521,-0.29158821910267,69369.49876135425,0.9141356468200676
1.3462510322047894,1.3719102669969723,-0.0770740434902284,0.3837324525185797,0.4204211395540875,-0.1722433250756949,-0.27806220754197647,-0.1182631434076521,-0.29158821910267,69248.49876135425,0.9151381969451897
1.4262510322047894,1.4519102669969723,-0.04707404349022848,0.4037324525185797,0.4404211395540875,-0.1822433250756949,-0.29806220754197643,-0.1282631434076521,-0.31158821910267004,69387.49876135425,0.9181258201599114
1.4762510322047895,1.4919102669969724,-0.05707404349022849,0.37373245251857967,0.4104211395540875,-0.16224332507569494,-0.30806220754197644,-0.1382631434076521,-0.30158821910267003,69532.49876135425,0.92245001792908
1.5462510322047893,1.5619102669969722,-0.03707404349022847,0.3637324525185798,0.4004211395540876,-0.16224332507569494,-0.30806220754197644,-0.1382631434076521,-0.30158821910267003,68861.49876135425,0.9275211811065667
1.6262510322047894,1.6219102669969723,0.0029259565097715656,0.3637324525185798,0.4004211395540876,-0.15224332507569494,-0.31806220754197645,-0.14826314340765212,-0.29158821910267,68752.49876135425,0.9275211811065667
1.7062510322047895,1.7319102669969724,0.03292595650977159,0.34373245251857976,0.3804211395540876,-0.16224332507569494,-0.31806220754197645,-0.14826314340765212,-0.29158821910267,68561.49876135425,0.9304987907409661
1.7362510322047893,1.7519102669969722,0.0429259565097716,0.35373245251857977,0.3804211395540876,-0.16224332507569494,-0.31806220754197645,-0.15826314340765213,-0.29158821910267,67930.49876135425,0.9357070446014397
1.8162510322047893,1.8219102669969722,0.09292595650977153,0.34373245251857976,0.3804211395540876,-0.1722433250756949,-0.33806220754197647,-0.16826314340765214,-0.31158821910267004,67777.49876135425,0.9397503852844231
1.8562510322047894,1.881910266996972,0.11292595650977155,0.32373245251857974,0.36042113955408756,-0.16224332507569494,-0.32806220754197646,-0.16826314340765214,-0.30158821910267003,67964.49876135425,0.9397503852844231
1.9462510322047892,1.9619102669969721,0.14292595650977158,0.32373245251857974,0.35042113955408755,-0.19224332507569492,-0.3480622075419765,-0.1782631434076521,-0.30158821910267003,67563.49876135425,0.9429976463317864
2.0162510322047895,2.021910266996972,0.1729259565097716,0.2937324525185797,0.33042113955408753,-0.19224332507569492,-0.3480622075419765,-0.1782631434076521,-0.31158821910267004,67466.49876135425,0.9483565807342522
2.0762510322047896,2.0919102669969725,0.1629259565097716,0.2737324525185797,0.3104211395540875,-0.19224332507569492,-0.37806220754197645,-0.20826314340765212,-0.33158821910267,67211.49876135425,0.9514481544494622
2.1462510322047894,2.1619102669969723,0.20292595650977152,0.2737324525185797,0.3104211395540875,-0.19224332507569492,-0.38806220754197646,-0.21826314340765213,-0.32158821910267,66688.49876135425,0.9524917125701897
2.1862510322047894,2.2019102669969723,0.24292595650977156,0.2437324525185797,0.28042113955408754,-0.20224332507569492,-0.37806220754197645,-0.20826314340765212,-0.33158821910267,66899.49876135425,0.9554922103881829
2.2062510322047895,2.2219102669969724,0.2829259565097716,0.2537324525185797,0.28042113955408754,-0.21224332507569493,-0.35806220754197643,-0.1982631434076521,-0.33158821910267,66850.49876135425,0.9598874568939202
2.2662510322047895,2.291910266996972,0.2929259565097716,0.22373245251857968,0.2504211395540875,-0.22224332507569494,-0.36806220754197644,-0.20826314340765212,-0.34158821910267,67103.49876135425,0.9642517089843707
2.2962510322047893,2.311910266996972,0.34292595650977165,0.22373245251857968,0.2504211395540875,-0.2322433250756949,-0.36806220754197644,-0.1982631434076521,-0.35158821910267,67076.49876135425,0.9642517089843707
2.3362510322047894,2.3519102669969723,0.38292595650977146,0.20373245251857972,0.23042113955408755,-0.2322433250756949,-0.37806220754197645,-0.21826314340765213,-0.34158821910267,66657.49876135425,0.9684059143066399
2.386251032204789,2.401910266996972,0.39292595650977147,0.1937324525185797,0.23042113955408755,-0.2622433250756949,-0.37806220754197645,-0.21826314340765213,-0.36158821910267,66420.49876135425,0.9724053859710686
2.406251032204789,2.4319102669969723,0.4229259565097715,0.1737324525185797,0.20042113955408752,-0.2622433250756949,-0.37806220754197645,-0.21826314340765213,-0.37158821910267004,66469.49876135425,0.9764053344726555
2.4462510322047892,2.461910266996972,0.4429259565097715,0.1837324525185797,0.21042113955408753,-0.2622433250756949,-0.37806220754197645,-0.21826314340765213,-0.38158821910267005,66612.49876135425,0.9796988487243645
2.4662510322047893,2.481910266996972,0.48292595650977155,0.1737324525185797,0.20042113955408752,-0.2622433250756949,-0.38806220754197646,-0.22826314340765214,-0.38158821910267005,66299.49876135425,0.9804059982299798
2.5062510322047893,2.521910266996972,0.5029259565097716,0.15373245251857967,0.18042113955408756,-0.2622433250756949,-0.38806220754197646,-0.22826314340765214,-0.38158821910267005,66264.49876135425,0.9844929695129387
2.5262510322047893,2.541910266996972,0.5429259565097716,0.1337324525185797,0.16042113955408754,-0.27224332507569493,-0.38806220754197646,-0.22826314340765214,-0.38158821910267005,66203.49876135425,0.9888557910919182
2.5362510322047895,2.5519102669969724,0.5829259565097716,0.1237324525185797,0.15042113955408754,-0.2622433250756949,-0.38806220754197646,-0.22826314340765214,-0.38158821910267005,65850.49876135425,0.9928829193115227
2.5562510322047896,2.5719102669969724,0.5729259565097716,0.1237324525185797,0.15042113955408754,-0.2622433250756949,-0.37806220754197645,-0.21826314340765213,-0.38158821910267005,65935.49876135425,0.9928829193115227
2.5562510322047896,2.5819102669969722,0.5529259565097716,0.10373245251857968,0.13042113955408752,-0.2522433250756949,-0.36806220754197644,-0.20826314340765212,-0.38158821910267005,66318.49876135425,0.9963604927062981
2.5662510322047893,2.5819102669969722,0.5929259565097716,0.10373245251857968,0.13042113955408752,-0.2622433250756949,-0.37806220754197645,-0.21826314340765213,-0.38158821910267005,66435.49876135425,1.00159044265747
2.5962510322047896,2.6119102669969725,0.6029259565097717,0.09373245251857967,0.13042113955408752,-0.2622433250756949,-0.36806220754197644,-0.21826314340765213,-0.37158821910267004,66678.49876135425,1.004994106292724
2.5962510322047896,2.6119102669969725,0.6429259565097715,0.09373245251857967,0.12042113955408756,-0.27224332507569493,-0.37806220754197645,-0.21826314340765213,-0.37158821910267004,67021.49876135425,1.004994106292724
2.5962510322047896,2.6119102669969725,0.6829259565097715,0.07373245251857971,0.11042113955408756,-0.28224332507569494,-0.38806220754197646,-0.22826314340765214,-0.38158821910267005,67470.49876135425,1.008367729187011
2.616251032204789,2.631910266996972,0.7029259565097715,0.0637324525185797,0.10042113955408755,-0.29224332507569495,-0.39806220754197646,-0.2382631434076521,-0.39158821910267005,67937.49876135425,1.0136649131774895
2.6262510322047894,2.6419102669969723,0.7129259565097715,0.0637324525185797,0.09042113955408754,-0.28224332507569494,-0.4180622075419764,-0.2582631434076521,-0.39158821910267005,67728.49876135425,1.0176643848419182
2.616251032204789,2.631910266996972,0.7429259565097716,0.0637324525185797,0.09042113955408754,-0.28224332507569494,-0.4180622075419764,-0.2582631434076521,-0.39158821910267005,68103.49876135425,1.0176643848419182
2.5962510322047896,2.6119102669969725,0.7729259565097716,0.05373245251857969,0.09042113955408754,-0.29224332507569495,-0.42806220754197644,-0.2682631434076521,-0.39158821910267005,68612.49876135425,1.0216404914855985
2.5862510322047894,2.6019102669969723,0.7729259565097716,0.043732452518579684,0.07042113955408755,-0.29224332507569495,-0.4180622075419764,-0.2682631434076521,-0.40158821910267,69051.49876135425,1.0248953819274895
2.5762510322047896,2.6019102669969723,0.8029259565097716,0.0337324525185797,0.07042113955408755,-0.29224332507569495,-0.43806220754197644,-0.2782631434076521,-0.39158821910267005,69458.49876135425,1.0291957378387444
2.5762510322047896,2.5819102669969722,0.8029259565097716,0.0337324525185797,0.07042113955408755,-0.29224332507569495,-0.43806220754197644,-0.2782631434076521,-0.39158821910267005,69697.49876135425,1.0302435874938958
2.5462510322047893,2.561910266996972,0.8429259565097716,0.043732452518579684,0.08042113955408753,-0.30224332507569496,-0.42806220754197644,-0.2782631434076521,-0.39158821910267005,69416.49876135425,1.0333683013916009
2.5362510322047895,2.541910266996972,0.8529259565097717,0.043732452518579684,0.08042113955408753,-0.30224332507569496,-0.42806220754197644,-0.2682631434076521,-0.39158821910267005,69059.49876135425,1.0384194374084466
2.4962510322047895,2.521910266996972,0.8529259565097717,0.043732452518579684,0.08042113955408753,-0.29224332507569495,-0.43806220754197644,-0.2782631434076521,-0.39158821910267005,68704.49876135425,1.0425271511077874
2.4762510322047895,2.501910266996972,0.8429259565097716,0.043732452518579684,0.08042113955408753,-0.29224332507569495,-0.43806220754197644,-0.2782631434076521,-0.39158821910267005,68307.49876135425,1.0456201553344755
2.4662510322047893,2.4919102669969724,0.8529259565097717,0.05373245251857969,0.09042113955408754,-0.30224332507569496,-0.45806220754197646,-0.29826314340765214,-0.38158821910267005,68048.49876135425,1.0466267585754387
2.4462510322047892,2.4719102669969724,0.8429259565097716,0.05373245251857969,0.09042113955408754,-0.29224332507569495,-0.45806220754197646,-0.29826314340765214,-0.38158821910267005,67975.49876135425,1.0496854305267327
2.426251032204789,2.4519102669969723,0.8129259565097716,0.05373245251857969,0.10042113955408755,-0.29224332507569495,-0.44806220754197645,-0.28826314340765213,-0.38158821910267005,67888.49876135425,1.0547344207763665
2.3762510322047894,2.401910266996972,0.8329259565097716,0.0637324525185797,0.10042113955408755,-0.29224332507569495,-0.44806220754197645,-0.2782631434076521,-0.37158821910267004,67515.49876135425,1.0579156398773186
2.3362510322047894,2.3619102669969725,0.8529259565097717,0.0637324525185797,0.10042113955408755,-0.29224332507569495,-0.43806220754197644,-0.2782631434076521,-0.38158821910267005,67440.49876135425,1.0579156398773186
2.2762510322047893,2.291910266996972,0.8429259565097716,0.07373245251857971,0.12042113955408756,-0.28224332507569494,-0.42806220754197644,-0.2682631434076521,-0.38158821910267005,66931.49876135425,1.0619601726531975
2.2062510322047895,2.2419102669969724,0.8429259565097716,0.08373245251857972,0.12042113955408756,-0.27224332507569493,-0.42806220754197644,-0.2682631434076521,-0.38158821910267005,66514.49876135425,1.066064548492431
2.1862510322047894,2.211910266996972,0.8629259565097717,0.09373245251857967,0.13042113955408752,-0.28224332507569494,-0.42806220754197644,-0.2682631434076521,-0.37158821910267004,66315.49876135425,1.0700613975524895
2.1662510322047894,2.2019102669969723,0.8929259565097715,0.09373245251857967,0.13042113955408752,-0.27224332507569493,-0.4180622075419764,-0.2682631434076521,-0.37158821910267004,65692.49876135425,1.0700613975524895
2.136251032204789,2.1619102669969723,0.8929259565097715,0.11373245251857969,0.15042113955408754,-0.27224332507569493,-0.42806220754197644,-0.2682631434076521,-0.37158821910267004,65243.498761354254,1.0750681877136223
2.0962510322047896,2.131910266996972,0.8629259565097717,0.11373245251857969,0.15042113955408754,-0.2622433250756949,-0.42806220754197644,-0.2582631434076521,-0.36158821910267,64142.498761354254,1.0792798519134479
2.0462510322047893,2.0719102669969724,0.8829259565097715,0.1337324525185797,0.17042113955408755,-0.2522433250756949,-0.42806220754197644,-0.2582631434076521,-0.35158821910267,62321.498761354254,1.082530212402343
1.9862510322047893,2.021910266996972,0.8729259565097717,0.1337324525185797,0.18042113955408756,-0.2522433250756949,-0.42806220754197644,-0.2682631434076521,-0.35158821910267,61122.498761354254,1.0835885524749749
1.9162510322047894,1.9519102669969723,0.8529259565097717,0.15373245251857967,0.19042113955408752,-0.2422433250756949,-0.4180622075419764,-0.2582631434076521,-0.34158821910267,60093.498761354254,1.086138439178466
1.8862510322047892,1.921910266996972,0.8529259565097717,0.16373245251857968,0.21042113955408753,-0.2422433250756949,-0.4180622075419764,-0.2582631434076521,-0.33158821910267,58862.498761354254,1.0911299705505364
1.8362510322047894,1.881910266996972,0.8529259565097717,0.1737324525185797,0.21042113955408753,-0.2322433250756949,-0.4080622075419765,-0.2482631434076521,-0.34158821910267,58257.498761354254,1.0951156139373737
1.7962510322047893,1.8319102669969722,0.8229259565097716,0.1737324525185797,0.23042113955408755,-0.2522433250756949,-0.4080622075419765,-0.2482631434076521,-0.34158821910267,57878.498761354254,1.0951156139373737
1.7362510322047893,1.7619102669969722,0.8029259565097716,0.1937324525185797,0.2504211395540875,-0.21224332507569493,-0.4080622075419765,-0.2482631434076521,-0.33158821910267,57379.498761354254,1.09869737625122
1.6362510322047894,1.6719102669969723,0.7529259565097716,0.21373245251857967,0.2604211395540875,-0.22224332507569494,-0.39806220754197646,-0.2382631434076521,-0.34158821910267,57110.498761354254,1.1028890132904046
1.5762510322047893,1.6119102669969723,0.7329259565097715,0.2437324525185797,0.29042113955408755,-0.20224332507569492,-0.4080622075419765,-0.2382631434076521,-0.33158821910267,56889.498761354254,1.1067475795745843
1.5062510322047893,1.5419102669969722,0.6529259565097715,0.2737324525185797,0.3204211395540875,-0.1822433250756949,-0.39806220754197646,-0.22826314340765214,-0.32158821910267,56384.498761354254,1.1077479839324909
1.4562510322047895,1.4919102669969724,0.6629259565097715,0.31373245251857973,0.3804211395540876,-0.1822433250756949,-0.37806220754197645,-0.22826314340765214,-0.33158821910267,55703.498761354254,1.1110150337219231
1.3962510322047894,1.4319102669969723,0.6529259565097715,0.33373245251857975,0.3904211395540876,-0.15224332507569494,-0.37806220754197645,-0.20826314340765212,-0.32158821910267,54804.498761354254,1.1154047966003446
1.3662510322047894,1.3919102669969723,0.6529259565097715,0.34373245251857976,0.3804211395540876,-0.16224332507569494,-0.38806220754197646,-0.22826314340765214,-0.33158821910267,53989.498761354254,1.1189946651458769
1.3162510322047893,1.3519102669969723,0.6029259565097717,0.35373245251857977,0.4104211395540875,-0.14224332507569493,-0.37806220754197645,-0.20826314340765212,-0.31158821910267004,53234.498761354254,1.1228990077972405
1.2362510322047893,1.2819102669969722,0.5529259565097716,0.37373245251857967,0.4304211395540875,-0.14224332507569493,-0.37806220754197645,-0.21826314340765213,-0.32158821910267,52599.498761354254,1.123903465270999
1.1762510322047894,1.2219102669969724,0.5729259565097716,0.3937324525185797,0.4404211395540875,-0.12224332507569491,-0.35806220754197643,-0.1982631434076521,-0.32158821910267,52530.498761354254,1.1279015064239495
1.1262510322047894,1.1619102669969723,0.47292595650977154,0.3837324525185797,0.4404211395540875,-0.10224332507569495,-0.32806220754197646,-0.16826314340765214,-0.31158821910267004,52349.498761354254,1.1316358566284137
1.1062510322047894,1.1319102669969723,0.4429259565097715,0.3937324525185797,0.4504211395540875,-0.08224332507569493,-0.31806220754197645,-0.15826314340765213,-0.31158821910267004,52094.498761354254,1.1357869625091546
1.0462510322047893,1.0819102669969722,0.4129259565097715,0.46373245251857975,0.5104211395540876,-0.08224332507569493,-0.32806220754197646,-0.15826314340765213,-0.31158821910267004,51935.498761354254,1.1357869625091546
1.0262510322047893,1.0619102669969722,0.4029259565097715,0.46373245251857975,0.5204211395540876,-0.09224332507569494,-0.30806220754197644,-0.14826314340765212,-0.30158821910267003,51332.498761354254,1.1397921562194782
1.0062510322047893,1.0319102669969722,0.4129259565097715,0.48373245251857977,0.5304211395540874,-0.10224332507569495,-0.29806220754197643,-0.1382631434076521,-0.30158821910267003,51059.498761354254,1.1437921047210686
0.9862510322047893,1.0219102669969722,0.37292595650977167,0.5237324525185797,0.5804211395540875,-0.08224332507569493,-0.2880622075419765,-0.1282631434076521,-0.29158821910267,50508.498761354254,1.1479484558105462
0.9662510322047895,0.9919102669969723,0.4029259565097715,0.5637324525185797,0.6304211395540875,-0.06224332507569491,-0.27806220754197647,-0.1282631434076521,-0.29158821910267,49909.498761354254,1.1479484558105462
0.9362510322047894,0.9619102669969722,0.38292595650977146,0.5737324525185797,0.6304211395540875,-0.06224332507569491,-0.27806220754197647,-0.1182631434076521,-0.29158821910267,49656.498761354254,1.152009439468383
0.9162510322047894,0.9519102669969722,0.35292595650977165,0.5937324525185798,0.6504211395540875,-0.06224332507569491,-0.27806220754197647,-0.1282631434076521,-0.30158821910267003,49501.498761354254,1.1562847614288358
0.9162510322047894,0.9419102669969722,0.34292595650977165,0.6137324525185798,0.6604211395540875,-0.08224332507569493,-0.26806220754197646,-0.10826314340765214,-0.30158821910267003,49074.498761354254,1.1600653648376458
0.9062510322047894,0.9319102669969722,0.32292595650977163,0.6537324525185797,0.7104211395540876,-0.09224332507569494,-0.27806220754197647,-0.1182631434076521,-0.29158821910267,48593.498761354254,1.1611122608184807
0.8662510322047894,0.9019102669969722,0.25292595650977157,0.6637324525185797,0.7204211395540876,-0.06224332507569491,-0.27806220754197647,-0.1182631434076521,-0.29158821910267,48188.498761354254,1.1642853736877434
0.8462510322047894,0.8819102669969722,0.2829259565097716,0.6737324525185797,0.7304211395540876,-0.0522433250756949,-0.27806220754197647,-0.1282631434076521,-0.29158821910267,48089.498761354254,1.1682762622833245
0.8662510322047894,0.8919102669969722,0.21292595650977153,0.6937324525185797,0.7404211395540876,-0.04224332507569495,-0.2880622075419765,-0.1282631434076521,-0.28158821910267,48224.498761354254,1.173286867141723
0.8562510322047894,0.8719102669969722,0.20292595650977152,0.7037324525185797,0.7604211395540876,-0.03224332507569494,-0.29806220754197643,-0.1382631434076521,-0.29158821910267,48433.498761354254,1.173286867141723
0.8362510322047894,0.8519102669969721,0.1929259565097715,0.7537324525185797,0.8104211395540875,-0.03224332507569494,-0.30806220754197644,-0.14826314340765212,-0.29158821910267,48762.498761354254,1.1762761592864983
0.8262510322047893,0.8419102669969721,0.14292595650977158,0.7537324525185797,0.8004211395540874,-0.03224332507569494,-0.29806220754197643,-0.1382631434076521,-0.28158821910267,49029.498761354254,1.180409145355224
0.7962510322047893,0.8119102669969721,0.10292595650977154,0.7937324525185797,0.8404211395540875,-0.02224332507569493,-0.29806220754197643,-0.1382631434076521,-0.27158821910267006,49164.498761354254,1.1854629039764397
0.8062510322047893,0.8319102669969721,0.14292595650977158,0.7937324525185797,0.8504211395540875,-0.012243325075694922,-0.30806220754197644,-0.1382631434076521,-0.28158821910267,49293.498761354254,1.1894270896911578
0.7962510322047893,0.8219102669969721,0.09292595650977153,0.8237324525185797,0.8704211395540875,-0.012243325075694922,-0.29806220754197643,-0.1382631434076521,-0.27158821910267006,50166.498761354254,1.1894270896911578
0.7962510322047893,0.8219102669969721,0.06292595650977162,0.8337324525185797,0.8804211395540875,-0.002243325075694913,-0.30806220754197644,-0.14826314340765212,-0.28158821910267,50801.498761354254,1.1930279254913323
0.8062510322047893,0.8319102669969721,0.03292595650977159,0.8337324525185797,0.8804211395540875,-0.03224332507569494,-0.31806220754197645,-0.15826314340765213,-0.28158821910267,51106.498761354254,1.1980804920196526
0.8062510322047893,0.8219102669969721,0.0029259565097715656,0.8137324525185797,0.8704211395540875,-0.03224332507569494,-0.30806220754197644,-0.14826314340765212,-0.27158821910267006,51787.498761354254,1.2012347698211663
0.8162510322047893,0.8219102669969721,-0.05707404349022849,0.8137324525185797,0.8604211395540875,-0.012243325075694922,-0.2880622075419765,-0.1282631434076521,-0.28158821910267,52516.498761354254,1.2021059513092034
0.7862510322047895,0.8019102669969722,-0.04707404349022848,0.8237324525185797,0.8704211395540875,-0.012243325075694922,-0.27806220754197647,-0.1182631434076521,-0.27158821910267006,53243.498761354254,1.2063502788543694
0.7962510322047893,0.8219102669969721,-0.03707404349022847,0.8137324525185797,0.8604211395540875,-0.03224332507569494,-0.2880622075419765,-0.1182631434076521,-0.28158821910267,53858.498761354254,1.2104939937591546
0.8362510322047894,0.8419102669969721,-0.04707404349022848,0.8137324525185797,0.8504211395540875,-0.0522433250756949,-0.26806220754197646,-0.10826314340765214,-0.28158821910267,54801.498761354254,1.2130481719970696
0.8362510322047894,0.8419102669969721,-0.06707404349022839,0.8037324525185797,0.8504211395540875,-0.07224332507569492,-0.26806220754197646,-0.10826314340765214,-0.27158821910267006,55386.498761354254,1.2141134262084954
0.8362510322047894,0.8519102669969721,-0.04707404349022848,0.8137324525185797,0.8604211395540875,-0.06224332507569491,-0.26806220754197646,-0.10826314340765214,-0.27158821910267006,56235.498761354254,1.2181159973144524
0.8562510322047894,0.8719102669969722,-0.02707404349022846,0.8237324525185797,0.8704211395540875,-0.04224332507569495,-0.27806220754197647,-0.1282631434076521,-0.29158821910267,57176.498761354254,1.2224783420562737
0.8862510322047894,0.9019102669969722,-0.03707404349022847,0.7837324525185797,0.8304211395540875,-0.04224332507569495,-0.26806220754197646,-0.10826314340765214,-0.28158821910267,57785.498761354254,1.2264749526977567
0.9162510322047894,0.9219102669969722,-0.03707404349022847,0.7537324525185797,0.8004211395540874,-0.0522433250756949,-0.25806220754197645,-0.09826314340765213,-0.29158821910267,58494.498761354254,1.2264749526977567
0.9362510322047894,0.9419102669969722,-0.0870740434902284,0.7437324525185797,0.7904211395540874,-0.07224332507569492,-0.25806220754197645,-0.09826314340765213,-0.28158821910267,59071.498761354254,1.2298492908477776
0.9462510322047895,0.9619102669969722,-0.0770740434902284,0.7237324525185798,0.7704211395540876,-0.08224332507569493,-0.24806220754197644,-0.08826314340765212,-0.28158821910267,59390.498761354254,1.2344305038452106
0.9962510322047893,1.0019102669969722,-0.0770740434902284,0.6937324525185797,0.7404211395540876,-0.12224332507569491,-0.25806220754197645,-0.09826314340765213,-0.29158821910267,60221.498761354254,1.2381326675415032
1.0062510322047893,1.0119102669969722,-0.05707404349022849,0.6737324525185797,0.7104211395540876,-0.10224332507569495,-0.25806220754197645,-0.09826314340765213,-0.29158821910267,60876.498761354254,1.2388457775115995
1.0362510322047893,1.0619102669969722,-0.06707404349022839,0.6537324525185797,0.7004211395540876,-0.10224332507569495,-0.25806220754197645,-0.09826314340765213,-0.29158821910267,61353.498761354254,1.242111158370971
1.0962510322047894,1.1119102669969723,-0.05707404349022849,0.6337324525185797,0.6704211395540876,-0.12224332507569491,-0.27806220754197647,-0.1182631434076521,-0.30158821910267003,61684.498761354254,1.24624056816101
1.1562510322047894,1.1619102669969723,-0.05707404349022849,0.6037324525185798,0.6404211395540875,-0.09224332507569494,-0.26806220754197646,-0.10826314340765214,-0.29158821910267,61825.498761354254,1.2507698059082024
1.2162510322047895,1.2219102669969724,-0.05707404349022849,0.6037324525185798,0.6404211395540875,-0.09224332507569494,-0.27806220754197647,-0.1282631434076521,-0.28158821910267,62792.498761354254,1.2507698059082024
1.2862510322047893,1.2919102669969722,-0.05707404349022849,0.5837324525185797,0.6104211395540875,-0.09224332507569494,-0.27806220754197647,-0.1282631434076521,-0.28158821910267,63187.498761354254,1.2546045303344755
1.3262510322047893,1.3419102669969722,-0.0770740434902284,0.5637324525185797,0.6004211395540875,-0.08224332507569493,-0.27806220754197647,-0.1282631434076521,-0.29158821910267,63148.498761354254,1.2592296123504632
1.4062510322047894,1.4119102669969723,-0.017074043490228452,0.5437324525185797,0.5804211395540875,-0.09224332507569494,-0.30806220754197644,-0.14826314340765212,-0.29158821910267,62825.498761354254,1.2632417201995843
1.4862510322047893,1.4919102669969724,0.0029259565097715656,0.5237324525185797,0.5504211395540874,-0.10224332507569495,-0.30806220754197644,-0.14826314340765212,-0.30158821910267003,62182.498761354254,1.2665388107299798
1.5362510322047893,1.5319102669969722,0.022925956509771583,0.5137324525185797,0.5504211395540874,-0.12224332507569491,-0.31806220754197645,-0.15826314340765213,-0.30158821910267003,62131.498761354254,1.267230463027957
1.5862510322047894,1.5819102669969722,0.06292595650977162,0.5037324525185797,0.5404211395540874,-0.13224332507569492,-0.31806220754197645,-0.15826314340765213,-0.30158821910267003,61668.498761354254,1.2712304115295403
1.6362510322047894,1.6419102669969723,0.08292595650977153,0.48373245251857977,0.5204211395540876,-0.12224332507569491,-0.30806220754197644,-0.14826314340765212,-0.29158821910267,61363.498761354254,1.275286388397216
1.6962510322047895,1.6919102669969723,0.11292595650977155,0.45373245251857974,0.48042113955408755,-0.13224332507569492,-0.2880622075419765,-0.1382631434076521,-0.29158821910267,61568.498761354254,1.278844785690307
1.7362510322047893,1.7419102669969724,0.14292595650977158,0.44373245251857973,0.48042113955408755,-0.15224332507569494,-0.29806220754197643,-0.14826314340765212,-0.30158821910267003,61807.498761354254,1.2799126625061028
1.8062510322047893,1.8119102669969722,0.08292595650977153,0.4237324525185797,0.46042113955408753,-0.16224332507569494,-0.30806220754197644,-0.14826314340765212,-0.30158821910267003,61710.498761354254,1.2830452442169182
1.8562510322047894,1.8619102669969723,0.1529259565097716,0.4237324525185797,0.46042113955408753,-0.16224332507569494,-0.31806220754197645,-0.16826314340765214,-0.31158821910267004,61711.498761354254,1.2883653163909905
1.9262510322047892,1.9419102669969721,0.1729259565097716,0.3937324525185797,0.4204211395540875,-0.16224332507569494,-0.32806220754197646,-0.16826314340765214,-0.31158821910267004,61614.498761354254,1.291387748718261
1.9862510322047893,1.9819102669969721,0.24292595650977156,0.37373245251857967,0.4004211395540876,-0.1722433250756949,-0.32806220754197646,-0.16826314340765214,-0.32158821910267,61455.498761354254,1.2923659801483147
2.0462510322047893,2.061910266996972,0.25292595650977157,0.35373245251857977,0.3804211395540876,-0.1822433250756949,-0.33806220754197647,-0.1782631434076521,-0.32158821910267,61342.498761354254,1.2952618122100823
2.0862510322047894,2.0819102669969722,0.2629259565097716,0.33373245251857975,0.36042113955408756,-0.19224332507569492,-0.33806220754197647,-0.1782631434076521,-0.32158821910267,61301.498761354254,1.2996384620666497
2.136251032204789,2.1419102669969723,0.2729259565097716,0.31373245251857973,0.33042113955408753,-0.19224332507569492,-0.33806220754197647,-0.1882631434076521,-0.32158821910267,60872.498761354254,1.3036031246185296
2.1962510322047892,2.191910266996972,0.32292595650977163,0.2937324525185797,0.3104211395540875,-0.19224332507569492,-0.33806220754197647,-0.1882631434076521,-0.32158821910267,60805.498761354254,1.3046025753021233
2.2162510322047893,2.2219102669969724,0.36292595650977166,0.2737324525185797,0.30042113955408756,-0.20224332507569492,-0.3480622075419765,-0.1882631434076521,-0.32158821910267,60706.498761354254,1.3085991859436028
2.2562510322047893,2.251910266996972,0.34292595650977165,0.2637324525185797,0.28042113955408754,-0.21224332507569493,-0.33806220754197647,-0.1882631434076521,-0.33158821910267,61027.498761354254,1.3121494770050042
2.3062510322047896,2.3019102669969724,0.4229259565097715,0.2437324525185797,0.28042113955408754,-0.22224332507569494,-0.35806220754197643,-0.20826314340765212,-0.34158821910267,61126.498761354254,1.316053104400634
2.3262510322047896,2.3419102669969725,0.4229259565097715,0.2337324525185797,0.2604211395540875,-0.2322433250756949,-0.3480622075419765,-0.1982631434076521,-0.34158821910267,60469.498761354254,1.3170983314514153
2.366251032204789,2.3719102669969723,0.46292595650977153,0.21373245251857967,0.24042113955408756,-0.2422433250756949,-0.33806220754197647,-0.1882631434076521,-0.35158821910267,60424.498761354254,1.3206185817718499
2.386251032204789,2.3919102669969723,0.48292595650977155,0.20373245251857972,0.23042113955408755,-0.2422433250756949,-0.33806220754197647,-0.1882631434076521,-0.35158821910267,60721.498761354254,1.3237039566040032
2.406251032204789,2.4119102669969723,0.5529259565097716,0.1937324525185797,0.21042113955408753,-0.2422433250756949,-0.33806220754197647,-0.1982631434076521,-0.36158821910267,60406.498761354254,1.3281852722167997
2.4462510322047892,2.461910266996972,0.6129259565097717,0.16373245251857968,0.19042113955408752,-0.2522433250756949,-0.3480622075419765,-0.1982631434076521,-0.36158821910267,59975.498761354254,1.3281852722167997
2.4462510322047892,2.461910266996972,0.6229259565097717,0.16373245251857968,0.19042113955408752,-0.2522433250756949,-0.33806220754197647,-0.1982631434076521,-0.37158821910267004,59366.498761354254,1.3333441734313993
2.4762510322047895,2.4919102669969724,0.6729259565097715,0.16373245251857968,0.18042113955408756,-0.27224332507569493,-0.3480622075419765,-0.1982631434076521,-0.37158821910267004,59257.498761354254,1.3366741657257073
2.4962510322047895,2.501910266996972,0.7329259565097715,0.14373245251857972,0.17042113955408755,-0.27224332507569493,-0.33806220754197647,-0.1982631434076521,-0.37158821910267004,59100.498761354254,1.3409974098205595
2.5262510322047893,2.5319102669969724,0.7429259565097716,0.1337324525185797,0.16042113955408754,-0.27224332507569493,-0.33806220754197647,-0.1982631434076521,-0.37158821910267004,58677.498761354254,1.345020961761474
2.5362510322047895,2.5519102669969724,0.7629259565097716,0.1237324525185797,0.15042113955408754,-0.2622433250756949,-0.3480622075419765,-0.1982631434076521,-0.37158821910267004,58596.498761354254,1.345020961761474
2.5462510322047893,2.561910266996972,0.8329259565097716,0.10373245251857968,0.13042113955408752,-0.27224332507569493,-0.33806220754197647,-0.1882631434076521,-0.37158821910267004,57721.498761354254,1.3490132808685296
2.5462510322047893,2.5719102669969724,0.8329259565097716,0.10373245251857968,0.13042113955408752,-0.28224332507569494,-0.33806220754197647,-0.1882631434076521,-0.37158821910267004,57030.498761354254,1.3528205871582024
2.5662510322047893,2.5919102669969725,0.8729259565097717,0.10373245251857968,0.13042113955408752,-0.27224332507569493,-0.3480622075419765,-0.1982631434076521,-0.37158821910267004,56727.498761354254,1.3575880050659208
2.5662510322047893,2.5919102669969725,0.9129259565097715,0.10373245251857968,0.13042113955408752,-0.29224332507569495,-0.3480622075419765,-0.1982631434076521,-0.38158821910267005,56394.498761354254,1.3575880050659208
2.5762510322047896,2.6019102669969723,0.9429259565097715,0.09373245251857967,0.12042113955408756,-0.29224332507569495,-0.3480622075419765,-0.20826314340765212,-0.38158821910267005,56049.498761354254,1.3608977317810087
2.5662510322047893,2.6019102669969723,1.0029259565097717,0.08373245251857972,0.11042113955408756,-0.30224332507569496,-0.3480622075419765,-0.20826314340765212,-0.38158821910267005,55516.498761354254,1.36507601737976
2.5762510322047896,2.6119102669969725,1.0429259565097717,0.08373245251857972,0.11042113955408756,-0.29224332507569495,-0.3480622075419765,-0.20826314340765212,-0.38158821910267005,54879.498761354254,1.368709754943847
2.5762510322047896,2.6019102669969723,1.0529259565097715,0.07373245251857971,0.10042113955408755,-0.30224332507569496,-0.3480622075419765,-0.20826314340765212,-0.38158821910267005,54546.498761354254,1.3697587966918903
2.5662510322047893,2.5919102669969725,1.0529259565097715,0.07373245251857971,0.11042113955408756,-0.29224332507569495,-0.33806220754197647,-0.1982631434076521,-0.37158821910267004,53991.498761354254,1.3730206012725823
2.5462510322047893,2.5819102669969722,1.0729259565097715,0.07373245251857971,0.11042113955408756,-0.29224332507569495,-0.33806220754197647,-0.1982631434076521,-0.37158821910267004,53710.498761354254,1.3776156425476067
2.5362510322047895,2.5719102669969724,1.0929259565097715,0.07373245251857971,0.11042113955408756,-0.29224332507569495,-0.35806220754197643,-0.20826314340765212,-0.37158821910267004,53585.498761354254,1.3817080974578886
2.5262510322047893,2.561910266996972,1.1029259565097718,0.07373245251857971,0.10042113955408755,-0.28224332507569494,-0.35806220754197643,-0.20826314340765212,-0.37158821910267004,52648.498761354254,1.382708263397216
2.5062510322047893,2.541910266996972,1.1529259565097716,0.0637324525185797,0.10042113955408755,-0.30224332507569496,-0.35806220754197643,-0.21826314340765213,-0.38158821910267005,51995.498761354254,1.38570232391357
2.4962510322047895,2.5319102669969724,1.1629259565097714,0.07373245251857971,0.11042113955408756,-0.29224332507569495,-0.35806220754197643,-0.21826314340765213,-0.37158821910267004,51674.498761354254,1.38969178199768
2.4762510322047895,2.5119102669969724,1.1429259565097714,0.0637324525185797,0.10042113955408755,-0.29224332507569495,-0.36806220754197644,-0.22826314340765214,-0.36158821910267,51157.498761354254,1.3947088241577141
2.4562510322047895,2.4919102669969724,1.1629259565097714,0.08373245251857972,0.12042113955408756,-0.28224332507569494,-0.38806220754197646,-0.2382631434076521,-0.37158821910267004,50956.498761354254,1.3947088241577141
2.406251032204789,2.441910266996972,1.1729259565097716,0.07373245251857971,0.12042113955408756,-0.27224332507569493,-0.38806220754197646,-0.2382631434076521,-0.36158821910267,50071.498761354254,1.3976792812347405
2.3762510322047894,2.4119102669969723,1.1529259565097716,0.08373245251857972,0.12042113955408756,-0.27224332507569493,-0.38806220754197646,-0.2482631434076521,-0.36158821910267,49610.498761354254,1.4020239830017083
2.3362510322047894,2.3719102669969723,1.1829259565097714,0.09373245251857967,0.13042113955408752,-0.28224332507569494,-0.39806220754197646,-0.2482631434076521,-0.36158821910267,49321.498761354254,1.40584750175476
2.2962510322047893,2.3319102669969722,1.1429259565097714,0.10373245251857968,0.14042113955408753,-0.28224332507569494,-0.4080622075419765,-0.2582631434076521,-0.36158821910267,48790.498761354254,1.409884881973266
2.2662510322047895,2.3019102669969724,1.1329259565097716,0.10373245251857968,0.14042113955408753,-0.29224332507569495,-0.39806220754197646,-0.2482631434076521,-0.36158821910267,48331.498761354254,1.410882663726806
2.1962510322047892,2.231910266996972,1.0829259565097717,0.11373245251857969,0.15042113955408754,-0.27224332507569493,-0.4080622075419765,-0.2582631434076521,-0.34158821910267,48052.498761354254,1.413877201080318
2.136251032204789,2.1619102669969723,1.0829259565097717,0.1237324525185797,0.16042113955408754,-0.27224332507569493,-0.4080622075419765,-0.2582631434076521,-0.35158821910267,47649.498761354254,1.4178835868835442
2.0962510322047896,2.1219102669969723,1.0029259565097717,0.11373245251857969,0.16042113955408754,-0.2422433250756949,-0.4080622075419765,-0.2582631434076521,-0.34158821910267,47466.498761354254,1.422148656845092
2.0162510322047895,2.061910266996972,0.9929259565097716,0.15373245251857967,0.19042113955408752,-0.2622433250756949,-0.39806220754197646,-0.2582631434076521,-0.36158821910267,46881.498761354254,1.422148656845092
1.9162510322047894,1.9519102669969723,0.9329259565097715,0.16373245251857968,0.21042113955408753,-0.2522433250756949,-0.4080622075419765,-0.2582631434076521,-0.36158821910267,46872.498761354254,1.4258863449096673
1.8562510322047894,1.8919102669969723,0.9329259565097715,0.1737324525185797,0.22042113955408754,-0.2522433250756949,-0.39806220754197646,-0.2382631434076521,-0.35158821910267,46841.498761354254,1.4310724258422844
1.7662510322047893,1.7919102669969722,0.8929259565097715,0.1737324525185797,0.22042113955408754,-0.2322433250756949,-0.38806220754197646,-0.2482631434076521,-0.35158821910267,46552.498761354254,1.4350723743438714
1.6662510322047894,1.7119102669969724,0.8429259565097716,0.1837324525185797,0.23042113955408755,-0.2322433250756949,-0.38806220754197646,-0.22826314340765214,-0.34158821910267,46721.498761354254,1.4350723743438714
1.6262510322047894,1.6619102669969723,0.8129259565097716,0.20373245251857972,0.2504211395540875,-0.2522433250756949,-0.39806220754197646,-0.2382631434076521,-0.35158821910267,46584.498761354254,1.439116191864013
1.5662510322047893,1.6019102669969723,0.7429259565097716,0.21373245251857967,0.2604211395540875,-0.22224332507569494,-0.4180622075419764,-0.2482631434076521,-0.33158821910267,45933.498761354254,1.4431161403655999
1.4962510322047893,1.5319102669969722,0.6729259565097715,0.2537324525185797,0.30042113955408756,-0.22224332507569494,-0.39806220754197646,-0.2382631434076521,-0.34158821910267,45584.498761354254,1.4467734813690178
1.4162510322047894,1.4419102669969723,0.6829259565097715,0.2837324525185797,0.34042113955408754,-0.20224332507569492,-0.4180622075419764,-0.2582631434076521,-0.33158821910267,45531.498761354254,1.4477765083312981
1.3262510322047893,1.3519102669969723,0.6329259565097715,0.2637324525185797,0.3204211395540875,-0.21224332507569493,-0.39806220754197646,-0.2382631434076521,-0.33158821910267,45460.498761354254,1.4507290840148919
1.2562510322047893,1.3019102669969722,0.5929259565097716,0.2637324525185797,0.3204211395540875,-0.1822433250756949,-0.4180622075419764,-0.2582631434076521,-0.33158821910267,45083.498761354254,1.4548487186431878
1.1962510322047895,1.2319102669969724,0.5429259565097716,0.3037324525185797,0.35042113955408755,-0.19224332507569492,-0.43806220754197644,-0.2782631434076521,-0.33158821910267,45344.498761354254,1.458847951889041
1.1162510322047894,1.1619102669969723,0.5229259565097716,0.31373245251857973,0.37042113955408756,-0.1722433250756949,-0.43806220754197644,-0.2682631434076521,-0.33158821910267,45209.498761354254,1.4598443031311028
1.0562510322047893,1.0919102669969722,0.4329259565097715,0.3037324525185797,0.36042113955408756,-0.16224332507569494,-0.4180622075419764,-0.2582631434076521,-0.34158821910267,44780.498761354254,1.4628479003906243
1.0062510322047893,1.0319102669969722,0.4329259565097715,0.34373245251857976,0.3904211395540876,-0.1722433250756949,-0.38806220754197646,-0.22826314340765214,-0.34158821910267,44467.498761354254,1.4678287029266386
0.9462510322047895,0.9819102669969723,0.4229259565097715,0.3937324525185797,0.4504211395540875,-0.15224332507569494,-0.37806220754197645,-0.21826314340765213,-0.33158821910267,44188.498761354254,1.4718484401702874
0.9262510322047894,0.9519102669969722,0.4229259565097715,0.4037324525185797,0.46042113955408753,-0.16224332507569494,-0.36806220754197644,-0.20826314340765212,-0.33158821910267,43961.498761354254,1.4728443145751946
0.9162510322047894,0.9519102669969722,0.36292595650977166,0.4137324525185797,0.47042113955408754,-0.14224332507569493,-0.3480622075419765,-0.1882631434076521,-0.33158821910267,43626.498761354254,1.4762658596038776
0.8962510322047894,0.9219102669969722,0.36292595650977166,0.4237324525185797,0.49042113955408756,-0.12224332507569491,-0.33806220754197647,-0.1782631434076521,-0.33158821910267,42739.498761354254,1.4805449962615995
0.8862510322047894,0.9119102669969722,0.35292595650977165,0.4237324525185797,0.48042113955408755,-0.13224332507569492,-0.32806220754197646,-0.16826314340765214,-0.33158821910267,42628.498761354254,1.4845487594604485
0.8562510322047894,0.8819102669969722,0.38292595650977146,0.46373245251857975,0.5204211395540876,-0.12224332507569491,-0.32806220754197646,-0.1782631434076521,-0.33158821910267,42561.498761354254,1.488263797760009
0.8562510322047894,0.8819102669969722,0.35292595650977165,0.48373245251857977,0.5404211395540874,-0.13224332507569492,-0.31806220754197645,-0.16826314340765214,-0.34158821910267,42218.498761354254,1.488263797760009
0.8362510322047894,0.8619102669969722,0.33292595650977164,0.5037324525185797,0.5504211395540874,-0.12224332507569491,-0.31806220754197645,-0.15826314340765213,-0.31158821910267004,42051.498761354254,1.4926719188690178
0.8262510322047893,0.8419102669969721,0.3129259565097716,0.5237324525185797,0.5804211395540875,-0.10224332507569495,-0.31806220754197645,-0.15826314340765213,-0.30158821910267003,41946.498761354254,1.4958352565765338
0.7962510322047893,0.8319102669969721,0.3029259565097716,0.5737324525185797,0.6204211395540875,-0.1122433250756949,-0.32806220754197646,-0.1782631434076521,-0.31158821910267004,41273.498761354254,1.500047159194942
0.8262510322047893,0.8419102669969721,0.25292595650977157,0.6237324525185797,0.6704211395540876,-0.09224332507569494,-0.31806220754197645,-0.1782631434076521,-0.30158821910267003,41160.498761354254,1.5007509708404498
0.8062510322047893,0.8219102669969721,0.2629259565097716,0.6337324525185797,0.6904211395540876,-0.08224332507569493,-0.32806220754197646,-0.16826314340765214,-0.31158821910267004,40543.498761354254,1.5047680854797356
0.7962510322047893,0.8219102669969721,0.2629259565097716,0.6837324525185797,0.7504211395540876,-0.0522433250756949,-0.32806220754197646,-0.16826314340765214,-0.31158821910267004,39988.498761354254,1.5087625503540032
0.8062510322047893,0.8419102669969721,0.2829259565097716,0.7037324525185797,0.7504211395540876,-0.03224332507569494,-0.32806220754197646,-0.16826314340765214,-0.31158821910267004,39919.498761354254,1.5127863407135003
0.8262510322047893,0.8519102669969721,0.2829259565097716,0.7437324525185797,0.7904211395540874,-0.07224332507569492,-0.35806220754197643,-0.1982631434076521,-0.30158821910267003,39412.498761354254,1.513750505447387
0.8362510322047894,0.8519102669969721,0.2629259565097716,0.7837324525185797,0.8404211395540875,-0.02224332507569493,-0.32806220754197646,-0.1782631434076521,-0.30158821910267003,39127.498761354254,1.5176107406616204
0.8262510322047893,0.8619102669969722,0.24292595650977156,0.8137324525185797,0.8604211395540875,-0.012243325075694922,-0.32806220754197646,-0.1782631434076521,-0.30158821910267003,38882.498761354254,1.5204405307769768
0.8762510322047894,0.8919102669969722,0.2829259565097716,0.8837324525185798,0.9204211395540876,-0.002243325075694913,-0.3480622075419765,-0.1882631434076521,-0.29158821910267,38533.498761354254,1.5245892524719231
0.8762510322047894,0.9019102669969722,0.2829259565097716,0.9137324525185798,0.9604211395540876,-0.002243325075694913,-0.37806220754197645,-0.21826314340765213,-0.30158821910267003,37854.498761354254,1.5252639770507805
0.9062510322047894,0.9219102669969722,0.2929259565097716,0.9337324525185796,0.9704211395540874,0.027756674924305114,-0.36806220754197644,-0.20826314340765212,-0.29158821910267,37399.498761354254,1.5286321163177483
0.9162510322047894,0.9419102669969722,0.2629259565097716,0.9637324525185796,0.9904211395540874,0.04775667492430513,-0.35806220754197643,-0.20826314340765212,-0.30158821910267003,37196.498761354254,1.5331894874572747
0.9462510322047895,0.9719102669969722,0.2629259565097716,1.0037324525185796,1.0504211395540874,0.04775667492430513,-0.35806220754197643,-0.20826314340765212,-0.29158821910267,36667.498761354254,1.5371841907501178
0.9762510322047895,1.0019102669969722,0.3129259565097716,0.9937324525185797,1.0404211395540874,0.07775667492430505,-0.36806220754197644,-0.20826314340765212,-0.29158821910267,36074.498761354254,1.5371841907501178
1.0062510322047893,1.0319102669969722,0.32292595650977163,1.0437324525185796,1.0804211395540875,0.07775667492430505,-0.35806220754197643,-0.20826314340765212,-0.31158821910267004,35971.498761354254,1.5411984443664508
1.0262510322047893,1.0419102669969722,0.33292595650977164,1.0637324525185796,1.1004211395540875,0.10775667492430507,-0.35806220754197643,-0.20826314340765212,-0.30158821910267003,35590.498761354254,1.54549331665039
1.0662510322047893,1.0819102669969722,0.3129259565097716,1.0937324525185796,1.1404211395540875,0.1277566749243051,-0.37806220754197645,-0.22826314340765214,-0.31158821910267004,35243.498761354254,1.5496468067169182
1.0762510322047893,1.1019102669969723,0.33292595650977164,1.0837324525185796,1.1204211395540875,0.1277566749243051,-0.37806220754197645,-0.2382631434076521,-0.30158821910267003,35222.498761354254,1.5531496524810784
1.1662510322047894,1.1819102669969723,0.34292595650977165,1.0737324525185796,1.1204211395540875,0.1377566749243051,-0.38806220754197646,-0.2382631434076521,-0.30158821910267003,35043.498761354254,1.5541736602783196
1.1962510322047895,1.2219102669969724,0.38292595650977146,1.0837324525185796,1.1304211395540875,0.1377566749243051,-0.38806220754197646,-0.2382631434076521,-0.31158821910267004,34602.498761354254,1.5571615219116204
1.2562510322047893,1.2719102669969722,0.4029259565097715,1.0837324525185796,1.1304211395540875,0.1477566749243051,-0.38806220754197646,-0.2382631434076521,-0.32158821910267,34057.498761354254,1.5621633052825956
1.3062510322047893,1.3319102669969722,0.4029259565097715,1.1037324525185797,1.1404211395540875,0.17775667492430502,-0.37806220754197645,-0.2382631434076521,-0.31158821910267004,33766.498761354254,1.5651616573333698
1.3562510322047894,1.3819102669969723,0.4429259565097715,1.0937324525185796,1.1304211395540875,0.17775667492430502,-0.37806220754197645,-0.2382631434076521,-0.32158821910267,33717.498761354254,1.5661732673645048
1.4062510322047894,1.4319102669969723,0.47292595650977154,1.0737324525185796,1.1004211395540875,0.16775667492430513,-0.36806220754197644,-0.2382631434076521,-0.32158821910267,33746.498761354254,1.5695652484893792
1.4662510322047895,1.4919102669969724,0.5029259565097716,1.0637324525185796,1.0904211395540875,0.1477566749243051,-0.37806220754197645,-0.2382631434076521,-0.31158821910267004,33687.498761354254,1.5737390041351276
1.5462510322047893,1.5719102669969722,0.5329259565097716,1.0337324525185796,1.0604211395540875,0.1277566749243051,-0.38806220754197646,-0.2482631434076521,-0.32158821910267,33886.498761354254,1.577663612365722
1.5962510322047894,1.6119102669969723,0.5229259565097716,1.0237324525185796,1.0604211395540875,0.1277566749243051,-0.38806220754197646,-0.2482631434076521,-0.31158821910267004,33933.498761354254,1.578708600997924
1.6562510322047894,1.6919102669969723,0.5829259565097716,1.0137324525185796,1.0404211395540874,0.08775667492430506,-0.38806220754197646,-0.2582631434076521,-0.32158821910267,33636.498761354254,1.5817832469940178
1.7262510322047895,1.7419102669969724,0.6429259565097715,1.0037324525185796,1.0304211395540874,0.06775667492430504,-0.39806220754197646,-0.2582631434076521,-0.32158821910267,33119.498761354254,1.5858120441436796
1.7862510322047893,1.8019102669969722,0.6729259565097715,0.9637324525185796,1.0104211395540874,0.06775667492430504,-0.38806220754197646,-0.2582631434076521,-0.30158821910267003,33156.498761354254,1.590908241271972
1.8462510322047894,1.8619102669969723,0.7129259565097715,0.9337324525185796,0.9704211395540874,0.03775667492430512,-0.4080622075419765,-0.2782631434076521,-0.32158821910267,33409.498761354254,1.590908241271972
1.9162510322047894,1.921910266996972,0.7429259565097716,0.9137324525185798,0.9504211395540876,0.03775667492430512,-0.4080622075419765,-0.2682631434076521,-0.32158821910267,33406.498761354254,1.5939080238342278
1.9662510322047893,1.9819102669969721,0.7629259565097716,0.8837324525185798,0.9104211395540875,0.017756674924305105,-0.4080622075419765,-0.28826314340765213,-0.34158821910267,33581.498761354254,1.5989083766937284
2.0262510322047893,2.0319102669969724,0.8329259565097716,0.8537324525185798,0.8804211395540875,0.017756674924305105,-0.39806220754197646,-0.28826314340765213,-0.34158821910267,33644.498761354254,1.6029283523559599
2.0762510322047896,2.0919102669969725,0.8129259565097716,0.8137324525185797,0.8404211395540875,-0.012243325075694922,-0.39806220754197646,-0.29826314340765214,-0.34158821910267,33519.498761354254,1.6039051532745354
2.1462510322047894,2.1619102669969723,0.8729259565097717,0.7737324525185797,0.8104211395540875,-0.04224332507569495,-0.39806220754197646,-0.29826314340765214,-0.34158821910267,33490.498761354254,1.6071519374847405
2.1962510322047892,2.2019102669969723,0.9229259565097715,0.7537324525185797,0.7804211395540874,-0.07224332507569492,-0.37806220754197645,-0.29826314340765214,-0.35158821910267,33519.498761354254,1.6114844799041705
2.2362510322047893,2.2619102669969724,0.9529259565097715,0.7137324525185798,0.7204211395540876,-0.09224332507569494,-0.38806220754197646,-0.30826314340765215,-0.36158821910267,33564.498761354254,1.6150683879852288
2.2862510322047895,2.311910266996972,0.9629259565097715,0.6837324525185797,0.6704211395540876,-0.09224332507569494,-0.36806220754197644,-0.3182631434076521,-0.37158821910267004,33811.498761354254,1.61896367073059
2.3562510322047894,2.3719102669969723,1.0129259565097715,0.6537324525185797,0.6504211395540875,-0.10224332507569495,-0.36806220754197644,-0.3482631434076521,-0.37158821910267004,33958.498761354254,1.6198184013366692
2.366251032204789,2.401910266996972,1.0329259565097715,0.6337324525185797,0.6104211395540875,-0.12224332507569491,-0.35806220754197643,-0.3482631434076521,-0.36158821910267,34167.498761354254,1.6238278865814202
2.3962510322047894,2.4519102669969723,1.0829259565097717,0.6137324525185798,0.5604211395540875,-0.1722433250756949,-0.3480622075419765,-0.3682631434076521,-0.37158821910267004,34474.498761354254,1.6280841350555448
2.4362510322047894,2.4919102669969724,1.1529259565097716,0.5937324525185798,0.5304211395540874,-0.1822433250756949,-0.33806220754197647,-0.3782631434076521,-0.37158821910267004,34723.498761354254,1.631245803833007
2.4862510322047893,2.5519102669969724,1.1829259565097714,0.5637324525185797,0.46042113955408753,-0.1722433250756949,-0.32806220754197646,-0.3982631434076521,-0.37158821910267004,34282.498761354254,1.6321954250335686
2.4962510322047895,2.5919102669969725,1.2629259565097715,0.5437324525185797,0.4404211395540875,-0.21224332507569493,-0.32806220754197646,-0.40826314340765213,-0.37158821910267004,34513.498761354254,1.6362530708312981
2.5362510322047895,2.6619102669969723,1.3129259565097717,0.5237324525185797,0.36042113955408756,-0.21224332507569493,-0.31806220754197645,-0.42826314340765215,-0.38158821910267005,34760.498761354254,1.6405238628387444
2.5962510322047896,2.6619102669969723,1.3429259565097715,0.44373245251857973,0.3904211395540876,-0.20224332507569492,-0.37806220754197645,-0.3182631434076521,-0.37158821910267004,34713.498761354254,1.6436600208282464
2.636251032204789,2.7019102669969723,1.4029259565097716,0.4037324525185797,0.36042113955408756,-0.21224332507569493,-0.38806220754197646,-0.30826314340765215,-0.37158821910267004,34700.498761354254,1.6445507526397698
2.656251032204789,2.771910266996972,1.4629259565097716,0.4237324525185797,0.27042113955408753,-0.27224332507569493,-0.33806220754197647,-0.3982631434076521,-0.40158821910267,34719.498761354254,1.6475309848785393
2.676251032204789,2.8019102669969724,1.5129259565097715,0.4237324525185797,0.2504211395540875,-0.27224332507569493,-0.33806220754197647,-0.3882631434076521,-0.39158821910267005,34848.498761354254,1.6518325328826897
2.6862510322047894,2.8419102669969725,1.5229259565097717,0.3937324525185797,0.19042113955408752,-0.28224332507569494,-0.2880622075419765,-0.42826314340765215,-0.40158821910267,35255.498761354254,1.6564397335052483
2.6962510322047892,2.8519102669969723,1.5629259565097717,0.37373245251857967,0.19042113955408752,-0.29224332507569495,-0.29806220754197643,-0.4682631434076521,-0.39158821910267005,35344.498761354254,1.6564397335052483
2.7062510322047895,2.9119102669969723,1.6129259565097716,0.3637324525185798,0.14042113955408753,-0.29224332507569495,-0.29806220754197643,-0.47826314340765214,-0.40158821910267,35283.498761354254,1.659889888763427
2.7262510322047895,2.9519102669969723,1.6729259565097716,0.32373245251857974,0.14042113955408753,-0.29224332507569495,-0.27806220754197647,-0.47826314340765214,-0.40158821910267,35224.498761354254,1.6640479087829583
2.7462510322047895,2.961910266996972,1.6929259565097716,0.3037324525185797,0.12042113955408756,-0.29224332507569495,-0.27806220754197647,-0.4682631434076521,-0.39158821910267005,34847.498761354254,1.6685513973236077
2.7562510322047893,2.981910266996972,1.7229259565097719,0.2937324525185797,0.14042113955408753,-0.29224332507569495,-0.2880622075419765,-0.4682631434076521,-0.39158821910267005,34950.498761354254,1.669538211822509
2.7762510322047893,2.981910266996972,1.7929259565097717,0.2537324525185797,0.12042113955408756,-0.3122433250756949,-0.2880622075419765,-0.4582631434076521,-0.40158821910267,35143.498761354254,1.671903085708614
2.7662510322047895,3.0319102669969724,1.8129259565097717,0.2637324525185797,0.10042113955408755,-0.3122433250756949,-0.2880622075419765,-0.4582631434076521,-0.40158821910267,35238.498761354254,1.6769463539123564
2.7962510322047893,3.041910266996972,1.8529259565097718,0.22373245251857968,0.09042113955408754,-0.3122433250756949,-0.27806220754197647,-0.4582631434076521,-0.40158821910267,34959.498761354254,1.680946779251098
2.7862510322047895,3.0519102669969724,1.8929259565097718,0.20373245251857972,0.07042113955408755,-0.3222433250756949,-0.27806220754197647,-0.4682631434076521,-0.39158821910267005,34624.498761354254,1.680946779251098
2.7762510322047893,3.0719102669969724,1.9129259565097718,0.20373245251857972,0.08042113955408753,-0.3222433250756949,-0.26806220754197646,-0.4682631434076521,-0.39158821910267005,34381.498761354254,1.6849474430084221
2.8062510322047896,3.0919102669969725,1.9429259565097716,0.1837324525185797,0.07042113955408755,-0.3122433250756949,-0.26806220754197646,-0.4682631434076521,-0.39158821910267005,34756.498761354254,1.688945960998531
2.7862510322047895,3.1019102669969723,1.992925956509772,0.16373245251857968,0.06042113955408754,-0.33224332507569493,-0.26806220754197646,-0.4682631434076521,-0.40158821910267,34943.498761354254,1.6933211803436272
2.8062510322047896,3.1019102669969723,2.0529259565097715,0.14373245251857972,0.06042113955408754,-0.3422433250756949,-0.27806220754197647,-0.4682631434076521,-0.40158821910267,34768.498761354254,1.6967758655548089
2.8362510322047894,3.1119102669969725,2.0829259565097717,0.1337324525185797,0.05042113955408753,-0.3522433250756949,-0.30806220754197644,-0.47826314340765214,-0.40158821910267,34389.498761354254,1.6967758655548089
2.8462510322047896,3.1219102669969723,2.1029259565097718,0.1237324525185797,0.05042113955408753,-0.3422433250756949,-0.30806220754197644,-0.47826314340765214,-0.40158821910267,33982.498761354254,1.701842021942138
2.8362510322047894,3.1419102669969723,2.1329259565097716,0.1237324525185797,0.05042113955408753,-0.3422433250756949,-0.30806220754197644,-0.47826314340765214,-0.40158821910267,33961.498761354254,1.7058526992797844
2.8262510322047896,3.151910266996972,2.1729259565097716,0.1237324525185797,0.05042113955408753,-0.3422433250756949,-0.32806220754197646,-0.47826314340765214,-0.41158821910267,33516.498761354254,1.7091645717620843
2.8262510322047896,3.1619102669969723,2.1929259565097716,0.10373245251857968,0.05042113955408753,-0.3522433250756949,-0.33806220754197647,-0.47826314340765214,-0.40158821910267,33077.498761354254,1.7098531246185296
2.7962510322047893,3.151910266996972,2.222925956509772,0.09373245251857967,0.05042113955408753,-0.3422433250756949,-0.3480622075419765,-0.47826314340765214,-0.40158821910267,32788.498761354254,1.7138528347015338
2.7962510322047893,3.1419102669969723,2.2529259565097717,0.07373245251857971,0.07042113955408755,-0.3522433250756949,-0.33806220754197647,-0.47826314340765214,-0.40158821910267,32203.498761354254,1.7171387195587187
2.7762510322047893,3.131910266996972,2.2829259565097715,0.07373245251857971,0.07042113955408755,-0.3422433250756949,-0.3480622075419765,-0.4682631434076521,-0.40158821910267,31696.498761354254,1.72125859260559
2.7862510322047895,3.1219102669969723,2.3129259565097717,0.07373245251857971,0.08042113955408753,-0.3422433250756949,-0.35806220754197643,-0.47826314340765214,-0.41158821910267,31327.498761354254,1.7223293304443352
2.7662510322047895,3.1119102669969725,2.3429259565097715,0.09373245251857967,0.10042113955408755,-0.3422433250756949,-0.36806220754197644,-0.47826314340765214,-0.40158821910267,31284.498761354254,1.7263104438781696
2.7362510322047893,3.0919102669969725,2.3629259565097716,0.08373245251857972,0.13042113955408752,-0.3522433250756949,-0.36806220754197644,-0.4882631434076521,-0.40158821910267,31033.498761354254,1.7298039913177483
2.6862510322047894,3.0719102669969724,2.392925956509772,0.09373245251857967,0.12042113955408756,-0.3422433250756949,-0.35806220754197643,-0.4882631434076521,-0.40158821910267,30388.498761354254,1.7343725681304925
2.6462510322047894,3.061910266996972,2.392925956509772,0.10373245251857968,0.15042113955408754,-0.33224332507569493,-0.35806220754197643,-0.4882631434076521,-0.41158821910267,29959.498761354254,1.7343725681304925
2.636251032204789,3.0319102669969724,2.412925956509772,0.08373245251857972,0.16042113955408754,-0.3222433250756949,-0.36806220754197644,-0.4882631434076521,-0.40158821910267,29674.498761354254,1.7374948978424065
2.5762510322047896,3.001910266996972,2.432925956509772,0.10373245251857968,0.19042113955408752,-0.3122433250756949,-0.32806220754197646,-0.4882631434076521,-0.39158821910267005,29279.498761354254,1.7425851345062249
2.5562510322047896,2.981910266996972,2.412925956509772,0.09373245251857967,0.22042113955408754,-0.29224332507569495,-0.32806220754197646,-0.4882631434076521,-0.39158821910267005,28666.498761354254,1.7455610752105706
2.4962510322047895,2.941910266996972,2.4029259565097716,0.1237324525185797,0.23042113955408755,-0.29224332507569495,-0.31806220754197645,-0.4882631434076521,-0.39158821910267005,28473.498761354254,1.7465648174285882
2.4362510322047894,2.921910266996972,2.412925956509772,0.1337324525185797,0.24042113955408756,-0.28224332507569494,-0.30806220754197644,-0.4882631434076521,-0.38158821910267005,27944.498761354254,1.7505847930908196
2.3962510322047894,2.9119102669969723,2.412925956509772,0.1337324525185797,0.2604211395540875,-0.2622433250756949,-0.27806220754197647,-0.4882631434076521,-0.39158821910267005,27709.498761354254,1.7546436309814446
2.3262510322047896,2.8619102669969725,2.4029259565097716,0.1737324525185797,0.3104211395540875,-0.28224332507569494,-0.26806220754197646,-0.4882631434076521,-0.39158821910267005,26820.498761354254,1.7586509704589837
2.2762510322047893,2.8319102669969722,2.392925956509772,0.1837324525185797,0.3104211395540875,-0.2622433250756949,-0.25806220754197645,-0.4882631434076521,-0.39158821910267005,26449.498761354254,1.7620059967041009
2.2062510322047895,2.791910266996972,2.4229259565097716,0.22373245251857968,0.34042113955408754,-0.2622433250756949,-0.26806220754197646,-0.4482631434076521,-0.39158821910267005,25670.498761354254,1.7620059967041009
2.2162510322047893,2.671910266996972,2.412925956509772,0.2537324525185797,0.3804211395540876,-0.2422433250756949,-0.32806220754197646,-0.40826314340765213,-0.38158821910267005,25379.498761354254,1.7674710273742669
2.2062510322047895,2.6019102669969723,2.372925956509772,0.2837324525185797,0.4104211395540875,-0.20224332507569492,-0.31806220754197645,-0.40826314340765213,-0.37158821910267004,24606.498761354254,1.770685863494876
2.136251032204789,2.5319102669969724,2.3629259565097716,0.3037324525185797,0.4404211395540875,-0.19224332507569492,-0.31806220754197645,-0.3982631434076521,-0.37158821910267004,23787.498761354254,1.774602842330932
2.0862510322047894,2.4719102669969724,2.3329259565097717,0.37373245251857967,0.49042113955408756,-0.16224332507569494,-0.31806220754197645,-0.3882631434076521,-0.36158821910267,23836.498761354254,1.7756649971008294
2.0362510322047895,2.4119102669969723,2.2829259565097715,0.4137324525185797,0.5404211395540874,-0.14224332507569493,-0.30806220754197644,-0.3782631434076521,-0.36158821910267,23455.498761354254,1.7782163143157987
1.9462510322047892,2.311910266996972,2.2729259565097717,0.47373245251857976,0.5904211395540875,-0.13224332507569492,-0.2880622075419765,-0.3582631434076521,-0.36158821910267,22880.498761354254,1.7832338333129876
1.8462510322047894,2.251910266996972,2.222925956509772,0.5337324525185797,0.6504211395540875,-0.1122433250756949,-0.2880622075419765,-0.3582631434076521,-0.35158821910267,22493.498761354254,1.7872504711151116
1.7962510322047893,2.1619102669969723,2.182925956509772,0.6137324525185798,0.7304211395540876,-0.09224332507569494,-0.27806220754197647,-0.3382631434076521,-0.35158821910267,22284.498761354254,1.7872504711151116
1.7362510322047893,2.0719102669969724,2.1729259565097716,0.6637324525185797,0.7804211395540874,-0.08224332507569493,-0.27806220754197647,-0.3282631434076521,-0.34158821910267,21473.498761354254,1.791545820236209
1.6762510322047894,2.0119102669969724,2.122925956509772,0.7137324525185798,0.8404211395540875,-0.0522433250756949,-0.26806220754197646,-0.3282631434076521,-0.34158821910267,20978.498761354254,1.7948522090911858
1.6062510322047894,1.921910266996972,2.0929259565097715,0.7937324525185797,0.9104211395540875,-0.02224332507569493,-0.25806220754197645,-0.30826314340765215,-0.33158821910267,20493.498761354254,1.798875284194942
1.5262510322047893,1.8519102669969723,2.0529259565097715,0.8537324525185798,0.9604211395540876,-0.012243325075694922,-0.23806220754197643,-0.29826314340765214,-0.33158821910267,19844.498761354254,1.79987187385559
1.4562510322047895,1.7819102669969722,1.992925956509772,0.9237324525185798,1.0104211395540874,0.007756674924305096,-0.22806220754197648,-0.28826314340765213,-0.33158821910267,19649.498761354254,1.8028754711151116
1.3962510322047894,1.7219102669969724,1.9629259565097716,1.0037324525185796,1.0604211395540875,0.03775667492430512,-0.21806220754197647,-0.2782631434076521,-0.33158821910267,19346.498761354254,1.8078758239746087
1.3362510322047894,1.6319102669969723,1.8929259565097718,1.0537324525185796,1.1304211395540875,0.09775667492430506,-0.20806220754197646,-0.2582631434076521,-0.32158821910267,19011.498761354254,1.8122233867645257
1.3062510322047893,1.6019102669969723,1.8429259565097715,1.1137324525185797,1.1504211395540875,0.11775667492430508,-0.19806220754197645,-0.2482631434076521,-0.32158821910267,18890.498761354254,1.8122233867645257
1.2162510322047895,1.5019102669969722,1.8129259565097717,1.2137324525185795,1.2504211395540874,0.1277566749243051,-0.19806220754197645,-0.2382631434076521,-0.32158821910267,18851.498761354254,1.8153075695037835
1.1562510322047894,1.4319102669969723,1.7529259565097717,1.2637324525185796,1.3004211395540874,0.18775667492430503,-0.18806220754197644,-0.22826314340765214,-0.32158821910267,18752.498761354254,1.8193625926971428
1.1062510322047894,1.3719102669969723,1.6829259565097718,1.3237324525185796,1.3704211395540875,0.17775667492430502,-0.19806220754197645,-0.22826314340765214,-0.32158821910267,18531.498761354254,1.8236152648925739
1.0362510322047893,1.2819102669969722,1.6329259565097716,1.3837324525185797,1.4204211395540876,0.21775667492430506,-0.16806220754197643,-0.21826314340765213,-0.31158821910267004,17760.498761354254,1.8246275901794426
0.9562510322047895,1.2019102669969723,1.5929259565097715,1.4937324525185796,1.5104211395540874,0.22775667492430507,-0.18806220754197644,-0.21826314340765213,-0.31158821910267004,17843.498761354254,1.827619266510009
0.8962510322047894,1.1419102669969723,1.5129259565097715,1.5737324525185796,1.5804211395540875,0.29775667492430513,-0.19806220754197645,-0.21826314340765213,-0.31158821910267004,17984.498761354254,1.8316156387329094
0.8262510322047893,1.0619102669969722,1.4129259565097718,1.6437324525185797,1.6704211395540876,0.33775667492430506,-0.21806220754197647,-0.22826314340765214,-0.30158821910267003,17721.498761354254,1.835902404785159
0.8162510322047893,1.0419102669969722,1.3529259565097718,1.6737324525185797,1.7104211395540876,0.3877566749243051,-0.20806220754197646,-0.22826314340765214,-0.30158821910267003,17690.498761354254,1.839844894409179
0.7762510322047895,0.9819102669969723,1.2929259565097717,1.7337324525185795,1.7404211395540874,0.3977566749243051,-0.22806220754197648,-0.2382631434076521,-0.30158821910267003,17637.498761354254,1.839844894409179
0.7162510322047895,0.9219102669969722,1.2729259565097717,1.8037324525185796,1.8204211395540875,0.4077566749243051,-0.22806220754197648,-0.2382631434076521,-0.30158821910267003,17736.498761354254,1.8440126895904498
0.6862510322047894,0.8819102669969722,1.2329259565097717,1.8537324525185794,1.8604211395540875,0.45775667492430505,-0.25806220754197645,-0.2482631434076521,-0.30158821910267003,17979.498761354254,1.8479916572570794
0.6462510322047894,0.8319102669969721,1.1729259565097716,1.9137324525185795,1.9204211395540876,0.4877566749243051,-0.26806220754197646,-0.2482631434076521,-0.30158821910267003,17892.498761354254,1.852012109756469
0.5962510322047894,0.7819102669969722,1.1329259565097716,1.9837324525185798,1.9704211395540874,0.4977566749243051,-0.29806220754197643,-0.2782631434076521,-0.31158821910267004,18027.498761354254,1.853012037277221
0.5462510322047893,0.7219102669969721,1.0229259565097717,2.04373245251858,2.0404211395540877,0.5877566749243052,-0.30806220754197644,-0.2782631434076521,-0.32158821910267,18164.498761354254,1.8571030616760247
0.5362510322047895,0.6919102669969721,1.0129259565097715,2.0837324525185794,2.0704211395540875,0.5877566749243052,-0.31806220754197645,-0.2782631434076521,-0.31158821910267004,17865.498761354254,1.8614916324615471
0.48625103220478944,0.6619102669969722,0.9229259565097715,2.1437324525185795,2.1304211395540875,0.657756674924305,-0.3480622075419765,-0.30826314340765215,-0.31158821910267004,17958.498761354254,1.864650917053222
0.4762510322047894,0.6219102669969722,0.9129259565097715,2.1837324525185795,2.1804211395540873,0.677756674924305,-0.35806220754197643,-0.30826314340765215,-0.31158821910267004,17921.498761354254,1.8657195091247587
0.4362510322047894,0.5719102669969721,0.8329259565097716,2.2037324525185795,2.2004211395540874,0.707756674924305,-0.35806220754197643,-0.30826314340765215,-0.31158821910267004,17676.498761354254,1.8688206195831292
0.4162510322047895,0.5319102669969722,0.7729259565097716,2.2437324525185796,2.2304211395540876,0.7277566749243051,-0.36806220754197644,-0.30826314340765215,-0.31158821910267004,17891.498761354254,1.8731767654418903
0.37625103220478945,0.5219102669969722,0.7129259565097715,2.2837324525185796,2.2704211395540876,0.7577566749243051,-0.36806220754197644,-0.30826314340765215,-0.32158821910267,18146.498761354254,1.8782281398773186
0.35625103220478943,0.49191026699697216,0.7029259565097715,2.3237324525185796,2.3204211395540875,0.7777566749243051,-0.36806220754197644,-0.30826314340765215,-0.31158821910267004,18027.498761354254,1.8782281398773186
0.3462510322047894,0.46191026699697213,0.6429259565097715,2.3337324525185794,2.3304211395540877,0.8077566749243051,-0.36806220754197644,-0.30826314340765215,-0.31158821910267004,18026.498761354254,1.8808352470397942
0.3262510322047894,0.4419102669969721,0.6129259565097717,2.3537324525185794,2.3404211395540875,0.8377566749243052,-0.37806220754197645,-0.3182631434076521,-0.30158821910267003,17713.498761354254,1.8862654685974078
0.2862510322047894,0.4119102669969722,0.5529259565097716,2.3737324525185794,2.3704211395540873,0.887756674924305,-0.36806220754197644,-0.30826314340765215,-0.31158821910267004,17598.498761354254,1.8895716190338128
0.2662510322047894,0.37191026699697216,0.5229259565097716,2.4137324525185795,2.4104211395540873,0.877756674924305,-0.38806220754197646,-0.3182631434076521,-0.30158821910267003,17693.498761354254,1.8895716190338128
0.23625103220478944,0.33191026699697224,0.46292595650977153,2.4337324525185795,2.4504211395540874,0.927756674924305,-0.37806220754197645,-0.30826314340765215,-0.29158821910267,17586.498761354254,1.8944618225097685
0.21625103220478942,0.3119102669969722,0.4429259565097715,2.4337324525185795,2.4604211395540876,0.927756674924305,-0.38806220754197646,-0.3182631434076521,-0.29158821910267,17517.498761354254,1.898471784591674
0.2062510322047894,0.3019102669969722,0.4429259565097715,2.4537324525185795,2.4904211395540874,0.947756674924305,-0.38806220754197646,-0.3182631434076521,-0.28158821910267,17420.498761354254,1.9017624378204339
0.19625103220478946,0.2919102669969722,0.4229259565097715,2.4637324525185798,2.5204211395540876,0.9777566749243051,-0.39806220754197646,-0.3282631434076521,-0.27158821910267006,17219.498761354254,1.9054712772369378
0.17625103220478944,0.2619102669969722,0.37292595650977167,2.4737324525185795,2.5204211395540876,0.9977566749243051,-0.38806220754197646,-0.3182631434076521,-0.27158821910267006,17328.498761354254,1.9054712772369378
0.1462510322047894,0.23191026699697218,0.36292595650977166,2.4937324525185796,2.5504211395540874,1.047756674924305,-0.4080622075419765,-0.3182631434076521,-0.28158821910267,17059.498761354254,1.9095084190368645
0.1462510322047894,0.23191026699697218,0.2929259565097716,2.50373245251858,2.5504211395540874,1.0777566749243053,-0.38806220754197646,-0.3182631434076521,-0.26158821910267005,17040.498761354254,1.9135181427001946
0.1462510322047894,0.22191026699697217,0.2829259565097716,2.50373245251858,2.5704211395540875,1.0977566749243053,-0.38806220754197646,-0.30826314340765215,-0.26158821910267005,16483.498761354254,1.9178294658660882
0.11625103220478944,0.1919102669969722,0.2729259565097716,2.50373245251858,2.5704211395540875,1.0977566749243053,-0.38806220754197646,-0.3182631434076521,-0.27158821910267006,16216.498761354254,1.918519449234008
0.11625103220478944,0.1819102669969722,0.2629259565097716,2.5137324525185796,2.5904211395540875,1.147756674924305,-0.38806220754197646,-0.30826314340765215,-0.27158821910267006,16261.498761354254,1.9225174903869622
0.10625103220478943,0.16191026699697217,0.24292595650977156,2.5137324525185796,2.6004211395540873,1.147756674924305,-0.37806220754197645,-0.30826314340765215,-0.26158821910267005,16164.498761354254,1.9261221408843987
0.10625103220478943,0.17191026699697218,0.23292595650977155,2.50373245251858,2.6004211395540873,1.177756674924305,-0.38806220754197646,-0.3182631434076521,-0.27158821910267006,15957.498761354254,1.9310311794280999
0.08625103220478944,0.1419102669969722,0.20292595650977152,2.4937324525185796,2.5904211395540875,1.177756674924305,-0.37806220754197645,-0.30826314340765215,-0.28158821910267,15790.498761354254,1.9310311794280999
0.08625103220478944,0.1419102669969722,0.22292595650977154,2.4937324525185796,2.6104211395540875,1.1877566749243051,-0.37806220754197645,-0.30826314340765215,-0.27158821910267006,15639.498761354254,1.9345745563507073
0.07625103220478943,0.1319102669969722,0.14292595650977158,2.4937324525185796,2.6104211395540875,1.1877566749243051,-0.37806220754197645,-0.30826314340765215,-0.26158821910267005,15624.498761354254,1.9395465373992877
0.07625103220478943,0.11191026699697218,0.13292595650977157,2.50373245251858,2.6204211395540873,1.2277566749243052,-0.37806220754197645,-0.30826314340765215,-0.26158821910267005,15657.498761354254,1.9425312995910637
0.07625103220478943,0.12191026699697219,0.08292595650977153,2.4937324525185796,2.6004211395540873,1.2277566749243052,-0.36806220754197644,-0.29826314340765214,-0.26158821910267005,15334.498761354254,1.94354600906372
0.06625103220478942,0.12191026699697219,0.06292595650977162,2.4837324525185798,2.6004211395540873,1.237756674924305,-0.36806220754197644,-0.29826314340765214,-0.26158821910267005,14797.498761354254,1.9466065883636468
0.06625103220478942,0.11191026699697218,0.0429259565097716,2.4537324525185795,2.5704211395540875,1.237756674924305,-0.35806220754197643,-0.28826314340765213,-0.26158821910267005,14894.498761354254,1.9506046295166009
0.06625103220478942,0.1019102669969722,0.022925956509771583,2.4637324525185798,2.5904211395540875,1.2477566749243052,-0.37806220754197645,-0.29826314340765214,-0.25158821910267004,15063.498761354254,1.9551155090332024
0.06625103220478942,0.1019102669969722,0.05292595650977161,2.4437324525185797,2.5704211395540875,1.2477566749243052,-0.35806220754197643,-0.28826314340765213,-0.25158821910267004,14982.498761354254,1.9551155090332024
0.05625103220478944,0.1019102669969722,0.03292595650977159,2.4437324525185797,2.5704211395540875,1.2477566749243052,-0.33806220754197647,-0.2682631434076521,-0.24158821910267003,14753.498761354254,1.9591187953948968
0.05625103220478944,0.09191026699697219,-0.017074043490228452,2.4337324525185795,2.5704211395540875,1.257756674924305,-0.32806220754197646,-0.2682631434076521,-0.23158821910267002,14396.498761354254,1.9631328105926507
0.05625103220478944,0.09191026699697219,-0.02707404349022846,2.4237324525185797,2.5504211395540874,1.277756674924305,-0.31806220754197645,-0.2582631434076521,-0.23158821910267002,14391.498761354254,1.9670066356658928
0.036251032204789424,0.0719102669969722,-0.007074043490228443,2.3937324525185795,2.5304211395540874,1.2677566749243052,-0.31806220754197645,-0.2482631434076521,-0.24158821910267003,14632.498761354254,1.9680413722991936
0.026251032204789443,0.0719102669969722,-0.017074043490228452,2.3737324525185794,2.5104211395540874,1.2477566749243052,-0.29806220754197643,-0.2382631434076521,-0.22158821910267001,13923.498761354254,1.9712447643280022
0.036251032204789424,0.06191026699697219,-0.04707404349022848,2.3537324525185794,2.5004211395540876,1.257756674924305,-0.2880622075419765,-0.22826314340765214,-0.23158821910267002,13632.498761354254,1.9754545211791985
0.026251032204789443,0.06191026699697219,-0.06707404349022839,2.3437324525185796,2.4804211395540876,1.2277566749243052,-0.27806220754197647,-0.21826314340765213,-0.21158821910267003,13409.498761354254,1.9804536819458
0.026251032204789443,0.06191026699697219,-0.06707404349022839,2.3237324525185796,2.4704211395540874,1.237756674924305,-0.2880622075419765,-0.21826314340765213,-0.21158821910267003,13232.498761354254,1.9835206985473626
0.006251032204789425,0.03191026699697219,-0.0770740434902284,2.3037324525185796,2.4604211395540876,1.237756674924305,-0.25806220754197645,-0.1982631434076521,-0.21158821910267003,13285.498761354254,1.9844541072845416
0.016251032204789434,0.05191026699697218,-0.10707404349022842,2.27373245251858,2.4304211395540873,1.2077566749243052,-0.24806220754197644,-0.1982631434076521,-0.21158821910267003,13186.498761354254,1.9873055934905999
0.006251032204789425,0.03191026699697219,-0.14707404349022846,2.2337324525185798,2.4004211395540875,1.2077566749243052,-0.22806220754197648,-0.16826314340765214,-0.21158821910267003,13013.498761354254,1.9924711704254108
0.006251032204789425,0.03191026699697219,-0.10707404349022842,2.1837324525185795,2.3404211395540875,1.177756674924305,-0.19806220754197645,-0.15826314340765213,-0.20158821910267002,12794.498761354254,1.9964711189269977
-0.003748967795210556,0.011910266996972202,-0.0870740434902284,2.1537324525185797,2.3304211395540877,1.177756674924305,-0.18806220754197644,-0.1382631434076521,-0.19158821910267002,12705.498761354254,1.9964711189269977
-0.003748967795210556,0.021910266996972183,-0.14707404349022846,2.1237324525185794,2.2904211395540877,1.1877566749243051,-0.16806220754197643,-0.1182631434076521,-0.18158821910267003,12362.498761354254,1.9999453544616692
-0.013748967795210565,0.011910266996972202,-0.11707404349022843,2.0937324525185796,2.2604211395540874,1.177756674924305,-0.1480622075419764,-0.09826314340765213,-0.17158821910267003,12343.498761354254,2.0040649890899687
-0.013748967795210565,-0.008089733003027816,-0.13707404349022845,2.0537324525185796,2.2304211395540876,1.1677566749243051,-0.1280622075419765,-0.08826314340765212,-0.14158821910267,12432.498761354254,2.0082368373870843
-0.013748967795210565,-0.008089733003027816,-0.14707404349022846,2.0337324525185796,2.2004211395540874,1.1877566749243051,-0.1280622075419765,-0.07826314340765211,-0.16158821910267002,12061.498761354254,2.0092932701110833
-0.013748967795210565,-0.008089733003027816,-0.13707404349022845,1.9937324525185796,2.1704211395540876,1.1677566749243051,-0.10806220754197648,-0.0682631434076521,-0.16158821910267002,11808.498761354254,2.012289237976077
-0.023748967795210574,-0.01808973300302781,-0.14707404349022846,1.9337324525185795,2.1204211395540873,1.197756674924305,-0.08806220754197647,-0.04826314340765214,-0.16158821910267002,11697.498761354254,2.017288875579837
-0.023748967795210574,-0.01808973300302781,-0.14707404349022846,1.9037324525185797,2.0804211395540877,1.177756674924305,-0.08806220754197647,-0.038263143407652134,-0.13158821910267005,11554.498761354254,2.0212885856628375
-0.03374896779521057,-0.01808973300302781,-0.16707404349022847,1.9037324525185797,2.0904211395540875,1.177756674924305,-0.09806220754197648,-0.058263143407652096,-0.12158821910267004,11675.498761354254,2.0212885856628375
-0.03374896779521057,-0.01808973300302781,-0.15707404349022847,1.8437324525185796,2.0204211395540876,1.147756674924305,-0.04806220754197643,-0.008263143407652107,-0.11158821910267003,10906.498761354254,2.0252878189086907
-0.043748967795210564,-0.028089733003027806,-0.16707404349022847,1.7937324525185796,1.9804211395540876,1.1677566749243051,-0.04806220754197643,0.0017368565923479018,-0.11158821910267003,10261.498761354254,2.028404664993289
-0.043748967795210564,-0.038089733003027815,-0.17707404349022848,1.7137324525185795,1.9104211395540873,1.147756674924305,-0.018062207541976405,0.01173685659234791,-0.10158821910267002,10050.498761354254,2.0338129520416217
-0.05374896779521057,-0.04808973300302781,-0.17707404349022848,1.6937324525185795,1.8904211395540873,1.157756674924305,-0.018062207541976405,0.03173685659234793,-0.09158821910267001,9965.498761354254,2.0338129520416217
-0.05374896779521057,-0.04808973300302781,-0.18707404349022838,1.6437324525185797,1.8404211395540875,1.127756674924305,-0.018062207541976405,0.03173685659234793,-0.07158821910267005,9396.498761354254,2.036756944656368
-0.05374896779521057,-0.04808973300302781,-0.23707404349022843,1.6237324525185797,1.8104211395540875,1.1377566749243049,0.0019377924580235018,0.051736856592347835,-0.03158821910267001,8667.498761354254,2.0413157463073723
-0.06374896779521057,-0.04808973300302781,-0.22707404349022842,1.6037324525185797,1.7904211395540874,1.1177566749243049,-0.028062207541976414,0.03173685659234793,-0.05158821910267003,8532.498761354254,2.0453092575073235
-0.05374896779521057,-0.038089733003027815,-0.25707404349022844,1.5337324525185796,1.7204211395540874,1.147756674924305,0.02193779245802352,0.061736856592347844,-0.021588219102670003,7975.498761354254,2.04857153892517
-0.05374896779521057,-0.038089733003027815,-0.25707404349022844,1.5037324525185796,1.6804211395540876,1.0977566749243053,0.03193779245802353,0.08173685659234786,-0.001588219102670041,7338.498761354254,2.0492832183837884
-0.05374896779521057,-0.04808973300302781,-0.25707404349022844,1.4437324525185795,1.6204211395540875,1.087756674924305,0.01193779245802351,0.07173685659234785,0.018411780897329977,7385.498761354254,2.052573156356811
-0.043748967795210564,-0.038089733003027815,-0.24707404349022843,1.4137324525185797,1.5904211395540875,1.0377566749243052,0.04193779245802354,0.10173685659234788,0.05841178089732996,7198.498761354254,2.05813021659851
-0.05374896779521057,-0.04808973300302781,-0.22707404349022842,1.3537324525185797,1.5404211395540874,1.0377566749243052,0.061937792458023555,0.11173685659234789,0.028411780897329986,6977.498761354254,2.060881090164184
-0.05374896779521057,-0.038089733003027815,-0.27707404349022846,1.3037324525185796,1.4904211395540874,0.9877566749243051,0.10193779245802359,0.15173685659234792,0.04841178089732995,6562.498761354254,2.0619289398193352
-0.05374896779521057,-0.028089733003027806,-0.26707404349022845,1.2437324525185796,1.4004211395540875,0.957756674924305,0.1219377924580235,0.17173685659234783,0.10841178089733,6393.498761354254,2.066479873657226
-0.06374896779521057,-0.04808973300302781,-0.25707404349022844,1.1637324525185797,1.3104211395540875,0.9677566749243051,0.1319377924580235,0.18173685659234784,0.08841178089732998,5932.498761354254,2.070384454727172
-0.06374896779521057,-0.058089733003027805,-0.23707404349022843,1.1037324525185797,1.2804211395540874,0.937756674924305,0.1319377924580235,0.19173685659234785,0.11841178089733001,5723.498761354254,2.0736388683319085
-0.08374896779521057,-0.06808973300302781,-0.30707404349022843,1.0437324525185796,1.2304211395540874,0.937756674924305,0.17193779245802354,0.2417368565923479,0.15841178089732993,5444.498761354254,2.0745136260986357
-0.08374896779521057,-0.06808973300302781,-0.2970740434902284,1.0237324525185796,1.1904211395540876,0.917756674924305,0.2519377924580235,0.31173685659234784,0.16841178089732994,4949.498761354254,2.078513813018798
-0.08374896779521057,-0.06808973300302781,-0.27707404349022846,0.9437324525185796,1.1204211395540875,0.897756674924305,0.31193779245802356,0.3617368565923479,0.19841178089732997,4070.4987613542544,2.082513523101806
-0.08374896779521057,-0.058089733003027805,-0.30707404349022843,0.8237324525185797,0.9704211395540874,0.8277566749243052,0.3519377924580236,0.41173685659234793,0.20841178089732998,3093.4987613542544,2.086513710021972
-0.08374896779521057,-0.07808973300302781,-0.30707404349022843,0.8237324525185797,0.9504211395540876,0.8077566749243051,0.3419377924580236,0.41173685659234793,0.20841178089732998,2776.4987613542544,2.086513710021972
-0.08374896779521057,-0.06808973300302781,-0.31707404349022844,0.8037324525185797,0.9604211395540876,0.8177566749243051,0.3819377924580236,0.44173685659234785,0.22841178089733,2981.4987613542544,2.090513896942138
-0.07374896779521056,-0.06808973300302781,-0.30707404349022843,0.8037324525185797,0.9604211395540876,0.7877566749243051,0.3819377924580236,0.44173685659234785,0.22841178089733,3072.4987613542544,2.0940832614898675
-0.07374896779521056,-0.06808973300302781,-0.2970740434902284,0.7337324525185798,0.8804211395540875,0.7477566749243051,0.43193779245802344,0.5117368565923479,0.22841178089733,2781.4987613542544,2.09946699142456
-0.07374896779521056,-0.058089733003027805,-0.2870740434902284,0.6737324525185797,0.8204211395540875,0.7177566749243051,0.46193779245802347,0.5217368565923479,0.24841178089733001,2720.4987613542544,2.09946699142456
-0.08374896779521057,-0.06808973300302781,-0.31707404349022844,0.6537324525185797,0.7904211395540874,0.7277566749243051,0.5019377924580235,0.551736856592348,0.24841178089733001,2715.4987613542544,2.101845693588256
-0.07374896779521056,-0.058089733003027805,-0.2870740434902284,0.6137324525185798,0.7404211395540876,0.677756674924305,0.5119377924580235,0.561736856592348,0.25841178089733,2458.4987613542544,2.105876874923702
-0.07374896779521056,-0.06808973300302781,-0.2970740434902284,0.5937324525185798,0.7104211395540876,0.647756674924305,0.5219377924580235,0.581736856592348,0.27841178089732993,2789.4987613542544,2.110913467407226
-0.08374896779521057,-0.06808973300302781,-0.2870740434902284,0.5037324525185797,0.6404211395540875,0.5877566749243052,0.5719377924580236,0.6217368565923478,0.28841178089732994,2300.4987613542544,2.1141821861267083
-0.08374896779521057,-0.06808973300302781,-0.2870740434902284,0.49373245251857967,0.6304211395540875,0.5277566749243051,0.6219377924580236,0.6717368565923478,0.28841178089732994,1927.4987613542544,2.114912223815921
-0.08374896779521057,-0.06808973300302781,-0.2970740434902284,0.49373245251857967,0.6304211395540875,0.4977566749243051,0.6319377924580236,0.6817368565923478,0.29841178089732995,2170.4987613542544,2.1189119338989286
-0.08374896779521057,-0.06808973300302781,-0.30707404349022843,0.4337324525185797,0.5504211395540874,0.47775667492430507,0.6519377924580236,0.7117368565923479,0.28841178089732994,2287.4987613542544,2.123015356063842
-0.08374896779521057,-0.06808973300302781,-0.2970740434902284,0.3937324525185797,0.5104211395540876,0.44775667492430504,0.6819377924580234,0.7317368565923479,0.30841178089732996,2076.4987613542544,2.126442861557006
-0.09374896779521057,-0.07808973300302781,-0.2870740434902284,0.3837324525185797,0.5104211395540876,0.3977566749243051,0.7519377924580235,0.7917368565923479,0.30841178089732996,1805.4987613542544,2.1271667003631585
-0.08374896779521057,-0.06808973300302781,-0.32707404349022845,0.3937324525185797,0.5004211395540876,0.4077566749243051,0.7619377924580235,0.801736856592348,0.31841178089732997,1940.4987613542544,2.1315152168273954
-0.09374896779521057,-0.07808973300302781,-0.31707404349022844,0.3637324525185798,0.48042113955408755,0.3877566749243051,0.8019377924580235,0.851736856592348,0.32841178089733,2045.4987613542544,2.1363036155700676
-0.09374896779521057,-0.07808973300302781,-0.31707404349022844,0.34373245251857976,0.46042113955408753,0.3577566749243051,0.8119377924580236,0.8717368565923478,0.34841178089733,2412.4987613542544,2.138607454299926
-0.09374896779521057,-0.07808973300302781,-0.32707404349022845,0.34373245251857976,0.4504211395540875,0.3577566749243051,0.8419377924580236,0.8817368565923478,0.36841178089733,2619.4987613542544,2.1396274089813225
-0.09374896779521057,-0.07808973300302781,-0.33707404349022846,0.33373245251857975,0.4304211395540875,0.30775667492430503,0.8419377924580236,0.8917368565923478,0.36841178089733,2630.4987613542544,2.1436264038085966
-0.08374896779521057,-0.07808973300302781,-0.3470740434902284,0.31373245251857973,0.4304211395540875,0.29775667492430513,0.8519377924580236,0.9117368565923478,0.34841178089733,2929.4987613542544,2.1466187953948968
-0.09374896779521057,-0.07808973300302781,-0.32707404349022845,0.3037324525185797,0.3904211395540876,0.2777566749243051,0.8719377924580236,0.9217368565923478,0.32841178089733,2954.4987613542544,2.151709508895877
-0.09374896779521057,-0.07808973300302781,-0.33707404349022846,0.2637324525185797,0.35042113955408755,0.2677566749243051,0.8819377924580236,0.9417368565923478,0.35841178089733,2857.4987613542544,2.151709508895877
-0.09374896779521057,-0.07808973300302781,-0.33707404349022846,0.2737324525185797,0.3904211395540876,0.2777566749243051,0.8919377924580236,0.9417368565923478,0.35841178089733,2556.4987613542544,2.155460309982299
-0.10374896779521056,-0.0880897330030278,-0.36707404349022843,0.2437324525185797,0.33042113955408753,0.2577566749243051,0.9419377924580234,0.9817368565923479,0.35841178089733,2057.4987613542544,2.1594590663909905
-0.10374896779521056,-0.0880897330030278,-0.33707404349022846,0.2637324525185797,0.37042113955408756,0.22775667492430507,0.9419377924580234,0.9917368565923479,0.36841178089733,2100.4987613542544,2.163443517684936
-0.09374896779521057,-0.0880897330030278,-0.32707404349022845,0.2437324525185797,0.33042113955408753,0.19775667492430504,0.9719377924580235,1.001736856592348,0.36841178089733,2245.4987613542544,2.1644570350646966
-0.09374896779521057,-0.0880897330030278,-0.33707404349022846,0.2337324525185797,0.3204211395540875,0.18775667492430503,0.9619377924580235,1.011736856592348,0.35841178089733,2278.4987613542544,2.1674592018127434
-0.09374896779521057,-0.0880897330030278,-0.3470740434902284,0.22373245251857968,0.3104211395540875,0.21775667492430506,0.9519377924580235,1.011736856592348,0.35841178089733,2337.4987613542544,2.1724595546722405
-0.09374896779521057,-0.0880897330030278,-0.33707404349022846,0.21373245251857967,0.27042113955408753,0.19775667492430504,0.9519377924580235,1.021736856592348,0.35841178089733,2202.4987613542544,2.176900577545169
-0.09374896779521057,-0.0880897330030278,-0.3570740434902284,0.22373245251857968,0.30042113955408756,0.19775667492430504,0.9219377924580237,0.9917368565923479,0.35841178089733,1961.4987613542544,2.176900577545169
-0.09374896779521057,-0.07808973300302781,-0.33707404349022846,0.21373245251857967,0.30042113955408756,0.18775667492430503,0.9119377924580236,0.9817368565923479,0.35841178089733,2002.4987613542544,2.1801127910614007
-0.09374896779521057,-0.07808973300302781,-0.3470740434902284,0.21373245251857967,0.28042113955408754,0.21775667492430506,0.9119377924580236,0.9717368565923479,0.32841178089733,2023.4987613542544,2.184656810760494
-0.09374896779521057,-0.07808973300302781,-0.3570740434902284,0.1937324525185797,0.2604211395540875,0.17775667492430502,0.8819377924580236,0.9517368565923479,0.31841178089732997,2222.4987613542544,2.188656044006347
-0.09374896779521057,-0.0880897330030278,-0.3570740434902284,0.1937324525185797,0.27042113955408753,0.16775667492430513,0.8319377924580236,0.9317368565923478,0.31841178089732997,2013.4987613542544,2.1919340610504108
-0.09374896779521057,-0.0880897330030278,-0.3570740434902284,0.1837324525185797,0.2604211395540875,0.17775667492430502,0.8319377924580236,0.9317368565923478,0.29841178089732995,1484.4987613542544,2.1926593303680377
-0.09374896779521057,-0.0880897330030278,-0.36707404349022843,0.1937324525185797,0.2604211395540875,0.19775667492430504,0.8019377924580235,0.8817368565923478,0.30841178089732996,1449.4987613542544,2.1966473579406767
-0.09374896779521057,-0.0880897330030278,-0.3470740434902284,0.14373245251857972,0.23042113955408755,0.15775667492430512,0.7519377924580235,0.8817368565923478,0.31841178089732997,1688.4987613542544,2.20076937675476
-0.09374896779521057,-0.0880897330030278,-0.36707404349022843,0.14373245251857972,0.21042113955408753,0.1477566749243051,0.7319377924580235,0.841736856592348,0.32841178089733,1859.4987613542544,2.2047328472137444
-0.09374896779521057,-0.07808973300302781,-0.36707404349022843,0.1337324525185797,0.19042113955408752,0.1477566749243051,0.7319377924580235,0.831736856592348,0.29841178089732995,1810.4987613542544,2.2053861141204827
-0.09374896779521057,-0.0880897330030278,-0.36707404349022843,0.1237324525185797,0.19042113955408752,0.1377566749243051,0.6919377924580234,0.7917368565923479,0.27841178089732993,2031.4987613542544,2.2090692043304436
-0.10374896779521056,-0.0880897330030278,-0.36707404349022843,0.1337324525185797,0.19042113955408752,0.09775667492430506,0.6419377924580236,0.7517368565923479,0.28841178089732994,1326.4987613542544,2.213115882873531
-0.10374896779521056,-0.0880897330030278,-0.36707404349022843,0.11373245251857969,0.18042113955408756,0.07775667492430505,0.6119377924580236,0.7317368565923479,0.29841178089732995,1105.4987613542544,2.2171375274658196
-0.09374896779521057,-0.0880897330030278,-0.39707404349022846,0.10373245251857968,0.15042113955408754,0.07775667492430505,0.5519377924580235,0.6617368565923478,0.29841178089732995,1242.4987613542544,2.2171375274658196
-0.10374896779521056,-0.0880897330030278,-0.37707404349022844,0.07373245251857971,0.15042113955408754,0.10775667492430507,0.5219377924580235,0.6217368565923478,0.29841178089732995,1065.4987613542544,2.2211157798767083
-0.09374896779521057,-0.07808973300302781,-0.38707404349022845,0.09373245251857967,0.16042113955408754,0.04775667492430513,0.4719377924580235,0.571736856592348,0.27841178089732993,944.4987613542544,2.225214195251464
-0.10374896779521056,-0.0880897330030278,-0.36707404349022843,0.09373245251857967,0.14042113955408753,0.06775667492430504,0.3919377924580236,0.5217368565923479,0.27841178089732993,1127.4987613542544,2.2296418666839593
-0.09374896779521057,-0.07808973300302781,-0.36707404349022843,0.08373245251857972,0.13042113955408752,0.10775667492430507,0.42193779245802365,0.5417368565923479,0.20841178089732998,1208.4987613542544,2.230632257461547
-0.09374896779521057,-0.0880897330030278,-0.3570740434902284,0.043732452518579684,0.08042113955408753,0.05775667492430503,0.3819377924580236,0.5017368565923479,0.17841178089732995,1313.4987613542544,2.2336329936981194
-0.09374896779521057,-0.0880897330030278,-0.3570740434902284,0.0637324525185797,0.11042113955408756,0.06775667492430504,0.32193779245802356,0.43173685659234784,0.13841178089733003,982.4987613542544,2.2371809005737298
-0.09374896779521057,-0.0880897330030278,-0.3570740434902284,0.013732452518579685,0.06042113955408754,0.09775667492430506,0.2519377924580235,0.3617368565923479,0.15841178089732993,723.4987613542544,2.2419366359710686
-0.09374896779521057,-0.07808973300302781,-0.3470740434902284,0.023732452518579694,0.05042113955408753,0.08775667492430506,0.2219377924580236,0.33173685659234786,0.13841178089733003,702.4987613542544,2.242977094650268
-0.09374896779521057,-0.0880897330030278,-0.32707404349022845,0.013732452518579685,0.05042113955408753,0.09775667492430506,0.15193779245802352,0.2717368565923479,0.10841178089733,631.4987613542544,2.2462327003478997
-0.09374896779521057,-0.07808973300302781,-0.33707404349022846,0.023732452518579694,0.06042113955408754,0.06775667492430504,0.14193779245802352,0.2517368565923479,0.038411780897329995,822.4987613542544,2.2502324104309075
-0.09374896779521057,-0.07808973300302781,-0.32707404349022845,-0.006267547481420305,0.04042113955408755,0.08775667492430506,0.09193779245802358,0.20173685659234786,0.018411780897329977,669.4987613542544,2.2547919273376458
-0.10374896779521056,-0.0880897330030278,-0.33707404349022846,0.003732452518579704,0.03042113955408754,0.05775667492430503,0.0019377924580235018,0.1217368565923479,-0.01158821910267005,452.4987613542544,2.2579233169555657
-0.10374896779521056,-0.0880897330030278,-0.3470740434902284,-0.026267547481420295,0.00042113955408754067,0.05775667492430503,-0.018062207541976405,0.09173685659234787,-0.03158821910267001,455.4987613542544,2.2588169097900384
-0.10374896779521056,-0.0880897330030278,-0.3470740434902284,-0.026267547481420295,0.00042113955408754067,0.05775667492430503,-0.08806220754197647,0.04173685659234794,-0.03158821910267001,482.4987613542544,2.2628168582916217
-0.10374896779521056,-0.0880897330030278,-0.3470740434902284,-0.016267547481420314,0.01042113955408755,0.05775667492430503,-0.06806220754197645,0.04173685659234794,-0.06158821910267004,463.4987613542544,2.2671460628509514
-0.11374896779521057,-0.09808973300302781,-0.3470740434902284,0.003732452518579704,0.03042113955408754,0.04775667492430513,-0.1180622075419765,-0.008263143407652107,-0.05158821910267003,300.4987613542544,2.2700170993804925
-0.10374896779521056,-0.0880897330030278,-0.3470740434902284,-0.006267547481420305,0.01042113955408755,0.017756674924305105,-0.1280622075419765,0.0017368565923479018,-0.05158821910267003,381.4987613542544,2.2700170993804925
-0.11374896779521057,-0.09808973300302781,-0.3570740434902284,-0.026267547481420295,-0.009578860445912468,0.017756674924305105,-0.1280622075419765,-0.008263143407652107,-0.04158821910267002,322.4987613542544,2.2745127201080315
-0.11374896779521057,-0.09808973300302781,-0.3570740434902284,-0.026267547481420295,-0.009578860445912468,0.03775667492430512,-0.1280622075419765,-0.008263143407652107,-0.04158821910267002,387.4987613542544,2.2795345306396477
-0.10374896779521056,-0.09808973300302781,-0.3470740434902284,-0.026267547481420295,-0.009578860445912468,-0.012243325075694922,-0.1280622075419765,-0.008263143407652107,-0.04158821910267002,246.49876135425438,2.28255815505981
-0.11374896779521057,-0.09808973300302781,-0.33707404349022846,-0.016267547481420314,0.01042113955408755,-0.02224332507569493,-0.1280622075419765,-0.008263143407652107,-0.06158821910267004,95.49876135425438,2.2835642814636223
-0.10374896779521056,-0.09808973300302781,-0.33707404349022846,-0.016267547481420314,0.01042113955408755,-0.002243325075694913,-0.1280622075419765,-0.018263143407652116,-0.06158821910267004,474.4987613542544,2.287562084198001
-0.10374896779521056,-0.09808973300302781,-0.32707404349022845,-0.016267547481420314,0.00042113955408754067,-0.02224332507569493,-0.10806220754197648,0.0017368565923479018,-0.05158821910267003,607.4987613542544,2.2915620326995843
-0.10374896779521056,-0.09808973300302781,-0.33707404349022846,-0.006267547481420305,0.01042113955408755,-0.002243325075694913,-0.1480622075419764,-0.028263143407652125,-0.05158821910267003,144.49876135425438,2.294844341278079
-0.10374896779521056,-0.09808973300302781,-0.33707404349022846,0.003732452518579704,0.02042113955408753,-0.02224332507569493,-0.16806220754197643,-0.04826314340765214,-0.08158821910267,-112.50123864574562,2.2955619812011676
-0.11374896779521057,-0.0880897330030278,-0.3470740434902284,-0.016267547481420314,0.00042113955408754067,-0.04224332507569495,-0.17806220754197644,-0.058263143407652096,-0.07158821910267005,-39.501238645745616,2.2989127159118645
-0.11374896779521057,-0.09808973300302781,-0.32707404349022845,-0.016267547481420314,0.01042113955408755,-0.02224332507569493,-0.17806220754197644,-0.04826314340765214,-0.07158821910267005,233.49876135425438,2.302780580520629
-0.10374896779521056,-0.0880897330030278,-0.32707404349022845,-0.006267547481420305,0.02042113955408753,-0.02224332507569493,-0.19806220754197645,-0.0682631434076521,-0.10158821910267002,74.49876135425438,2.307781171798702
-0.10374896779521056,-0.0880897330030278,-0.32707404349022845,-0.006267547481420305,0.01042113955408755,-0.012243325075694922,-0.24806220754197644,-0.09826314340765213,-0.13158821910267005,-108.50123864574562,2.307781171798702
-0.10374896779521056,-0.0880897330030278,-0.32707404349022845,-0.016267547481420314,0.00042113955408754067,-0.04224332507569495,-0.24806220754197644,-0.10826314340765214,-0.14158821910267,-123.50123864574562,2.3112213134765582
-0.11374896779521057,-0.09808973300302781,-0.32707404349022845,-0.026267547481420295,-0.009578860445912468,-0.03224332507569494,-0.2880622075419765,-0.14826314340765212,-0.14158821910267,-124.50123864574562,2.315224123001098
-0.10374896779521056,-0.09808973300302781,-0.31707404349022844,-0.016267547481420314,0.00042113955408754067,-0.02224332507569493,-0.29806220754197643,-0.14826314340765212,-0.16158821910267002,170.49876135425438,2.3202239990234403
-0.10374896779521056,-0.0880897330030278,-0.2970740434902284,-0.016267547481420314,0.00042113955408754067,-0.002243325075694913,-0.30806220754197644,-0.16826314340765214,-0.18158821910267003,155.49876135425438,2.3202239990234403
-0.10374896779521056,-0.09808973300302781,-0.31707404349022844,-0.036267547481420304,-0.009578860445912468,-0.002243325075694913,-0.30806220754197644,-0.1782631434076521,-0.15158821910267,196.49876135425438,2.323285055160518
-0.10374896779521056,-0.0880897330030278,-0.32707404349022845,-0.016267547481420314,0.00042113955408754067,-0.012243325075694922,-0.30806220754197644,-0.15826314340765213,-0.15158821910267,53.498761354254384,2.3282241344451897
-0.10374896779521056,-0.0880897330030278,-0.31707404349022844,-0.016267547481420314,0.01042113955408755,0.027756674924305114,-0.29806220754197643,-0.15826314340765213,-0.13158821910267005,-245.50123864574562,2.3319851875305204
-0.10374896779521056,-0.0880897330030278,-0.30707404349022843,-0.026267547481420295,0.00042113955408754067,-0.012243325075694922,-0.29806220754197643,-0.15826314340765213,-0.15158821910267,65.49876135425438,2.3357810497283964
-0.10374896779521056,-0.0880897330030278,-0.2970740434902284,-0.026267547481420295,0.00042113955408754067,-0.002243325075694913,-0.29806220754197643,-0.15826314340765213,-0.15158821910267,112.49876135425438,2.3368267536163323
-0.10374896779521056,-0.0880897330030278,-0.2970740434902284,-0.026267547481420295,-0.009578860445912468,-0.02224332507569493,-0.30806220754197644,-0.16826314340765214,-0.15158821910267,-270.5012386457456,2.339936208724975
-0.09374896779521057,-0.0880897330030278,-0.2870740434902284,-0.026267547481420295,-0.009578860445912468,-0.02224332507569493,-0.2880622075419765,-0.15826314340765213,-0.16158821910267002,-207.50123864574562,2.3449491977691643
-0.10374896779521056,-0.0880897330030278,-0.27707404349022846,-0.036267547481420304,-0.009578860445912468,-0.012243325075694922,-0.30806220754197644,-0.15826314340765213,-0.17158821910267003,-308.5012386457456,2.3480977535247796
-0.10374896779521056,-0.07808973300302781,-0.27707404349022846,-0.026267547481420295,0.00042113955408754067,-0.002243325075694913,-0.2880622075419765,-0.14826314340765212,-0.17158821910267003,-129.50123864574562,2.3480977535247796
-0.09374896779521057,-0.07808973300302781,-0.27707404349022846,-0.026267547481420295,0.00042113955408754067,0.007756674924305096,-0.29806220754197643,-0.14826314340765212,-0.16158821910267002,-102.50123864574562,2.352510166168212
-0.10374896779521056,-0.0880897330030278,-0.2870740434902284,-0.026267547481420295,-0.009578860445912468,-0.012243325075694922,-0.2880622075419765,-0.14826314340765212,-0.16158821910267002,38.498761354254384,2.356607389450076
-0.09374896779521057,-0.07808973300302781,-0.2870740434902284,-0.026267547481420295,-0.009578860445912468,-0.002243325075694913,-0.27806220754197647,-0.1282631434076521,-0.17158821910267003,189.49876135425438,2.3606199741363554
-0.10374896779521056,-0.0880897330030278,-0.27707404349022846,-0.016267547481420314,0.00042113955408754067,0.007756674924305096,-0.24806220754197644,-0.10826314340765214,-0.15158821910267,-127.50123864574562,2.361610603332519
-0.10374896779521056,-0.0880897330030278,-0.2870740434902284,-0.016267547481420314,0.00042113955408754067,-0.002243325075694913,-0.26806220754197646,-0.1282631434076521,-0.15158821910267,-402.5012386457456,2.3645984649658196
-0.10374896779521056,-0.0880897330030278,-0.27707404349022846,-0.026267547481420295,-0.009578860445912468,-0.012243325075694922,-0.25806220754197645,-0.1182631434076521,-0.15158821910267,-297.5012386457456,2.369676780700683
-0.09374896779521057,-0.07808973300302781,-0.25707404349022844,-0.026267547481420295,-0.009578860445912468,-0.02224332507569493,-0.26806220754197646,-0.1282631434076521,-0.15158821910267,-154.50123864574562,2.372889232635494
-0.09374896779521057,-0.07808973300302781,-0.25707404349022844,-0.016267547481420314,0.00042113955408754067,-0.012243325075694922,-0.24806220754197644,-0.10826314340765214,-0.13158821910267005,-185.50123864574562,2.372889232635494
-0.09374896779521057,-0.07808973300302781,-0.25707404349022844,-0.016267547481420314,0.00042113955408754067,-0.02224332507569493,-0.23806220754197643,-0.10826314340765214,-0.14158821910267,-190.50123864574562,2.376886320114135
-0.09374896779521057,-0.07808973300302781,-0.25707404349022844,-0.026267547481420295,0.00042113955408754067,-0.012243325075694922,-0.22806220754197648,-0.08826314340765212,-0.14158821910267,62.498761354254384,2.38078589439392
-0.10374896779521056,-0.0880897330030278,-0.26707404349022845,-0.026267547481420295,0.00042113955408754067,-0.012243325075694922,-0.23806220754197643,-0.09826314340765213,-0.13158821910267005,261.4987613542544,2.3855869293212884
-0.09374896779521057,-0.07808973300302781,-0.25707404349022844,-0.016267547481420314,0.00042113955408754067,-0.012243325075694922,-0.23806220754197643,-0.09826314340765213,-0.13158821910267005,-217.50123864574562,2.3855869293212884
-0.09374896779521057,-0.07808973300302781,-0.25707404349022844,-0.016267547481420314,0.00042113955408754067,-0.02224332507569493,-0.23806220754197643,-0.10826314340765214,-0.13158821910267005,-270.5012386457456,2.3896080970764153
-0.09374896779521057,-0.07808973300302781,-0.25707404349022844,-0.016267547481420314,0.00042113955408754067,-0.002243325075694913,-0.24806220754197644,-0.10826314340765214,-0.12158821910267004,130.49876135425438,2.393608283996585
-0.09374896779521057,-0.07808973300302781,-0.25707404349022844,-0.016267547481420314,0.01042113955408755,0.007756674924305096,-0.22806220754197648,-0.09826314340765213,-0.14158821910267,155.49876135425438,2.397607994079589
-0.09374896779521057,-0.0880897330030278,-0.25707404349022844,-0.016267547481420314,0.00042113955408754067,0.007756674924305096,-0.23806220754197643,-0.09826314340765213,-0.12158821910267004,26.498761354254384,2.4008838653564446
-0.09374896779521057,-0.07808973300302781,-0.24707404349022843,-0.016267547481420314,0.00042113955408754067,-0.012243325075694922,-0.21806220754197647,-0.08826314340765212,-0.13158821910267005,205.49876135425438,2.4016084194183307
-0.09374896779521057,-0.07808973300302781,-0.24707404349022843,-0.016267547481420314,0.01042113955408755,-0.012243325075694922,-0.21806220754197647,-0.08826314340765212,-0.12158821910267004,410.4987613542544,2.405599069595336
-0.09374896779521057,-0.07808973300302781,-0.24707404349022843,-0.016267547481420314,0.00042113955408754067,-0.002243325075694913,-0.22806220754197648,-0.09826314340765213,-0.13158821910267005,245.49876135425438,2.4106516361236565
-0.09374896779521057,-0.07808973300302781,-0.25707404349022844,-0.016267547481420314,0.01042113955408755,-0.002243325075694913,-0.22806220754197648,-0.09826314340765213,-0.12158821910267004,134.49876135425438,2.4129242420196526
-0.09374896779521057,-0.07808973300302781,-0.25707404349022844,-0.016267547481420314,0.01042113955408755,0.017756674924305105,-0.23806220754197643,-0.09826314340765213,-0.11158821910267003,-262.5012386457456,2.4139506340026884
-0.09374896779521057,-0.07808973300302781,-0.25707404349022844,-0.016267547481420314,0.01042113955408755,0.027756674924305114,-0.24806220754197644,-0.10826314340765214,-0.11158821910267003,-591.5012386457456,2.4179524898529046
-0.09374896779521057,-0.07808973300302781,-0.26707404349022845,-0.016267547481420314,0.00042113955408754067,0.007756674924305096,-0.23806220754197643,-0.10826314340765214,-0.12158821910267004,-290.5012386457456,2.4226164340972893
-0.09374896779521057,-0.07808973300302781,-0.26707404349022845,-0.026267547481420295,0.00042113955408754067,-0.002243325075694913,-0.23806220754197643,-0.10826314340765214,-0.11158821910267003,144.49876135425438,2.4259027957916217
-0.09374896779521057,-0.07808973300302781,-0.25707404349022844,-0.016267547481420314,0.00042113955408754067,-0.002243325075694913,-0.24806220754197644,-0.1182631434076521,-0.12158821910267004,347.4987613542544,2.426947307586669
-0.08374896779521057,-0.07808973300302781,-0.25707404349022844,-0.016267547481420314,0.00042113955408754067,0.007756674924305096,-0.24806220754197644,-0.1182631434076521,-0.12158821910267004,66.49876135425438,2.4303917407989495
-0.08374896779521057,-0.07808973300302781,-0.25707404349022844,-0.026267547481420295,0.00042113955408754067,-0.012243325075694922,-0.23806220754197643,-0.09826314340765213,-0.14158821910267,107.49876135425438,2.434391212463378
-0.09374896779521057,-0.07808973300302781,-0.25707404349022844,-0.026267547481420295,0.00042113955408754067,-0.002243325075694913,-0.23806220754197643,-0.10826314340765214,-0.13158821910267005,-221.50123864574562,2.4383911609649687
-0.09374896779521057,-0.07808973300302781,-0.24707404349022843,-0.026267547481420295,0.00042113955408754067,0.007756674924305096,-0.23806220754197643,-0.09826314340765213,-0.13158821910267005,1.498761354254384,2.4383911609649687
-0.09374896779521057,-0.07808973300302781,-0.25707404349022844,-0.016267547481420314,0.00042113955408754067,0.007756674924305096,-0.23806220754197643,-0.09826314340765213,-0.13158821910267005,250.49876135425438,2.4434148788452106
-0.09374896779521057,-0.06808973300302781,-0.24707404349022843,-0.016267547481420314,0.00042113955408754067,0.007756674924305096,-0.23806220754197643,-0.09826314340765213,-0.14158821910267,51.498761354254384,2.447483015060424
-0.09374896779521057,-0.07808973300302781,-0.25707404349022844,-0.016267547481420314,0.01042113955408755,0.017756674924305105,-0.22806220754197648,-0.09826314340765213,-0.14158821910267,112.49876135425438,2.4499189376831048
-0.09374896779521057,-0.06808973300302781,-0.24707404349022843,-0.016267547481420314,0.01042113955408755,-0.002243325075694913,-0.24806220754197644,-0.10826314340765214,-0.13158821910267005,-2.501238645745616,2.450966072082519
-0.09374896779521057,-0.06808973300302781,-0.25707404349022844,-0.016267547481420314,0.00042113955408754067,0.007756674924305096,-0.23806220754197643,-0.09826314340765213,-0.13158821910267005,-139.50123864574562,2.454802227020263
-0.09374896779521057,-0.07808973300302781,-0.25707404349022844,-0.016267547481420314,0.00042113955408754067,0.007756674924305096,-0.23806220754197643,-0.09826314340765213,-0.12158821910267004,205.49876135425438,2.4596113681793206
-0.08374896779521057,-0.07808973300302781,-0.25707404349022844,-0.026267547481420295,0.00042113955408754067,0.007756674924305096,-0.24806220754197644,-0.10826314340765214,-0.15158821910267,12.498761354254384,2.4636187076568596
-0.09374896779521057,-0.07808973300302781,-0.26707404349022845,-0.016267547481420314,0.01042113955408755,-0.002243325075694913,-0.24806220754197644,-0.1182631434076521,-0.14158821910267,-334.5012386457456,2.466235828399654
-0.09374896779521057,-0.07808973300302781,-0.25707404349022844,-0.016267547481420314,0.00042113955408754067,-0.012243325075694922,-0.25806220754197645,-0.10826314340765214,-0.13158821910267005,-213.50123864574562,2.4672994136810296
-0.08374896779521057,-0.07808973300302781,-0.24707404349022843,-0.016267547481420314,0.01042113955408755,-0.02224332507569493,-0.24806220754197644,-0.10826314340765214,-0.14158821910267,-52.501238645745616,2.471378278732299
-0.08374896779521057,-0.07808973300302781,-0.25707404349022844,-0.016267547481420314,0.00042113955408754067,-0.002243325075694913,-0.24806220754197644,-0.1182631434076521,-0.13158821910267005,-167.50123864574562,2.475377988815307
-0.09374896779521057,-0.07808973300302781,-0.24707404349022843,-0.016267547481420314,0.00042113955408754067,-0.002243325075694913,-0.24806220754197644,-0.10826314340765214,-0.13158821910267005,-240.50123864574562,2.478378009796142
-0.09374896779521057,-0.07808973300302781,-0.24707404349022843,-0.006267547481420305,0.01042113955408755,0.007756674924305096,-0.24806220754197644,-0.10826314340765214,-0.12158821910267004,316.4987613542544,2.4793681621551507
-0.09374896779521057,-0.07808973300302781,-0.24707404349022843,-0.006267547481420305,0.01042113955408755,-0.002243325075694913,-0.24806220754197644,-0.10826314340765214,-0.11158821910267003,-12.501238645745616,2.48337812423706
-0.09374896779521057,-0.07808973300302781,-0.24707404349022843,-0.006267547481420305,0.01042113955408755,0.007756674924305096,-0.24806220754197644,-0.10826314340765214,-0.12158821910267004,-39.501238645745616,2.4877051830291705
-0.09374896779521057,-0.07808973300302781,-0.24707404349022843,-0.006267547481420305,0.01042113955408755,0.007756674924305096,-0.23806220754197643,-0.09826314340765213,-0.13158821910267005,5.498761354254384,2.490939569473266
-0.08374896779521057,-0.07808973300302781,-0.25707404349022844,-0.006267547481420305,0.01042113955408755,0.007756674924305096,-0.22806220754197648,-0.09826314340765213,-0.13158821910267005,430.4987613542544,2.4920112609863274
-0.09374896779521057,-0.07808973300302781,-0.24707404349022843,-0.006267547481420305,0.02042113955408753,0.017756674924305105,-0.23806220754197643,-0.09826314340765213,-0.13158821910267005,481.4987613542544,2.4954530715942376
-0.09374896779521057,-0.07808973300302781,-0.24707404349022843,-0.006267547481420305,0.02042113955408753,0.027756674924305114,-0.23806220754197643,-0.09826314340765213,-0.13158821910267005,-123.50123864574562,2.50049085617065
-0.08374896779521057,-0.07808973300302781,-0.24707404349022843,-0.006267547481420305,0.02042113955408753,0.027756674924305114,-0.23806220754197643,-0.09826314340765213,-0.13158821910267005,-106.50123864574562,2.503761720657348
-0.08374896779521057,-0.06808973300302781,-0.24707404349022843,0.003732452518579704,0.02042113955408753,0.017756674924305105,-0.22806220754197648,-0.09826314340765213,-0.13158821910267005,158.49876135425438,2.5045687675476067
-0.08374896779521057,-0.06808973300302781,-0.24707404349022843,-0.006267547481420305,0.02042113955408753,0.017756674924305105,-0.23806220754197643,-0.09826314340765213,-0.14158821910267,-10.501238645745616,2.507893991470336
-0.08374896779521057,-0.07808973300302781,-0.24707404349022843,-0.006267547481420305,0.02042113955408753,0.027756674924305114,-0.22806220754197648,-0.09826314340765213,-0.12158821910267004,-357.5012386457456,2.511967611312862
-0.09374896779521057,-0.07808973300302781,-0.23707404349022843,-0.006267547481420305,0.01042113955408755,0.027756674924305114,-0.23806220754197643,-0.09826314340765213,-0.11158821910267003,-62.501238645745616,2.51601428985596
-0.08374896779521057,-0.06808973300302781,-0.23707404349022843,-0.006267547481420305,0.01042113955408755,0.017756674924305105,-0.24806220754197644,-0.10826314340765214,-0.11158821910267003,-97.50123864574562,2.517009210586547
-0.08374896779521057,-0.06808973300302781,-0.22707404349022842,-0.006267547481420305,0.02042113955408753,0.017756674924305105,-0.23806220754197643,-0.09826314340765213,-0.12158821910267004,-144.50123864574562,2.5200778961181634
-0.08374896779521057,-0.06808973300302781,-0.23707404349022843,0.003732452518579704,0.02042113955408753,0.017756674924305105,-0.23806220754197643,-0.09826314340765213,-0.12158821910267004,230.49876135425438,2.524072122573852
-0.08374896779521057,-0.06808973300302781,-0.23707404349022843,-0.006267547481420305,0.02042113955408753,0.017756674924305105,-0.22806220754197648,-0.09826314340765213,-0.13158821910267005,639.4987613542544,2.5290181159973137
-0.07374896779521056,-0.06808973300302781,-0.24707404349022843,0.003732452518579704,0.02042113955408753,0.017756674924305105,-0.21806220754197647,-0.08826314340765212,-0.13158821910267005,306.4987613542544,2.5317127227783196
-0.07374896779521056,-0.06808973300302781,-0.23707404349022843,-0.006267547481420305,0.02042113955408753,0.017756674924305105,-0.21806220754197647,-0.09826314340765213,-0.12158821910267004,33.498761354254384,2.5327565193176262
-0.07374896779521056,-0.06808973300302781,-0.23707404349022843,-0.006267547481420305,0.01042113955408755,0.017756674924305105,-0.22806220754197648,-0.08826314340765212,-0.13158821910267005,-327.5012386457456,2.5367428779602044
-0.08374896779521057,-0.06808973300302781,-0.23707404349022843,-0.006267547481420305,0.01042113955408755,0.027756674924305114,-0.22806220754197648,-0.09826314340765213,-0.13158821910267005,-712.5012386457456,2.541755867004394
-0.07374896779521056,-0.058089733003027805,-0.23707404349022843,-0.006267547481420305,0.01042113955408755,0.017756674924305105,-0.22806220754197648,-0.08826314340765212,-0.12158821910267004,-315.5012386457456,2.5446679115295403
-0.07374896779521056,-0.058089733003027805,-0.23707404349022843,-0.006267547481420305,0.02042113955408753,0.007756674924305096,-0.22806220754197648,-0.08826314340765212,-0.13158821910267005,-98.50123864574562,2.545716953277587
-0.07374896779521056,-0.058089733003027805,-0.22707404349022842,-0.006267547481420305,0.02042113955408753,0.017756674924305105,-0.21806220754197647,-0.08826314340765212,-0.13158821910267005,-73.50123864574562,2.5481690883636468
-0.08374896779521057,-0.06808973300302781,-0.24707404349022843,-0.006267547481420305,0.02042113955408753,0.027756674924305114,-0.21806220754197647,-0.08826314340765212,-0.13158821910267005,-356.5012386457456,2.5532395362853997
-0.08374896779521057,-0.06808973300302781,-0.24707404349022843,0.003732452518579704,0.02042113955408753,0.017756674924305105,-0.20806220754197646,-0.08826314340765212,-0.13158821910267005,-169.50123864574562,2.557050418853759
-0.08374896779521057,-0.058089733003027805,-0.24707404349022843,-0.006267547481420305,0.02042113955408753,0.017756674924305105,-0.21806220754197647,-0.09826314340765213,-0.13158821910267005,-216.50123864574562,2.5578865528106682
-0.07374896779521056,-0.06808973300302781,-0.24707404349022843,-0.006267547481420305,0.01042113955408755,0.027756674924305114,-0.22806220754197648,-0.09826314340765213,-0.13158821910267005,-289.5012386457456,2.561903429031368
-0.08374896779521057,-0.058089733003027805,-0.24707404349022843,-0.016267547481420314,0.00042113955408754067,0.017756674924305105,-0.22806220754197648,-0.09826314340765213,-0.13158821910267005,-220.50123864574562,2.5654246330261223
-0.08374896779521057,-0.058089733003027805,-0.24707404349022843,-0.016267547481420314,0.01042113955408755,0.007756674924305096,-0.22806220754197648,-0.09826314340765213,-0.15158821910267,-291.5012386457456,2.5694927692413323
-0.07374896779521056,-0.06808973300302781,-0.24707404349022843,-0.016267547481420314,0.00042113955408754067,0.027756674924305114,-0.22806220754197648,-0.09826314340765213,-0.15158821910267,53.498761354254384,2.5704695701599114
-0.07374896779521056,-0.06808973300302781,-0.25707404349022844,-0.006267547481420305,0.01042113955408755,0.027756674924305114,-0.21806220754197647,-0.08826314340765212,-0.15158821910267,192.49876135425438,2.5728027343749993
-0.08374896779521057,-0.06808973300302781,-0.24707404349022843,-0.016267547481420314,0.01042113955408755,0.027756674924305114,-0.21806220754197647,-0.08826314340765212,-0.15158821910267,99.49876135425438,2.5786001205444364
-0.07374896779521056,-0.06808973300302781,-0.26707404349022845,-0.006267547481420305,0.01042113955408755,0.027756674924305114,-0.21806220754197647,-0.08826314340765212,-0.13158821910267005,688.4987613542544,2.5815500736236565
-0.08374896779521057,-0.06808973300302781,-0.24707404349022843,-0.006267547481420305,0.01042113955408755,0.027756674924305114,-0.21806220754197647,-0.08826314340765212,-0.16158821910267002,337.4987613542544,2.5815500736236565
-0.07374896779521056,-0.06808973300302781,-0.24707404349022843,-0.016267547481420314,0.01042113955408755,0.027756674924305114,-0.21806220754197647,-0.08826314340765212,-0.15158821910267,82.49876135425438,2.5866951465606682
-0.08374896779521057,-0.06808973300302781,-0.24707404349022843,-0.016267547481420314,0.01042113955408755,0.017756674924305105,-0.20806220754197646,-0.07826314340765211,-0.15158821910267,77.49876135425438,2.590664100646972
-0.08374896779521057,-0.06808973300302781,-0.24707404349022843,-0.016267547481420314,0.01042113955408755,0.017756674924305105,-0.20806220754197646,-0.07826314340765211,-0.13158821910267005,162.49876135425438,2.594707441329959
-0.08374896779521057,-0.06808973300302781,-0.25707404349022844,-0.006267547481420305,0.02042113955408753,0.017756674924305105,-0.20806220754197646,-0.07826314340765211,-0.13158821910267005,-266.5012386457456,2.594707441329959
-0.07374896779521056,-0.06808973300302781,-0.25707404349022844,-0.006267547481420305,0.02042113955408753,0.027756674924305114,-0.21806220754197647,-0.08826314340765212,-0.13158821910267005,-507.5012386457456,2.5978791236877434
