-0.42903988995873443,-0.302503438789546,-0.27774415405777164,-0.2768308115543331,-0.47285006877579067,-0.08682530949105915,-0.39780742778541966,-0.4991224209078404,-0.13004401650618982,32427.858872077028,0.0024241924285881566
-0.4190398899587345,-0.37250343878954595,-0.28774415405777165,-0.25683081155433307,-0.5028500687757906,-0.08682530949105915,-0.33780742778541967,-0.4891224209078404,-0.14004401650618983,33110.85887207703,0.007423830032347922
-0.44903988995873445,-0.36250343878954594,-0.26774415405777163,-0.2768308115543331,-0.5128500687757906,-0.07682530949105915,-0.33780742778541967,-0.5191224209078404,-0.14004401650618983,33689.85887207703,0.008424472808840733
-0.40903988995873447,-0.3425034387895459,-0.28774415405777165,-0.2768308115543331,-0.4928500687757907,-0.07682530949105915,-0.31780742778541965,-0.4891224209078404,-0.14004401650618983,33944.85887207703,0.011423540115359287
-0.36903988995873444,-0.3325034387895459,-0.23774415405777166,-0.24683081155433306,-0.5328500687757907,-0.07682530949105915,-0.30780742778541964,-0.4791224209078404,-0.13004401650618982,34067.85887207703,0.015421342849730735
-0.40903988995873447,-0.3425034387895459,-0.32774415405777163,-0.23683081155433305,-0.4828500687757907,-0.06682530949105915,-0.31780742778541965,-0.4791224209078404,-0.14004401650618983,34646.85887207703,0.019423675537108664
-0.40903988995873447,-0.3225034387895459,-0.27774415405777164,-0.23683081155433305,-0.47285006877579067,-0.06682530949105915,-0.3478074277854197,-0.5291224209078405,-0.14004401650618983,34769.85887207703,0.02267308235168386
-0.4190398899587345,-0.282503438789546,-0.26774415405777163,-0.24683081155433306,-0.47285006877579067,-0.06682530949105915,-0.32780742778541966,-0.4791224209078404,-0.14004401650618983,35210.85887207703,0.023710203170775657
-0.40903988995873447,-0.312503438789546,-0.27774415405777164,-0.2668308115543331,-0.5228500687757907,-0.06682530949105915,-0.32780742778541966,-0.45912242090784045,-0.12004401650618982,35455.85887207703,0.027079534530638938
-0.3490398899587345,-0.25250343878954595,-0.24774415405777167,-0.2668308115543331,-0.5128500687757906,-0.06682530949105915,-0.2878074277854197,-0.4691224209078404,-0.13004401650618982,35340.85887207703,0.03191680908203054
-0.37903988995873444,-0.21250343878954592,-0.23774415405777166,-0.25683081155433307,-0.5128500687757906,-0.06682530949105915,-0.31780742778541965,-0.44912242090784044,-0.12004401650618982,35963.85887207703,0.03530020713806081
-0.33903988995873446,-0.23250343878954594,-0.35774415405777166,-0.24683081155433306,-0.5228500687757907,-0.06682530949105915,-0.31780742778541965,-0.44912242090784044,-0.12004401650618982,35836.85887207703,0.036364269256591086
-0.43903988995873444,-0.14250343878954597,-0.30774415405777167,-0.24683081155433306,-0.5428500687757907,-0.06682530949105915,-0.2878074277854197,-0.4291224209078405,-0.13004401650618982,36023.85887207703,0.04036493301391886
-0.40903988995873447,-0.08250343878954591,-0.28774415405777165,-0.23683081155433305,-0.5728500687757907,-0.056825309491059156,-0.25780742778541965,-0.44912242090784044,-0.12004401650618982,36636.85887207703,0.04436511993407777
-0.40903988995873447,-0.04250343878954599,-0.24774415405777167,-0.22683081155433304,-0.5328500687757907,-0.056825309491059156,-0.25780742778541965,-0.44912242090784044,-0.13004401650618982,37403.85887207703,0.04792780876159952
-0.37903988995873444,-0.04250343878954599,-0.23774415405777166,-0.24683081155433306,-0.5428500687757907,-0.06682530949105915,-0.25780742778541965,-0.44912242090784044,-0.12004401650618982,37652.85887207703,0.04866356849670339
-0.42903988995873443,-0.052503438789546,-0.2577441540577716,-0.23683081155433305,-0.5628500687757907,-0.06682530949105915,-0.29780742778541963,-0.4291224209078405,-0.12004401650618982,37579.85887207703,0.052663278579711204
-0.3590398899587345,-0.012503438789545962,-0.23774415405777166,-0.28683081155433304,-0.5328500687757907,-0.06682530949105915,-0.25780742778541965,-0.4391224209078404,-0.12004401650618982,38222.85887207703,0.05666418075561097
-0.40903988995873447,0.03749656121045408,-0.24774415405777167,-0.24683081155433306,-0.5228500687757907,-0.06682530949105915,-0.27780742778541967,-0.41912242090784046,-0.12004401650618982,38819.85887207703,0.06020922660827921
-0.3590398899587345,0.07749656121045412,-0.14774415405777164,-0.2768308115543331,-0.5328500687757907,-0.07682530949105915,-0.33780742778541967,-0.41912242090784046,-0.13004401650618982,38834.85887207703,0.061284494400023704
-0.32903988995873445,0.13749656121045395,-0.12774415405777162,-0.2668308115543331,-0.5428500687757907,-0.06682530949105915,-0.3478074277854197,-0.4391224209078404,-0.13004401650618982,38797.85887207703,0.06437010765075968
-0.38903988995873445,0.13749656121045395,-0.0877441540577717,-0.25683081155433307,-0.5128500687757906,-0.056825309491059156,-0.38780742778541966,-0.44912242090784044,-0.12004401650618982,38788.85887207703,0.06877989768981863
-0.36903988995873444,0.24749656121045405,-0.13774415405777163,-0.2768308115543331,-0.5228500687757907,-0.056825309491059156,-0.3478074277854197,-0.4391224209078404,-0.13004401650618982,39021.85887207703,0.07278008460998464
-0.36903988995873444,0.3074965612104541,-0.0877441540577717,-0.2768308115543331,-0.5028500687757906,-0.056825309491059156,-0.39780742778541966,-0.4691224209078404,-0.12004401650618982,39654.85887207703,0.07278008460998464
-0.37903988995873444,0.3374965612104541,-0.14774415405777164,-0.30683081155433306,-0.5128500687757906,-0.07682530949105915,-0.3478074277854197,-0.4691224209078404,-0.13004401650618982,39619.85887207703,0.0772830963134794
-0.33903988995873446,0.447496561210454,-0.11774415405777161,-0.30683081155433306,-0.5028500687757906,-0.06682530949105915,-0.30780742778541964,-0.4291224209078405,-0.12004401650618982,39540.85887207703,0.08032889366149831
-0.3590398899587345,0.5674965612104541,-0.13774415405777163,-0.326830811554333,-0.5128500687757906,-0.056825309491059156,-0.32780742778541966,-0.4291224209078405,-0.10004401650618983,38945.85887207703,0.08537979125976847
-0.32903988995873445,0.6174965612104542,-0.13774415405777163,-0.316830811554333,-0.5028500687757906,-0.07682530949105915,-0.35780742778541963,-0.44912242090784044,-0.12004401650618982,39130.85887207703,0.0864228725433307
-0.3490398899587345,0.667496561210454,-0.05774415405777167,-0.29683081155433305,-0.4928500687757907,-0.056825309491059156,-0.36780742778541964,-0.44912242090784044,-0.12004401650618982,38985.85887207703,0.08891482353210378
-0.3590398899587345,0.697496561210454,-0.06774415405777168,-0.30683081155433306,-0.4628500687757907,-0.056825309491059156,-0.31780742778541965,-0.4391224209078404,-0.12004401650618982,39634.85887207703,0.09393949508666921
-0.31903988995873445,0.7674965612104541,-0.06774415405777168,-0.28683081155433304,-0.4528500687757907,-0.056825309491059156,-0.30780742778541964,-0.4291224209078405,-0.12004401650618982,39689.85887207703,0.0979654312133782
-0.30903988995873444,0.8074965612104541,-0.07774415405777169,-0.316830811554333,-0.47285006877579067,-0.06682530949105915,-0.33780742778541967,-0.45912242090784045,-0.11004401650618982,39354.85887207703,0.10055012702941823
-0.2890398899587344,0.8774965612104539,-0.04774415405777166,-0.28683081155433304,-0.4628500687757907,-0.06682530949105915,-0.33780742778541967,-0.4291224209078405,-0.11004401650618982,39859.85887207703,0.10161132812499929
-0.29903988995873443,0.937496561210454,-0.017744154057771633,-0.30683081155433306,-0.47285006877579067,-0.06682530949105915,-0.38780742778541966,-0.4291224209078405,-0.12004401650618982,39978.85887207703,0.10617728233336976
-0.2590398899587345,0.927496561210454,0.012255845942228394,-0.326830811554333,-0.4628500687757907,-0.056825309491059156,-0.36780742778541964,-0.4391224209078404,-0.11004401650618982,39969.85887207703,0.11017723083496023
-0.2590398899587345,1.037496561210454,0.012255845942228394,-0.30683081155433306,-0.4628500687757907,-0.056825309491059156,-0.3478074277854197,-0.4691224209078404,-0.11004401650618982,40128.85887207703,0.11338062286376882
-0.2490398899587345,1.1374965612104542,-0.02774415405777164,-0.326830811554333,-0.4628500687757907,-0.056825309491059156,-0.33780742778541967,-0.4691224209078404,-0.11004401650618982,40629.85887207703,0.11417717933654714
-0.23903988995873449,1.207496561210454,-0.007744154057771624,-0.326830811554333,-0.4828500687757907,-0.06682530949105915,-0.3478074277854197,-0.4691224209078404,-0.11004401650618982,40878.85887207703,0.1181771278381305
-0.2890398899587344,1.287496561210454,-0.03774415405777165,-0.326830811554333,-0.5128500687757906,-0.06682530949105915,-0.35780742778541963,-0.4891224209078404,-0.11004401650618982,41031.85887207703,0.12171406745910218
-0.22903988995873448,1.287496561210454,0.0322558459422283,-0.29683081155433305,-0.4928500687757907,-0.04682530949105915,-0.35780742778541963,-0.5091224209078404,-0.11004401650618982,40938.85887207703,0.12558145523071573
-0.23903988995873449,1.397496561210454,0.002255845942228385,-0.326830811554333,-0.5128500687757906,-0.056825309491059156,-0.39780742778541966,-0.4991224209078404,-0.11004401650618982,41229.85887207703,0.12658543586730886
-0.19903988995873445,1.4074965612104542,0.022255845942228403,-0.326830811554333,-0.5128500687757906,-0.056825309491059156,-0.37780742778541965,-0.4891224209078404,-0.11004401650618982,41120.85887207703,0.1295840263366692
-0.20903988995873446,1.4874965612104543,0.0322558459422283,-0.29683081155433305,-0.5128500687757906,-0.056825309491059156,-0.4078074277854197,-0.4991224209078404,-0.12004401650618982,40755.85887207703,0.13360686302184988
-0.18903988995873444,1.5074965612104538,0.09225584594222835,-0.33683081155433303,-0.5128500687757906,-0.056825309491059156,-0.38780742778541966,-0.4891224209078404,-0.11004401650618982,40524.85887207703,0.13767857551574636
-0.1490398899587344,1.497496561210454,0.08225584594222835,-0.30683081155433306,-0.5128500687757906,-0.04682530949105915,-0.4178074277854197,-0.5091224209078404,-0.13004401650618982,40549.85887207703,0.13865823745727468
-0.11903988995873449,1.537496561210454,0.10225584594222836,-0.28683081155433304,-0.5128500687757906,-0.03682530949105914,-0.38780742778541966,-0.5191224209078404,-0.12004401650618982,40724.85887207703,0.1426748752593987
-0.09903988995873447,1.5474965612104539,0.11225584594222837,-0.33683081155433303,-0.5128500687757906,-0.056825309491059156,-0.4078074277854197,-0.4791224209078404,-0.11004401650618982,40455.85887207703,0.1466741085052483
-0.08903988995873446,1.537496561210454,0.1622558459422283,-0.34683081155433304,-0.5328500687757907,-0.056825309491059156,-0.3478074277854197,-0.45912242090784045,-0.10004401650618983,40150.85887207703,0.14972109794616628
-0.08903988995873446,1.517496561210454,0.17225584594222831,-0.34683081155433304,-0.5228500687757907,-0.056825309491059156,-0.37780742778541965,-0.44912242090784044,-0.10004401650618983,40445.85887207703,0.15075702667236257
-0.03903988995873442,1.4674965612104542,0.19225584594222833,-0.33683081155433303,-0.5128500687757906,-0.056825309491059156,-0.37780742778541965,-0.4391224209078404,-0.10004401650618983,41206.85887207703,0.15539379119872976
0.020960110041265523,1.437496561210454,0.22225584594222836,-0.34683081155433304,-0.5128500687757906,-0.056825309491059156,-0.4078074277854197,-0.4791224209078404,-0.11004401650618982,41239.85887207703,0.15944595336913991
0.04096011004126554,1.417496561210454,0.3122558459422283,-0.33683081155433303,-0.5128500687757906,-0.056825309491059156,-0.37780742778541965,-0.45912242090784045,-0.11004401650618982,41140.85887207703,0.16228837966918874
0.1009601100412656,1.3174965612104539,0.32225584594222834,-0.326830811554333,-0.4928500687757907,-0.04682530949105915,-0.36780742778541964,-0.4691224209078404,-0.10004401650618983,41511.85887207703,0.16633219718933034
0.1309601100412655,1.3174965612104539,0.33225584594222835,-0.326830811554333,-0.4928500687757907,-0.056825309491059156,-0.36780742778541964,-0.4691224209078404,-0.10004401650618983,41716.85887207703,0.1674527645111077
0.17096011004126555,1.287496561210454,0.36225584594222837,-0.33683081155433303,-0.5128500687757906,-0.04682530949105915,-0.35780742778541963,-0.45912242090784045,-0.10004401650618983,42573.85887207703,0.1706289768218987
0.19096011004126556,1.247496561210454,0.4022558459422284,-0.326830811554333,-0.4928500687757907,-0.056825309491059156,-0.35780742778541963,-0.45912242090784045,-0.09004401650618982,42998.85887207703,0.17592711448669007
0.20096011004126557,1.207496561210454,0.44225584594222844,-0.326830811554333,-0.4928500687757907,-0.056825309491059156,-0.32780742778541966,-0.4691224209078404,-0.09004401650618982,43421.85887207703,0.17823619842529226
0.2609601100412656,1.1574965612104542,0.48225584594222826,-0.33683081155433303,-0.4828500687757907,-0.056825309491059156,-0.35780742778541963,-0.4791224209078404,-0.09004401650618982,44082.85887207703,0.17930836677551554
0.31096011004126545,1.0974965612104541,0.5222558459422283,-0.35683081155433305,-0.4628500687757907,-0.056825309491059156,-0.35780742778541963,-0.4691224209078404,-0.10004401650618983,44239.85887207703,0.1843072891235309
0.3409601100412655,1.0774965612104541,0.5322558459422283,-0.36683081155433306,-0.4628500687757907,-0.056825309491059156,-0.33780742778541967,-0.4891224209078404,-0.10004401650618983,44836.85887207703,0.18830771446227956
0.3709601100412655,1.0274965612104539,0.5622558459422283,-0.33683081155433303,-0.47285006877579067,-0.056825309491059156,-0.33780742778541967,-0.4791224209078404,-0.10004401650618983,45139.85887207703,0.19153757095336843
0.3609601100412655,0.997496561210454,0.6422558459422284,-0.35683081155433305,-0.47285006877579067,-0.04682530949105915,-0.4078074277854197,-0.5291224209078405,-0.09004401650618982,45542.85887207703,0.19153757095336843
0.3509601100412655,0.957496561210454,0.6822558459422284,-0.33683081155433303,-0.4628500687757907,-0.04682530949105915,-0.37780742778541965,-0.4991224209078404,-0.09004401650618982,45629.85887207703,0.1955477714538567
0.3609601100412655,0.907496561210454,0.6922558459422284,-0.326830811554333,-0.47285006877579067,-0.026825309491059157,-0.3478074277854197,-0.4891224209078404,-0.09004401650618982,46300.85887207703,0.19902534484863565
0.3909601100412655,0.8674965612104542,0.7322558459422283,-0.2768308115543331,-0.4528500687757907,-0.026825309491059157,-0.36780742778541964,-0.4991224209078404,-0.08004401650618982,46913.85887207703,0.2037088394165032
0.3809601100412655,0.8674965612104542,0.7622558459422283,-0.316830811554333,-0.4528500687757907,-0.04682530949105915,-0.36780742778541964,-0.4891224209078404,-0.08004401650618982,47280.85887207703,0.20477814674377015
0.3809601100412655,0.8274965612104541,0.7922558459422283,-0.326830811554333,-0.4328500687757907,-0.04682530949105915,-0.30780742778541964,-0.4691224209078404,-0.08004401650618982,47257.85887207703,0.2076856613159208
0.3809601100412655,0.8474965612104541,0.8322558459422283,-0.33683081155433303,-0.4228500687757907,-0.04682530949105915,-0.33780742778541967,-0.4691224209078404,-0.08004401650618982,47336.85887207703,0.21206684112548757
0.3409601100412655,0.8174965612104541,0.8922558459422284,-0.2768308115543331,-0.41285006877579067,-0.03682530949105914,-0.33780742778541967,-0.4691224209078404,-0.08004401650618982,47845.85887207703,0.21621842384338308
0.32096011004126546,0.8074965612104541,0.8922558459422284,-0.24683081155433306,-0.41285006877579067,-0.006825309491059139,-0.32780742778541966,-0.4891224209078404,-0.09004401650618982,48232.85887207703,0.21621842384338308
0.29096011004126565,0.8274965612104541,0.9222558459422284,-0.2668308115543331,-0.40285006877579066,0.0031746905089408417,-0.33780742778541967,-0.45912242090784045,-0.07004401650618983,48209.85887207703,0.2202181339263909
0.28096011004126564,0.8274965612104541,0.9422558459422284,-0.2668308115543331,-0.40285006877579066,-0.01682530949105915,-0.33780742778541967,-0.44912242090784044,-0.06004401650618982,48480.85887207703,0.22421832084656046
0.27096011004126563,0.8174965612104541,0.9622558459422285,-0.2768308115543331,-0.40285006877579066,-0.03682530949105914,-0.32780742778541966,-0.45912242090784045,-0.06004401650618982,48747.85887207703,0.22921986579894948
0.28096011004126564,0.8174965612104541,0.9422558459422284,-0.2768308115543331,-0.40285006877579066,-0.026825309491059157,-0.39780742778541966,-0.45912242090784045,-0.07004401650618983,48746.85887207703,0.2294668674468987
0.28096011004126564,0.7974965612104541,0.9922558459422283,-0.24683081155433306,-0.39285006877579065,-0.026825309491059157,-0.36780742778541964,-0.4891224209078404,-0.06004401650618982,49071.85887207703,0.2325033664703362
0.28096011004126564,0.7774965612104541,0.9922558459422283,-0.30683081155433306,-0.37285006877579063,-0.03682530949105914,-0.4078074277854197,-0.4991224209078404,-0.07004401650618983,49372.85887207703,0.23683423995971964
0.29096011004126565,0.747496561210454,1.0022558459422282,-0.2668308115543331,-0.3528500687757907,-0.026825309491059157,-0.36780742778541964,-0.45912242090784045,-0.06004401650618982,49343.85887207703,0.2409543514251702
0.32096011004126546,0.717496561210454,0.9922558459422283,-0.25683081155433307,-0.3328500687757907,-0.006825309491059139,-0.37780742778541965,-0.4691224209078404,-0.06004401650618982,49802.85887207703,0.2443274974822991
0.3509601100412655,0.747496561210454,0.9822558459422283,-0.21683081155433304,-0.3028500687757907,0.02317469050894086,-0.39780742778541966,-0.4791224209078404,-0.06004401650618982,50447.85887207703,0.24514217376708913
0.33096011004126547,0.687496561210454,1.0322558459422284,-0.17683081155433306,-0.26285006877579065,0.03317469050894084,-0.4278074277854197,-0.4691224209078404,-0.06004401650618982,50436.85887207703,0.24863595962524343
0.33096011004126547,0.667496561210454,1.0522558459422284,-0.18683081155433306,-0.23285006877579073,0.06317469050894084,-0.4078074277854197,-0.4791224209078404,-0.07004401650618983,50161.85887207703,0.2527706146240227
0.29096011004126565,0.667496561210454,1.1122558459422285,-0.19683081155433307,-0.1828500687757907,0.08317469050894086,-0.38780742778541966,-0.4891224209078404,-0.04004401650618983,49544.85887207703,0.256758642196651
0.32096011004126546,0.647496561210454,1.1222558459422283,-0.17683081155433306,-0.16285006877579067,0.11317469050894083,-0.4078074277854197,-0.44912242090784044,-0.03004401650618982,49483.85887207703,0.256758642196651
0.30096011004126544,0.5974965612104541,1.1522558459422285,-0.09683081155433304,-0.16285006877579067,0.13317469050894085,-0.37780742778541965,-0.4291224209078405,-0.04004401650618983,49600.85887207703,0.2609562397003202
0.27096011004126563,0.5974965612104541,1.1722558459422285,-0.11683081155433306,-0.12285006877579063,0.14317469050894086,-0.38780742778541966,-0.4291224209078405,-0.03004401650618982,48839.85887207703,0.2650355815887444
0.2409601100412656,0.5574965612104541,1.2322558459422281,-0.08683081155433303,-0.11285006877579074,0.14317469050894086,-0.37780742778541965,-0.4291224209078405,-0.04004401650618983,48518.85887207703,0.2694961547851591
0.2409601100412656,0.5474965612104541,1.2422558459422284,-0.07683081155433308,-0.09285006877579072,0.14317469050894086,-0.38780742778541966,-0.4391224209078404,-0.03004401650618982,48119.85887207703,0.27050776481628347
0.2509601100412656,0.5274965612104541,1.2222558459422284,-0.09683081155433304,-0.05285006877579068,0.16317469050894087,-0.39780742778541966,-0.4391224209078404,-0.04004401650618983,47598.85887207703,0.2727529525756829
0.28096011004126564,0.467496561210454,1.2722558459422282,-0.12683081155433307,-0.05285006877579068,0.21317469050894086,-0.37780742778541965,-0.45912242090784045,-0.05004401650618982,47667.85887207703,0.27842969894408753
0.29096011004126565,0.457496561210454,1.2422558459422284,-0.09683081155433304,-0.032850068775790664,0.21317469050894086,-0.4078074277854197,-0.45912242090784045,-0.05004401650618982,47706.85887207703,0.2817031860351591
0.32096011004126546,0.48749656121045404,1.2222558459422284,-0.08683081155433303,0.01714993122420927,0.20317469050894085,-0.38780742778541966,-0.4391224209078404,-0.04004401650618983,47135.85887207703,0.2826952457428007
0.32096011004126546,0.47749656121045403,1.2022558459422283,-0.06683081155433307,0.0071499312242092605,0.22317469050894087,-0.38780742778541966,-0.4791224209078404,-0.04004401650618983,47012.85887207703,0.2857048034667997
0.3709601100412655,0.447496561210454,1.1522558459422285,-0.06683081155433307,0.03714993122420929,0.23317469050894082,-0.39780742778541966,-0.4391224209078404,-0.04004401650618983,47005.85887207703,0.2897476673126249
0.3809601100412655,0.417496561210454,1.1922558459422286,-0.03683081155433304,0.09714993122420934,0.22317469050894087,-0.4078074277854197,-0.44912242090784044,-0.04004401650618983,47380.85887207703,0.29370422363280824
0.3909601100412655,0.467496561210454,1.1322558459422285,-0.04683081155433305,0.08714993122420933,0.22317469050894087,-0.36780742778541964,-0.45912242090784045,-0.04004401650618983,47275.85887207703,0.29370422363280824
0.41096011004126554,0.417496561210454,1.1222558459422283,-0.026830811554333034,0.12714993122420937,0.23317469050894082,-0.39780742778541966,-0.38912242090784044,-0.03004401650618982,47134.85887207703,0.29742069244384695
0.44096011004126556,0.417496561210454,1.0822558459422282,-0.03683081155433304,0.1571499312242094,0.20317469050894085,-0.37780742778541965,-0.41912242090784046,-0.02004401650618981,47313.85887207703,0.30260415077209046
0.44096011004126556,0.38749656121045395,1.0622558459422282,-0.06683081155433307,0.1971499312242092,0.22317469050894087,-0.38780742778541966,-0.41912242090784046,-4.4016506189820115e-05,47640.85887207703,0.30599493980408
0.3809601100412655,0.457496561210454,1.0322558459422284,-0.03683081155433304,0.23714993122420924,0.24317469050894083,-0.35780742778541963,-0.4291224209078405,-0.02004401650618981,47215.85887207703,0.3090419292449944
0.3909601100412655,0.457496561210454,0.9422558459422284,-0.026830811554333034,0.2771499312242093,0.2531746905089408,-0.33780742778541967,-0.4291224209078405,-0.02004401650618981,47200.85887207703,0.31003494262695597
0.4009601100412655,0.49749656121045405,0.9122558459422284,-0.006830811554333072,0.2971499312242093,0.2631746905089408,-0.32780742778541966,-0.3591224209078404,-0.010044016506189829,46259.85887207703,0.31403489112853933
0.3709601100412655,0.47749656121045403,0.9322558459422284,0.0031691884456669372,0.35714993122420935,0.31317469050894087,-0.3478074277854197,-0.34912242090784046,-4.4016506189820115e-05,45306.85887207703,0.3180305480957024
0.3409601100412655,0.49749656121045405,0.9122558459422284,0.013169188445666946,0.35714993122420935,0.3231746905089409,-0.30780742778541964,-0.32912242090784044,-0.02004401650618981,44743.85887207703,0.32219882011413503
0.33096011004126547,0.5074965612104541,0.8922558459422284,0.04316918844566697,0.3971499312242094,0.3531746905089409,-0.32780742778541966,-0.31912242090784043,-0.010044016506189829,44132.85887207703,0.32219882011413503
0.28096011004126564,0.47749656121045403,0.9122558459422284,0.033169188445666964,0.3971499312242094,0.3231746905089409,-0.30780742778541964,-0.3091224209078404,0.009955983493810189,43463.85887207703,0.32622022628783753
0.27096011004126563,0.5474965612104541,0.8222558459422283,0.0831691884456669,0.4371499312242094,0.40317469050894084,-0.2878074277854197,-0.28912242090784046,0.009955983493810189,42646.85887207703,0.33033390045165945
0.27096011004126563,0.5574965612104541,0.8522558459422284,0.06316918844566699,0.4471499312242092,0.44317469050894087,-0.27780742778541967,-0.2991224209078404,0.01995598349381017,42033.85887207703,0.3343538761138909
0.2209601100412656,0.5774965612104541,0.8022558459422283,0.13316918844566694,0.4471499312242092,0.5231746905089408,-0.29780742778541963,-0.26912242090784044,0.03995598349381019,41746.85887207703,0.3343538761138909
0.2309601100412656,0.5674965612104541,0.7422558459422283,0.13316918844566694,0.4571499312242092,0.5631746905089409,-0.29780742778541963,-0.24912242090784043,0.04995598349381017,41781.85887207703,0.33953733444213796
0.2209601100412656,0.5974965612104541,0.7922558459422283,0.16316918844566697,0.4271499312242094,0.5731746905089409,-0.29780742778541963,-0.23912242090784042,0.04995598349381017,41584.85887207703,0.3435370445251422
0.2509601100412656,0.5274965612104541,0.7722558459422283,0.193169188445667,0.4371499312242094,0.6231746905089409,-0.25780742778541965,-0.21912242090784045,0.07995598349381017,41475.85887207703,0.34715003967285085
0.2309601100412656,0.5374965612104541,0.7122558459422285,0.2131691884456669,0.5071499312242093,0.6431746905089408,-0.23780742778541963,-0.16912242090784046,0.06995598349381019,41342.85887207703,0.34715003967285085
0.20096011004126557,0.5674965612104541,0.7122558459422285,0.24316918844566693,0.5071499312242093,0.6731746905089409,-0.20780742778541966,-0.16912242090784046,0.06995598349381019,41277.85887207703,0.3513624191284137
0.17096011004126555,0.5574965612104541,0.7422558459422283,0.28316918844566696,0.5171499312242093,0.6731746905089409,-0.21780742778541967,-0.10912242090784041,0.09995598349381019,41000.85887207703,0.35491509437560964
0.15096011004126553,0.5374965612104541,0.7422558459422283,0.28316918844566696,0.5071499312242093,0.6831746905089409,-0.17780742778541964,-0.11912242090784042,0.12995598349381016,40993.85887207703,0.35893507003783753
0.15096011004126553,0.5974965612104541,0.7422558459422283,0.303169188445667,0.5471499312242093,0.7131746905089409,-0.17780742778541964,-0.10912242090784041,0.1199559834938102,41176.85887207703,0.3599295139312737
0.11096011004126549,0.5574965612104541,0.7022558459422285,0.303169188445667,0.5671499312242093,0.6631746905089408,-0.16780742778541968,-0.0991224209078404,0.12995598349381016,40857.85887207703,0.3634545326232903
0.1009601100412656,0.637496561210454,0.6722558459422284,0.293169188445667,0.6171499312242094,0.6531746905089408,-0.14780742778541966,-0.07912242090784039,0.13995598349381017,41278.85887207703,0.36785693168640066
0.05096011004126555,0.6174965612104542,0.7122558459422285,0.293169188445667,0.6771499312242094,0.6831746905089409,-0.18780742778541964,-0.05912242090784048,0.15995598349381018,41061.85887207703,0.37185688018798757
0.03096011004126553,0.667496561210454,0.6722558459422284,0.323169188445667,0.6571499312242094,0.7031746905089409,-0.15780742778541967,-0.04912242090784047,0.1699559834938102,41008.85887207703,0.37185688018798757
0.05096011004126555,0.677496561210454,0.6322558459422284,0.323169188445667,0.6371499312242094,0.7131746905089409,-0.13780742778541966,-0.06912242090784049,0.15995598349381018,40717.85887207703,0.3758570671081536
0.06096011004126556,0.657496561210454,0.6422558459422284,0.3331691884456669,0.7371499312242092,0.7031746905089409,-0.13780742778541966,-0.06912242090784049,0.15995598349381018,40582.85887207703,0.3790297031402581
0.04096011004126554,0.677496561210454,0.6322558459422284,0.313169188445667,0.7171499312242092,0.7531746905089409,-0.10780742778541963,-0.04912242090784047,0.1799559834938102,40827.85887207703,0.3840386390686028
0.07096011004126557,0.707496561210454,0.5722558459422283,0.3431691884456669,0.7171499312242092,0.8131746905089409,-0.11780742778541964,-0.06912242090784049,0.1799559834938102,41068.85887207703,0.3875228881835966
0.06096011004126556,0.737496561210454,0.5522558459422283,0.3631691884456669,0.7771499312242093,0.7431746905089409,-0.12780742778541965,-0.06912242090784049,0.14995598349381017,41323.85887207703,0.3875228881835966
0.07096011004126557,0.727496561210454,0.5622558459422283,0.3631691884456669,0.7971499312242093,0.8231746905089409,-0.13780742778541966,-0.10912242090784041,0.1099559834938102,40962.85887207703,0.3916506290435784
0.08096011004126558,0.7974965612104541,0.5022558459422283,0.3631691884456669,0.7571499312242093,0.8431746905089409,-0.16780742778541968,-0.13912242090784044,0.09995598349381019,41505.85887207703,0.3966466903686481
0.05096011004126555,0.8074965612104541,0.46225584594222846,0.3631691884456669,0.7771499312242093,0.913174690508941,-0.19780742778541965,-0.16912242090784046,0.07995598349381017,42310.85887207703,0.39961833953856996
0.06096011004126556,0.8674965612104542,0.47225584594222825,0.423169188445667,0.8171499312242093,0.913174690508941,-0.22780742778541968,-0.19912242090784044,0.08995598349381018,42791.85887207703,0.4007939815521233
0.04096011004126554,0.887496561210454,0.47225584594222825,0.40316918844566696,0.8071499312242093,0.933174690508941,-0.23780742778541963,-0.16912242090784046,0.06995598349381019,43188.85887207703,0.40379281044006277
0.05096011004126555,0.8774965612104539,0.44225584594222844,0.39316918844566695,0.7871499312242093,1.0031746905089407,-0.30780742778541964,-0.17912242090784042,0.06995598349381019,43547.85887207703,0.4083492279052763
0.06096011004126556,0.8774965612104539,0.48225584594222826,0.38316918844566694,0.7871499312242093,1.0731746905089408,-0.31780742778541965,-0.15912242090784046,0.05995598349381018,43952.85887207703,0.41238851547240785
0.07096011004126557,0.907496561210454,0.46225584594222846,0.39316918844566695,0.7771499312242093,1.0731746905089408,-0.29780742778541963,-0.18912242090784043,0.05995598349381018,43755.85887207703,0.41238851547240785
0.06096011004126556,0.887496561210454,0.46225584594222846,0.41316918844566697,0.8271499312242093,1.1031746905089408,-0.2878074277854197,-0.20912242090784045,0.04995598349381017,43962.85887207703,0.41701669692993093
0.06096011004126556,0.947496561210454,0.4022558459422284,0.41316918844566697,0.7971499312242093,1.1131746905089408,-0.29780742778541963,-0.23912242090784042,0.04995598349381017,44101.85887207703,0.42101664543151784
0.06096011004126556,0.947496561210454,0.4222558459422284,0.4531691884456669,0.7871499312242093,1.1531746905089408,-0.31780742778541965,-0.22912242090784046,0.04995598349381017,44460.85887207703,0.42501635551452566
0.03096011004126553,0.987496561210454,0.43225584594222843,0.443169188445667,0.7771499312242093,1.1631746905089408,-0.35780742778541963,-0.2991224209078404,0.01995598349381017,45189.85887207703,0.42501635551452566
0.03096011004126553,0.967496561210454,0.43225584594222843,0.523169188445667,0.7271499312242092,1.2431746905089407,-0.33780742778541967,-0.24912242090784043,0.04995598349381017,45464.85887207703,0.4290053367614739
0.020960110041265523,0.957496561210454,0.43225584594222843,0.543169188445667,0.6671499312242094,1.2831746905089407,-0.32780742778541966,-0.24912242090784043,0.02995598349381018,45829.85887207703,0.43254108428955007
0.04096011004126554,0.947496561210454,0.45225584594222845,0.573169188445667,0.6571499312242094,1.2931746905089407,-0.31780742778541965,-0.22912242090784046,0.05995598349381018,46514.85887207703,0.4370898723602288
0.05096011004126555,0.917496561210454,0.49225584594222827,0.593169188445667,0.5971499312242093,1.3231746905089408,-0.29780742778541963,-0.19912242090784044,0.08995598349381018,47065.85887207703,0.4381653785705595
0.08096011004126558,0.8674965612104542,0.5722558459422283,0.613169188445667,0.5571499312242093,1.3431746905089408,-0.32780742778541966,-0.20912242090784045,0.03995598349381019,47720.85887207703,0.44149346351623464
0.1209601100412655,0.8374965612104541,0.5622558459422283,0.6731691884456669,0.5271499312242093,1.3531746905089408,-0.35780742778541963,-0.21912242090784045,0.01995598349381017,48563.85887207703,0.445137691497802
0.19096011004126556,0.8474965612104541,0.5022558459422283,0.7031691884456669,0.48714993122420924,1.3531746905089408,-0.33780742778541967,-0.24912242090784043,0.009955983493810189,49000.85887207703,0.4498447895050042
0.19096011004126556,0.8374965612104541,0.5122558459422283,0.773169188445667,0.4371499312242094,1.3631746905089408,-0.38780742778541966,-0.26912242090784044,0.02995598349381018,49127.85887207703,0.4533900737762444
0.19096011004126556,0.8074965612104541,0.5422558459422283,0.763169188445667,0.4671499312242092,1.3731746905089408,-0.39780742778541966,-0.23912242090784042,0.01995598349381017,49148.85887207703,0.45414609909057546
0.20096011004126557,0.8474965612104541,0.5522558459422283,0.793169188445667,0.4071499312242094,1.3731746905089408,-0.3478074277854197,-0.23912242090784042,0.01995598349381017,49605.85887207703,0.4575576305389397
0.21096011004126558,0.8074965612104541,0.5822558459422283,0.783169188445667,0.4471499312242092,1.3431746905089408,-0.3478074277854197,-0.23912242090784042,0.03995598349381019,50476.85887207703,0.46242780685424734
0.2209601100412656,0.8074965612104541,0.6222558459422284,0.793169188445667,0.4571499312242092,1.3331746905089408,-0.30780742778541964,-0.24912242090784043,0.009955983493810189,50805.85887207703,0.465898942947387
0.27096011004126563,0.737496561210454,0.6222558459422284,0.783169188445667,0.48714993122420924,1.3131746905089408,-0.26780742778541966,-0.28912242090784046,0.01995598349381017,51112.85887207703,0.465898942947387
0.29096011004126565,0.737496561210454,0.6422558459422284,0.783169188445667,0.5271499312242093,1.3231746905089408,-0.26780742778541966,-0.31912242090784043,0.04995598349381017,51409.85887207703,0.4699456214904778
0.31096011004126545,0.727496561210454,0.6622558459422284,0.7531691884456669,0.5171499312242093,1.3231746905089408,-0.2878074277854197,-0.3591224209078404,-0.010044016506189829,51166.85887207703,0.47446603775024343
0.31096011004126545,0.707496561210454,0.6822558459422284,0.7031691884456669,0.5271499312242093,1.3531746905089408,-0.32780742778541966,-0.32912242090784044,0.009955983493810189,51409.85887207703,0.4777457237243645
0.3409601100412655,0.727496561210454,0.6222558459422284,0.6731691884456669,0.5371499312242093,1.3831746905089408,-0.33780742778541967,-0.2991224209078404,0.009955983493810189,52072.85887207703,0.47846431732177663
0.3509601100412655,0.697496561210454,0.6822558459422284,0.6731691884456669,0.5571499312242093,1.3531746905089408,-0.4178074277854197,-0.3591224209078404,-0.03004401650618982,52113.85887207703,0.48246665000915456
0.3509601100412655,0.657496561210454,0.7022558459422285,0.6831691884456669,0.5271499312242093,1.3631746905089408,-0.3478074277854197,-0.28912242090784046,-0.010044016506189829,51980.85887207703,0.4871553897857659
0.3609601100412655,0.657496561210454,0.6922558459422284,0.6531691884456668,0.5371499312242093,1.3831746905089408,-0.32780742778541966,-0.3691224209078404,-4.4016506189820115e-05,52269.85887207703,0.49061555862426687
0.3809601100412655,0.637496561210454,0.7122558459422285,0.6731691884456669,0.5371499312242093,1.3731746905089408,-0.36780742778541964,-0.3691224209078404,-4.4016506189820115e-05,52048.85887207703,0.49158759117126394
0.3509601100412655,0.657496561210454,0.7022558459422285,0.6731691884456669,0.47714993122420923,1.4031746905089408,-0.3478074277854197,-0.3691224209078404,0.009955983493810189,51873.85887207703,0.49484605789184855
0.32096011004126546,0.677496561210454,0.7422558459422283,0.6931691884456669,0.4571499312242092,1.3931746905089408,-0.36780742778541964,-0.32912242090784044,-0.05004401650618982,52168.85887207703,0.49855585098266175
0.31096011004126545,0.637496561210454,0.8022558459422283,0.7231691884456669,0.4671499312242092,1.3531746905089408,-0.33780742778541967,-0.33912242090784045,0.009955983493810189,52201.85887207703,0.5025636672973626
0.31096011004126545,0.6174965612104542,0.8022558459422283,0.773169188445667,0.4571499312242092,1.3531746905089408,-0.33780742778541967,-0.33912242090784045,-0.03004401650618982,52476.85887207703,0.5036305904388421
0.31096011004126545,0.6074965612104541,0.8522558459422284,0.793169188445667,0.4371499312242094,1.3231746905089408,-0.33780742778541967,-0.24912242090784043,-4.4016506189820115e-05,53265.85887207703,0.5076307773590081
0.30096011004126544,0.5774965612104541,0.8722558459422284,0.793169188445667,0.4271499312242094,1.3231746905089408,-0.31780742778541965,-0.23912242090784042,0.02995598349381018,53236.85887207703,0.5118774890899687
0.30096011004126544,0.5474965612104541,0.8622558459422284,0.803169188445667,0.4471499312242092,1.3131746905089408,-0.26780742778541966,-0.21912242090784045,0.05995598349381018,53331.85887207703,0.5158993721008294
0.30096011004126544,0.5674965612104541,0.8722558459422284,0.773169188445667,0.48714993122420924,1.3031746905089407,-0.23780742778541963,-0.21912242090784045,0.05995598349381018,53002.85887207703,0.5158993721008294
0.3409601100412655,0.5274965612104541,0.8922558459422284,0.7431691884456669,0.49714993122420925,1.3031746905089407,-0.27780742778541967,-0.20912242090784045,0.04995598349381017,52965.85887207703,0.518946838378902
0.33096011004126547,0.5674965612104541,0.8422558459422284,0.6831691884456669,0.5471499312242093,1.3631746905089408,-0.24780742778541964,-0.16912242090784046,0.07995598349381017,52888.85887207703,0.523368310928344
0.3609601100412655,0.5474965612104541,0.8222558459422283,0.613169188445667,0.5571499312242093,1.3231746905089408,-0.21780742778541967,-0.14912242090784045,0.09995598349381019,52991.85887207703,0.5267452716827385
0.41096011004126554,0.49749656121045405,0.8722558459422284,0.603169188445667,0.5871499312242093,1.3331746905089408,-0.26780742778541966,-0.07912242090784039,0.13995598349381017,52518.85887207703,0.5310928344726555
0.3709601100412655,0.5274965612104541,0.8422558459422284,0.593169188445667,0.5771499312242093,1.3631746905089408,-0.22780742778541968,-0.07912242090784039,0.13995598349381017,52329.85887207703,0.5318197727203362
0.3609601100412655,0.5074965612104541,0.8722558459422284,0.573169188445667,0.5271499312242093,1.3531746905089408,-0.19780742778541965,-0.019122420907840443,0.1799559834938102,51942.85887207703,0.5362827301025384
0.3509601100412655,0.457496561210454,0.8922558459422284,0.583169188445667,0.5471499312242093,1.3131746905089408,-0.22780742778541968,0.04087757909215961,0.18995598349381015,50843.85887207703,0.5403468132019036
0.3609601100412655,0.437496561210454,0.9222558459422284,0.593169188445667,0.5371499312242093,1.3331746905089408,-0.22780742778541968,0.05087757909215951,0.18995598349381015,50154.85887207703,0.5434684276580803
0.31096011004126545,0.457496561210454,0.9322558459422284,0.573169188445667,0.5271499312242093,1.3531746905089408,-0.16780742778541968,0.09087757909215954,0.21995598349381018,49885.85887207703,0.5434684276580803
0.2509601100412656,0.467496561210454,0.9322558459422284,0.583169188445667,0.5571499312242093,1.3131746905089408,-0.13780742778541966,0.11087757909215956,0.21995598349381018,49176.85887207703,0.5481206893920891
0.2509601100412656,0.457496561210454,0.9722558459422282,0.573169188445667,0.5571499312242093,1.3031746905089407,-0.10780742778541963,0.12087757909215957,0.24995598349381015,48329.85887207703,0.5521547317504876
0.2309601100412656,0.457496561210454,0.9122558459422284,0.573169188445667,0.5771499312242093,1.2531746905089407,-0.09780742778541962,0.13087757909215958,0.2299559834938102,47468.85887207703,0.5551542758941643
0.21096011004126558,0.427496561210454,0.9322558459422284,0.613169188445667,0.6371499312242094,1.2031746905089407,-0.10780742778541963,0.1608775790921596,0.2399559834938102,46487.85887207703,0.5561232089996366
0.21096011004126558,0.417496561210454,0.9222558459422284,0.583169188445667,0.6271499312242094,1.2231746905089407,-0.11780742778541964,0.19087757909215952,0.24995598349381015,45882.85887207703,0.5605501651763909
0.2209601100412656,0.417496561210454,0.9422558459422284,0.603169188445667,0.6471499312242094,1.1431746905089408,-0.12780742778541965,0.2608775790921596,0.24995598349381015,45011.85887207703,0.5638098239898675
0.2309601100412656,0.40749656121045397,0.9122558459422284,0.583169188445667,0.6571499312242094,1.1031746905089408,-0.12780742778541965,0.2508775790921596,0.26995598349381017,44330.85887207703,0.5683414459228509
0.2409601100412656,0.36749656121045415,0.8822558459422284,0.543169188445667,0.7071499312242092,1.0831746905089408,-0.12780742778541965,0.20087757909215953,0.30995598349381015,43777.85887207703,0.5693671226501422
0.32096011004126546,0.3374965612104541,0.8722558459422284,0.573169188445667,0.6871499312242094,1.0331746905089407,-0.08780742778541961,0.2608775790921596,0.2999559834938102,43596.85887207703,0.5725020885467558
0.33096011004126547,0.26749656121045406,0.8522558459422284,0.563169188445667,0.7371499312242092,0.9631746905089408,-0.08780742778541961,0.22087757909215955,0.3899559834938102,43081.85887207703,0.5773701190948479
0.3509601100412655,0.3374965612104541,0.8822558459422284,0.49316918844566693,0.7371499312242092,0.9931746905089408,-0.02780742778541967,0.2908775790921596,0.4099559834938101,42372.85887207703,0.5804113864898675
0.28096011004126564,0.37749656121045394,0.8422558459422284,0.4631691884456669,0.7771499312242093,0.9831746905089408,0.022192572214580375,0.3108775790921595,0.4099559834938101,41995.85887207703,0.5813674449920647
0.30096011004126544,0.34749656121045414,0.8322558459422283,0.40316918844566696,0.7971499312242093,1.0431746905089407,-0.007807427785419652,0.3208775790921595,0.4699559834938102,41574.85887207703,0.5852088451385491
0.31096011004126545,0.35749656121045414,0.8222558459422283,0.433169188445667,0.7871499312242093,1.0031746905089407,-0.01780742778541966,0.33087757909215954,0.5099559834938102,41023.85887207703,0.5886699676513665
0.28096011004126564,0.34749656121045414,0.8022558459422283,0.3531691884456669,0.7471499312242093,1.0531746905089407,0.022192572214580375,0.2808775790921596,0.5499559834938101,40002.85887207703,0.5932421207428007
0.31096011004126545,0.3274965612104541,0.8022558459422283,0.3531691884456669,0.7871499312242093,1.0431746905089407,0.0621925722145803,0.2708775790921596,0.5799559834938102,39575.85887207703,0.5932421207428007
0.29096011004126565,0.38749656121045395,0.7622558459422283,0.38316918844566694,0.7771499312242093,0.9931746905089408,0.0621925722145803,0.3108775790921595,0.6099559834938102,39308.85887207703,0.5972637653350823
0.2409601100412656,0.38749656121045395,0.7322558459422283,0.38316918844566694,0.7571499312242093,0.9831746905089408,0.09219257221458033,0.3108775790921595,0.5899559834938102,38687.85887207703,0.6002404212951689
0.2409601100412656,0.437496561210454,0.7022558459422285,0.39316918844566695,0.7671499312242093,1.0031746905089407,0.15219257221458038,0.33087757909215954,0.6599559834938101,38190.85887207703,0.6052312374114983
0.2309601100412656,0.447496561210454,0.6722558459422284,0.39316918844566695,0.7771499312242093,1.0131746905089407,0.10219257221458034,0.3908775790921596,0.6699559834938101,37591.85887207703,0.608228397369384
0.2209601100412656,0.457496561210454,0.7122558459422285,0.37316918844566693,0.7171499312242092,1.0831746905089408,0.12219257221458035,0.35087757909215955,0.6699559834938101,37128.85887207703,0.6094300270080559
0.16096011004126554,0.457496561210454,0.7122558459422285,0.39316918844566695,0.7471499312242093,1.0531746905089407,0.1621925722145804,0.4108775790921596,0.7199559834938102,37143.85887207703,0.6134759902954094
0.16096011004126554,0.457496561210454,0.7422558459422283,0.3431691884456669,0.7471499312242093,1.0431746905089407,0.12219257221458035,0.45087757909215964,0.7599559834938102,36424.85887207703,0.6174757003784137
0.16096011004126554,0.467496561210454,0.6922558459422284,0.3531691884456669,0.7171499312242092,1.0731746905089408,0.2021925722145803,0.5008775790921595,0.7699559834938102,35891.85887207703,0.6207220077514641
0.17096011004126555,0.47749656121045403,0.6522558459422284,0.3431691884456669,0.7071499312242092,1.1031746905089408,0.2021925722145803,0.46087757909215965,0.7899559834938101,35892.85887207703,0.621719312667846
0.17096011004126555,0.5074965612104541,0.6022558459422284,0.3431691884456669,0.6871499312242094,1.1131746905089408,0.21219257221458032,0.5108775790921595,0.7999559834938101,36089.85887207703,0.6257247447967558
0.15096011004126553,0.5474965612104541,0.6022558459422284,0.3331691884456669,0.7071499312242092,1.1231746905089408,0.23219257221458034,0.5008775790921595,0.8599559834938102,36204.85887207703,0.6297859668731682
0.1209601100412655,0.5574965612104541,0.5922558459422284,0.3331691884456669,0.6771499312242094,1.1531746905089408,0.26219257221458037,0.5108775790921595,0.8599559834938102,36167.85887207703,0.6333610534667997
0.08096011004126558,0.5174965612104541,0.6022558459422284,0.323169188445667,0.6671499312242094,1.1531746905089408,0.2721925722145804,0.5508775790921595,0.8799559834938102,35614.85887207703,0.6343979358673089
0.06096011004126556,0.5374965612104541,0.5622558459422283,0.3531691884456669,0.6671499312242094,1.1531746905089408,0.2721925722145804,0.5508775790921595,0.8999559834938102,35545.85887207703,0.6375591278076165
0.08096011004126558,0.5774965612104541,0.5522558459422283,0.3531691884456669,0.6771499312242094,1.1431746905089408,0.2721925722145804,0.5608775790921595,0.9099559834938102,35690.85887207703,0.6415655136108391
0.07096011004126557,0.5674965612104541,0.5622558459422283,0.3431691884456669,0.6671499312242094,1.1531746905089408,0.26219257221458037,0.5508775790921595,0.9099559834938102,35331.85887207703,0.6456017017364495
0.020960110041265523,0.6274965612104539,0.5522558459422283,0.323169188445667,0.7571499312242093,1.1231746905089408,0.25219257221458036,0.5508775790921595,0.9699559834938101,35334.85887207703,0.6456017017364495
0.05096011004126555,0.5874965612104541,0.5322558459422283,0.3431691884456669,0.7271499312242092,1.1231746905089408,0.3121925722145803,0.5508775790921595,0.9499559834938103,35737.85887207703,0.6506862163543694
-0.009039889958734504,0.667496561210454,0.5222558459422283,0.313169188445667,0.7371499312242092,1.1231746905089408,0.3121925722145803,0.5408775790921595,0.9399559834938103,35462.85887207703,0.65369005203247
0.020960110041265523,0.637496561210454,0.5422558459422283,0.3331691884456669,0.7371499312242092,1.0931746905089408,0.38219257221458036,0.5508775790921595,0.9199559834938102,35373.85887207703,0.6586689472198479
0.010960110041265514,0.637496561210454,0.5422558459422283,0.3431691884456669,0.7571499312242093,1.1031746905089408,0.36219257221458034,0.5408775790921595,0.9599559834938103,35836.85887207703,0.6586689472198479
0.010960110041265514,0.667496561210454,0.5322558459422283,0.3431691884456669,0.7271499312242092,1.0631746905089408,0.37219257221458035,0.5108775790921595,0.9399559834938103,35979.85887207703,0.6627788066864007
0.04096011004126554,0.657496561210454,0.5522558459422283,0.3431691884456669,0.7571499312242093,1.0731746905089408,0.38219257221458036,0.5408775790921595,0.9699559834938101,35990.85887207703,0.666797351837161
0.07096011004126557,0.647496561210454,0.5422558459422283,0.323169188445667,0.7871499312242093,1.1031746905089408,0.4221925722145804,0.5008775790921595,0.9199559834938102,35795.85887207703,0.6712722301483147
0.04096011004126554,0.667496561210454,0.5122558459422283,0.3631691884456669,0.7771499312242093,1.0731746905089408,0.4421925722145804,0.47087757909215966,0.9399559834938103,35768.85887207703,0.6712722301483147
0.03096011004126553,0.737496561210454,0.5122558459422283,0.3631691884456669,0.7871499312242093,1.0631746905089408,0.46219257221458043,0.5008775790921595,0.9199559834938102,35927.85887207703,0.6752697944641106
0.04096011004126554,0.707496561210454,0.49225584594222827,0.39316918844566695,0.7871499312242093,1.0731746905089408,0.48219257221458045,0.49087757909215946,0.9699559834938101,36816.85887207703,0.6792709350585966
0.03096011004126553,0.7774965612104541,0.46225584594222846,0.40316918844566696,0.7971499312242093,1.0731746905089408,0.47219257221458044,0.44087757909215963,0.9299559834938103,36441.85887207703,0.6832715988159208
0.010960110041265514,0.8174965612104541,0.43225584594222843,0.38316918844566694,0.7471499312242093,1.0731746905089408,0.5321925722145803,0.46087757909215965,0.9599559834938103,36278.85887207703,0.6832715988159208
0.03096011004126553,0.7874965612104541,0.47225584594222825,0.38316918844566694,0.8171499312242093,1.0431746905089407,0.5521925722145803,0.45087757909215964,0.9699559834938101,36999.85887207703,0.6867970943450921
0.04096011004126554,0.7674965612104541,0.46225584594222846,0.38316918844566694,0.8171499312242093,1.0331746905089407,0.5321925722145803,0.44087757909215963,0.9699559834938101,37184.85887207703,0.6918015003204339
0.06096011004126556,0.8074965612104541,0.45225584594222845,0.38316918844566694,0.8271499312242093,1.0431746905089407,0.5421925722145803,0.46087757909215965,0.9899559834938101,37267.85887207703,0.6948897361755364
0.03096011004126553,0.8474965612104541,0.4222558459422284,0.3631691884456669,0.8471499312242093,1.0731746905089408,0.5321925722145803,0.5108775790921595,0.9799559834938101,37750.85887207703,0.6958014488220208
0.03096011004126553,0.8774965612104539,0.4122558459422284,0.39316918844566695,0.8271499312242093,1.0931746905089408,0.5121925722145803,0.5108775790921595,0.9799559834938101,37823.85887207703,0.7002181529998808
0.020960110041265523,0.8574965612104541,0.4222558459422284,0.39316918844566695,0.8071499312242093,1.1331746905089408,0.5421925722145803,0.6008775790921596,0.9799559834938101,38386.85887207703,0.7039000511169426
0.000960110041265505,0.8774965612104539,0.44225584594222844,0.39316918844566695,0.7971499312242093,1.1131746905089408,0.5421925722145803,0.5608775790921595,1.0399559834938101,38731.85887207703,0.7078728199005155
0.010960110041265514,0.8574965612104541,0.45225584594222845,0.39316918844566695,0.7971499312242093,1.1231746905089408,0.5121925722145803,0.6008775790921596,1.0699559834938102,38682.85887207703,0.711870622634887
0.000960110041265505,0.8474965612104541,0.47225584594222825,0.423169188445667,0.7371499312242092,1.1631746905089408,0.5321925722145803,0.6208775790921596,1.0699559834938102,38565.85887207703,0.711870622634887
0.03096011004126553,0.8274965612104541,0.49225584594222827,0.41316918844566697,0.7071499312242092,1.2331746905089407,0.5421925722145803,0.6208775790921596,1.0999559834938102,39084.85887207703,0.7158767700195305
0.05096011004126555,0.7874965612104541,0.5022558459422283,0.4631691884456669,0.6671499312242094,1.2031746905089407,0.5221925722145803,0.6108775790921596,1.1199559834938102,39787.85887207703,0.7196757316589348
0.03096011004126553,0.7774965612104541,0.5322558459422283,0.553169188445667,0.6171499312242094,1.2231746905089407,0.5621925722145803,0.6008775790921596,1.1699559834938102,39664.85887207703,0.7235316753387444
0.08096011004126558,0.727496561210454,0.5322558459422283,0.543169188445667,0.6271499312242094,1.2131746905089407,0.5621925722145803,0.5708775790921595,1.1899559834938103,39843.85887207703,0.7235316753387444
0.09096011004126558,0.7774965612104541,0.5322558459422283,0.543169188445667,0.6171499312242094,1.1931746905089409,0.6221925722145804,0.5708775790921595,1.1899559834938103,40572.85887207703,0.7285654067993192
0.11096011004126549,0.7574965612104541,0.5622558459422283,0.583169188445667,0.6471499312242094,1.1431746905089408,0.6121925722145803,0.6108775790921596,1.1899559834938103,41213.85887207703,0.7324692726135247
0.1309601100412655,0.747496561210454,0.5522558459422283,0.633169188445667,0.6071499312242093,1.1231746905089408,0.6221925722145804,0.6008775790921596,1.1999559834938103,42304.85887207703,0.7361411571502678
0.11096011004126549,0.727496561210454,0.5722558459422283,0.6531691884456668,0.6171499312242094,1.0731746905089408,0.6421925722145804,0.6008775790921596,1.21995598349381,42681.85887207703,0.7372164249420159
0.14096011004126552,0.747496561210454,0.6022558459422284,0.6731691884456669,0.6271499312242094,1.0731746905089408,0.6321925722145804,0.5808775790921595,1.25995598349381,42496.85887207703,0.7403633117675739
0.1209601100412655,0.747496561210454,0.6022558459422284,0.6931691884456669,0.6071499312242093,1.0731746905089408,0.6221925722145804,0.6108775790921596,1.2999559834938101,42887.85887207703,0.7445847511291497
0.1309601100412655,0.707496561210454,0.6522558459422284,0.7131691884456669,0.6071499312242093,1.0531746905089407,0.6321925722145804,0.6308775790921596,1.25995598349381,43228.85887207703,0.7488953590393059
0.1309601100412655,0.697496561210454,0.6722558459422284,0.7231691884456669,0.6271499312242094,1.0431746905089407,0.6721925722145804,0.6308775790921596,1.2799559834938101,43381.85887207703,0.7498859882354765
0.16096011004126554,0.637496561210454,0.6722558459422284,0.6731691884456669,0.6571499312242094,1.0431746905089407,0.6521925722145804,0.6608775790921596,1.2999559834938101,43430.85887207703,0.7528872013092034
0.20096011004126557,0.657496561210454,0.6522558459422284,0.633169188445667,0.6571499312242094,1.0931746905089408,0.6321925722145804,0.6708775790921596,1.3099559834938101,43671.85887207703,0.7573914051055901
0.21096011004126558,0.637496561210454,0.6122558459422284,0.593169188445667,0.6871499312242094,1.0731746905089408,0.6521925722145804,0.6708775790921596,1.3099559834938101,44190.85887207703,0.76094646453857
0.21096011004126558,0.657496561210454,0.6122558459422284,0.583169188445667,0.6671499312242094,1.0831746905089408,0.6421925722145804,0.6908775790921596,1.2999559834938101,44301.85887207703,0.761949968338012
0.2209601100412656,0.6174965612104542,0.6722558459422284,0.553169188445667,0.6771499312242094,1.0731746905089408,0.6921925722145804,0.6608775790921596,1.3099559834938101,44832.85887207703,0.764527511596679
0.19096011004126556,0.6074965612104541,0.6622558459422284,0.543169188445667,0.6871499312242094,1.0731746905089408,0.6921925722145804,0.6608775790921596,1.3199559834938102,44855.85887207703,0.7695271492004387
0.16096011004126554,0.5974965612104541,0.6922558459422284,0.5031691884456669,0.6871499312242094,1.0931746905089408,0.7021925722145804,0.6708775790921596,1.3099559834938101,45202.85887207703,0.7729823112487786
0.17096011004126555,0.5974965612104541,0.7122558459422285,0.533169188445667,0.6871499312242094,1.0931746905089408,0.6921925722145804,0.6908775790921596,1.3099559834938101,45553.85887207703,0.7773298740386956
0.17096011004126555,0.5774965612104541,0.7422558459422283,0.553169188445667,0.6771499312242094,1.0831746905089408,0.7321925722145805,0.6808775790921596,1.2699559834938101,45904.85887207703,0.7773298740386956
0.20096011004126557,0.5474965612104541,0.7422558459422283,0.553169188445667,0.6471499312242094,1.0731746905089408,0.7421925722145802,0.7008775790921596,1.2799559834938101,46053.85887207703,0.78174180984497
0.21096011004126558,0.5274965612104541,0.7522558459422283,0.563169188445667,0.6371499312242094,1.0531746905089407,0.7521925722145802,0.7008775790921596,1.25995598349381,45746.85887207703,0.7850162506103509
0.2309601100412656,0.5174965612104541,0.7422558459422283,0.563169188445667,0.6371499312242094,1.1031746905089408,0.7221925722145804,0.7108775790921597,1.25995598349381,46173.85887207703,0.7890119075775139
0.2509601100412656,0.47749656121045403,0.7222558459422282,0.563169188445667,0.6271499312242094,1.0731746905089408,0.7421925722145802,0.7208775790921597,1.25995598349381,46182.85887207703,0.7897419452667229
0.2509601100412656,0.49749656121045405,0.7322558459422283,0.623169188445667,0.5571499312242093,1.0931746905089408,0.7121925722145804,0.7208775790921597,1.23995598349381,46241.85887207703,0.7937421321868889
0.28096011004126564,0.447496561210454,0.6822558459422284,0.633169188445667,0.5571499312242093,1.1131746905089408,0.7121925722145804,0.7708775790921595,1.22995598349381,46652.85887207703,0.797453594207763
0.30096011004126544,0.467496561210454,0.7022558459422285,0.623169188445667,0.5771499312242093,1.1031746905089408,0.7121925722145804,0.8008775790921595,1.23995598349381,46811.85887207703,0.8015017032623284
0.28096011004126564,0.467496561210454,0.7222558459422282,0.613169188445667,0.5871499312242093,1.0731746905089408,0.7021925722145804,0.7808775790921595,1.22995598349381,46490.85887207703,0.8025049686431878
0.32096011004126546,0.457496561210454,0.6922558459422284,0.563169188445667,0.5571499312242093,1.1431746905089408,0.7221925722145804,0.7608775790921595,1.24995598349381,46607.85887207703,0.805682849884036
0.29096011004126565,0.427496561210454,0.6922558459422284,0.513169188445667,0.5871499312242093,1.1531746905089408,0.7121925722145804,0.7608775790921595,1.2799559834938101,46124.85887207703,0.8097290515899687
0.2409601100412656,0.447496561210454,0.7522558459422283,0.4831691884456669,0.6271499312242094,1.1631746905089408,0.7021925722145804,0.7608775790921595,1.2799559834938101,45597.85887207703,0.8137278079986565
0.2309601100412656,0.427496561210454,0.7622558459422283,0.423169188445667,0.6071499312242093,1.1631746905089408,0.6821925722145804,0.7708775790921595,1.2799559834938101,45964.85887207703,0.8147217750549309
0.18096011004126555,0.39749656121045396,0.7722558459422283,0.39316918844566695,0.6371499312242094,1.1931746905089409,0.7221925722145804,0.7808775790921595,1.2799559834938101,45477.85887207703,0.8176452636718743
0.14096011004126552,0.40749656121045397,0.7822558459422283,0.37316918844566693,0.6471499312242094,1.1831746905089409,0.6821925722145804,0.8208775790921595,1.2699559834938101,45090.85887207703,0.821753931045528
0.1309601100412655,0.427496561210454,0.8122558459422283,0.40316918844566696,0.6271499312242094,1.1631746905089408,0.6821925722145804,0.8008775790921595,1.2899559834938101,45231.85887207703,0.8261441707611077
0.11096011004126549,0.37749656121045394,0.8022558459422283,0.41316918844566697,0.6171499312242094,1.1231746905089408,0.6621925722145804,0.8208775790921595,1.2999559834938101,45362.85887207703,0.8271760463714593
0.14096011004126552,0.37749656121045394,0.8022558459422283,0.423169188445667,0.5971499312242093,1.1831746905089409,0.6521925722145804,0.7908775790921595,1.2999559834938101,45593.85887207703,0.8301467418670647
0.16096011004126554,0.34749656121045414,0.8022558459422283,0.443169188445667,0.6271499312242094,1.1531746905089408,0.6521925722145804,0.7908775790921595,1.3099559834938101,45308.85887207703,0.8339859962463336
0.19096011004126556,0.34749656121045414,0.7822558459422283,0.4831691884456669,0.6171499312242094,1.1431746905089408,0.6621925722145804,0.7708775790921595,1.3399559834938102,44757.85887207703,0.8389019489288358
0.18096011004126555,0.3374965612104541,0.7722558459422283,0.4531691884456669,0.6271499312242094,1.1031746905089408,0.6221925722145804,0.8108775790921595,1.3499559834938102,44660.85887207703,0.8423413753509514
0.2309601100412656,0.2974965612104541,0.7622558459422283,0.4831691884456669,0.6571499312242094,1.0731746905089408,0.6321925722145804,0.7708775790921595,1.3499559834938102,44871.85887207703,0.8433267593383782
0.2309601100412656,0.3174965612104541,0.7322558459422283,0.4531691884456669,0.6971499312242092,1.0131746905089407,0.6221925722145804,0.7708775790921595,1.3199559834938102,44842.85887207703,0.8471209526062005
0.2609601100412656,0.3074965612104541,0.7122558459422285,0.4731691884456669,0.6871499312242094,0.9831746905089408,0.6821925722145804,0.7808775790921595,1.2999559834938101,44977.85887207703,0.8512503623962395
0.2209601100412656,0.3174965612104541,0.7122558459422285,0.4631691884456669,0.7071499312242092,0.943174690508941,0.6521925722145804,0.7708775790921595,1.3399559834938102,44896.85887207703,0.8545171737670891
0.2209601100412656,0.3074965612104541,0.7122558459422285,0.4831691884456669,0.6771499312242094,0.943174690508941,0.6021925722145803,0.7708775790921595,1.3899559834938102,44689.85887207703,0.8552503108978264
0.20096011004126557,0.3074965612104541,0.6822558459422284,0.443169188445667,0.7071499312242092,0.923174690508941,0.6421925722145804,0.7908775790921595,1.3299559834938102,44230.85887207703,0.8594116687774616
0.21096011004126558,0.3074965612104541,0.6722558459422284,0.41316918844566697,0.7271499312242092,0.933174690508941,0.6521925722145804,0.7808775790921595,1.3299559834938102,42933.85887207703,0.8630334854126005
0.2209601100412656,0.2974965612104541,0.6422558459422284,0.39316918844566695,0.7171499312242092,0.933174690508941,0.6421925722145804,0.7708775790921595,1.3399559834938102,42052.85887207703,0.8666679382324247
0.19096011004126556,0.3174965612104541,0.6122558459422284,0.39316918844566695,0.6571499312242094,0.9631746905089408,0.6121925722145803,0.8308775790921595,1.3299559834938102,41991.85887207703,0.8677131652832024
0.20096011004126557,0.2874965612104541,0.6422558459422284,0.37316918844566693,0.6471499312242094,1.0131746905089407,0.6021925722145803,0.8708775790921596,1.3099559834938101,42376.85887207703,0.8716599464416497
0.1309601100412655,0.3274965612104541,0.6322558459422284,0.3431691884456669,0.6571499312242094,1.0131746905089407,0.6221925722145804,0.8208775790921595,1.3099559834938101,41811.85887207703,0.875623178482055
0.11096011004126549,0.3374965612104541,0.6522558459422284,0.3531691884456669,0.6371499312242094,1.0331746905089407,0.6121925722145803,0.8208775790921595,1.2999559834938101,41520.85887207703,0.8797676086425739
0.09096011004126558,0.35749656121045414,0.6622558459422284,0.3431691884456669,0.6571499312242094,1.0531746905089407,0.6121925722145803,0.8708775790921596,1.2799559834938101,40593.85887207703,0.8797676086425739
0.08096011004126558,0.34749656121045414,0.6322558459422284,0.3431691884456669,0.6271499312242094,1.0631746905089408,0.5821925722145803,0.8508775790921596,1.2899559834938101,39790.85887207703,0.8830067634582477
0.1009601100412656,0.37749656121045394,0.6122558459422284,0.3531691884456669,0.6471499312242094,1.0531746905089407,0.5821925722145803,0.8708775790921596,1.2799559834938101,39635.85887207703,0.8872787475585966
0.1009601100412656,0.38749656121045395,0.5922558459422284,0.3431691884456669,0.6671499312242094,1.0631746905089408,0.5321925722145803,0.8708775790921596,1.2899559834938101,39676.85887207703,0.8919174194335966
0.1009601100412656,0.40749656121045397,0.5822558459422283,0.3431691884456669,0.6471499312242094,1.0531746905089407,0.5721925722145803,0.9108775790921596,1.24995598349381,39373.85887207703,0.8919174194335966
0.1009601100412656,0.38749656121045395,0.5522558459422283,0.3431691884456669,0.6371499312242094,1.0631746905089408,0.5721925722145803,0.8908775790921596,1.2699559834938101,39048.85887207703,0.8959154605865471
0.04096011004126554,0.40749656121045397,0.5722558459422283,0.3331691884456669,0.6371499312242094,1.0731746905089408,0.5521925722145803,0.8608775790921596,1.2699559834938101,38683.85887207703,0.9001552581787102
0.05096011004126555,0.40749656121045397,0.5722558459422283,0.3431691884456669,0.6471499312242094,1.0531746905089407,0.5021925722145802,0.8908775790921596,1.2699559834938101,38380.85887207703,0.9041544914245598
0.08096011004126558,0.427496561210454,0.5022558459422283,0.323169188445667,0.6471499312242094,1.0431746905089407,0.5521925722145803,0.8408775790921595,1.3099559834938101,37933.85887207703,0.9041544914245598
0.04096011004126554,0.457496561210454,0.49225584594222827,0.3331691884456669,0.6871499312242094,1.0431746905089407,0.5121925722145803,0.8608775790921596,1.3099559834938101,37620.85887207703,0.9083542346954339
0.020960110041265523,0.457496561210454,0.5122558459422283,0.3431691884456669,0.6371499312242094,1.0331746905089407,0.5021925722145802,0.8508775790921596,1.3099559834938101,36981.85887207703,0.9122967243194537
-0.0190398899587344,0.48749656121045404,0.5222558459422283,0.313169188445667,0.6971499312242092,1.0331746905089407,0.49219257221458024,0.8308775790921595,1.3299559834938102,36656.85887207703,0.916103792190551
-0.009039889958734504,0.5074965612104541,0.5222558459422283,0.303169188445667,0.7371499312242092,1.0431746905089407,0.48219257221458045,0.8508775790921596,1.2999559834938101,36335.85887207703,0.9192230224609368
0.010960110041265514,0.47749656121045403,0.5122558459422283,0.3331691884456669,0.7171499312242092,1.0631746905089408,0.4521925722145804,0.8208775790921595,1.3599559834938102,36292.85887207703,0.9203481197357206
0.000960110041265505,0.48749656121045404,0.5022558459422283,0.323169188445667,0.7171499312242092,1.0531746905089407,0.4421925722145804,0.8108775790921595,1.3599559834938102,36291.85887207703,0.9243096828460686
0.000960110041265505,0.5074965612104541,0.5322558459422283,0.323169188445667,0.7271499312242092,1.0131746905089407,0.4321925722145804,0.8108775790921595,1.3499559834938102,36174.85887207703,0.9287652492523186
-0.0190398899587344,0.5374965612104541,0.5122558459422283,0.313169188445667,0.7271499312242092,1.0131746905089407,0.4321925722145804,0.8008775790921595,1.3299559834938102,36029.85887207703,0.9327525615692096
-0.009039889958734504,0.5174965612104541,0.5322558459422283,0.3431691884456669,0.7271499312242092,1.0731746905089408,0.4221925722145804,0.7908775790921595,1.3499559834938102,35998.85887207703,0.9327525615692096
-0.009039889958734504,0.5774965612104541,0.5122558459422283,0.3531691884456669,0.7371499312242092,1.0431746905089407,0.4221925722145804,0.7408775790921595,1.3499559834938102,36329.85887207703,0.9370700836181634
0.020960110041265523,0.5674965612104541,0.5022558459422283,0.3431691884456669,0.7571499312242093,1.0231746905089407,0.4221925722145804,0.7308775790921597,1.3599559834938102,36278.85887207703,0.9414360046386712
0.03096011004126553,0.5974965612104541,0.5222558459422283,0.3331691884456669,0.7371499312242092,1.0531746905089407,0.4321925722145804,0.6908775790921596,1.3399559834938102,35865.85887207703,0.9447535991668694
0.020960110041265523,0.6174965612104542,0.45225584594222845,0.3631691884456669,0.7271499312242092,1.0631746905089408,0.4421925722145804,0.6908775790921596,1.3299559834938102,36260.85887207703,0.9458012104034381
0.03096011004126553,0.647496561210454,0.47225584594222825,0.3631691884456669,0.7371499312242092,1.0531746905089407,0.4421925722145804,0.7008775790921596,1.3199559834938102,36695.85887207703,0.9491717338562005
0.000960110041265505,0.657496561210454,0.5022558459422283,0.3431691884456669,0.7771499312242093,1.0331746905089407,0.4021925722145804,0.7208775790921597,1.3199559834938102,36552.85887207703,0.9537021636962884
0.010960110041265514,0.667496561210454,0.48225584594222826,0.3331691884456669,0.7971499312242093,1.0331746905089407,0.4421925722145804,0.7008775790921596,1.3099559834938101,36591.85887207703,0.9573909759521477
-0.0190398899587344,0.677496561210454,0.48225584594222826,0.3431691884456669,0.8371499312242093,0.9831746905089408,0.46219257221458043,0.6608775790921596,1.2999559834938101,36828.85887207703,0.9573909759521477
-0.0190398899587344,0.707496561210454,0.48225584594222826,0.3331691884456669,0.8271499312242093,1.0131746905089407,0.46219257221458043,0.6708775790921596,1.2999559834938101,36559.85887207703,0.9621362209320061
-0.0190398899587344,0.717496561210454,0.47225584594222825,0.3431691884456669,0.8071499312242093,1.0531746905089407,0.49219257221458024,0.6408775790921596,1.2799559834938101,36852.85887207703,0.9646355628967278
-0.0190398899587344,0.737496561210454,0.46225584594222846,0.3331691884456669,0.8571499312242093,1.0131746905089407,0.5521925722145803,0.6208775790921596,1.2799559834938101,36867.85887207703,0.9696397304534905
-0.009039889958734504,0.7774965612104541,0.46225584594222846,0.3431691884456669,0.8771499312242094,1.0231746905089407,0.5321925722145803,0.6408775790921596,1.2699559834938101,37016.85887207703,0.9706346511840778
-0.04903988995873443,0.737496561210454,0.48225584594222826,0.303169188445667,0.8471499312242093,1.0531746905089407,0.5321925722145803,0.6408775790921596,1.2899559834938101,37569.85887207703,0.9736399173736565
-0.05903988995873444,0.727496561210454,0.48225584594222826,0.323169188445667,0.8271499312242093,1.0831746905089408,0.5021925722145802,0.6208775790921596,1.2899559834938101,37994.85887207703,0.9779397964477567
-0.03903988995873442,0.717496561210454,0.49225584594222827,0.313169188445667,0.8171499312242093,1.1031746905089408,0.5121925722145803,0.6108775790921596,1.25995598349381,37605.85887207703,0.9816009521484403
-0.03903988995873442,0.707496561210454,0.5122558459422283,0.3331691884456669,0.7571499312242093,1.1731746905089409,0.5221925722145803,0.6108775790921596,1.2699559834938101,38014.85887207703,0.9852084636688225
-0.03903988995873442,0.697496561210454,0.5422558459422283,0.3431691884456669,0.7471499312242093,1.1831746905089409,0.5221925722145803,0.6608775790921596,1.24995598349381,38441.85887207703,0.9863729000091546
0.020960110041265523,0.677496561210454,0.5422558459422283,0.3631691884456669,0.7171499312242092,1.1931746905089409,0.5121925722145803,0.6708775790921596,1.25995598349381,38578.85887207703,0.9892196178436272
0.000960110041265505,0.677496561210454,0.5622558459422283,0.37316918844566693,0.6771499312242094,1.2131746905089407,0.5021925722145802,0.6708775790921596,1.23995598349381,39103.85887207703,0.9942442893981962
0.020960110041265523,0.737496561210454,0.5522558459422283,0.40316918844566696,0.6671499312242094,1.2231746905089407,0.5421925722145803,0.6408775790921596,1.23995598349381,40336.85887207703,0.9973887920379632
0.05096011004126555,0.717496561210454,0.5522558459422283,0.433169188445667,0.7171499312242092,1.1831746905089409,0.5021925722145802,0.6908775790921596,1.25995598349381,40719.85887207703,0.99839444160461
0.04096011004126554,0.727496561210454,0.5422558459422283,0.433169188445667,0.7271499312242092,1.1531746905089408,0.5121925722145803,0.6708775790921596,1.2699559834938101,40526.85887207703,1.0023917675018303
0.05096011004126555,0.707496561210454,0.5622558459422283,0.4631691884456669,0.6971499312242092,1.1231746905089408,0.5521925722145803,0.6808775790921596,1.24995598349381,40769.85887207703,1.006405067443847
0.06096011004126556,0.677496561210454,0.6022558459422284,0.513169188445667,0.6671499312242094,1.0931746905089408,0.5521925722145803,0.6908775790921596,1.25995598349381,41236.85887207703,1.0101208209991448
0.11096011004126549,0.647496561210454,0.5722558459422283,0.5031691884456669,0.6771499312242094,1.1031746905089408,0.5521925722145803,0.6608775790921596,1.3099559834938101,41451.85887207703,1.01117296218872
0.11096011004126549,0.667496561210454,0.5922558459422284,0.533169188445667,0.6671499312242094,1.0631746905089408,0.5621925722145803,0.6408775790921596,1.2999559834938101,42094.85887207703,1.0141720294952385
0.1009601100412656,0.647496561210454,0.5922558459422284,0.543169188445667,0.6371499312242094,1.1031746905089408,0.6021925722145803,0.6708775790921596,1.2999559834938101,42277.85887207703,1.0193111419677727
0.1209601100412655,0.6174965612104542,0.6322558459422284,0.543169188445667,0.6571499312242094,1.0731746905089408,0.6121925722145803,0.6408775790921596,1.2899559834938101,42828.85887207703,1.0223106861114495
0.17096011004126555,0.6074965612104541,0.6322558459422284,0.5031691884456669,0.6971499312242092,1.0731746905089408,0.5921925722145803,0.6508775790921596,1.2999559834938101,43117.85887207703,1.0233096599578886
0.19096011004126556,0.5874965612104541,0.5922558459422284,0.4531691884456669,0.7271499312242092,1.0631746905089408,0.5821925722145803,0.7008775790921596,1.2999559834938101,43196.85887207703,1.0273112773895257
0.16096011004126554,0.6174965612104542,0.5922558459422284,0.433169188445667,0.7471499312242093,1.0831746905089408,0.5921925722145803,0.7208775790921597,1.2999559834938101,42927.85887207703,1.03131098747253
0.17096011004126555,0.5974965612104541,0.5922558459422284,0.40316918844566696,0.7171499312242092,1.1031746905089408,0.6021925722145803,0.6908775790921596,1.3199559834938102,43114.85887207703,1.0353495597839348
0.11096011004126549,0.5874965612104541,0.6422558459422284,0.40316918844566696,0.7371499312242092,1.0931746905089408,0.5721925722145803,0.7308775790921597,1.2999559834938101,43135.85887207703,1.0353495597839348
0.1309601100412655,0.5674965612104541,0.6322558459422284,0.41316918844566697,0.7271499312242092,1.1031746905089408,0.5721925722145803,0.7308775790921597,1.3299559834938102,43312.85887207703,1.0393487930297844
0.1309601100412655,0.6074965612104541,0.6222558459422284,0.41316918844566697,0.7071499312242092,1.1231746905089408,0.5721925722145803,0.7408775790921595,1.3399559834938102,43449.85887207703,1.0433887958526604
0.15096011004126553,0.5774965612104541,0.6722558459422284,0.39316918844566695,0.7171499312242092,1.1131746905089408,0.5721925722145803,0.7008775790921596,1.3499559834938102,43664.85887207703,1.047482919692996
0.14096011004126552,0.5274965612104541,0.7222558459422282,0.433169188445667,0.6771499312242094,1.1231746905089408,0.6021925722145803,0.7208775790921597,1.3399559834938102,43771.85887207703,1.0485400676727288
0.17096011004126555,0.5274965612104541,0.7422558459422283,0.4531691884456669,0.6571499312242094,1.1231746905089408,0.5821925722145803,0.7108775790921597,1.3299559834938102,44506.85887207703,1.0509638309478788
0.17096011004126555,0.457496561210454,0.7522558459422283,0.4631691884456669,0.6871499312242094,1.0731746905089408,0.6021925722145803,0.7008775790921596,1.3399559834938102,45003.85887207703,1.0562021255493192
0.19096011004126556,0.427496561210454,0.7322558459422283,0.5031691884456669,0.6671499312242094,1.0831746905089408,0.6421925722145804,0.7008775790921596,1.2999559834938101,44818.85887207703,1.0607537746429436
0.2609601100412656,0.447496561210454,0.6822558459422284,0.5031691884456669,0.6971499312242092,1.0531746905089407,0.6421925722145804,0.7108775790921597,1.2999559834938101,45095.85887207703,1.064243268966674
0.27096011004126563,0.457496561210454,0.7122558459422285,0.523169188445667,0.6771499312242094,1.0531746905089407,0.6521925722145804,0.7108775790921597,1.2799559834938101,45034.85887207703,1.064243268966674
0.2309601100412656,0.447496561210454,0.7122558459422285,0.533169188445667,0.6371499312242094,1.0631746905089408,0.6621925722145804,0.7108775790921597,1.2699559834938101,45107.85887207703,1.0677456378936796
0.2309601100412656,0.417496561210454,0.6722558459422284,0.553169188445667,0.6171499312242094,1.0531746905089407,0.6521925722145804,0.7308775790921597,1.25995598349381,45428.85887207703,1.0719360828399687
0.28096011004126564,0.38749656121045395,0.6722558459422284,0.543169188445667,0.5971499312242093,1.0731746905089408,0.6421925722145804,0.7308775790921597,1.25995598349381,45469.85887207703,1.0760082721710198
0.2509601100412656,0.34749656121045414,0.7022558459422285,0.513169188445667,0.6171499312242094,1.0831746905089408,0.6121925722145803,0.7508775790921595,1.2699559834938101,45394.85887207703,1.0769741058349602
0.27096011004126563,0.34749656121045414,0.7222558459422282,0.4531691884456669,0.6371499312242094,1.1031746905089408,0.6021925722145803,0.7608775790921595,1.2799559834938101,45753.85887207703,1.0802237510681145
0.2409601100412656,0.35749656121045414,0.6922558459422284,0.40316918844566696,0.6471499312242094,1.1231746905089408,0.6021925722145803,0.7308775790921597,1.2999559834938101,45336.85887207703,1.0848578929901116
0.19096011004126556,0.34749656121045414,0.7122558459422285,0.3531691884456669,0.6171499312242094,1.1531746905089408,0.5621925722145803,0.7508775790921595,1.3199559834938102,45209.85887207703,1.088117313385009
0.18096011004126555,0.2774965612104541,0.7522558459422283,0.37316918844566693,0.6671499312242094,1.1431746905089408,0.5521925722145803,0.7308775790921597,1.3399559834938102,45150.85887207703,1.0891608715057366
0.1009601100412656,0.3274965612104541,0.7322558459422283,0.3431691884456669,0.6671499312242094,1.1031746905089408,0.5521925722145803,0.7208775790921597,1.3599559834938102,44367.85887207703,1.09318561553955
0.1209601100412655,0.26749656121045406,0.7822558459422283,0.3631691884456669,0.6471499312242094,1.1231746905089408,0.5821925722145803,0.7108775790921597,1.3399559834938102,44442.85887207703,1.0971858024597196
0.1009601100412656,0.2774965612104541,0.8122558459422283,0.3531691884456669,0.6471499312242094,1.1131746905089408,0.5821925722145803,0.7008775790921596,1.3499559834938102,44583.85887207703,1.1005739688873284
0.16096011004126554,0.21749656121045402,0.8022558459422283,0.3431691884456669,0.6471499312242094,1.1231746905089408,0.5921925722145803,0.7308775790921597,1.3399559834938102,44784.85887207703,1.101624917984008
0.16096011004126554,0.207496561210454,0.8022558459422283,0.38316918844566694,0.6271499312242094,1.0831746905089408,0.6121925722145803,0.7308775790921597,1.2999559834938101,44641.85887207703,1.1052393436431878
0.16096011004126554,0.23749656121045404,0.7922558459422283,0.3631691884456669,0.6571499312242094,1.0731746905089408,0.6221925722145804,0.7308775790921597,1.2999559834938101,44636.85887207703,1.1087996482849114
0.14096011004126552,0.197496561210454,0.7922558459422283,0.37316918844566693,0.6671499312242094,1.1031746905089408,0.6221925722145804,0.7008775790921596,1.3199559834938102,44271.85887207703,1.112287235260009
0.17096011004126555,0.24749656121045405,0.7122558459422285,0.37316918844566693,0.6471499312242094,1.0831746905089408,0.6221925722145804,0.7308775790921597,1.2999559834938101,44550.85887207703,1.1132633209228509
0.16096011004126554,0.21749656121045402,0.7322558459422283,0.39316918844566695,0.6871499312242094,0.9631746905089408,0.5721925722145803,0.7508775790921595,1.2999559834938101,45679.85887207703,1.1168989658355706
0.17096011004126555,0.17749656121045398,0.7022558459422285,0.433169188445667,0.6671499312242094,0.933174690508941,0.5821925722145803,0.7408775790921595,1.2999559834938101,45672.85887207703,1.1213972091674798
0.19096011004126556,0.17749656121045398,0.6822558459422284,0.433169188445667,0.6671499312242094,0.913174690508941,0.5421925722145803,0.7708775790921595,1.3199559834938102,45347.85887207703,1.125029516220092
0.18096011004126555,0.187496561210454,0.6922558459422284,0.443169188445667,0.6571499312242094,0.8931746905089409,0.5321925722145803,0.7308775790921597,1.3399559834938102,44710.85887207703,1.1290673732757597
0.17096011004126555,0.16749656121045398,0.6922558459422284,0.40316918844566696,0.6271499312242094,0.923174690508941,0.5321925722145803,0.7608775790921595,1.3299559834938102,44165.85887207703,1.1290673732757597
0.17096011004126555,0.207496561210454,0.6222558459422284,0.3631691884456669,0.6871499312242094,0.923174690508941,0.5121925722145803,0.8008775790921595,1.2999559834938101,43886.85887207703,1.1332728385925286
0.15096011004126553,0.197496561210454,0.6422558459422284,0.323169188445667,0.7071499312242092,0.9631746905089408,0.5221925722145803,0.8208775790921595,1.3099559834938101,44021.85887207703,1.1379284381866483
0.11096011004126549,0.16749656121045398,0.6422558459422284,0.313169188445667,0.7171499312242092,0.913174690508941,0.5421925722145803,0.8108775790921595,1.2999559834938101,43720.85887207703,1.1412431716918903
0.07096011004126557,0.17749656121045398,0.6222558459422284,0.27316918844566696,0.6971499312242092,0.9731746905089408,0.5121925722145803,0.8008775790921595,1.2799559834938101,43271.85887207703,1.1419608116149895
0.03096011004126553,0.21749656121045402,0.6522558459422284,0.27316918844566696,0.6671499312242094,1.0031746905089407,0.5021925722145802,0.8208775790921595,1.2999559834938101,42678.85887207703,1.1451329708099358
0.03096011004126553,0.23749656121045404,0.6122558459422284,0.293169188445667,0.6671499312242094,1.0431746905089407,0.5021925722145802,0.8208775790921595,1.2899559834938101,42345.85887207703,1.150157165527343
0.03096011004126553,0.25749656121045406,0.6222558459422284,0.313169188445667,0.6171499312242094,0.9831746905089408,0.5221925722145803,0.8108775790921595,1.2999559834938101,41860.85887207703,1.1538245201110833
0.03096011004126553,0.24749656121045405,0.6722558459422284,0.3331691884456669,0.6171499312242094,0.9831746905089408,0.5321925722145803,0.8308775790921595,1.2899559834938101,41817.85887207703,1.1538245201110833
0.03096011004126553,0.22749656121045403,0.6222558459422284,0.323169188445667,0.6571499312242094,0.9831746905089408,0.5321925722145803,0.8808775790921596,1.24995598349381,41976.85887207703,1.157847356796264
0.03096011004126553,0.24749656121045405,0.5922558459422284,0.313169188445667,0.6371499312242094,0.9831746905089408,0.49219257221458024,0.8908775790921596,1.23995598349381,42045.85887207703,1.1619843959808343
0.03096011004126553,0.26749656121045406,0.5522558459422283,0.313169188445667,0.6571499312242094,0.9731746905089408,0.5021925722145802,0.8508775790921596,1.22995598349381,41444.85887207703,1.165883255004882
0.03096011004126553,0.24749656121045405,0.5422558459422283,0.293169188445667,0.6371499312242094,0.9931746905089408,0.47219257221458044,0.8708775790921596,1.24995598349381,40853.85887207703,1.1665362834930377
-0.009039889958734504,0.25749656121045406,0.5422558459422283,0.293169188445667,0.6671499312242094,0.9831746905089408,0.46219257221458043,0.8708775790921596,1.25995598349381,40310.85887207703,1.169942092895507
-0.03903988995873442,0.2774965612104541,0.5222558459422283,0.27316918844566696,0.6571499312242094,1.0031746905089407,0.47219257221458044,0.8708775790921596,1.23995598349381,40339.85887207703,1.17533893585205
0.000960110041265505,0.24749656121045405,0.5222558459422283,0.25316918844566694,0.6671499312242094,1.0131746905089407,0.4521925722145804,0.8708775790921596,1.2999559834938101,39778.85887207703,1.1779427051544182
-0.03903988995873442,0.26749656121045406,0.5322558459422283,0.28316918844566696,0.6671499312242094,1.0031746905089407,0.4321925722145804,0.8808775790921596,1.2699559834938101,39289.85887207703,1.178991508483886
-0.0190398899587344,0.26749656121045406,0.5422558459422283,0.26316918844566695,0.6971499312242092,0.9831746905089408,0.4421925722145804,0.8908775790921596,1.22995598349381,39466.85887207703,1.1830136299133294
-0.02903988995873441,0.3074965612104541,0.5222558459422283,0.24316918844566693,0.7071499312242092,0.9631746905089408,0.4521925722145804,0.8408775790921595,1.2699559834938101,39337.85887207703,1.1870395660400384
-0.02903988995873441,0.2774965612104541,0.5322558459422283,0.26316918844566695,0.6971499312242092,0.9731746905089408,0.4321925722145804,0.8308775790921595,1.2699559834938101,39154.85887207703,1.1906039237976067
-0.02903988995873441,0.2774965612104541,0.5022558459422283,0.26316918844566695,0.7071499312242092,0.9931746905089408,0.4221925722145804,0.8208775790921595,1.2899559834938101,38855.85887207703,1.191739988327022
-0.04903988995873443,0.2874965612104541,0.5322558459422283,0.26316918844566695,0.7171499312242092,0.9931746905089408,0.46219257221458043,0.7908775790921595,1.2699559834938101,39044.85887207703,1.1953668117523186
-0.02903988995873441,0.2874965612104541,0.5422558459422283,0.24316918844566693,0.6771499312242094,0.9831746905089408,0.46219257221458043,0.7608775790921595,1.2799559834938101,38973.85887207703,1.1992449283599846
-0.04903988995873443,0.3074965612104541,0.5322558459422283,0.23316918844566692,0.7071499312242092,0.9931746905089408,0.4221925722145804,0.7408775790921595,1.2899559834938101,38832.85887207703,1.2032444000244098
-0.03903988995873442,0.2974965612104541,0.5422558459422283,0.26316918844566695,0.6971499312242092,1.0031746905089407,0.4421925722145804,0.7208775790921597,1.2899559834938101,38939.85887207703,1.2065259933471673
-0.0190398899587344,0.3074965612104541,0.5322558459422283,0.26316918844566695,0.6971499312242092,1.0031746905089407,0.4321925722145804,0.7008775790921596,1.2999559834938101,38648.85887207703,1.2072445869445794
0.000960110041265505,0.34749656121045414,0.5122558459422283,0.293169188445667,0.6771499312242094,1.0131746905089407,0.4321925722145804,0.6708775790921596,1.3199559834938102,38393.85887207703,1.2108342170715325
0.000960110041265505,0.3374965612104541,0.5122558459422283,0.293169188445667,0.6871499312242094,1.0131746905089407,0.4121925722145804,0.6908775790921596,1.3099559834938101,38148.85887207703,1.2150828361511223
-0.009039889958734504,0.35749656121045414,0.46225584594222846,0.293169188445667,0.7171499312242092,1.0231746905089407,0.4321925722145804,0.6708775790921596,1.2999559834938101,37701.85887207703,1.2190839767456048
0.000960110041265505,0.37749656121045394,0.45225584594222845,0.303169188445667,0.7271499312242092,1.0031746905089407,0.46219257221458043,0.6608775790921596,1.2899559834938101,37626.85887207703,1.2190839767456048
-0.009039889958734504,0.35749656121045414,0.47225584594222825,0.313169188445667,0.7471499312242093,1.0131746905089407,0.4521925722145804,0.6608775790921596,1.3099559834938101,37605.85887207703,1.2240590572357206
-0.03903988995873442,0.39749656121045396,0.48225584594222826,0.293169188445667,0.7671499312242093,1.0031746905089407,0.4521925722145804,0.6508775790921596,1.3099559834938101,37568.85887207703,1.2281667709350579
0.000960110041265505,0.39749656121045396,0.48225584594222826,0.28316918844566696,0.7971499312242093,0.9631746905089408,0.4421925722145804,0.6408775790921596,1.2699559834938101,37947.85887207703,1.2313224792480462
0.000960110041265505,0.457496561210454,0.44225584594222844,0.293169188445667,0.7971499312242093,1.0331746905089407,0.47219257221458044,0.6408775790921596,1.2999559834938101,37396.85887207703,1.2321595668792718
-0.009039889958734504,0.5074965612104541,0.43225584594222843,0.25316918844566694,0.8071499312242093,1.0131746905089407,0.5121925722145803,0.6108775790921596,1.2999559834938101,37029.85887207703,1.2359234809875481
-0.03903988995873442,0.47749656121045403,0.45225584594222845,0.28316918844566696,0.8271499312242093,1.0531746905089407,0.5121925722145803,0.6008775790921596,1.2999559834938101,36600.85887207703,1.2398526191711419
-0.02903988995873441,0.5174965612104541,0.5022558459422283,0.27316918844566696,0.8171499312242093,1.0631746905089408,0.47219257221458044,0.6508775790921596,1.3099559834938101,36405.85887207703,1.244282674789428
-0.06903988995873445,0.5174965612104541,0.5022558459422283,0.25316918844566694,0.8071499312242093,1.0831746905089408,0.4421925722145804,0.6708775790921596,1.2899559834938101,35708.85887207703,1.244282674789428
-0.05903988995873444,0.6074965612104541,0.5022558459422283,0.293169188445667,0.7771499312242093,1.0831746905089408,0.47219257221458044,0.7008775790921596,1.25995598349381,35161.85887207703,1.2482981204986565
-0.02903988995873441,0.5474965612104541,0.5222558459422283,0.293169188445667,0.8071499312242093,1.1131746905089408,0.4421925722145804,0.6908775790921596,1.2799559834938101,34588.85887207703,1.2523424148559599
-0.03903988995873442,0.5774965612104541,0.5322558459422283,0.293169188445667,0.8171499312242093,1.0931746905089408,0.47219257221458044,0.6808775790921596,1.25995598349381,34399.85887207703,1.2563423633575432
-0.04903988995873443,0.6074965612104541,0.5222558459422283,0.293169188445667,0.7671499312242093,1.1231746905089408,0.46219257221458043,0.7108775790921597,1.24995598349381,34678.85887207703,1.2573179721832268
0.000960110041265505,0.5874965612104541,0.48225584594222826,0.323169188445667,0.7671499312242093,1.0931746905089408,0.49219257221458024,0.7108775790921597,1.2799559834938101,35341.85887207703,1.2613107681274407
0.010960110041265514,0.5974965612104541,0.48225584594222826,0.3531691884456669,0.7571499312242093,1.1131746905089408,0.4521925722145804,0.7308775790921597,1.2899559834938101,35624.85887207703,1.2642585754394524
-0.009039889958734504,0.5574965612104541,0.5422558459422283,0.3631691884456669,0.7771499312242093,1.1031746905089408,0.4321925722145804,0.7408775790921595,1.2899559834938101,35989.85887207703,1.26930923461914
0.04096011004126554,0.5574965612104541,0.5322558459422283,0.38316918844566694,0.7371499312242092,1.1031746905089408,0.4321925722145804,0.7608775790921595,1.2799559834938101,36450.85887207703,1.2725262165069608
0.05096011004126555,0.5674965612104541,0.5722558459422283,0.433169188445667,0.7371499312242092,1.0931746905089408,0.4321925722145804,0.7608775790921595,1.2699559834938101,36899.85887207703,1.273356389999389
0.06096011004126556,0.5774965612104541,0.5622558459422283,0.443169188445667,0.7271499312242092,1.0531746905089407,0.4521925722145804,0.7608775790921595,1.3099559834938101,36908.85887207703,1.276666355133056
0.05096011004126555,0.5474965612104541,0.6022558459422284,0.4631691884456669,0.7171499312242092,1.0731746905089408,0.46219257221458043,0.7408775790921595,1.3099559834938101,36925.85887207703,1.2808904170989983
0.09096011004126558,0.5674965612104541,0.6122558459422284,0.4831691884456669,0.7171499312242092,1.0531746905089407,0.46219257221458043,0.7408775790921595,1.3099559834938101,37074.85887207703,1.2847158432006829
0.06096011004126556,0.5674965612104541,0.6222558459422284,0.4831691884456669,0.6771499312242094,1.0731746905089408,0.48219257221458045,0.7408775790921595,1.2999559834938101,37389.85887207703,1.2847158432006829
0.11096011004126549,0.5674965612104541,0.6222558459422284,0.4831691884456669,0.7071499312242092,1.0331746905089407,0.5321925722145803,0.7508775790921595,1.2999559834938101,37472.85887207703,1.2897152423858635
0.15096011004126553,0.5274965612104541,0.5922558459422284,0.4531691884456669,0.7271499312242092,1.0231746905089407,0.5121925722145803,0.7708775790921595,1.2899559834938101,37971.85887207703,1.294357252120971
0.15096011004126553,0.5474965612104541,0.6022558459422284,0.443169188445667,0.7771499312242093,1.0131746905089407,0.5121925722145803,0.7708775790921595,1.2999559834938101,37770.85887207703,1.2974016189575188
0.1309601100412655,0.5574965612104541,0.6022558459422284,0.433169188445667,0.7771499312242093,1.0231746905089407,0.5221925722145803,0.7808775790921595,1.2999559834938101,38157.85887207703,1.298424196243289
0.1309601100412655,0.5274965612104541,0.6322558459422284,0.39316918844566695,0.7571499312242093,1.0531746905089407,0.5421925722145803,0.8208775790921595,1.2999559834938101,38186.85887207703,1.301428031921386
0.1309601100412655,0.5574965612104541,0.6322558459422284,0.38316918844566694,0.7371499312242092,1.0731746905089408,0.5221925722145803,0.8308775790921595,1.2999559834938101,38127.85887207703,1.3064782142639189
0.08096011004126558,0.5674965612104541,0.6422558459422284,0.39316918844566695,0.7471499312242093,1.0531746905089407,0.5221925722145803,0.8308775790921595,1.3099559834938101,38158.85887207703,1.309069108963012
0.07096011004126557,0.48749656121045404,0.7122558459422285,0.41316918844566697,0.7371499312242092,1.0731746905089408,0.48219257221458045,0.8508775790921596,1.3099559834938101,38043.85887207703,1.3101381778717034
0.1009601100412656,0.437496561210454,0.7322558459422283,0.41316918844566697,0.7071499312242092,1.0831746905089408,0.5021925722145802,0.8508775790921596,1.3099559834938101,37888.85887207703,1.314160776138305
0.08096011004126558,0.437496561210454,0.7522558459422283,0.423169188445667,0.7171499312242092,1.0831746905089408,0.5021925722145802,0.8408775790921595,1.3299559834938102,38319.85887207703,1.317712497711181
0.1009601100412656,0.417496561210454,0.7722558459422283,0.4531691884456669,0.7071499312242092,1.0731746905089408,0.5021925722145802,0.8208775790921595,1.3499559834938102,39044.85887207703,1.3217992305755608
0.11096011004126549,0.38749656121045395,0.7322558459422283,0.4631691884456669,0.7071499312242092,1.0631746905089408,0.49219257221458024,0.8308775790921595,1.3499559834938102,38875.85887207703,1.3227569580078082
0.18096011004126555,0.38749656121045395,0.7222558459422282,0.5031691884456669,0.6471499312242094,1.0731746905089408,0.5121925722145803,0.8208775790921595,1.3299559834938102,39340.85887207703,1.3266276836395257
0.19096011004126556,0.36749656121045415,0.7122558459422285,0.49316918844566693,0.6671499312242094,1.0531746905089407,0.5121925722145803,0.8108775790921595,1.3399559834938102,39635.85887207703,1.3310033798217766
0.19096011004126556,0.38749656121045395,0.7122558459422285,0.4831691884456669,0.6671499312242094,1.0431746905089407,0.5421925722145803,0.8208775790921595,1.2999559834938101,39862.85887207703,1.3344032287597685
0.21096011004126558,0.34749656121045414,0.6922558459422284,0.533169188445667,0.6571499312242094,1.0031746905089407,0.5621925722145803,0.8208775790921595,1.3299559834938102,40011.85887207703,1.3344032287597685
0.21096011004126558,0.3174965612104541,0.6822558459422284,0.49316918844566693,0.6671499312242094,1.0331746905089407,0.5621925722145803,0.8008775790921595,1.2999559834938101,40372.85887207703,1.3387977600097685
0.2309601100412656,0.2874965612104541,0.7022558459422285,0.4531691884456669,0.6971499312242092,1.0331746905089407,0.5821925722145803,0.8208775790921595,1.2799559834938101,40159.85887207703,1.3428184509277301
0.21096011004126558,0.2774965612104541,0.7122558459422285,0.4631691884456669,0.6571499312242094,1.0431746905089407,0.5621925722145803,0.8208775790921595,1.3099559834938101,39990.85887207703,1.347133111953731
0.2509601100412656,0.2974965612104541,0.6922558459422284,0.443169188445667,0.6671499312242094,1.0731746905089408,0.5421925722145803,0.8208775790921595,1.3099559834938101,40135.85887207703,1.3504492759704583
0.21096011004126558,0.3074965612104541,0.7222558459422282,0.38316918844566694,0.6771499312242094,1.0631746905089408,0.5321925722145803,0.8108775790921595,1.3199559834938102,39848.85887207703,1.3514222621917682
0.1309601100412655,0.3074965612104541,0.7022558459422285,0.3531691884456669,0.6371499312242094,1.1031746905089408,0.5121925722145803,0.8408775790921595,1.3199559834938102,39797.85887207703,1.354444932937625
0.09096011004126558,0.2974965612104541,0.7522558459422283,0.3431691884456669,0.6771499312242094,1.1131746905089408,0.5221925722145803,0.8208775790921595,1.3399559834938102,39392.85887207703,1.358387660980224
0.020960110041265523,0.26749656121045406,0.8022558459422283,0.323169188445667,0.6771499312242094,1.1031746905089408,0.5121925722145803,0.8708775790921596,1.3099559834938101,39157.85887207703,1.3626994609832792
0.06096011004126556,0.24749656121045405,0.8222558459422283,0.313169188445667,0.6871499312242094,1.0831746905089408,0.5221925722145803,0.8308775790921595,1.3299559834938102,39044.85887207703,1.3634552478790276
0.05096011004126555,0.24749656121045405,0.8022558459422283,0.3431691884456669,0.6871499312242094,1.0831746905089408,0.5321925722145803,0.8208775790921595,1.3399559834938102,39157.85887207703,1.3674695014953606
0.08096011004126558,0.21749656121045402,0.7622558459422283,0.39316918844566695,0.6471499312242094,1.0231746905089407,0.5221925722145803,0.8008775790921595,1.3399559834938102,39510.85887207703,1.3714692115783684
0.1209601100412655,0.21749656121045402,0.7722558459422283,0.433169188445667,0.6371499312242094,1.0231746905089407,0.5221925722145803,0.8208775790921595,1.3299559834938102,39165.85887207703,1.3748220920562737
0.16096011004126554,0.197496561210454,0.7322558459422283,0.39316918844566695,0.6771499312242094,1.0131746905089407,0.5321925722145803,0.8108775790921595,1.3299559834938102,39662.85887207703,1.3754491329193108
0.16096011004126554,0.21749656121045402,0.6922558459422284,0.40316918844566696,0.6471499312242094,1.0031746905089407,0.5321925722145803,0.8008775790921595,1.3299559834938102,39701.85887207703,1.3794486045837395
0.1209601100412655,0.23749656121045404,0.6822558459422284,0.41316918844566697,0.6571499312242094,1.0031746905089407,0.5521925722145803,0.8108775790921595,1.3299559834938102,39682.85887207703,1.3829576492309599
0.1009601100412656,0.21749656121045402,0.6622558459422284,0.40316918844566696,0.6671499312242094,0.9531746905089408,0.5421925722145803,0.8508775790921596,1.3199559834938102,39855.85887207703,1.3869251728057819
0.1309601100412655,0.207496561210454,0.6522558459422284,0.4531691884456669,0.6571499312242094,0.943174690508941,0.5421925722145803,0.8008775790921595,1.3199559834938102,39832.85887207703,1.3879682540893548
0.1309601100412655,0.187496561210454,0.6922558459422284,0.3631691884456669,0.6871499312242094,0.913174690508941,0.5321925722145803,0.8308775790921595,1.3199559834938102,40005.85887207703,1.391987991333007
0.1209601100412655,0.17749656121045398,0.6922558459422284,0.3431691884456669,0.6971499312242092,0.943174690508941,0.5021925722145802,0.8308775790921595,1.2999559834938101,39726.85887207703,1.3955163478851276
0.09096011004126558,0.17749656121045398,0.7022558459422285,0.3531691884456669,0.6671499312242094,0.9631746905089408,0.47219257221458044,0.8608775790921596,1.3199559834938102,39059.85887207703,1.399513673782348
0.06096011004126556,0.187496561210454,0.6722558459422284,0.313169188445667,0.6771499312242094,0.913174690508941,0.4221925722145804,0.8608775790921596,1.3199559834938102,38582.85887207703,1.399513673782348
0.08096011004126558,0.16749656121045398,0.6622558459422284,0.28316918844566696,0.6671499312242094,0.9531746905089408,0.4521925722145804,0.8808775790921596,1.3499559834938102,38481.85887207703,1.4035148143768303
0.020960110041265523,0.17749656121045398,0.6622558459422284,0.27316918844566696,0.6771499312242094,0.9731746905089408,0.4321925722145804,0.8808775790921596,1.3199559834938102,38558.85887207703,1.4075445652008085
0.000960110041265505,0.207496561210454,0.6222558459422284,0.24316918844566693,0.6771499312242094,0.9931746905089408,0.4421925722145804,0.8608775790921596,1.3199559834938102,38681.85887207703,1.41154236793518
0.010960110041265514,0.197496561210454,0.6022558459422284,0.23316918844566692,0.6571499312242094,1.0331746905089407,0.46219257221458043,0.8208775790921595,1.3499559834938102,37992.85887207703,1.415920686721801
0.000960110041265505,0.17749656121045398,0.6222558459422284,0.23316918844566692,0.6271499312242094,1.0031746905089407,0.5021925722145802,0.8208775790921595,1.3399559834938102,37681.85887207703,1.4164900302886956
0.000960110041265505,0.11749656121045415,0.6622558459422284,0.24316918844566693,0.6271499312242094,1.0331746905089407,0.47219257221458044,0.8408775790921595,1.2999559834938101,37236.85887207703,1.4197051048278801
0.000960110041265505,0.14749656121045396,0.6222558459422284,0.24316918844566693,0.6171499312242094,1.0531746905089407,0.5021925722145802,0.8708775790921596,1.2999559834938101,36989.85887207703,1.4247548103332477
0.000960110041265505,0.14749656121045396,0.5922558459422284,0.26316918844566695,0.6171499312242094,1.0131746905089407,0.48219257221458045,0.8708775790921596,1.2699559834938101,36968.85887207703,1.4273840904235833
0.000960110041265505,0.15749656121045397,0.5822558459422283,0.26316918844566695,0.5971499312242093,1.0431746905089407,0.46219257221458043,0.8808775790921596,1.2899559834938101,36787.85887207703,1.4284755706787102
0.03096011004126553,0.197496561210454,0.5222558459422283,0.23316918844566692,0.6371499312242094,1.0131746905089407,0.4421925722145804,0.9008775790921596,1.2999559834938101,36786.85887207703,1.4329828739166217
0.05096011004126555,0.187496561210454,0.48225584594222826,0.2231691884456669,0.6371499312242094,1.0231746905089407,0.4421925722145804,0.9108775790921596,1.23995598349381,36619.85887207703,1.4373459339141839
0.03096011004126553,0.187496561210454,0.5622558459422283,0.2231691884456669,0.6471499312242094,1.0131746905089407,0.4421925722145804,0.8808775790921596,1.2699559834938101,36270.85887207703,1.4405056953430169
0.000960110041265505,0.197496561210454,0.5422558459422283,0.2231691884456669,0.6571499312242094,1.0131746905089407,0.4321925722145804,0.9108775790921596,1.2799559834938101,35641.85887207703,1.441311311721801
0.000960110041265505,0.21749656121045402,0.5122558459422283,0.23316918844566692,0.6471499312242094,1.0331746905089407,0.37219257221458035,0.9408775790921596,1.25995598349381,35630.85887207703,1.4443695068359368
-0.0190398899587344,0.207496561210454,0.5022558459422283,0.2031691884456669,0.6671499312242094,1.0131746905089407,0.4021925722145804,0.9008775790921596,1.25995598349381,35381.85887207703,1.4488899230957024
-0.04903988995873443,0.24749656121045405,0.45225584594222845,0.2131691884456669,0.6771499312242094,1.0031746905089407,0.39219257221458037,0.8908775790921596,1.23995598349381,34946.85887207703,1.4524120807647698
-0.02903988995873441,0.2774965612104541,0.47225584594222825,0.2231691884456669,0.6471499312242094,1.0231746905089407,0.4121925722145804,0.8608775790921596,1.25995598349381,34279.85887207703,1.4534446716308587
-0.03903988995873442,0.25749656121045406,0.44225584594222844,0.24316918844566693,0.6271499312242094,1.0531746905089407,0.4121925722145804,0.8208775790921595,1.2999559834938101,34492.85887207703,1.4574458122253446
-0.0190398899587344,0.24749656121045405,0.46225584594222846,0.2031691884456669,0.6471499312242094,1.0631746905089408,0.39219257221458037,0.8108775790921595,1.3199559834938102,34635.85887207703,1.4611091136932401
-0.05903988995873444,0.26749656121045406,0.45225584594222845,0.2131691884456669,0.6371499312242094,1.0631746905089408,0.38219257221458036,0.8008775790921595,1.3399559834938102,34256.85887207703,1.465470504760745
-0.07903988995873445,0.26749656121045406,0.5222558459422283,0.23316918844566692,0.6571499312242094,1.0431746905089407,0.37219257221458035,0.7808775790921595,1.3199559834938102,34133.85887207703,1.465470504760745
-0.06903988995873445,0.25749656121045406,0.5322558459422283,0.2231691884456669,0.6771499312242094,1.0031746905089407,0.39219257221458037,0.7708775790921595,1.3399559834938102,34276.85887207703,1.4694540023803704
-0.05903988995873444,0.24749656121045405,0.5022558459422283,0.23316918844566692,0.6871499312242094,1.0031746905089407,0.39219257221458037,0.7608775790921595,1.3699559834938102,34275.85887207703,1.4735688686370843
0.000960110041265505,0.23749656121045404,0.5122558459422283,0.25316918844566694,0.6971499312242092,0.9731746905089408,0.39219257221458037,0.7308775790921597,1.3299559834938102,34352.85887207703,1.4775702476501422
0.010960110041265514,0.23749656121045404,0.47225584594222825,0.25316918844566694,0.7271499312242092,0.9631746905089408,0.4121925722145804,0.7308775790921597,1.2999559834938101,34557.85887207703,1.478584957122802
0.020960110041265523,0.24749656121045405,0.4222558459422284,0.25316918844566694,0.7271499312242092,0.9831746905089408,0.4121925722145804,0.7108775790921597,1.3299559834938102,34014.85887207703,1.481755447387691
0.010960110041265514,0.2774965612104541,0.4122558459422284,0.27316918844566696,0.7071499312242092,1.0131746905089407,0.4221925722145804,0.7008775790921596,1.2899559834938101,33883.85887207703,1.48572392463684
0.000960110041265505,0.3074965612104541,0.4122558459422284,0.25316918844566694,0.7171499312242092,0.9931746905089408,0.4321925722145804,0.6808775790921596,1.2999559834938101,33702.85887207703,1.4897408008575432
0.000960110041265505,0.34749656121045414,0.4222558459422284,0.23316918844566692,0.7371499312242092,0.9931746905089408,0.4121925722145804,0.6808775790921596,1.3199559834938102,33843.85887207703,1.493740272521972
-0.009039889958734504,0.3274965612104541,0.47225584594222825,0.26316918844566695,0.7271499312242092,0.9931746905089408,0.4321925722145804,0.6608775790921596,1.2999559834938101,33464.85887207703,1.494724225997924
0.000960110041265505,0.2874965612104541,0.47225584594222825,0.24316918844566693,0.7471499312242093,1.0131746905089407,0.4121925722145804,0.6508775790921596,1.2999559834938101,33377.85887207703,1.49758071899414
0.000960110041265505,0.3374965612104541,0.45225584594222845,0.26316918844566695,0.7171499312242092,0.9831746905089408,0.4321925722145804,0.6608775790921596,1.2899559834938101,33312.85887207703,1.50256700515747
-0.0190398899587344,0.34749656121045414,0.4222558459422284,0.26316918844566695,0.7571499312242093,1.0131746905089407,0.4221925722145804,0.6608775790921596,1.2899559834938101,33547.85887207703,1.5065538406372063
-0.02903988995873441,0.35749656121045414,0.4222558459422284,0.27316918844566696,0.7771499312242093,0.9931746905089408,0.4221925722145804,0.6608775790921596,1.2899559834938101,33334.85887207703,1.5065538406372063
-0.07903988995873445,0.39749656121045396,0.4022558459422284,0.23316918844566692,0.7671499312242093,1.0331746905089407,0.4521925722145804,0.6608775790921596,1.2799559834938101,32911.85887207703,1.5105771541595416
-0.03903988995873442,0.39749656121045396,0.43225584594222843,0.23316918844566692,0.7971499312242093,1.0431746905089407,0.4421925722145804,0.6608775790921596,1.2899559834938101,32754.858872077028,1.5142962455749505
-0.03903988995873442,0.35749656121045414,0.5022558459422283,0.2131691884456669,0.7371499312242092,1.0831746905089408,0.4221925722145804,0.7008775790921596,1.2799559834938101,32731.858872077028,1.5183405399322503
-0.05903988995873444,0.35749656121045414,0.47225584594222825,0.2131691884456669,0.7671499312242093,1.1331746905089408,0.4521925722145804,0.6908775790921596,1.25995598349381,32698.858872077028,1.5193333148956292
-0.0190398899587344,0.417496561210454,0.45225584594222845,0.2231691884456669,0.7571499312242093,1.1231746905089408,0.4521925722145804,0.7008775790921596,1.25995598349381,31953.858872077028,1.5233325481414788
-0.03903988995873442,0.417496561210454,0.49225584594222827,0.25316918844566694,0.7671499312242093,1.1431746905089408,0.49219257221458024,0.7008775790921596,1.25995598349381,31254.858872077028,1.5273327350616483
0.000960110041265505,0.457496561210454,0.5022558459422283,0.293169188445667,0.7671499312242093,1.1231746905089408,0.47219257221458044,0.7008775790921596,1.2699559834938101,30915.858872077028,1.530688953399654
0.000960110041265505,0.447496561210454,0.49225584594222827,0.3531691884456669,0.7571499312242093,1.1031746905089408,0.48219257221458045,0.7408775790921595,1.25995598349381,30894.858872077028,1.5314969539642362
0.000960110041265505,0.47749656121045403,0.49225584594222827,0.3531691884456669,0.7571499312242093,1.0931746905089408,0.48219257221458045,0.7408775790921595,1.25995598349381,31605.858872077028,1.5348119258880608
0.03096011004126553,0.467496561210454,0.5322558459422283,0.38316918844566694,0.7471499312242093,1.0831746905089408,0.4521925722145804,0.7408775790921595,1.25995598349381,32140.858872077028,1.5392574787139885
0.04096011004126554,0.47749656121045403,0.5522558459422283,0.423169188445667,0.7171499312242092,1.1031746905089408,0.46219257221458043,0.7408775790921595,1.2699559834938101,31561.858872077028,1.5427948951721184
0.07096011004126557,0.457496561210454,0.5322558459422283,0.443169188445667,0.6871499312242094,1.0631746905089408,0.47219257221458044,0.7408775790921595,1.2699559834938101,31910.858872077028,1.543861818313598
0.1009601100412656,0.447496561210454,0.5422558459422283,0.49316918844566693,0.6871499312242094,1.0631746905089408,0.4521925722145804,0.7608775790921595,1.2799559834938101,31967.858872077028,1.547399473190307
0.09096011004126558,0.427496561210454,0.5922558459422284,0.5031691884456669,0.6871499312242094,1.0531746905089407,0.4521925722145804,0.7508775790921595,1.2899559834938101,32358.858872077028,1.5513631820678704
0.09096011004126558,0.457496561210454,0.6322558459422284,0.513169188445667,0.6671499312242094,1.0431746905089407,0.46219257221458043,0.7608775790921595,1.3099559834938101,32695.858872077028,1.5557677268981962
0.09096011004126558,0.467496561210454,0.6522558459422284,0.513169188445667,0.6471499312242094,1.0831746905089408,0.46219257221458043,0.7708775790921595,1.2699559834938101,32790.85887207703,1.5557677268981962
0.11096011004126549,0.437496561210454,0.6222558459422284,0.5031691884456669,0.6471499312242094,1.0531746905089407,0.49219257221458024,0.7508775790921595,1.2999559834938101,32705.858872077028,1.5601150512695305
0.15096011004126553,0.447496561210454,0.5922558459422284,0.4631691884456669,0.6471499312242094,1.0431746905089407,0.5021925722145802,0.7908775790921595,1.2899559834938101,32798.85887207703,1.5633239269256585
0.17096011004126555,0.447496561210454,0.5722558459422283,0.433169188445667,0.7071499312242092,1.0431746905089407,0.48219257221458045,0.8008775790921595,1.24995598349381,33213.85887207703,1.5680889606475823
0.1309601100412655,0.437496561210454,0.5922558459422284,0.38316918844566694,0.7271499312242092,1.0731746905089408,0.5121925722145803,0.8208775790921595,1.25995598349381,32996.85887207703,1.5713858127593987
0.1309601100412655,0.437496561210454,0.5922558459422284,0.38316918844566694,0.7371499312242092,1.0731746905089408,0.5021925722145802,0.8408775790921595,1.2899559834938101,32649.858872077028,1.5720896244049065
0.11096011004126549,0.457496561210454,0.6122558459422284,0.40316918844566696,0.7171499312242092,1.0731746905089408,0.48219257221458045,0.8308775790921595,1.2999559834938101,32756.858872077028,1.576088619232177
0.08096011004126558,0.467496561210454,0.6022558459422284,0.39316918844566695,0.7271499312242092,1.0831746905089408,0.49219257221458024,0.8408775790921595,1.2799559834938101,33131.85887207703,1.5802864551544182
0.08096011004126558,0.427496561210454,0.6322558459422284,0.38316918844566694,0.7171499312242092,1.0431746905089407,0.47219257221458044,0.8508775790921596,1.3099559834938101,32868.85887207703,1.5835809230804436
0.1009601100412656,0.437496561210454,0.6622558459422284,0.423169188445667,0.6871499312242094,1.0731746905089408,0.48219257221458045,0.8308775790921595,1.3099559834938101,33327.85887207703,1.5842868804931634
0.1309601100412655,0.427496561210454,0.6122558459422284,0.423169188445667,0.6671499312242094,1.0731746905089408,0.5021925722145802,0.8308775790921595,1.3099559834938101,34000.85887207703,1.5883688449859577
0.16096011004126554,0.36749656121045415,0.6522558459422284,0.433169188445667,0.6871499312242094,1.0731746905089408,0.49219257221458024,0.8408775790921595,1.3199559834938102,34349.85887207703,1.5923594951629632
0.18096011004126555,0.35749656121045414,0.6522558459422284,0.443169188445667,0.6471499312242094,1.0931746905089408,0.48219257221458045,0.8408775790921595,1.3099559834938101,34784.85887207703,1.5961472511291497
0.20096011004126557,0.37749656121045394,0.6322558459422284,0.4631691884456669,0.6471499312242094,1.0731746905089408,0.49219257221458024,0.8408775790921595,1.2999559834938101,34645.85887207703,1.5971607685089104
0.18096011004126555,0.35749656121045414,0.6622558459422284,0.49316918844566693,0.6071499312242093,1.0631746905089408,0.49219257221458024,0.8408775790921595,1.3099559834938101,34652.85887207703,1.6005506038665764
0.18096011004126555,0.3374965612104541,0.6522558459422284,0.513169188445667,0.5771499312242093,1.0631746905089408,0.5121925722145803,0.8208775790921595,1.2999559834938101,34939.85887207703,1.6046475887298577
0.18096011004126555,0.3374965612104541,0.6922558459422284,0.49316918844566693,0.6171499312242094,1.0231746905089407,0.5221925722145803,0.8308775790921595,1.2999559834938101,35302.85887207703,1.6085025787353509
0.21096011004126558,0.3074965612104541,0.6522558459422284,0.4631691884456669,0.6571499312242094,1.0331746905089407,0.5321925722145803,0.8308775790921595,1.3199559834938102,35099.85887207703,1.6095740318298368
0.2309601100412656,0.3074965612104541,0.6622558459422284,0.433169188445667,0.6271499312242094,1.0631746905089408,0.5221925722145803,0.8308775790921595,1.3099559834938101,35138.85887207703,1.6121479988098102
0.19096011004126556,0.2974965612104541,0.6522558459422284,0.40316918844566696,0.6271499312242094,1.0831746905089408,0.5221925722145803,0.8208775790921595,1.2999559834938101,35531.85887207703,1.6171996116638176
0.19096011004126556,0.25749656121045406,0.6622558459422284,0.3531691884456669,0.6471499312242094,1.0931746905089408,0.5021925722145802,0.8308775790921595,1.3099559834938101,35246.85887207703,1.6211997985839837
0.07096011004126557,0.3174965612104541,0.6822558459422284,0.3431691884456669,0.6471499312242094,1.0931746905089408,0.49219257221458024,0.8308775790921595,1.3199559834938102,34701.85887207703,1.6211997985839837
-0.0190398899587344,0.3274965612104541,0.7522558459422283,0.3531691884456669,0.6471499312242094,1.0931746905089408,0.5021925722145802,0.8408775790921595,1.3499559834938102,34868.85887207703,1.6251997470855706
0.03096011004126553,0.2974965612104541,0.7522558459422283,0.3331691884456669,0.6471499312242094,1.1031746905089408,0.49219257221458024,0.8508775790921596,1.3499559834938102,34811.85887207703,1.6296894073486357
0.03096011004126553,0.25749656121045406,0.7722558459422283,0.3331691884456669,0.6571499312242094,1.1131746905089408,0.48219257221458045,0.8408775790921595,1.3599559834938102,34388.85887207703,1.6333508014678948
0.04096011004126554,0.23749656121045404,0.7922558459422283,0.3331691884456669,0.6271499312242094,1.0831746905089408,0.49219257221458024,0.8308775790921595,1.3299559834938102,34217.85887207703,1.6344010353088407
0.06096011004126556,0.187496561210454,0.7922558459422283,0.37316918844566693,0.5871499312242093,1.0731746905089408,0.48219257221458045,0.8208775790921595,1.3499559834938102,34334.85887207703,1.6378201961517327
0.07096011004126557,0.197496561210454,0.7722558459422283,0.3631691884456669,0.6171499312242094,1.0831746905089408,0.5021925722145802,0.8208775790921595,1.3599559834938102,34325.85887207703,1.6411833286285393
0.08096011004126558,0.17749656121045398,0.7422558459422283,0.3431691884456669,0.6271499312242094,1.0431746905089407,0.5421925722145803,0.8408775790921595,1.3099559834938101,34570.85887207703,1.6451768398284905
0.1009601100412656,0.187496561210454,0.7022558459422285,0.3431691884456669,0.6071499312242093,1.0431746905089407,0.5421925722145803,0.8208775790921595,1.2899559834938101,34769.85887207703,1.6451768398284905
0.1009601100412656,0.187496561210454,0.6822558459422284,0.3631691884456669,0.6171499312242094,1.0431746905089407,0.5321925722145803,0.8408775790921595,1.2699559834938101,34948.85887207703,1.6495587348937981
0.14096011004126552,0.14749656121045396,0.6422558459422284,0.38316918844566694,0.6271499312242094,1.0131746905089407,0.5521925722145803,0.8408775790921595,1.2999559834938101,34999.85887207703,1.6535946846008294
0.1209601100412655,0.15749656121045397,0.6422558459422284,0.3531691884456669,0.6171499312242094,1.0131746905089407,0.5521925722145803,0.8408775790921595,1.2799559834938101,35268.85887207703,1.6585592746734648
0.15096011004126553,0.09749656121045414,0.6922558459422284,0.38316918844566694,0.5971499312242093,0.9831746905089408,0.5221925722145803,0.8408775790921595,1.2799559834938101,34979.85887207703,1.6609923362731962
0.1209601100412655,0.08749656121045413,0.6922558459422284,0.3531691884456669,0.6171499312242094,0.9831746905089408,0.49219257221458024,0.8708775790921596,1.2999559834938101,35014.85887207703,1.6618129730224602
0.11096011004126549,0.06749656121045411,0.6922558459422284,0.3531691884456669,0.5971499312242093,1.0131746905089407,0.48219257221458045,0.8508775790921596,1.2999559834938101,34581.85887207703,1.6650762081146233
0.11096011004126549,0.08749656121045413,0.6622558459422284,0.293169188445667,0.5771499312242093,1.0131746905089407,0.46219257221458043,0.8808775790921596,1.3099559834938101,34416.85887207703,1.6701330661773675
0.06096011004126556,0.08749656121045413,0.5922558459422284,0.293169188445667,0.6371499312242094,1.0131746905089407,0.4221925722145804,0.8808775790921596,1.3099559834938101,34161.85887207703,1.6741809368133538
0.04096011004126554,0.08749656121045413,0.6222558459422284,0.2231691884456669,0.6371499312242094,1.0431746905089407,0.4421925722145804,0.8708775790921596,1.3299559834938102,34388.85887207703,1.6752213954925566
0.03096011004126553,0.07749656121045412,0.5622558459422283,0.193169188445667,0.6071499312242093,1.0431746905089407,0.46219257221458043,0.8608775790921596,1.3099559834938101,33717.85887207703,1.6782810211181634
-0.02903988995873441,0.09749656121045414,0.5722558459422283,0.2031691884456669,0.5771499312242093,1.0431746905089407,0.47219257221458044,0.8408775790921595,1.3299559834938102,33452.85887207703,1.6826481342315667
-0.02903988995873441,0.08749656121045413,0.5622558459422283,0.193169188445667,0.5671499312242093,1.0631746905089408,0.47219257221458044,0.8508775790921596,1.3199559834938102,33043.85887207703,1.6860525131225579
-0.02903988995873441,0.10749656121045414,0.5922558459422284,0.2031691884456669,0.5271499312242093,1.0831746905089408,0.4521925722145804,0.8508775790921596,1.3299559834938102,32836.85887207703,1.6870994091033964
0.010960110041265514,0.06749656121045411,0.5422558459422283,0.2231691884456669,0.5071499312242093,1.0731746905089408,0.47219257221458044,0.8808775790921596,1.2999559834938101,32639.858872077028,1.6913692474365227
0.04096011004126554,0.04749656121045409,0.5422558459422283,0.2131691884456669,0.5271499312242093,1.0731746905089408,0.4521925722145804,0.8908775790921596,1.2899559834938101,32454.858872077028,1.6950184822082477
0.000960110041265505,0.07749656121045412,0.47225584594222825,0.23316918844566692,0.5171499312242093,1.0631746905089408,0.4421925722145804,0.9108775790921596,1.3099559834938101,32671.858872077028,1.6990186691284137
0.05096011004126555,0.09749656121045414,0.5222558459422283,0.2231691884456669,0.5471499312242093,1.0431746905089407,0.4421925722145804,0.9008775790921596,1.2899559834938101,32434.858872077028,1.6990186691284137
0.000960110041265505,0.09749656121045414,0.45225584594222845,0.2031691884456669,0.5971499312242093,1.0431746905089407,0.4321925722145804,0.9308775790921596,1.25995598349381,32237.858872077028,1.7030186176300042
-0.0190398899587344,0.08749656121045413,0.45225584594222845,0.193169188445667,0.5671499312242093,1.0631746905089408,0.4021925722145804,0.9408775790921596,1.2799559834938101,32362.858872077028,1.7070092678070061
-0.02903988995873441,0.09749656121045414,0.4122558459422284,0.2031691884456669,0.5871499312242093,1.0531746905089407,0.4021925722145804,0.8908775790921596,1.2699559834938101,31843.858872077028,1.712006759643554
-0.05903988995873444,0.12749656121045394,0.43225584594222843,0.193169188445667,0.5471499312242093,1.0431746905089407,0.4121925722145804,0.9208775790921596,1.25995598349381,30868.858872077028,1.712006759643554
-0.04903988995873443,0.13749656121045395,0.43225584594222843,0.193169188445667,0.5871499312242093,1.0531746905089407,0.4021925722145804,0.8808775790921596,1.2799559834938101,30833.858872077028,1.7149958133697503
-0.05903988995873444,0.11749656121045415,0.3722558459422284,0.193169188445667,0.5971499312242093,1.0531746905089407,0.4121925722145804,0.8408775790921595,1.2899559834938101,30376.858872077028,1.719330978393554
-0.04903988995873443,0.10749656121045414,0.34225584594222835,0.18316918844566699,0.5971499312242093,1.0731746905089408,0.39219257221458037,0.8308775790921595,1.2899559834938101,29839.858872077028,1.722763967514041
-0.04903988995873443,0.07749656121045412,0.36225584594222837,0.17316918844566698,0.6171499312242094,1.0731746905089408,0.4021925722145804,0.8408775790921595,1.2999559834938101,29966.858872077028,1.7238001346588128
-0.06903988995873445,0.0574965612104541,0.36225584594222837,0.16316918844566697,0.6371499312242094,1.0531746905089407,0.37219257221458035,0.8208775790921595,1.3299559834938102,30223.858872077028,1.7284519195556634
-0.07903988995873445,0.06749656121045411,0.35225584594222836,0.193169188445667,0.6271499312242094,1.0331746905089407,0.37219257221458035,0.8108775790921595,1.3299559834938102,29966.858872077028,1.7324521064758294
-0.10903988995873448,0.09749656121045414,0.4122558459422284,0.2131691884456669,0.5971499312242093,1.0631746905089408,0.39219257221458037,0.7708775790921595,1.3399559834938102,29831.858872077028,1.7357522964477567
-0.07903988995873445,0.03749656121045408,0.44225584594222844,0.18316918844566699,0.5971499312242093,1.0631746905089408,0.4021925722145804,0.7608775790921595,1.3299559834938102,29696.858872077028,1.7387666225433307
-0.05903988995873444,0.03749656121045408,0.45225584594222845,0.18316918844566699,0.6171499312242094,1.0331746905089407,0.38219257221458036,0.7508775790921595,1.3299559834938102,29683.858872077028,1.739754152297973
-0.07903988995873445,0.06749656121045411,0.3922558459422284,0.2231691884456669,0.6171499312242094,0.9931746905089408,0.39219257221458037,0.7208775790921597,1.3299559834938102,29804.858872077028,1.7432910919189446
-0.05903988995873444,0.03749656121045408,0.44225584594222844,0.23316918844566692,0.6471499312242094,1.0031746905089407,0.4021925722145804,0.7408775790921595,1.3199559834938102,29585.858872077028,1.7483024120330803
-0.05903988995873444,0.06749656121045411,0.4122558459422284,0.24316918844566693,0.6371499312242094,1.0031746905089407,0.39219257221458037,0.7208775790921597,1.3099559834938101,29416.858872077028,1.7522258281707757
-0.05903988995873444,0.03749656121045408,0.3922558459422284,0.2231691884456669,0.6871499312242094,1.0031746905089407,0.38219257221458036,0.7408775790921595,1.3099559834938101,29547.858872077028,1.7522258281707757
-0.06903988995873445,0.027496561210454074,0.34225584594222835,0.2231691884456669,0.6771499312242094,1.0131746905089407,0.4021925722145804,0.7008775790921596,1.3199559834938102,29442.858872077028,1.7562717914581292
-0.07903988995873445,0.027496561210454074,0.35225584594222836,0.2131691884456669,0.6971499312242092,1.0231746905089407,0.38219257221458036,0.7008775790921596,1.3299559834938102,29149.858872077028,1.7602719783782952
-0.06903988995873445,0.03749656121045408,0.33225584594222835,0.2131691884456669,0.7271499312242092,1.0131746905089407,0.37219257221458035,0.6708775790921596,1.3599559834938102,28834.858872077028,1.7640130043029778
-0.06903988995873445,0.007496561210454056,0.33225584594222835,0.2231691884456669,0.7071499312242092,1.0331746905089407,0.4121925722145804,0.6408775790921596,1.3499559834938102,29391.858872077028,1.7655515193939202
-0.10903988995873448,-0.02250343878954597,0.3122558459422283,0.2031691884456669,0.7371499312242092,0.9931746905089408,0.4021925722145804,0.6108775790921596,1.3699559834938102,29268.858872077028,1.7681643486022907
-0.09903988995873447,0.007496561210454056,0.3122558459422283,0.2131691884456669,0.7371499312242092,0.9931746905089408,0.4121925722145804,0.6108775790921596,1.3399559834938102,29531.858872077028,1.7731868743896477
-0.1290398899587345,-0.002503438789545953,0.2922558459422283,0.2131691884456669,0.7571499312242093,1.0131746905089407,0.4221925722145804,0.6308775790921596,1.3199559834938102,29532.858872077028,1.7770051479339593
-0.1390398899587345,-0.012503438789545962,0.2522558459422284,0.2231691884456669,0.7771499312242093,1.0431746905089407,0.4121925722145804,0.6608775790921596,1.3099559834938101,28759.858872077028,1.7770051479339593
-0.1390398899587345,-0.04250343878954599,0.20225584594222834,0.2031691884456669,0.7971499312242093,1.0731746905089408,0.4121925722145804,0.6508775790921596,1.2999559834938101,28496.858872077028,1.7814449787139885
-0.1290398899587345,-0.04250343878954599,0.2522558459422284,0.2231691884456669,0.7571499312242093,1.0831746905089408,0.4021925722145804,0.7008775790921596,1.2899559834938101,28407.858872077028,1.784888458251956
-0.11903988995873449,-0.09250343878954592,0.2622558459422284,0.24316918844566693,0.7571499312242093,1.1431746905089408,0.4021925722145804,0.7108775790921597,1.2999559834938101,28382.858872077028,1.7889174938201897
-0.07903988995873445,-0.11250343878954594,0.2522558459422284,0.26316918844566695,0.7471499312242093,1.1231746905089408,0.39219257221458037,0.7208775790921597,1.2799559834938101,28199.858872077028,1.789900493621822
-0.06903988995873445,-0.10250343878954593,0.21225584594222835,0.303169188445667,0.7271499312242092,1.1231746905089408,0.4421925722145804,0.7108775790921597,1.2699559834938101,28148.858872077028,1.7931968688964837
-0.07903988995873445,-0.08250343878954591,0.19225584594222833,0.323169188445667,0.7171499312242092,1.1431746905089408,0.4521925722145804,0.7108775790921597,1.2799559834938101,27215.858872077028,1.7972135066986077
-0.05903988995873444,-0.08250343878954591,0.17225584594222831,0.323169188445667,0.7071499312242092,1.1431746905089408,0.4321925722145804,0.7108775790921597,1.3199559834938102,25902.858872077028,1.8008124351501422
-0.06903988995873445,-0.08250343878954591,0.17225584594222831,0.3331691884456669,0.7271499312242092,1.1231746905089408,0.46219257221458043,0.7108775790921597,1.2999559834938101,26277.858872077028,1.8018564701080315
-0.1290398899587345,-0.10250343878954593,0.1322558459422284,0.38316918844566694,0.7071499312242092,1.1231746905089408,0.4121925722145804,0.7408775790921595,1.3099559834938101,26706.858872077028,1.805531215667724
-0.07903988995873445,-0.10250343878954593,0.1322558459422284,0.39316918844566695,0.6871499312242094,1.1031746905089408,0.46219257221458043,0.7508775790921595,1.2999559834938101,26609.858872077028,1.8088259220123284
-0.08903988995873446,-0.14250343878954597,0.12225584594222838,0.4631691884456669,0.6671499312242094,1.0931746905089408,0.4221925722145804,0.7308775790921597,1.3899559834938102,26724.858872077028,1.8138143539428704
-0.07903988995873445,-0.172503438789546,0.10225584594222836,0.4731691884456669,0.6871499312242094,1.0831746905089408,0.4521925722145804,0.7308775790921597,1.3299559834938102,26907.858872077028,1.8161782741546624
-0.10903988995873448,-0.15250343878954598,0.11225584594222837,0.4831691884456669,0.6771499312242094,1.0831746905089408,0.4321925722145804,0.7308775790921597,1.3799559834938102,26866.858872077028,1.8171982288360589
-0.17903988995873443,-0.15250343878954598,0.1422558459422284,0.4831691884456669,0.6871499312242094,1.0731746905089408,0.47219257221458044,0.6708775790921596,1.3899559834938102,27011.858872077028,1.821253490448001
-0.19903988995873445,-0.182503438789546,0.11225584594222837,0.4531691884456669,0.6671499312242094,1.0731746905089408,0.4321925722145804,0.7508775790921595,1.3999559834938102,27178.858872077028,1.8254985332489007
-0.21903988995873447,-0.15250343878954598,0.11225584594222837,0.433169188445667,0.6871499312242094,1.0631746905089408,0.4421925722145804,0.7608775790921595,1.3599559834938102,27435.858872077028,1.8292936801910393
-0.20903988995873446,-0.15250343878954598,0.10225584594222836,0.39316918844566695,0.7071499312242092,1.0831746905089408,0.4421925722145804,0.7708775790921595,1.3599559834938102,27404.858872077028,1.830341053009036
-0.20903988995873446,-0.11250343878954594,0.07225584594222834,0.37316918844566693,0.7171499312242092,1.0831746905089408,0.4521925722145804,0.8008775790921595,1.3299559834938102,27149.858872077028,1.8333630084991448
-0.22903988995873448,-0.13250343878954596,0.08225584594222835,0.37316918844566693,0.7171499312242092,1.1031746905089408,0.4421925722145804,0.8108775790921595,1.3499559834938102,27508.858872077028,1.8383891105651848
-0.21903988995873447,-0.15250343878954598,0.08225584594222835,0.38316918844566694,0.7171499312242092,1.0931746905089408,0.4521925722145804,0.8208775790921595,1.3199559834938102,27493.858872077028,1.8415591239929192
-0.2490398899587345,-0.15250343878954598,0.08225584594222835,0.41316918844566697,0.6771499312242094,1.0831746905089408,0.4521925722145804,0.8208775790921595,1.3199559834938102,27312.858872077028,1.8425602436065667
-0.20903988995873446,-0.2025034387895459,0.04225584594222831,0.423169188445667,0.6571499312242094,1.1231746905089408,0.46219257221458043,0.8408775790921595,1.3199559834938102,27539.858872077028,1.845558834075927
-0.17903988995873443,-0.1925034387895459,0.09225584594222835,0.443169188445667,0.6771499312242094,1.0731746905089408,0.46219257221458043,0.8408775790921595,1.3199559834938102,27426.858872077028,1.850570631027221
-0.16903988995873442,-0.23250343878954594,0.07225584594222834,0.443169188445667,0.6771499312242094,1.0731746905089408,0.4521925722145804,0.8308775790921595,1.3599559834938102,27527.858872077028,1.8537296772003202
-0.20903988995873446,-0.172503438789546,0.06225584594222833,0.4731691884456669,0.6571499312242094,1.0631746905089408,0.4521925722145804,0.8208775790921595,1.3999559834938102,28230.858872077028,1.8547615528106682
-0.15903988995873442,-0.24250343878954594,0.08225584594222835,0.4831691884456669,0.6571499312242094,1.0731746905089408,0.4521925722145804,0.8308775790921595,1.3899559834938102,28929.858872077028,1.858766746520999
-0.15903988995873442,-0.21250343878954592,0.06225584594222833,0.513169188445667,0.6071499312242093,1.1031746905089408,0.4421925722145804,0.8208775790921595,1.3799559834938102,28676.858872077028,1.8627700328826897
-0.15903988995873442,-0.25250343878954595,0.0322558459422283,0.523169188445667,0.5571499312242093,1.1031746905089408,0.46219257221458043,0.8408775790921595,1.3599559834938102,28177.858872077028,1.8675944328308098
-0.16903988995873442,-0.27250343878954597,0.0322558459422283,0.563169188445667,0.5471499312242093,1.1031746905089408,0.5021925722145802,0.8208775790921595,1.3799559834938102,28250.858872077028,1.8675944328308098
-0.18903988995873444,-0.25250343878954595,-0.007744154057771624,0.523169188445667,0.5571499312242093,1.0931746905089408,0.5121925722145803,0.7908775790921595,1.3499559834938102,29005.858872077028,1.8715936660766594
-0.18903988995873444,-0.282503438789546,-0.007744154057771624,0.543169188445667,0.5671499312242093,1.0631746905089408,0.5321925722145803,0.8108775790921595,1.3499559834938102,28974.858872077028,1.8746623516082792
-0.22903988995873448,-0.27250343878954597,0.022255845942228403,0.513169188445667,0.5571499312242093,1.0731746905089408,0.5321925722145803,0.7908775790921595,1.3599559834938102,28657.858872077028,1.8788966655731194
-0.20903988995873446,-0.24250343878954594,0.022255845942228403,0.4531691884456669,0.5671499312242093,1.1331746905089408,0.5221925722145803,0.8208775790921595,1.3499559834938102,28820.858872077028,1.8822030544280999
-0.20903988995873446,-0.25250343878954595,0.07225584594222834,0.40316918844566696,0.5571499312242093,1.1731746905089409,0.5121925722145803,0.8008775790921595,1.3499559834938102,28337.858872077028,1.8832919120788567
-0.2690398899587344,-0.24250343878954594,0.04225584594222831,0.37316918844566693,0.5671499312242093,1.1431746905089408,0.5121925722145803,0.8308775790921595,1.3599559834938102,28482.858872077028,1.8866669654846184
-0.2690398899587344,-0.24250343878954594,0.07225584594222834,0.3431691884456669,0.6071499312242093,1.1531746905089408,0.49219257221458024,0.8508775790921596,1.3599559834938102,28729.858872077028,1.8920161247253446
-0.23903988995873449,-0.26250343878954596,0.0322558459422283,0.293169188445667,0.5971499312242093,1.1831746905089409,0.49219257221458024,0.8708775790921596,1.3499559834938102,28464.858872077028,1.895158004760745
-0.2690398899587344,-0.23250343878954594,0.0322558459422283,0.27316918844566696,0.6371499312242094,1.1631746905089408,0.49219257221458024,0.8508775790921596,1.3899559834938102,28327.858872077028,1.895990085601806
-0.29903988995873443,-0.24250343878954594,0.0322558459422283,0.26316918844566695,0.6171499312242094,1.1831746905089409,0.49219257221458024,0.8208775790921595,1.4099559834938102,28534.858872077028,1.9003686428070061
-0.23903988995873449,-0.27250343878954597,0.04225584594222831,0.303169188445667,0.6271499312242094,1.1431746905089408,0.5521925722145803,0.8008775790921595,1.3899559834938102,28827.858872077028,1.9044365406036405
-0.21903988995873447,-0.282503438789546,0.022255845942228403,0.293169188445667,0.6071499312242093,1.1231746905089408,0.5321925722145803,0.7808775790921595,1.3999559834938102,28896.858872077028,1.907109212875369
-0.18903988995873444,-0.312503438789546,0.05225584594222832,0.3431691884456669,0.5971499312242093,1.1131746905089408,0.5621925722145803,0.7908775790921595,1.3699559834938102,28807.858872077028,1.907109212875369
-0.20903988995873446,-0.3425034387895459,0.07225584594222834,0.3331691884456669,0.5671499312242093,1.0631746905089408,0.5421925722145803,0.8008775790921595,1.3499559834938102,28794.858872077028,1.91113634109497
-0.21903988995873447,-0.312503438789546,0.04225584594222831,0.313169188445667,0.5571499312242093,1.0631746905089408,0.5621925722145803,0.8108775790921595,1.3199559834938102,28973.858872077028,1.9163157463073723
-0.20903988995873446,-0.3225034387895459,0.05225584594222832,0.38316918844566694,0.5971499312242093,0.9831746905089408,0.5521925722145803,0.8008775790921595,1.3199559834938102,29120.858872077028,1.9199978828430169
-0.22903988995873448,-0.35250343878954593,0.0322558459422283,0.3431691884456669,0.6371499312242094,0.933174690508941,0.5621925722145803,0.7908775790921595,1.3199559834938102,29087.858872077028,1.9209846973419182
-0.2690398899587344,-0.3325034387895459,-0.007744154057771624,0.3431691884456669,0.6071499312242093,0.9531746905089408,0.5421925722145803,0.8308775790921595,1.2999559834938101,29230.858872077028,1.923768472671508
-0.22903988995873448,-0.3425034387895459,0.05225584594222832,0.293169188445667,0.6271499312242094,0.8831746905089409,0.5321925722145803,0.8408775790921595,1.3099559834938101,28913.858872077028,1.9277483940124505
-0.2890398899587344,-0.292503438789546,-0.017744154057771633,0.26316918844566695,0.6471499312242094,0.903174690508941,0.5021925722145802,0.8608775790921596,1.3399559834938102,28620.858872077028,1.932194900512691
-0.2690398899587344,-0.3325034387895459,-0.007744154057771624,0.2231691884456669,0.6571499312242094,0.903174690508941,0.49219257221458024,0.8408775790921595,1.3399559834938102,28793.858872077028,1.933412027359008
-0.2690398899587344,-0.312503438789546,0.012255845942228394,0.17316918844566698,0.6671499312242094,0.903174690508941,0.48219257221458045,0.8408775790921595,1.3299559834938102,29040.858872077028,1.9364912033081048
-0.2590398899587345,-0.27250343878954597,0.002255845942228385,0.15316918844566696,0.6371499312242094,0.8831746905089409,0.46219257221458043,0.8208775790921595,1.3599559834938102,29039.858872077028,1.9407827377319329
-0.2790398899587344,-0.3225034387895459,-0.017744154057771633,0.13316918844566694,0.6471499312242094,0.8931746905089409,0.46219257221458043,0.8408775790921595,1.3399559834938102,29176.858872077028,1.945147228240966
-0.29903988995873443,-0.302503438789546,-0.017744154057771633,0.10316918844566692,0.6371499312242094,0.8931746905089409,0.4521925722145804,0.8708775790921596,1.3499559834938102,28645.858872077028,1.945147228240966
-0.2790398899587344,-0.292503438789546,-0.09774415405777159,0.10316918844566692,0.6871499312242094,0.8831746905089409,0.47219257221458044,0.8208775790921595,1.3299559834938102,28196.858872077028,1.9485044002532952
-0.23903988995873449,-0.3325034387895459,-0.03774415405777165,0.0831691884456669,0.6271499312242094,0.8631746905089409,0.47219257221458044,0.8308775790921595,1.3499559834938102,28117.858872077028,1.9535610198974602
-0.2590398899587345,-0.3225034387895459,-0.05774415405777167,0.073169188445667,0.6271499312242094,0.8531746905089409,0.47219257221458044,0.8508775790921596,1.3399559834938102,27928.858872077028,1.9572269439697259
-0.2490398899587345,-0.3225034387895459,-0.05774415405777167,0.10316918844566692,0.5971499312242093,0.8531746905089409,0.46219257221458043,0.8708775790921596,1.3099559834938101,27863.858872077028,1.9607774734497063
-0.2890398899587344,-0.3225034387895459,-0.017744154057771633,0.0831691884456669,0.6271499312242094,0.8531746905089409,0.48219257221458045,0.8708775790921596,1.3199559834938102,27910.858872077028,1.9607774734497063
-0.2890398899587344,-0.3225034387895459,-0.03774415405777165,0.073169188445667,0.6071499312242093,0.8131746905089409,0.47219257221458044,0.8708775790921596,1.2999559834938101,28067.858872077028,1.9655236721038776
-0.2790398899587344,-0.3225034387895459,-0.02774415405777164,0.06316918844566699,0.6271499312242094,0.8131746905089409,0.4321925722145804,0.9008775790921596,1.2799559834938101,27598.858872077028,1.9686603069305448
-0.2690398899587344,-0.302503438789546,-0.05774415405777167,0.06316918844566699,0.5971499312242093,0.8131746905089409,0.4321925722145804,0.9008775790921596,1.2999559834938101,26911.858872077028,1.9729816436767607
-0.2890398899587344,-0.27250343878954597,-0.02774415405777164,0.04316918844566697,0.6271499312242094,0.7831746905089408,0.4521925722145804,0.8808775790921596,1.2899559834938101,26834.858872077028,1.9736585140228264
-0.2790398899587344,-0.292503438789546,-0.05774415405777167,0.023169188445666955,0.6171499312242094,0.7731746905089408,0.4321925722145804,0.9008775790921596,1.2799559834938101,26855.858872077028,1.9776577472686796
-0.29903988995873443,-0.27250343878954597,-0.07774415405777169,0.023169188445666955,0.6171499312242094,0.7831746905089408,0.4121925722145804,0.8808775790921596,1.2899559834938101,26476.858872077028,1.9818276882171624
-0.29903988995873443,-0.26250343878954596,-0.0877441540577717,0.013169188445666946,0.5871499312242093,0.7631746905089408,0.4121925722145804,0.8408775790921595,1.2999559834938101,26375.858872077028,1.985514593124389
-0.2690398899587344,-0.292503438789546,-0.0877441540577717,-0.006830811554333072,0.6371499312242094,0.7531746905089409,0.4021925722145804,0.8408775790921595,1.3399559834938102,26298.858872077028,1.9864940166473382
-0.2890398899587344,-0.282503438789546,-0.09774415405777159,-0.006830811554333072,0.6171499312242094,0.7531746905089409,0.39219257221458037,0.8208775790921595,1.3399559834938102,26667.858872077028,1.9890660762786858
-0.31903988995873445,-0.25250343878954595,-0.09774415405777159,0.023169188445666955,0.5871499312242093,0.7531746905089409,0.38219257221458036,0.8208775790921595,1.3399559834938102,26714.858872077028,1.9943172454833977
-0.2790398899587344,-0.302503438789546,-0.07774415405777169,-0.006830811554333072,0.5771499312242093,0.7131746905089409,0.38219257221458036,0.8208775790921595,1.3099559834938101,26523.858872077028,1.99841923713684
-0.30903988995873444,-0.282503438789546,-0.03774415405777165,-0.026830811554333034,0.5871499312242093,0.7131746905089409,0.39219257221458037,0.8008775790921595,1.3199559834938102,26172.858872077028,1.99841923713684
-0.29903988995873443,-0.27250343878954597,-0.06774415405777168,-0.01683081155433308,0.5871499312242093,0.6831746905089409,0.4021925722145804,0.7608775790921595,1.3399559834938102,25937.858872077028,2.002430629730224
-0.31903988995873445,-0.27250343878954597,-0.09774415405777159,-0.03683081155433304,0.5771499312242093,0.6831746905089409,0.4021925722145804,0.7608775790921595,1.3399559834938102,25620.858872077028,2.005895328521728
-0.2890398899587344,-0.27250343878954597,-0.04774415405777166,-0.01683081155433308,0.5671499312242093,0.6831746905089409,0.4121925722145804,0.7408775790921595,1.3399559834938102,25549.858872077028,2.0102393150329583
-0.31903988995873445,-0.26250343878954596,-0.05774415405777167,-0.04683081155433305,0.5771499312242093,0.6731746905089409,0.37219257221458035,0.7308775790921597,1.3699559834938102,25836.858872077028,2.0102393150329583
-0.2790398899587344,-0.24250343878954594,-0.06774415405777168,-0.03683081155433304,0.5771499312242093,0.6731746905089409,0.4021925722145804,0.7308775790921597,1.3599559834938102,25959.858872077028,2.014236164093017
-0.2690398899587344,-0.25250343878954595,-0.017744154057771633,-0.04683081155433305,0.6171499312242094,0.6331746905089409,0.38219257221458036,0.7108775790921597,1.3399559834938102,25568.858872077028,2.0182382583618157
-0.2690398899587344,-0.24250343878954594,-0.03774415405777165,-0.06683081155433307,0.6271499312242094,0.6331746905089409,0.4021925722145804,0.6908775790921596,1.3599559834938102,25047.858872077028,2.0222379684448235
-0.2490398899587345,-0.24250343878954594,-0.03774415405777165,-0.08683081155433303,0.6271499312242094,0.6131746905089409,0.38219257221458036,0.7208775790921597,1.3599559834938102,24724.858872077028,2.0262386322021477
-0.2690398899587344,-0.23250343878954594,-0.03774415405777165,-0.08683081155433303,0.6271499312242094,0.5931746905089409,0.39219257221458037,0.7008775790921596,1.3399559834938102,24969.858872077028,2.0262386322021477
-0.2590398899587345,-0.23250343878954594,-0.04774415405777166,-0.09683081155433304,0.6171499312242094,0.6131746905089409,0.4121925722145804,0.6808775790921596,1.3699559834938102,24882.858872077028,2.0301165103912346
-0.21903988995873447,-0.22250343878954593,-0.03774415405777165,-0.11683081155433306,0.6171499312242094,0.5931746905089409,0.4321925722145804,0.6508775790921596,1.3399559834938102,24645.858872077028,2.034357261657714
-0.2590398899587345,-0.1925034387895459,-0.03774415405777165,-0.08683081155433303,0.6071499312242093,0.5831746905089409,0.4221925722145804,0.6508775790921596,1.3799559834938102,24792.858872077028,2.0384599685668903
-0.23903988995873449,-0.22250343878954593,-0.017744154057771633,-0.09683081155433304,0.5971499312242093,0.5831746905089409,0.46219257221458043,0.6708775790921596,1.3699559834938102,25037.858872077028,2.039134454727172
-0.30903988995873444,-0.2025034387895459,-0.05774415405777167,-0.09683081155433304,0.5871499312242093,0.5531746905089409,0.4321925722145804,0.6408775790921596,1.3499559834938102,24346.858872077028,2.042902183532714
-0.2690398899587344,-0.21250343878954592,-0.03774415405777165,-0.10683081155433305,0.5571499312242093,0.5531746905089409,0.4421925722145804,0.6508775790921596,1.3699559834938102,24275.858872077028,2.046901655197143
-0.2890398899587344,-0.23250343878954594,-0.03774415405777165,-0.08683081155433303,0.5671499312242093,0.5231746905089408,0.46219257221458043,0.6508775790921596,1.3699559834938102,24516.858872077028,2.049901676177978
-0.29903988995873443,-0.182503438789546,-0.06774415405777168,-0.07683081155433308,0.5471499312242093,0.5531746905089409,0.47219257221458044,0.6708775790921596,1.3299559834938102,23845.858872077028,2.050908994674682
-0.31903988995873445,-0.1925034387895459,-0.04774415405777166,-0.07683081155433308,0.5571499312242093,0.5531746905089409,0.49219257221458024,0.6808775790921596,1.2999559834938101,23392.858872077028,2.0548030853271477
-0.3590398899587345,-0.21250343878954592,-0.09774415405777159,-0.09683081155433304,0.5571499312242093,0.5331746905089408,0.5021925722145802,0.7008775790921596,1.2999559834938101,23163.858872077028,2.0588473796844475
-0.32903988995873445,-0.22250343878954593,-0.1077441540577716,-0.09683081155433304,0.5271499312242093,0.5231746905089408,0.5321925722145803,0.7108775790921597,1.2999559834938101,22382.858872077028,2.0632109165191643
-0.2790398899587344,-0.23250343878954594,-0.06774415405777168,-0.06683081155433307,0.5271499312242093,0.5031746905089409,0.49219257221458024,0.7508775790921595,1.3199559834938102,22101.858872077028,2.0638422489166217
-0.2790398899587344,-0.2025034387895459,-0.05774415405777167,-0.09683081155433304,0.5171499312242093,0.5131746905089408,0.5021925722145802,0.7408775790921595,1.3599559834938102,21662.858872077028,2.0674113750457757
-0.2890398899587344,-0.2025034387895459,-0.0877441540577717,-0.07683081155433308,0.5271499312242093,0.4731746905089409,0.49219257221458024,0.7608775790921595,1.3499559834938102,21299.858872077028,2.071052503585811
-0.2690398899587344,-0.172503438789546,-0.06774415405777168,-0.09683081155433304,0.5271499312242093,0.4731746905089409,0.5121925722145803,0.7608775790921595,1.3599559834938102,21298.858872077028,2.0754377365112298
-0.2590398899587345,-0.1925034387895459,-0.06774415405777168,-0.07683081155433308,0.48714993122420924,0.4731746905089409,0.49219257221458024,0.7908775790921595,1.3699559834938102,21651.858872077028,2.0766548633575432
-0.2490398899587345,-0.1925034387895459,-0.0877441540577717,-0.07683081155433308,0.47714993122420923,0.4531746905089409,0.49219257221458024,0.7808775790921595,1.3699559834938102,21578.858872077028,2.080131721496585
-0.2690398899587344,-0.172503438789546,-0.07774415405777169,-0.07683081155433308,0.47714993122420923,0.43317469050894086,0.48219257221458045,0.7708775790921595,1.4099559834938102,21023.858872077028,2.0842923641204827
-0.23903988995873449,-0.172503438789546,-0.09774415405777159,-0.08683081155433303,0.4571499312242092,0.38317469050894093,0.5221925722145803,0.7708775790921595,1.3999559834938102,20640.858872077028,2.0879401683807366
-0.2690398899587344,-0.2025034387895459,-0.1077441540577716,-0.06683081155433307,0.4371499312242094,0.44317469050894087,0.5321925722145803,0.7708775790921595,1.4099559834938102,21039.858872077028,2.0879401683807366
-0.2690398899587344,-0.22250343878954593,-0.11774415405777161,-0.11683081155433306,0.4671499312242092,0.43317469050894086,0.5221925722145803,0.7908775790921595,1.3899559834938102,21188.858872077028,2.0919715881347685
-0.23903988995873449,-0.23250343878954594,-0.13774415405777163,-0.14683081155433303,0.4471499312242092,0.3931746905089408,0.5321925722145803,0.8008775790921595,1.3999559834938102,20789.858872077028,2.0961393833160393
-0.2490398899587345,-0.23250343878954594,-0.12774415405777162,-0.10683081155433305,0.4171499312242094,0.42317469050894085,0.5121925722145803,0.8208775790921595,1.3799559834938102,20916.858872077028,2.100279998779296
-0.2490398899587345,-0.22250343878954593,-0.1077441540577716,-0.12683081155433307,0.3971499312242094,0.42317469050894085,0.5421925722145803,0.8408775790921595,1.3899559834938102,20859.858872077028,2.1039945602416985
-0.2690398899587344,-0.22250343878954593,-0.1077441540577716,-0.11683081155433306,0.3971499312242094,0.40317469050894084,0.5121925722145803,0.8608775790921596,1.3599559834938102,20698.858872077028,2.1039945602416985
-0.2590398899587345,-0.24250343878954594,-0.11774415405777161,-0.12683081155433307,0.3971499312242094,0.43317469050894086,0.5521925722145803,0.8408775790921595,1.3799559834938102,21151.858872077028,2.108442735672
-0.2590398899587345,-0.24250343878954594,-0.12774415405777162,-0.13683081155433308,0.37714993122420937,0.3931746905089408,0.5521925722145803,0.8508775790921596,1.3799559834938102,21502.858872077028,2.112421941757198
-0.2590398899587345,-0.282503438789546,-0.11774415405777161,-0.11683081155433306,0.35714993122420935,0.3631746905089409,0.5321925722145803,0.8608775790921596,1.3999559834938102,21349.858872077028,2.116409969329837
-0.21903988995873447,-0.26250343878954596,-0.13774415405777163,-0.13683081155433308,0.35714993122420935,0.38317469050894093,0.5221925722145803,0.8608775790921596,1.3899559834938102,21746.858872077028,2.116409969329837
-0.2790398899587344,-0.24250343878954594,-0.11774415405777161,-0.12683081155433307,0.33714993122420933,0.3631746905089409,0.5521925722145803,0.8408775790921595,1.3999559834938102,21847.858872077028,2.1204101562499993
-0.2790398899587344,-0.24250343878954594,-0.1077441540577716,-0.12683081155433307,0.3271499312242093,0.3631746905089409,0.5921925722145803,0.8408775790921595,1.3799559834938102,22140.858872077028,2.1244821071624784
-0.29903988995873443,-0.21250343878954592,-0.1077441540577716,-0.13683081155433308,0.3271499312242093,0.3531746905089409,0.6021925722145803,0.8108775790921595,1.3999559834938102,22249.858872077028,2.127872419357299
-0.2890398899587344,-0.27250343878954597,-0.13774415405777163,-0.12683081155433307,0.3171499312242093,0.3631746905089409,0.6021925722145803,0.8208775790921595,1.3899559834938102,22214.858872077028,2.128898096084594
-0.2790398899587344,-0.26250343878954596,-0.09774415405777159,-0.14683081155433303,0.3071499312242093,0.3531746905089409,0.6121925722145803,0.8108775790921595,1.3799559834938102,22051.858872077028,2.1324738979339593
-0.2790398899587344,-0.26250343878954596,-0.09774415405777159,-0.14683081155433303,0.3171499312242093,0.3331746905089409,0.6221925722145804,0.8208775790921595,1.3699559834938102,21988.858872077028,2.1374694824218743
-0.29903988995873443,-0.282503438789546,-0.12774415405777162,-0.16683081155433305,0.2971499312242093,0.3231746905089409,0.6121925722145803,0.8208775790921595,1.3699559834938102,21907.858872077028,2.140755367279052
-0.29903988995873443,-0.282503438789546,-0.1077441540577716,-0.12683081155433307,0.2971499312242093,0.2631746905089408,0.6321925722145804,0.8308775790921595,1.3499559834938102,21826.858872077028,2.1414699077606194
-0.2790398899587344,-0.312503438789546,-0.14774415405777164,-0.16683081155433305,0.2871499312242093,0.28317469050894084,0.6621925722145804,0.7908775790921595,1.3299559834938102,21825.858872077028,2.144837570190429
-0.2890398899587344,-0.292503438789546,-0.13774415405777163,-0.14683081155433303,0.2771499312242093,0.3431746905089409,0.6221925722145804,0.8408775790921595,1.3199559834938102,22144.858872077028,2.1501774311065667
-0.2790398899587344,-0.312503438789546,-0.12774415405777162,-0.16683081155433305,0.25714993122420926,0.29317469050894085,0.6221925722145804,0.8408775790921595,1.3399559834938102,22337.858872077028,2.153577041625976
-0.2890398899587344,-0.292503438789546,-0.14774415405777164,-0.13683081155433308,0.25714993122420926,0.30317469050894086,0.6121925722145803,0.8508775790921596,1.3399559834938102,22534.858872077028,2.153577041625976
-0.29903988995873443,-0.292503438789546,-0.14774415405777164,-0.13683081155433308,0.2771499312242093,0.27317469050894083,0.6021925722145803,0.8508775790921596,1.3599559834938102,22679.858872077028,2.158267450332641
-0.2690398899587344,-0.312503438789546,-0.12774415405777162,-0.16683081155433305,0.26714993122420927,0.28317469050894084,0.5721925722145803,0.8308775790921595,1.3699559834938102,23006.858872077028,2.1612426757812493
-0.2890398899587344,-0.282503438789546,-0.1077441540577716,-0.13683081155433308,0.23714993122420924,0.24317469050894083,0.5921925722145803,0.8408775790921595,1.3699559834938102,22865.858872077028,2.166267585754394
-0.2690398899587344,-0.292503438789546,-0.11774415405777161,-0.13683081155433308,0.24714993122420925,0.2631746905089408,0.5921925722145803,0.8208775790921595,1.3699559834938102,22552.858872077028,2.1695396423339837
-0.29903988995873443,-0.292503438789546,-0.12774415405777162,-0.13683081155433308,0.23714993122420924,0.24317469050894083,0.5821925722145803,0.8208775790921595,1.3499559834938102,22473.858872077028,2.170407485961917
-0.2590398899587345,-0.3425034387895459,-0.13774415405777163,-0.17683081155433306,0.25714993122420926,0.2531746905089408,0.6021925722145803,0.8108775790921595,1.3699559834938102,22790.858872077028,2.1739468097686796
-0.29903988995873443,-0.292503438789546,-0.1077441540577716,-0.16683081155433305,0.23714993122420924,0.29317469050894085,0.5521925722145803,0.8208775790921595,1.3599559834938102,23387.858872077028,2.178653192520141
-0.2690398899587344,-0.3225034387895459,-0.0877441540577717,-0.14683081155433303,0.24714993122420925,0.2531746905089408,0.5521925722145803,0.8608775790921596,1.3399559834938102,23390.858872077028,2.181873989105224
-0.2790398899587344,-0.3225034387895459,-0.06774415405777168,-0.14683081155433303,0.22714993122420923,0.23317469050894082,0.5721925722145803,0.8608775790921596,1.3399559834938102,23215.858872077028,2.182667207717895
-0.2690398899587344,-0.3225034387895459,-0.07774415405777169,-0.16683081155433305,0.22714993122420923,0.22317469050894087,0.5521925722145803,0.8708775790921596,1.3199559834938102,23756.858872077028,2.186198425292968
-0.2690398899587344,-0.312503438789546,-0.09774415405777159,-0.16683081155433305,0.20714993122420922,0.20317469050894085,0.5221925722145803,0.8908775790921596,1.3299559834938102,23843.858872077028,2.1902322292327874
-0.2690398899587344,-0.312503438789546,-0.1077441540577716,-0.14683081155433303,0.20714993122420922,0.21317469050894086,0.5021925722145802,0.8808775790921596,1.3399559834938102,23344.858872077028,2.1944748878478997
-0.29903988995873443,-0.3225034387895459,-0.09774415405777159,-0.17683081155433306,0.22714993122420923,0.21317469050894086,0.5021925722145802,0.8708775790921596,1.3399559834938102,22961.858872077028,2.1944748878478997
-0.2690398899587344,-0.3225034387895459,-0.07774415405777169,-0.16683081155433305,0.20714993122420922,0.20317469050894085,0.47219257221458044,0.9108775790921596,1.3399559834938102,23290.858872077028,2.1984483718872063
-0.29903988995873443,-0.3225034387895459,-0.11774415405777161,-0.18683081155433306,0.1971499312242092,0.21317469050894086,0.46219257221458043,0.8908775790921596,1.3399559834938102,23609.858872077028,2.202558708190921
-0.31903988995873445,-0.3425034387895459,-0.1077441540577716,-0.17683081155433306,0.20714993122420922,0.18317469050894084,0.4421925722145804,0.8608775790921596,1.3699559834938102,23674.858872077028,2.2065598487853997
-0.31903988995873445,-0.3225034387895459,-0.1077441540577716,-0.18683081155433306,0.1771499312242094,0.21317469050894086,0.4321925722145804,0.8408775790921595,1.3599559834938102,23831.858872077028,2.2065598487853997
-0.32903988995873445,-0.3225034387895459,-0.06774415405777168,-0.18683081155433306,0.1771499312242094,0.17317469050894083,0.4221925722145804,0.8608775790921596,1.3599559834938102,23564.858872077028,2.210544061660766
-0.32903988995873445,-0.3225034387895459,-0.07774415405777169,-0.17683081155433306,0.18714993122420942,0.16317469050894087,0.4221925722145804,0.8208775790921595,1.3499559834938102,22913.858872077028,2.214573574066158
-0.30903988995873444,-0.302503438789546,-0.11774415405777161,-0.20683081155433303,0.20714993122420922,0.18317469050894084,0.46219257221458043,0.8208775790921595,1.2999559834938101,23156.858872077028,2.2187764167785637
-0.30903988995873444,-0.302503438789546,-0.0877441540577717,-0.18683081155433306,0.1771499312242094,0.16317469050894087,0.4521925722145804,0.8008775790921595,1.2999559834938101,23335.858872077028,2.2187764167785637
-0.31903988995873445,-0.3225034387895459,-0.0877441540577717,-0.16683081155433305,0.1771499312242094,0.16317469050894087,0.5021925722145802,0.8108775790921595,1.25995598349381,23140.858872077028,2.2227963924407987
-0.3490398899587345,-0.312503438789546,-0.0877441540577717,-0.17683081155433306,0.1671499312242094,0.18317469050894084,0.49219257221458024,0.8208775790921595,1.24995598349381,23001.858872077028,2.2267999172210686
-0.32903988995873445,-0.312503438789546,-0.11774415405777161,-0.17683081155433306,0.18714993122420942,0.13317469050894085,0.48219257221458045,0.8208775790921595,1.22995598349381,23316.858872077028,2.230796527862548
-0.32903988995873445,-0.3225034387895459,-0.11774415405777161,-0.16683081155433305,0.1771499312242094,0.14317469050894086,0.4321925722145804,0.8408775790921595,1.22995598349381,23723.858872077028,2.231796693801879
-0.33903988995873446,-0.3325034387895459,-0.09774415405777159,-0.21683081155433304,0.1771499312242094,0.14317469050894086,0.4021925722145804,0.8608775790921596,1.2099559834938103,23280.858872077028,2.234922122955318
-0.31903988995873445,-0.36250343878954594,-0.0877441540577717,-0.18683081155433306,0.18714993122420942,0.15317469050894086,0.37219257221458035,0.9008775790921596,1.1799559834938103,22673.858872077028,2.2399274826049798
-0.32903988995873445,-0.3325034387895459,-0.11774415405777161,-0.16683081155433305,0.18714993122420942,0.16317469050894087,0.3321925722145803,0.8608775790921596,1.2099559834938103,22552.858872077028,2.243937683105468
-0.31903988995873445,-0.312503438789546,-0.11774415405777161,-0.18683081155433306,0.1771499312242094,0.13317469050894085,0.3221925722145803,0.8308775790921595,1.22995598349381,22305.858872077028,2.247059535980224
-0.32903988995873445,-0.3225034387895459,-0.1077441540577716,-0.18683081155433306,0.18714993122420942,0.16317469050894087,0.3321925722145803,0.8208775790921595,1.24995598349381,22108.858872077028,2.2480322837829583
-0.29903988995873443,-0.3225034387895459,-0.1077441540577716,-0.18683081155433306,0.1671499312242094,0.15317469050894086,0.3021925722145803,0.7908775790921595,1.21995598349381,22431.858872077028,2.251297187805175
-0.31903988995873445,-0.3325034387895459,-0.1077441540577716,-0.18683081155433306,0.18714993122420942,0.16317469050894087,0.25219257221458036,0.8108775790921595,1.1999559834938103,22096.858872077028,2.256311130523681
-0.2790398899587344,-0.3225034387895459,-0.15774415405777165,-0.21683081155433304,0.1771499312242094,0.17317469050894083,0.2721925722145804,0.7808775790921595,1.1999559834938103,21707.858872077028,2.259339761734008
-0.2890398899587344,-0.35250343878954593,-0.13774415405777163,-0.16683081155433305,0.1771499312242094,0.17317469050894083,0.26219257221458037,0.7408775790921595,1.1699559834938102,21252.858872077028,2.259339761734008
-0.29903988995873443,-0.37250343878954595,-0.11774415405777161,-0.20683081155433303,0.1771499312242094,0.16317469050894087,0.2721925722145804,0.7208775790921597,1.1699559834938102,21593.858872077028,2.2643556118011468
-0.29903988995873443,-0.3425034387895459,-0.09774415405777159,-0.20683081155433303,0.18714993122420942,0.16317469050894087,0.2921925722145804,0.6908775790921596,1.1599559834938102,21580.858872077028,2.267882061004638
-0.29903988995873443,-0.312503438789546,-0.12774415405777162,-0.20683081155433303,0.1771499312242094,0.18317469050894084,0.2821925722145804,0.6608775790921596,1.1599559834938102,21669.858872077028,2.2725975036621087
-0.2890398899587344,-0.35250343878954593,-0.13774415405777163,-0.18683081155433306,0.1571499312242094,0.19317469050894084,0.26219257221458037,0.6508775790921596,1.1599559834938102,21648.858872077028,2.2725975036621087
-0.2890398899587344,-0.35250343878954593,-0.16774415405777165,-0.19683081155433307,0.1571499312242094,0.16317469050894087,0.2821925722145804,0.6508775790921596,1.1499559834938102,21983.858872077028,2.27565951347351
-0.2690398899587344,-0.35250343878954593,-0.16774415405777165,-0.19683081155433307,0.1571499312242094,0.14317469050894086,0.24219257221458035,0.6508775790921596,1.1199559834938102,21346.858872077028,2.2813293457031243
-0.29903988995873443,-0.35250343878954593,-0.16774415405777165,-0.21683081155433304,0.1571499312242094,0.18317469050894084,0.25219257221458036,0.5808775790921595,1.0999559834938102,21143.858872077028,2.284590673446651
-0.2890398899587344,-0.3425034387895459,-0.18774415405777167,-0.18683081155433306,0.1571499312242094,0.18317469050894084,0.21219257221458032,0.5808775790921595,1.0999559834938102,21076.858872077028,2.2855736732482903
-0.2890398899587344,-0.3325034387895459,-0.17774415405777166,-0.19683081155433307,0.1571499312242094,0.17317469050894083,0.2021925722145803,0.5308775790921595,1.1299559834938102,20855.858872077028,2.2885934829711907
-0.2790398899587344,-0.3325034387895459,-0.17774415405777166,-0.19683081155433307,0.13714993122420938,0.15317469050894086,0.1921925722145803,0.5608775790921595,1.0699559834938102,20510.858872077028,2.2931165218353264
-0.29903988995873443,-0.37250343878954595,-0.16774415405777165,-0.17683081155433306,0.12714993122420937,0.14317469050894086,0.1821925722145803,0.5408775790921595,1.0799559834938102,20529.858872077028,2.2972580909728997
-0.29903988995873443,-0.3225034387895459,-0.16774415405777165,-0.19683081155433307,0.13714993122420938,0.18317469050894084,0.1821925722145803,0.5008775790921595,1.0299559834938101,20628.858872077028,2.2972580909728997
-0.2790398899587344,-0.3225034387895459,-0.16774415405777165,-0.20683081155433303,0.14714993122420938,0.19317469050894084,0.1921925722145803,0.46087757909215965,1.0299559834938101,20203.858872077028,2.3012055873870843
-0.2790398899587344,-0.3225034387895459,-0.15774415405777165,-0.17683081155433306,0.12714993122420937,0.20317469050894085,0.14219257221458037,0.49087757909215946,0.9899559834938101,20580.858872077028,2.3052772998809807
-0.2690398899587344,-0.36250343878954594,-0.15774415405777165,-0.18683081155433306,0.10714993122420935,0.18317469050894084,0.1621925722145804,0.47087757909215966,0.9699559834938101,20463.858872077028,2.309282493591308
-0.2890398899587344,-0.37250343878954595,-0.14774415405777164,-0.19683081155433307,0.10714993122420935,0.20317469050894085,0.1721925722145804,0.47087757909215966,0.9599559834938103,19894.858872077028,2.3122677326202385
-0.2890398899587344,-0.3225034387895459,-0.11774415405777161,-0.18683081155433306,0.10714993122420935,0.19317469050894084,0.1721925722145804,0.47087757909215966,0.9399559834938103,19445.858872077028,2.31360216140747
-0.29903988995873443,-0.3225034387895459,-0.17774415405777166,-0.16683081155433305,0.09714993122420934,0.20317469050894085,0.10219257221458034,0.4308775790921596,0.9399559834938103,19250.858872077028,2.317600440979003
-0.31903988995873445,-0.3225034387895459,-0.13774415405777163,-0.15683081155433304,0.08714993122420933,0.20317469050894085,0.12219257221458035,0.44087757909215963,0.8999559834938102,18807.858872077028,2.3209914684295647
-0.3490398899587345,-0.3225034387895459,-0.16774415405777165,-0.16683081155433305,0.07714993122420932,0.18317469050894084,0.11219257221458034,0.3808775790921596,0.8699559834938102,18784.858872077028,2.324684572219848
-0.3590398899587345,-0.3425034387895459,-0.20774415405777164,-0.20683081155433303,0.057149931224209305,0.16317469050894087,0.14219257221458037,0.35087757909215955,0.9499559834938103,18597.858872077028,2.3257119178772
-0.3590398899587345,-0.3425034387895459,-0.20774415405777164,-0.16683081155433305,0.07714993122420932,0.14317469050894086,0.15219257221458038,0.36087757909215956,1.0499559834938101,17832.858872077028,2.3288931369781487
-0.36903988995873444,-0.3225034387895459,-0.21774415405777164,-0.18683081155433306,0.08714993122420933,0.13317469050894085,0.14219257221458037,0.4208775790921596,1.1099559834938102,16293.858872077028,2.333907079696651
-0.33903988995873446,-0.37250343878954595,-0.16774415405777165,-0.17683081155433306,0.08714993122420933,0.14317469050894086,0.14219257221458037,0.4308775790921596,1.1099559834938102,15772.858872077028,2.337603282928466
-0.31903988995873445,-0.3325034387895459,-0.15774415405777165,-0.18683081155433306,0.08714993122420933,0.14317469050894086,0.14219257221458037,0.4108775790921596,1.0899559834938102,15321.858872077028,2.338586521148681
-0.3490398899587345,-0.36250343878954594,-0.16774415405777165,-0.17683081155433306,0.10714993122420935,0.12317469050894084,0.12219257221458035,0.45087757909215964,1.0799559834938102,14738.858872077028,2.3418101787567167
-0.3490398899587345,-0.3325034387895459,-0.18774415405777167,-0.18683081155433306,0.10714993122420935,0.13317469050894085,0.13219257221458036,0.44087757909215963,1.0199559834938101,14411.858872077028,2.3458384990692096
-0.30903988995873444,-0.35250343878954593,-0.16774415405777165,-0.15683081155433304,0.08714993122420933,0.15317469050894086,0.12219257221458035,0.4308775790921596,1.00995598349381,14896.858872077028,2.3499643325805657
-0.33903988995873446,-0.302503438789546,-0.15774415405777165,-0.17683081155433306,0.08714993122420933,0.15317469050894086,0.07219257221458031,0.4008775790921596,0.9799559834938101,15093.858872077028,2.3508400440216057
-0.3590398899587345,-0.292503438789546,-0.16774415405777165,-0.14683081155433303,0.07714993122420932,0.16317469050894087,0.12219257221458035,0.3908775790921596,0.9699559834938101,14880.858872077028,2.3538696289062493
-0.3590398899587345,-0.292503438789546,-0.14774415405777164,-0.15683081155433304,0.09714993122420934,0.16317469050894087,0.07219257221458031,0.4108775790921596,0.9699559834938101,14257.858872077028,2.3581134796142535
-0.3590398899587345,-0.282503438789546,-0.14774415405777164,-0.14683081155433303,0.10714993122420935,0.16317469050894087,0.07219257221458031,0.3908775790921596,0.9599559834938103,14304.858872077028,2.3621537208557157
-0.3490398899587345,-0.282503438789546,-0.12774415405777162,-0.17683081155433306,0.10714993122420935,0.15317469050894086,0.0621925722145803,0.35087757909215955,0.9599559834938103,14387.858872077028,2.3631348133087187
-0.3490398899587345,-0.25250343878954595,-0.13774415405777163,-0.16683081155433305,0.09714993122420934,0.16317469050894087,0.09219257221458033,0.3108775790921595,0.9199559834938102,14462.858872077028,2.365717840194705
-0.31903988995873445,-0.26250343878954596,-0.14774415405777164,-0.16683081155433305,0.10714993122420935,0.17317469050894083,0.08219257221458032,0.2908775790921596,0.8799559834938102,13947.858872077028,2.371438217163089
-0.32903988995873445,-0.25250343878954595,-0.14774415405777164,-0.15683081155433304,0.10714993122420935,0.17317469050894083,0.07219257221458031,0.2608775790921596,0.8799559834938102,13920.858872077028,2.3745212078094475
-0.3490398899587345,-0.25250343878954595,-0.14774415405777164,-0.14683081155433303,0.09714993122420934,0.17317469050894083,0.04219257221458039,0.2708775790921596,0.8599559834938102,13877.858872077028,2.375500869750976
-0.33903988995873446,-0.24250343878954594,-0.14774415405777164,-0.12683081155433307,0.09714993122420934,0.20317469050894085,0.05219257221458029,0.2708775790921596,0.8199559834938102,13640.858872077028,2.378921461105346
-0.31903988995873445,-0.25250343878954595,-0.15774415405777165,-0.12683081155433307,0.08714993122420933,0.19317469050894084,0.07219257221458031,0.2508775790921596,0.7899559834938101,14211.858872077028,2.3827211380004876
-0.30903988995873444,-0.292503438789546,-0.13774415405777163,-0.13683081155433308,0.08714993122420933,0.17317469050894083,0.09219257221458033,0.20087757909215953,0.7899559834938101,13854.858872077028,2.3868097782135003
-0.31903988995873445,-0.24250343878954594,-0.12774415405777162,-0.14683081155433303,0.08714993122420933,0.17317469050894083,0.05219257221458029,0.1608775790921596,0.7599559834938102,13263.858872077028,2.390892457962039
-0.31903988995873445,-0.23250343878954594,-0.1077441540577716,-0.16683081155433305,0.09714993122420934,0.16317469050894087,0.04219257221458039,0.17087757909215961,0.7399559834938102,13594.858872077028,2.391701650619506
-0.30903988995873444,-0.24250343878954594,-0.1077441540577716,-0.14683081155433303,0.09714993122420934,0.16317469050894087,0.012192572214580366,0.19087757909215952,0.7099559834938102,13639.858872077028,2.3947016716003446
-0.31903988995873445,-0.24250343878954594,-0.1077441540577716,-0.16683081155433305,0.09714993122420934,0.15317469050894086,0.05219257221458029,0.1808775790921595,0.6999559834938102,13610.858872077028,2.3992053985595696
-0.33903988995873446,-0.24250343878954594,-0.12774415405777162,-0.14683081155433303,0.09714993122420934,0.15317469050894086,0.012192572214580366,0.13087757909215958,0.6899559834938102,13765.858872077028,2.4027223110198968
-0.3490398899587345,-0.22250343878954593,-0.12774415405777162,-0.16683081155433305,0.08714993122420933,0.13317469050894085,0.032192572214580384,0.1608775790921596,0.6699559834938101,14282.858872077028,2.403770160675048
-0.3490398899587345,-0.23250343878954594,-0.13774415405777163,-0.15683081155433304,0.08714993122420933,0.10317469050894088,0.022192572214580375,0.11087757909215956,0.6399559834938102,14009.858872077028,2.4071535587310784
-0.32903988995873445,-0.24250343878954594,-0.11774415405777161,-0.17683081155433306,0.08714993122420933,0.07317469050894085,0.012192572214580366,0.13087757909215958,0.6299559834938102,14544.858872077028,2.411960077285766
-0.3490398899587345,-0.21250343878954592,-0.1077441540577716,-0.16683081155433305,0.07714993122420932,0.06317469050894084,0.04219257221458039,0.12087757909215957,0.5799559834938102,14057.858872077028,2.4152545452117913
-0.3590398899587345,-0.21250343878954592,-0.12774415405777162,-0.18683081155433306,0.08714993122420933,0.05317469050894086,0.0021925722145803572,0.10087757909215955,0.5899559834938102,14210.858872077028,2.416322898864742
-0.3590398899587345,-0.182503438789546,-0.15774415405777165,-0.18683081155433306,0.07714993122420932,0.05317469050894086,0.012192572214580366,0.08087757909215954,0.5699559834938102,14459.858872077028,2.4203209400176995
-0.3490398899587345,-0.182503438789546,-0.12774415405777162,-0.22683081155433304,0.07714993122420932,0.05317469050894086,-0.007807427785419652,0.05087757909215951,0.5399559834938101,13960.858872077028,2.4243003845214837
-0.37903988995873444,-0.1925034387895459,-0.12774415405777162,-0.21683081155433304,0.08714993122420933,0.04317469050894085,-0.04780742778541969,0.06087757909215952,0.5399559834938101,14153.858872077028,2.427298498153686
-0.37903988995873444,-0.21250343878954592,-0.12774415405777162,-0.21683081155433304,0.07714993122420932,0.04317469050894085,-0.0678074277854197,0.09087757909215954,0.5099559834938102,14528.858872077028,2.4283210754394524
-0.3490398899587345,-0.23250343878954594,-0.13774415405777163,-0.23683081155433305,0.08714993122420933,0.04317469050894085,-0.0778074277854196,0.06087757909215952,0.5099559834938102,14703.858872077028,2.4323210239410393
-0.3590398899587345,-0.22250343878954593,-0.12774415405777162,-0.21683081155433304,0.07714993122420932,0.04317469050894085,-0.02780742778541967,0.08087757909215954,0.5099559834938102,14426.858872077028,2.436636877059936
-0.3590398899587345,-0.22250343878954593,-0.14774415405777164,-0.22683081155433304,0.08714993122420933,0.03317469050894084,-0.04780742778541969,0.08087757909215954,0.4799559834938102,14391.858872077028,2.439959478378295
-0.3490398899587345,-0.2025034387895459,-0.12774415405777162,-0.23683081155433305,0.07714993122420932,0.03317469050894084,-0.01780742778541966,0.0308775790921596,0.4799559834938102,14860.858872077028,2.4408168315887444
-0.3490398899587345,-0.2025034387895459,-0.15774415405777165,-0.18683081155433306,0.06714993122420931,0.03317469050894084,-0.02780742778541967,0.0308775790921596,0.44995598349381016,15105.858872077028,2.4441511154174798
-0.3490398899587345,-0.2025034387895459,-0.15774415405777165,-0.22683081155433304,0.08714993122420933,0.03317469050894084,-0.03780742778541968,0.04087757909215961,0.42995598349381015,15066.858872077028,2.448706340789794
-0.3490398899587345,-0.1925034387895459,-0.14774415405777164,-0.21683081155433304,0.07714993122420932,0.03317469050894084,-0.02780742778541967,0.020877579092159593,0.3899559834938102,15429.858872077028,2.4520034313201897
-0.32903988995873445,-0.2025034387895459,-0.16774415405777165,-0.22683081155433304,0.07714993122420932,0.03317469050894084,-0.08780742778541961,0.020877579092159593,0.3699559834938102,15616.858872077028,2.4561693191528313
-0.31903988995873445,-0.172503438789546,-0.12774415405777162,-0.20683081155433303,0.08714993122420933,0.03317469050894084,-0.09780742778541962,-0.02912242090784045,0.3899559834938102,15683.858872077028,2.457148504257198
-0.31903988995873445,-0.182503438789546,-0.14774415405777164,-0.24683081155433306,0.07714993122420932,0.03317469050894084,-0.0778074277854196,-0.05912242090784048,0.3899559834938102,15582.858872077028,2.4611529827117913
-0.32903988995873445,-0.1925034387895459,-0.12774415405777162,-0.24683081155433306,0.07714993122420932,0.03317469050894084,-0.09780742778541962,-0.03912242090784046,0.3599559834938102,15481.858872077028,2.465152931213378
-0.3490398899587345,-0.182503438789546,-0.14774415405777164,-0.25683081155433307,0.057149931224209305,0.01317469050894085,-0.10780742778541963,-0.05912242090784048,0.39995598349381023,15528.858872077028,2.4684845924377434
-0.32903988995873445,-0.172503438789546,-0.17774415405777166,-0.29683081155433305,0.06714993122420931,0.0031746905089408417,-0.14780742778541966,-0.03912242090784046,0.2899559834938102,15879.858872077028,2.469517183303836
-0.33903988995873446,-0.182503438789546,-0.16774415405777165,-0.2768308115543331,0.047149931224209296,0.01317469050894085,-0.08780742778541961,-0.02912242090784045,0.30995598349381015,16068.858872077028,2.4737030982971184
-0.3590398899587345,-0.21250343878954592,-0.15774415405777165,-0.25683081155433307,0.057149931224209305,0.01317469050894085,-0.09780742778541962,-0.07912242090784039,0.30995598349381015,16085.858872077028,2.4779636383056634
-0.3490398899587345,-0.1925034387895459,-0.19774415405777163,-0.2768308115543331,0.047149931224209296,0.03317469050894084,-0.0778074277854196,-0.04912242090784047,0.2799559834938102,16460.858872077028,2.4803838253021233
-0.31903988995873445,-0.172503438789546,-0.15774415405777165,-0.2768308115543331,0.047149931224209296,0.02317469050894086,-0.0678074277854197,-0.11912242090784042,0.32995598349381017,16423.858872077028,2.481453132629394
-0.33903988995873446,-0.182503438789546,-0.17774415405777166,-0.25683081155433307,0.057149931224209305,0.03317469050894084,-0.08780742778541961,-0.12912242090784043,0.26995598349381017,16320.858872077028,2.4854318618774407
-0.36903988995873444,-0.182503438789546,-0.14774415405777164,-0.21683081155433304,0.03714993122420929,0.03317469050894084,-0.08780742778541961,-0.05912242090784048,0.2999559834938102,16461.858872077028,2.4902431488037102
-0.33903988995873446,-0.182503438789546,-0.16774415405777165,-0.23683081155433305,0.02714993122420928,0.02317469050894086,-0.04780742778541969,-0.07912242090784039,0.24995598349381015,16378.858872077028,2.49335236549377
-0.32903988995873445,-0.2025034387895459,-0.13774415405777163,-0.24683081155433306,0.03714993122420929,0.02317469050894086,-0.057807427785419696,-0.05912242090784048,0.25995598349381016,16227.858872077028,2.49335236549377
-0.31903988995873445,-0.21250343878954592,-0.12774415405777162,-0.22683081155433304,0.03714993122420929,0.01317469050894085,-0.08780742778541961,-0.0891224209078404,0.26995598349381017,16400.858872077028,2.498352479934688
-0.3490398899587345,-0.172503438789546,-0.12774415405777162,-0.23683081155433305,0.047149931224209296,0.0031746905089408417,-0.11780742778541964,-0.02912242090784045,0.2899559834938102,16363.858872077028,2.5023526668548577
-0.36903988995873444,-0.2025034387895459,-0.14774415405777164,-0.21683081155433304,0.047149931224209296,0.03317469050894084,-0.11780742778541964,-0.06912242090784049,0.2899559834938102,16092.858872077028,2.50551528930664
-0.30903988995873444,-0.21250343878954592,-0.13774415405777163,-0.24683081155433306,0.057149931224209305,0.03317469050894084,-0.11780742778541964,-0.05912242090784048,0.2799559834938102,15947.858872077028,2.5064749240875237
-0.31903988995873445,-0.16250343878954598,-0.12774415405777162,-0.24683081155433306,0.057149931224209305,0.03317469050894084,-0.09780742778541962,-0.04912242090784047,0.30995598349381015,16144.858872077028,2.509553146362304
-0.2790398899587344,-0.172503438789546,-0.0877441540577717,-0.23683081155433305,0.06714993122420931,0.01317469050894085,-0.10780742778541963,-0.0991224209078404,0.30995598349381015,16289.858872077028,2.513863039016723
-0.2890398899587344,-0.2025034387895459,-0.07774415405777169,-0.24683081155433306,0.06714993122420931,0.02317469050894086,-0.11780742778541964,-0.0891224209078404,0.3499559834938102,16248.858872077028,2.5179073333740227
-0.30903988995873444,-0.172503438789546,-0.09774415405777159,-0.25683081155433307,0.07714993122420932,0.01317469050894085,-0.12780742778541965,-0.12912242090784043,0.31995598349381016,15963.858872077028,2.5188910484313993
-0.29903988995873443,-0.1925034387895459,-0.1077441540577716,-0.2668308115543331,0.06714993122420931,0.02317469050894086,-0.09780742778541962,-0.10912242090784041,0.3499559834938102,16212.858872077028,2.522568178176879
-0.31903988995873445,-0.2025034387895459,-0.1077441540577716,-0.24683081155433306,0.06714993122420931,0.02317469050894086,-0.10780742778541963,-0.10912242090784041,0.3599559834938102,16215.858872077028,2.5270325660705595
-0.30903988995873444,-0.172503438789546,-0.11774415405777161,-0.24683081155433306,0.06714993122420931,0.02317469050894086,-0.10780742778541963,-0.0991224209078404,0.3599559834938102,16444.858872077028,2.5298406600952106
-0.2890398899587344,-0.16250343878954598,-0.11774415405777161,-0.22683081155433304,0.057149931224209305,0.03317469050894084,-0.14780742778541966,-0.07912242090784039,0.31995598349381016,16251.858872077028,2.53387541770935
-0.30903988995873444,-0.15250343878954598,-0.11774415405777161,-0.22683081155433304,0.057149931224209305,0.03317469050894084,-0.10780742778541963,-0.0891224209078404,0.3499559834938102,15916.858872077028,2.53387541770935
-0.29903988995873443,-0.172503438789546,-0.12774415405777162,-0.25683081155433307,0.057149931224209305,0.0031746905089408417,-0.12780742778541965,-0.06912242090784049,0.30995598349381015,15727.858872077028,2.5378732204437284
-0.30903988995873444,-0.2025034387895459,-0.16774415405777165,-0.2768308115543331,0.06714993122420931,0.0031746905089408417,-0.14780742778541966,-0.07912242090784039,0.30995598349381015,16026.858872077028,2.5428695201873737
-0.33903988995873446,-0.182503438789546,-0.15774415405777165,-0.24683081155433306,0.057149931224209305,0.0031746905089408417,-0.17780742778541964,-0.06912242090784049,0.2399559834938102,16385.858872077028,2.545873355865478
-0.32903988995873445,-0.22250343878954593,-0.15774415405777165,-0.29683081155433305,0.047149931224209296,-0.006825309491059139,-0.15780742778541967,-0.04912242090784047,0.26995598349381017,15838.858872077028,2.5468699455261223
-0.30903988995873444,-0.23250343878954594,-0.13774415405777163,-0.30683081155433306,0.03714993122420929,0.01317469050894085,-0.17780742778541964,-0.0991224209078404,0.21995598349381018,15713.858872077028,2.5509533405303983
-0.33903988995873446,-0.24250343878954594,-0.11774415405777161,-0.30683081155433306,0.03714993122420929,0.0031746905089408417,-0.18780742778541964,-0.0891224209078404,0.2399559834938102,15654.858872077028,2.554081869125369
-0.3490398899587345,-0.2025034387895459,-0.12774415405777162,-0.30683081155433306,0.02714993122420928,0.0031746905089408417,-0.18780742778541964,-0.0891224209078404,0.21995598349381018,15679.858872077028,2.5583381175994866
-0.33903988995873446,-0.21250343878954592,-0.13774415405777163,-0.30683081155433306,0.047149931224209296,0.0031746905089408417,-0.20780742778541966,-0.0891224209078404,0.1799559834938102,15722.858872077028,2.5594791889190667
-0.3590398899587345,-0.22250343878954593,-0.15774415405777165,-0.28683081155433304,0.03714993122420929,0.03317469050894084,-0.20780742778541966,-0.0991224209078404,0.18995598349381015,15053.858872077028,2.562548112869262
-0.31903988995873445,-0.24250343878954594,-0.16774415405777165,-0.29683081155433305,0.047149931224209296,0.01317469050894085,-0.20780742778541966,-0.12912242090784043,0.14995598349381017,14778.858872077028,2.5670938014984124
-0.37903988995873444,-0.25250343878954595,-0.16774415405777165,-0.30683081155433306,0.03714993122420929,0.0031746905089408417,-0.23780742778541963,-0.0991224209078404,0.1799559834938102,15027.858872077028,2.5711054325103753
-0.37903988995873444,-0.26250343878954596,-0.15774415405777165,-0.2668308115543331,0.01714993122420927,0.0031746905089408417,-0.22780742778541968,-0.05912242090784048,0.1699559834938102,14970.858872077028,2.5711054325103753
-0.40903988995873447,-0.24250343878954594,-0.17774415405777166,-0.2768308115543331,-0.012850068775790646,0.02317469050894086,-0.24780742778541964,-0.07912242090784039,0.13995598349381017,15045.858872077028,2.575113487243648
-0.43903988995873444,-0.24250343878954594,-0.17774415405777166,-0.2768308115543331,-0.032850068775790664,0.01317469050894085,-0.21780742778541967,-0.10912242090784041,0.12995598349381016,15116.858872077028,2.57920427322388
-0.38903988995873445,-0.26250343878954596,-0.17774415405777166,-0.25683081155433307,-0.0728500687757907,0.02317469050894086,-0.29780742778541963,-0.12912242090784043,0.07995598349381017,14459.858872077028,2.583395671844478
-0.46903988995873447,-0.3425034387895459,-0.14774415405777164,-0.2668308115543331,-0.10285006877579073,0.01317469050894085,-0.2878074277854197,-0.23912242090784042,0.08995598349381018,13950.858872077028,2.583395671844478
-0.49903988995873444,-0.402503438789546,-0.26774415405777163,-0.28683081155433304,-0.14285006877579065,-0.006825309491059139,-0.37780742778541965,-0.41912242090784046,-0.09004401650618982,13353.858872077028,2.58840365409851
-0.4790398899587345,-0.432503438789546,-0.30774415405777167,-0.24683081155433306,-0.17285006877579068,-0.03682530949105914,-0.43780742778541964,-0.3691224209078404,-0.06004401650618982,12876.858872077028,2.5907754421234124
-0.38903988995873445,-0.4425034387895459,-0.27774415405777164,-0.23683081155433305,-0.15285006877579066,-0.03682530949105914,-0.38780742778541966,-0.28912242090784046,-0.010044016506189829,11335.858872077028,2.595793437957763
-0.37903988995873444,-0.422503438789546,-0.21774415405777164,-0.20683081155433303,-0.14285006877579065,-0.026825309491059157,-0.31780742778541965,-0.27912242090784045,0.009955983493810189,7684.858872077028,2.5989467620849602
-0.39903988995873446,-0.422503438789546,-0.22774415405777165,-0.19683081155433307,-0.13285006877579064,-0.01682530949105915,-0.32780742778541966,-0.22912242090784046,0.02995598349381018,6171.858872077028,2.599950504302978
