-0.41550357732526133,-0.43330764997248206,-0.35293340671436435,-0.22242157402311508,-0.435371491469455,-0.030657677490368754,-0.3173858007705009,-0.3635580627407816,-0.09544854155200878,62041.2275729224,0.003922414779662375
-0.3955035773252613,-0.393307649972482,-0.3329334067143644,-0.21242157402311507,-0.42537149146945497,-0.030657677490368754,-0.2873858007705009,-0.3435580627407816,-0.09544854155200878,61834.2275729224,0.008637380599974875
-0.37550357732526135,-0.43330764997248206,-0.3329334067143644,-0.1724215740231151,-0.445371491469455,-0.02065767749036876,-0.2673858007705009,-0.3535580627407816,-0.09544854155200878,62213.2275729224,0.010992002487181907
-0.36550357732526134,-0.41330764997248204,-0.29293340671436435,-0.14242157402311506,-0.465371491469455,-0.000657677490368741,-0.2773858007705009,-0.3335580627407816,-0.09544854155200878,62806.2275729224,0.011728715896605735
-0.37550357732526135,-0.42330764997248205,-0.3229334067143644,-0.18242157402311507,-0.465371491469455,-0.030657677490368754,-0.3373858007705009,-0.3435580627407816,-0.10544854155200878,62917.2275729224,0.015717697143553977
-0.3455035773252613,-0.40330764997248203,-0.28293340671436434,-0.1724215740231151,-0.475371491469455,-0.02065767749036876,-0.36738580077050087,-0.3235580627407816,-0.09544854155200878,62984.2275729224,0.020838451385493784
-0.36550357732526134,-0.40330764997248203,-0.34293340671436434,-0.16242157402311508,-0.475371491469455,-0.000657677490368741,-0.3773858007705009,-0.3335580627407816,-0.09544854155200878,63299.2275729224,0.023954343795775657
-0.3355035773252613,-0.41330764997248204,-0.31293340671436437,-0.22242157402311508,-0.475371491469455,-0.01065767749036875,-0.3273858007705009,-0.3135580627407816,-0.09544854155200878,64240.2275729224,0.024915885925292258
-0.3855035773252613,-0.383307649972482,-0.3329334067143644,-0.19242157402311508,-0.5053714914694549,-0.01065767749036875,-0.30738580077050087,-0.3635580627407816,-0.07544854155200878,65081.2275729224,0.028253746032714133
-0.3955035773252613,-0.3433076499724821,-0.29293340671436435,-0.16242157402311508,-0.49537149146945497,-0.01065767749036875,-0.2973858007705009,-0.3435580627407816,-0.09544854155200878,65486.2275729224,0.03186960220336843
-0.4055035773252613,-0.273307649972482,-0.3329334067143644,-0.16242157402311508,-0.535371491469455,-0.01065767749036875,-0.2873858007705009,-0.3635580627407816,-0.09544854155200878,66101.22757292239,0.03589005470275808
-0.4055035773252613,-0.253307649972482,-0.31293340671436437,-0.16242157402311508,-0.545371491469455,-0.01065767749036875,-0.2873858007705009,-0.3435580627407816,-0.07544854155200878,66588.22757292239,0.03688616752624441
-0.37550357732526135,-0.273307649972482,-0.29293340671436435,-0.1224215740231151,-0.5253714914694549,-0.000657677490368741,-0.2573858007705009,-0.3235580627407816,-0.09544854155200878,67003.22757292239,0.040914011001586204
-0.42550357732526134,-0.17330764997248205,-0.28293340671436434,-0.14242157402311506,-0.545371491469455,-0.000657677490368741,-0.2673858007705009,-0.3235580627407816,-0.09544854155200878,67192.22757292239,0.0454909324645989
-0.35550357732526133,-0.17330764997248205,-0.28293340671436434,-0.13242157402311505,-0.5253714914694549,-0.000657677490368741,-0.23738580077050092,-0.3335580627407816,-0.09544854155200878,67487.22757292239,0.0485126495361321
-0.4055035773252613,-0.113307649972482,-0.3329334067143644,-0.11242157402311509,-0.5053714914694549,-0.000657677490368741,-0.2173858007705009,-0.3335580627407816,-0.09544854155200878,67910.22757292239,0.04951686859130788
-0.42550357732526134,-0.123307649972482,-0.2729334067143644,-0.13242157402311505,-0.5153714914694549,-0.000657677490368741,-0.2173858007705009,-0.3135580627407816,-0.07544854155200878,68929.22757292239,0.052503061294558506
-0.36550357732526134,-0.133307649972482,-0.22293340671436435,-0.11242157402311509,-0.5253714914694549,0.00934232250963124,-0.2173858007705009,-0.2835580627407816,-0.08544854155200879,69506.22757292239,0.05650610923767019
-0.3355035773252613,-0.08330764997248208,-0.2629334067143644,-0.13242157402311505,-0.5253714914694549,-0.01065767749036875,-0.19738580077050089,-0.29355806274078156,-0.08544854155200879,70373.22757292239,0.06050271987914968
-0.3255035773252613,-0.023307649972482025,-0.24293340671436436,-0.14242157402311506,-0.5253714914694549,-0.000657677490368741,-0.23738580077050092,-0.30355806274078156,-0.08544854155200879,70682.22757292239,0.061501693725581674
-0.3255035773252613,0.02669235002751802,-0.24293340671436436,-0.1224215740231151,-0.5253714914694549,-0.01065767749036875,-0.2073858007705009,-0.29355806274078156,-0.08544854155200879,70611.22757292239,0.064572763442996
-0.3855035773252613,0.07669235002751806,-0.24293340671436436,-0.1724215740231151,-0.5253714914694549,-0.02065767749036876,-0.2173858007705009,-0.3135580627407816,-0.08544854155200879,71070.22757292239,0.0686079978942864
-0.36550357732526134,0.18669235002751794,-0.19293340671436437,-0.13242157402311505,-0.535371491469455,-0.02065767749036876,-0.19738580077050089,-0.29355806274078156,-0.07544854155200878,71723.22757292239,0.07369775772094656
-0.35550357732526133,0.19669235002751795,-0.16293340671436435,-0.1224215740231151,-0.5253714914694549,-0.02065767749036876,-0.2073858007705009,-0.3235580627407816,-0.07544854155200878,72294.22757292239,0.07624502182006765
-0.36550357732526134,0.266692350027518,-0.14293340671436439,-0.13242157402311505,-0.535371491469455,-0.02065767749036876,-0.19738580077050089,-0.3235580627407816,-0.07544854155200878,72105.22757292239,0.07728261947631765
-0.3355035773252613,0.29669235002751804,-0.14293340671436439,-0.13242157402311505,-0.555371491469455,-0.02065767749036876,-0.2173858007705009,-0.30355806274078156,-0.08544854155200879,72668.22757292239,0.0808755874633782
-0.3355035773252613,0.3666923500275179,-0.1529334067143644,-0.13242157402311505,-0.535371491469455,-0.02065767749036876,-0.24738580077050087,-0.3135580627407816,-0.09544854155200878,72823.22757292239,0.08510823249816823
-0.36550357732526134,0.43669235002751794,-0.19293340671436437,-0.18242157402311507,-0.545371491469455,-0.030657677490368754,-0.24738580077050087,-0.3635580627407816,-0.07544854155200878,72802.22757292239,0.08937854766845632
-0.36550357732526134,0.516692350027518,-0.19293340671436437,-0.15242157402311507,-0.545371491469455,-0.01065767749036875,-0.3373858007705009,-0.3435580627407816,-0.07544854155200878,72981.22757292239,0.090107870101928
-0.3455035773252613,0.526692350027518,-0.1529334067143644,-0.10242157402311508,-0.575371491469455,-0.000657677490368741,-0.3573858007705009,-0.3635580627407816,-0.08544854155200879,73056.22757292239,0.09321351051330495
-0.31550357732526135,0.6166923500275179,-0.16293340671436435,-0.1724215740231151,-0.555371491469455,0.00934232250963124,-0.3273858007705009,-0.37355806274078157,-0.08544854155200879,73119.22757292239,0.09812755584716726
-0.31550357732526135,0.6866923500275179,-0.09293340671436434,-0.2024215740231151,-0.535371491469455,-0.01065767749036875,-0.3573858007705009,-0.37355806274078157,-0.09544854155200878,73360.22757292239,0.10157890319823792
-0.30550357732526134,0.746692350027518,-0.08293340671436433,-0.25242157402311505,-0.545371491469455,-0.01065767749036875,-0.3573858007705009,-0.37355806274078157,-0.08544854155200879,73067.22757292239,0.10262508392333913
-0.3855035773252613,0.8966923500275179,-0.05293340671436442,-0.2024215740231151,-0.555371491469455,-0.01065767749036875,-0.3273858007705009,-0.3935580627407816,-0.09544854155200878,73014.22757292239,0.10678882598876882
-0.2855035773252613,0.976692350027518,-0.04293340671436441,-0.24242157402311507,-0.5253714914694549,-0.02065767749036876,-0.3373858007705009,-0.37355806274078157,-0.09544854155200878,72955.22757292239,0.10988874435424734
-0.30550357732526134,1.036692350027518,-0.04293340671436441,-0.2024215740231151,-0.5253714914694549,-0.04065767749036875,-0.3873858007705009,-0.37355806274078157,-0.09544854155200878,72722.22757292239,0.11434884071350027
-0.30550357732526134,1.1366923500275181,-0.07293340671436432,-0.2024215740231151,-0.545371491469455,-0.030657677490368754,-0.3773858007705009,-0.40355806274078154,-0.09544854155200878,72655.22757292239,0.11434884071350027
-0.19550357732526136,1.186692350027518,-0.05293340671436442,-0.1724215740231151,-0.535371491469455,-0.02065767749036876,-0.3273858007705009,-0.3635580627407816,-0.08544854155200879,71996.22757292239,0.11835975646972585
-0.19550357732526136,1.2766923500275178,-0.04293340671436441,-0.18242157402311507,-0.555371491469455,-0.01065767749036875,-0.3573858007705009,-0.3935580627407816,-0.08544854155200879,71865.22757292239,0.12237687110900808
-0.17550357732526134,1.306692350027518,-0.06293340671436431,-0.15242157402311507,-0.535371491469455,0.00934232250963124,-0.3473858007705009,-0.3935580627407816,-0.08544854155200879,71690.22757292239,0.12635202407836843
-0.1255035773252613,1.3866923500275181,-0.04293340671436441,-0.13242157402311505,-0.565371491469455,0.00934232250963124,-0.3573858007705009,-0.3835580627407816,-0.08544854155200879,71043.22757292239,0.12635202407836843
-0.09550357732526138,1.4466923500275182,-0.05293340671436442,-0.15242157402311507,-0.545371491469455,0.00934232250963124,-0.30738580077050087,-0.41355806274078155,-0.08544854155200879,70684.22757292239,0.13077087402344034
-0.08550357732526137,1.456692350027518,-0.02293340671436439,-0.14242157402311506,-0.545371491469455,-0.000657677490368741,-0.30738580077050087,-0.3935580627407816,-0.06544854155200878,70493.22757292239,0.13400359153747843
-0.08550357732526137,1.4666923500275177,-0.0029334067143643727,-0.1724215740231151,-0.535371491469455,0.00934232250963124,-0.30738580077050087,-0.37355806274078157,-0.07544854155200878,70638.22757292239,0.139105033874511
-0.0055035773252613,1.4866923500275178,0.017066593285635645,-0.15242157402311507,-0.555371491469455,0.00934232250963124,-0.30738580077050087,-0.40355806274078154,-0.06544854155200878,70449.22757292239,0.139105033874511
0.014496422674738718,1.5266923500275178,-0.0029334067143643727,-0.15242157402311507,-0.565371491469455,-0.01065767749036875,-0.3473858007705009,-0.40355806274078154,-0.08544854155200879,70280.22757292239,0.14348978996276784
0.034496422674738625,1.536692350027518,0.017066593285635645,-0.16242157402311508,-0.555371491469455,0.00934232250963124,-0.2973858007705009,-0.3835580627407816,-0.06544854155200878,69937.22757292239,0.14762325286864808
0.034496422674738625,1.516692350027518,0.05706659328563568,-0.14242157402311506,-0.555371491469455,0.029342322509631258,-0.3273858007705009,-0.37355806274078157,-0.06544854155200878,69180.22757292239,0.1509923458099358
0.05449642267473864,1.5066923500275178,0.07706659328563559,-0.14242157402311506,-0.565371491469455,0.029342322509631258,-0.3473858007705009,-0.3835580627407816,-0.06544854155200878,68323.22757292239,0.15468640327453542
0.08449642267473867,1.516692350027518,0.10706659328563561,-0.14242157402311506,-0.555371491469455,0.01934232250963125,-0.43738580077050093,-0.3935580627407816,-0.08544854155200879,68068.22757292239,0.15553326606750417
0.09449642267473868,1.5266923500275178,0.10706659328563561,-0.16242157402311508,-0.565371491469455,0.00934232250963124,-0.3873858007705009,-0.3835580627407816,-0.06544854155200878,67117.22757292239,0.15950603485107706
0.1244964226747387,1.536692350027518,0.12706659328563563,-0.18242157402311507,-0.575371491469455,0.029342322509631258,-0.4073858007705009,-0.3835580627407816,-0.05544854155200879,66112.22757292239,0.16350574493407777
0.1244964226747387,1.5266923500275178,0.15706659328563566,-0.25242157402311505,-0.575371491469455,-0.01065767749036875,-0.3573858007705009,-0.3635580627407816,-0.04544854155200878,65839.22757292239,0.16650505065917898
0.17449642267473864,1.496692350027518,0.16706659328563567,-0.27242157402311507,-0.565371491469455,-0.000657677490368741,-0.30738580077050087,-0.3935580627407816,-0.05544854155200879,65502.2275729224,0.16750688552856374
0.16449642267473863,1.4866923500275178,0.2070665932856356,-0.27242157402311507,-0.555371491469455,-0.000657677490368741,-0.3273858007705009,-0.40355806274078154,-0.05544854155200879,64561.2275729224,0.17180557250976847
0.19449642267473866,1.4466923500275182,0.23706659328563562,-0.21242157402311507,-0.565371491469455,-0.000657677490368741,-0.3473858007705009,-0.3835580627407816,-0.06544854155200878,63534.2275729224,0.17524666786193777
0.20449642267473866,1.4066923500275181,0.26706659328563565,-0.21242157402311507,-0.555371491469455,0.00934232250963124,-0.3773858007705009,-0.3835580627407816,-0.05544854155200879,63005.2275729224,0.1794483184814446
0.20449642267473866,1.4266923500275182,0.29706659328563567,-0.25242157402311505,-0.555371491469455,0.00934232250963124,-0.3373858007705009,-0.3635580627407816,-0.04544854155200878,62392.2275729224,0.1794483184814446
0.20449642267473866,1.366692350027518,0.37706659328563563,-0.25242157402311505,-0.565371491469455,-0.000657677490368741,-0.3273858007705009,-0.3635580627407816,-0.06544854155200878,62033.2275729224,0.1839501380920403
0.2344964226747387,1.306692350027518,0.4270665932856357,-0.19242157402311508,-0.555371491469455,-0.000657677490368741,-0.3273858007705009,-0.3635580627407816,-0.04544854155200878,61966.2275729224,0.18795843124389577
0.2344964226747387,1.266692350027518,0.4570665932856357,-0.1224215740231151,-0.555371491469455,0.029342322509631258,-0.2973858007705009,-0.3635580627407816,-0.04544854155200878,62057.2275729224,0.19196267127990652
0.2544964226747387,1.2166923500275177,0.5470665932856356,-0.1224215740231151,-0.545371491469455,0.029342322509631258,-0.3273858007705009,-0.3835580627407816,-0.05544854155200879,62692.2275729224,0.19196267127990652
0.2644964226747387,1.1566923500275181,0.5870665932856356,-0.15242157402311507,-0.545371491469455,0.01934232250963125,-0.30738580077050087,-0.3835580627407816,-0.05544854155200879,63135.2275729224,0.19611592292785573
0.30449642267473875,1.1066923500275179,0.6270665932856356,-0.2024215740231151,-0.535371491469455,0.00934232250963124,-0.30738580077050087,-0.3635580627407816,-0.04544854155200878,63356.2275729224,0.19970912933349538
0.3344964226747388,1.0866923500275179,0.6570665932856357,-0.2024215740231151,-0.5253714914694549,-0.01065767749036875,-0.3173858007705009,-0.3635580627407816,-0.04544854155200878,63493.2275729224,0.2037386417388909
0.34449642267473857,1.016692350027518,0.7070665932856357,-0.19242157402311508,-0.535371491469455,-0.000657677490368741,-0.3373858007705009,-0.3535580627407816,-0.04544854155200878,64472.2275729224,0.20482797622680593
0.3844964226747386,0.976692350027518,0.7070665932856357,-0.2024215740231151,-0.5253714914694549,0.00934232250963124,-0.3273858007705009,-0.37355806274078157,-0.04544854155200878,65429.2275729224,0.2078589916229241
0.3844964226747386,0.956692350027518,0.7670665932856355,-0.10242157402311508,-0.535371491469455,0.029342322509631258,-0.3573858007705009,-0.3535580627407816,-0.04544854155200878,66272.22757292239,0.2128550529480009
0.4044964226747386,0.8966923500275179,0.8070665932856356,-0.13242157402311505,-0.5253714914694549,0.029342322509631258,-0.3573858007705009,-0.3835580627407816,-0.04544854155200878,67413.22757292239,0.21618623733520437
0.41449642267473863,0.8566923500275179,0.8270665932856356,-0.10242157402311508,-0.5153714914694549,0.029342322509631258,-0.3873858007705009,-0.3635580627407816,-0.04544854155200878,67516.22757292239,0.22010440826415945
0.44449642267473866,0.8466923500275179,0.8370665932856356,-0.18242157402311507,-0.5253714914694549,-0.000657677490368741,-0.3773858007705009,-0.3635580627407816,-0.035448541552008786,68041.22757292239,0.22034497261047647
0.4644964226747387,0.806692350027518,0.8670665932856356,-0.19242157402311508,-0.5153714914694549,-0.01065767749036875,-0.36738580077050087,-0.37355806274078157,-0.035448541552008786,68472.22757292239,0.2241949558258085
0.45449642267473866,0.756692350027518,0.9270665932856357,-0.15242157402311507,-0.5053714914694549,0.00934232250963124,-0.3773858007705009,-0.3535580627407816,-0.015448541552008782,69323.22757292239,0.2286283493041985
0.4644964226747387,0.766692350027518,0.9270665932856357,-0.14242157402311506,-0.5053714914694549,0.00934232250963124,-0.3573858007705009,-0.3635580627407816,-0.005448541552008773,70378.22757292239,0.23263020515441823
0.4844964226747387,0.706692350027518,0.9670665932856357,-0.16242157402311508,-0.48537149146945496,-0.000657677490368741,-0.3873858007705009,-0.3635580627407816,-0.005448541552008773,71157.22757292239,0.23263020515441823
0.4744964226747387,0.726692350027518,0.9570665932856357,-0.1724215740231151,-0.475371491469455,0.00934232250963124,-0.36738580077050087,-0.3635580627407816,-0.005448541552008773,71978.22757292239,0.23661894798278738
0.4644964226747387,0.706692350027518,0.9570665932856357,-0.1724215740231151,-0.48537149146945496,0.00934232250963124,-0.3873858007705009,-0.3635580627407816,-0.005448541552008773,72157.22757292239,0.2406184196472161
0.4744964226747387,0.706692350027518,0.9770665932856357,-0.18242157402311507,-0.465371491469455,0.029342322509631258,-0.3873858007705009,-0.3535580627407816,-0.005448541552008773,72262.22757292239,0.24475784301757386
0.44449642267473866,0.696692350027518,0.9870665932856357,-0.1224215740231151,-0.455371491469455,0.04934232250963125,-0.4073858007705009,-0.3635580627407816,0.004551458447991208,71895.22757292239,0.2458223819732659
0.43449642267473865,0.726692350027518,1.0170665932856355,-0.1224215740231151,-0.445371491469455,0.029342322509631258,-0.43738580077050093,-0.3635580627407816,-0.005448541552008773,72034.22757292239,0.24914426803588796
0.3944964226747386,0.736692350027518,1.0570665932856356,-0.11242157402311509,-0.445371491469455,0.03934232250963124,-0.43738580077050093,-0.3935580627407816,-0.015448541552008782,71483.22757292239,0.2532543659210198
0.3344964226747388,0.756692350027518,1.0670665932856356,-0.15242157402311507,-0.41537149146945496,0.05934232250963126,-0.4273858007705009,-0.3835580627407816,0.004551458447991208,70966.22757292239,0.2573599338531487
0.32449642267473877,0.756692350027518,1.0870665932856356,-0.11242157402311509,-0.41537149146945496,0.07934232250963125,-0.4273858007705009,-0.37355806274078157,-0.005448541552008773,70983.22757292239,0.2573599338531487
0.34449642267473857,0.716692350027518,1.0970665932856356,-0.10242157402311508,-0.38537149146945493,0.08934232250963126,-0.4173858007705009,-0.3935580627407816,-0.015448541552008782,70704.22757292239,0.26119728088378835
0.3644964226747386,0.706692350027518,1.0970665932856356,-0.1224215740231151,-0.38537149146945493,0.10934232250963125,-0.3973858007705009,-0.3835580627407816,0.004551458447991208,70809.22757292239,0.2651922225952106
0.3844964226747386,0.6766923500275179,1.0970665932856356,-0.09242157402311507,-0.37537149146945503,0.11934232250963125,-0.43738580077050093,-0.3835580627407816,-0.005448541552008773,70682.22757292239,0.269201469421386
0.3944964226747386,0.6266923500275179,1.1470665932856356,-0.09242157402311507,-0.325371491469455,0.10934232250963125,-0.4073858007705009,-0.3835580627407816,-0.005448541552008773,71147.22757292239,0.27034564018249085
0.44449642267473866,0.5766923500275181,1.1370665932856356,-0.10242157402311508,-0.29537149146945496,0.13934232250963127,-0.43738580077050093,-0.3835580627407816,0.014551458447991217,71398.22757292239,0.27333350181579874
0.4744964226747387,0.526692350027518,1.1670665932856357,-0.07242157402311505,-0.28537149146945495,0.12934232250963126,-0.4273858007705009,-0.37355806274078157,0.014551458447991217,71917.22757292239,0.2783646106719999
0.5044964226747387,0.46669235002751797,1.1770665932856357,-0.09242157402311507,-0.29537149146945496,0.17934232250963125,-0.43738580077050093,-0.3635580627407816,0.004551458447991208,72120.22757292239,0.2813643932342522
0.5144964226747387,0.46669235002751797,1.1870665932856357,-0.0624215740231151,-0.225371491469455,0.17934232250963125,-0.3873858007705009,-0.3635580627407816,0.014551458447991217,72009.22757292239,0.2823647975921624
0.5144964226747387,0.44669235002751795,1.2070665932856357,-0.032421574023115074,-0.215371491469455,0.19934232250963127,-0.3973858007705009,-0.3835580627407816,0.004551458447991208,71430.22757292239,0.28588624000549245
0.4944964226747387,0.4166923500275179,1.2370665932856357,-0.032421574023115074,-0.215371491469455,0.18934232250963126,-0.4073858007705009,-0.37355806274078157,0.014551458447991217,71235.22757292239,0.28988428115844656
0.4744964226747387,0.35669235002751787,1.2770665932856355,0.007578425976884906,-0.15537149146945495,0.17934232250963125,-0.3773858007705009,-0.3635580627407816,0.014551458447991217,71388.22757292239,0.2939519405364983
0.4644964226747387,0.35669235002751787,1.2970665932856356,0.027578425976884924,-0.10537149146945501,0.18934232250963126,-0.36738580077050087,-0.3435580627407816,0.024551458447991226,70697.22757292239,0.2972585678100579
0.4644964226747387,0.3766923500275179,1.2970665932856356,-0.002421574023115103,-0.04537149146945496,0.19934232250963127,-0.3973858007705009,-0.3435580627407816,0.014551458447991217,70216.22757292239,0.29826064109802175
0.41449642267473863,0.3666923500275179,1.3170665932856356,-0.012421574023115056,0.0046285085305449725,0.15934232250963123,-0.3773858007705009,-0.3335580627407816,0.03455145844799121,69561.22757292239,0.3022377014160149
0.42449642267473864,0.34669235002751786,1.3270665932856356,-0.002421574023115103,0.034628508530545,0.17934232250963125,-0.3473858007705009,-0.3335580627407816,0.044551458447991216,69286.22757292239,0.30725450515747
0.4044964226747386,0.33669235002751785,1.3070665932856356,0.027578425976884924,0.05462850853054502,0.18934232250963126,-0.3473858007705009,-0.3235580627407816,0.044551458447991216,68673.22757292239,0.31050391197204874
0.3744964226747386,0.33669235002751785,1.3170665932856356,0.03757842597688493,0.06462850853054503,0.18934232250963126,-0.3173858007705009,-0.3535580627407816,0.024551458447991226,68032.22757292239,0.31150479316711355
0.3944964226747386,0.33669235002751785,1.3170665932856356,0.03757842597688493,0.08462850853054504,0.19934232250963127,-0.3273858007705009,-0.3335580627407816,0.03455145844799121,68005.22757292239,0.31446261405944753
0.3544964226747386,0.3766923500275179,1.2870665932856356,0.04757842597688494,0.11462850853054507,0.23934232250963125,-0.2873858007705009,-0.2835580627407816,0.03455145844799121,67056.22757292239,0.31874198913574503
0.3844964226747386,0.3666923500275179,1.2670665932856355,0.0675784259768849,0.1346285085305451,0.2593423225096313,-0.2573858007705009,-0.2835580627407816,0.03455145844799121,66207.22757292239,0.32296700477600027
0.4044964226747386,0.33669235002751785,1.2270665932856357,0.07757842597688491,0.1846285085305449,0.22934232250963124,-0.2873858007705009,-0.30355806274078156,0.03455145844799121,66112.22757292239,0.3237597465515165
0.42449642267473864,0.35669235002751787,1.1670665932856357,0.0675784259768849,0.24462850853054496,0.20934232250963122,-0.2873858007705009,-0.2835580627407816,0.044551458447991216,66221.22757292239,0.3267597675323479
0.4644964226747387,0.3666923500275179,1.0870665932856356,0.057578425976884895,0.264628508530545,0.2693423225096312,-0.24738580077050087,-0.2535580627407816,0.03455145844799121,66656.22757292239,0.3317598819732659
0.5344964226747387,0.3966923500275179,1.0270665932856355,0.07757842597688491,0.274628508530545,0.30934232250963123,-0.24738580077050087,-0.2835580627407816,0.0645514584479912,66467.22757292239,0.33522958755493093
0.5144964226747387,0.3866923500275179,0.9770665932856357,0.09757842597688493,0.32462850853054503,0.2693423225096312,-0.2273858007705009,-0.23355806274078156,0.0645514584479912,65818.22757292239,0.3362147331237786
0.4944964226747387,0.34669235002751786,0.9370665932856357,0.09757842597688493,0.3746285085305451,0.31934232250963124,-0.2173858007705009,-0.2135580627407816,0.0945514584479912,65539.22757292239,0.33895845413207937
0.4844964226747387,0.3866923500275179,0.9270665932856357,0.1975784259768849,0.36462850853054507,0.3593423225096313,-0.2273858007705009,-0.2035580627407816,0.11455145844799122,65598.22757292239,0.34368319511413503
0.4844964226747387,0.3866923500275179,0.9170665932856357,0.25757842597688496,0.3946285085305451,0.4093423225096313,-0.17738580077050092,-0.19355806274078158,0.1545514584479912,65101.2275729224,0.3466698646545403
0.4844964226747387,0.4166923500275179,0.8370665932856356,0.23757842597688494,0.4146285085305451,0.45934232250963125,-0.1373858007705009,-0.1635580627407816,0.17455145844799122,64680.2275729224,0.3476690769195585
0.4644964226747387,0.42669235002751793,0.8370665932856356,0.26757842597688497,0.4246285085305451,0.5093423225096313,-0.1373858007705009,-0.1535580627407816,0.19455145844799124,64415.2275729224,0.35088081359863565
0.4744964226747387,0.42669235002751793,0.8570665932856356,0.2975784259768849,0.4046285085305451,0.5693423225096312,-0.11738580077050087,-0.1535580627407816,0.2045514584479912,64050.2275729224,0.35588498115539835
0.41449642267473863,0.45669235002751796,0.8270665932856356,0.3075784259768849,0.4046285085305451,0.6093423225096313,-0.10738580077050086,-0.12355806274078157,0.23455145844799122,63417.2275729224,0.3598873138427727
0.3744964226747386,0.486692350027518,0.8370665932856356,0.3375784259768849,0.4346285085305449,0.6393423225096313,-0.10738580077050086,-0.10355806274078161,0.23455145844799122,62918.2275729224,0.36341781616210866
0.34449642267473857,0.506692350027518,0.7970665932856356,0.35757842597688494,0.4246285085305451,0.6793423225096312,-0.10738580077050086,-0.06355806274078157,0.2745514584479912,62753.2275729224,0.36442298889160085
0.31449642267473876,0.506692350027518,0.8070665932856356,0.4175784259768849,0.4146285085305451,0.6893423225096312,-0.1473858007705009,-0.043558062740781556,0.28455145844799123,62756.2275729224,0.3685161590576165
0.2744964226747387,0.536692350027518,0.7970665932856356,0.4075784259768849,0.48462850853054495,0.7393423225096313,-0.12738580077050088,-0.023558062740781538,0.31455145844799126,62987.2275729224,0.37250204086303995
0.2444964226747387,0.506692350027518,0.8170665932856356,0.4075784259768849,0.544628508530545,0.7193423225096313,-0.08738580077050084,-0.013558062740781529,0.3545514584479912,62760.2275729224,0.3757714748382561
0.2544964226747387,0.566692350027518,0.7570665932856355,0.4375784259768849,0.514628508530545,0.7293423225096313,-0.05738580077050093,-0.003558062740781631,0.3845514584479912,62187.2275729224,0.37680621147156046
0.2444964226747387,0.5866923500275179,0.7270665932856357,0.4475784259768849,0.564628508530545,0.7493423225096313,-0.0273858007705009,-0.003558062740781631,0.40455145844799123,62500.2275729224,0.38080353736877015
0.2544964226747387,0.5766923500275181,0.6870665932856357,0.4575784259768849,0.534628508530545,0.8093423225096312,-0.0273858007705009,0.026441937259218395,0.42455145844799114,62691.2275729224,0.38392062187194753
0.2544964226747387,0.6166923500275179,0.6470665932856356,0.4575784259768849,0.6046285085305451,0.8093423225096312,-0.007385800770500883,0.036441937259218404,0.43455145844799115,62720.2275729224,0.38816232681274343
0.2444964226747387,0.6166923500275179,0.6370665932856356,0.4675784259768849,0.6446285085305451,0.8093423225096312,0.012614199229499135,0.026441937259218395,0.4645514584479912,62637.2275729224,0.38816232681274343
0.19449642267473866,0.696692350027518,0.5970665932856356,0.49757842597688495,0.6346285085305451,0.8493423225096313,0.03261419922949915,0.026441937259218395,0.4645514584479912,62412.2275729224,0.39216346740722585
0.2444964226747387,0.706692350027518,0.5770665932856356,0.517578425976885,0.6546285085305451,0.8393423225096313,0.03261419922949915,0.036441937259218404,0.4745514584479912,62505.2275729224,0.3962108612060504
0.19449642267473866,0.766692350027518,0.5470665932856356,0.5675784259768849,0.6446285085305451,0.8593423225096313,0.05261419922949906,0.036441937259218404,0.4745514584479912,62208.2275729224,0.40123243331908753
0.17449642267473864,0.776692350027518,0.5270665932856355,0.6075784259768849,0.7146285085305449,0.7893423225096313,0.03261419922949915,0.016441937259218387,0.4745514584479912,62427.2275729224,0.40123243331908753
0.18449642267473865,0.796692350027518,0.4770665932856357,0.617578425976885,0.724628508530545,0.8593423225096313,0.04261419922949905,0.006441937259218378,0.4745514584479912,62846.2275729224,0.40438408851623464
0.20449642267473866,0.816692350027518,0.4670665932856357,0.5975784259768849,0.6946285085305449,0.9693423225096314,0.0026141992294991256,-0.013558062740781529,0.44455145844799115,62563.2275729224,0.40941805839538503
0.17449642267473864,0.8366923500275179,0.4770665932856357,0.6075784259768849,0.724628508530545,0.9393423225096313,0.012614199229499135,-0.023558062740781538,0.45455145844799116,62748.2275729224,0.4134208679199176
0.20449642267473866,0.8566923500275179,0.4570665932856357,0.647578425976885,0.764628508530545,0.9493423225096314,-0.017385800770500892,-0.003558062740781631,0.40455145844799123,63511.2275729224,0.4134208679199176
0.21449642267473867,0.8966923500275179,0.4270665932856357,0.677578425976885,0.7046285085305449,1.0493423225096312,-0.04738580077050092,-0.03355806274078155,0.3645514584479912,63250.2275729224,0.41762776374816823
0.21449642267473867,0.9166923500275179,0.41706659328563567,0.697578425976885,0.6646285085305451,1.0693423225096312,-0.09738580077050085,-0.023558062740781538,0.28455145844799123,63335.2275729224,0.42092461585998464
0.2544964226747387,0.9266923500275179,0.4370665932856357,0.687578425976885,0.7046285085305449,1.0893423225096313,-0.12738580077050088,-0.043558062740781556,0.2645514584479912,63920.2275729224,0.4256817817687981
0.2544964226747387,0.946692350027518,0.41706659328563567,0.707578425976885,0.6646285085305451,1.1393423225096313,-0.12738580077050088,-0.06355806274078157,0.2545514584479912,64621.2275729224,0.4256817817687981
0.28449642267473874,0.946692350027518,0.41706659328563567,0.7275784259768848,0.6746285085305451,1.1193423225096313,-0.1373858007705009,-0.03355806274078155,0.24455145844799123,64906.2275729224,0.4297565937042229
0.29449642267473874,0.9666923500275177,0.41706659328563567,0.7275784259768848,0.6646285085305451,1.1893423225096313,-0.1573858007705009,-0.06355806274078157,0.2045514584479912,64863.2275729224,0.4339344024658196
0.28449642267473874,0.996692350027518,0.39706659328563565,0.7375784259768848,0.6346285085305451,1.2193423225096314,-0.2273858007705009,-0.07355806274078158,0.2145514584479912,65170.2275729224,0.4379341125488274
0.30449642267473875,0.946692350027518,0.40706659328563566,0.7575784259768849,0.6146285085305451,1.2793423225096312,-0.2073858007705009,-0.07355806274078158,0.19455145844799124,66271.22757292239,0.4409350872039788
0.29449642267473874,0.956692350027518,0.41706659328563567,0.7475784259768848,0.6146285085305451,1.3193423225096312,-0.2573858007705009,-0.0935580627407816,0.2045514584479912,66960.22757292239,0.44193525314330984
0.3544964226747386,0.976692350027518,0.40706659328563566,0.7975784259768849,0.564628508530545,1.3393423225096313,-0.2673858007705009,-0.10355806274078161,0.18455145844799123,67069.22757292239,0.4456867694854765
0.3544964226747386,0.956692350027518,0.39706659328563565,0.7975784259768849,0.554628508530545,1.4093423225096313,-0.2273858007705009,-0.0935580627407816,0.1545514584479912,67238.22757292239,0.449729394912719
0.3544964226747386,0.9366923500275179,0.40706659328563566,0.7675784259768849,0.524628508530545,1.4393423225096313,-0.2673858007705009,-0.08355806274078159,0.17455145844799122,67413.22757292239,0.4539026737213163
0.3544964226747386,0.9266923500275179,0.41706659328563567,0.7675784259768849,0.504628508530545,1.4893423225096312,-0.2973858007705009,-0.08355806274078159,0.1645514584479912,67564.22757292239,0.4548966407775872
0.3844964226747386,0.9166923500275179,0.41706659328563567,0.7675784259768849,0.47462850853054495,1.5493423225096312,-0.30738580077050087,-0.0935580627407816,0.17455145844799122,67983.22757292239,0.4588982582092278
0.3844964226747386,0.8766923500275179,0.4670665932856357,0.7575784259768849,0.46462850853054494,1.5693423225096312,-0.2973858007705009,-0.12355806274078157,0.1545514584479912,68454.22757292239,0.46218795776367116
0.3744964226747386,0.8566923500275179,0.5170665932856355,0.7775784259768849,0.4246285085305451,1.5793423225096312,-0.2873858007705009,-0.10355806274078161,0.17455145844799122,69237.22757292239,0.46619601249694753
0.3544964226747386,0.816692350027518,0.5670665932856356,0.7875784259768849,0.4346285085305449,1.5893423225096313,-0.2873858007705009,-0.0935580627407816,0.17455145844799122,70084.22757292239,0.46689863204955984
0.34449642267473857,0.8266923500275181,0.6370665932856356,0.7975784259768849,0.3946285085305451,1.6093423225096313,-0.2873858007705009,-0.08355806274078159,0.17455145844799122,70499.22757292239,0.47025818824767995
0.3544964226747386,0.796692350027518,0.6270665932856356,0.8175784259768849,0.3746285085305451,1.5993423225096313,-0.3173858007705009,-0.0935580627407816,0.1545514584479912,70896.22757292239,0.4743740081787102
0.3744964226747386,0.756692350027518,0.6570665932856357,0.8175784259768849,0.3846285085305451,1.5893423225096313,-0.23738580077050092,-0.13355806274078158,0.1545514584479912,70995.22757292239,0.47826809883117605
0.4044964226747386,0.696692350027518,0.7170665932856357,0.8375784259768849,0.3746285085305451,1.5893423225096313,-0.16738580077050091,-0.1435580627407816,0.1445514584479912,71888.22757292239,0.47927803993225027
0.41449642267473863,0.6766923500275179,0.7170665932856357,0.867578425976885,0.3846285085305451,1.5693423225096312,-0.19738580077050089,-0.13355806274078158,0.1545514584479912,72225.22757292239,0.4824687957763665
0.42449642267473864,0.6566923500275179,0.7670665932856355,0.897578425976885,0.36462850853054507,1.5493423225096312,-0.2173858007705009,-0.12355806274078157,0.1545514584479912,72516.22757292239,0.48700685501098206
0.43449642267473865,0.6466923500275179,0.7770665932856355,0.937578425976885,0.36462850853054507,1.5193423225096312,-0.18738580077050088,-0.17355806274078156,0.1445514584479912,73649.22757292239,0.49078030586242605
0.42449642267473864,0.6366923500275179,0.7870665932856356,0.9675784259768848,0.33462850853054504,1.4893423225096312,-0.12738580077050088,-0.13355806274078158,0.1645514584479912,74556.22757292239,0.49155683517455984
0.44449642267473866,0.6166923500275179,0.8070665932856356,0.9775784259768848,0.34462850853054505,1.4593423225096314,-0.1573858007705009,-0.11355806274078156,0.1545514584479912,75249.22757292239,0.49521942138671804
0.44449642267473866,0.5866923500275179,0.8470665932856356,0.9875784259768848,0.36462850853054507,1.4293423225096313,-0.18738580077050088,-0.12355806274078157,0.13455145844799124,75354.22757292239,0.499006938934329
0.4944964226747387,0.566692350027518,0.8470665932856356,0.9975784259768848,0.35462850853054506,1.4493423225096314,-0.1473858007705009,-0.13355806274078158,0.12455145844799123,75299.22757292239,0.5035385608673089
0.4944964226747387,0.536692350027518,0.8770665932856356,0.937578425976885,0.3846285085305451,1.4793423225096314,-0.18738580077050088,-0.13355806274078158,0.12455145844799123,75698.22757292239,0.5071794509887688
0.5144964226747387,0.526692350027518,0.8970665932856356,0.917578425976885,0.35462850853054506,1.4993423225096312,-0.16738580077050091,-0.0935580627407816,0.1445514584479912,75841.22757292239,0.5080859184265165
0.5244964226747387,0.506692350027518,0.9070665932856357,0.877578425976885,0.4046285085305451,1.5093423225096312,-0.1473858007705009,-0.07355806274078158,0.11455145844799122,75804.22757292239,0.5115170001983635
0.5444964226747387,0.476692350027518,0.8970665932856356,0.8475784259768849,0.4046285085305451,1.5093423225096312,-0.1373858007705009,-0.043558062740781556,0.1545514584479912,76241.22757292239,0.5155696392059319
0.5744964226747388,0.46669235002751797,0.8770665932856356,0.8275784259768849,0.3946285085305451,1.5293423225096312,-0.1473858007705009,-0.053558062740781565,0.1445514584479912,76038.22757292239,0.519437265396121
0.5544964226747388,0.486692350027518,0.8870665932856356,0.7975784259768849,0.4046285085305451,1.5293423225096312,-0.1373858007705009,-0.053558062740781565,0.18455145844799123,75651.22757292239,0.5203356266021721
0.5744964226747388,0.516692350027518,0.8570665932856356,0.7975784259768849,0.3846285085305451,1.5493423225096312,-0.1473858007705009,0.016441937259218387,0.19455145844799124,75614.22757292239,0.5247134685516386
0.5444964226747387,0.536692350027518,0.8370665932856356,0.7875784259768849,0.3746285085305451,1.5793423225096312,-0.16738580077050091,-0.003558062740781631,0.17455145844799122,76255.22757292239,0.5287117481231682
0.5044964226747387,0.526692350027518,0.8570665932856356,0.7975784259768849,0.3746285085305451,1.5893423225096313,-0.1473858007705009,0.016441937259218387,0.18455145844799123,76702.22757292239,0.5318758010864215
0.4744964226747387,0.526692350027518,0.8670665932856356,0.8075784259768849,0.3846285085305451,1.5793423225096312,-0.11738580077050087,0.026441937259218395,0.19455145844799124,76483.22757292239,0.5327116966247587
0.4744964226747387,0.526692350027518,0.8970665932856356,0.8175784259768849,0.35462850853054506,1.5593423225096312,-0.1373858007705009,0.036441937259218404,0.19455145844799124,76280.22757292239,0.5367116451263421
0.4644964226747387,0.496692350027518,0.9270665932856357,0.8475784259768849,0.36462850853054507,1.5593423225096312,-0.18738580077050088,0.06644193725921843,0.18455145844799123,75591.22757292239,0.5407113552093499
0.5044964226747387,0.46669235002751797,0.9670665932856357,0.867578425976885,0.36462850853054507,1.5393423225096312,-0.2173858007705009,0.07644193725921844,0.19455145844799124,75538.22757292239,0.5440525531768792
0.4744964226747387,0.46669235002751797,0.9870665932856357,0.887578425976885,0.32462850853054503,1.5193423225096312,-0.16738580077050091,0.07644193725921844,0.18455145844799123,75749.22757292239,0.5449900150299065
0.4844964226747387,0.4066923500275179,0.9970665932856357,0.867578425976885,0.35462850853054506,1.5293423225096312,-0.17738580077050092,0.11644193725921836,0.2045514584479912,75862.22757292239,0.547798824310302
0.5444964226747387,0.4066923500275179,0.9870665932856357,0.8375784259768849,0.35462850853054506,1.4693423225096314,-0.1373858007705009,0.12644193725921837,0.2245514584479912,76043.22757292239,0.5523640632629387
0.5744964226747388,0.4066923500275179,0.9170665932856357,0.8075784259768849,0.3746285085305451,1.5093423225096312,-0.1373858007705009,0.17644193725921842,0.2645514584479912,76060.22757292239,0.5566708564758294
0.5644964226747388,0.3766923500275179,0.9570665932856357,0.8275784259768849,0.3746285085305451,1.4593423225096314,-0.1473858007705009,0.23644193725921847,0.2545514584479912,76385.22757292239,0.5566708564758294
0.5844964226747388,0.3866923500275179,0.9070665932856357,0.8175784259768849,0.4146285085305451,1.4293423225096313,-0.12738580077050088,0.2564419372592184,0.2745514584479912,75896.22757292239,0.5609712123870843
0.5944964226747386,0.3766923500275179,0.9270665932856357,0.8275784259768849,0.4446285085305449,1.4193423225096313,-0.10738580077050086,0.2964419372592184,0.28455145844799123,75605.22757292239,0.5649699687957757
0.6044964226747386,0.32669235002751806,0.9670665932856357,0.7875784259768849,0.45462850853054493,1.4193423225096313,-0.11738580077050087,0.33644193725921845,0.28455145844799123,74916.22757292239,0.5683731555938714
0.5844964226747388,0.32669235002751806,0.9670665932856357,0.7675784259768849,0.49462850853054496,1.4193423225096313,-0.07738580077050095,0.4064419372592184,0.31455145844799126,74055.22757292239,0.5690035343170159
0.5644964226747388,0.34669235002751786,0.9870665932856357,0.7975784259768849,0.47462850853054495,1.3993423225096313,-0.08738580077050084,0.45644193725921844,0.33455145844799117,73556.22757292239,0.5720810413360589
0.5144964226747387,0.34669235002751786,0.9870665932856357,0.8175784259768849,0.4346285085305449,1.3693423225096313,-0.1373858007705009,0.45644193725921844,0.3745514584479912,73355.22757292239,0.5771147727966301
0.4744964226747387,0.3666923500275179,0.9770665932856357,0.8075784259768849,0.4146285085305451,1.3393423225096313,-0.06738580077050094,0.4964419372592185,0.41455145844799124,72652.22757292239,0.581120681762691
0.43449642267473865,0.3866923500275179,1.0070665932856355,0.7975784259768849,0.48462850853054495,1.2793423225096312,-0.017385800770500892,0.45644193725921844,0.3945514584479912,71895.22757292239,0.5841135501861601
0.3644964226747386,0.42669235002751793,1.0370665932856356,0.7675784259768849,0.544628508530545,1.2293423225096314,-0.007385800770500883,0.4964419372592185,0.42455145844799114,71584.22757292239,0.5852229118347196
0.3544964226747386,0.35669235002751787,1.0570665932856356,0.7575784259768849,0.564628508530545,1.1993423225096314,-0.04738580077050092,0.5164419372592185,0.5345514584479912,71215.22757292239,0.5892295360565178
0.34449642267473857,0.31669235002751805,1.0170665932856355,0.7575784259768849,0.6246285085305451,1.1293423225096313,-0.017385800770500892,0.5164419372592185,0.5545514584479911,69866.22757292239,0.5928835391998284
0.3844964226747386,0.33669235002751785,1.0370665932856356,0.7375784259768848,0.6046285085305451,1.1193423225096313,-0.04738580077050092,0.5664419372592183,0.5845514584479912,69173.22757292239,0.5969757556915276
0.3644964226747386,0.32669235002751806,0.9870665932856357,0.707578425976885,0.594628508530545,1.1093423225096313,-0.0273858007705009,0.5664419372592183,0.6245514584479912,68754.22757292239,0.5969757556915276
0.3744964226747386,0.33669235002751785,0.9870665932856357,0.687578425976885,0.6546285085305451,1.0893423225096313,-0.017385800770500892,0.6064419372592184,0.6545514584479912,68377.22757292239,0.6013710021972649
0.3944964226747386,0.32669235002751806,0.9270665932856357,0.647578425976885,0.6546285085305451,1.1093423225096313,0.012614199229499135,0.5364419372592185,0.6745514584479911,67386.22757292239,0.6054315090179436
0.42449642267473864,0.3766923500275179,0.8770665932856356,0.637578425976885,0.6646285085305451,1.1093423225096313,0.04261419922949905,0.5464419372592185,0.7345514584479912,66635.22757292239,0.6094305038452106
0.3944964226747386,0.3666923500275179,0.8370665932856356,0.6075784259768849,0.6846285085305449,1.1093423225096313,0.1026141992294991,0.5564419372592183,0.8045514584479911,65944.22757292239,0.6094305038452106
0.3844964226747386,0.3766923500275179,0.7870665932856356,0.5875784259768849,0.6646285085305451,1.1993423225096314,0.11261419922949911,0.5964419372592183,0.8145514584479912,65557.22757292239,0.6134638309478788
0.4044964226747386,0.35669235002751787,0.8470665932856356,0.5575784259768849,0.6646285085305451,1.2293423225096314,0.18261419922949906,0.5864419372592183,0.8345514584479912,65144.2275729224,0.61741752624512
0.4044964226747386,0.3666923500275179,0.8270665932856356,0.5575784259768849,0.6046285085305451,1.2293423225096314,0.2126141992294991,0.5964419372592183,0.8745514584479912,64287.2275729224,0.6217188358306878
0.41449642267473863,0.3766923500275179,0.8270665932856356,0.5675784259768849,0.6146285085305451,1.2493423225096312,0.18261419922949906,0.6164419372592184,0.9145514584479912,63840.2275729224,0.6224243164062493
0.3744964226747386,0.3866923500275179,0.7870665932856356,0.5475784259768849,0.584628508530545,1.2893423225096312,0.20261419922949908,0.6264419372592184,0.9345514584479913,63329.2275729224,0.6261474609374993
0.3844964226747386,0.3866923500275179,0.7770665932856355,0.5375784259768849,0.574628508530545,1.3093423225096312,0.20261419922949908,0.6264419372592184,0.9645514584479913,62992.2275729224,0.6300844669342034
0.3344964226747388,0.486692350027518,0.7570665932856355,0.517578425976885,0.594628508530545,1.3093423225096312,0.27261419922949914,0.6464419372592184,0.9745514584479913,62357.2275729224,0.6348077774047844
0.30449642267473875,0.46669235002751797,0.7070665932856357,0.517578425976885,0.584628508530545,1.3093423225096312,0.26261419922949913,0.6664419372592184,1.004551458447991,61986.2275729224,0.6348077774047844
0.2544964226747387,0.516692350027518,0.7170665932856357,0.5275784259768849,0.544628508530545,1.3193423225096312,0.28261419922949915,0.6664419372592184,1.014551458447991,61799.2275729224,0.6388074874877958
0.22449642267473868,0.536692350027518,0.6870665932856357,0.517578425976885,0.574628508530545,1.3193423225096312,0.29261419922949905,0.6764419372592184,1.014551458447991,61538.2275729224,0.6428873062133782
0.19449642267473866,0.566692350027518,0.7170665932856357,0.507578425976885,0.594628508530545,1.3293423225096312,0.3326141992294991,0.6464419372592184,1.0445514584479911,61579.2275729224,0.6469084739685016
0.17449642267473864,0.5966923500275179,0.6670665932856357,0.5475784259768849,0.574628508530545,1.3193423225096312,0.3226141992294991,0.6764419372592184,1.0245514584479911,61404.2275729224,0.6478838443756096
0.18449642267473865,0.6166923500275179,0.6670665932856357,0.5275784259768849,0.6046285085305451,1.2793423225096312,0.3426141992294991,0.6864419372592184,1.0645514584479912,61581.2275729224,0.6513831138610833
0.20449642267473866,0.6166923500275179,0.5770665932856356,0.49757842597688495,0.6146285085305451,1.2893423225096312,0.3326141992294991,0.6864419372592184,1.0645514584479912,61370.2275729224,0.6554035663604765
0.21449642267473867,0.6466923500275179,0.5470665932856356,0.517578425976885,0.6446285085305451,1.2793423225096312,0.3726141992294991,0.6664419372592184,1.0645514584479912,61539.2275729224,0.6596881866455071
0.20449642267473866,0.6866923500275179,0.5370665932856356,0.5375784259768849,0.6246285085305451,1.2693423225096312,0.39261419922949914,0.6964419372592184,1.0645514584479912,61572.2275729224,0.6627897739410393
0.20449642267473866,0.696692350027518,0.5270665932856355,0.5375784259768849,0.6546285085305451,1.2593423225096312,0.38261419922949913,0.7064419372592184,1.0645514584479912,61031.2275729224,0.663770389556884
0.14449642267473872,0.776692350027518,0.49706659328563574,0.5275784259768849,0.6146285085305451,1.2793423225096312,0.39261419922949914,0.7264419372592185,1.0845514584479912,60958.2275729224,0.6677534103393548
0.15449642267473862,0.746692350027518,0.5270665932856355,0.5375784259768849,0.6646285085305451,1.2593423225096312,0.39261419922949914,0.7264419372592185,1.0645514584479912,61469.2275729224,0.6722797870635979
0.1344964226747387,0.776692350027518,0.5170665932856355,0.5375784259768849,0.6546285085305451,1.2493423225096312,0.40261419922949915,0.7264419372592185,1.0645514584479912,61338.2275729224,0.6753005504608112
0.14449642267473872,0.796692350027518,0.5170665932856355,0.5475784259768849,0.6346285085305451,1.2293423225096314,0.42261419922949917,0.7164419372592185,1.0645514584479912,61529.2275729224,0.6753005504608112
0.1244964226747387,0.8366923500275179,0.5170665932856355,0.49757842597688495,0.6246285085305451,1.2793423225096312,0.4626141992294992,0.6764419372592184,1.0845514584479912,61642.2275729224,0.6793174266815178
0.1144964226747387,0.8966923500275179,0.4770665932856357,0.5375784259768849,0.6346285085305451,1.2393423225096312,0.42261419922949917,0.6364419372592184,1.1145514584479912,61351.2275729224,0.6841051101684563
0.1244964226747387,0.8966923500275179,0.4770665932856357,0.5275784259768849,0.6646285085305451,1.2293423225096314,0.4526141992294992,0.6364419372592184,1.0845514584479912,61298.2275729224,0.687832069396972
0.1144964226747387,0.8966923500275179,0.4670665932856357,0.5675784259768849,0.7046285085305449,1.2193423225096314,0.4726141992294992,0.6264419372592184,1.0945514584479912,61583.2275729224,0.6888160228729241
0.14449642267473872,0.9166923500275179,0.4570665932856357,0.5375784259768849,0.7046285085305449,1.2193423225096314,0.4726141992294992,0.6164419372592184,1.0845514584479912,61590.2275729224,0.6917731285095208
0.16449642267473863,0.9066923500275179,0.4570665932856357,0.5375784259768849,0.7146285085305449,1.2693423225096312,0.502614199229499,0.6064419372592184,1.1045514584479912,61987.2275729224,0.6963271617889397
0.20449642267473866,0.9066923500275179,0.4470665932856357,0.5875784259768849,0.6946285085305449,1.2393423225096312,0.492614199229499,0.6164419372592184,1.1645514584479912,62020.2275729224,0.6996061325073235
0.18449642267473865,0.9166923500275179,0.4470665932856357,0.5975784259768849,0.7146285085305449,1.2593423225096312,0.512614199229499,0.6464419372592184,1.1645514584479912,62287.2275729224,0.7007016658782952
0.18449642267473865,0.9266923500275179,0.4370665932856357,0.5975784259768849,0.7146285085305449,1.2293423225096314,0.482614199229499,0.6264419372592184,1.2145514584479913,63182.2275729224,0.7032794475555448
0.20449642267473866,0.9166923500275179,0.4670665932856357,0.617578425976885,0.7146285085305449,1.2493423225096312,0.4726141992294992,0.6464419372592184,1.2045514584479913,63749.2275729224,0.7083127021789544
0.20449642267473866,0.9066923500275179,0.4670665932856357,0.627578425976885,0.6946285085305449,1.2493423225096312,0.522614199229499,0.6564419372592184,1.2045514584479913,64120.2275729224,0.7123131275176995
0.2344964226747387,0.9166923500275179,0.4670665932856357,0.667578425976885,0.6746285085305451,1.2893423225096312,0.5626141992294991,0.6464419372592184,1.2145514584479913,64155.2275729224,0.7123131275176995
0.2344964226747387,0.9266923500275179,0.4570665932856357,0.677578425976885,0.6246285085305451,1.3393423225096313,0.5826141992294991,0.6464419372592184,1.2245514584479913,64574.2275729224,0.7167284011840778
0.2544964226747387,0.9266923500275179,0.4570665932856357,0.687578425976885,0.6146285085305451,1.3393423225096313,0.6026141992294991,0.6164419372592184,1.234551458447991,64747.2275729224,0.7201873779296868
0.2644964226747387,0.9366923500275179,0.4470665932856357,0.7475784259768848,0.594628508530545,1.3293423225096312,0.6126141992294991,0.6564419372592184,1.234551458447991,65356.2275729224,0.725236129760745
0.28449642267473874,0.8966923500275179,0.4270665932856357,0.7575784259768849,0.594628508530545,1.3393423225096313,0.6326141992294991,0.6264419372592184,1.2745514584479911,65851.22757292239,0.725236129760745
0.29449642267473874,0.8666923500275179,0.4570665932856357,0.7475784259768848,0.524628508530545,1.3693423225096313,0.6526141992294991,0.6764419372592184,1.254551458447991,66406.22757292239,0.7288972854614215
0.2544964226747387,0.8466923500275179,0.4770665932856357,0.7775784259768849,0.534628508530545,1.3493423225096313,0.6726141992294992,0.6564419372592184,1.234551458447991,66991.22757292239,0.7327134132385247
0.2344964226747387,0.8466923500275179,0.49706659328563574,0.7775784259768849,0.534628508530545,1.3793423225096313,0.6526141992294991,0.6664419372592184,1.3045514584479911,67254.22757292239,0.7372633934020989
0.22449642267473868,0.8266923500275181,0.5670665932856356,0.7675784259768849,0.514628508530545,1.3893423225096313,0.6826141992294992,0.6764419372592184,1.3145514584479912,67289.22757292239,0.7372633934020989
0.22449642267473868,0.806692350027518,0.5870665932856356,0.7275784259768848,0.554628508530545,1.4393423225096313,0.7026141992294992,0.7164419372592185,1.2845514584479911,67470.22757292239,0.7413737297058098
0.2344964226747387,0.806692350027518,0.5970665932856356,0.687578425976885,0.524628508530545,1.4493423225096314,0.6726141992294992,0.6864419372592184,1.3245514584479912,67675.22757292239,0.7454361438751178
0.2444964226747387,0.776692350027518,0.6270665932856356,0.687578425976885,0.514628508530545,1.4793423225096314,0.7026141992294992,0.6964419372592184,1.3245514584479912,67860.22757292239,0.749257040023803
0.21449642267473867,0.766692350027518,0.6570665932856357,0.677578425976885,0.514628508530545,1.4793423225096314,0.7026141992294992,0.7064419372592184,1.3545514584479912,68617.22757292239,0.7502939224243192
0.2544964226747387,0.726692350027518,0.6870665932856357,0.657578425976885,0.514628508530545,1.4793423225096314,0.6826141992294992,0.7364419372592185,1.3945514584479912,69074.22757292239,0.7533196926116901
0.2544964226747387,0.716692350027518,0.7270665932856357,0.637578425976885,0.514628508530545,1.4593423225096314,0.6926141992294992,0.7364419372592185,1.3845514584479912,69347.22757292239,0.7564084053039544
0.2744964226747387,0.6766923500275179,0.7470665932856357,0.667578425976885,0.514628508530545,1.4393423225096313,0.6926141992294992,0.7464419372592185,1.3745514584479912,70038.22757292239,0.7616316795349114
0.32449642267473877,0.6166923500275179,0.7770665932856355,0.697578425976885,0.46462850853054494,1.4293423225096313,0.7026141992294992,0.7564419372592185,1.3545514584479912,70551.22757292239,0.7654609203338616
0.29449642267473874,0.6166923500275179,0.7770665932856355,0.707578425976885,0.49462850853054496,1.4093423225096313,0.7126141992294992,0.7764419372592185,1.3545514584479912,71072.22757292239,0.7654609203338616
0.3644964226747386,0.5966923500275179,0.7770665932856355,0.7575784259768849,0.45462850853054493,1.3593423225096313,0.732614199229499,0.7864419372592185,1.3545514584479912,71865.22757292239,0.7694346427917473
0.34449642267473857,0.566692350027518,0.7870665932856356,0.8375784259768849,0.4146285085305451,1.3193423225096312,0.742614199229499,0.7964419372592185,1.3345514584479912,73012.22757292239,0.7734376907348626
0.3744964226747386,0.556692350027518,0.8170665932856356,0.8575784259768849,0.4346285085305449,1.2993423225096312,0.742614199229499,0.7964419372592185,1.3345514584479912,73979.22757292239,0.777441215515136
0.4044964226747386,0.496692350027518,0.8470665932856356,0.897578425976885,0.4246285085305451,1.2693423225096312,0.752614199229499,0.7964419372592185,1.3345514584479912,74006.22757292239,0.7784542560577385
0.41449642267473863,0.476692350027518,0.8470665932856356,0.947578425976885,0.4046285085305451,1.2593423225096312,0.742614199229499,0.7964419372592185,1.3345514584479912,74175.22757292239,0.7816366672515862
0.44449642267473866,0.476692350027518,0.8570665932856356,0.957578425976885,0.4346285085305449,1.2393423225096312,0.762614199229499,0.8264419372592183,1.3145514584479912,74380.22757292239,0.7856428146362298
0.44449642267473866,0.476692350027518,0.8370665932856356,0.927578425976885,0.4146285085305451,1.2393423225096312,0.742614199229499,0.8364419372592183,1.3345514584479912,74745.22757292239,0.7892217159271233
0.45449642267473866,0.46669235002751797,0.7670665932856355,0.927578425976885,0.4346285085305449,1.2293423225096314,0.7226141992294992,0.8364419372592183,1.3545514584479912,75178.22757292239,0.7902669429779046
0.45449642267473866,0.516692350027518,0.7770665932856355,0.907578425976885,0.46462850853054494,1.2193423225096314,0.7026141992294992,0.8364419372592183,1.3545514584479912,75491.22757292239,0.7942568778991692
0.45449642267473866,0.536692350027518,0.7670665932856355,0.8475784259768849,0.46462850853054494,1.2593423225096312,0.7026141992294992,0.8464419372592183,1.3545514584479912,75420.22757292239,0.798254203796386
0.45449642267473866,0.506692350027518,0.7870665932856356,0.7775784259768849,0.49462850853054496,1.2793423225096312,0.6926141992294992,0.8664419372592184,1.3545514584479912,75143.22757292239,0.8022541522979729
0.41449642267473863,0.536692350027518,0.7970665932856356,0.7375784259768848,0.504628508530545,1.3293423225096312,0.6726141992294992,0.8764419372592184,1.3845514584479912,74534.22757292239,0.8022541522979729
0.41449642267473863,0.506692350027518,0.8270665932856356,0.707578425976885,0.48462850853054495,1.3493423225096313,0.6526141992294991,0.9064419372592184,1.3345514584479912,74121.22757292239,0.8062643527984648
0.3844964226747386,0.496692350027518,0.8470665932856356,0.707578425976885,0.49462850853054496,1.3693423225096313,0.6426141992294991,0.9064419372592184,1.3745514584479912,74296.22757292239,0.8105942726135247
0.3644964226747386,0.476692350027518,0.8770665932856356,0.697578425976885,0.49462850853054496,1.3493423225096313,0.6226141992294991,0.9264419372592184,1.3745514584479912,74193.22757292239,0.8146690845489495
0.3944964226747386,0.46669235002751797,0.8970665932856356,0.677578425976885,0.514628508530545,1.3793423225096313,0.6226141992294991,0.9164419372592184,1.3745514584479912,74206.22757292239,0.8156499385833698
0.3844964226747386,0.4066923500275179,0.9370665932856357,0.7175784259768848,0.48462850853054495,1.3393423225096313,0.6226141992294991,0.9264419372592184,1.3645514584479912,74117.22757292239,0.818733882904052
0.4044964226747386,0.42669235002751793,0.9070665932856357,0.7175784259768848,0.504628508530545,1.3193423225096312,0.6326141992294991,0.9364419372592184,1.3645514584479912,74154.22757292239,0.8227917671203606
0.43449642267473865,0.4066923500275179,0.8970665932856356,0.7875784259768849,0.49462850853054496,1.2793423225096312,0.6326141992294991,0.9164419372592184,1.3645514584479912,74481.22757292239,0.8265053749084466
0.44449642267473866,0.3766923500275179,0.8670665932856356,0.8075784259768849,0.514628508530545,1.2393423225096312,0.6326141992294991,0.9064419372592184,1.3845514584479912,74674.22757292239,0.8275486946105985
0.4744964226747387,0.35669235002751787,0.8870665932856356,0.7975784259768849,0.514628508530545,1.1993423225096314,0.6326141992294991,0.9064419372592184,1.3945514584479912,74923.22757292239,0.8305391788482659
0.4744964226747387,0.28669235002751803,0.9170665932856357,0.8075784259768849,0.48462850853054495,1.2493423225096312,0.6326141992294991,0.8964419372592184,1.3945514584479912,74500.22757292239,0.8355481147766106
0.44449642267473866,0.29669235002751804,0.9070665932856357,0.8075784259768849,0.47462850853054495,1.2793423225096312,0.6126141992294991,0.9364419372592184,1.3945514584479912,74089.22757292239,0.8395688056945794
0.44449642267473866,0.30669235002751805,0.8570665932856356,0.7575784259768849,0.504628508530545,1.2393423225096312,0.6226141992294991,0.8864419372592184,1.4045514584479912,73890.22757292239,0.8435687541961663
0.4844964226747387,0.31669235002751805,0.8170665932856356,0.7675784259768849,0.514628508530545,1.2393423225096312,0.6226141992294991,0.9164419372592184,1.4145514584479912,73815.22757292239,0.8435687541961663
0.41449642267473863,0.34669235002751786,0.8570665932856356,0.707578425976885,0.504628508530545,1.2093423225096314,0.6426141992294991,0.9264419372592184,1.4045514584479912,73626.22757292239,0.8470785140991204
0.3644964226747386,0.31669235002751805,0.8770665932856356,0.697578425976885,0.544628508530545,1.2293423225096314,0.6226141992294991,0.9164419372592184,1.4145514584479912,73183.22757292239,0.8510608196258502
0.31449642267473876,0.33669235002751785,0.8870665932856356,0.647578425976885,0.554628508530545,1.1693423225096313,0.6126141992294991,0.9364419372592184,1.3945514584479912,72064.22757292239,0.856106233596801
0.28449642267473874,0.30669235002751805,0.9070665932856357,0.627578425976885,0.584628508530545,1.2093423225096314,0.6226141992294991,0.9264419372592184,1.4045514584479912,71475.22757292239,0.856106233596801
0.2544964226747387,0.33669235002751785,0.9370665932856357,0.6075784259768849,0.564628508530545,1.1993423225096314,0.6226141992294991,0.9764419372592185,1.3845514584479912,71092.22757292239,0.8592173576354938
0.22449642267473868,0.33669235002751785,0.9170665932856357,0.5775784259768849,0.564628508530545,1.1993423225096314,0.6326141992294991,0.9864419372592185,1.3945514584479912,70613.22757292239,0.8631715297698968
0.2544964226747387,0.3666923500275179,0.9170665932856357,0.5575784259768849,0.564628508530545,1.1893423225096313,0.6426141992294991,0.9764419372592185,1.3645514584479912,69932.22757292239,0.8674060821533196
0.2544964226747387,0.34669235002751786,0.8870665932856356,0.627578425976885,0.6046285085305451,1.1793423225096313,0.6526141992294991,0.9764419372592185,1.3745514584479912,69101.22757292239,0.8674060821533196
0.22449642267473868,0.31669235002751805,0.8870665932856356,0.6075784259768849,0.574628508530545,1.1593423225096313,0.6526141992294991,0.9864419372592185,1.3945514584479912,68318.22757292239,0.8724431514739983
0.30449642267473875,0.30669235002751805,0.8470665932856356,0.617578425976885,0.594628508530545,1.1493423225096313,0.6526141992294991,0.9964419372592185,1.3645514584479912,67965.22757292239,0.8764430999755817
0.31449642267473876,0.32669235002751806,0.7770665932856355,0.5975784259768849,0.594628508530545,1.1293423225096313,0.6426141992294991,1.0064419372592184,1.3545514584479912,67426.22757292239,0.8800088882446282
0.32449642267473877,0.32669235002751806,0.7170665932856357,0.5775784259768849,0.6046285085305451,1.1493423225096313,0.6426141992294991,1.0364419372592186,1.3545514584479912,67281.22757292239,0.8810646057128899
0.30449642267473875,0.31669235002751805,0.7070665932856357,0.5775784259768849,0.6646285085305451,1.0993423225096313,0.6026141992294991,1.0864419372592184,1.3445514584479912,67100.22757292239,0.884426546096801
0.34449642267473857,0.34669235002751786,0.7170665932856357,0.5775784259768849,0.6346285085305451,1.1393423225096313,0.5926141992294991,1.0764419372592182,1.3345514584479912,66963.22757292239,0.8885561943054192
0.3344964226747388,0.33669235002751785,0.7170665932856357,0.5475784259768849,0.6446285085305451,1.1193423225096313,0.5626141992294991,1.0864419372592184,1.3445514584479912,65972.22757292239,0.8928203105926507
0.30449642267473875,0.35669235002751787,0.6970665932856357,0.5275784259768849,0.6646285085305451,1.1493423225096313,0.5526141992294991,1.0864419372592184,1.3645514584479912,65189.2275729224,0.8928203105926507
0.29449642267473874,0.34669235002751786,0.7170665932856357,0.517578425976885,0.6446285085305451,1.1693423225096313,0.5626141992294991,1.0464419372592184,1.3845514584479912,64680.2275729224,0.8970074176788358
0.2544964226747387,0.3666923500275179,0.6970665932856357,0.517578425976885,0.6246285085305451,1.2093423225096314,0.5626141992294991,1.0664419372592184,1.3645514584479912,64541.2275729224,0.9010071277618401
0.2644964226747387,0.3666923500275179,0.6670665932856357,0.507578425976885,0.6046285085305451,1.2093423225096314,0.5626141992294991,1.0464419372592184,1.3645514584479912,64228.2275729224,0.9050309181213336
0.2444964226747387,0.3666923500275179,0.6370665932856356,0.48757842597688494,0.6046285085305451,1.2193423225096314,0.5626141992294991,1.0564419372592182,1.3445514584479912,63553.2275729224,0.9085528373718219
0.2444964226747387,0.3766923500275179,0.6770665932856357,0.47757842597688493,0.594628508530545,1.2593423225096312,0.5726141992294991,1.0564419372592182,1.3545514584479912,63334.2275729224,0.9096338272094755
0.2544964226747387,0.3866923500275179,0.6370665932856356,0.4675784259768849,0.6246285085305451,1.2293423225096314,0.532614199229499,1.0464419372592184,1.3845514584479912,63253.2275729224,0.9126343250274616
0.21449642267473867,0.4066923500275179,0.6270665932856356,0.4675784259768849,0.6346285085305451,1.2493423225096312,0.502614199229499,1.0264419372592184,1.4045514584479912,62360.2275729224,0.9179589271545403
0.20449642267473866,0.45669235002751796,0.6270665932856356,0.47757842597688493,0.594628508530545,1.2493423225096312,0.512614199229499,1.0264419372592184,1.3745514584479912,61629.2275729224,0.9199985980987542
0.2444964226747387,0.43669235002751794,0.6270665932856356,0.507578425976885,0.6146285085305451,1.2693423225096312,0.502614199229499,1.0264419372592184,1.3945514584479912,61298.2275729224,0.9212848663330071
0.20449642267473866,0.46669235002751797,0.5870665932856356,0.507578425976885,0.594628508530545,1.2593423225096312,0.482614199229499,1.0064419372592184,1.4045514584479912,61299.2275729224,0.9250800132751422
0.20449642267473866,0.526692350027518,0.5470665932856356,0.5275784259768849,0.6146285085305451,1.2193423225096314,0.502614199229499,1.0064419372592184,1.4145514584479912,61142.2275729224,0.929061841964721
0.19449642267473866,0.556692350027518,0.5670665932856356,0.507578425976885,0.6346285085305451,1.2293423225096314,0.492614199229499,0.9664419372592185,1.4045514584479912,60929.2275729224,0.933418941497802
0.20449642267473866,0.566692350027518,0.5370665932856356,0.49757842597688495,0.6246285085305451,1.2293423225096314,0.4626141992294992,0.9764419372592185,1.4045514584479912,60752.2275729224,0.933418941497802
0.16449642267473863,0.5966923500275179,0.5670665932856356,0.5275784259768849,0.6146285085305451,1.2293423225096314,0.4726141992294992,0.9264419372592184,1.4045514584479912,60701.2275729224,0.9371976375579827
0.16449642267473863,0.5866923500275179,0.5370665932856356,0.5375784259768849,0.6246285085305451,1.2193423225096314,0.4726141992294992,0.9264419372592184,1.4145514584479912,60258.2275729224,0.9410683631896966
0.1244964226747387,0.6766923500275179,0.5670665932856356,0.5275784259768849,0.6146285085305451,1.2293423225096314,0.482614199229499,0.8964419372592184,1.4045514584479912,60485.2275729224,0.946135234832763
0.1244964226747387,0.6766923500275179,0.5770665932856356,0.507578425976885,0.6746285085305451,1.1793423225096313,0.4726141992294992,0.8964419372592184,1.4145514584479912,60434.2275729224,0.946135234832763
0.10449642267473869,0.716692350027518,0.5170665932856355,0.4675784259768849,0.734628508530545,1.1693423225096313,0.4426141992294992,0.8964419372592184,1.4445514584479913,59953.2275729224,0.9492008209228509
0.10449642267473869,0.746692350027518,0.5570665932856356,0.4575784259768849,0.7046285085305449,1.2393423225096312,0.4626141992294992,0.8764419372592184,1.4245514584479912,59748.2275729224,0.9541151046752923
0.1244964226747387,0.766692350027518,0.5170665932856355,0.4575784259768849,0.744628508530545,1.1893423225096313,0.4626141992294992,0.8364419372592183,1.4245514584479912,59703.2275729224,0.9587201595306389
0.1144964226747387,0.806692350027518,0.48706659328563573,0.4675784259768849,0.724628508530545,1.2493423225096312,0.4626141992294992,0.8364419372592183,1.4345514584479913,59814.2275729224,0.9587201595306389
0.1144964226747387,0.8266923500275181,0.48706659328563573,0.4675784259768849,0.734628508530545,1.2893423225096312,0.4526141992294992,0.8564419372592184,1.3945514584479912,60107.2275729224,0.9617290019989007
0.1244964226747387,0.816692350027518,0.5270665932856355,0.4575784259768849,0.764628508530545,1.2593423225096312,0.4626141992294992,0.8464419372592183,1.4045514584479912,60684.2275729224,0.9662358283996539
0.1144964226747387,0.8466923500275179,0.4670665932856357,0.4375784259768849,0.764628508530545,1.2593423225096312,0.4526141992294992,0.8364419372592183,1.4045514584479912,60819.2275729224,0.9708864212036126
0.1344964226747387,0.8566923500275179,0.4770665932856357,0.47757842597688493,0.724628508530545,1.2693423225096312,0.4626141992294992,0.8164419372592183,1.3745514584479912,60472.2275729224,0.9708864212036126
0.15449642267473862,0.8666923500275179,0.4570665932856357,0.49757842597688495,0.744628508530545,1.2793423225096312,0.4626141992294992,0.8164419372592183,1.3645514584479912,61047.2275729224,0.9743294239044182
0.19449642267473866,0.8666923500275179,0.4570665932856357,0.49757842597688495,0.754628508530545,1.2993423225096312,0.4526141992294992,0.8264419372592183,1.3745514584479912,61742.2275729224,0.978319597244262
0.21449642267473867,0.8466923500275179,0.4370665932856357,0.5375784259768849,0.724628508530545,1.2993423225096312,0.4726141992294992,0.8364419372592183,1.3745514584479912,61895.2275729224,0.9823088169097893
0.21449642267473867,0.8966923500275179,0.41706659328563567,0.5675784259768849,0.744628508530545,1.2993423225096312,0.4526141992294992,0.7964419372592185,1.4145514584479912,62190.2275729224,0.985378456115722
0.20449642267473866,0.8966923500275179,0.4270665932856357,0.627578425976885,0.7046285085305449,1.2993423225096312,0.4526141992294992,0.8164419372592183,1.3945514584479912,62739.2275729224,0.9863931655883782
0.20449642267473866,0.8966923500275179,0.4470665932856357,0.617578425976885,0.6646285085305451,1.3193423225096312,0.4626141992294992,0.7964419372592185,1.3845514584479912,63174.2275729224,0.9901527881622307
0.20449642267473866,0.8666923500275179,0.4670665932856357,0.627578425976885,0.6246285085305451,1.3493423225096313,0.4526141992294992,0.8164419372592183,1.3845514584479912,63527.2275729224,0.9949116230010979
0.21449642267473867,0.8566923500275179,0.48706659328563573,0.667578425976885,0.6046285085305451,1.3693423225096313,0.4726141992294992,0.8364419372592183,1.3345514584479912,63650.2275729224,0.9984442710876458
0.21449642267473867,0.8566923500275179,0.5070665932856355,0.687578425976885,0.6146285085305451,1.3493423225096313,0.492614199229499,0.8164419372592183,1.3545514584479912,64103.2275729224,0.9991759777069085
0.17449642267473864,0.8566923500275179,0.5070665932856355,0.677578425976885,0.574628508530545,1.3993423225096313,0.512614199229499,0.7764419372592185,1.3845514584479912,64618.2275729224,1.0031551837921135
0.19449642267473866,0.8366923500275179,0.5270665932856355,0.677578425976885,0.574628508530545,1.3893423225096313,0.5526141992294991,0.7964419372592185,1.3545514584479912,64711.2275729224,1.0071713447570794
0.16449642267473863,0.816692350027518,0.6070665932856356,0.657578425976885,0.594628508530545,1.4293423225096313,0.542614199229499,0.7864419372592185,1.3945514584479912,65136.2275729224,1.0111746311187702
0.18449642267473865,0.786692350027518,0.5970665932856356,0.657578425976885,0.6146285085305451,1.4093423225096313,0.5826141992294991,0.7764419372592185,1.3845514584479912,65433.2275729224,1.0111746311187702
0.19449642267473866,0.796692350027518,0.5870665932856356,0.5975784259768849,0.6046285085305451,1.4493423225096314,0.5726141992294991,0.7964419372592185,1.3745514584479912,65488.2275729224,1.0152639865875237
0.2344964226747387,0.736692350027518,0.6370665932856356,0.5575784259768849,0.6046285085305451,1.4693423225096314,0.5926141992294991,0.8064419372592183,1.3745514584479912,65469.2275729224,1.018802595138549
0.2444964226747387,0.736692350027518,0.6370665932856356,0.5375784259768849,0.6046285085305451,1.4593423225096314,0.6026141992294991,0.7964419372592185,1.3645514584479912,65488.2275729224,1.0233783245086663
0.2544964226747387,0.696692350027518,0.6570665932856357,0.517578425976885,0.6046285085305451,1.4693423225096314,0.5626141992294991,0.8364419372592183,1.3745514584479912,66093.22757292239,1.0244345188140862
0.2544964226747387,0.696692350027518,0.7070665932856357,0.517578425976885,0.6146285085305451,1.4693423225096314,0.5626141992294991,0.8364419372592183,1.3845514584479912,66636.22757292239,1.0275418281555204
0.2544964226747387,0.6666923500275179,0.7370665932856357,0.5375784259768849,0.584628508530545,1.4393423225096313,0.6026141992294991,0.8364419372592183,1.3745514584479912,67601.22757292239,1.0315417766571038
0.29449642267473874,0.6566923500275179,0.7170665932856357,0.5575784259768849,0.544628508530545,1.4393423225096313,0.6026141992294991,0.8264419372592183,1.3845514584479912,68116.22757292239,1.0365416526794426
0.30449642267473875,0.6166923500275179,0.7570665932856355,0.627578425976885,0.524628508530545,1.4193423225096313,0.6026141992294991,0.8364419372592183,1.4045514584479912,68313.22757292239,1.0365416526794426
0.3744964226747386,0.6066923500275179,0.7270665932856357,0.667578425976885,0.514628508530545,1.3293423225096312,0.6226141992294991,0.8364419372592183,1.3545514584479912,69048.22757292239,1.0395414352416985
0.3544964226747386,0.5766923500275181,0.7570665932856355,0.707578425976885,0.544628508530545,1.3193423225096312,0.6426141992294991,0.8364419372592183,1.3645514584479912,69585.22757292239,1.0435420989990227
0.34449642267473857,0.566692350027518,0.7670665932856355,0.7275784259768848,0.554628508530545,1.2593423225096312,0.6426141992294991,0.8264419372592183,1.3845514584479912,70080.22757292239,1.0477225303649895
0.3744964226747386,0.536692350027518,0.8270665932856356,0.7575784259768849,0.554628508530545,1.2793423225096312,0.6726141992294992,0.7864419372592185,1.4145514584479912,71047.22757292239,1.051896286010745
0.3844964226747386,0.526692350027518,0.8170665932856356,0.8175784259768849,0.504628508530545,1.2693423225096312,0.6626141992294992,0.7864419372592185,1.4345514584479913,71294.22757292239,1.0529107570648186
0.4044964226747386,0.506692350027518,0.7970665932856356,0.8375784259768849,0.49462850853054496,1.2293423225096314,0.6826141992294992,0.8064419372592183,1.3745514584479912,71583.22757292239,1.0564603328704827
0.41449642267473863,0.516692350027518,0.7670665932856355,0.8175784259768849,0.514628508530545,1.2093423225096314,0.6826141992294992,0.8464419372592183,1.3645514584479912,72006.22757292239,1.059883785247802
0.42449642267473864,0.526692350027518,0.7170665932856357,0.8175784259768849,0.514628508530545,1.2793423225096312,0.6726141992294992,0.8464419372592183,1.3745514584479912,72347.22757292239,1.0645601272583
0.43449642267473865,0.526692350027518,0.6870665932856357,0.8275784259768849,0.524628508530545,1.2493423225096312,0.6826141992294992,0.8464419372592183,1.3345514584479912,72062.22757292239,1.0645601272583
0.41449642267473863,0.546692350027518,0.7070665932856357,0.7975784259768849,0.534628508530545,1.2693423225096312,0.6626141992294992,0.8664419372592184,1.3545514584479912,71911.22757292239,1.068555545806884
0.3844964226747386,0.5766923500275181,0.6870665932856357,0.7375784259768848,0.534628508530545,1.2993423225096312,0.6826141992294992,0.8564419372592184,1.3145514584479912,72010.22757292239,1.0725688457489007
0.3944964226747386,0.566692350027518,0.7170665932856357,0.657578425976885,0.544628508530545,1.3393423225096313,0.6726141992294992,0.8564419372592184,1.3245514584479912,71581.22757292239,1.076203775405883
0.3944964226747386,0.526692350027518,0.7870665932856356,0.5975784259768849,0.574628508530545,1.3493423225096313,0.6926141992294992,0.8764419372592184,1.3345514584479912,71382.22757292239,1.076203775405883
0.3744964226747386,0.496692350027518,0.8070665932856356,0.5675784259768849,0.574628508530545,1.3693423225096313,0.6726141992294992,0.8864419372592184,1.3245514584479912,71225.22757292239,1.0806235790252678
0.3744964226747386,0.45669235002751796,0.8570665932856356,0.5475784259768849,0.564628508530545,1.3793423225096313,0.6626141992294992,0.8964419372592184,1.3345514584479912,71236.22757292239,1.0842072486877434
0.3844964226747386,0.3966923500275179,0.8470665932856356,0.5875784259768849,0.574628508530545,1.3393423225096313,0.6026141992294991,0.8964419372592184,1.3845514584479912,70819.22757292239,1.0889698982238798
0.3644964226747386,0.42669235002751793,0.8470665932856356,0.5675784259768849,0.594628508530545,1.3293423225096312,0.5926141992294991,0.9264419372592184,1.3745514584479912,71192.22757292239,1.0889698982238798
0.41449642267473863,0.3766923500275179,0.8570665932856356,0.5975784259768849,0.584628508530545,1.2993423225096312,0.5626141992294991,0.9064419372592184,1.4145514584479912,71503.22757292239,1.0931236267089837
0.4044964226747386,0.3866923500275179,0.8070665932856356,0.6075784259768849,0.574628508530545,1.2793423225096312,0.5526141992294991,0.9064419372592184,1.4245514584479912,71588.22757292239,1.0971874713897698
0.44449642267473866,0.3866923500275179,0.7970665932856356,0.627578425976885,0.554628508530545,1.3093423225096312,0.5726141992294991,0.9064419372592184,1.4345514584479913,71907.22757292239,1.1010889530181878
0.45449642267473866,0.34669235002751786,0.8070665932856356,0.687578425976885,0.534628508530545,1.2393423225096312,0.5526141992294991,0.9364419372592184,1.4045514584479912,71864.22757292239,1.1010889530181878
0.4744964226747387,0.30669235002751805,0.8070665932856356,0.657578425976885,0.544628508530545,1.2593423225096312,0.5826141992294991,0.8964419372592184,1.3945514584479912,71493.22757292239,1.105122280120849
0.44449642267473866,0.31669235002751805,0.8070665932856356,0.657578425976885,0.554628508530545,1.2393423225096312,0.6026141992294991,0.9164419372592184,1.4045514584479912,71850.22757292239,1.1089534282684355
0.45449642267473866,0.32669235002751806,0.8170665932856356,0.637578425976885,0.564628508530545,1.2293423225096314,0.6126141992294991,0.8964419372592184,1.3645514584479912,71817.22757292239,1.1145591259002678
0.4044964226747386,0.29669235002751804,0.7870665932856356,0.667578425976885,0.574628508530545,1.2193423225096314,0.6226141992294991,0.9064419372592184,1.3645514584479912,71492.22757292239,1.1168000221252434
0.3744964226747386,0.28669235002751803,0.7870665932856356,0.5975784259768849,0.584628508530545,1.1993423225096314,0.6126141992294991,0.9064419372592184,1.4045514584479912,71245.22757292239,1.117558431625369
0.32449642267473877,0.30669235002751805,0.7870665932856356,0.5875784259768849,0.6246285085305451,1.1393423225096313,0.6126141992294991,0.9164419372592184,1.4145514584479912,71262.22757292239,1.1219231605529778
0.32449642267473877,0.29669235002751804,0.8370665932856356,0.5575784259768849,0.6146285085305451,1.1893423225096313,0.5626141992294991,0.9364419372592184,1.4045514584479912,70335.22757292239,1.1261066913604765
0.31449642267473876,0.276692350027518,0.8370665932856356,0.5875784259768849,0.594628508530545,1.2093423225096314,0.5726141992294991,0.9664419372592185,1.3945514584479912,69788.22757292239,1.1293494224548368
0.2444964226747387,0.29669235002751804,0.8570665932856356,0.5275784259768849,0.6346285085305451,1.1793423225096313,0.532614199229499,0.9564419372592184,1.3845514584479912,69229.22757292239,1.1300980567932122
0.19449642267473866,0.28669235002751803,0.8470665932856356,0.5575784259768849,0.594628508530545,1.1593423225096313,0.5726141992294991,0.9464419372592184,1.3845514584479912,68862.22757292239,1.134098005294799
0.2344964226747387,0.30669235002751805,0.8770665932856356,0.5775784259768849,0.564628508530545,1.1393423225096313,0.5526141992294991,0.9664419372592185,1.4045514584479912,67943.22757292239,1.1381275177001946
0.2544964226747387,0.30669235002751805,0.8670665932856356,0.5875784259768849,0.574628508530545,1.1593423225096313,0.542614199229499,0.9964419372592185,1.3845514584479912,67572.22757292239,1.1420132637023954
0.2644964226747387,0.266692350027518,0.8170665932856356,0.5775784259768849,0.594628508530545,1.1693423225096313,0.5526141992294991,0.9964419372592185,1.3945514584479912,67737.22757292239,1.14268155097961
0.30449642267473875,0.276692350027518,0.7270665932856357,0.5275784259768849,0.584628508530545,1.1893423225096313,0.502614199229499,0.9864419372592185,1.4345514584479913,67074.22757292239,1.1465353488922077
0.30449642267473875,0.266692350027518,0.7270665932856357,0.5575784259768849,0.574628508530545,1.1693423225096313,0.482614199229499,1.0164419372592186,1.4045514584479912,66665.22757292239,1.1509708881378167
0.3344964226747388,0.246692350027518,0.7170665932856357,0.5575784259768849,0.574628508530545,1.1693423225096313,0.522614199229499,0.9864419372592185,1.3845514584479912,66392.22757292239,1.1547979831695585
0.34449642267473857,0.256692350027518,0.7170665932856357,0.517578425976885,0.584628508530545,1.1793423225096313,0.512614199229499,1.0164419372592186,1.3545514584479912,66471.22757292239,1.1558138847351067
0.32449642267473877,0.266692350027518,0.6470665932856356,0.5275784259768849,0.6046285085305451,1.1693423225096313,0.502614199229499,1.0164419372592186,1.3645514584479912,65698.22757292239,1.15849061012268
0.31449642267473876,0.266692350027518,0.6570665932856357,0.49757842597688495,0.6046285085305451,1.1993423225096314,0.522614199229499,1.0264419372592184,1.3545514584479912,65505.2275729224,1.1636890888214104
0.3344964226747388,0.256692350027518,0.6370665932856356,0.517578425976885,0.594628508530545,1.1893423225096313,0.5626141992294991,1.0064419372592184,1.3545514584479912,65812.22757292239,1.166689109802249
0.30449642267473875,0.29669235002751804,0.6570665932856357,0.517578425976885,0.594628508530545,1.1893423225096313,0.5626141992294991,1.0164419372592186,1.3245514584479912,65085.2275729224,1.166689109802249
0.2744964226747387,0.30669235002751805,0.6270665932856356,0.49757842597688495,0.6146285085305451,1.1793423225096313,0.522614199229499,1.0364419372592186,1.3545514584479912,64504.2275729224,1.1707114696502678
0.2644964226747387,0.32669235002751806,0.6170665932856356,0.507578425976885,0.594628508530545,1.1593423225096313,0.522614199229499,1.0364419372592186,1.3445514584479912,64595.2275729224,1.1748659133911161
0.2444964226747387,0.3666923500275179,0.6070665932856356,0.49757842597688495,0.6346285085305451,1.1793423225096313,0.502614199229499,1.0364419372592186,1.3445514584479912,64010.2275729224,1.1788665771484403
0.21449642267473867,0.3966923500275179,0.5970665932856356,0.48757842597688494,0.6246285085305451,1.1993423225096314,0.482614199229499,1.0364419372592186,1.3345514584479912,63481.2275729224,1.1798595905303983
0.18449642267473865,0.4166923500275179,0.6170665932856356,0.4575784259768849,0.6246285085305451,1.2093423225096314,0.482614199229499,1.0164419372592186,1.3645514584479912,63146.2275729224,1.1828636646270745
0.20449642267473866,0.42669235002751793,0.5870665932856356,0.4275784259768849,0.6246285085305451,1.2293423225096314,0.4726141992294992,1.0264419372592184,1.3745514584479912,63011.2275729224,1.187383604049682
0.20449642267473866,0.42669235002751793,0.5570665932856356,0.4375784259768849,0.574628508530545,1.2393423225096312,0.502614199229499,1.0164419372592186,1.3445514584479912,62704.2275729224,1.1910016059875481
0.18449642267473865,0.4166923500275179,0.5470665932856356,0.4575784259768849,0.6046285085305451,1.1993423225096314,0.4726141992294992,1.0064419372592184,1.3445514584479912,62435.2275729224,1.1951364994049065
0.22449642267473868,0.4166923500275179,0.5470665932856356,0.4675784259768849,0.6346285085305451,1.2193423225096314,0.482614199229499,0.9764419372592185,1.3745514584479912,62412.2275729224,1.1951364994049065
0.20449642267473866,0.4166923500275179,0.5370665932856356,0.4575784259768849,0.6346285085305451,1.2093423225096314,0.4626141992294992,0.9964419372592185,1.3545514584479912,62017.2275729224,1.1991209506988518
0.19449642267473866,0.45669235002751796,0.5770665932856356,0.47757842597688493,0.6446285085305451,1.2093423225096314,0.482614199229499,0.9664419372592185,1.3545514584479912,61880.2275729224,1.2033078193664508
0.19449642267473866,0.46669235002751797,0.5270665932856355,0.4675784259768849,0.6446285085305451,1.1993423225096314,0.482614199229499,0.9564419372592184,1.3645514584479912,61899.2275729224,1.2073361396789544
0.18449642267473865,0.45669235002751796,0.48706659328563573,0.47757842597688493,0.6346285085305451,1.2193423225096314,0.4626141992294992,0.9464419372592184,1.3545514584479912,61820.2275729224,1.2073361396789544
0.19449642267473866,0.44669235002751795,0.5170665932856355,0.4575784259768849,0.6446285085305451,1.2393423225096312,0.4626141992294992,0.9264419372592184,1.3645514584479912,61395.2275729224,1.211335372924804
0.14449642267473872,0.486692350027518,0.5370665932856356,0.4675784259768849,0.6646285085305451,1.2093423225096314,0.4726141992294992,0.9364419372592184,1.3445514584479912,60944.2275729224,1.2163378715515165
0.14449642267473872,0.516692350027518,0.5670665932856356,0.4675784259768849,0.6846285085305449,1.2593423225096312,0.4626141992294992,0.9064419372592184,1.3445514584479912,60603.2275729224,1.2195672512054436
0.1244964226747387,0.506692350027518,0.5270665932856355,0.4575784259768849,0.6646285085305451,1.2593423225096312,0.4726141992294992,0.9064419372592184,1.3545514584479912,60696.2275729224,1.2195672512054436
0.09449642267473868,0.536692350027518,0.5370665932856356,0.47757842597688493,0.7046285085305449,1.2193423225096314,0.4726141992294992,0.8964419372592184,1.3745514584479912,60869.2275729224,1.223782014846801
0.14449642267473872,0.526692350027518,0.5270665932856355,0.4375784259768849,0.7046285085305449,1.2493423225096312,0.4526141992294992,0.8564419372592184,1.4045514584479912,60812.2275729224,1.228791666030883
0.16449642267473863,0.5866923500275179,0.49706659328563574,0.4175784259768849,0.7146285085305449,1.2593423225096312,0.4626141992294992,0.8564419372592184,1.3845514584479912,60379.2275729224,1.2321042537689202
0.16449642267473863,0.5766923500275181,0.5370665932856356,0.4275784259768849,0.754628508530545,1.2193423225096314,0.482614199229499,0.8264419372592183,1.3545514584479912,60140.2275729224,1.2321042537689202
0.1344964226747387,0.5866923500275179,0.5070665932856355,0.4175784259768849,0.754628508530545,1.2293423225096314,0.4726141992294992,0.8564419372592184,1.3545514584479912,60319.2275729224,1.2361542701721184
0.18449642267473865,0.5766923500275181,0.5270665932856355,0.4275784259768849,0.784628508530545,1.2193423225096314,0.4726141992294992,0.8364419372592183,1.3745514584479912,60418.2275729224,1.2406811237335198
0.18449642267473865,0.556692350027518,0.5570665932856356,0.47757842597688493,0.794628508530545,1.1893423225096313,0.4726141992294992,0.8764419372592184,1.3145514584479912,61039.2275729224,1.2448350906372063
0.2344964226747387,0.566692350027518,0.5470665932856356,0.4475784259768849,0.774628508530545,1.2293423225096314,0.502614199229499,0.8264419372592183,1.3345514584479912,61432.2275729224,1.244914007186889
0.2344964226747387,0.5766923500275181,0.5470665932856356,0.4475784259768849,0.774628508530545,1.2693423225096312,0.502614199229499,0.8364419372592183,1.2945514584479911,61273.2275729224,1.2491719245910637
0.2444964226747387,0.5766923500275181,0.5270665932856355,0.47757842597688493,0.774628508530545,1.2293423225096314,0.492614199229499,0.8364419372592183,1.3245514584479912,61598.2275729224,1.253374528884887
0.2644964226747387,0.5966923500275179,0.5170665932856355,0.507578425976885,0.724628508530545,1.2493423225096312,0.502614199229499,0.8064419372592183,1.3545514584479912,61641.2275729224,1.256776046752929
0.2544964226747387,0.6166923500275179,0.5070665932856355,0.5475784259768849,0.724628508530545,1.2293423225096314,0.512614199229499,0.8064419372592183,1.3345514584479912,62104.2275729224,1.2578508377075188
0.2744964226747387,0.5866923500275179,0.5270665932856355,0.5675784259768849,0.7146285085305449,1.2593423225096312,0.492614199229499,0.7764419372592185,1.3645514584479912,61875.2275729224,1.2608270168304436
0.2444964226747387,0.5866923500275179,0.5270665932856355,0.5975784259768849,0.6846285085305449,1.2793423225096312,0.4526141992294992,0.7964419372592185,1.4145514584479912,62468.2275729224,1.2658051967620843
0.2544964226747387,0.5866923500275179,0.5370665932856356,0.647578425976885,0.6546285085305451,1.2893423225096312,0.4426141992294992,0.7964419372592185,1.4245514584479912,62959.2275729224,1.269034576416015
0.2344964226747387,0.5866923500275179,0.49706659328563574,0.677578425976885,0.6346285085305451,1.2893423225096312,0.4526141992294992,0.8264419372592183,1.3845514584479912,62534.2275729224,1.2720641613006585
0.22449642267473868,0.5866923500275179,0.5170665932856355,0.637578425976885,0.6146285085305451,1.3093423225096312,0.4626141992294992,0.8364419372592183,1.4145514584479912,61549.2275729224,1.2730640888214104
0.22449642267473868,0.5966923500275179,0.5570665932856356,0.627578425976885,0.6446285085305451,1.3093423225096312,0.4626141992294992,0.8464419372592183,1.4045514584479912,61260.2275729224,1.277064752578731
0.22449642267473868,0.6266923500275179,0.5870665932856356,0.6075784259768849,0.6446285085305451,1.3193423225096312,0.4726141992294992,0.8664419372592184,1.4045514584479912,61017.2275729224,1.2810639858245843
0.20449642267473866,0.6166923500275179,0.6270665932856356,0.6075784259768849,0.6346285085305451,1.3293423225096312,0.482614199229499,0.8664419372592184,1.4145514584479912,61110.2275729224,1.2844964981079094
0.2544964226747387,0.5866923500275179,0.6370665932856356,0.5675784259768849,0.6546285085305451,1.3493423225096313,0.522614199229499,0.8864419372592184,1.3545514584479912,61527.2275729224,1.2855073928833
0.2644964226747387,0.566692350027518,0.6870665932856357,0.517578425976885,0.6646285085305451,1.3793423225096313,0.492614199229499,0.9264419372592184,1.3745514584479912,61404.2275729224,1.2895345211029046
0.29449642267473874,0.526692350027518,0.7070665932856357,0.5275784259768849,0.6546285085305451,1.3593423225096313,0.502614199229499,0.9264419372592184,1.3545514584479912,60725.2275729224,1.2935294628143303
0.29449642267473874,0.536692350027518,0.7370665932856357,0.517578425976885,0.6446285085305451,1.3693423225096313,0.502614199229499,0.9364419372592184,1.3445514584479912,60424.2275729224,1.297465515136718
0.29449642267473874,0.556692350027518,0.7170665932856357,0.5475784259768849,0.6346285085305451,1.3693423225096313,0.512614199229499,0.9264419372592184,1.3545514584479912,60719.2275729224,1.2985040664672844
0.2744964226747387,0.536692350027518,0.7470665932856357,0.5375784259768849,0.6446285085305451,1.3693423225096313,0.522614199229499,0.9364419372592184,1.3845514584479912,61582.2275729224,1.301419687271121
0.30449642267473875,0.526692350027518,0.7670665932856355,0.5875784259768849,0.6046285085305451,1.3593423225096313,0.502614199229499,0.9664419372592185,1.3845514584479912,62029.2275729224,1.3064379215240471
0.30449642267473875,0.526692350027518,0.7770665932856355,0.617578425976885,0.594628508530545,1.3493423225096313,0.512614199229499,0.9464419372592184,1.3945514584479912,61906.2275729224,1.3094372272491448
0.30449642267473875,0.496692350027518,0.8170665932856356,0.627578425976885,0.594628508530545,1.2993423225096312,0.532614199229499,0.9364419372592184,1.3845514584479912,62135.2275729224,1.310437870025634
0.32449642267473877,0.476692350027518,0.8570665932856356,0.677578425976885,0.584628508530545,1.2693423225096312,0.512614199229499,0.9264419372592184,1.4245514584479912,62276.2275729224,1.314437818527221
0.3644964226747386,0.43669235002751794,0.8470665932856356,0.7175784259768848,0.584628508530545,1.2893423225096312,0.512614199229499,0.9464419372592184,1.4145514584479912,62925.2275729224,1.317975711822509
0.3744964226747386,0.42669235002751793,0.8070665932856356,0.7675784259768849,0.574628508530545,1.2193423225096314,0.522614199229499,0.9564419372592184,1.4145514584479912,63546.2275729224,1.3218447685241692
0.42449642267473864,0.3966923500275179,0.8070665932856356,0.7675784259768849,0.564628508530545,1.1793423225096313,0.522614199229499,0.9464419372592184,1.4245514584479912,63909.2275729224,1.3228909492492669
0.44449642267473866,0.3966923500275179,0.7570665932856355,0.7775784259768849,0.544628508530545,1.1893423225096313,0.522614199229499,0.9464419372592184,1.4245514584479912,63876.2275729224,1.3259984970092802
0.44449642267473866,0.3966923500275179,0.7170665932856357,0.7875784259768849,0.574628508530545,1.1893423225096313,0.532614199229499,0.9664419372592185,1.3845514584479912,63715.2275729224,1.3310708522796624
0.45449642267473866,0.4166923500275179,0.7170665932856357,0.7675784259768849,0.564628508530545,1.2093423225096314,0.5726141992294991,0.9764419372592185,1.3545514584479912,64272.2275729224,1.3350803375244098
0.43449642267473865,0.3666923500275179,0.7470665932856357,0.7275784259768848,0.6046285085305451,1.2293423225096314,0.5926141992294991,0.9864419372592185,1.3445514584479912,64849.2275729224,1.3383314132690423
0.3844964226747386,0.3866923500275179,0.7770665932856355,0.687578425976885,0.6146285085305451,1.2393423225096312,0.5726141992294991,0.9864419372592185,1.3345514584479912,64894.2275729224,1.3383314132690423
0.3844964226747386,0.3866923500275179,0.8270665932856356,0.667578425976885,0.584628508530545,1.2593423225096312,0.5826141992294991,0.9964419372592185,1.3345514584479912,64369.2275729224,1.3435050964355462
0.3644964226747386,0.4066923500275179,0.8470665932856356,0.5775784259768849,0.6346285085305451,1.2793423225096312,0.5626141992294991,1.0164419372592186,1.3345514584479912,63816.2275729224,1.347751331329345
0.34449642267473857,0.3766923500275179,0.8570665932856356,0.5775784259768849,0.6346285085305451,1.2993423225096312,0.5626141992294991,1.0264419372592184,1.3345514584479912,64193.2275729224,1.3507213115692096
0.3544964226747386,0.33669235002751785,0.8670665932856356,0.5375784259768849,0.6346285085305451,1.3293423225096312,0.5526141992294991,1.0164419372592186,1.3145514584479912,64464.2275729224,1.3507213115692096
0.3644964226747386,0.33669235002751785,0.8470665932856356,0.5275784259768849,0.6146285085305451,1.3193423225096312,0.5526141992294991,1.0464419372592184,1.3245514584479912,64323.2275729224,1.3547031402587884
0.4044964226747386,0.32669235002751806,0.8570665932856356,0.5275784259768849,0.6146285085305451,1.3093423225096312,0.532614199229499,1.0464419372592184,1.3345514584479912,63900.2275729224,1.3598026752471917
0.41449642267473863,0.32669235002751806,0.8270665932856356,0.5575784259768849,0.594628508530545,1.3193423225096312,0.522614199229499,1.0464419372592184,1.3445514584479912,63733.2275729224,1.3630709171295194
0.43449642267473865,0.31669235002751805,0.7670665932856355,0.5675784259768849,0.574628508530545,1.3093423225096312,0.512614199229499,1.0264419372592184,1.3345514584479912,63844.2275729224,1.3638033390045194
0.4744964226747387,0.29669235002751804,0.7470665932856357,0.5875784259768849,0.564628508530545,1.2893423225096312,0.492614199229499,1.0464419372592184,1.3645514584479912,64239.2275729224,1.3678032875061028
0.4944964226747387,0.276692350027518,0.7770665932856355,0.627578425976885,0.594628508530545,1.2493423225096312,0.492614199229499,1.0564419372592182,1.3845514584479912,64364.2275729224,1.3714787483215325
0.4644964226747387,0.256692350027518,0.7970665932856356,0.627578425976885,0.554628508530545,1.2993423225096312,0.502614199229499,1.0264419372592184,1.3745514584479912,64147.2275729224,1.3755473613739007
0.41449642267473863,0.23669235002751798,0.8170665932856356,0.627578425976885,0.584628508530545,1.2793423225096312,0.482614199229499,1.0264419372592184,1.3945514584479912,64006.2275729224,1.3755473613739007
0.45449642267473866,0.21669235002751797,0.7870665932856356,0.6075784259768849,0.584628508530545,1.2293423225096314,0.492614199229499,1.0464419372592184,1.3845514584479912,64113.2275729224,1.3806108951568596
0.42449642267473864,0.21669235002751797,0.7870665932856356,0.6075784259768849,0.594628508530545,1.2393423225096312,0.482614199229499,1.0364419372592186,1.4045514584479912,63720.2275729224,1.3831061840057366
0.3944964226747386,0.246692350027518,0.7570665932856355,0.5775784259768849,0.594628508530545,1.2293423225096314,0.482614199229499,1.0364419372592186,1.4345514584479913,63749.2275729224,1.387541484832763
0.3544964226747386,0.23669235002751798,0.8070665932856356,0.507578425976885,0.6646285085305451,1.1893423225096313,0.4726141992294992,1.0264419372592184,1.4045514584479912,63822.2275729224,1.3885704994201689
0.32449642267473877,0.22669235002751797,0.8070665932856356,0.517578425976885,0.6346285085305451,1.2293423225096314,0.4726141992294992,1.0464419372592184,1.4045514584479912,63153.2275729224,1.3918401718139641
0.2644964226747387,0.246692350027518,0.8470665932856356,0.5275784259768849,0.6246285085305451,1.1993423225096314,0.492614199229499,1.0264419372592184,1.4145514584479912,62432.2275729224,1.3962018013000481
0.18449642267473865,0.22669235002751797,0.8570665932856356,0.5275784259768849,0.6146285085305451,1.2293423225096314,0.4626141992294992,1.0564419372592182,1.4045514584479912,61795.2275729224,1.400340032577514
0.20449642267473866,0.20669235002751796,0.8770665932856356,0.4475784259768849,0.6246285085305451,1.2393423225096312,0.482614199229499,1.0564419372592182,1.4045514584479912,61602.2275729224,1.400340032577514
0.22449642267473868,0.20669235002751796,0.8770665932856356,0.4475784259768849,0.6646285085305451,1.2293423225096314,0.4426141992294992,1.0864419372592184,1.4045514584479912,61359.2275729224,1.4043476104736357
0.22449642267473868,0.22669235002751797,0.8570665932856356,0.4175784259768849,0.6346285085305451,1.2493423225096312,0.4426141992294992,1.0864419372592184,1.4145514584479912,61114.2275729224,1.4083888053894036
0.2344964226747387,0.20669235002751796,0.8370665932856356,0.4475784259768849,0.6046285085305451,1.2293423225096314,0.4426141992294992,1.0964419372592182,1.4045514584479912,60777.2275729224,1.412538003921508
0.29449642267473874,0.23669235002751798,0.7670665932856355,0.4575784259768849,0.6046285085305451,1.2093423225096314,0.42261419922949917,1.1064419372592185,1.4045514584479912,60194.2275729224,1.4156400680541985
0.28449642267473874,0.21669235002751797,0.7470665932856357,0.47757842597688493,0.6046285085305451,1.2393423225096312,0.4326141992294992,1.0864419372592184,1.4145514584479912,60155.2275729224,1.4166171073913603
0.31449642267473876,0.22669235002751797,0.7170665932856357,0.4675784259768849,0.564628508530545,1.2693423225096312,0.4326141992294992,1.1064419372592185,1.3945514584479912,59642.2275729224,1.4206594944000237
0.30449642267473875,0.266692350027518,0.6770665932856357,0.4575784259768849,0.554628508530545,1.2593423225096312,0.42261419922949917,1.0964419372592182,1.4045514584479912,59377.2275729224,1.4247021198272698
0.2744964226747387,0.276692350027518,0.6370665932856356,0.47757842597688493,0.554628508530545,1.2593423225096312,0.4326141992294992,1.1064419372592185,1.3745514584479912,58962.2275729224,1.427835655212398
0.2544964226747387,0.276692350027518,0.6770665932856357,0.4675784259768849,0.544628508530545,1.2793423225096312,0.4326141992294992,1.1164419372592183,1.3645514584479912,58643.2275729224,1.428869199752807
0.2744964226747387,0.256692350027518,0.6470665932856356,0.49757842597688495,0.554628508530545,1.2393423225096312,0.4426141992294992,1.1064419372592185,1.3745514584479912,58254.2275729224,1.4328817844390862
0.22449642267473868,0.256692350027518,0.6270665932856356,0.47757842597688493,0.554628508530545,1.2493423225096312,0.42261419922949917,1.0964419372592182,1.3945514584479912,58133.2275729224,1.436869812011718
0.2344964226747387,0.276692350027518,0.6070665932856356,0.4675784259768849,0.554628508530545,1.2593423225096312,0.42261419922949917,1.0964419372592182,1.3945514584479912,58138.2275729224,1.4410635948181145
0.2544964226747387,0.276692350027518,0.6170665932856356,0.4475784259768849,0.574628508530545,1.2593423225096312,0.41261419922949916,1.1364419372592183,1.3745514584479912,57807.2275729224,1.442119550704959
0.22449642267473868,0.28669235002751803,0.6270665932856356,0.4175784259768849,0.574628508530545,1.2293423225096314,0.40261419922949915,1.1364419372592183,1.3445514584479912,57356.2275729224,1.445597839355468
0.22449642267473868,0.29669235002751804,0.6270665932856356,0.38757842597688497,0.6046285085305451,1.2793423225096312,0.40261419922949915,1.1364419372592183,1.3645514584479912,57769.2275729224,1.449644756317138
0.22449642267473868,0.32669235002751806,0.6070665932856356,0.38757842597688497,0.6146285085305451,1.2593423225096312,0.39261419922949914,1.1164419372592183,1.3945514584479912,57528.2275729224,1.453098249435424
0.21449642267473867,0.33669235002751785,0.6270665932856356,0.36757842597688495,0.6246285085305451,1.2693423225096312,0.38261419922949913,1.0964419372592182,1.3945514584479912,56807.2275729224,1.454156589508056
0.18449642267473865,0.3766923500275179,0.6170665932856356,0.36757842597688495,0.6346285085305451,1.2793423225096312,0.39261419922949914,1.1064419372592185,1.3745514584479912,55964.2275729224,1.45817322731018
0.20449642267473866,0.33669235002751785,0.5970665932856356,0.38757842597688497,0.6546285085305451,1.2293423225096314,0.3726141992294991,1.0964419372592182,1.3845514584479912,56275.2275729224,1.4616629600524895
0.2444964226747387,0.34669235002751786,0.5670665932856356,0.4075784259768849,0.6546285085305451,1.2193423225096314,0.38261419922949913,1.0864419372592184,1.3845514584479912,56348.2275729224,1.4657084465026884
0.20449642267473866,0.3966923500275179,0.5670665932856356,0.4075784259768849,0.6246285085305451,1.2193423225096314,0.3726141992294991,1.0964419372592182,1.3745514584479912,55733.2275729224,1.466736984252929
0.19449642267473866,0.3866923500275179,0.5270665932856355,0.4275784259768849,0.6146285085305451,1.2293423225096314,0.39261419922949914,1.0664419372592184,1.3645514584479912,55462.2275729224,1.4697403430938714
0.19449642267473866,0.3866923500275179,0.5370665932856356,0.4275784259768849,0.6146285085305451,1.2293423225096314,0.39261419922949914,1.0364419372592186,1.3745514584479912,55333.2275729224,1.4737030982971184
0.19449642267473866,0.3966923500275179,0.5070665932856355,0.4175784259768849,0.6346285085305451,1.2193423225096314,0.41261419922949916,1.0364419372592186,1.3945514584479912,55326.2275729224,1.4780222892761223
0.18449642267473865,0.4066923500275179,0.5070665932856355,0.4475784259768849,0.6146285085305451,1.2293423225096314,0.41261419922949916,1.0064419372592184,1.3645514584479912,55437.2275729224,1.4816143035888665
0.16449642267473863,0.3966923500275179,0.5270665932856355,0.4475784259768849,0.6446285085305451,1.1993423225096314,0.40261419922949915,0.9964419372592185,1.3845514584479912,54826.2275729224,1.4816143035888665
0.16449642267473863,0.46669235002751797,0.5070665932856355,0.4175784259768849,0.6546285085305451,1.2393423225096312,0.39261419922949914,0.9664419372592185,1.3945514584479912,54151.2275729224,1.4868969440460198
0.14449642267473872,0.46669235002751797,0.48706659328563573,0.4475784259768849,0.6846285085305449,1.2193423225096314,0.41261419922949916,0.9264419372592184,1.4045514584479912,53956.2275729224,1.4908968925476067
0.15449642267473862,0.476692350027518,0.5170665932856355,0.4375784259768849,0.6846285085305449,1.2393423225096312,0.40261419922949915,0.9164419372592184,1.4345514584479913,54243.2275729224,1.4942695617675739
0.14449642267473872,0.496692350027518,0.5170665932856355,0.4275784259768849,0.6746285085305451,1.2593423225096312,0.39261419922949914,0.9264419372592184,1.4245514584479912,54316.2275729224,1.4942695617675739
0.10449642267473869,0.45669235002751796,0.5470665932856356,0.4275784259768849,0.7046285085305449,1.2293423225096314,0.39261419922949914,0.9264419372592184,1.3945514584479912,54275.2275729224,1.4987356185913079
0.15449642267473862,0.506692350027518,0.49706659328563574,0.4075784259768849,0.724628508530545,1.2393423225096312,0.41261419922949916,0.9064419372592184,1.4045514584479912,54384.2275729224,1.5021142482757597
0.17449642267473864,0.496692350027518,0.5070665932856355,0.4175784259768849,0.764628508530545,1.2293423225096314,0.40261419922949915,0.8864419372592184,1.4145514584479912,54507.2275729224,1.506448936462398
0.20449642267473866,0.516692350027518,0.5270665932856355,0.397578425976885,0.724628508530545,1.2493423225096312,0.40261419922949915,0.8964419372592184,1.3845514584479912,54614.2275729224,1.507179689407348
0.16449642267473863,0.556692350027518,0.5170665932856355,0.397578425976885,0.754628508530545,1.2493423225096312,0.42261419922949917,0.9064419372592184,1.3845514584479912,54725.2275729224,1.5106801509857206
0.16449642267473863,0.556692350027518,0.5270665932856355,0.397578425976885,0.734628508530545,1.2693423225096312,0.4426141992294992,0.8864419372592184,1.3745514584479912,55148.2275729224,1.5156840801239007
0.16449642267473863,0.546692350027518,0.5270665932856355,0.4375784259768849,0.734628508530545,1.2593423225096312,0.4526141992294992,0.8764419372592184,1.3645514584479912,55389.2275729224,1.518864822387691
0.18449642267473865,0.546692350027518,0.5270665932856355,0.4675784259768849,0.7146285085305449,1.2693423225096312,0.4626141992294992,0.8864419372592184,1.3245514584479912,55264.2275729224,1.5196837902069085
0.2344964226747387,0.546692350027518,0.5070665932856355,0.48757842597688494,0.6946285085305449,1.2793423225096312,0.482614199229499,0.8864419372592184,1.3345514584479912,55247.2275729224,1.5239133358001702
0.2344964226747387,0.566692350027518,0.49706659328563574,0.507578425976885,0.6746285085305451,1.3293423225096312,0.4526141992294992,0.9064419372592184,1.3545514584479912,55958.2275729224,1.527229976654052
0.2644964226747387,0.556692350027518,0.5070665932856355,0.517578425976885,0.6646285085305451,1.3493423225096313,0.4426141992294992,0.8864419372592184,1.3345514584479912,55853.2275729224,1.5313894271850579
0.2744964226747387,0.536692350027518,0.5070665932856355,0.5375784259768849,0.6346285085305451,1.3593423225096313,0.4726141992294992,0.8564419372592184,1.3545514584479912,55758.2275729224,1.5313894271850579
0.2544964226747387,0.5866923500275179,0.49706659328563574,0.5675784259768849,0.6046285085305451,1.3693423225096313,0.4526141992294992,0.8664419372592184,1.3845514584479912,55827.2275729224,1.5352077007293694
0.20449642267473866,0.5966923500275179,0.5070665932856355,0.5875784259768849,0.6046285085305451,1.3493423225096313,0.42261419922949917,0.8964419372592184,1.3945514584479912,55890.2275729224,1.5396017551422077
0.18449642267473865,0.5766923500275181,0.5270665932856355,0.6075784259768849,0.584628508530545,1.3393423225096313,0.41261419922949916,0.9164419372592184,1.4045514584479912,56055.2275729224,1.5435819149017327
0.19449642267473866,0.5966923500275179,0.5370665932856356,0.5775784259768849,0.584628508530545,1.3693423225096313,0.42261419922949917,0.9064419372592184,1.3945514584479912,55648.2275729224,1.5475818634033196
0.21449642267473867,0.566692350027518,0.5570665932856356,0.5275784259768849,0.6046285085305451,1.3593423225096313,0.4326141992294992,0.9064419372592184,1.4345514584479913,54977.2275729224,1.5485608100891106
0.2344964226747387,0.6066923500275179,0.5570665932856356,0.507578425976885,0.6346285085305451,1.3993423225096313,0.38261419922949913,0.9164419372592184,1.4445514584479913,55456.2275729224,1.5525614738464384
0.2444964226747387,0.566692350027518,0.5670665932856356,0.4675784259768849,0.6546285085305451,1.4093423225096313,0.41261419922949916,0.9364419372592184,1.4345514584479913,55525.2275729224,1.5566734790801995
0.2544964226747387,0.546692350027518,0.6170665932856356,0.4475784259768849,0.6546285085305451,1.4293423225096313,0.4526141992294992,0.9164419372592184,1.4145514584479912,55304.2275729224,1.5597598075866692
0.28449642267473874,0.566692350027518,0.5970665932856356,0.4575784259768849,0.6546285085305451,1.4293423225096313,0.4426141992294992,0.9164419372592184,1.4145514584479912,55601.2275729224,1.5608188629150384
0.31449642267473876,0.5766923500275181,0.6270665932856356,0.4675784259768849,0.6746285085305451,1.4293423225096313,0.4426141992294992,0.9464419372592184,1.4145514584479912,55758.2275729224,1.5639664649963336
0.34449642267473857,0.556692350027518,0.5970665932856356,0.47757842597688493,0.6446285085305451,1.3793423225096313,0.4626141992294992,0.9664419372592185,1.3745514584479912,55461.2275729224,1.5682036399841301
0.3544964226747386,0.506692350027518,0.6570665932856357,0.507578425976885,0.6446285085305451,1.3493423225096313,0.4726141992294992,0.9864419372592185,1.3745514584479912,55788.2275729224,1.5721284866333
0.3744964226747386,0.556692350027518,0.6670665932856357,0.5575784259768849,0.6246285085305451,1.3193423225096312,0.492614199229499,0.9964419372592185,1.3645514584479912,55959.2275729224,1.5721284866333
0.3544964226747386,0.526692350027518,0.6670665932856357,0.5475784259768849,0.6346285085305451,1.3093423225096312,0.482614199229499,1.0164419372592186,1.3545514584479912,55888.2275729224,1.5766760826110833
0.3544964226747386,0.506692350027518,0.7070665932856357,0.5875784259768849,0.6146285085305451,1.2993423225096312,0.4626141992294992,1.0364419372592186,1.3645514584479912,55817.2275729224,1.5798568248748808
0.3644964226747386,0.496692350027518,0.6870665932856357,0.627578425976885,0.6246285085305451,1.2393423225096312,0.482614199229499,1.0264419372592184,1.3245514584479912,55792.2275729224,1.583476257324218
0.3544964226747386,0.45669235002751796,0.7870665932856356,0.627578425976885,0.6046285085305451,1.2693423225096312,0.482614199229499,0.9864419372592185,1.3945514584479912,56583.2275729224,1.5850245475769036
0.3844964226747386,0.4166923500275179,0.7870665932856356,0.657578425976885,0.594628508530545,1.2493423225096312,0.512614199229499,0.9964419372592185,1.3945514584479912,57038.2275729224,1.5890509605407708
0.3844964226747386,0.3866923500275179,0.8170665932856356,0.667578425976885,0.594628508530545,1.2393423225096312,0.4726141992294992,1.0264419372592184,1.4045514584479912,57191.2275729224,1.59320683479309
0.44449642267473866,0.35669235002751787,0.7370665932856357,0.7175784259768848,0.6046285085305451,1.1893423225096313,0.4726141992294992,1.0264419372592184,1.3745514584479912,57378.2275729224,1.596438837051391
0.45449642267473866,0.4066923500275179,0.6970665932856357,0.7275784259768848,0.594628508530545,1.1793423225096313,0.492614199229499,1.0464419372592184,1.3745514584479912,57277.2275729224,1.5974747657775872
0.44449642267473866,0.3866923500275179,0.6770665932856357,0.697578425976885,0.584628508530545,1.2193423225096314,0.482614199229499,1.0664419372592184,1.3845514584479912,57012.2275729224,1.6004404544830315
0.3944964226747386,0.4166923500275179,0.6870665932856357,0.657578425976885,0.554628508530545,1.2993423225096312,0.492614199229499,1.0464419372592184,1.3745514584479912,57277.2275729224,1.6055116176605182
0.3744964226747386,0.4166923500275179,0.6670665932856357,0.6075784259768849,0.574628508530545,1.3193423225096312,0.512614199229499,1.0564419372592182,1.3745514584479912,57136.2275729224,1.6087395668029778
0.3944964226747386,0.4166923500275179,0.7270665932856357,0.5375784259768849,0.6246285085305451,1.3493423225096313,0.522614199229499,1.0664419372592184,1.3545514584479912,57021.2275729224,1.6098656177520745
0.3544964226747386,0.3766923500275179,0.7770665932856355,0.507578425976885,0.6046285085305451,1.3493423225096313,0.532614199229499,1.0664419372592184,1.3345514584479912,56868.2275729224,1.6127359390258782
0.3544964226747386,0.34669235002751786,0.7870665932856356,0.49757842597688495,0.574628508530545,1.3993423225096313,0.542614199229499,1.0864419372592184,1.3045514584479911,56889.2275729224,1.6177036285400384
0.3644964226747386,0.33669235002751785,0.7970665932856356,0.4675784259768849,0.584628508530545,1.3893423225096313,0.542614199229499,1.0764419372592182,1.3245514584479912,56826.2275729224,1.6208760261535637
0.41449642267473863,0.29669235002751804,0.8170665932856356,0.4575784259768849,0.6246285085305451,1.3793423225096313,0.542614199229499,1.0964419372592182,1.3145514584479912,56625.2275729224,1.625038576126098
0.41449642267473863,0.276692350027518,0.8170665932856356,0.4575784259768849,0.6046285085305451,1.3293423225096312,0.522614199229499,1.0864419372592184,1.3045514584479911,56670.2275729224,1.6261205196380608
0.45449642267473866,0.28669235002751803,0.7970665932856356,0.507578425976885,0.584628508530545,1.3693423225096313,0.492614199229499,1.0964419372592182,1.3245514584479912,56763.2275729224,1.6298915863037102
0.44449642267473866,0.28669235002751803,0.8170665932856356,0.507578425976885,0.544628508530545,1.3593423225096313,0.4726141992294992,1.1264419372592185,1.3245514584479912,56962.2275729224,1.6338984489440875
0.4644964226747387,0.256692350027518,0.7970665932856356,0.5575784259768849,0.534628508530545,1.3293423225096312,0.42261419922949917,1.1164419372592183,1.3345514584479912,57289.2275729224,1.6371819496154778
0.45449642267473866,0.256692350027518,0.7070665932856357,0.5475784259768849,0.524628508530545,1.3193423225096312,0.40261419922949915,1.1164419372592183,1.3645514584479912,56846.2275729224,1.637891483306884
0.4644964226747387,0.246692350027518,0.7670665932856355,0.5475784259768849,0.514628508530545,1.3693423225096313,0.4326141992294992,1.1164419372592183,1.4145514584479912,57197.2275729224,1.6418909549713163
0.44449642267473866,0.1466923500275179,0.7370665932856357,0.5475784259768849,0.564628508530545,1.2593423225096312,0.40261419922949915,1.1064419372592185,1.4145514584479912,57000.2275729224,1.6461150169372551
0.43449642267473865,0.20669235002751796,0.7370665932856357,0.5775784259768849,0.564628508530545,1.2893423225096312,0.39261419922949914,1.0964419372592182,1.4345514584479913,56517.2275729224,1.6497303962707512
0.3844964226747386,0.22669235002751797,0.7070665932856357,0.5375784259768849,0.594628508530545,1.2793423225096312,0.4326141992294992,1.0964419372592182,1.4045514584479912,56628.2275729224,1.6508242607116692
0.3844964226747386,0.20669235002751796,0.7370665932856357,0.5575784259768849,0.574628508530545,1.2493423225096312,0.4326141992294992,1.0864419372592184,1.3945514584479912,56767.2275729224,1.6548242092132561
0.34449642267473857,0.20669235002751796,0.7570665932856355,0.5575784259768849,0.6146285085305451,1.2293423225096314,0.4626141992294992,1.0864419372592184,1.3945514584479912,56586.2275729224,1.6590933322906487
0.2444964226747387,0.21669235002751797,0.7870665932856356,0.5375784259768849,0.6246285085305451,1.2493423225096312,0.4526141992294992,1.0864419372592184,1.3945514584479912,56441.2275729224,1.6620475769042962
0.16449642267473863,0.21669235002751797,0.7670665932856355,0.48757842597688494,0.6046285085305451,1.2793423225096312,0.4626141992294992,1.0964419372592182,1.3745514584479912,56014.2275729224,1.6627180099487298
0.17449642267473864,0.20669235002751796,0.8070665932856356,0.4675784259768849,0.584628508530545,1.2593423225096312,0.4726141992294992,1.1064419372592185,1.3945514584479912,55535.2275729224,1.6657275676727288
0.18449642267473865,0.21669235002751797,0.8070665932856356,0.4575784259768849,0.584628508530545,1.2593423225096312,0.4626141992294992,1.0964419372592182,1.4045514584479912,55058.2275729224,1.670893621444705
0.22449642267473868,0.16669235002751792,0.8170665932856356,0.4575784259768849,0.564628508530545,1.2593423225096312,0.4326141992294992,1.0764419372592182,1.4145514584479912,54175.2275729224,1.6749412536621087
0.2344964226747387,0.1466923500275179,0.8170665932856356,0.4275784259768849,0.584628508530545,1.2593423225096312,0.41261419922949916,1.0964419372592182,1.4345514584479913,54280.2275729224,1.6749412536621087
0.22449642267473868,0.16669235002751792,0.8070665932856356,0.4275784259768849,0.584628508530545,1.2693423225096312,0.41261419922949916,1.1064419372592185,1.3945514584479912,54657.2275729224,1.6791631698608391
0.2344964226747387,0.17669235002751793,0.7870665932856356,0.4375784259768849,0.584628508530545,1.2393423225096312,0.41261419922949916,1.1064419372592185,1.4245514584479912,53994.2275729224,1.6831569194793694
0.2544964226747387,0.18669235002751794,0.7370665932856357,0.4575784259768849,0.574628508530545,1.2693423225096312,0.41261419922949916,1.0964419372592182,1.4345514584479913,53293.2275729224,1.6868435859680169
0.2744964226747387,0.11669235002751788,0.7170665932856357,0.4575784259768849,0.554628508530545,1.2693423225096312,0.39261419922949914,1.1364419372592183,1.4245514584479912,53472.2275729224,1.6907710552215605
0.29449642267473874,0.10669235002751787,0.7170665932856357,0.4575784259768849,0.544628508530545,1.2793423225096312,0.38261419922949913,1.1164419372592183,1.4145514584479912,53505.2275729224,1.6919922351837187
0.2444964226747387,0.09669235002751786,0.7270665932856357,0.47757842597688493,0.514628508530545,1.2893423225096312,0.3726141992294991,1.1164419372592183,1.4245514584479912,52686.2275729224,1.695436668395999
0.22449642267473868,0.1366923500275179,0.7070665932856357,0.4375784259768849,0.554628508530545,1.2793423225096312,0.38261419922949913,1.1064419372592185,1.4145514584479912,52173.2275729224,1.6997665882110589
0.21449642267473867,0.11669235002751788,0.6870665932856357,0.4475784259768849,0.544628508530545,1.2693423225096312,0.40261419922949915,1.1164419372592183,1.4045514584479912,52136.2275729224,1.7029351711273186
0.21449642267473867,0.10669235002751787,0.6470665932856356,0.4575784259768849,0.544628508530545,1.2793423225096312,0.41261419922949916,1.1164419372592183,1.3745514584479912,51479.2275729224,1.7038828849792473
0.20449642267473866,0.10669235002751787,0.6570665932856357,0.4575784259768849,0.534628508530545,1.2593423225096312,0.4326141992294992,1.1264419372592185,1.3745514584479912,51512.2275729224,1.7072915554046624
0.14449642267473872,0.11669235002751788,0.6370665932856356,0.4275784259768849,0.544628508530545,1.2893423225096312,0.41261419922949916,1.1264419372592185,1.3945514584479912,51681.2275729224,1.7114161968231194
0.14449642267473872,0.1366923500275179,0.6270665932856356,0.397578425976885,0.534628508530545,1.2993423225096312,0.4326141992294992,1.1064419372592185,1.3745514584479912,51182.2275729224,1.7154798030853264
0.1244964226747387,0.1366923500275179,0.6270665932856356,0.38757842597688497,0.534628508530545,1.2993423225096312,0.40261419922949915,1.1164419372592183,1.4045514584479912,50645.2275729224,1.7154798030853264
0.10449642267473869,0.1366923500275179,0.5970665932856356,0.38757842597688497,0.544628508530545,1.3193423225096312,0.40261419922949915,1.1064419372592185,1.3845514584479912,50078.2275729224,1.72044129371643
0.09449642267473868,0.12669235002751789,0.6370665932856356,0.38757842597688497,0.564628508530545,1.3093423225096312,0.39261419922949914,1.1264419372592185,1.3945514584479912,49815.2275729224,1.7239076614379876
0.1144964226747387,0.16669235002751792,0.6070665932856356,0.38757842597688497,0.554628508530545,1.3093423225096312,0.3726141992294991,1.1164419372592183,1.3845514584479912,49572.2275729224,1.7277040004730218
0.09449642267473868,0.1466923500275179,0.6170665932856356,0.36757842597688495,0.594628508530545,1.2993423225096312,0.3726141992294991,1.1264419372592185,1.3845514584479912,49725.2275729224,1.728824567794799
0.1144964226747387,0.11669235002751788,0.5670665932856356,0.36757842597688495,0.574628508530545,1.2893423225096312,0.3526141992294991,1.1164419372592183,1.3845514584479912,49494.2275729224,1.732417058944705
0.08449642267473867,0.12669235002751789,0.5570665932856356,0.4075784259768849,0.594628508530545,1.2793423225096312,0.3526141992294991,1.0964419372592182,1.4045514584479912,49301.2275729224,1.7362651348114007
0.08449642267473867,0.11669235002751788,0.5670665932856356,0.4075784259768849,0.594628508530545,1.2693423225096312,0.3526141992294991,1.0564419372592182,1.4245514584479912,49090.2275729224,1.7402760505676262
0.05449642267473864,0.12669235002751789,0.5470665932856356,0.4175784259768849,0.6146285085305451,1.2893423225096312,0.3626141992294991,1.0664419372592184,1.4245514584479912,49113.2275729224,1.7402760505676262
0.024496422674738727,0.11669235002751788,0.5670665932856356,0.397578425976885,0.6446285085305451,1.2693423225096312,0.3526141992294991,1.0664419372592184,1.4045514584479912,48934.2275729224,1.744289588928222
0.05449642267473864,0.1366923500275179,0.5370665932856356,0.4175784259768849,0.6446285085305451,1.2593423225096312,0.3526141992294991,1.0364419372592186,1.4245514584479912,48815.2275729224,1.748868894577022
0.07449642267473866,0.10669235002751787,0.5470665932856356,0.4375784259768849,0.6246285085305451,1.2693423225096312,0.3726141992294991,1.0164419372592186,1.4345514584479913,48490.2275729224,1.7525004863739007
0.044496422674738634,0.08669235002751785,0.5470665932856356,0.4275784259768849,0.6746285085305451,1.2393423225096312,0.3726141992294991,1.0064419372592184,1.4445514584479913,48329.2275729224,1.7525004863739007
0.06449642267473865,0.04669235002751804,0.5570665932856356,0.4175784259768849,0.6846285085305449,1.2193423225096314,0.3726141992294991,0.9864419372592185,1.4545514584479913,47396.2275729224,1.7569281578063993
0.07449642267473866,0.03669235002751803,0.5570665932856356,0.4175784259768849,0.6746285085305451,1.2193423225096314,0.3626141992294991,0.9464419372592184,1.4645514584479913,47497.2275729224,1.7602777004241936
0.044496422674738634,0.03669235002751803,0.5070665932856355,0.4075784259768849,0.7046285085305449,1.1993423225096314,0.3626141992294991,0.9564419372592184,1.4745514584479913,47486.2275729224,1.765339803695678
0.034496422674738625,0.04669235002751804,0.4770665932856357,0.397578425976885,0.7146285085305449,1.1993423225096314,0.3426141992294991,0.9464419372592184,1.494551458447991,46935.2275729224,1.765339803695678
0.05449642267473864,0.02669235002751802,0.49706659328563574,0.4075784259768849,0.6846285085305449,1.2193423225096314,0.3626141992294991,0.9464419372592184,1.4245514584479912,47362.2275729224,1.7693395137786858
0.044496422674738634,0.01669235002751801,0.4570665932856357,0.4275784259768849,0.6946285085305449,1.2393423225096312,0.3526141992294991,0.9464419372592184,1.4645514584479913,47367.2275729224,1.772501897811889
0.06449642267473865,0.03669235002751803,0.4570665932856357,0.4275784259768849,0.7146285085305449,1.2293423225096314,0.3726141992294991,0.9564419372592184,1.4345514584479913,47186.2275729224,1.7774414539337187
0.06449642267473865,0.02669235002751802,0.4270665932856357,0.4575784259768849,0.7046285085305449,1.2593423225096312,0.3726141992294991,0.9564419372592184,1.4245514584479912,47439.2275729224,1.780990552902221
0.06449642267473865,-0.013307649972482016,0.4270665932856357,0.4675784259768849,0.7046285085305449,1.2493423225096312,0.3426141992294991,0.9664419372592185,1.4245514584479912,47978.2275729224,1.780990552902221
0.06449642267473865,-0.023307649972482025,0.41706659328563567,0.4575784259768849,0.6946285085305449,1.2593423225096312,0.3626141992294991,0.9564419372592184,1.4245514584479912,47781.2275729224,1.7851182937622063
0.07449642267473866,-0.08330764997248208,0.39706659328563565,0.507578425976885,0.6846285085305449,1.3093423225096312,0.39261419922949914,0.9564419372592184,1.4145514584479912,47622.2275729224,1.7890021324157708
0.08449642267473867,-0.08330764997248208,0.37706659328563563,0.517578425976885,0.6646285085305451,1.3193423225096312,0.39261419922949914,0.9364419372592184,1.3545514584479912,47725.2275729224,1.7932159423828082
0.08449642267473867,-0.113307649972482,0.3370665932856356,0.5275784259768849,0.6746285085305451,1.2893423225096312,0.41261419922949916,0.9264419372592184,1.3745514584479912,48272.2275729224,1.7932159423828082
0.07449642267473866,-0.113307649972482,0.3070665932856357,0.5675784259768849,0.6346285085305451,1.3193423225096312,0.40261419922949915,0.9264419372592184,1.3945514584479912,48267.2275729224,1.7970730781555204
0.07449642267473866,-0.08330764997248208,0.3170665932856356,0.5875784259768849,0.594628508530545,1.3393423225096313,0.40261419922949915,0.9264419372592184,1.4145514584479912,48204.2275729224,1.8010727882385247
0.05449642267473864,-0.1033076499724821,0.3070665932856357,0.627578425976885,0.574628508530545,1.3593423225096313,0.41261419922949916,0.9564419372592184,1.3945514584479912,47871.2275729224,1.8052236557006829
0.07449642267473866,-0.09330764997248209,0.28706659328563566,0.627578425976885,0.564628508530545,1.3493423225096313,0.40261419922949915,0.9364419372592184,1.3945514584479912,48364.2275729224,1.8062190532684355
0.034496422674738625,-0.09330764997248209,0.24706659328563563,0.657578425976885,0.564628508530545,1.3193423225096312,0.41261419922949916,0.9564419372592184,1.4045514584479912,49013.2275729224,1.8092996597290032
-0.0055035773252613,-0.06330764997248206,0.27706659328563565,0.637578425976885,0.584628508530545,1.3193423225096312,0.42261419922949917,0.9364419372592184,1.4245514584479912,48464.2275729224,1.8136956214904778
0.004496422674738709,-0.113307649972482,0.28706659328563566,0.617578425976885,0.584628508530545,1.3493423225096313,0.4326141992294992,0.9264419372592184,1.4445514584479913,48135.2275729224,1.8177215576171868
0.024496422674738727,-0.1033076499724821,0.25706659328563564,0.5875784259768849,0.6146285085305451,1.3593423225096313,0.4326141992294992,0.9264419372592184,1.4445514584479913,48018.2275729224,1.8187565326690667
-0.025503577325261317,-0.07330764997248207,0.23706659328563562,0.5475784259768849,0.6546285085305451,1.3993423225096313,0.41261419922949916,0.9564419372592184,1.4345514584479913,47739.2275729224,1.8217272281646757
-0.055503577325261344,-0.07330764997248207,0.24706659328563563,0.517578425976885,0.6146285085305451,1.4193423225096313,0.4526141992294992,0.9464419372592184,1.4445514584479913,47784.2275729224,1.8267578601837187
-0.06550357732526135,-0.06330764997248206,0.23706659328563562,0.48757842597688494,0.6246285085305451,1.4393423225096313,0.41261419922949916,0.9464419372592184,1.4745514584479913,48153.2275729224,1.830757808685302
-0.07550357732526136,-0.05330764997248205,0.2270665932856356,0.47757842597688493,0.6346285085305451,1.4493423225096314,0.41261419922949916,0.9664419372592185,1.4645514584479913,48316.2275729224,1.830757808685302
-0.055503577325261344,-0.09330764997248209,0.24706659328563563,0.5575784259768849,0.594628508530545,1.3993423225096313,0.4526141992294992,0.9664419372592185,1.4545514584479913,47911.2275729224,1.8345107555389397
-0.06550357732526135,-0.08330764997248208,0.23706659328563562,0.5675784259768849,0.544628508530545,1.3893423225096313,0.482614199229499,0.9764419372592185,1.4245514584479912,48522.2275729224,1.8383557319641106
-0.025503577325261317,-0.16330764997248204,0.19706659328563558,0.6075784259768849,0.584628508530545,1.3593423225096313,0.492614199229499,0.9564419372592184,1.4245514584479912,48671.2275729224,1.8428437232971184
-0.035503577325261326,-0.113307649972482,0.14706659328563565,0.627578425976885,0.564628508530545,1.3793423225096313,0.502614199229499,0.9664419372592185,1.4145514584479912,48072.2275729224,1.8428437232971184
-0.0055035773252613,-0.133307649972482,0.12706659328563563,0.667578425976885,0.534628508530545,1.3993423225096313,0.522614199229499,0.9664419372592185,1.4445514584479913,47829.2275729224,1.8471416950225823
-0.0055035773252613,-0.16330764997248204,0.16706659328563567,0.687578425976885,0.504628508530545,1.3893423225096313,0.522614199229499,0.9964419372592185,1.4445514584479913,47712.2275729224,1.850394439697265
-0.025503577325261317,-0.133307649972482,0.17706659328563568,0.7275784259768848,0.504628508530545,1.3693423225096313,0.522614199229499,0.9764419372592185,1.4545514584479913,47833.2275729224,1.8547226905822747
-0.06550357732526135,-0.14330764997248202,0.2070665932856356,0.7375784259768848,0.49462850853054496,1.3593423225096313,0.512614199229499,0.9664419372592185,1.4645514584479913,47314.2275729224,1.8558439731597893
-0.045503577325261335,-0.14330764997248202,0.2170665932856356,0.7575784259768849,0.504628508530545,1.3293423225096312,0.522614199229499,0.9764419372592185,1.4545514584479913,47539.2275729224,1.8588950157165556
-0.035503577325261326,-0.15330764997248203,0.18706659328563569,0.7775784259768849,0.49462850853054496,1.3093423225096312,0.512614199229499,0.9964419372592185,1.484551458447991,47722.2275729224,1.8633334159851067
-0.035503577325261326,-0.17330764997248205,0.2170665932856356,0.7775784259768849,0.49462850853054496,1.3193423225096312,0.502614199229499,1.0064419372592184,1.4745514584479913,48027.2275729224,1.8673088073730462
-0.10550357732526128,-0.133307649972482,0.17706659328563568,0.7675784259768849,0.49462850853054496,1.3193423225096312,0.482614199229499,1.0364419372592186,1.4745514584479913,48246.2275729224,1.8713168621063225
-0.06550357732526135,-0.15330764997248203,0.14706659328563565,0.7775784259768849,0.514628508530545,1.3193423225096312,0.502614199229499,1.0664419372592184,1.4145514584479912,48347.2275729224,1.8713168621063225
-0.07550357732526136,-0.123307649972482,0.10706659328563561,0.687578425976885,0.544628508530545,1.3293423225096312,0.512614199229499,1.0664419372592184,1.4045514584479912,48470.2275729224,1.8753168106079094
-0.10550357732526128,-0.1033076499724821,0.0970665932856356,0.6075784259768849,0.534628508530545,1.4193423225096313,0.532614199229499,1.0664419372592184,1.3945514584479912,48183.2275729224,1.879081201553344
-0.1355035773252613,-0.15330764997248203,0.13706659328563564,0.5375784259768849,0.534628508530545,1.5093423225096312,0.532614199229499,1.0664419372592184,1.4045514584479912,47930.2275729224,1.883428764343261
-0.15550357732526132,-0.14330764997248202,0.13706659328563564,0.5575784259768849,0.544628508530545,1.4293423225096313,0.532614199229499,1.0964419372592182,1.3345514584479912,48117.2275729224,1.883428764343261
-0.16550357732526133,-0.20330764997248207,0.17706659328563568,0.507578425976885,0.544628508530545,1.4693423225096314,0.542614199229499,1.1064419372592185,1.3545514584479912,48168.2275729224,1.8871488094329827
-0.1355035773252613,-0.17330764997248205,0.17706659328563568,0.5475784259768849,0.524628508530545,1.4493423225096314,0.532614199229499,1.1364419372592183,1.3245514584479912,47387.2275729224,1.8914882659912102
-0.1455035773252613,-0.20330764997248207,0.19706659328563558,0.5575784259768849,0.49462850853054496,1.4293423225096313,0.512614199229499,1.1464419372592185,1.3345514584479912,47026.2275729224,1.8955232620239286
-0.11550357732526129,-0.19330764997248207,0.17706659328563568,0.5675784259768849,0.514628508530545,1.4293423225096313,0.492614199229499,1.1164419372592183,1.3445514584479912,47103.2275729224,1.8955232620239286
-0.09550357732526138,-0.17330764997248205,0.2070665932856356,0.5675784259768849,0.47462850853054495,1.4293423225096313,0.502614199229499,1.1264419372592185,1.3745514584479912,47280.2275729224,1.899513673782348
-0.08550357732526137,-0.21330764997248208,0.2070665932856356,0.6075784259768849,0.46462850853054494,1.3993423225096313,0.482614199229499,1.1164419372592183,1.3745514584479912,47441.2275729224,1.9044894695281975
-0.10550357732526128,-0.20330764997248207,0.19706659328563558,0.627578425976885,0.4446285085305449,1.3593423225096313,0.4526141992294992,1.1164419372592183,1.4145514584479912,47648.2275729224,1.907586765289306
-0.1455035773252613,-0.20330764997248207,0.23706659328563562,0.637578425976885,0.46462850853054494,1.3793423225096313,0.4426141992294992,1.1164419372592183,1.4145514584479912,47755.2275729224,1.907586765289306
-0.1255035773252613,-0.233307649972482,0.23706659328563562,0.637578425976885,0.45462850853054493,1.3193423225096312,0.42261419922949917,1.1364419372592183,1.4245514584479912,47978.2275729224,1.911619853973388
-0.11550357732526129,-0.233307649972482,0.23706659328563562,0.627578425976885,0.504628508530545,1.3193423225096312,0.4326141992294992,1.1164419372592183,1.4345514584479913,48277.2275729224,1.9167448997497587
-0.1455035773252613,-0.253307649972482,0.2170665932856356,0.5775784259768849,0.514628508530545,1.3093423225096312,0.4526141992294992,1.0964419372592182,1.4445514584479913,48278.2275729224,1.9207255363464384
-0.1455035773252613,-0.243307649972482,0.18706659328563569,0.5675784259768849,0.514628508530545,1.2593423225096312,0.4526141992294992,1.0964419372592182,1.4245514584479912,48279.2275729224,1.9207255363464384
-0.17550357732526134,-0.233307649972482,0.19706659328563558,0.5675784259768849,0.504628508530545,1.2893423225096312,0.4726141992294992,1.0864419372592184,1.4345514584479913,47994.2275729224,1.924728345870971
-0.15550357732526132,-0.2233076499724821,0.16706659328563567,0.507578425976885,0.514628508530545,1.2793423225096312,0.4526141992294992,1.0764419372592182,1.4645514584479913,47805.2275729224,1.9287294864654498
-0.1355035773252613,-0.233307649972482,0.16706659328563567,0.47757842597688493,0.504628508530545,1.3393423225096313,0.482614199229499,1.0864419372592184,1.4445514584479913,47716.2275729224,1.9327296733856194
-0.17550357732526134,-0.2233076499724821,0.13706659328563564,0.4475784259768849,0.514628508530545,1.3293423225096312,0.42261419922949917,1.0864419372592184,1.4545514584479913,47747.2275729224,1.9327296733856194
-0.16550357732526133,-0.30330764997248205,0.11706659328563562,0.4275784259768849,0.544628508530545,1.2493423225096312,0.4526141992294992,1.0964419372592182,1.4445514584479913,47112.2275729224,1.9367720603942864
-0.1455035773252613,-0.263307649972482,0.12706659328563563,0.4375784259768849,0.524628508530545,1.2193423225096314,0.4726141992294992,1.0664419372592184,1.4645514584479913,46541.2275729224,1.9408623695373564
-0.15550357732526132,-0.233307649972482,0.13706659328563564,0.4375784259768849,0.524628508530545,1.2293423225096314,0.4426141992294992,1.0964419372592182,1.4245514584479912,46534.2275729224,1.9452440261840778
-0.16550357732526133,-0.21330764997248208,0.17706659328563568,0.4275784259768849,0.524628508530545,1.2093423225096314,0.42261419922949917,1.1264419372592185,1.4245514584479912,46429.2275729224,1.948713970184329
-0.18550357732526135,-0.233307649972482,0.14706659328563565,0.4475784259768849,0.504628508530545,1.2193423225096314,0.42261419922949917,1.1364419372592183,1.4245514584479912,46096.2275729224,1.9497508525848382
-0.16550357732526133,-0.21330764997248208,0.10706659328563561,0.4375784259768849,0.514628508530545,1.1793423225096313,0.39261419922949914,1.1464419372592185,1.4445514584479913,45439.2275729224,1.9526121139526396
-0.1355035773252613,-0.263307649972482,0.13706659328563564,0.4375784259768849,0.534628508530545,1.1693423225096313,0.39261419922949914,1.1464419372592185,1.4645514584479913,45098.2275729224,1.9576658725738518
-0.1355035773252613,-0.273307649972482,0.17706659328563568,0.4475784259768849,0.514628508530545,1.1793423225096313,0.40261419922949915,1.1164419372592183,1.4445514584479913,45491.2275729224,1.9616658210754387
-0.16550357732526133,-0.273307649972482,0.15706659328563566,0.4275784259768849,0.504628508530545,1.1593423225096313,0.41261419922949916,1.1264419372592185,1.4245514584479912,45874.2275729224,1.9616658210754387
-0.19550357732526136,-0.273307649972482,0.10706659328563561,0.38757842597688497,0.524628508530545,1.1693423225096313,0.42261419922949917,1.1364419372592183,1.4345514584479913,45357.2275729224,1.9657661437988274
-0.20550357732526137,-0.21330764997248208,0.10706659328563561,0.36757842597688495,0.514628508530545,1.1393423225096313,0.40261419922949915,1.1264419372592185,1.4245514584479912,44264.2275729224,1.969766330718997
-0.17550357732526134,-0.273307649972482,0.07706659328563559,0.3175784259768849,0.544628508530545,1.1093423225096313,0.4326141992294992,1.1164419372592183,1.4145514584479912,44057.2275729224,1.9738962173461907
-0.17550357732526134,-0.273307649972482,0.03706659328563566,0.3075784259768849,0.554628508530545,1.1093423225096313,0.4326141992294992,1.1164419372592183,1.4145514584479912,44488.2275729224,1.9738962173461907
-0.21550357732526138,-0.273307649972482,0.03706659328563566,0.27757842597688487,0.554628508530545,1.0793423225096312,0.42261419922949917,1.1064419372592185,1.4345514584479913,44255.2275729224,1.978530836105346
-0.18550357732526135,-0.253307649972482,0.07706659328563559,0.23757842597688494,0.574628508530545,1.0793423225096312,0.42261419922949917,1.1064419372592185,1.4245514584479912,44096.2275729224,1.981681060791015
-0.22550357732526127,-0.243307649972482,0.017066593285635645,0.23757842597688494,0.574628508530545,1.0793423225096312,0.4326141992294992,1.0964419372592182,1.4245514584479912,43933.2275729224,1.9856774330139189
-0.21550357732526138,-0.263307649972482,0.07706659328563559,0.24757842597688495,0.554628508530545,1.0593423225096312,0.41261419922949916,1.0964419372592182,1.4245514584479912,43484.2275729224,1.9856774330139189
-0.18550357732526135,-0.253307649972482,0.03706659328563566,0.24757842597688495,0.544628508530545,1.0393423225096312,0.39261419922949914,1.1164419372592183,1.4045514584479912,43349.2275729224,1.990225982666015
-0.16550357732526133,-0.273307649972482,0.05706659328563568,0.20757842597688492,0.564628508530545,1.0693423225096312,0.3726141992294991,1.1264419372592185,1.4145514584479912,42666.2275729224,1.9942104339599602
-0.16550357732526133,-0.28330764997248203,0.07706659328563559,0.21757842597688493,0.574628508530545,1.0093423225096312,0.39261419922949914,1.1264419372592185,1.3945514584479912,42087.2275729224,1.9982127666473382
-0.18550357732526135,-0.263307649972482,0.05706659328563568,0.1975784259768849,0.564628508530545,0.9893423225096312,0.3726141992294991,1.1264419372592185,1.4045514584479912,42216.2275729224,1.9992861270904498
-0.15550357732526132,-0.29330764997248204,0.07706659328563559,0.22757842597688493,0.574628508530545,0.9693423225096314,0.3526141992294991,1.1264419372592185,1.4145514584479912,41761.2275729224,2.0023076057434075
-0.17550357732526134,-0.253307649972482,0.0970665932856356,0.23757842597688494,0.564628508530545,0.9593423225096314,0.3426141992294991,1.1064419372592185,1.4145514584479912,41148.2275729224,2.007358264923095
-0.1455035773252613,-0.273307649972482,0.12706659328563563,0.1975784259768849,0.574628508530545,0.9193423225096313,0.3526141992294991,1.0864419372592184,1.4145514584479912,40999.2275729224,2.011736106872558
-0.16550357732526133,-0.30330764997248205,0.0870665932856356,0.1975784259768849,0.6046285085305451,0.9493423225096314,0.3626141992294991,1.0664419372592184,1.4145514584479912,40826.2275729224,2.011736106872558
-0.16550357732526133,-0.263307649972482,0.0970665932856356,0.1875784259768849,0.584628508530545,0.9393423225096313,0.3526141992294991,1.0664419372592184,1.4145514584479912,40943.2275729224,2.0151161670684807
-0.16550357732526133,-0.28330764997248203,0.13706659328563564,0.1975784259768849,0.584628508530545,0.9393423225096313,0.3626141992294991,1.0464419372592184,1.4445514584479913,40516.2275729224,2.01920838356018
-0.1355035773252613,-0.243307649972482,0.14706659328563565,0.1875784259768849,0.574628508530545,0.9293423225096313,0.3626141992294991,1.0264419372592184,1.4345514584479913,40113.2275729224,2.0231916427612298
-0.21550357732526138,-0.233307649972482,0.15706659328563566,0.13757842597688497,0.6046285085305451,0.9193423225096313,0.3526141992294991,1.0164419372592186,1.4545514584479913,40010.2275729224,2.026722383499145
-0.18550357732526135,-0.233307649972482,0.15706659328563566,0.13757842597688497,0.584628508530545,0.9193423225096313,0.3526141992294991,1.0264419372592184,1.4645514584479913,40111.2275729224,2.027723026275634
-0.18550357732526135,-0.263307649972482,0.13706659328563564,0.13757842597688497,0.6046285085305451,0.8993423225096313,0.3526141992294991,1.0164419372592186,1.4545514584479913,40162.2275729224,2.03094573020935
-0.18550357732526135,-0.243307649972482,0.16706659328563567,0.14757842597688497,0.594628508530545,0.8993423225096313,0.3626141992294991,1.0264419372592184,1.4245514584479912,39749.2275729224,2.035970163345336
-0.20550357732526137,-0.2233076499724821,0.15706659328563566,0.14757842597688497,0.594628508530545,0.8993423225096313,0.3526141992294991,1.0064419372592184,1.4445514584479913,39236.2275729224,2.0389730453491204
-0.16550357732526133,-0.243307649972482,0.12706659328563563,0.15757842597688487,0.554628508530545,0.9093423225096313,0.38261419922949913,1.0064419372592184,1.4445514584479913,39287.2275729224,2.039977264404296
-0.17550357732526134,-0.21330764997248208,0.12706659328563563,0.12757842597688496,0.574628508530545,0.8593423225096313,0.39261419922949914,0.9964419372592185,1.4445514584479913,39332.2275729224,2.0439829349517815
-0.18550357732526135,-0.21330764997248208,0.12706659328563563,0.12757842597688496,0.554628508530545,0.8993423225096313,0.40261419922949915,0.9964419372592185,1.4445514584479913,38857.2275729224,2.0484902381896966
-0.16550357732526133,-0.2233076499724821,0.15706659328563566,0.10757842597688494,0.534628508530545,0.8893423225096313,0.41261419922949916,0.9964419372592185,1.4245514584479912,38910.2275729224,2.05153222084045
-0.16550357732526133,-0.21330764997248208,0.17706659328563568,0.11757842597688495,0.504628508530545,0.8793423225096313,0.41261419922949916,0.9864419372592185,1.3845514584479912,38921.2275729224,2.05153222084045
-0.16550357732526133,-0.20330764997248207,0.14706659328563565,0.11757842597688495,0.49462850853054496,0.8993423225096313,0.4526141992294992,0.9764419372592185,1.3845514584479912,38986.2275729224,2.055393171310424
-0.17550357732526134,-0.2233076499724821,0.18706659328563569,0.11757842597688495,0.49462850853054496,0.8793423225096313,0.4726141992294992,0.9664419372592185,1.3945514584479912,38859.2275729224,2.059452962875369
-0.15550357732526132,-0.19330764997248207,0.18706659328563569,0.11757842597688495,0.514628508530545,0.8593423225096313,0.4726141992294992,0.9564419372592184,1.3945514584479912,39074.2275729224,2.063457441329959
-0.1455035773252613,-0.18330764997248206,0.19706659328563558,0.11757842597688495,0.49462850853054496,0.8693423225096313,0.4626141992294992,0.9764419372592185,1.4245514584479912,39317.2275729224,2.0644464015960686
-0.1355035773252613,-0.19330764997248207,0.19706659328563558,0.13757842597688497,0.49462850853054496,0.8593423225096313,0.492614199229499,0.9664419372592185,1.3845514584479912,39166.2275729224,2.067445468902587
-0.16550357732526133,-0.21330764997248208,0.18706659328563569,0.11757842597688495,0.48462850853054495,0.8493423225096313,0.4626141992294992,0.9964419372592185,1.4145514584479912,39235.2275729224,2.0724675178527825
-0.1455035773252613,-0.21330764997248208,0.19706659328563558,0.10757842597688494,0.514628508530545,0.8393423225096313,0.4726141992294992,1.0064419372592184,1.4045514584479912,39248.2275729224,2.075757217407226
-0.17550357732526134,-0.20330764997248207,0.16706659328563567,0.08757842597688492,0.514628508530545,0.7793423225096313,0.482614199229499,0.9864419372592185,1.4245514584479912,39075.2275729224,2.0767912387847893
-0.16550357732526133,-0.21330764997248208,0.17706659328563568,0.09757842597688493,0.504628508530545,0.7793423225096313,0.4626141992294992,0.9864419372592185,1.4245514584479912,38808.2275729224,2.079788875579837
-0.15550357732526132,-0.2233076499724821,0.2070665932856356,0.09757842597688493,0.514628508530545,0.7493423225096313,0.4726141992294992,0.9764419372592185,1.4745514584479913,38923.2275729224,2.0837871551513665
-0.16550357732526133,-0.233307649972482,0.17706659328563568,0.0675784259768849,0.514628508530545,0.7193423225096313,0.4426141992294992,0.9864419372592185,1.4645514584479913,39266.2275729224,2.088861417770385
-0.17550357732526134,-0.233307649972482,0.16706659328563567,0.09757842597688493,0.49462850853054496,0.7193423225096313,0.482614199229499,0.9964419372592185,1.4345514584479913,39305.2275729224,2.091990184783935
-0.17550357732526134,-0.2233076499724821,0.13706659328563564,0.09757842597688493,0.504628508530545,0.6893423225096312,0.502614199229499,0.9964419372592185,1.4645514584479913,38948.2275729224,2.0929882049560504
-0.16550357732526133,-0.253307649972482,0.12706659328563563,0.08757842597688492,0.47462850853054495,0.6893423225096312,0.492614199229499,1.0164419372592186,1.4645514584479913,38887.2275729224,2.096047353744506
-0.18550357732526135,-0.233307649972482,0.14706659328563565,0.09757842597688493,0.4346285085305449,0.7193423225096313,0.522614199229499,1.0064419372592184,1.4345514584479913,39138.2275729224,2.100846481323238
-0.20550357732526137,-0.21330764997248208,0.15706659328563566,0.09757842597688493,0.45462850853054493,0.7093423225096313,0.532614199229499,1.0164419372592186,1.4445514584479913,38853.2275729224,2.1038934707641594
-0.19550357732526136,-0.233307649972482,0.11706659328563562,0.07757842597688491,0.45462850853054493,0.6593423225096313,0.5626141992294991,1.0264419372592184,1.4245514584479912,38792.2275729224,2.1048976898193352
-0.22550357732526127,-0.253307649972482,0.10706659328563561,0.0675784259768849,0.45462850853054493,0.6393423225096313,0.5526141992294991,1.0264419372592184,1.4145514584479912,38335.2275729224,2.108897161483764
-0.20550357732526137,-0.243307649972482,0.0970665932856356,0.027578425976884924,0.47462850853054495,0.6093423225096313,0.5526141992294991,1.0464419372592184,1.4445514584479913,38168.2275729224,2.1130582809448235
-0.19550357732526136,-0.28330764997248203,0.11706659328563562,0.03757842597688493,0.4446285085305449,0.6193423225096313,0.5526141992294991,1.0364419372592186,1.4445514584479913,38509.2275729224,2.1170799255371087
-0.23550357732526128,-0.28330764997248203,0.0870665932856356,0.04757842597688494,0.4146285085305451,0.6393423225096313,0.5526141992294991,1.0564419372592182,1.4645514584479913,38538.2275729224,2.1170799255371087
-0.21550357732526138,-0.28330764997248203,0.10706659328563561,0.027578425976884924,0.3946285085305451,0.6593423225096313,0.5526141992294991,1.0364419372592186,1.484551458447991,37603.2275729224,2.120651674270629
-0.21550357732526138,-0.28330764997248203,0.07706659328563559,0.03757842597688493,0.3946285085305451,0.6293423225096313,0.512614199229499,1.0664419372592184,1.514551458447991,36662.2275729224,2.1254028797149687
-0.20550357732526137,-0.273307649972482,0.06706659328563558,0.027578425976884924,0.3946285085305451,0.6493423225096313,0.542614199229499,1.0664419372592184,1.504551458447991,36773.2275729224,2.1298958778381305
-0.22550357732526127,-0.273307649972482,0.07706659328563559,0.027578425976884924,0.3846285085305451,0.6193423225096313,0.522614199229499,1.0864419372592184,1.494551458447991,36474.2275729224,2.1298958778381305
-0.21550357732526138,-0.263307649972482,0.0870665932856356,0.027578425976884924,0.3746285085305451,0.6093423225096313,0.502614199229499,1.0864419372592184,1.494551458447991,36663.2275729224,2.1334037303924553
-0.22550357732526127,-0.243307649972482,0.04706659328563567,0.017578425976884915,0.3746285085305451,0.5593423225096312,0.512614199229499,1.1164419372592183,1.4645514584479913,37104.2275729224,2.1374916553497307
-0.22550357732526127,-0.30330764997248205,0.04706659328563567,0.007578425976884906,0.3746285085305451,0.5593423225096312,0.542614199229499,1.1364419372592183,1.4345514584479913,37029.2275729224,2.142492246627807
-0.23550357732526128,-0.29330764997248204,0.04706659328563567,-0.002421574023115103,0.35462850853054506,0.5193423225096313,0.5626141992294991,1.1264419372592185,1.4045514584479912,37010.2275729224,2.142492246627807
-0.2455035773252613,-0.31330764997248206,0.07706659328563559,-0.002421574023115103,0.32462850853054503,0.5293423225096313,0.5626141992294991,1.1364419372592183,1.3845514584479912,37445.2275729224,2.1454920291900628
-0.2455035773252613,-0.31330764997248206,0.04706659328563567,-0.002421574023115103,0.34462850853054505,0.47934232250963127,0.5726141992294991,1.1564419372592183,1.3745514584479912,37378.2275729224,2.150471639633178
-0.2455035773252613,-0.29330764997248204,0.03706659328563566,0.007578425976884906,0.36462850853054507,0.5093423225096313,0.5626141992294991,1.1764419372592183,1.3545514584479912,37177.2275729224,2.154868555068969
-0.2455035773252613,-0.273307649972482,0.007066593285635636,0.007578425976884906,0.35462850853054506,0.4893423225096313,0.5526141992294991,1.1864419372592185,1.3545514584479912,36968.2275729224,2.154868555068969
-0.2455035773252613,-0.263307649972482,0.04706659328563567,-0.002421574023115103,0.34462850853054505,0.5293423225096313,0.5526141992294991,1.1864419372592185,1.3945514584479912,37023.2275729224,2.157868814468383
-0.2755035773252613,-0.29330764997248204,0.03706659328563566,-0.012421574023115056,0.33462850853054504,0.5093423225096313,0.522614199229499,1.1764419372592183,1.3945514584479912,36854.2275729224,2.16294355392456
-0.2755035773252613,-0.273307649972482,0.03706659328563566,0.007578425976884906,0.314628508530545,0.5093423225096313,0.532614199229499,1.1664419372592185,1.4245514584479912,36669.2275729224,2.1664592742919915
-0.2655035773252613,-0.28330764997248203,0.06706659328563558,0.007578425976884906,0.304628508530545,0.5093423225096313,0.492614199229499,1.1664419372592185,1.4445514584479913,36622.2275729224,2.169831228256225
-0.23550357732526128,-0.28330764997248203,0.06706659328563558,0.007578425976884906,0.304628508530545,0.5093423225096313,0.512614199229499,1.1164419372592183,1.4745514584479913,36713.2275729224,2.170903873443603
-0.23550357732526128,-0.28330764997248203,0.04706659328563567,0.027578425976884924,0.304628508530545,0.5493423225096312,0.482614199229499,1.1264419372592185,1.514551458447991,36502.2275729224,2.174882841110229
-0.23550357732526128,-0.263307649972482,0.06706659328563558,0.03757842597688493,0.304628508530545,0.5493423225096312,0.4626141992294992,1.1264419372592185,1.5245514584479911,36513.2275729224,2.178929996490478
-0.20550357732526137,-0.29330764997248204,0.05706659328563568,0.007578425976884906,0.294628508530545,0.5393423225096313,0.4526141992294992,1.1364419372592183,1.504551458447991,36892.2275729224,2.182188463211059
-0.20550357732526137,-0.273307649972482,0.06706659328563558,-0.002421574023115103,0.294628508530545,0.5093423225096313,0.4726141992294992,1.1364419372592183,1.484551458447991,37203.2275729224,2.1829299449920647
-0.18550357732526135,-0.263307649972482,0.03706659328563566,-0.012421574023115056,0.304628508530545,0.5193423225096313,0.492614199229499,1.1264419372592185,1.4745514584479913,37370.2275729224,2.185954046249389
-0.2455035773252613,-0.28330764997248203,0.027066593285635654,-0.002421574023115103,0.304628508530545,0.4993423225096313,0.492614199229499,1.1164419372592183,1.4645514584479913,37291.2275729224,2.190992784500118
-0.21550357732526138,-0.28330764997248203,0.04706659328563567,-0.002421574023115103,0.314628508530545,0.45934232250963125,0.522614199229499,1.0964419372592182,1.4645514584479913,37580.2275729224,2.1939677715301507
-0.19550357732526136,-0.30330764997248205,0.027066593285635654,0.017578425976884915,0.314628508530545,0.47934232250963127,0.542614199229499,1.0864419372592184,1.4445514584479913,37999.2275729224,2.194968175888061
-0.18550357732526135,-0.3333076499724821,0.007066593285635636,0.007578425976884906,0.304628508530545,0.47934232250963127,0.5526141992294991,1.0864419372592184,1.4345514584479913,37922.2275729224,2.1984657764434807
-0.22550357732526127,-0.30330764997248205,0.04706659328563567,0.017578425976884915,0.304628508530545,0.47934232250963127,0.532614199229499,1.0964419372592182,1.4345514584479913,38097.2275729224,2.2026624202728264
-0.19550357732526136,-0.30330764997248205,0.04706659328563567,-0.002421574023115103,0.284628508530545,0.46934232250963126,0.522614199229499,1.0964419372592182,1.4545514584479913,38388.2275729224,2.2066633224487298
-0.18550357732526135,-0.32330764997248207,0.07706659328563559,-0.002421574023115103,0.304628508530545,0.47934232250963127,0.502614199229499,1.1064419372592185,1.4645514584479913,38031.2275729224,2.2076668262481682
-0.20550357732526137,-0.29330764997248204,0.04706659328563567,0.007578425976884906,0.284628508530545,0.4893423225096313,0.492614199229499,1.1264419372592185,1.4545514584479913,37170.2275729224,2.211765480041503
-0.19550357732526136,-0.31330764997248206,0.11706659328563562,0.017578425976884915,0.284628508530545,0.4893423225096313,0.4626141992294992,1.1164419372592183,1.4645514584479913,36943.2275729224,2.2158348083496087
-0.19550357732526136,-0.30330764997248205,0.07706659328563559,0.007578425976884906,0.294628508530545,0.4893423225096313,0.4326141992294992,1.1264419372592185,1.4545514584479913,37618.2275729224,2.218854618072509
-0.22550357732526127,-0.30330764997248205,0.06706659328563558,0.007578425976884906,0.284628508530545,0.4993423225096313,0.4326141992294992,1.1264419372592185,1.4545514584479913,37871.2275729224,2.219837617874145
-0.22550357732526127,-0.29330764997248204,0.06706659328563558,0.007578425976884906,0.284628508530545,0.47934232250963127,0.40261419922949915,1.1264419372592185,1.4445514584479913,37112.2275729224,2.223833513259887
-0.17550357732526134,-0.263307649972482,0.07706659328563559,0.007578425976884906,0.274628508530545,0.47934232250963127,0.39261419922949914,1.1364419372592183,1.4445514584479913,37191.2275729224,2.227832508087161
-0.21550357732526138,-0.273307649972482,0.06706659328563558,0.007578425976884906,0.274628508530545,0.46934232250963126,0.4326141992294992,1.0964419372592182,1.4545514584479913,37122.2275729224,2.2315532684326165
-0.23550357732526128,-0.273307649972482,0.07706659328563559,-0.04242157402311508,0.274628508530545,0.44934232250963124,0.4426141992294992,1.0964419372592182,1.4245514584479912,36489.2275729224,2.235351991653438
-0.22550357732526127,-0.28330764997248203,0.0970665932856356,-0.022421574023115065,0.284628508530545,0.44934232250963124,0.4426141992294992,1.0964419372592182,1.4245514584479912,36484.2275729224,2.2355508327484124
-0.22550357732526127,-0.31330764997248206,0.07706659328563559,-0.022421574023115065,0.24462850853054496,0.43934232250963123,0.492614199229499,1.0664419372592184,1.3645514584479912,36789.2275729224,2.239421081542968
-0.20550357732526137,-0.29330764997248204,0.07706659328563559,-0.05242157402311509,0.274628508530545,0.4293423225096312,0.512614199229499,1.0464419372592184,1.3745514584479912,36146.2275729224,2.2437104701995843
-0.21550357732526138,-0.31330764997248206,0.07706659328563559,-0.012421574023115056,0.24462850853054496,0.4293423225096312,0.522614199229499,1.0264419372592184,1.3645514584479912,35995.2275729224,2.247829389572143
-0.18550357732526135,-0.29330764997248204,0.04706659328563567,-0.022421574023115065,0.24462850853054496,0.43934232250963123,0.492614199229499,1.0164419372592186,1.3545514584479912,36092.2275729224,2.247829389572143
-0.19550357732526136,-0.31330764997248206,0.06706659328563558,-0.032421574023115074,0.264628508530545,0.3993423225096313,0.4626141992294992,1.0364419372592186,1.3545514584479912,35981.2275729224,2.2523469448089593
-0.19550357732526136,-0.32330764997248207,0.05706659328563568,0.007578425976884906,0.254628508530545,0.4093423225096313,0.41261419922949916,1.0464419372592184,1.3845514584479912,35782.2275729224,2.2563611984252923
-0.20550357732526137,-0.28330764997248203,0.05706659328563568,-0.032421574023115074,0.23462850853054495,0.4093423225096313,0.39261419922949914,1.0764419372592182,1.3645514584479912,35241.2275729224,2.25952405929565
-0.20550357732526137,-0.31330764997248206,0.027066593285635654,-0.032421574023115074,0.21462850853054494,0.4093423225096313,0.38261419922949913,1.0564419372592182,1.3245514584479912,35474.2275729224,2.2605890750885003
-0.20550357732526137,-0.32330764997248207,0.017066593285635645,-0.032421574023115074,0.20462850853054493,0.3993423225096313,0.38261419922949913,1.0464419372592184,1.3245514584479912,35147.2275729224,2.2647819042205803
-0.22550357732526127,-0.3533076499724821,0.027066593285635654,-0.022421574023115065,0.22462850853054495,0.3793423225096313,0.3226141992294991,1.0364419372592186,1.3245514584479912,35052.2275729224,2.2688605308532708
-0.21550357732526138,-0.32330764997248207,0.03706659328563566,-0.022421574023115065,0.21462850853054494,0.3893423225096313,0.3326141992294991,1.0164419372592186,1.3245514584479912,34741.2275729224,2.27190012931824
-0.20550357732526137,-0.30330764997248205,0.03706659328563566,-0.0624215740231151,0.21462850853054494,0.3693423225096313,0.3526141992294991,0.9564419372592184,1.3045514584479911,34430.2275729224,2.27190012931824
-0.2455035773252613,-0.30330764997248205,0.03706659328563566,-0.04242157402311508,0.22462850853054495,0.34934232250963126,0.3626141992294991,0.9364419372592184,1.3345514584479912,34345.2275729224,2.2769000053405755
-0.20550357732526137,-0.32330764997248207,0.04706659328563567,-0.0624215740231151,0.21462850853054494,0.34934232250963126,0.39261419922949914,0.8964419372592184,1.3245514584479912,34274.2275729224,2.2808677673339837
-0.18550357732526135,-0.28330764997248203,0.06706659328563558,-0.04242157402311508,0.21462850853054494,0.3593423225096313,0.3626141992294991,0.8964419372592184,1.3145514584479912,33807.2275729224,2.284864377975463
-0.21550357732526138,-0.30330764997248205,0.05706659328563568,-0.05242157402311509,0.24462850853054496,0.34934232250963126,0.31261419922949907,0.8764419372592184,1.3245514584479912,32966.2275729224,2.2858681201934807
-0.16550357732526133,-0.3333076499724821,0.05706659328563568,-0.07242157402311505,0.22462850853054495,0.34934232250963126,0.31261419922949907,0.8964419372592184,1.3245514584479912,32531.2275729224,2.2890808105468743
-0.22550357732526127,-0.30330764997248205,0.03706659328563566,-0.07242157402311505,0.22462850853054495,0.3693423225096313,0.2526141992294991,0.8764419372592184,1.3245514584479912,32632.2275729224,2.292382669448852
-0.18550357732526135,-0.28330764997248203,0.03706659328563566,-0.09242157402311507,0.24462850853054496,0.3593423225096313,0.27261419922949914,0.8564419372592184,1.3245514584479912,32331.2275729224,2.297171783447265
-0.18550357732526135,-0.30330764997248205,0.03706659328563566,-0.1224215740231151,0.23462850853054495,0.34934232250963126,0.24261419922949912,0.8164419372592183,1.3145514584479912,31736.2275729224,2.2980515480041497
-0.18550357732526135,-0.30330764997248205,0.04706659328563567,-0.1224215740231151,0.24462850853054496,0.3693423225096313,0.24261419922949912,0.8364419372592183,1.2745514584479911,31851.2275729224,2.302051973342895
-0.15550357732526132,-0.273307649972482,0.027066593285635654,-0.11242157402311509,0.24462850853054496,0.3693423225096313,0.2226141992294991,0.8364419372592183,1.254551458447991,31758.2275729224,2.3054575443267815
-0.18550357732526135,-0.30330764997248205,0.017066593285635645,-0.10242157402311508,0.23462850853054495,0.3693423225096313,0.2226141992294991,0.8064419372592183,1.234551458447991,31531.2275729224,2.3104815006256096
-0.18550357732526135,-0.30330764997248205,0.017066593285635645,-0.11242157402311509,0.254628508530545,0.32934232250963125,0.2326141992294991,0.8164419372592183,1.2745514584479911,31380.2275729224,2.3134679317474394
-0.17550357732526134,-0.28330764997248203,0.027066593285635654,-0.10242157402311508,0.254628508530545,0.32934232250963125,0.24261419922949912,0.7864419372592185,1.254551458447991,30937.2275729224,2.3146450042724602
-0.16550357732526133,-0.32330764997248207,0.007066593285635636,-0.10242157402311508,0.24462850853054496,0.3593423225096313,0.2226141992294991,0.7264419372592185,1.244551458447991,30910.2275729224,2.317571592330932
-0.19550357732526136,-0.31330764997248206,0.027066593285635654,-0.09242157402311507,0.254628508530545,0.31934232250963124,0.18261419922949906,0.7464419372592185,1.244551458447991,31055.2275729224,2.322144699096679
-0.17550357732526134,-0.32330764997248207,0.04706659328563567,-0.0624215740231151,0.264628508530545,0.34934232250963126,0.19261419922949907,0.7364419372592185,1.234551458447991,30850.2275729224,2.3255419254302936
-0.16550357732526133,-0.3333076499724821,0.017066593285635645,-0.10242157402311508,0.264628508530545,0.32934232250963125,0.18261419922949906,0.7064419372592184,1.254551458447991,30273.2275729224,2.3266067028045647
-0.19550357732526136,-0.30330764997248205,0.007066593285635636,-0.09242157402311507,0.254628508530545,0.34934232250963126,0.18261419922949906,0.6964419372592184,1.234551458447991,30802.2275729224,2.330656719207763
-0.18550357732526135,-0.32330764997248207,0.017066593285635645,-0.09242157402311507,0.254628508530545,0.32934232250963125,0.17261419922949905,0.7464419372592185,1.1745514584479912,30737.2275729224,2.333829832077022
-0.16550357732526133,-0.30330764997248205,0.017066593285635645,-0.09242157402311507,0.24462850853054496,0.32934232250963125,0.18261419922949906,0.6764419372592184,1.1945514584479913,30370.2275729224,2.3381013393402093
-0.19550357732526136,-0.32330764997248207,-0.0029334067143643727,-0.09242157402311507,0.24462850853054496,0.3593423225096313,0.19261419922949907,0.6064419372592184,1.1945514584479913,30435.2275729224,2.3388347148895257
-0.23550357732526128,-0.28330764997248203,0.027066593285635654,-0.07242157402311505,0.23462850853054495,0.3693423225096313,0.16261419922949916,0.6564419372592184,1.1545514584479912,30480.2275729224,2.342241716384887
-0.2455035773252613,-0.30330764997248205,0.027066593285635654,-0.08242157402311506,0.22462850853054495,0.33934232250963126,0.12261419922949912,0.6264419372592184,1.1645514584479912,30145.2275729224,2.3463348865509026
-0.2655035773252613,-0.263307649972482,0.007066593285635636,-0.08242157402311506,0.23462850853054495,0.33934232250963126,0.13261419922949913,0.6664419372592184,1.1345514584479912,30142.2275729224,2.35077519416809
-0.29550357732526134,-0.273307649972482,0.017066593285635645,-0.11242157402311509,0.22462850853054495,0.32934232250963125,0.15261419922949915,0.6264419372592184,1.1245514584479912,30031.2275729224,2.35077519416809
-0.2655035773252613,-0.263307649972482,-0.02293340671436439,-0.11242157402311509,0.24462850853054496,0.33934232250963126,0.12261419922949912,0.6164419372592184,1.1445514584479912,30024.2275729224,2.3554665565490716
-0.2855035773252613,-0.263307649972482,-0.02293340671436439,-0.10242157402311508,0.24462850853054496,0.32934232250963125,0.1026141992294991,0.6164419372592184,1.1245514584479912,29817.2275729224,2.358231019973754
-0.2855035773252613,-0.273307649972482,-0.0029334067143643727,-0.13242157402311505,0.254628508530545,0.2893423225096312,0.1026141992294991,0.5864419372592183,1.1145514584479912,29680.2275729224,2.3634340286254876
-0.3255035773252613,-0.29330764997248204,0.017066593285635645,-0.1224215740231151,0.254628508530545,0.2893423225096312,0.12261419922949912,0.5864419372592183,1.0945514584479912,29313.2275729224,2.3635162830352776
-0.3355035773252613,-0.263307649972482,-0.012933406714364382,-0.10242157402311508,0.24462850853054496,0.2793423225096312,0.11261419922949911,0.5664419372592183,1.1045514584479912,29268.2275729224,2.3666011810302763
-0.29550357732526134,-0.28330764997248203,-0.02293340671436439,-0.11242157402311509,0.22462850853054495,0.2993423225096312,0.1026141992294991,0.5864419372592183,1.0945514584479912,28695.2275729224,2.3719014644622796
-0.2755035773252613,-0.28330764997248203,-0.02293340671436439,-0.11242157402311509,0.23462850853054495,0.2693423225096312,0.14261419922949914,0.5664419372592183,1.0745514584479912,27998.2275729224,2.375902128219604
-0.3255035773252613,-0.30330764997248205,-0.07293340671436432,-0.1224215740231151,0.22462850853054495,0.2593423225096313,0.0926141992294991,0.6064419372592184,1.014551458447991,28195.2275729224,2.379036855697631
-0.31550357732526135,-0.3333076499724821,-0.012933406714364382,-0.10242157402311508,0.23462850853054495,0.24934232250963126,0.11261419922949911,0.5764419372592183,1.0245514584479911,28104.2275729224,2.3799020767211907
-0.31550357732526135,-0.3433076499724821,-0.0029334067143643727,-0.1224215740231151,0.20462850853054493,0.21934232250963123,0.11261419922949911,0.5864419372592183,0.9545514584479913,27675.2275729224,2.383902502059936
-0.36550357732526134,-0.3533076499724821,-0.02293340671436439,-0.1724215740231151,0.19462850853054492,0.23934232250963125,0.06261419922949907,0.5964419372592183,0.9145514584479912,27052.2275729224,2.3873009204864495
-0.3255035773252613,-0.3533076499724821,-0.02293340671436439,-0.15242157402311507,0.22462850853054495,0.2593423225096313,0.08261419922949909,0.6164419372592184,0.9645514584479913,25953.2275729224,2.3914649009704583
-0.30550357732526134,-0.3433076499724821,-0.0329334067143644,-0.13242157402311505,0.21462850853054494,0.2593423225096313,0.07261419922949908,0.6364419372592184,0.9645514584479913,24778.2275729224,2.3914649009704583
-0.29550357732526134,-0.31330764997248206,-0.012933406714364382,-0.14242157402311506,0.24462850853054496,0.2693423225096312,0.1026141992294991,0.6164419372592184,0.9445514584479913,24401.2275729224,2.3955025196075432
-0.29550357732526134,-0.28330764997248203,0.007066593285635636,-0.1224215740231151,0.24462850853054496,0.2793423225096312,0.0926141992294991,0.5864419372592183,0.9545514584479913,24456.2275729224,2.399661493301391
-0.2755035773252613,-0.273307649972482,0.017066593285635645,-0.13242157402311505,0.22462850853054495,0.2893423225096312,0.1026141992294991,0.5364419372592185,0.9445514584479913,24847.2275729224,2.403659057617187
-0.2855035773252613,-0.28330764997248203,0.05706659328563568,-0.13242157402311505,0.23462850853054495,0.2793423225096312,0.1026141992294991,0.5064419372592185,0.9545514584479913,24346.2275729224,2.403659057617187
-0.23550357732526128,-0.28330764997248203,0.017066593285635645,-0.1224215740231151,0.22462850853054495,0.2793423225096312,0.13261419922949913,0.45644193725921844,0.9645514584479913,24309.2275729224,2.4078483104705803
-0.2455035773252613,-0.30330764997248205,0.04706659328563567,-0.09242157402311507,0.23462850853054495,0.2693423225096312,0.15261419922949915,0.44644193725921844,0.9145514584479912,24658.2275729224,2.4123916149139397
-0.2455035773252613,-0.273307649972482,0.05706659328563568,-0.11242157402311509,0.24462850853054496,0.2693423225096312,0.15261419922949915,0.46644193725921845,0.8745514584479912,25049.2275729224,2.415609550476077
-0.2555035773252613,-0.273307649972482,0.04706659328563567,-0.13242157402311505,0.24462850853054496,0.2793423225096312,0.13261419922949913,0.4264419372592184,0.8945514584479912,24928.2275729224,2.4166216373443596
-0.23550357732526128,-0.273307649972482,0.06706659328563558,-0.15242157402311507,0.24462850853054496,0.2693423225096312,0.1026141992294991,0.44644193725921844,0.8945514584479912,25055.2275729224,2.420678806304931
-0.22550357732526127,-0.273307649972482,0.03706659328563566,-0.13242157402311505,0.23462850853054495,0.2593423225096313,0.0926141992294991,0.4164419372592184,0.9045514584479912,25628.2275729224,2.4246680259704583
-0.2655035773252613,-0.273307649972482,0.04706659328563567,-0.13242157402311505,0.24462850853054496,0.24934232250963126,0.0926141992294991,0.35644193725921847,0.9145514584479912,25159.2275729224,2.4276787757873564
-0.2555035773252613,-0.243307649972482,0.04706659328563567,-0.15242157402311507,0.24462850853054496,0.24934232250963126,0.08261419922949909,0.3864419372592184,0.8845514584479912,24664.2275729224,2.4286653518676786
-0.2455035773252613,-0.263307649972482,0.06706659328563558,-0.1724215740231151,0.24462850853054496,0.23934232250963125,0.06261419922949907,0.3964419372592184,0.8845514584479912,24867.2275729224,2.4326576709747307
-0.2455035773252613,-0.233307649972482,0.017066593285635645,-0.16242157402311508,0.24462850853054496,0.21934232250963123,0.0926141992294991,0.3864419372592184,0.8045514584479911,25008.2275729224,2.4359156608581536
-0.2555035773252613,-0.253307649972482,0.017066593285635645,-0.16242157402311508,0.24462850853054496,0.21934232250963123,0.07261419922949908,0.3764419372592184,0.7945514584479911,25029.2275729224,2.440815877914428
-0.2755035773252613,-0.253307649972482,0.027066593285635654,-0.19242157402311508,0.254628508530545,0.24934232250963126,0.05261419922949906,0.32644193725921844,0.7945514584479911,24882.2275729224,2.440815877914428
-0.2555035773252613,-0.263307649972482,0.007066593285635636,-0.1724215740231151,0.24462850853054496,0.24934232250963126,0.07261419922949908,0.34644193725921846,0.7445514584479912,24697.2275729224,2.44403691291809
-0.2655035773252613,-0.243307649972482,0.017066593285635645,-0.18242157402311507,0.274628508530545,0.19934232250963127,0.06261419922949907,0.32644193725921844,0.7145514584479912,24716.2275729224,2.4490375041961663
-0.2555035773252613,-0.263307649972482,-0.012933406714364382,-0.1724215740231151,0.254628508530545,0.21934232250963123,0.08261419922949909,0.32644193725921844,0.7445514584479912,25289.2275729224,2.452192258834838
-0.2755035773252613,-0.273307649972482,-0.04293340671436441,-0.1724215740231151,0.254628508530545,0.21934232250963123,0.07261419922949908,0.32644193725921844,0.7245514584479912,25234.2275729224,2.4563505172729485
-0.2555035773252613,-0.263307649972482,0.017066593285635645,-0.15242157402311507,0.24462850853054496,0.20934232250963122,0.04261419922949905,0.32644193725921844,0.6945514584479912,25587.2275729224,2.4563505172729485
-0.2755035773252613,-0.28330764997248203,-0.0029334067143643727,-0.15242157402311507,0.264628508530545,0.18934232250963126,0.03261419922949915,0.2764419372592184,0.7145514584479912,26252.2275729224,2.460653972625728
-0.2455035773252613,-0.253307649972482,0.007066593285635636,-0.1724215740231151,0.23462850853054495,0.18934232250963126,0.022614199229499143,0.2764419372592184,0.7045514584479912,26009.2275729224,2.4647144794464104
-0.2755035773252613,-0.253307649972482,-0.012933406714364382,-0.14242157402311506,0.23462850853054495,0.17934232250963125,0.012614199229499135,0.2964419372592184,0.6945514584479912,26042.2275729224,2.468771886825561
-0.2855035773252613,-0.28330764997248203,-0.04293340671436441,-0.1724215740231151,0.22462850853054495,0.17934232250963125,-0.017385800770500892,0.24644193725921837,0.6545514584479912,26523.2275729224,2.468771886825561
-0.2755035773252613,-0.28330764997248203,-0.02293340671436439,-0.19242157402311508,0.20462850853054493,0.14934232250963123,-0.04738580077050092,0.2564419372592184,0.6445514584479912,26340.2275729224,2.4738902568817167
-0.2655035773252613,-0.273307649972482,-0.02293340671436439,-0.18242157402311507,0.21462850853054494,0.15934232250963123,-0.03738580077050091,0.24644193725921837,0.6245514584479912,26013.2275729224,2.477889728546142
-0.2555035773252613,-0.273307649972482,-0.0029334067143643727,-0.19242157402311508,0.20462850853054493,0.16934232250963124,-0.03738580077050091,0.2564419372592184,0.6045514584479912,26066.2275729224,2.480879735946651
-0.2555035773252613,-0.263307649972482,-0.02293340671436439,-0.1724215740231151,0.19462850853054492,0.18934232250963126,-0.05738580077050093,0.20644193725921844,0.6045514584479912,26313.2275729224,2.481892538070678
-0.2855035773252613,-0.253307649972482,-0.0029334067143643727,-0.14242157402311506,0.20462850853054493,0.16934232250963124,-0.04738580077050092,0.21644193725921845,0.5745514584479912,25908.2275729224,2.4849617004394524
-0.2555035773252613,-0.253307649972482,-0.012933406714364382,-0.14242157402311506,0.1846285085305449,0.15934232250963123,-0.03738580077050091,0.21644193725921845,0.5745514584479912,26165.2275729224,2.4900955677032464
-0.2755035773252613,-0.273307649972482,-0.02293340671436439,-0.16242157402311508,0.1846285085305449,0.13934232250963127,-0.05738580077050093,0.1564419372592184,0.5845514584479912,26600.2275729224,2.493524026870727
-0.2655035773252613,-0.263307649972482,-0.02293340671436439,-0.18242157402311507,0.1846285085305449,0.13934232250963127,-0.0273858007705009,0.17644193725921842,0.5945514584479912,26637.2275729224,2.4942292690277093
-0.2755035773252613,-0.253307649972482,0.03706659328563566,-0.16242157402311508,0.20462850853054493,0.14934232250963123,-0.03738580077050091,0.1664419372592184,0.5645514584479912,26646.2275729224,2.497770738601684
-0.2455035773252613,-0.243307649972482,0.007066593285635636,-0.1724215740231151,0.1846285085305449,0.16934232250963124,-0.0273858007705009,0.13644193725921838,0.5645514584479912,26277.2275729224,2.502999019622802
-0.2455035773252613,-0.253307649972482,-0.0029334067143643727,-0.1724215740231151,0.20462850853054493,0.13934232250963127,-0.05738580077050093,0.21644193725921845,0.5345514584479912,26214.2275729224,2.5060629367828398
-0.2455035773252613,-0.263307649972482,-0.0029334067143643727,-0.15242157402311507,0.19462850853054492,0.16934232250963124,-0.06738580077050094,0.12644193725921837,0.5445514584479911,25975.2275729224,2.507022333145141
-0.2455035773252613,-0.253307649972482,-0.0029334067143643727,-0.18242157402311507,0.19462850853054492,0.16934232250963124,-0.05738580077050093,0.13644193725921838,0.5045514584479912,25762.2275729224,2.5108038902282708
-0.2455035773252613,-0.243307649972482,0.017066593285635645,-0.1724215740231151,0.20462850853054493,0.16934232250963124,-0.08738580077050084,0.11644193725921836,0.5145514584479912,26103.2275729224,2.514295053482055
-0.21550357732526138,-0.273307649972482,0.007066593285635636,-0.1724215740231151,0.19462850853054492,0.13934232250963127,-0.07738580077050095,0.13644193725921838,0.4745514584479912,26044.2275729224,2.518388938903808
-0.22550357732526127,-0.253307649972482,0.027066593285635654,-0.1724215740231151,0.19462850853054492,0.14934232250963123,-0.08738580077050084,0.1564419372592184,0.4945514584479912,25719.2275729224,2.5224442005157464
-0.17550357732526134,-0.263307649972482,-0.0029334067143643727,-0.1724215740231151,0.20462850853054493,0.14934232250963123,-0.05738580077050093,0.13644193725921838,0.5045514584479912,25324.2275729224,2.5236212730407708
-0.21550357732526138,-0.263307649972482,-0.0029334067143643727,-0.18242157402311507,0.22462850853054495,0.13934232250963127,-0.10738580077050086,0.13644193725921838,0.5045514584479912,25753.2275729224,2.526980829238891
-0.17550357732526134,-0.28330764997248203,-0.0029334067143643727,-0.19242157402311508,0.21462850853054494,0.14934232250963123,-0.03738580077050091,0.12644193725921837,0.5145514584479912,25998.2275729224,2.530980777740478
-0.19550357732526136,-0.273307649972482,-0.0029334067143643727,-0.2024215740231151,0.20462850853054493,0.13934232250963127,-0.07738580077050095,0.1664419372592184,0.5245514584479912,26123.2275729224,2.5349711894989007
-0.23550357732526128,-0.263307649972482,-0.0029334067143643727,-0.18242157402311507,0.20462850853054493,0.16934232250963124,-0.11738580077050087,0.18644193725921843,0.5045514584479912,26350.2275729224,2.5359801769256585
-0.2455035773252613,-0.263307649972482,-0.05293340671436442,-0.19242157402311508,0.20462850853054493,0.15934232250963123,-0.10738580077050086,0.1564419372592184,0.4845514584479912,26027.2275729224,2.538980436325076
-0.21550357732526138,-0.243307649972482,-0.05293340671436442,-0.18242157402311507,0.20462850853054493,0.17934232250963125,-0.09738580077050085,0.1464419372592184,0.5145514584479912,25686.2275729224,2.544042301177978
-0.2455035773252613,-0.243307649972482,-0.05293340671436442,-0.21242157402311507,0.20462850853054493,0.18934232250963126,-0.08738580077050084,0.12644193725921837,0.4945514584479912,26281.2275729224,2.547015619277957
-0.22550357732526127,-0.253307649972482,-0.05293340671436442,-0.2024215740231151,0.19462850853054492,0.15934232250963123,-0.12738580077050088,0.11644193725921836,0.5145514584479912,26642.2275729224,2.547015619277957
-0.21550357732526138,-0.263307649972482,-0.0329334067143644,-0.2024215740231151,0.19462850853054492,0.17934232250963125,-0.09738580077050085,0.11644193725921836,0.5045514584479912,25857.2275729224,2.5519735336303704
-0.23550357732526128,-0.273307649972482,-0.02293340671436439,-0.18242157402311507,0.19462850853054492,0.14934232250963123,-0.12738580077050088,0.12644193725921837,0.5145514584479912,25852.2275729224,2.5559627532958977
-0.22550357732526127,-0.253307649972482,-0.012933406714364382,-0.19242157402311508,0.1846285085305449,0.15934232250963123,-0.1473858007705009,0.06644193725921843,0.5045514584479912,25891.2275729224,2.5592965602874784
-0.21550357732526138,-0.273307649972482,-0.06293340671436431,-0.16242157402311508,0.1846285085305449,0.16934232250963124,-0.08738580077050084,0.05644193725921842,0.5145514584479912,25766.2275729224,2.5603534698486357
-0.21550357732526138,-0.243307649972482,-0.0029334067143643727,-0.15242157402311507,0.19462850853054492,0.14934232250963123,-0.1473858007705009,0.11644193725921836,0.5045514584479912,25865.2275729224,2.5639352321624784
-0.2455035773252613,-0.243307649972482,-0.0029334067143643727,-0.18242157402311507,0.20462850853054493,0.13934232250963127,-0.16738580077050091,0.12644193725921837,0.5245514584479912,25582.2275729224,2.56803293228149
-0.22550357732526127,-0.243307649972482,-0.012933406714364382,-0.16242157402311508,0.20462850853054493,0.09934232250963124,-0.1473858007705009,0.05644193725921842,0.5245514584479912,25061.2275729224,2.571330499649047
-0.23550357732526128,-0.233307649972482,-0.0329334067143644,-0.1724215740231151,0.19462850853054492,0.10934232250963125,-0.09738580077050085,0.12644193725921837,0.5245514584479912,24496.2275729224,2.5723528385162346
-0.23550357732526128,-0.243307649972482,-0.0029334067143643727,-0.18242157402311507,0.20462850853054493,0.12934232250963126,-0.12738580077050088,0.12644193725921837,0.5045514584479912,24239.2275729224,2.5763735294342034
-0.2555035773252613,-0.243307649972482,-0.04293340671436441,-0.1724215740231151,0.21462850853054494,0.14934232250963123,-0.1473858007705009,0.1464419372592184,0.5245514584479912,24068.2275729224,2.5803737163543694
-0.2455035773252613,-0.263307649972482,-0.0329334067143644,-0.18242157402311507,0.22462850853054495,0.13934232250963127,-0.1473858007705009,0.1464419372592184,0.5345514584479912,24215.2275729224,2.584367942810058
-0.23550357732526128,-0.263307649972482,-0.04293340671436441,-0.1724215740231151,0.21462850853054494,0.17934232250963125,-0.1473858007705009,0.10644193725921847,0.4845514584479912,24052.2275729224,2.584367942810058
-0.21550357732526138,-0.253307649972482,-0.0329334067143644,-0.16242157402311508,0.22462850853054495,0.17934232250963125,-0.1473858007705009,0.10644193725921847,0.5045514584479912,23685.2275729224,2.5881964683532708
-0.2455035773252613,-0.233307649972482,-0.02293340671436439,-0.1724215740231151,0.22462850853054495,0.15934232250963123,-0.16738580077050091,0.09644193725921846,0.5245514584479912,23624.2275729224,2.5926084041595416
-0.2555035773252613,-0.20330764997248207,-0.02293340671436439,-0.1724215740231151,0.22462850853054495,0.14934232250963123,-0.1573858007705009,0.12644193725921837,0.5245514584479912,23275.2275729224,2.596927833557128
-0.23550357732526128,-0.233307649972482,-0.02293340671436439,-0.18242157402311507,0.22462850853054495,0.11934232250963125,-0.17738580077050092,0.11644193725921836,0.5045514584479912,22974.2275729224,2.5999259471893303
-0.23550357732526128,-0.21330764997248208,-0.012933406714364382,-0.18242157402311507,0.22462850853054495,0.09934232250963124,-0.17738580077050092,0.12644193725921837,0.4945514584479912,23025.2275729224,2.5999259471893303
