-0.268124828155073,-0.0677948858949684,-0.16149573824580696,-0.42033544129777267,-0.1316249656310146,0.023865823480890835,-0.4704096783062961,-0.21651635963706356,-0.4362606543854828,88915.73742095134,0.0008935451507596781
-0.278124828155073,-0.0677948858949684,-0.16149573824580696,-0.38033544129777264,-0.1316249656310146,0.013865823480890827,-0.5004096783062961,-0.19651635963706354,-0.4262606543854828,87902.73742095134,0.004889440536498313
-0.278124828155073,-0.0677948858949684,-0.16149573824580696,-0.3603354412977726,-0.1316249656310146,0.013865823480890827,-0.5004096783062961,-0.22651635963706357,-0.4462606543854828,86835.73742095134,0.008768749237059836
-0.278124828155073,-0.0677948858949684,-0.16149573824580696,-0.38033544129777264,-0.14162496563101462,0.023865823480890835,-0.4404096783062963,-0.25651635963706354,-0.4462606543854828,85996.73742095134,0.009817790985106711
-0.268124828155073,-0.0677948858949684,-0.16149573824580696,-0.3603354412977726,-0.1316249656310146,0.023865823480890835,-0.4304096783062963,-0.26651635963706355,-0.4462606543854828,85171.73742095134,0.012448501586916905
-0.268124828155073,-0.0677948858949684,-0.16149573824580696,-0.38033544129777264,-0.1216249656310146,0.023865823480890835,-0.41040967830629627,-0.24651635963706356,-0.45626065438548274,84252.73742095134,0.017171335220336204
-0.268124828155073,-0.0677948858949684,-0.16149573824580696,-0.35033544129777283,-0.14162496563101462,0.013865823480890827,-0.37040967830629623,-0.26651635963706355,-0.4462606543854828,83885.73742095134,0.021184635162356358
-0.258124828155073,-0.0677948858949684,-0.16149573824580696,-0.38033544129777264,-0.14162496563101462,0.013865823480890827,-0.39040967830629625,-0.25651635963706354,-0.4462606543854828,83458.73742095134,0.02216787338256765
-0.268124828155073,-0.0677948858949684,-0.16149573824580696,-0.35033544129777283,-0.1316249656310146,0.013865823480890827,-0.39040967830629625,-0.25651635963706354,-0.4462606543854828,82691.73742095134,0.02546877861022878
-0.258124828155073,-0.0677948858949684,-0.16149573824580696,-0.3403354412977728,-0.14162496563101462,0.013865823480890827,-0.4404096783062963,-0.26651635963706355,-0.4462606543854828,81486.73742095134,0.02947111129760671
-0.258124828155073,-0.0677948858949684,-0.16149573824580696,-0.3403354412977728,-0.14162496563101462,0.013865823480890827,-0.4404096783062963,-0.26651635963706355,-0.45626065438548274,80677.73742095134,0.033182573318480735
-0.268124828155073,-0.0677948858949684,-0.16149573824580696,-0.3603354412977726,-0.14162496563101462,0.013865823480890827,-0.40040967830629626,-0.26651635963706355,-0.4462606543854828,79968.73742095134,0.033182573318480735
-0.258124828155073,-0.0677948858949684,-0.16149573824580696,-0.3203354412977728,-0.14162496563101462,0.013865823480890827,-0.3604096783062962,-0.27651635963706356,-0.45626065438548274,79397.73742095134,0.03724236488342214
-0.268124828155073,-0.0677948858949684,-0.16149573824580696,-0.3203354412977728,-0.14162496563101462,0.013865823480890827,-0.3604096783062962,-0.28651635963706357,-0.46626065438548275,78446.73742095134,0.041421842575076084
-0.258124828155073,-0.0677948858949684,-0.16149573824580696,-0.3403354412977728,-0.1316249656310146,0.023865823480890835,-0.3604096783062962,-0.26651635963706355,-0.46626065438548275,78149.73742095134,0.046042871475219016
-0.258124828155073,-0.0677948858949684,-0.16149573824580696,-0.35033544129777283,-0.1316249656310146,0.013865823480890827,-0.3304096783062962,-0.26651635963706355,-0.47626065438548276,78670.73742095134,0.046042871475219016
-0.268124828155073,-0.0677948858949684,-0.16149573824580696,-0.3403354412977728,-0.1316249656310146,0.023865823480890835,-0.3504096783062962,-0.26651635963706355,-0.47626065438548276,79091.73742095134,0.05010027885436941
-0.258124828155073,-0.0677948858949684,-0.16149573824580696,-0.35033544129777283,-0.1316249656310146,0.013865823480890827,-0.30040967830629617,-0.28651635963706357,-0.47626065438548276,79270.73742095134,0.05337185859680105
-0.258124828155073,-0.0677948858949684,-0.16149573824580696,-0.3303354412977728,-0.1316249656310146,0.013865823480890827,-0.3604096783062962,-0.26651635963706355,-0.47626065438548276,79905.73742095134,0.05810685157775808
-0.278124828155073,-0.0677948858949684,-0.16149573824580696,-0.3203354412977728,-0.14162496563101462,0.023865823480890835,-0.37040967830629623,-0.27651635963706356,-0.47626065438548276,80348.73742095134,0.06139512062072683
-0.258124828155073,-0.0677948858949684,-0.15149573824580695,-0.3103354412977728,-0.14162496563101462,0.013865823480890827,-0.39040967830629625,-0.28651635963706357,-0.46626065438548275,81119.73742095134,0.06209559440612722
-0.248124828155073,-0.0677948858949684,-0.15149573824580695,-0.3103354412977728,-0.14162496563101462,0.023865823480890835,-0.41040967830629627,-0.28651635963706357,-0.46626065438548275,81746.73742095134,0.06612296104431081
-0.248124828155073,-0.0677948858949684,-0.16149573824580696,-0.3303354412977728,-0.1316249656310146,0.023865823480890835,-0.3404096783062962,-0.2965163596370636,-0.4862606543854827,82207.73742095134,0.07024855613708425
-0.258124828155073,-0.0677948858949684,-0.16149573824580696,-0.35033544129777283,-0.14162496563101462,0.023865823480890835,-0.3404096783062962,-0.2965163596370636,-0.47626065438548276,82516.73742095134,0.07440133094787882
-0.258124828155073,-0.0677948858949684,-0.16149573824580696,-0.35033544129777283,-0.14162496563101462,0.023865823480890835,-0.37040967830629623,-0.28651635963706357,-0.47626065438548276,83127.73742095134,0.07440133094787882
-0.258124828155073,-0.0677948858949684,-0.16149573824580696,-0.3703354412977726,-0.14162496563101462,0.023865823480890835,-0.38040967830629624,-0.27651635963706356,-0.47626065438548276,83826.73742095134,0.07826538085937074
-0.248124828155073,-0.0677948858949684,-0.15149573824580695,-0.3303354412977728,-0.14162496563101462,0.023865823480890835,-0.41040967830629627,-0.28651635963706357,-0.47626065438548276,84029.73742095134,0.08267445564269948
-0.258124828155073,-0.0677948858949684,-0.15149573824580695,-0.35033544129777283,-0.14162496563101462,0.023865823480890835,-0.39040967830629625,-0.3065163596370636,-0.4862606543854827,84686.73742095134,0.08697481155395437
-0.248124828155073,-0.0677948858949684,-0.13149573824580696,-0.3603354412977726,-0.14162496563101462,0.023865823480890835,-0.4204096783062963,-0.28651635963706357,-0.4962606543854827,84533.73742095134,0.08697481155395437
-0.258124828155073,-0.0677948858949684,-0.09149573824580695,-0.40033544129777265,-0.14162496563101462,0.013865823480890827,-0.4404096783062963,-0.2965163596370636,-0.4862606543854827,84408.73742095134,0.09024949073791433
-0.228124828155073,-0.0577948858949684,-0.05149573824580696,-0.42033544129777267,-0.14162496563101462,0.023865823480890835,-0.38040967830629624,-0.3065163596370636,-0.5062606543854827,84433.73742095134,0.09469885826110769
-0.218124828155073,-0.0577948858949684,-0.021495738245806945,-0.41033544129777266,-0.1616249656310146,0.013865823480890827,-0.39040967830629625,-0.2965163596370636,-0.5062606543854827,83710.73742095134,0.09859485626220632
-0.208124828155073,-0.037794885894968405,0.028504261754193044,-0.41033544129777266,-0.15162496563101463,0.0038658234808908176,-0.3304096783062962,-0.3065163596370636,-0.4962606543854827,83597.73742095134,0.09932060241699148
-0.188124828155073,-0.0477948858949684,0.028504261754193044,-0.4703354412977727,-0.15162496563101463,0.0038658234808908176,-0.40040967830629626,-0.28651635963706357,-0.5162606543854827,83148.73742095134,0.10258359909057546
-0.19812482815507299,-0.037794885894968405,0.048504261754193034,-0.4603354412977727,-0.15162496563101463,-0.006134176519109136,-0.40040967830629626,-0.3165163596370636,-0.5262606543854828,82929.73742095134,0.10731573104858327
-0.178124828155073,-0.037794885894968405,0.06850426175419305,-0.4803354412977727,-0.1616249656310146,-0.006134176519109136,-0.4304096783062963,-0.28651635963706357,-0.5162606543854827,82700.73742095134,0.11133809089660573
-0.188124828155073,-0.027794885894968403,0.08850426175419304,-0.5303354412977728,-0.15162496563101463,-0.006134176519109136,-0.5104096783062961,-0.28651635963706357,-0.5162606543854827,82615.73742095134,0.11133809089660573
-0.148124828155073,-0.0177948858949684,0.10850426175419306,-0.5603354412977727,-0.14162496563101462,-0.006134176519109136,-0.4904096783062961,-0.2965163596370636,-0.5162606543854827,83276.73742095134,0.1148874282836907
-0.16812482815507301,-0.0177948858949684,0.12850426175419302,-0.5303354412977728,-0.1316249656310146,-0.006134176519109136,-0.4204096783062963,-0.28651635963706357,-0.5162606543854827,83469.73742095134,0.1188866615295403
-0.158124828155073,-0.007794885894968406,0.15850426175419305,-0.5203354412977728,-0.14162496563101462,-0.006134176519109136,-0.4704096783062961,-0.27651635963706356,-0.4962606543854827,83640.73742095134,0.12392778396606374
-0.148124828155073,-0.007794885894968406,0.18850426175419302,-0.5303354412977728,-0.14162496563101462,-0.016134176519109145,-0.4304096783062963,-0.2965163596370636,-0.4962606543854827,83397.73742095134,0.12392778396606374
-0.138124828155073,0.0022051141050316025,0.22850426175419306,-0.5903354412977727,-0.14162496563101462,-0.006134176519109136,-0.5404096783062962,-0.28651635963706357,-0.4962606543854827,83482.73742095134,0.12708921432495046
-0.128124828155073,0.012205114105031598,0.26850426175419306,-0.6003354412977727,-0.14162496563101462,-0.006134176519109136,-0.5704096783062962,-0.27651635963706356,-0.5062606543854827,83795.73742095134,0.13139481544494203
-0.128124828155073,0.012205114105031598,0.2985042617541931,-0.6303354412977727,-0.1316249656310146,0.0038658234808908176,-0.6004096783062962,-0.27651635963706356,-0.5062606543854827,83492.73742095134,0.13541049957275675
-0.128124828155073,0.012205114105031598,0.338504261754193,-0.6303354412977727,-0.1216249656310146,-0.006134176519109136,-0.5204096783062961,-0.28651635963706357,-0.5162606543854827,83411.73742095134,0.13983912467956472
-0.128124828155073,0.022205114105031593,0.348504261754193,-0.6303354412977727,-0.1216249656310146,-0.006134176519109136,-0.5004096783062961,-0.2965163596370636,-0.5062606543854827,83132.73742095134,0.13983912467956472
-0.138124828155073,0.022205114105031593,0.36850426175419304,-0.6503354412977728,-0.1216249656310146,-0.006134176519109136,-0.5204096783062961,-0.28651635963706357,-0.5162606543854827,82813.73742095134,0.1438862800598102
-0.10812482815507299,0.022205114105031593,0.39850426175419307,-0.6003354412977727,-0.1216249656310146,0.0038658234808908176,-0.4704096783062961,-0.28651635963706357,-0.5162606543854827,82944.73742095134,0.14787144660949636
-0.10812482815507299,0.022205114105031593,0.428504261754193,-0.6103354412977727,-0.10162496563101464,0.013865823480890827,-0.4604096783062963,-0.26651635963706355,-0.5162606543854827,83519.73742095134,0.1514186382293694
-0.10812482815507299,0.022205114105031593,0.448504261754193,-0.6103354412977727,-0.09162496563101463,0.0038658234808908176,-0.4804096783062961,-0.27651635963706356,-0.5062606543854827,83362.73742095134,0.15248222351074503
-0.118124828155073,0.0322051141050316,0.49850426175419305,-0.6103354412977727,-0.10162496563101464,0.013865823480890827,-0.4704096783062961,-0.27651635963706356,-0.5162606543854827,82477.73742095134,0.15645475387572816
-0.09812482815507301,0.05220511410503159,0.548504261754193,-0.5803354412977727,-0.08162496563101462,-0.006134176519109136,-0.4504096783062963,-0.25651635963706354,-0.5062606543854827,81774.73742095134,0.1599921703338616
-0.09812482815507301,0.05220511410503159,0.568504261754193,-0.5903354412977727,-0.08162496563101462,-0.006134176519109136,-0.4504096783062963,-0.26651635963706355,-0.5062606543854827,81767.73742095134,0.16444606781005788
-0.088124828155073,0.07220511410503161,0.608504261754193,-0.5803354412977727,-0.061624965631014605,-0.006134176519109136,-0.4804096783062961,-0.25651635963706354,-0.4962606543854827,81770.73742095134,0.16548962593078187
-0.088124828155073,0.07220511410503161,0.628504261754193,-0.5903354412977727,-0.061624965631014605,-0.006134176519109136,-0.5104096783062961,-0.26651635963706355,-0.4962606543854827,81039.73742095134,0.168751668930053
-0.07812482815507299,0.08220511410503159,0.6385042617541931,-0.5903354412977727,-0.061624965631014605,-0.006134176519109136,-0.5204096783062961,-0.25651635963706354,-0.4962606543854827,80762.73742095134,0.17271060943603445
-0.058124828155073,0.08220511410503159,0.678504261754193,-0.5903354412977727,-0.061624965631014605,-0.006134176519109136,-0.5104096783062961,-0.26651635963706355,-0.4962606543854827,80707.73742095134,0.17707343101501039
-0.06812482815507301,0.08220511410503159,0.738504261754193,-0.5703354412977727,-0.061624965631014605,-0.006134176519109136,-0.4604096783062963,-0.26651635963706355,-0.4962606543854827,80602.73742095134,0.17707343101501039
-0.06812482815507301,0.07220511410503161,0.778504261754193,-0.5503354412977727,-0.08162496563101462,-0.006134176519109136,-0.4304096783062963,-0.26651635963706355,-0.4962606543854827,81271.73742095134,0.1806921482086139
-0.03812482815507301,0.08220511410503159,0.788504261754193,-0.5503354412977727,-0.09162496563101463,0.0038658234808908176,-0.41040967830629627,-0.26651635963706355,-0.4962606543854827,81566.73742095134,0.18478055000305105
-0.04812482815507299,0.08220511410503159,0.858504261754193,-0.5403354412977728,-0.08162496563101462,0.0038658234808908176,-0.39040967830629625,-0.26651635963706355,-0.4962606543854827,81389.73742095134,0.1889407157897942
-0.03812482815507301,0.10220511410503161,0.9885042617541929,-0.5403354412977728,-0.08162496563101462,0.013865823480890827,-0.40040967830629626,-0.26651635963706355,-0.4962606543854827,80958.73742095134,0.1896621704101591
-0.03812482815507301,0.1222051141050316,1.068504261754193,-0.5403354412977728,-0.061624965631014605,0.023865823480890835,-0.39040967830629625,-0.26651635963706355,-0.4862606543854827,80115.73742095134,0.19294185638428019
-0.04812482815507299,0.1222051141050316,1.1985042617541932,-0.5703354412977727,-0.07162496563101461,0.04386582348089085,-0.38040967830629624,-0.26651635963706355,-0.4962606543854827,78820.73742095134,0.19694252014160085
-0.03812482815507301,0.1422051141050316,1.3785042617541932,-0.5503354412977727,-0.061624965631014605,0.07386582348089082,-0.4204096783062963,-0.26651635963706355,-0.4862606543854827,76693.73742095134,0.20119948387145925
-0.03812482815507301,0.1522051141050316,1.4585042617541932,-0.5403354412977728,-0.04162496563101464,0.07386582348089082,-0.4204096783062963,-0.26651635963706355,-0.4962606543854827,74816.73742095134,0.20522780418395925
-0.03812482815507301,0.1822051141050316,1.498504261754193,-0.5403354412977728,-0.0516249656310146,0.08386582348089083,-0.4204096783062963,-0.27651635963706356,-0.4862606543854827,74091.73742095134,0.20522780418395925
-0.008124828155072983,0.2022051141050316,1.528504261754193,-0.5703354412977727,-0.031624965631014634,0.09386582348089084,-0.4404096783062963,-0.27651635963706356,-0.47626065438548276,73424.73742095134,0.20945019721984792
-0.01812482815507299,0.2022051141050316,1.5985042617541931,-0.5503354412977727,-0.031624965631014634,0.10386582348089085,-0.4504096783062963,-0.27651635963706356,-0.4962606543854827,72515.73742095134,0.2136754512786858
-0.008124828155072983,0.2522051141050316,1.6485042617541932,-0.5503354412977727,-0.021624965631014625,0.10386582348089085,-0.4304096783062963,-0.26651635963706355,-0.4962606543854827,72092.73742095134,0.21766324043273855
0.02187517184492699,0.2922051141050316,1.7085042617541932,-0.5703354412977727,-0.011624965631014617,0.12386582348089081,-0.4904096783062961,-0.27651635963706356,-0.4862606543854827,71271.73742095134,0.2184171199798577
0.091875171844927,0.3022051141050316,1.728504261754193,-0.6003354412977727,0.008375034368985401,0.13386582348089082,-0.4804096783062961,-0.28651635963706357,-0.47626065438548276,70670.73742095134,0.2216298103332477
0.11187517184492701,0.3322051141050316,1.8385042617541931,-0.5603354412977727,0.008375034368985401,0.13386582348089082,-0.4604096783062963,-0.26651635963706355,-0.47626065438548276,69575.73742095134,0.2258669853210442
0.14187517184492698,0.3522051141050316,1.8985042617541932,-0.5303354412977728,0.018375034368985355,0.14386582348089083,-0.4704096783062961,-0.27651635963706356,-0.46626065438548275,68174.73742095134,0.22903580665588308
0.171875171844927,0.3822051141050316,1.9585042617541932,-0.5403354412977728,0.028375034368985363,0.14386582348089083,-0.4804096783062961,-0.26651635963706355,-0.46626065438548275,67069.73742095134,0.23007221221923757
0.211875171844927,0.3822051141050316,1.9785042617541932,-0.5303354412977728,0.03837503436898537,0.15386582348089084,-0.4704096783062961,-0.26651635963706355,-0.47626065438548276,66280.73742095134,0.23393316268920827
0.26187517184492703,0.4122051141050316,2.018504261754193,-0.5103354412977728,0.04837503436898538,0.15386582348089084,-0.4904096783062961,-0.26651635963706355,-0.46626065438548275,65875.73742095134,0.23772616386413503
0.26187517184492703,0.4122051141050316,2.068504261754193,-0.49033544129777273,0.04837503436898538,0.17386582348089086,-0.4704096783062961,-0.27651635963706356,-0.47626065438548276,66058.73742095134,0.24172587394714284
0.341875171844927,0.4522051141050316,2.0985042617541927,-0.49033544129777273,0.07837503436898535,0.17386582348089086,-0.5104096783062961,-0.26651635963706355,-0.45626065438548274,65229.73742095134,0.24276108741760183
0.38187517184492703,0.47220511410503163,2.0985042617541927,-0.4703354412977727,0.14837503436898541,0.16386582348089085,-0.5404096783062962,-0.26651635963706355,-0.4462606543854828,63868.73742095134,0.24676032066344789
0.42187517184492695,0.49220511410503165,2.128504261754193,-0.4703354412977727,0.19837503436898535,0.15386582348089084,-0.5404096783062962,-0.24651635963706356,-0.45626065438548274,62339.73742095134,0.2507550239562981
0.461875171844927,0.48220511410503164,2.148504261754193,-0.4703354412977727,0.20837503436898536,0.15386582348089084,-0.5504096783062962,-0.24651635963706356,-0.4462606543854828,61110.73742095134,0.25478549003601003
0.501875171844927,0.49220511410503165,2.1385042617541927,-0.4803354412977727,0.20837503436898536,0.16386582348089085,-0.5704096783062962,-0.24651635963706356,-0.4462606543854828,60261.73742095134,0.25575561523437074
0.511875171844927,0.47220511410503163,2.208504261754193,-0.4803354412977727,0.2483750343689854,0.16386582348089085,-0.5804096783062962,-0.24651635963706356,-0.4462606543854828,60118.73742095134,0.2587699413299589
0.571875171844927,0.47220511410503163,2.168504261754193,-0.4803354412977727,0.2583750343689854,0.16386582348089085,-0.5904096783062962,-0.24651635963706356,-0.4462606543854828,60557.73742095134,0.26239461898803995
0.611875171844927,0.48220511410503164,2.228504261754193,-0.5103354412977728,0.2683750343689854,0.17386582348089086,-0.6104096783062962,-0.24651635963706356,-0.4462606543854828,60760.73742095134,0.2674302577972405
0.661875171844927,0.4522051141050316,2.198504261754193,-0.5203354412977728,0.2983750343689853,0.16386582348089085,-0.6304096783062962,-0.23651635963706358,-0.4362606543854828,60181.73742095134,0.2708041191101067
0.721875171844927,0.4522051141050316,2.208504261754193,-0.5403354412977728,0.32837503436898535,0.16386582348089085,-0.6304096783062962,-0.23651635963706358,-0.4362606543854828,59486.73742095134,0.27113623619079874
0.781875171844927,0.4622051141050316,2.198504261754193,-0.5103354412977728,0.33837503436898536,0.16386582348089085,-0.6204096783062962,-0.23651635963706358,-0.4362606543854828,58607.73742095134,0.27503390312194753
0.8418751718449271,0.4522051141050316,2.1785042617541928,-0.49033544129777273,0.3683750343689854,0.16386582348089085,-0.6404096783062962,-0.22651635963706357,-0.4362606543854828,57950.73742095134,0.27871317863464284
0.8718751718449269,0.4422051141050316,2.168504261754193,-0.5403354412977728,0.42837503436898533,0.16386582348089085,-0.6504096783062963,-0.22651635963706357,-0.4362606543854828,57935.73742095134,0.2830225944519036
0.931875171844927,0.4422051141050316,2.1785042617541928,-0.5503354412977727,0.45837503436898536,0.16386582348089085,-0.6704096783062963,-0.21651635963706356,-0.4262606543854828,58220.73742095134,0.2837690830230706
0.991875171844927,0.4222051141050316,2.168504261754193,-0.5403354412977728,0.45837503436898536,0.16386582348089085,-0.6704096783062963,-0.21651635963706356,-0.4262606543854828,58007.73742095134,0.28710503578185964
1.051875171844927,0.4122051141050316,2.1385042617541927,-0.5303354412977728,0.42837503436898533,0.16386582348089085,-0.6804096783062963,-0.21651635963706356,-0.4262606543854828,57810.73742095134,0.29156060218810964
1.121875171844927,0.40220511410503157,2.1185042617541927,-0.5603354412977727,0.44837503436898535,0.15386582348089084,-0.7004096783062963,-0.21651635963706356,-0.4262606543854828,58107.73742095134,0.29556055068969656
1.171875171844927,0.3922051141050316,2.1185042617541927,-0.5703354412977727,0.45837503436898536,0.15386582348089084,-0.7004096783062963,-0.22651635963706357,-0.41626065438548276,57912.73742095134,0.29556055068969656
1.221875171844927,0.3822051141050316,2.088504261754193,-0.5603354412977727,0.4783750343689854,0.15386582348089084,-0.7004096783062963,-0.22651635963706357,-0.41626065438548276,57499.73742095134,0.2995762348175042
1.281875171844927,0.3622051141050316,2.078504261754193,-0.5803354412977727,0.4783750343689854,0.16386582348089085,-0.7104096783062963,-0.21651635963706356,-0.41626065438548276,57476.73742095134,0.3036984920501702
1.301875171844927,0.3622051141050316,2.068504261754193,-0.5803354412977727,0.4783750343689854,0.16386582348089085,-0.7204096783062961,-0.21651635963706356,-0.41626065438548276,57661.73742095134,0.30749864578247
1.331875171844927,0.3522051141050316,2.068504261754193,-0.5703354412977727,0.4983750343689854,0.16386582348089085,-0.7104096783062963,-0.21651635963706356,-0.40626065438548276,57984.73742095134,0.30749864578247
1.361875171844927,0.3522051141050316,2.068504261754193,-0.6003354412977727,0.5183750343689855,0.16386582348089085,-0.7304096783062961,-0.20651635963706355,-0.40626065438548276,58297.73742095134,0.31222052574157644
1.391875171844927,0.3522051141050316,2.048504261754193,-0.6203354412977727,0.5283750343689855,0.17386582348089086,-0.7304096783062961,-0.20651635963706355,-0.40626065438548276,59222.73742095134,0.3161973476409905
1.401875171844927,0.3522051141050316,2.048504261754193,-0.6303354412977727,0.5383750343689855,0.17386582348089086,-0.7804096783062962,-0.20651635963706355,-0.40626065438548276,59691.73742095134,0.3202375888824456
1.411875171844927,0.34220511410503157,2.068504261754193,-0.6103354412977727,0.5183750343689855,0.17386582348089086,-0.7904096783062962,-0.21651635963706356,-0.39626065438548275,59552.73742095134,0.3202375888824456
1.431875171844927,0.34220511410503157,2.038504261754193,-0.6203354412977727,0.5383750343689855,0.1838658234808908,-0.8204096783062962,-0.20651635963706355,-0.39626065438548275,59845.73742095134,0.3242346763610833
1.451875171844927,0.3522051141050316,2.038504261754193,-0.6403354412977728,0.5583750343689853,0.17386582348089086,-0.8204096783062962,-0.21651635963706356,-0.40626065438548276,61038.73742095134,0.32862825393676687
1.481875171844927,0.3322051141050316,2.018504261754193,-0.6303354412977727,0.5583750343689853,0.17386582348089086,-0.8604096783062962,-0.20651635963706355,-0.39626065438548275,61471.73742095134,0.3318907737731962
1.511875171844927,0.3322051141050316,1.9985042617541933,-0.6403354412977728,0.5583750343689853,0.17386582348089086,-0.8404096783062962,-0.20651635963706355,-0.40626065438548276,61938.73742095134,0.3326274871826165
1.531875171844927,0.34220511410503157,1.9785042617541932,-0.6503354412977728,0.5783750343689853,0.16386582348089085,-0.8504096783062962,-0.20651635963706355,-0.40626065438548276,62283.73742095134,0.33662934303283976
1.571875171844927,0.3222051141050316,1.968504261754193,-0.6603354412977728,0.5783750343689853,0.17386582348089086,-0.8504096783062962,-0.20651635963706355,-0.39626065438548275,62882.73742095134,0.3404273509979241
1.601875171844927,0.3322051141050316,1.948504261754193,-0.6603354412977728,0.5983750343689853,0.16386582348089085,-0.8404096783062962,-0.20651635963706355,-0.39626065438548275,63779.73742095134,0.3446876525878899
1.601875171844927,0.3222051141050316,1.948504261754193,-0.6603354412977728,0.6383750343689854,0.16386582348089085,-0.8304096783062962,-0.19651635963706354,-0.38626065438548274,63888.73742095134,0.3478013992309599
1.631875171844927,0.3222051141050316,1.928504261754193,-0.6403354412977728,0.6083750343689853,0.16386582348089085,-0.8404096783062962,-0.19651635963706354,-0.38626065438548274,63117.73742095134,0.3488323211669915
1.661875171844927,0.3222051141050316,1.8985042617541932,-0.6303354412977727,0.6183750343689853,0.16386582348089085,-0.8104096783062962,-0.19651635963706354,-0.38626065438548274,62514.73742095134,0.35259647369384695
1.711875171844927,0.3322051141050316,1.868504261754193,-0.6303354412977727,0.6483750343689854,0.16386582348089085,-0.8004096783062962,-0.19651635963706354,-0.37626065438548273,62353.73742095134,0.357453536987304
1.7518751718449268,0.3322051141050316,1.818504261754193,-0.6503354412977728,0.6483750343689854,0.16386582348089085,-0.7904096783062962,-0.1865163596370636,-0.37626065438548273,61938.73742095134,0.36071319580078054
1.781875171844927,0.3322051141050316,1.808504261754193,-0.6503354412977728,0.6683750343689854,0.16386582348089085,-0.7704096783062961,-0.1865163596370636,-0.38626065438548274,61613.73742095134,0.3614534854888909
1.781875171844927,0.3322051141050316,1.798504261754193,-0.6503354412977728,0.6483750343689854,0.17386582348089086,-0.7604096783062961,-0.19651635963706354,-0.38626065438548274,61288.73742095134,0.36471409797668386
1.801875171844927,0.34220511410503157,1.778504261754193,-0.6503354412977728,0.6583750343689854,0.1838658234808908,-0.7904096783062962,-0.19651635963706354,-0.38626065438548274,60705.73742095134,0.3689908504486077
1.8118751718449269,0.34220511410503157,1.768504261754193,-0.6903354412977727,0.6783750343689854,0.1838658234808908,-0.7904096783062962,-0.19651635963706354,-0.38626065438548274,60308.73742095134,0.37323946952819753
1.8118751718449269,0.3522051141050316,1.768504261754193,-0.6903354412977727,0.6983750343689854,0.1838658234808908,-0.8304096783062962,-0.20651635963706355,-0.38626065438548274,59537.73742095134,0.37403244972228933
1.8118751718449269,0.3622051141050316,1.758504261754193,-0.7003354412977727,0.6883750343689854,0.1838658234808908,-0.8104096783062962,-0.19651635963706354,-0.37626065438548273,59142.73742095134,0.3777496337890618
1.841875171844927,0.3722051141050316,1.738504261754193,-0.6703354412977727,0.7183750343689854,0.1838658234808908,-0.8204096783062962,-0.20651635963706355,-0.38626065438548274,58751.73742095134,0.38158841133117605
1.8318751718449269,0.3622051141050316,1.728504261754193,-0.6603354412977728,0.7183750343689854,0.19386582348089082,-0.8304096783062962,-0.20651635963706355,-0.39626065438548275,58072.73742095134,0.38563508987426687
1.851875171844927,0.3722051141050316,1.728504261754193,-0.6803354412977727,0.7483750343689852,0.19386582348089082,-0.8304096783062962,-0.22651635963706357,-0.40626065438548276,57461.73742095134,0.38563508987426687
1.8618751718449271,0.3622051141050316,1.718504261754193,-0.6903354412977727,0.7583750343689852,0.19386582348089082,-0.8504096783062962,-0.21651635963706356,-0.38626065438548274,56756.73742095134,0.3897192001342802
1.851875171844927,0.3822051141050316,1.6985042617541932,-0.6803354412977727,0.7783750343689853,0.19386582348089082,-0.8204096783062962,-0.20651635963706355,-0.39626065438548275,55999.73742095134,0.39379496574401784
1.8618751718449271,0.3922051141050316,1.7085042617541932,-0.6803354412977727,0.7983750343689853,0.19386582348089082,-0.8304096783062962,-0.21651635963706356,-0.38626065438548274,55258.73742095134,0.39787073135375906
1.8618751718449271,0.3922051141050316,1.6985042617541932,-0.6603354412977728,0.7983750343689853,0.20386582348089083,-0.8004096783062962,-0.21651635963706356,-0.38626065438548274,54433.73742095134,0.39871234893798757
1.8618751718449271,0.40220511410503157,1.6885042617541932,-0.6503354412977728,0.7783750343689853,0.21386582348089084,-0.8404096783062962,-0.21651635963706356,-0.39626065438548275,54180.73742095134,0.40186233520508097
1.871875171844927,0.4222051141050316,1.6585042617541932,-0.6503354412977728,0.8183750343689853,0.21386582348089084,-0.8204096783062962,-0.22651635963706357,-0.39626065438548275,54219.73742095134,0.4062549591064446
1.871875171844927,0.4222051141050316,1.6585042617541932,-0.6403354412977728,0.8383750343689853,0.21386582348089084,-0.8504096783062962,-0.22651635963706357,-0.40626065438548276,53416.73742095134,0.41018075942993093
1.851875171844927,0.4322051141050316,1.6685042617541932,-0.6003354412977727,0.8083750343689853,0.21386582348089084,-0.8204096783062962,-0.23651635963706358,-0.39626065438548275,52785.73742095134,0.4142205238342278
1.851875171844927,0.4322051141050316,1.6585042617541932,-0.6103354412977727,0.8583750343689853,0.22386582348089085,-0.7804096783062962,-0.22651635963706357,-0.39626065438548275,52258.73742095134,0.4142205238342278
1.841875171844927,0.4422051141050316,1.6685042617541932,-0.5803354412977727,0.8483750343689853,0.23386582348089086,-0.8104096783062962,-0.23651635963706358,-0.39626065438548275,51521.73742095134,0.4183282375335686
1.8318751718449269,0.4422051141050316,1.6485042617541932,-0.5803354412977727,0.8283750343689853,0.24386582348089086,-0.8104096783062962,-0.22651635963706357,-0.40626065438548276,50638.73742095134,0.42248554229736257
1.821875171844927,0.4422051141050316,1.6685042617541932,-0.5403354412977728,0.8283750343689853,0.23386582348089086,-0.8204096783062962,-0.23651635963706358,-0.39626065438548275,49907.73742095134,0.42665405273437074
1.821875171844927,0.4322051141050316,1.6485042617541932,-0.5003354412977727,0.7983750343689853,0.24386582348089086,-0.6904096783062963,-0.23651635963706358,-0.40626065438548276,49468.73742095134,0.42665405273437074
1.8118751718449269,0.4422051141050316,1.6685042617541932,-0.4803354412977727,0.8483750343689853,0.2638658234808909,-0.7104096783062963,-0.23651635963706358,-0.40626065438548276,48927.73742095134,0.430669975280761
1.761875171844927,0.4522051141050316,1.6985042617541932,-0.42033544129777267,0.8483750343689853,0.2538658234808909,-0.6504096783062963,-0.23651635963706358,-0.40626065438548276,48138.73742095134,0.4347998619079583
1.7318751718449268,0.4622051141050316,1.718504261754193,-0.4403354412977727,0.8883750343689854,0.2738658234808909,-0.5904096783062962,-0.23651635963706358,-0.39626065438548275,47253.73742095134,0.4385108470916741
1.671875171844927,0.47220511410503163,1.738504261754193,-0.38033544129777264,0.8783750343689853,0.2838658234808908,-0.5504096783062962,-0.23651635963706358,-0.40626065438548276,45390.73742095134,0.4385108470916741
1.681875171844927,0.48220511410503164,1.738504261754193,-0.39033544129777265,0.9183750343689854,0.2938658234808908,-0.4904096783062961,-0.22651635963706357,-0.39626065438548275,44199.73742095134,0.44252557754516886
1.641875171844927,0.49220511410503165,1.758504261754193,-0.35033544129777283,0.8983750343689854,0.3238658234808908,-0.4504096783062963,-0.22651635963706357,-0.38626065438548274,43362.73742095134,0.4472739219665556
1.621875171844927,0.47220511410503163,1.768504261754193,-0.3203354412977728,0.8883750343689854,0.35386582348089085,-0.4204096783062963,-0.22651635963706357,-0.37626065438548273,43055.73742095134,0.45113201141356996
1.631875171844927,0.4622051141050316,1.748504261754193,-0.28033544129777277,0.8683750343689853,0.3838658234808909,-0.40040967830629626,-0.20651635963706355,-0.38626065438548274,42822.73742095134,0.45113201141356996
1.601875171844927,0.47220511410503163,1.768504261754193,-0.27033544129777276,0.9183750343689854,0.4338658234808908,-0.39040967830629625,-0.19651635963706354,-0.37626065438548273,41737.73742095134,0.4551324367523186
1.561875171844927,0.5022051141050315,1.788504261754193,-0.26033544129777275,0.8983750343689854,0.5138658234808908,-0.3304096783062962,-0.1865163596370636,-0.3662606543854828,40914.73742095134,0.45931668281555105
1.511875171844927,0.5022051141050315,1.8285042617541931,-0.26033544129777275,0.9183750343689854,0.5438658234808909,-0.29040967830629616,-0.17651635963706358,-0.35626065438548277,39943.73742095134,0.46338076591491983
1.481875171844927,0.5122051141050316,1.8385042617541931,-0.25033544129777274,0.9283750343689854,0.5738658234808909,-0.2504096783062961,-0.16651635963706357,-0.35626065438548277,39022.73742095134,0.46411056518554616
1.461875171844927,0.5222051141050316,1.848504261754193,-0.24033544129777273,0.9083750343689854,0.6338658234808909,-0.2104096783062963,-0.16651635963706357,-0.34626065438548276,38155.73742095134,0.46769304275512624
1.431875171844927,0.5322051141050316,1.868504261754193,-0.23033544129777273,0.8983750343689854,0.6538658234808907,-0.18040967830629628,-0.15651635963706356,-0.33626065438548275,37422.73742095134,0.4717881202697711
1.421875171844927,0.5322051141050316,1.8785042617541932,-0.2103354412977727,0.8883750343689854,0.6738658234808907,-0.18040967830629628,-0.14651635963706355,-0.33626065438548275,37121.73742095134,0.4758295536041288
1.401875171844927,0.5222051141050316,1.868504261754193,-0.1903354412977727,0.8583750343689853,0.7338658234808908,-0.16040967830629627,-0.13651635963706354,-0.32626065438548274,37014.73742095134,0.4758295536041288
1.391875171844927,0.5122051141050316,1.8985042617541932,-0.2003354412977727,0.8783750343689853,0.7838658234808908,-0.15040967830629626,-0.1265163596370636,-0.31626065438548273,36849.73742095134,0.47966451644897035
1.351875171844927,0.5222051141050316,1.8985042617541932,-0.22033544129777272,0.8583750343689853,0.8738658234808907,-0.12040967830629623,-0.1265163596370636,-0.3062606543854828,36962.73742095134,0.48348517417908
1.331875171844927,0.5522051141050316,1.8785042617541932,-0.23033544129777273,0.8483750343689853,0.9338658234808908,-0.12040967830629623,-0.1265163596370636,-0.28626065438548276,36453.73742095134,0.4877981662750237
1.301875171844927,0.5522051141050316,1.908504261754193,-0.23033544129777273,0.8383750343689853,0.9838658234808908,-0.11040967830629622,-0.1265163596370636,-0.27626065438548275,35668.73742095134,0.491794300079345
1.261875171844927,0.5722051141050316,1.8985042617541932,-0.2103354412977727,0.8083750343689853,1.0238658234808908,-0.10040967830629621,-0.11651635963706358,-0.27626065438548275,35405.73742095134,0.49252958297729066
1.251875171844927,0.5822051141050316,1.908504261754193,-0.2103354412977727,0.8183750343689853,1.0338658234808908,-0.0904096783062962,-0.10651635963706357,-0.26626065438548274,35338.73742095134,0.4965295314788776
1.261875171844927,0.5622051141050316,1.908504261754193,-0.2103354412977727,0.8183750343689853,1.0738658234808909,-0.08040967830629642,-0.10651635963706357,-0.26626065438548274,35507.73742095134,0.5005447387695305
1.251875171844927,0.5622051141050316,1.908504261754193,-0.23033544129777273,0.8683750343689853,1.0838658234808909,-0.0904096783062962,-0.10651635963706357,-0.25626065438548273,35474.73742095134,0.5038017749786405
1.221875171844927,0.5722051141050316,1.928504261754193,-0.23033544129777273,0.8583750343689853,1.1038658234808907,-0.11040967830629622,-0.08651635963706356,-0.24626065438548278,35553.73742095134,0.5045299053192096
1.181875171844927,0.5822051141050316,1.9185042617541932,-0.23033544129777273,0.8583750343689853,1.1438658234808907,-0.11040967830629622,-0.09651635963706356,-0.24626065438548278,35452.73742095134,0.5088119029998808
1.171875171844927,0.6122051141050316,1.908504261754193,-0.23033544129777273,0.8683750343689853,1.1738658234808907,-0.14040967830629625,-0.0665163596370636,-0.24626065438548278,35671.73742095134,0.5126065731048577
1.151875171844927,0.6022051141050316,1.928504261754193,-0.2103354412977727,0.8683750343689853,1.1738658234808907,-0.16040967830629627,-0.0665163596370636,-0.24626065438548278,35802.73742095134,0.5165192604064899
1.151875171844927,0.6222051141050315,1.8985042617541932,-0.2003354412977727,0.8583750343689853,1.2038658234808908,-0.17040967830629627,-0.07651635963706355,-0.23626065438548277,35837.73742095134,0.5172488212585442
1.161875171844927,0.6322051141050316,1.8985042617541932,-0.18033544129777268,0.8483750343689853,1.2138658234808908,-0.18040967830629628,-0.056516359637063585,-0.23626065438548277,35606.73742095134,0.520508956909179
1.141875171844927,0.6322051141050316,1.8985042617541932,-0.17033544129777267,0.8483750343689853,1.2338658234808908,-0.15040967830629626,-0.056516359637063585,-0.21626065438548275,35117.73742095134,0.5247520923614495
1.141875171844927,0.6322051141050316,1.908504261754193,-0.16033544129777266,0.8683750343689853,1.2238658234808908,-0.14040967830629625,-0.056516359637063585,-0.22626065438548276,35182.73742095134,0.5287801742553704
1.141875171844927,0.6322051141050316,1.8785042617541932,-0.17033544129777267,0.8683750343689853,1.2638658234808908,-0.11040967830629622,-0.056516359637063585,-0.22626065438548276,35113.73742095134,0.5295223712921135
1.151875171844927,0.6222051141050315,1.888504261754193,-0.14033544129777265,0.8583750343689853,1.2738658234808908,-0.0904096783062962,-0.046516359637063576,-0.22626065438548276,35888.73742095134,0.5327791690826409
1.121875171844927,0.6322051141050316,1.8785042617541932,-0.09033544129777282,0.8383750343689853,1.2738658234808908,-0.0904096783062962,-0.026516359637063558,-0.21626065438548275,35979.73742095134,0.537516784667968
1.131875171844927,0.6522051141050316,1.8385042617541931,-0.060335441297772796,0.8483750343689853,1.2638658234808908,-0.11040967830629622,-0.03651635963706357,-0.21626065438548275,35922.73742095134,0.5412325382232659
1.091875171844927,0.6622051141050316,1.8385042617541931,-0.02033544129777276,0.8383750343689853,1.2538658234808908,-0.11040967830629622,-0.03651635963706357,-0.22626065438548276,35967.73742095134,0.5412325382232659
1.101875171844927,0.6522051141050316,1.8285042617541931,-0.010335441297772752,0.8483750343689853,1.2438658234808908,-0.11040967830629622,-0.026516359637063558,-0.22626065438548276,35868.73742095134,0.5450431823730462
1.111875171844927,0.6622051141050316,1.818504261754193,0.019664558702227275,0.8483750343689853,1.2638658234808908,-0.12040967830629623,-0.026516359637063558,-0.21626065438548275,35987.73742095134,0.5490815162658684
1.091875171844927,0.6822051141050316,1.798504261754193,0.06966455870222732,0.8283750343689853,1.2538658234808908,-0.11040967830629622,-0.026516359637063558,-0.21626065438548275,36264.73742095134,0.5533580303192096
1.061875171844927,0.6622051141050316,1.798504261754193,0.08966455870222734,0.8283750343689853,1.2338658234808908,-0.11040967830629622,-0.01651635963706355,-0.22626065438548276,36217.73742095134,0.5573515415191643
1.091875171844927,0.6622051141050316,1.808504261754193,0.13966455870222738,0.8183750343689853,1.2238658234808908,-0.12040967830629623,-0.01651635963706355,-0.22626065438548276,36210.73742095134,0.5580751419067376
1.061875171844927,0.6522051141050316,1.788504261754193,0.1896645587022272,0.7983750343689853,1.2038658234808908,-0.13040967830629624,-0.01651635963706355,-0.21626065438548275,36329.73742095134,0.5620753288269036
1.071875171844927,0.6722051141050316,1.758504261754193,0.20966455870222722,0.8083750343689853,1.2038658234808908,-0.12040967830629623,-0.01651635963706355,-0.21626065438548275,36570.73742095134,0.5656833171844475
1.051875171844927,0.6922051141050316,1.718504261754193,0.25966455870222727,0.7883750343689853,1.1738658234808907,-0.12040967830629623,-0.01651635963706355,-0.22626065438548276,36569.73742095134,0.569822978973388
1.061875171844927,0.7022051141050316,1.6785042617541932,0.2996645587022273,0.7883750343689853,1.1538658234808907,-0.12040967830629623,-0.01651635963706355,-0.24626065438548278,36528.73742095134,0.5707187175750761
1.061875171844927,0.7422051141050316,1.6285042617541932,0.3096645587022273,0.7883750343689853,1.1538658234808907,-0.13040967830629624,-0.006516359637063596,-0.24626065438548278,36801.73742095134,0.5734459877014153
1.061875171844927,0.7322051141050316,1.6085042617541931,0.34966455870222735,0.7683750343689852,1.1438658234808907,-0.13040967830629624,-0.01651635963706355,-0.26626065438548274,36882.73742095134,0.57812852859497
1.051875171844927,0.7622051141050316,1.5785042617541931,0.3796645587022274,0.7683750343689852,1.1238658234808907,-0.15040967830629626,0.003483640362936413,-0.27626065438548275,36813.73742095134,0.5822965621948235
1.051875171844927,0.7622051141050316,1.5885042617541931,0.39966455870222717,0.7583750343689852,1.1038658234808907,-0.14040967830629625,-0.026516359637063558,-0.28626065438548276,37044.73742095134,0.5830807209014885
1.041875171844927,0.7622051141050316,1.5785042617541931,0.4196645587022272,0.7583750343689852,1.1038658234808907,-0.14040967830629625,-0.01651635963706355,-0.28626065438548276,37289.73742095134,0.58646912574768
1.041875171844927,0.7622051141050316,1.548504261754193,0.4396645587022272,0.7483750343689852,1.1038658234808907,-0.15040967830629626,-0.03651635963706357,-0.28626065438548276,37494.73742095134,0.5904585838317864
1.021875171844927,0.7822051141050316,1.518504261754193,0.4596645587022272,0.7483750343689852,1.0938658234808907,-0.1904096783062963,-0.046516359637063576,-0.29626065438548277,37615.73742095134,0.5944699764251702
1.021875171844927,0.7722051141050316,1.488504261754193,0.47966455870222724,0.7483750343689852,1.0938658234808907,-0.18040967830629628,-0.03651635963706357,-0.29626065438548277,38052.73742095134,0.5944699764251702
1.051875171844927,0.7622051141050316,1.4585042617541932,0.48966455870222725,0.7383750343689852,1.0738658234808909,-0.1904096783062963,-0.056516359637063585,-0.29626065438548277,38097.73742095134,0.5984758853912346
1.051875171844927,0.7522051141050315,1.4485042617541932,0.5096645587022273,0.7383750343689852,1.0738658234808909,-0.2104096783062963,-0.03651635963706357,-0.3062606543854828,38086.73742095134,0.602828931808471
1.041875171844927,0.7722051141050316,1.4485042617541932,0.5196645587022273,0.7383750343689852,1.0738658234808909,-0.2004096783062963,-0.046516359637063576,-0.3062606543854828,38431.73742095134,0.6067592620849602
1.011875171844927,0.7722051141050316,1.4385042617541932,0.5196645587022273,0.7483750343689852,1.0738658234808909,-0.2304096783062961,-0.046516359637063576,-0.31626065438548273,38524.73742095134,0.6078106880187981
1.031875171844927,0.7522051141050315,1.4385042617541932,0.5096645587022273,0.7383750343689852,1.0838658234808909,-0.2304096783062961,-0.056516359637063585,-0.29626065438548277,38621.73742095134,0.6104897975921624
1.011875171844927,0.7622051141050316,1.4085042617541932,0.5096645587022273,0.7483750343689852,1.0838658234808909,-0.24040967830629612,-0.03651635963706357,-0.31626065438548273,39088.73742095134,0.6145283699035637
1.001875171844927,0.7722051141050316,1.3585042617541931,0.49966455870222726,0.7583750343689852,1.0838658234808909,-0.30040967830629617,-0.056516359637063585,-0.3062606543854828,39497.73742095134,0.6188101291656487
1.001875171844927,0.7622051141050316,1.3485042617541931,0.48966455870222725,0.7783750343689853,1.0938658234808907,-0.3504096783062962,-0.0665163596370636,-0.28626065438548276,39286.73742095134,0.619533967971801
0.991875171844927,0.7622051141050316,1.3385042617541931,0.48966455870222725,0.7783750343689853,1.0838658234808909,-0.3604096783062962,-0.0665163596370636,-0.27626065438548275,39205.73742095134,0.6227995872497587
0.971875171844927,0.7522051141050315,1.318504261754193,0.48966455870222725,0.7883750343689853,1.0838658234808909,-0.4404096783062963,-0.056516359637063585,-0.27626065438548275,39024.73742095134,0.6271283149719231
0.991875171844927,0.7322051141050316,1.278504261754193,0.48966455870222725,0.7883750343689853,1.0938658234808907,-0.5004096783062961,-0.056516359637063585,-0.29626065438548277,38401.73742095134,0.6313714504241936
0.991875171844927,0.7122051141050316,1.248504261754193,0.4596645587022272,0.8083750343689853,1.0938658234808907,-0.4904096783062961,-0.0665163596370636,-0.29626065438548277,38498.73742095134,0.6353539943695061
0.991875171844927,0.6922051141050316,1.218504261754193,0.46966455870222723,0.8183750343689853,1.0538658234808909,-0.5304096783062962,-0.03651635963706357,-0.29626065438548277,38471.73742095134,0.6353539943695061
1.001875171844927,0.6722051141050316,1.1785042617541932,0.47966455870222724,0.8183750343689853,1.0638658234808909,-0.5204096783062961,-0.03651635963706357,-0.28626065438548276,38238.73742095134,0.6394757747650104
0.961875171844927,0.6822051141050316,1.1785042617541932,0.46966455870222723,0.8183750343689853,1.0638658234808909,-0.5404096783062962,-0.03651635963706357,-0.28626065438548276,38093.73742095134,0.6437444210052483
0.971875171844927,0.6522051141050316,1.1685042617541932,0.48966455870222725,0.8183750343689853,1.0638658234808909,-0.5504096783062962,-0.03651635963706357,-0.27626065438548275,37796.73742095134,0.6477224349975579
0.961875171844927,0.6722051141050316,1.1385042617541932,0.47966455870222724,0.8283750343689853,1.0738658234808909,-0.5504096783062962,-0.03651635963706357,-0.25626065438548273,37499.73742095134,0.6477224349975579
0.951875171844927,0.6422051141050316,1.1285042617541932,0.4596645587022272,0.8183750343689853,1.0738658234808909,-0.5704096783062962,-0.006516359637063596,-0.23626065438548277,37360.73742095134,0.6515717029571562
0.961875171844927,0.6322051141050316,1.1185042617541932,0.4596645587022272,0.8283750343689853,1.0738658234808909,-0.5804096783062962,-0.006516359637063596,-0.23626065438548277,37159.73742095134,0.6563031196594231
0.951875171844927,0.6122051141050316,1.1185042617541932,0.4496645587022272,0.8383750343689853,1.0738658234808909,-0.5704096783062962,0.003483640362936413,-0.23626065438548277,36656.73742095134,0.6599637985229485
0.9018751718449269,0.5822051141050316,1.1085042617541931,0.4596645587022272,0.8383750343689853,1.0638658234808909,-0.5504096783062962,0.013483640362936422,-0.21626065438548275,36449.73742095134,0.6606065750122063
0.9018751718449269,0.6022051141050316,1.058504261754193,0.4596645587022272,0.8283750343689853,1.0738658234808909,-0.5604096783062962,0.02348364036293643,-0.20626065438548274,35986.73742095134,0.6638788700103753
0.921875171844927,0.5722051141050316,1.028504261754193,0.4596645587022272,0.8383750343689853,1.0638658234808909,-0.6104096783062962,0.06348364036293647,-0.18626065438548278,35447.73742095134,0.6679167270660393
0.8918751718449269,0.5522051141050316,1.028504261754193,0.4596645587022272,0.8283750343689853,1.0738658234808909,-0.6004096783062962,0.06348364036293647,-0.17626065438548277,35624.73742095134,0.6722821712493889
0.911875171844927,0.5322051141050316,0.9585042617541931,0.4596645587022272,0.8283750343689853,1.0738658234808909,-0.5804096783062962,0.09348364036293638,-0.16626065438548276,34787.73742095134,0.6729285240173297
0.8718751718449269,0.5222051141050316,0.9185042617541931,0.4396645587022272,0.8383750343689853,1.0738658234808909,-0.5604096783062962,0.09348364036293638,-0.15626065438548276,33788.73742095134,0.6767632484436028
0.8718751718449269,0.48220511410503164,0.9485042617541931,0.4196645587022272,0.8583750343689853,1.0738658234808909,-0.5104096783062961,0.08348364036293648,-0.13626065438548274,33491.73742095134,0.6804854393005364
0.8018751718449271,0.48220511410503164,0.9685042617541929,0.4296645587022272,0.8483750343689853,1.0738658234808909,-0.4704096783062961,0.10348364036293639,-0.13626065438548274,33474.73742095134,0.6846155643463163
0.7918751718449271,0.4522051141050316,0.9685042617541929,0.39966455870222717,0.8483750343689853,1.0938658234808907,-0.4804096783062961,0.12348364036293641,-0.14626065438548275,32915.73742095134,0.6846155643463163
0.7918751718449271,0.4422051141050316,0.9385042617541931,0.39966455870222717,0.8583750343689853,1.0838658234808909,-0.4404096783062963,0.14348364036293643,-0.13626065438548274,32144.737420951333,0.6886324405670159
0.751875171844927,0.4322051141050316,0.9685042617541929,0.4096645587022272,0.8583750343689853,1.0938658234808907,-0.4504096783062963,0.15348364036293644,-0.12626065438548273,31753.737420951333,0.6927594661712639
0.761875171844927,0.4122051141050316,0.878504261754193,0.3896645587022274,0.8483750343689853,1.1038658234808907,-0.4304096783062963,0.19348364036293647,-0.11626065438548272,31598.737420951333,0.6968693256378167
0.761875171844927,0.4122051141050316,0.8985042617541931,0.36966455870222736,0.8683750343689853,1.1038658234808907,-0.41040967830629627,0.19348364036293647,-0.11626065438548272,31091.737420951333,0.7008673667907708
0.761875171844927,0.40220511410503157,0.878504261754193,0.36966455870222736,0.8683750343689853,1.1138658234808907,-0.37040967830629623,0.20348364036293648,-0.11626065438548272,30924.737420951333,0.7016155242919915
0.741875171844927,0.4122051141050316,0.8885042617541931,0.35966455870222735,0.8683750343689853,1.1138658234808907,-0.3404096783062962,0.2434836403629364,-0.0962606543854827,30581.737420951333,0.705030155181884
0.741875171844927,0.4222051141050316,0.868504261754193,0.34966455870222735,0.8783750343689853,1.1038658234808907,-0.3504096783062962,0.2534836403629364,-0.0862606543854828,30206.737420951333,0.7091958045959466
0.721875171844927,0.4122051141050316,0.828504261754193,0.32966455870222733,0.8983750343689854,1.1138658234808907,-0.3404096783062962,0.27348364036293643,-0.06626065438548279,29949.737420951333,0.713599634170528
0.721875171844927,0.4222051141050316,0.808504261754193,0.3096645587022273,0.9083750343689854,1.1138658234808907,-0.3304096783062962,0.3534836403629364,-0.05626065438548278,29702.737420951333,0.713599634170528
0.741875171844927,0.4222051141050316,0.798504261754193,0.2796645587022273,0.9283750343689854,1.1138658234808907,-0.3204096783062962,0.3834836403629364,-0.05626065438548278,29343.737420951333,0.7170195102691643
0.741875171844927,0.4222051141050316,0.788504261754193,0.2696645587022273,0.9383750343689854,1.1138658234808907,-0.30040967830629617,0.3834836403629364,-0.02626065438548275,28918.737420951333,0.7214958190917997
0.761875171844927,0.4222051141050316,0.7685042617541931,0.22966455870222724,0.9783750343689854,1.1138658234808907,-0.29040967830629616,0.42348364036293645,-0.016260654385482742,28273.737420951333,0.7254948139190667
0.721875171844927,0.4122051141050316,0.758504261754193,0.21966455870222723,0.9783750343689854,1.1238658234808907,-0.29040967830629616,0.4634836403629364,-0.0062606543854827335,27928.737420951333,0.7262296199798577
0.721875171844927,0.4122051141050316,0.788504261754193,0.1896645587022272,0.9983750343689852,1.1238658234808907,-0.30040967830629617,0.5034836403629364,0.013739345614517284,27043.737420951333,0.729514551162719
0.711875171844927,0.4422051141050316,0.748504261754193,0.1796645587022272,1.0083750343689852,1.1238658234808907,-0.29040967830629616,0.5134836403629364,0.05373934561451721,26648.737420951333,0.7335228443145709
0.661875171844927,0.4422051141050316,0.7685042617541931,0.13966455870222738,1.0383750343689853,1.1438658234808907,-0.30040967830629617,0.5534836403629364,0.13373934561451728,26819.737420951333,0.7379312038421624
0.661875171844927,0.4522051141050316,0.718504261754193,0.12966455870222737,1.0383750343689853,1.1238658234808907,-0.30040967830629617,0.5534836403629364,0.1737393456145172,26646.737420951333,0.7379312038421624
0.681875171844927,0.4422051141050316,0.698504261754193,0.11966455870222736,1.0483750343689853,1.1238658234808907,-0.30040967830629617,0.5634836403629364,0.20373934561451723,25851.737420951333,0.7417020320892362
0.701875171844927,0.4422051141050316,0.698504261754193,0.10966455870222735,1.0483750343689853,1.1238658234808907,-0.30040967830629617,0.5834836403629364,0.24373934561451727,25642.737420951333,0.745445680618289
0.681875171844927,0.4522051141050316,0.738504261754193,0.09966455870222735,1.0683750343689853,1.1238658234808907,-0.28040967830629615,0.5834836403629364,0.2737393456145173,25911.737420951333,0.7498025417327874
0.661875171844927,0.4622051141050316,0.738504261754193,0.07966455870222733,1.0783750343689853,1.1338658234808907,-0.3104096783062962,0.6134836403629365,0.2937393456145172,25066.737420951333,0.7505783557891839
0.661875171844927,0.49220511410503165,0.738504261754193,0.029664558702227284,1.0883750343689853,1.1438658234808907,-0.30040967830629617,0.6034836403629364,0.33373934561451724,23799.737420951333,0.7545842647552483
0.651875171844927,0.5022051141050315,0.728504261754193,0.009664558702227266,1.1183750343689853,1.1438658234808907,-0.30040967830629617,0.6234836403629365,0.34373934561451724,23692.737420951333,0.7583894252777093
0.621875171844927,0.5022051141050315,0.718504261754193,-0.0003354412977727428,1.1183750343689853,1.1438658234808907,-0.28040967830629615,0.6234836403629365,0.37373934561451727,23497.737420951333,0.7624356269836419
0.651875171844927,0.5422051141050316,0.728504261754193,-0.02033544129777276,1.1483750343689854,1.1338658234808907,-0.27040967830629614,0.6034836403629364,0.3837393456145173,23212.737420951333,0.7624356269836419
0.641875171844927,0.5022051141050315,0.728504261754193,-0.04033544129777278,1.1583750343689854,1.1338658234808907,-0.27040967830629614,0.6134836403629365,0.3937393456145173,22495.737420951333,0.765987586975097
0.661875171844927,0.5222051141050316,0.718504261754193,-0.04033544129777278,1.1483750343689854,1.1338658234808907,-0.27040967830629614,0.6334836403629365,0.4037393456145173,22316.737420951333,0.7706169605255155
0.671875171844927,0.5622051141050316,0.738504261754193,-0.05033544129777279,1.1483750343689854,1.1338658234808907,-0.2504096783062961,0.6234836403629365,0.4137393456145173,21963.737420951333,0.7750336647033684
0.661875171844927,0.5722051141050316,0.738504261754193,-0.09033544129777282,1.1683750343689854,1.1338658234808907,-0.24040967830629612,0.6034836403629364,0.4337393456145173,21658.737420951333,0.7784096717834466
0.661875171844927,0.5922051141050316,0.718504261754193,-0.10033544129777283,1.1783750343689854,1.1338658234808907,-0.2504096783062961,0.6234836403629365,0.45373934561451734,21807.737420951333,0.7784096717834466
0.641875171844927,0.5922051141050316,0.708504261754193,-0.10033544129777283,1.1783750343689854,1.1338658234808907,-0.2504096783062961,0.6134836403629365,0.46373934561451735,21412.737420951333,0.7827689170837395
0.651875171844927,0.6122051141050316,0.698504261754193,-0.10033544129777283,1.1883750343689854,1.1338658234808907,-0.2504096783062961,0.6134836403629365,0.47373934561451714,20979.737420951333,0.7867857933044426
0.651875171844927,0.6322051141050316,0.718504261754193,-0.12033544129777263,1.1883750343689854,1.1338658234808907,-0.24040967830629612,0.6134836403629365,0.48373934561451715,20662.737420951333,0.7907795429229729
0.631875171844927,0.6522051141050316,0.728504261754193,-0.12033544129777263,1.1883750343689854,1.1338658234808907,-0.24040967830629612,0.6134836403629365,0.49373934561451716,20519.737420951333,0.7915150642395048
0.611875171844927,0.6722051141050316,0.728504261754193,-0.15033544129777265,1.1883750343689854,1.1338658234808907,-0.2504096783062961,0.6234836403629365,0.5137393456145172,20598.737420951333,0.7955252647399895
0.601875171844927,0.6822051141050316,0.738504261754193,-0.16033544129777266,1.1983750343689854,1.1438658234808907,-0.2504096783062961,0.6134836403629365,0.5337393456145172,20553.737420951333,0.7992593765258782
0.621875171844927,0.7022051141050316,0.688504261754193,-0.17033544129777267,1.1983750343689854,1.1438658234808907,-0.26040967830629613,0.6034836403629364,0.5337393456145172,20108.737420951333,0.8030423641204827
0.591875171844927,0.7122051141050316,0.688504261754193,-0.18033544129777268,1.2083750343689854,1.1438658234808907,-0.2504096783062961,0.6034836403629364,0.5537393456145172,19829.737420951333,0.8030423641204827
0.601875171844927,0.7622051141050316,0.688504261754193,-0.2003354412977727,1.2183750343689854,1.1338658234808907,-0.26040967830629613,0.6034836403629364,0.5637393456145172,19492.737420951333,0.8073501110076897
0.591875171844927,0.7622051141050316,0.698504261754193,-0.2003354412977727,1.2183750343689854,1.1338658234808907,-0.27040967830629614,0.6134836403629365,0.5637393456145172,18975.737420951333,0.811751079559329
0.611875171844927,0.7622051141050316,0.678504261754193,-0.22033544129777272,1.2283750343689854,1.1338658234808907,-0.26040967830629613,0.6334836403629365,0.5637393456145172,18760.737420951333,0.8157624721527093
0.631875171844927,0.7522051141050315,0.698504261754193,-0.22033544129777272,1.2283750343689854,1.1338658234808907,-0.27040967830629614,0.6234836403629365,0.5737393456145172,18477.737420951333,0.8167380809783964
0.611875171844927,0.7622051141050316,0.688504261754193,-0.23033544129777273,1.2383750343689852,1.1338658234808907,-0.27040967830629614,0.6234836403629365,0.5837393456145172,18712.737420951333,0.8197533607482903
0.601875171844927,0.7622051141050316,0.688504261754193,-0.23033544129777273,1.2283750343689854,1.1438658234808907,-0.28040967830629615,0.6334836403629365,0.5937393456145172,18849.737420951333,0.8238405704498284
0.591875171844927,0.7622051141050316,0.668504261754193,-0.23033544129777273,1.1983750343689854,1.1438658234808907,-0.29040967830629616,0.6434836403629365,0.5937393456145172,18756.737420951333,0.8279315948486357
0.611875171844927,0.7622051141050316,0.668504261754193,-0.2103354412977727,1.1983750343689854,1.1138658234808907,-0.30040967830629617,0.6534836403629363,0.5937393456145172,18733.737420951333,0.8289951801300042
0.601875171844927,0.7522051141050315,0.678504261754193,-0.22033544129777272,1.1983750343689854,1.1138658234808907,-0.30040967830629617,0.6634836403629363,0.6037393456145173,18484.737420951333,0.83246297836304
0.601875171844927,0.7522051141050315,0.668504261754193,-0.23033544129777273,1.2083750343689854,1.1238658234808907,-0.30040967830629617,0.6634836403629363,0.6037393456145173,18737.737420951333,0.8359992027282708
0.581875171844927,0.7422051141050316,0.6485042617541931,-0.24033544129777273,1.1983750343689854,1.1238658234808907,-0.29040967830629616,0.6634836403629363,0.6037393456145173,18956.737420951333,0.840255689620971
0.581875171844927,0.7222051141050316,0.6485042617541931,-0.25033544129777274,1.1883750343689854,1.1438658234808907,-0.29040967830629616,0.6734836403629363,0.5937393456145172,19163.737420951333,0.840255689620971
0.591875171844927,0.6922051141050316,0.628504261754193,-0.26033544129777275,1.1683750343689854,1.1338658234808907,-0.30040967830629617,0.6734836403629363,0.6037393456145173,19440.737420951333,0.8440577507019036
0.601875171844927,0.6522051141050316,0.618504261754193,-0.24033544129777273,1.1383750343689854,1.1538658234808907,-0.30040967830629617,0.6734836403629363,0.6037393456145173,19501.737420951333,0.8488132476806634
0.571875171844927,0.6222051141050315,0.598504261754193,-0.26033544129777275,1.1583750343689854,1.1438658234808907,-0.28040967830629615,0.6634836403629363,0.6037393456145173,19912.737420951333,0.8528131961822503
0.551875171844927,0.5822051141050316,0.618504261754193,-0.25033544129777274,1.0983750343689853,1.1638658234808907,-0.28040967830629615,0.6634836403629363,0.6037393456145173,20231.737420951333,0.8561610698699944
0.561875171844927,0.5522051141050316,0.608504261754193,-0.24033544129777273,1.0683750343689853,1.1638658234808907,-0.26040967830629613,0.6734836403629363,0.5737393456145172,20610.737420951333,0.856812667846679
0.551875171844927,0.5322051141050316,0.588504261754193,-0.23033544129777273,1.0683750343689853,1.1638658234808907,-0.24040967830629612,0.6734836403629363,0.5737393456145172,21027.737420951333,0.8606223583221428
0.561875171844927,0.5222051141050316,0.548504261754193,-0.25033544129777274,1.0683750343689853,1.1538658234808907,-0.2304096783062961,0.6834836403629363,0.5737393456145172,21098.737420951333,0.8645226478576618
0.561875171844927,0.49220511410503165,0.528504261754193,-0.26033544129777275,1.0583750343689853,1.1838658234808908,-0.2304096783062961,0.6734836403629363,0.5737393456145172,21547.737420951333,0.8689682006835966
0.521875171844927,0.5022051141050315,0.528504261754193,-0.2903354412977728,1.0383750343689853,1.1938658234808908,-0.2204096783062961,0.6734836403629363,0.5737393456145172,22360.737420951333,0.8689682006835966
0.511875171844927,0.48220511410503164,0.5185042617541931,-0.3003354412977728,1.0083750343689852,1.2138658234808908,-0.2104096783062963,0.6734836403629363,0.5637393456145172,22947.737420951333,0.872985792160037
0.491875171844927,0.4422051141050316,0.478504261754193,-0.28033544129777277,0.9683750343689854,1.2038658234808908,-0.2004096783062963,0.6534836403629363,0.5837393456145172,23344.737420951333,0.8771500110626249
0.471875171844927,0.4122051141050316,0.458504261754193,-0.27033544129777276,0.9383750343689854,1.2038658234808908,-0.18040967830629628,0.6334836403629365,0.5837393456145172,23655.737420951333,0.881165695190429
0.481875171844927,0.4122051141050316,0.448504261754193,-0.28033544129777277,0.9183750343689854,1.2038658234808908,-0.16040967830629627,0.6134836403629365,0.5837393456145172,24212.737420951333,0.8819610595703118
0.471875171844927,0.40220511410503157,0.438504261754193,-0.28033544129777277,0.9283750343689854,1.1838658234808908,-0.15040967830629626,0.6134836403629365,0.5837393456145172,24953.737420951333,0.885205698013305
0.42187517184492695,0.3822051141050316,0.418504261754193,-0.28033544129777277,0.9183750343689854,1.2038658234808908,-0.13040967830629624,0.5934836403629364,0.5737393456145172,25448.737420951333,0.8892418861389189
0.42187517184492695,0.3622051141050316,0.428504261754193,-0.2903354412977728,0.8783750343689853,1.1938658234808908,-0.12040967830629623,0.5834836403629364,0.5737393456145172,26409.737420951333,0.8934649944305448
0.38187517184492703,0.34220511410503157,0.39850426175419307,-0.2903354412977728,0.8583750343689853,1.2138658234808908,-0.11040967830629622,0.5734836403629364,0.5737393456145172,27368.737420951333,0.8941890716552763
0.371875171844927,0.3222051141050316,0.40850426175419297,-0.3003354412977728,0.8083750343689853,1.2038658234808908,-0.0904096783062962,0.5534836403629364,0.5937393456145172,28005.737420951333,0.8976115703582792
0.361875171844927,0.2722051141050316,0.37850426175419305,-0.3103354412977728,0.8183750343689853,1.2138658234808908,-0.07040967830629619,0.5334836403629364,0.5937393456145172,29204.737420951333,0.9016091346740716
0.29187517184492695,0.2822051141050316,0.37850426175419305,-0.3303354412977728,0.7883750343689853,1.2138658234808908,-0.03040967830629615,0.5034836403629364,0.5937393456145172,30355.737420951333,0.9056128978729241
0.27187517184492704,0.2622051141050316,0.36850426175419304,-0.3203354412977728,0.7683750343689852,1.2138658234808908,-0.020409678306296364,0.4934836403629364,0.5937393456145172,31650.737420951333,0.9056128978729241
0.28187517184492705,0.23220511410503158,0.328504261754193,-0.3403354412977728,0.7883750343689853,1.1938658234808908,-0.010409678306296133,0.4834836403629364,0.5937393456145172,32419.737420951333,0.9096650600433307
0.27187517184492704,0.2522051141050316,0.328504261754193,-0.3403354412977728,0.7383750343689852,1.2138658234808908,-0.00040967830629634605,0.4734836403629364,0.5937393456145172,33048.73742095134,0.9137930393218987
0.26187517184492703,0.2022051141050316,0.338504261754193,-0.2903354412977728,0.6783750343689854,1.2038658234808908,-0.00040967830629634605,0.4734836403629364,0.5937393456145172,33677.73742095134,0.9176828384399407
0.221875171844927,0.1922051141050316,0.338504261754193,-0.2903354412977728,0.6683750343689854,1.2138658234808908,0.009590321693703885,0.4634836403629364,0.5937393456145172,34314.73742095134,0.9176828384399407
0.19187517184492697,0.1822051141050316,0.318504261754193,-0.28033544129777277,0.6483750343689854,1.2038658234808908,0.01959032169370367,0.44348364036293647,0.6037393456145173,34433.73742095134,0.921683740615844
0.18187517184492702,0.1622051141050316,0.27850426175419307,-0.26033544129777275,0.6483750343689854,1.1638658234808907,0.03959032169370369,0.42348364036293645,0.6037393456145173,34890.73742095134,0.9256836891174309
0.171875171844927,0.1222051141050316,0.24850426175419302,-0.27033544129777276,0.6083750343689853,1.1638658234808907,0.06959032169370394,0.3934836403629364,0.5937393456145172,35649.73742095134,0.9299160957336419
0.14187517184492698,0.1222051141050316,0.22850426175419306,-0.26033544129777275,0.5583750343689853,1.1638658234808907,0.07959032169370373,0.3834836403629364,0.5837393456145172,36740.73742095134,0.9309565544128375
0.12187517184492702,0.10220511410503161,0.19850426175419303,-0.28033544129777277,0.5583750343689853,1.1438658234808907,0.09959032169370374,0.3834836403629364,0.5737393456145172,38195.73742095134,0.9339997291564899
0.031875171844927,0.05220511410503159,0.13850426175419303,-0.27033544129777276,0.4883750343689854,1.1238658234808907,0.10959032169370397,0.3834836403629364,0.5637393456145172,39352.73742095134,0.9379927635192864
0.001875171844927026,0.012205114105031598,0.048504261754193034,-0.26033544129777275,0.45837503436898536,1.1238658234808907,0.11959032169370376,0.3834836403629364,0.5537393456145172,40427.73742095134,0.9419927120208769
-0.04812482815507299,-0.007794885894968406,0.008504261754193054,-0.28033544129777277,0.44837503436898535,1.0738658234808909,0.149590321693704,0.3634836403629364,0.5337393456145172,42132.73742095134,0.9460768222808831
-0.03812482815507301,0.0022051141050316025,0.05850426175419304,-0.3003354412977728,0.4083750343689854,1.0438658234808909,0.16959032169370358,0.3334836403629365,0.5237393456145172,44027.73742095134,0.9470772266387968
-0.028124828155073,0.0022051141050316025,0.048504261754193034,-0.3003354412977728,0.3583750343689854,1.0338658234808908,0.1795903216937038,0.3234836403629365,0.5337393456145172,45440.73742095134,0.9501015663146966
-0.03812482815507301,0.0022051141050316025,0.048504261754193034,-0.2903354412977728,0.3583750343689854,1.0238658234808908,0.1795903216937038,0.3334836403629365,0.5337393456145172,46487.73742095134,0.9551405429840081
-0.03812482815507301,0.012205114105031598,0.05850426175419304,-0.3203354412977728,0.32837503436898535,1.0038658234808908,0.16959032169370358,0.3234836403629365,0.5537393456145172,47588.73742095134,0.9591044902801507
-0.04812482815507299,-0.007794885894968406,0.03850426175419305,-0.2903354412977728,0.30837503436898533,0.9838658234808908,0.16959032169370358,0.3234836403629365,0.5537393456145172,48711.73742095134,0.9591044902801507
-0.03812482815507301,-0.007794885894968406,0.008504261754193054,-0.27033544129777276,0.33837503436898536,0.9738658234808908,0.1795903216937038,0.30348364036293646,0.5537393456145172,48950.73742095134,0.9631754875183098
-0.03812482815507301,-0.0177948858949684,-0.0014957382458069546,-0.28033544129777277,0.30837503436898533,0.9638658234808908,0.1795903216937038,0.29348364036293645,0.5637393456145172,48671.73742095134,0.9666749954223626
-0.04812482815507299,-0.027794885894968403,-0.011495738245806963,-0.26033544129777275,0.2983750343689853,0.8938658234808907,0.1895903216937036,0.29348364036293645,0.5637393456145172,48748.73742095134,0.9710547447204583
-0.04812482815507299,-0.027794885894968403,-0.011495738245806963,-0.23033544129777273,0.2483750343689854,0.8638658234808907,0.20959032169370362,0.28348364036293644,0.5337393456145172,49411.73742095134,0.9720789909362786
-0.06812482815507301,-0.027794885894968403,-0.031495738245806953,-0.24033544129777273,0.21837503436898537,0.8038658234808909,0.22959032169370364,0.28348364036293644,0.5137393456145172,50000.73742095134,0.9756028175353997
-0.06812482815507301,-0.037794885894968405,-0.05149573824580696,-0.26033544129777275,0.20837503436898536,0.7938658234808909,0.23959032169370387,0.27348364036293643,0.5037393456145172,51389.73742095134,0.9796971797943108
-0.10812482815507299,-0.0477948858949684,-0.05149573824580696,-0.26033544129777275,0.18837503436898534,0.7938658234808909,0.2595903216937039,0.2634836403629364,0.47373934561451714,53204.73742095134,0.9835426330566399
-0.118124828155073,-0.0477948858949684,-0.05149573824580696,-0.24033544129777273,0.19837503436898535,0.7238658234808908,0.23959032169370387,0.2634836403629364,0.48373934561451715,54851.73742095134,0.9835426330566399
-0.128124828155073,-0.0477948858949684,-0.09149573824580695,-0.24033544129777273,0.17837503436898533,0.6538658234808907,0.23959032169370387,0.27348364036293643,0.47373934561451714,56124.73742095134,0.9875485420227044
-0.128124828155073,-0.0477948858949684,-0.08149573824580696,-0.23033544129777273,0.19837503436898535,0.6138658234808909,0.22959032169370364,0.27348364036293643,0.47373934561451714,56965.73742095134,0.9914679050445585
-0.118124828155073,-0.0477948858949684,-0.07149573824580696,-0.2003354412977727,0.19837503436898535,0.5438658234808909,0.19959032169370383,0.28348364036293644,0.49373934561451716,56918.73742095134,0.9961070537567167
-0.138124828155073,-0.0477948858949684,-0.08149573824580696,-0.2003354412977727,0.17837503436898533,0.5138658234808908,0.19959032169370383,0.29348364036293645,0.49373934561451716,56315.73742095134,0.9961070537567167
-0.138124828155073,-0.0577948858949684,-0.10149573824580696,-0.2103354412977727,0.17837503436898533,0.4438658234808908,0.20959032169370362,0.28348364036293644,0.46373934561451735,56302.73742095134,0.9991738319396966
-0.158124828155073,-0.0577948858949684,-0.11149573824580696,-0.22033544129777272,0.22837503436898537,0.36386582348089086,0.22959032169370364,0.28348364036293644,0.4237393456145173,57079.73742095134,1.0041548728942864
-0.16812482815507301,-0.0677948858949684,-0.12149573824580695,-0.25033544129777274,0.22837503436898537,0.37386582348089087,0.16959032169370358,0.30348364036293646,0.47373934561451714,58176.73742095134,1.0081536293029778
-0.16812482815507301,-0.0577948858949684,-0.12149573824580695,-0.25033544129777274,0.22837503436898537,0.37386582348089087,0.08959032169370396,0.31348364036293647,0.5137393456145172,59261.73742095134,1.0081536293029778
-0.16812482815507301,-0.0577948858949684,-0.11149573824580696,-0.27033544129777276,0.21837503436898537,0.33386582348089083,0.04959032169370392,0.3534836403629364,0.5337393456145172,59098.73742095134,1.0121538162231438
-0.188124828155073,-0.0677948858949684,-0.12149573824580695,-0.28033544129777277,0.23837503436898538,0.33386582348089083,0.029590321693703903,0.3434836403629364,0.5437393456145172,59261.73742095134,1.0161535263061516
-0.19812482815507299,-0.0577948858949684,-0.11149573824580696,-0.3103354412977728,0.2683750343689854,0.33386582348089083,0.01959032169370367,0.3434836403629364,0.5637393456145172,60166.73742095134,1.0201572895050042
-0.208124828155073,-0.0577948858949684,-0.10149573824580696,-0.3103354412977728,0.20837503436898536,0.33386582348089083,-0.020409678306296364,0.3634836403629364,0.5937393456145172,61341.73742095134,1.0243527412414508
-0.208124828155073,-0.0577948858949684,-0.11149573824580696,-0.3103354412977728,0.20837503436898536,0.3238658234808908,-0.010409678306296133,0.3634836403629364,0.5937393456145172,61568.73742095134,1.0243527412414508
-0.208124828155073,-0.0577948858949684,-0.10149573824580696,-0.3003354412977728,0.21837503436898537,0.3138658234808908,-0.020409678306296364,0.3634836403629364,0.6137393456145173,61831.73742095134,1.028654766082763
-0.19812482815507299,-0.0577948858949684,-0.10149573824580696,-0.2903354412977728,0.20837503436898536,0.2838658234808908,-0.03040967830629615,0.3734836403629364,0.5937393456145172,61656.73742095134,1.032857131958007
-0.188124828155073,-0.0577948858949684,-0.10149573824580696,-0.2903354412977728,0.20837503436898536,0.2638658234808909,-0.010409678306296133,0.3734836403629364,0.5837393456145172,61587.73742095134,1.0368651866912835
-0.208124828155073,-0.0577948858949684,-0.11149573824580696,-0.2903354412977728,0.18837503436898534,0.2738658234808909,-0.010409678306296133,0.3734836403629364,0.5837393456145172,62048.73742095134,1.037655305862426
-0.218124828155073,-0.0577948858949684,-0.10149573824580696,-0.3003354412977728,0.16837503436898543,0.24386582348089086,-0.020409678306296364,0.3534836403629364,0.5837393456145172,62803.73742095134,1.0408410549163847
-0.218124828155073,-0.0677948858949684,-0.11149573824580696,-0.28033544129777277,0.17837503436898533,0.24386582348089086,-0.020409678306296364,0.3634836403629364,0.5937393456145172,63124.73742095134,1.044998359680175
-0.218124828155073,-0.0677948858949684,-0.12149573824580695,-0.3103354412977728,0.15837503436898542,0.2538658234808909,-0.03040967830629615,0.3534836403629364,0.5937393456145172,62969.73742095134,1.0493630886077874
-0.208124828155073,-0.0577948858949684,-0.11149573824580696,-0.3103354412977728,0.16837503436898543,0.22386582348089085,-0.010409678306296133,0.3434836403629364,0.5937393456145172,62598.73742095134,1.050067615509036
-0.208124828155073,-0.0577948858949684,-0.12149573824580695,-0.3203354412977728,0.16837503436898543,0.22386582348089085,-0.010409678306296133,0.3334836403629365,0.5837393456145172,62055.73742095134,1.0531856536865227
-0.208124828155073,-0.0577948858949684,-0.12149573824580695,-0.3403354412977728,0.16837503436898543,0.22386582348089085,0.009590321693703885,0.3234836403629365,0.5737393456145172,62476.73742095134,1.0572726249694782
-0.208124828155073,-0.0577948858949684,-0.11149573824580696,-0.3203354412977728,0.15837503436898542,0.20386582348089083,0.03959032169370369,0.31348364036293647,0.5437393456145172,62443.73742095134,1.0613588809967034
-0.218124828155073,-0.0577948858949684,-0.12149573824580695,-0.3003354412977728,0.15837503436898542,0.20386582348089083,0.05959032169370371,0.28348364036293644,0.5337393456145172,62562.73742095134,1.0620836734771721
-0.218124828155073,-0.0577948858949684,-0.11149573824580696,-0.3003354412977728,0.11837503436898539,0.17386582348089086,0.149590321693704,0.2234836403629364,0.46373934561451735,62509.73742095134,1.066064548492431
-0.228124828155073,-0.0677948858949684,-0.12149573824580695,-0.28033544129777277,0.09837503436898537,0.1838658234808908,0.1595903216937038,0.20348364036293648,0.44373934561451733,63002.73742095134,1.0701148033142083
-0.218124828155073,-0.0677948858949684,-0.11149573824580696,-0.2903354412977728,0.10837503436898538,0.17386582348089086,0.19959032169370383,0.17348364036293645,0.4237393456145173,63465.73742095134,1.0737721443176262
-0.218124828155073,-0.0677948858949684,-0.11149573824580696,-0.28033544129777277,0.05837503436898539,0.16386582348089085,0.21959032169370385,0.14348364036293643,0.3837393456145173,63306.73742095134,1.0748216629028313
-0.218124828155073,-0.0677948858949684,-0.12149573824580695,-0.3003354412977728,0.10837503436898538,0.17386582348089086,0.19959032169370383,0.18348364036293646,0.4037393456145173,63681.73742095134,1.0773221969604485
-0.218124828155073,-0.0677948858949684,-0.11149573824580696,-0.3003354412977728,0.09837503436898537,0.16386582348089085,0.19959032169370383,0.19348364036293647,0.3837393456145173,64196.73742095134,1.0813076019287102
-0.208124828155073,-0.0577948858949684,-0.11149573824580696,-0.3103354412977728,0.09837503436898537,0.17386582348089086,0.20959032169370362,0.17348364036293645,0.35373934561451725,64037.73742095134,1.0863348960876458
-0.208124828155073,-0.0677948858949684,-0.13149573824580696,-0.28033544129777277,0.05837503436898539,0.15386582348089084,0.26959032169370367,0.14348364036293643,0.2837393456145172,63780.73742095134,1.0863348960876458
-0.218124828155073,-0.0677948858949684,-0.13149573824580696,-0.2903354412977728,0.07837503436898535,0.14386582348089083,0.2895903216937037,0.14348364036293643,0.2737393456145173,63923.73742095134,1.0903398513793938
-0.208124828155073,-0.0677948858949684,-0.12149573824580695,-0.27033544129777276,0.04837503436898538,0.13386582348089082,0.2995903216937039,0.12348364036293641,0.23373934561451726,64348.73742095134,1.0943352699279778
-0.218124828155073,-0.0677948858949684,-0.13149573824580696,-0.3103354412977728,0.0683750343689854,0.14386582348089083,0.24959032169370365,0.14348364036293643,0.2837393456145172,65037.73742095134,1.09841079711914
-0.218124828155073,-0.0677948858949684,-0.13149573824580696,-0.3203354412977728,0.0683750343689854,0.14386582348089083,0.22959032169370364,0.14348364036293643,0.2637393456145173,66372.73742095134,1.1016125202178948
-0.218124828155073,-0.0677948858949684,-0.13149573824580696,-0.3003354412977728,0.028375034368985363,0.13386582348089082,0.23959032169370387,0.1134836403629364,0.24373934561451727,67163.73742095134,1.1026610851287835
-0.228124828155073,-0.0677948858949684,-0.11149573824580696,-0.3103354412977728,0.008375034368985401,0.11386582348089086,0.2895903216937037,0.07348364036293648,0.1537393456145173,68446.73742095134,1.106364440917968
-0.218124828155073,-0.0677948858949684,-0.12149573824580695,-0.2903354412977728,-0.0016249656310146077,0.11386582348089086,0.2795903216937039,0.06348364036293647,0.13373934561451728,70569.73742095134,1.1106040000915556
-0.238124828155073,-0.0677948858949684,-0.12149573824580695,-0.3303354412977728,0.008375034368985401,0.12386582348089081,0.1895903216937036,0.10348364036293639,0.1737393456145172,71778.73742095134,1.114733409881591
-0.228124828155073,-0.0577948858949684,-0.11149573824580696,-0.3703354412977726,-0.0016249656310146077,0.12386582348089081,0.01959032169370367,0.1134836403629364,0.20373934561451723,72625.73742095134,1.114733409881591
-0.228124828155073,-0.0677948858949684,-0.12149573824580695,-0.3303354412977728,0.018375034368985355,0.11386582348089086,0.06959032169370394,0.1134836403629364,0.1837393456145172,72248.73742095134,1.1187507629394524
-0.228124828155073,-0.0677948858949684,-0.11149573824580696,-0.3303354412977728,0.008375034368985401,0.11386582348089086,0.09959032169370374,0.09348364036293638,0.1537393456145173,69905.73742095134,1.1228146076202385
-0.218124828155073,-0.0677948858949684,-0.11149573824580696,-0.2903354412977728,0.008375034368985401,0.09386582348089084,0.1595903216937038,0.07348364036293648,0.13373934561451728,67530.73742095134,1.1269595146179192
-0.208124828155073,-0.0677948858949684,-0.12149573824580695,-0.3103354412977728,-0.0016249656310146077,0.10386582348089085,0.149590321693704,0.06348364036293647,0.13373934561451728,66631.73742095134,1.1279875755310087
-0.208124828155073,-0.0677948858949684,-0.10149573824580696,-0.3003354412977728,0.008375034368985401,0.08386582348089083,0.19959032169370383,0.04348364036293645,0.09373934561451724,66694.73742095134,1.1310195446014397
-0.208124828155073,-0.0677948858949684,-0.10149573824580696,-0.3003354412977728,-0.0016249656310146077,0.07386582348089082,0.19959032169370383,0.02348364036293643,0.06373934561451722,66035.73742095134,1.135170412063598
-0.208124828155073,-0.0677948858949684,-0.11149573824580696,-0.2903354412977728,-0.011624965631014617,0.06386582348089082,0.1795903216937038,0.02348364036293643,0.0437393456145172,65998.73742095134,1.13949007987976
-0.208124828155073,-0.0677948858949684,-0.11149573824580696,-0.3103354412977728,-0.021624965631014625,0.08386582348089083,0.13959032169370378,0.02348364036293643,0.03373934561451719,66473.73742095134,1.13949007987976
-0.228124828155073,-0.0677948858949684,-0.12149573824580695,-0.3203354412977728,-0.011624965631014617,0.07386582348089082,0.10959032169370397,0.02348364036293643,-0.016260654385482742,68064.73742095134,1.1424695968627958
-0.228124828155073,-0.0677948858949684,-0.13149573824580696,-0.3203354412977728,-0.031624965631014634,0.07386582348089082,0.07959032169370373,0.013483640362936422,-0.02626065438548275,69681.73742095134,1.1475548267364495
-0.228124828155073,-0.0677948858949684,-0.12149573824580695,-0.3003354412977728,-0.04162496563101464,0.07386582348089082,0.029590321693703903,0.003483640362936413,0.013739345614517284,70262.73742095134,1.1515542984008782
-0.218124828155073,-0.0677948858949684,-0.12149573824580695,-0.3303354412977728,-0.031624965631014634,0.07386582348089082,0.03959032169370369,0.003483640362936413,0.023739345614517293,70621.73742095134,1.1515542984008782
-0.218124828155073,-0.0677948858949684,-0.11149573824580696,-0.3403354412977728,-0.031624965631014634,0.06386582348089082,0.009590321693703885,0.02348364036293643,0.0037393456145172754,70320.73742095134,1.1555625915527301
-0.218124828155073,-0.0677948858949684,-0.12149573824580695,-0.3203354412977728,-0.04162496563101464,0.06386582348089082,0.029590321693703903,0.03348364036293644,-0.016260654385482742,70089.73742095134,1.1593341350555448
-0.218124828155073,-0.0677948858949684,-0.12149573824580695,-0.3103354412977728,-0.0516249656310146,0.05386582348089086,0.029590321693703903,0.003483640362936413,-0.02626065438548275,69822.73742095134,1.1638652801513665
-0.208124828155073,-0.0677948858949684,-0.11149573824580696,-0.3203354412977728,-0.0516249656310146,0.06386582348089082,0.01959032169370367,0.02348364036293643,-0.0062606543854827335,69159.73742095134,1.1638652801513665
-0.208124828155073,-0.0677948858949684,-0.12149573824580695,-0.3303354412977728,-0.04162496563101464,0.06386582348089082,0.009590321693703885,0.013483640362936422,-0.0062606543854827335,67972.73742095134,1.1678654670715325
-0.208124828155073,-0.0677948858949684,-0.11149573824580696,-0.3103354412977728,-0.061624965631014605,0.04386582348089085,0.009590321693703885,-0.01651635963706355,-0.03626065438548276,67069.73742095134,1.1718651771545403
-0.208124828155073,-0.0677948858949684,-0.10149573824580696,-0.3003354412977728,-0.07162496563101461,0.04386582348089085,0.029590321693703903,-0.03651635963706357,-0.03626065438548276,67030.73742095134,1.1758651256561272
-0.218124828155073,-0.0677948858949684,-0.12149573824580695,-0.3003354412977728,-0.07162496563101461,0.05386582348089086,0.029590321693703903,-0.056516359637063585,-0.05626065438548278,66889.73742095134,1.1798696041107206
-0.218124828155073,-0.0677948858949684,-0.12149573824580695,-0.3103354412977728,-0.08162496563101462,0.05386582348089086,0.01959032169370367,-0.056516359637063585,-0.05626065438548278,66730.73742095134,1.1798696041107206
-0.218124828155073,-0.0677948858949684,-0.12149573824580695,-0.2903354412977728,-0.07162496563101461,0.04386582348089085,0.01959032169370367,-0.0665163596370636,-0.05626065438548278,66531.73742095134,1.1839782714843707
-0.218124828155073,-0.0677948858949684,-0.14149573824580697,-0.2903354412977728,-0.08162496563101462,0.04386582348089085,0.009590321693703885,-0.046516359637063576,-0.0962606543854827,65952.73742095134,1.1879961013793938
-0.208124828155073,-0.0677948858949684,-0.13149573824580696,-0.27033544129777276,-0.07162496563101461,0.023865823480890835,0.01959032169370367,-0.046516359637063576,-0.0862606543854828,64263.73742095134,1.192299318313598
-0.208124828155073,-0.0677948858949684,-0.14149573824580697,-0.27033544129777276,-0.08162496563101462,0.023865823480890835,0.01959032169370367,-0.0665163596370636,-0.0962606543854827,61642.73742095134,1.192996931076049
-0.19812482815507299,-0.0677948858949684,-0.15149573824580695,-0.28033544129777277,-0.08162496563101462,0.033865823480890844,0.029590321693703903,-0.056516359637063585,-0.0762606543854828,59629.73742095134,1.1962472915649407
-0.208124828155073,-0.0677948858949684,-0.14149573824580697,-0.27033544129777276,-0.09162496563101463,0.033865823480890844,0.03959032169370369,-0.056516359637063585,-0.10626065438548271,58198.73742095134,1.2006461143493645
-0.208124828155073,-0.0677948858949684,-0.14149573824580697,-0.25033544129777274,-0.08162496563101462,0.023865823480890835,0.04959032169370392,-0.07651635963706355,-0.12626065438548273,56767.73742095134,1.2048263072967558
-0.19812482815507299,-0.0677948858949684,-0.14149573824580697,-0.24033544129777273,-0.1116249656310146,0.013865823480890827,0.06959032169370394,-0.08651635963706356,-0.17626065438548277,55772.73742095134,1.2056011676788358
-0.19812482815507299,-0.0677948858949684,-0.16149573824580696,-0.23033544129777273,-0.1116249656310146,0.013865823480890827,0.09959032169370374,-0.10651635963706357,-0.20626065438548274,54883.73742095134,1.2087594985961907
-0.19812482815507299,-0.0677948858949684,-0.13149573824580696,-0.24033544129777273,-0.1216249656310146,0.0038658234808908176,0.07959032169370373,-0.11651635963706358,-0.21626065438548275,54250.73742095134,1.212913942337039
-0.208124828155073,-0.0677948858949684,-0.15149573824580695,-0.25033544129777274,-0.1216249656310146,0.0038658234808908176,0.06959032169370394,-0.11651635963706358,-0.22626065438548276,54467.73742095134,1.2171725749969475
-0.19812482815507299,-0.0677948858949684,-0.16149573824580696,-0.24033544129777273,-0.1216249656310146,-0.006134176519109136,0.07959032169370373,-0.11651635963706358,-0.23626065438548277,54406.73742095134,1.2178561210632317
-0.19812482815507299,-0.0677948858949684,-0.16149573824580696,-0.23033544129777273,-0.1116249656310146,-0.006134176519109136,0.05959032169370371,-0.10651635963706357,-0.24626065438548278,53347.73742095134,1.221048545837398
-0.208124828155073,-0.0677948858949684,-0.16149573824580696,-0.23033544129777273,-0.1216249656310146,-0.016134176519109145,0.06959032169370394,-0.09651635963706356,-0.25626065438548273,52220.73742095134,1.225187253952022
-0.19812482815507299,-0.0677948858949684,-0.16149573824580696,-0.22033544129777272,-0.1116249656310146,-0.016134176519109145,0.06959032169370394,-0.10651635963706357,-0.27626065438548275,51049.73742095134,1.2294141769409208
-0.19812482815507299,-0.0677948858949684,-0.16149573824580696,-0.23033544129777273,-0.1216249656310146,-0.016134176519109145,0.07959032169370373,-0.11651635963706358,-0.27626065438548275,50676.73742095134,1.2301976203918485
-0.208124828155073,-0.0677948858949684,-0.16149573824580696,-0.22033544129777272,-0.1116249656310146,-0.016134176519109145,0.06959032169370394,-0.10651635963706357,-0.3062606543854828,50393.73742095134,1.2335187911987298
-0.19812482815507299,-0.0677948858949684,-0.16149573824580696,-0.23033544129777273,-0.1216249656310146,-0.006134176519109136,0.04959032169370392,-0.11651635963706358,-0.29626065438548277,50742.73742095134,1.2374462604522698
-0.19812482815507299,-0.0677948858949684,-0.16149573824580696,-0.22033544129777272,-0.1316249656310146,-0.016134176519109145,0.03959032169370369,-0.13651635963706354,-0.3062606543854828,51045.73742095134,1.2418820381164508
-0.19812482815507299,-0.0677948858949684,-0.16149573824580696,-0.2103354412977727,-0.1316249656310146,-0.016134176519109145,0.01959032169370367,-0.13651635963706354,-0.31626065438548273,51432.73742095134,1.245083284378051
-0.208124828155073,-0.0677948858949684,-0.16149573824580696,-0.2103354412977727,-0.1316249656310146,-0.016134176519109145,0.009590321693703885,-0.14651635963706355,-0.29626065438548277,51749.73742095134,1.2461151599884026
-0.208124828155073,-0.0677948858949684,-0.16149573824580696,-0.2103354412977727,-0.1316249656310146,-0.006134176519109136,0.009590321693703885,-0.13651635963706354,-0.32626065438548274,52476.73742095134,1.2500700473785393
-0.208124828155073,-0.0677948858949684,-0.16149573824580696,-0.22033544129777272,-0.1316249656310146,-0.006134176519109136,0.01959032169370367,-0.13651635963706354,-0.31626065438548273,53169.73742095134,1.253399085998531
-0.19812482815507299,-0.0677948858949684,-0.16149573824580696,-0.22033544129777272,-0.1316249656310146,-0.006134176519109136,0.009590321693703885,-0.1265163596370636,-0.33626065438548275,53982.73742095134,1.2577025413513176
-0.218124828155073,-0.0677948858949684,-0.16149573824580696,-0.2003354412977727,-0.14162496563101462,-0.006134176519109136,0.009590321693703885,-0.13651635963706354,-0.33626065438548275,55023.73742095134,1.2584435462951689
-0.208124828155073,-0.0677948858949684,-0.16149573824580696,-0.2003354412977727,-0.14162496563101462,-0.016134176519109145,0.01959032169370367,-0.13651635963706354,-0.35626065438548277,56092.73742095134,1.2624432563781696
-0.208124828155073,-0.0677948858949684,-0.16149573824580696,-0.2003354412977727,-0.15162496563101463,-0.006134176519109136,0.01959032169370367,-0.14651635963706355,-0.35626065438548277,56905.73742095134,1.2664551258087187
-0.218124828155073,-0.0677948858949684,-0.16149573824580696,-0.2103354412977727,-0.1616249656310146,-0.006134176519109136,0.029590321693703903,-0.15651635963706356,-0.3662606543854828,58112.73742095134,1.270459604263305
-0.238124828155073,-0.0677948858949684,-0.16149573824580696,-0.22033544129777272,-0.1616249656310146,-0.006134176519109136,0.009590321693703885,-0.14651635963706355,-0.35626065438548277,59421.73742095134,1.270459604263305
-0.248124828155073,-0.0677948858949684,-0.16149573824580696,-0.22033544129777272,-0.1616249656310146,-0.006134176519109136,-0.00040967830629634605,-0.15651635963706356,-0.3662606543854828,60342.73742095134,1.2742154121398919
-0.248124828155073,-0.0677948858949684,-0.16149573824580696,-0.2103354412977727,-0.1616249656310146,-0.006134176519109136,-0.010409678306296133,-0.16651635963706357,-0.3662606543854828,61419.73742095134,1.2780544281005817
-0.258124828155073,-0.0677948858949684,-0.16149573824580696,-0.1903354412977727,-0.1616249656310146,-0.006134176519109136,0.01959032169370367,-0.17651635963706358,-0.37626065438548273,62836.73742095134,1.2823607444763176
-0.238124828155073,-0.0677948858949684,-0.16149573824580696,-0.18033544129777268,-0.17162496563101462,-0.006134176519109136,0.009590321693703885,-0.16651635963706357,-0.38626065438548274,64025.73742095134,1.283096265792846
-0.228124828155073,-0.0677948858949684,-0.16149573824580696,-0.16033544129777266,-0.17162496563101462,-0.016134176519109145,0.009590321693703885,-0.1865163596370636,-0.37626065438548273,65688.73742095134,1.2863590240478509
-0.248124828155073,-0.0677948858949684,-0.16149573824580696,-0.18033544129777268,-0.18162496563101463,-0.006134176519109136,-0.00040967830629634605,-0.19651635963706354,-0.37626065438548273,67537.73742095134,1.2910959243774407
-0.238124828155073,-0.0677948858949684,-0.16149573824580696,-0.18033544129777268,-0.18162496563101463,-0.006134176519109136,-0.03040967830629615,-0.1865163596370636,-0.37626065438548273,68924.73742095134,1.295108747482299
-0.238124828155073,-0.0677948858949684,-0.16149573824580696,-0.18033544129777268,-0.17162496563101462,-0.006134176519109136,-0.010409678306296133,-0.1865163596370636,-0.38626065438548274,70165.73742095134,1.2960907936096184
-0.248124828155073,-0.0677948858949684,-0.16149573824580696,-0.17033544129777267,-0.1616249656310146,-0.006134176519109136,-0.010409678306296133,-0.17651635963706358,-0.39626065438548275,71274.73742095134,1.2990893840789788
-0.238124828155073,-0.0677948858949684,-0.16149573824580696,-0.18033544129777268,-0.17162496563101462,-0.006134176519109136,-0.010409678306296133,-0.1865163596370636,-0.38626065438548274,71545.73742095134,1.3030683517456048
-0.238124828155073,-0.0677948858949684,-0.16149573824580696,-0.2003354412977727,-0.1616249656310146,-0.006134176519109136,-0.020409678306296364,-0.1865163596370636,-0.38626065438548274,72136.73742095134,1.3073691844940178
-0.238124828155073,-0.0677948858949684,-0.16149573824580696,-0.18033544129777268,-0.17162496563101462,-0.006134176519109136,-0.03040967830629615,-0.1865163596370636,-0.38626065438548274,73245.73742095134,1.311018657684329
-0.238124828155073,-0.0677948858949684,-0.16149573824580696,-0.2103354412977727,-0.17162496563101462,-0.006134176519109136,-0.03040967830629615,-0.1865163596370636,-0.38626065438548274,73878.73742095134,1.3117625236511223
-0.238124828155073,-0.0677948858949684,-0.16149573824580696,-0.1903354412977727,-0.18162496563101463,-0.006134176519109136,-0.03040967830629615,-0.19651635963706354,-0.38626065438548274,74367.73742095134,1.314991664886474
-0.238124828155073,-0.0677948858949684,-0.16149573824580696,-0.2103354412977727,-0.18162496563101463,-0.006134176519109136,-0.03040967830629615,-0.20651635963706355,-0.38626065438548274,75082.73742095134,1.3200277805328398
-0.238124828155073,-0.0677948858949684,-0.16149573824580696,-0.2103354412977727,-0.17162496563101462,-0.006134176519109136,-0.03040967830629615,-0.19651635963706354,-0.39626065438548275,74815.73742095134,1.3234331130981438
-0.238124828155073,-0.0677948858949684,-0.16149573824580696,-0.22033544129777272,-0.17162496563101462,-0.006134176519109136,-0.04040967830629638,-0.1865163596370636,-0.38626065438548274,74586.73742095134,1.3241011619567864
-0.248124828155073,-0.0677948858949684,-0.16149573824580696,-0.2103354412977727,-0.1616249656310146,-0.006134176519109136,-0.020409678306296364,-0.1865163596370636,-0.38626065438548274,73627.73742095134,1.3273787021636956
-0.248124828155073,-0.0677948858949684,-0.16149573824580696,-0.2003354412977727,-0.1616249656310146,-0.016134176519109145,-0.03040967830629615,-0.17651635963706358,-0.39626065438548275,72046.73742095134,1.3316564083099358
-0.248124828155073,-0.0677948858949684,-0.16149573824580696,-0.1903354412977727,-0.17162496563101462,-0.006134176519109136,-0.020409678306296364,-0.17651635963706358,-0.38626065438548274,70793.73742095134,1.3356651782989495
-0.238124828155073,-0.0677948858949684,-0.16149573824580696,-0.18033544129777268,-0.1616249656310146,-0.016134176519109145,-0.010409678306296133,-0.17651635963706358,-0.39626065438548275,69578.73742095134,1.336390924453731
-0.248124828155073,-0.0677948858949684,-0.16149573824580696,-0.1903354412977727,-0.1616249656310146,-0.016134176519109145,-0.00040967830629634605,-0.17651635963706358,-0.39626065438548275,68073.73742095134,1.3398224830627434
-0.238124828155073,-0.0677948858949684,-0.16149573824580696,-0.2003354412977727,-0.1616249656310146,-0.016134176519109145,-0.020409678306296364,-0.16651635963706357,-0.38626065438548274,67146.73742095134,1.34408087730408
-0.258124828155073,-0.0677948858949684,-0.16149573824580696,-0.2103354412977727,-0.15162496563101463,-0.006134176519109136,-0.0604096783062964,-0.16651635963706357,-0.39626065438548275,66485.73742095134,1.3477572917938225
-0.248124828155073,-0.0677948858949684,-0.16149573824580696,-0.2003354412977727,-0.15162496563101463,-0.016134176519109145,-0.0604096783062964,-0.16651635963706357,-0.38626065438548274,65480.73742095134,1.3484951972961419
-0.248124828155073,-0.0677948858949684,-0.16149573824580696,-0.2103354412977727,-0.14162496563101462,-0.006134176519109136,-0.07040967830629619,-0.17651635963706358,-0.39626065438548275,64991.73742095134,1.3517596244812005
-0.248124828155073,-0.0677948858949684,-0.16149573824580696,-0.23033544129777273,-0.14162496563101462,-0.006134176519109136,-0.11040967830629622,-0.16651635963706357,-0.38626065438548274,64696.73742095134,1.3565065383911161
-0.248124828155073,-0.0677948858949684,-0.16149573824580696,-0.24033544129777273,-0.1316249656310146,-0.016134176519109145,-0.12040967830629623,-0.17651635963706358,-0.39626065438548275,63905.73742095134,1.360542726516723
-0.248124828155073,-0.0677948858949684,-0.16149573824580696,-0.25033544129777274,-0.1316249656310146,-0.016134176519109145,-0.14040967830629625,-0.1865163596370636,-0.39626065438548275,63362.73742095134,1.361495923995971
-0.238124828155073,-0.0677948858949684,-0.16149573824580696,-0.24033544129777273,-0.14162496563101462,-0.006134176519109136,-0.11040967830629622,-0.17651635963706358,-0.40626065438548276,62763.73742095134,1.3644978523254387
-0.238124828155073,-0.0677948858949684,-0.16149573824580696,-0.25033544129777274,-0.14162496563101462,-0.006134176519109136,-0.15040967830629626,-0.1865163596370636,-0.40626065438548276,62006.73742095134,1.3687672138214104
-0.238124828155073,-0.0677948858949684,-0.16149573824580696,-0.27033544129777276,-0.14162496563101462,-0.006134176519109136,-0.16040967830629627,-0.21651635963706356,-0.40626065438548276,61397.73742095134,1.3730890274047844
-0.238124828155073,-0.0677948858949684,-0.16149573824580696,-0.24033544129777273,-0.14162496563101462,-0.016134176519109145,-0.12040967830629623,-0.22651635963706357,-0.4262606543854828,60690.73742095134,1.3730890274047844
-0.238124828155073,-0.0677948858949684,-0.16149573824580696,-0.26033544129777275,-0.15162496563101463,-0.006134176519109136,-0.13040967830629624,-0.21651635963706356,-0.4262606543854828,60315.73742095134,1.3770751476287835
-0.228124828155073,-0.0677948858949684,-0.16149573824580696,-0.24033544129777273,-0.15162496563101463,-0.006134176519109136,-0.12040967830629623,-0.22651635963706357,-0.4262606543854828,60184.73742095134,1.3810946464538567
-0.228124828155073,-0.0677948858949684,-0.16149573824580696,-0.24033544129777273,-0.15162496563101463,-0.006134176519109136,-0.12040967830629623,-0.22651635963706357,-0.4362606543854828,59619.73742095134,1.3851084232330315
-0.238124828155073,-0.0677948858949684,-0.16149573824580696,-0.23033544129777273,-0.14162496563101462,-0.006134176519109136,-0.11040967830629622,-0.23651635963706358,-0.4262606543854828,58470.73742095134,1.3891295909881585
-0.258124828155073,-0.0677948858949684,-0.16149573824580696,-0.26033544129777275,-0.14162496563101462,-0.006134176519109136,-0.14040967830629625,-0.22651635963706357,-0.4262606543854828,57661.73742095134,1.3891295909881585
-0.238124828155073,-0.0677948858949684,-0.16149573824580696,-0.23033544129777273,-0.14162496563101462,-0.006134176519109136,-0.14040967830629625,-0.22651635963706357,-0.4262606543854828,57516.73742095134,1.393457126617431
-0.238124828155073,-0.0677948858949684,-0.16149573824580696,-0.23033544129777273,-0.15162496563101463,-0.006134176519109136,-0.13040967830629624,-0.22651635963706357,-0.41626065438548276,57191.73742095134,1.397746276855468
-0.258124828155073,-0.0677948858949684,-0.16149573824580696,-0.23033544129777273,-0.15162496563101463,-0.006134176519109136,-0.16040967830629627,-0.22651635963706357,-0.41626065438548276,57468.73742095134,1.4010512351989703
-0.258124828155073,-0.0677948858949684,-0.16149573824580696,-0.23033544129777273,-0.15162496563101463,-0.006134176519109136,-0.13040967830629624,-0.24651635963706356,-0.4262606543854828,57159.73742095134,1.4017655372619622
-0.248124828155073,-0.0677948858949684,-0.16149573824580696,-0.23033544129777273,-0.15162496563101463,-0.006134176519109136,-0.1904096783062963,-0.24651635963706356,-0.4262606543854828,57256.73742095134,1.4053656578063993
-0.248124828155073,-0.0677948858949684,-0.15149573824580695,-0.27033544129777276,-0.14162496563101462,-0.006134176519109136,-0.18040967830629628,-0.25651635963706354,-0.4262606543854828,57563.73742095134,1.4094595432281487
-0.238124828155073,-0.0677948858949684,-0.15149573824580695,-0.26033544129777275,-0.15162496563101463,-0.006134176519109136,-0.15040967830629626,-0.26651635963706355,-0.4362606543854828,57882.73742095134,1.4135140895843499
-0.238124828155073,-0.0677948858949684,-0.16149573824580696,-0.3003354412977728,-0.14162496563101462,-0.006134176519109136,-0.2004096783062963,-0.24651635963706356,-0.4262606543854828,58319.73742095134,1.414245557785037
-0.248124828155073,-0.0677948858949684,-0.16149573824580696,-0.2903354412977728,-0.1316249656310146,-0.006134176519109136,-0.18040967830629628,-0.24651635963706356,-0.4262606543854828,58590.73742095134,1.4175154685974078
-0.258124828155073,-0.0677948858949684,-0.15149573824580695,-0.3203354412977728,-0.14162496563101462,0.0038658234808908176,-0.1904096783062963,-0.25651635963706354,-0.4462606543854828,58667.73742095134,1.4222466468811028
-0.258124828155073,-0.0677948858949684,-0.15149573824580695,-0.3103354412977728,-0.14162496563101462,0.0038658234808908176,-0.2104096783062963,-0.25651635963706354,-0.4462606543854828,58962.73742095134,1.4255339622497587
-0.228124828155073,-0.0677948858949684,-0.15149573824580695,-0.3303354412977728,-0.14162496563101462,0.0038658234808908176,-0.2504096783062961,-0.25651635963706354,-0.4462606543854828,59533.73742095134,1.426250410079959
-0.248124828155073,-0.0677948858949684,-0.14149573824580697,-0.3203354412977728,-0.14162496563101462,0.0038658234808908176,-0.24040967830629612,-0.24651635963706356,-0.4462606543854828,60312.73742095134,1.429629755020141
-0.238124828155073,-0.0677948858949684,-0.14149573824580697,-0.3003354412977728,-0.15162496563101463,0.0038658234808908176,-0.2104096783062963,-0.25651635963706354,-0.4462606543854828,61217.73742095134,1.4337963581085198
-0.248124828155073,-0.0677948858949684,-0.14149573824580697,-0.3603354412977726,-0.14162496563101462,0.0038658234808908176,-0.2204096783062961,-0.27651635963706356,-0.4462606543854828,61622.73742095134,1.4378969192504876
-0.258124828155073,-0.0677948858949684,-0.11149573824580696,-0.3403354412977728,-0.15162496563101463,0.0038658234808908176,-0.2104096783062963,-0.27651635963706356,-0.46626065438548275,61843.73742095134,1.438952159881591
-0.228124828155073,-0.0577948858949684,-0.06149573824580695,-0.39033544129777265,-0.14162496563101462,-0.006134176519109136,-0.2304096783062961,-0.28651635963706357,-0.46626065438548275,61578.73742095134,1.4425231933593707
-0.208124828155073,-0.0477948858949684,-0.031495738245806953,-0.40033544129777265,-0.15162496563101463,-0.016134176519109145,-0.2504096783062961,-0.2965163596370636,-0.46626065438548275,61655.73742095134,1.4457661628723137
-0.208124828155073,-0.0477948858949684,-0.011495738245806963,-0.41033544129777266,-0.15162496563101463,-0.016134176519109145,-0.28040967830629615,-0.2965163596370636,-0.46626065438548275,61222.73742095134,1.4508244514465325
-0.208124828155073,-0.037794885894968405,0.03850426175419305,-0.4303354412977727,-0.15162496563101463,-0.026134176519109154,-0.26040967830629613,-0.2965163596370636,-0.46626065438548275,60999.73742095134,1.45406527519226
-0.208124828155073,-0.0177948858949684,0.06850426175419305,-0.42033544129777267,-0.15162496563101463,-0.03613417651910916,-0.27040967830629614,-0.26651635963706355,-0.4862606543854827,60706.73742095134,1.4548084259033196
-0.19812482815507299,-0.0177948858949684,0.09850426175419305,-0.4503354412977727,-0.14162496563101462,-0.03613417651910916,-0.3104096783062962,-0.2965163596370636,-0.4862606543854827,60393.73742095134,1.4588248252868645
-0.188124828155073,-0.0177948858949684,0.11850426175419307,-0.4703354412977727,-0.14162496563101462,-0.026134176519109154,-0.29040967830629616,-0.2965163596370636,-0.47626065438548276,60742.73742095134,1.4628781795501702
-0.19812482815507299,-0.0177948858949684,0.16850426175419306,-0.42033544129777267,-0.15162496563101463,-0.04613417651910917,-0.3304096783062962,-0.2965163596370636,-0.46626065438548275,60923.73742095134,1.4673013210296624
-0.188124828155073,-0.007794885894968406,0.17850426175419307,-0.4603354412977727,-0.14162496563101462,-0.026134176519109154,-0.37040967830629623,-0.28651635963706357,-0.4962606543854827,60866.73742095134,1.4673013210296624
-0.16812482815507301,-0.007794885894968406,0.21850426175419305,-0.5003354412977727,-0.14162496563101462,-0.026134176519109154,-0.3204096783062962,-0.28651635963706357,-0.4962606543854827,60671.73742095134,1.470649433135982
-0.158124828155073,0.0022051141050316025,0.24850426175419302,-0.5403354412977728,-0.14162496563101462,-0.03613417651910916,-0.3404096783062962,-0.27651635963706356,-0.4962606543854827,60394.73742095134,1.4749705314636223
-0.16812482815507301,0.0022051141050316025,0.27850426175419307,-0.4503354412977727,-0.14162496563101462,-0.03613417651910916,-0.3304096783062962,-0.28651635963706357,-0.4862606543854827,60051.73742095134,1.4786750793457024
-0.16812482815507301,0.012205114105031598,0.328504261754193,-0.5103354412977728,-0.1316249656310146,-0.03613417651910916,-0.39040967830629625,-0.26651635963706355,-0.47626065438548276,59784.73742095134,1.4796840667724602
-0.16812482815507301,0.012205114105031598,0.338504261754193,-0.4803354412977727,-0.1316249656310146,-0.03613417651910916,-0.37040967830629623,-0.26651635963706355,-0.47626065438548276,59231.73742095134,1.4829566001892083
-0.158124828155073,0.022205114105031593,0.39850426175419307,-0.49033544129777273,-0.1316249656310146,-0.03613417651910916,-0.37040967830629623,-0.28651635963706357,-0.4862606543854827,58638.73742095134,1.4876753807067864
-0.16812482815507301,0.022205114105031593,0.40850426175419297,-0.5403354412977728,-0.1316249656310146,-0.026134176519109154,-0.41040967830629627,-0.28651635963706357,-0.4862606543854827,58663.73742095134,1.490993928909301
-0.16812482815507301,0.0322051141050316,0.438504261754193,-0.5003354412977727,-0.1216249656310146,-0.026134176519109154,-0.38040967830629624,-0.28651635963706357,-0.4862606543854827,59336.73742095134,1.4917456626892083
-0.178124828155073,0.0322051141050316,0.438504261754193,-0.5403354412977728,-0.10162496563101464,-0.04613417651910917,-0.38040967830629624,-0.26651635963706355,-0.4862606543854827,59873.73742095134,1.495303583145141
-0.158124828155073,0.0322051141050316,0.458504261754193,-0.5203354412977728,-0.09162496563101463,-0.026134176519109154,-0.37040967830629623,-0.26651635963706355,-0.4962606543854827,60060.73742095134,1.499623012542724
-0.16812482815507301,0.0322051141050316,0.49850426175419305,-0.5303354412977728,-0.09162496563101463,-0.026134176519109154,-0.39040967830629625,-0.25651635963706354,-0.4862606543854827,60201.73742095134,1.503613901138305
-0.148124828155073,0.042205114105031596,0.528504261754193,-0.5303354412977728,-0.09162496563101463,-0.03613417651910916,-0.3404096783062962,-0.26651635963706355,-0.4862606543854827,60254.73742095134,1.5043553829193108
-0.138124828155073,0.0622051141050316,0.548504261754193,-0.5103354412977728,-0.08162496563101462,-0.026134176519109154,-0.3404096783062962,-0.26651635963706355,-0.47626065438548276,60295.73742095134,1.507614088058471
-0.148124828155073,0.05220511410503159,0.598504261754193,-0.5103354412977728,-0.07162496563101461,-0.026134176519109154,-0.29040967830629616,-0.26651635963706355,-0.5062606543854827,60012.73742095134,1.5119599819183307
-0.138124828155073,0.05220511410503159,0.6385042617541931,-0.5203354412977728,-0.08162496563101462,-0.026134176519109154,-0.28040967830629615,-0.27651635963706356,-0.5062606543854827,59817.73742095134,1.5160867691040032
-0.138124828155073,0.05220511410503159,0.678504261754193,-0.5003354412977727,-0.09162496563101463,-0.016134176519109145,-0.29040967830629616,-0.27651635963706356,-0.4962606543854827,59710.73742095134,1.5169965744018512
-0.138124828155073,0.0622051141050316,0.708504261754193,-0.5003354412977727,-0.09162496563101463,-0.016134176519109145,-0.3204096783062962,-0.27651635963706356,-0.4962606543854827,59543.73742095134,1.5196535110473626
-0.128124828155073,0.0622051141050316,0.738504261754193,-0.5203354412977728,-0.09162496563101463,-0.016134176519109145,-0.30040967830629617,-0.27651635963706356,-0.4862606543854827,59546.73742095134,1.5239607810974078
-0.118124828155073,0.0622051141050316,0.7685042617541931,-0.5203354412977728,-0.09162496563101463,-0.026134176519109154,-0.28040967830629615,-0.26651635963706355,-0.4862606543854827,59953.73742095134,1.5284523487091022
-0.10812482815507299,0.0622051141050316,0.798504261754193,-0.5103354412977728,-0.10162496563101464,-0.016134176519109145,-0.2104096783062963,-0.27651635963706356,-0.4862606543854827,60100.73742095134,1.5323831558227567
-0.10812482815507299,0.07220511410503161,0.868504261754193,-0.49033544129777273,-0.1116249656310146,-0.016134176519109145,-0.2104096783062963,-0.26651635963706355,-0.4862606543854827,60353.73742095134,1.5323831558227567
-0.09812482815507301,0.08220511410503159,0.9285042617541931,-0.49033544129777273,-0.1116249656310146,-0.016134176519109145,-0.16040967830629627,-0.27651635963706356,-0.4962606543854827,60948.73742095134,1.5368248939514153
-0.10812482815507299,0.10220511410503161,0.9785042617541929,-0.5203354412977728,-0.10162496563101464,-0.016134176519109145,-0.17040967830629627,-0.27651635963706356,-0.4862606543854827,61005.73742095134,1.5409504890441887
-0.088124828155073,0.11220511410503159,1.068504261754193,-0.5003354412977727,-0.10162496563101464,0.0038658234808908176,-0.15040967830629626,-0.27651635963706356,-0.47626065438548276,60852.73742095134,1.545002651214599
-0.09812482815507301,0.11220511410503159,1.248504261754193,-0.49033544129777273,-0.10162496563101464,0.013865823480890827,-0.14040967830629625,-0.27651635963706356,-0.47626065438548276,60065.73742095134,1.545002651214599
-0.10812482815507299,0.11220511410503159,1.3285042617541931,-0.5003354412977727,-0.09162496563101463,0.023865823480890835,-0.14040967830629625,-0.27651635963706356,-0.4862606543854827,59076.73742095134,1.5485414981842034
-0.09812482815507301,0.1222051141050316,1.4285042617541932,-0.4803354412977727,-0.1116249656310146,0.033865823480890844,-0.15040967830629626,-0.27651635963706356,-0.47626065438548276,58289.73742095134,1.5533635139465325
-0.09812482815507301,0.1222051141050316,1.508504261754193,-0.5103354412977728,-0.10162496563101464,0.05386582348089086,-0.2004096783062963,-0.27651635963706356,-0.4862606543854827,57222.73742095134,1.556621503829959
-0.118124828155073,0.1222051141050316,1.6185042617541932,-0.49033544129777273,-0.09162496563101463,0.05386582348089086,-0.2104096783062963,-0.27651635963706356,-0.46626065438548275,56027.73742095134,1.5573637008666985
-0.128124828155073,0.1322051141050316,1.6685042617541932,-0.5403354412977728,-0.061624965631014605,0.06386582348089082,-0.2304096783062961,-0.27651635963706356,-0.47626065438548276,55146.73742095134,1.561363649368289
-0.118124828155073,0.1422051141050316,1.718504261754193,-0.5303354412977728,-0.061624965631014605,0.07386582348089082,-0.2504096783062961,-0.27651635963706356,-0.47626065438548276,54645.73742095134,1.5647274971008294
-0.138124828155073,0.1522051141050316,1.808504261754193,-0.5703354412977727,-0.07162496563101461,0.08386582348089083,-0.2504096783062961,-0.28651635963706357,-0.47626065438548276,53904.73742095134,1.5690118789672844
-0.148124828155073,0.1822051141050316,1.8785042617541932,-0.5803354412977727,-0.0516249656310146,0.09386582348089084,-0.27040967830629614,-0.27651635963706356,-0.47626065438548276,53705.73742095134,1.5690118789672844
-0.138124828155073,0.2022051141050316,1.9185042617541932,-0.5903354412977727,-0.0516249656310146,0.11386582348089086,-0.3204096783062962,-0.27651635963706356,-0.46626065438548275,53916.73742095134,1.5730583190917997
-0.088124828155073,0.2422051141050316,1.968504261754193,-0.5803354412977727,-0.04162496563101464,0.12386582348089081,-0.27040967830629614,-0.27651635963706356,-0.46626065438548275,52953.73742095134,1.5770976066589348
-0.06812482815507301,0.2622051141050316,2.028504261754193,-0.5703354412977727,-0.031624965631014634,0.13386582348089082,-0.2204096783062961,-0.27651635963706356,-0.45626065438548274,51992.73742095134,1.581098985672
-0.04812482815507299,0.2722051141050316,2.048504261754193,-0.5703354412977727,-0.021624965631014625,0.13386582348089082,-0.1904096783062963,-0.26651635963706355,-0.45626065438548274,50847.73742095134,1.5820824623107903
-0.01812482815507299,0.2622051141050316,2.128504261754193,-0.5903354412977727,-0.021624965631014625,0.14386582348089083,-0.1904096783062963,-0.26651635963706355,-0.45626065438548274,50180.73742095134,1.5850774765014641
-0.008124828155072983,0.2622051141050316,2.208504261754193,-0.6103354412977727,0.008375034368985401,0.14386582348089083,-0.2204096783062961,-0.26651635963706355,-0.45626065438548274,49959.73742095134,1.5890771865844755
0.001875171844927026,0.2922051141050316,2.198504261754193,-0.5903354412977727,0.008375034368985401,0.16386582348089085,-0.29040967830629616,-0.27651635963706356,-0.4462606543854828,49648.73742095134,1.593638372421264
0.07187517184492698,0.3122051141050316,2.228504261754193,-0.6603354412977728,0.028375034368985363,0.16386582348089085,-0.3404096783062962,-0.26651635963706355,-0.45626065438548274,49299.73742095134,1.5971273899078398
0.13187517184492697,0.3322051141050316,2.268504261754193,-0.6303354412977727,0.03837503436898537,0.17386582348089086,-0.30040967830629617,-0.26651635963706355,-0.4462606543854828,48912.73742095134,1.5981676101684563
0.20187517184492698,0.3322051141050316,2.278504261754193,-0.6303354412977727,0.028375034368985363,0.1838658234808908,-0.2504096783062961,-0.26651635963706355,-0.4462606543854828,47907.73742095134,1.6021809101104765
0.24187517184492702,0.34220511410503157,2.308504261754193,-0.6103354412977727,0.028375034368985363,0.19386582348089082,-0.24040967830629612,-0.26651635963706355,-0.4462606543854828,46168.73742095134,1.6062712192535393
0.251875171844927,0.3622051141050316,2.308504261754193,-0.5903354412977727,0.028375034368985363,0.19386582348089082,-0.27040967830629614,-0.26651635963706355,-0.4462606543854828,45727.73742095134,1.6102177619934075
0.29187517184492695,0.3722051141050316,2.308504261754193,-0.6003354412977727,0.04837503436898538,0.20386582348089083,-0.27040967830629614,-0.26651635963706355,-0.4362606543854828,45690.73742095134,1.6102177619934075
0.341875171844927,0.3822051141050316,2.328504261754193,-0.5903354412977727,0.05837503436898539,0.19386582348089082,-0.29040967830629616,-0.26651635963706355,-0.4462606543854828,45329.73742095134,1.6141623973846428
0.40187517184492705,0.3722051141050316,2.328504261754193,-0.6003354412977727,0.05837503436898539,0.20386582348089083,-0.3304096783062962,-0.26651635963706355,-0.4362606543854828,45520.73742095134,1.6185352325439446
0.441875171844927,0.40220511410503157,2.288504261754193,-0.5803354412977727,0.0683750343689854,0.21386582348089084,-0.3404096783062962,-0.26651635963706355,-0.4362606543854828,45129.73742095134,1.6220302104949944
0.521875171844927,0.40220511410503157,2.298504261754193,-0.5903354412977727,0.08837503436898536,0.21386582348089084,-0.3304096783062962,-0.26651635963706355,-0.4362606543854828,44580.73742095134,1.623074007034301
0.571875171844927,0.3922051141050316,2.288504261754193,-0.6003354412977727,0.10837503436898538,0.21386582348089084,-0.3604096783062962,-0.26651635963706355,-0.4362606543854828,44149.73742095134,1.6263381958007805
0.651875171844927,0.3922051141050316,2.268504261754193,-0.6003354412977727,0.1283750343689854,0.23386582348089086,-0.37040967830629623,-0.26651635963706355,-0.4262606543854828,44226.73742095134,1.6313614368438714
0.691875171844927,0.4122051141050316,2.258504261754193,-0.5903354412977727,0.11837503436898539,0.21386582348089084,-0.37040967830629623,-0.25651635963706354,-0.4262606543854828,43929.73742095134,1.6348335266113274
0.731875171844927,0.3922051141050316,2.258504261754193,-0.6003354412977727,0.11837503436898539,0.21386582348089084,-0.3504096783062962,-0.25651635963706354,-0.4262606543854828,43912.73742095134,1.6356133937835686
0.761875171844927,0.3922051141050316,2.258504261754193,-0.6003354412977727,0.14837503436898541,0.21386582348089084,-0.3404096783062962,-0.25651635963706354,-0.4262606543854828,43771.73742095134,1.6388408660888665
0.8218751718449271,0.3822051141050316,2.238504261754193,-0.5903354412977727,0.15837503436898542,0.21386582348089084,-0.3504096783062962,-0.25651635963706354,-0.41626065438548276,43342.73742095134,1.643405866622924
0.911875171844927,0.3822051141050316,2.198504261754193,-0.5803354412977727,0.15837503436898542,0.22386582348089085,-0.3504096783062962,-0.25651635963706354,-0.4262606543854828,43583.73742095134,1.6466991424560504
0.981875171844927,0.3722051141050316,2.188504261754193,-0.6203354412977727,0.16837503436898543,0.22386582348089085,-0.37040967830629623,-0.25651635963706354,-0.4262606543854828,43710.73742095134,1.6474284648895257
1.041875171844927,0.3522051141050316,2.168504261754193,-0.6203354412977727,0.17837503436898533,0.22386582348089085,-0.38040967830629624,-0.25651635963706354,-0.41626065438548276,43327.73742095134,1.651801776885982
1.111875171844927,0.3622051141050316,2.148504261754193,-0.6203354412977727,0.20837503436898536,0.21386582348089084,-0.37040967830629623,-0.25651635963706354,-0.40626065438548276,43192.73742095134,1.6558188915252678
1.141875171844927,0.3522051141050316,2.1385042617541927,-0.6203354412977727,0.18837503436898534,0.22386582348089085,-0.3604096783062962,-0.25651635963706354,-0.40626065438548276,43051.73742095134,1.6594693183898919
1.191875171844927,0.3622051141050316,2.108504261754193,-0.6103354412977727,0.18837503436898534,0.22386582348089085,-0.37040967830629623,-0.25651635963706354,-0.40626065438548276,43108.73742095134,1.6594693183898919
1.231875171844927,0.3522051141050316,2.0985042617541927,-0.6203354412977727,0.20837503436898536,0.22386582348089085,-0.3604096783062962,-0.25651635963706354,-0.39626065438548275,42959.73742095134,1.6635739326477044
1.241875171844927,0.3522051141050316,2.0985042617541927,-0.6303354412977727,0.22837503436898537,0.22386582348089085,-0.37040967830629623,-0.24651635963706356,-0.39626065438548275,43332.73742095134,1.667642545700076
1.281875171844927,0.3622051141050316,2.068504261754193,-0.6603354412977728,0.2483750343689854,0.21386582348089084,-0.4304096783062963,-0.24651635963706356,-0.39626065438548275,43761.73742095134,1.6717619419097893
1.301875171844927,0.3622051141050316,2.058504261754193,-0.6503354412977728,0.2483750343689854,0.21386582348089084,-0.4204096783062963,-0.23651635963706358,-0.38626065438548274,44120.73742095134,1.6759058952331536
1.351875171844927,0.3622051141050316,2.038504261754193,-0.6703354412977727,0.2683750343689854,0.22386582348089085,-0.4304096783062963,-0.23651635963706358,-0.38626065438548274,44115.73742095134,1.6765906333923297
1.391875171844927,0.3522051141050316,1.9985042617541933,-0.6703354412977727,0.2483750343689854,0.22386582348089085,-0.4304096783062963,-0.23651635963706358,-0.37626065438548273,44718.73742095134,1.6798560142517083
1.411875171844927,0.3522051141050316,1.988504261754193,-0.6803354412977727,0.2683750343689854,0.21386582348089084,-0.4704096783062961,-0.23651635963706358,-0.38626065438548274,45671.73742095134,1.6840462207794182
1.471875171844927,0.3522051141050316,1.948504261754193,-0.6803354412977727,0.2783750343689854,0.21386582348089084,-0.4704096783062961,-0.22651635963706357,-0.37626065438548273,45988.73742095134,1.6880430698394804
1.491875171844927,0.3522051141050316,1.928504261754193,-0.6803354412977727,0.2983750343689853,0.21386582348089084,-0.4604096783062963,-0.23651635963706358,-0.37626065438548273,46013.73742095134,1.6880430698394804
1.521875171844927,0.34220511410503157,1.9185042617541932,-0.6903354412977727,0.32837503436898535,0.21386582348089084,-0.4504096783062963,-0.22651635963706357,-0.37626065438548273,46018.73742095134,1.6920892715454094
1.551875171844927,0.3322051141050316,1.908504261754193,-0.6903354412977727,0.33837503436898536,0.21386582348089084,-0.4404096783062963,-0.22651635963706357,-0.37626065438548273,46021.73742095134,1.6965894222259514
1.571875171844927,0.34220511410503157,1.8985042617541932,-0.6803354412977727,0.3583750343689854,0.21386582348089084,-0.4404096783062963,-0.23651635963706358,-0.37626065438548273,46228.73742095134,1.6997165203094475
1.591875171844927,0.3522051141050316,1.868504261754193,-0.6903354412977727,0.3583750343689854,0.21386582348089084,-0.4404096783062963,-0.23651635963706358,-0.37626065438548273,46733.73742095134,1.7007750988006585
1.631875171844927,0.34220511410503157,1.8385042617541931,-0.6803354412977727,0.3783750343689854,0.21386582348089084,-0.4504096783062963,-0.23651635963706358,-0.3662606543854828,46660.73742095134,1.7040130615234403
1.671875171844927,0.34220511410503157,1.818504261754193,-0.7003354412977727,0.3983750343689854,0.21386582348089084,-0.4404096783062963,-0.23651635963706358,-0.37626065438548273,46127.73742095134,1.709048700332641
1.701875171844927,0.34220511410503157,1.788504261754193,-0.6803354412977727,0.41837503436898543,0.22386582348089085,-0.4204096783062963,-0.23651635963706358,-0.37626065438548273,46198.73742095134,1.7126581192016594
1.701875171844927,0.3522051141050316,1.788504261754193,-0.6903354412977727,0.43837503436898534,0.23386582348089086,-0.4904096783062961,-0.23651635963706358,-0.37626065438548273,46621.73742095134,1.713459682464599
1.721875171844927,0.3622051141050316,1.778504261754193,-0.6903354412977727,0.45837503436898536,0.23386582348089086,-0.5204096783062961,-0.23651635963706358,-0.37626065438548273,46292.73742095134,1.7166676044464104
1.7318751718449268,0.3722051141050316,1.778504261754193,-0.6703354412977727,0.46837503436898537,0.23386582348089086,-0.5204096783062961,-0.24651635963706356,-0.37626065438548273,45455.73742095134,1.7207285881042473
1.721875171844927,0.3822051141050316,1.778504261754193,-0.6903354412977727,0.5083750343689855,0.23386582348089086,-0.5504096783062962,-0.22651635963706357,-0.37626065438548273,44854.73742095134,1.7247189998626702
1.7318751718449268,0.3822051141050316,1.768504261754193,-0.6903354412977727,0.4783750343689854,0.23386582348089086,-0.5704096783062962,-0.23651635963706358,-0.37626065438548273,43741.73742095134,1.7254600048065178
1.7318751718449268,0.40220511410503157,1.758504261754193,-0.6503354412977728,0.4983750343689854,0.23386582348089086,-0.5804096783062962,-0.23651635963706358,-0.37626065438548273,43198.73742095134,1.7289561748504632
1.7318751718449268,0.40220511410503157,1.758504261754193,-0.6603354412977728,0.5583750343689853,0.23386582348089086,-0.6404096783062962,-0.23651635963706358,-0.3662606543854828,42931.73742095134,1.7329990386962884
1.7318751718449268,0.40220511410503157,1.748504261754193,-0.6603354412977728,0.5483750343689853,0.24386582348089086,-0.6304096783062962,-0.23651635963706358,-0.37626065438548273,42326.73742095134,1.7372781753540032
1.7318751718449268,0.4122051141050316,1.738504261754193,-0.6503354412977728,0.5483750343689853,0.24386582348089086,-0.6104096783062962,-0.23651635963706358,-0.37626065438548273,41679.73742095134,1.7406692028045647
1.761875171844927,0.4222051141050316,1.718504261754193,-0.6503354412977728,0.5583750343689853,0.24386582348089086,-0.6104096783062962,-0.23651635963706358,-0.3662606543854828,40990.73742095134,1.7417413711547844
1.761875171844927,0.4222051141050316,1.718504261754193,-0.6603354412977728,0.5783750343689853,0.24386582348089086,-0.6104096783062962,-0.23651635963706358,-0.3662606543854828,40195.73742095134,1.7455639362335198
1.761875171844927,0.4422051141050316,1.718504261754193,-0.6503354412977728,0.5883750343689853,0.2538658234808909,-0.6304096783062962,-0.23651635963706358,-0.37626065438548273,39966.73742095134,1.7498845577239983
1.7518751718449268,0.4422051141050316,1.7085042617541932,-0.6503354412977728,0.6083750343689853,0.2538658234808909,-0.6304096783062962,-0.23651635963706358,-0.37626065438548273,39595.73742095134,1.7532188415527301
1.7518751718449268,0.4422051141050316,1.7085042617541932,-0.6603354412977728,0.6283750343689853,0.2738658234808909,-0.6904096783062963,-0.24651635963706356,-0.39626065438548275,39302.73742095134,1.7538842678070061
1.7518751718449268,0.4522051141050316,1.6985042617541932,-0.6503354412977728,0.6583750343689854,0.2738658234808909,-0.6504096783062963,-0.24651635963706356,-0.39626065438548275,39051.73742095134,1.7573337078094475
1.761875171844927,0.4522051141050316,1.6885042617541932,-0.6403354412977728,0.6383750343689854,0.2738658234808909,-0.6704096783062963,-0.24651635963706356,-0.38626065438548274,38752.73742095134,1.7618824958801262
1.7718751718449268,0.4422051141050316,1.6785042617541932,-0.6503354412977728,0.6583750343689854,0.2938658234808908,-0.6804096783062963,-0.23651635963706358,-0.38626065438548274,38339.73742095134,1.7657308101654046
1.7718751718449268,0.4522051141050316,1.6585042617541932,-0.6303354412977727,0.6683750343689854,0.2838658234808908,-0.6304096783062962,-0.23651635963706358,-0.38626065438548274,37894.73742095134,1.7657308101654046
1.781875171844927,0.4622051141050316,1.6685042617541932,-0.6403354412977728,0.7283750343689854,0.2738658234808909,-0.6304096783062962,-0.22651635963706357,-0.38626065438548274,37523.73742095134,1.769715738296508
1.741875171844927,0.4622051141050316,1.6885042617541932,-0.6303354412977727,0.7283750343689854,0.2838658234808908,-0.6304096783062962,-0.23651635963706358,-0.39626065438548275,36986.73742095134,1.7737149715423577
1.761875171844927,0.4622051141050316,1.6485042617541932,-0.6003354412977727,0.7983750343689853,0.2838658234808908,-0.6604096783062963,-0.23651635963706358,-0.39626065438548275,36109.73742095134,1.7779008865356438
1.7518751718449268,0.47220511410503163,1.6485042617541932,-0.6003354412977727,0.7483750343689852,0.3038658234808908,-0.6404096783062962,-0.23651635963706358,-0.38626065438548274,35650.73742095134,1.7779008865356438
1.741875171844927,0.47220511410503163,1.6685042617541932,-0.5603354412977727,0.7683750343689852,0.3238658234808908,-0.5704096783062962,-0.22651635963706357,-0.39626065438548275,35157.73742095134,1.7819346904754632
1.661875171844927,0.49220511410503165,1.7085042617541932,-0.5003354412977727,0.7683750343689852,0.33386582348089083,-0.5004096783062961,-0.22651635963706357,-0.38626065438548274,34314.73742095134,1.786354732513427
1.651875171844927,0.49220511410503165,1.718504261754193,-0.49033544129777273,0.7883750343689853,0.3938658234808909,-0.5204096783062961,-0.21651635963706356,-0.37626065438548273,32881.73742095134,1.7904991626739495
1.611875171844927,0.49220511410503165,1.718504261754193,-0.4403354412977727,0.7583750343689852,0.4438658234808908,-0.4804096783062961,-0.20651635963706355,-0.35626065438548277,31836.737420951333,1.7904991626739495
1.601875171844927,0.5022051141050315,1.738504261754193,-0.41033544129777266,0.7583750343689852,0.46386582348089084,-0.4504096783062963,-0.1865163596370636,-0.35626065438548277,30911.737420951333,1.794497919082641
1.561875171844927,0.5122051141050316,1.758504261754193,-0.3603354412977726,0.8483750343689853,0.49386582348089086,-0.39040967830629625,-0.17651635963706358,-0.34626065438548276,30262.737420951333,1.7986816883087187
1.541875171844927,0.5122051141050316,1.758504261754193,-0.35033544129777283,0.8483750343689853,0.5238658234808908,-0.40040967830629626,-0.16651635963706357,-0.33626065438548275,29545.737420951333,1.802744817733764
1.501875171844927,0.5222051141050316,1.778504261754193,-0.3303354412977728,0.8783750343689853,0.5538658234808909,-0.38040967830629624,-0.15651635963706356,-0.33626065438548275,28636.737420951333,1.8034812927246087
1.501875171844927,0.5222051141050316,1.758504261754193,-0.3203354412977728,0.8983750343689854,0.6038658234808909,-0.3604096783062962,-0.16651635963706357,-0.32626065438548274,27817.737420951333,1.8073689460754387
1.501875171844927,0.5322051141050316,1.758504261754193,-0.3103354412977728,0.8883750343689854,0.6638658234808907,-0.3204096783062962,-0.13651635963706354,-0.3062606543854828,27388.737420951333,1.8110272407531696
1.471875171844927,0.5422051141050316,1.778504261754193,-0.3303354412977728,0.9283750343689854,0.7138658234808908,-0.3104096783062962,-0.13651635963706354,-0.28626065438548276,26947.737420951333,1.815142345428466
1.431875171844927,0.5522051141050316,1.778504261754193,-0.3303354412977728,0.9283750343689854,0.7838658234808908,-0.28040967830629615,-0.1265163596370636,-0.27626065438548275,26288.737420951333,1.8191346645355182
1.401875171844927,0.5522051141050316,1.808504261754193,-0.3003354412977728,0.9183750343689854,0.8038658234808909,-0.28040967830629615,-0.10651635963706357,-0.26626065438548274,25881.737420951333,1.8191346645355182
1.371875171844927,0.5522051141050316,1.818504261754193,-0.3003354412977728,0.8983750343689854,0.8438658234808907,-0.26040967830629613,-0.09651635963706356,-0.26626065438548274,25270.737420951333,1.823198986053466
1.341875171844927,0.5722051141050316,1.8285042617541931,-0.2903354412977728,0.8883750343689854,0.8838658234808907,-0.24040967830629612,-0.10651635963706357,-0.26626065438548274,25235.737420951333,1.8273910999298089
1.331875171844927,0.5822051141050316,1.808504261754193,-0.3003354412977728,0.8983750343689854,0.9338658234808908,-0.2304096783062961,-0.08651635963706356,-0.24626065438548278,24830.737420951333,1.8314661502838128
1.311875171844927,0.5922051141050316,1.808504261754193,-0.2903354412977728,0.8883750343689854,0.9638658234808908,-0.2104096783062963,-0.07651635963706355,-0.23626065438548277,24741.737420951333,1.8314661502838128
1.291875171844927,0.5922051141050316,1.818504261754193,-0.2903354412977728,0.8683750343689853,1.0038658234808908,-0.2004096783062963,-0.0665163596370636,-0.23626065438548277,24802.737420951333,1.8355516910552936
1.271875171844927,0.6122051141050316,1.818504261754193,-0.2903354412977728,0.9083750343689854,1.0338658234808908,-0.18040967830629628,-0.056516359637063585,-0.23626065438548277,24683.737420951333,1.8397271156311028
1.251875171844927,0.6122051141050316,1.808504261754193,-0.3003354412977728,0.9283750343689854,1.0438658234808909,-0.18040967830629628,-0.03651635963706357,-0.21626065438548275,24546.737420951333,1.8437060832977288
1.251875171844927,0.6122051141050316,1.818504261754193,-0.3003354412977728,0.9183750343689854,1.0838658234808909,-0.17040967830629627,-0.03651635963706357,-0.20626065438548274,24401.737420951333,1.8437060832977288
1.211875171844927,0.6322051141050316,1.8285042617541931,-0.2903354412977728,0.9283750343689854,1.0938658234808907,-0.1904096783062963,-0.026516359637063558,-0.19626065438548274,24622.737420951333,1.8479640007019036
1.211875171844927,0.6322051141050316,1.818504261754193,-0.2903354412977728,0.9483750343689854,1.0938658234808907,-0.18040967830629628,-0.006516359637063596,-0.19626065438548274,24595.737420951333,1.8520664691925042
1.161875171844927,0.6522051141050316,1.8385042617541931,-0.2903354412977728,0.9383750343689854,1.1338658234808907,-0.1904096783062963,-0.006516359637063596,-0.18626065438548278,24058.737420951333,1.8560018062591546
1.181875171844927,0.6422051141050316,1.818504261754193,-0.27033544129777276,0.9483750343689854,1.1438658234808907,-0.2104096783062963,0.003483640362936413,-0.18626065438548278,23995.737420951333,1.8569640636444085
1.151875171844927,0.6322051141050316,1.8285042617541931,-0.2903354412977728,0.9383750343689854,1.1838658234808908,-0.2304096783062961,0.003483640362936413,-0.15626065438548276,23994.737420951333,1.8600584983825676
1.151875171844927,0.6622051141050316,1.818504261754193,-0.28033544129777277,0.9383750343689854,1.1938658234808908,-0.2204096783062961,0.02348364036293643,-0.15626065438548276,23869.737420951333,1.8645720005035393
1.131875171844927,0.6522051141050316,1.808504261754193,-0.3003354412977728,0.9483750343689854,1.2038658234808908,-0.2204096783062961,0.013483640362936422,-0.14626065438548275,24080.737420951333,1.8685767173767083
1.121875171844927,0.6722051141050316,1.808504261754193,-0.28033544129777277,0.9583750343689854,1.2138658234808908,-0.2204096783062961,0.02348364036293643,-0.14626065438548275,24241.737420951333,1.8685767173767083
1.101875171844927,0.6822051141050316,1.798504261754193,-0.3003354412977728,0.9983750343689852,1.2138658234808908,-0.24040967830629612,0.04348364036293645,-0.14626065438548275,23972.737420951333,1.872297954559329
1.091875171844927,0.6822051141050316,1.818504261754193,-0.2903354412977728,1.0183750343689852,1.2238658234808908,-0.2504096783062961,0.06348364036293647,-0.11626065438548272,23841.737420951333,1.876707983016967
1.081875171844927,0.6722051141050316,1.818504261754193,-0.25033544129777274,0.9983750343689852,1.2338658234808908,-0.30040967830629617,0.09348364036293638,-0.11626065438548272,23846.737420951333,1.880727005004882
1.091875171844927,0.6822051141050316,1.768504261754193,-0.25033544129777274,1.0083750343689852,1.2338658234808908,-0.3104096783062962,0.10348364036293639,-0.0962606543854827,23941.737420951333,1.884730052948001
1.101875171844927,0.6822051141050316,1.758504261754193,-0.25033544129777274,1.0283750343689853,1.2338658234808908,-0.3204096783062962,0.1134836403629364,-0.0962606543854827,23966.737420951333,1.884730052948001
1.091875171844927,0.6922051141050316,1.738504261754193,-0.25033544129777274,1.0383750343689853,1.2238658234808908,-0.3204096783062962,0.12348364036293641,-0.0962606543854827,24271.737420951333,1.8889541149139397
1.091875171844927,0.6922051141050316,1.728504261754193,-0.25033544129777274,1.0583750343689853,1.2438658234808908,-0.29040967830629616,0.12348364036293641,-0.0862606543854828,24492.737420951333,1.8929285526275628
1.081875171844927,0.6822051141050316,1.718504261754193,-0.22033544129777272,1.0483750343689853,1.2238658234808908,-0.3104096783062962,0.13348364036293642,-0.0762606543854828,24363.737420951333,1.89728398323059
1.081875171844927,0.6922051141050316,1.6985042617541932,-0.15033544129777265,1.0283750343689853,1.1938658234808908,-0.3104096783062962,0.15348364036293644,-0.0862606543854828,24230.737420951333,1.89728398323059
1.071875171844927,0.7122051141050316,1.6585042617541932,-0.10033544129777283,1.0283750343689853,1.1938658234808908,-0.3404096783062962,0.16348364036293644,-0.0862606543854828,24439.737420951333,1.9009601593017607
1.041875171844927,0.7222051141050316,1.6785042617541932,-0.09033544129777282,1.0183750343689852,1.1838658234808908,-0.3604096783062962,0.16348364036293644,-0.0762606543854828,24416.737420951333,1.9049586772918694
1.001875171844927,0.7322051141050316,1.6585042617541932,-0.04033544129777278,0.9983750343689852,1.1838658234808908,-0.3404096783062962,0.16348364036293644,-0.0962606543854827,24299.737420951333,1.9090215682983391
1.021875171844927,0.7322051141050316,1.6385042617541932,-0.010335441297772752,0.9983750343689852,1.1738658234808907,-0.3604096783062962,0.15348364036293644,-0.0962606543854827,23824.737420951333,1.9090215682983391
1.011875171844927,0.7622051141050316,1.6185042617541932,0.03966455870222729,0.9683750343689854,1.1538658234808907,-0.3504096783062962,0.16348364036293644,-0.10626065438548271,24089.737420951333,1.9130405902862506
1.031875171844927,0.7622051141050316,1.558504261754193,0.07966455870222733,0.9583750343689854,1.1438658234808907,-0.3504096783062962,0.14348364036293643,-0.10626065438548271,24054.737420951333,1.9170372009277301
1.011875171844927,0.7422051141050316,1.558504261754193,0.11966455870222736,0.9283750343689854,1.1438658234808907,-0.3504096783062962,0.14348364036293643,-0.12626065438548273,23945.737420951333,1.921036911010745
1.031875171844927,0.7522051141050315,1.548504261754193,0.15966455870222718,0.9183750343689854,1.1138658234808907,-0.37040967830629623,0.12348364036293641,-0.12626065438548273,24188.737420951333,1.9220284938812249
1.021875171844927,0.7422051141050316,1.508504261754193,0.20966455870222722,0.9083750343689854,1.0938658234808907,-0.37040967830629623,0.08348364036293648,-0.12626065438548273,24315.737420951333,1.926167678833007
1.001875171844927,0.7622051141050316,1.508504261754193,0.22966455870222724,0.8983750343689854,1.0938658234808907,-0.38040967830629624,0.07348364036293648,-0.13626065438548274,24690.737420951333,1.9297270298004108
1.021875171844927,0.7522051141050315,1.478504261754193,0.2696645587022273,0.8783750343689853,1.0838658234808909,-0.38040967830629624,0.06348364036293647,-0.16626065438548276,24667.737420951333,1.9339105606079094
1.021875171844927,0.7522051141050315,1.468504261754193,0.2996645587022273,0.8683750343689853,1.0838658234808909,-0.38040967830629624,0.05348364036293646,-0.16626065438548276,24914.737420951333,1.9347495555877678
1.031875171844927,0.7522051141050315,1.4385042617541932,0.3096645587022273,0.8683750343689853,1.0738658234808909,-0.40040967830629626,0.06348364036293647,-0.18626065438548278,25049.737420951333,1.9379248142242425
1.031875171844927,0.7222051141050316,1.4085042617541932,0.32966455870222733,0.8683750343689853,1.0638658234808909,-0.40040967830629626,0.06348364036293647,-0.18626065438548278,25110.737420951333,1.9420132160186796
1.011875171844927,0.7522051141050315,1.3885042617541932,0.34966455870222735,0.8683750343689853,1.0538658234808909,-0.40040967830629626,0.05348364036293646,-0.19626065438548274,25289.737420951333,1.9462472915649407
1.011875171844927,0.7522051141050315,1.3885042617541932,0.35966455870222735,0.8583750343689853,1.0438658234808909,-0.41040967830629627,0.06348364036293647,-0.20626065438548274,25962.737420951333,1.947290134429931
1.031875171844927,0.7222051141050316,1.3685042617541932,0.36966455870222736,0.8683750343689853,1.0338658234808908,-0.41040967830629627,0.003483640362936413,-0.21626065438548275,25955.737420951333,1.950288009643554
1.041875171844927,0.7122051141050316,1.3485042617541931,0.3896645587022274,0.8683750343689853,1.0238658234808908,-0.4304096783062963,-0.026516359637063558,-0.20626065438548274,26150.737420951333,1.9542979717254632
1.001875171844927,0.7222051141050316,1.3485042617541931,0.39966455870222717,0.8583750343689853,1.0338658234808908,-0.4704096783062961,-0.01651635963706355,-0.19626065438548274,26743.737420951333,1.9582371234893792
0.991875171844927,0.7022051141050316,1.308504261754193,0.39966455870222717,0.8583750343689853,1.0138658234808908,-0.4804096783062961,-0.03651635963706357,-0.19626065438548274,26430.737420951333,1.958957624435424
0.991875171844927,0.6722051141050316,1.318504261754193,0.4196645587022272,0.8583750343689853,1.0138658234808908,-0.4704096783062961,-0.046516359637063576,-0.21626065438548275,26351.737420951333,1.9622301578521721
1.021875171844927,0.6322051141050316,1.278504261754193,0.4196645587022272,0.8783750343689853,1.0038658234808908,-0.5004096783062961,0.003483640362936413,-0.20626065438548274,26798.737420951333,1.9660129070281975
1.011875171844927,0.6422051141050316,1.268504261754193,0.4096645587022272,0.8783750343689853,1.0138658234808908,-0.5404096783062962,0.003483640362936413,-0.20626065438548274,26871.737420951333,1.971013021469119
0.991875171844927,0.6722051141050316,1.238504261754193,0.39966455870222717,0.8883750343689854,1.0338658234808908,-0.5504096783062962,0.02348364036293643,-0.17626065438548277,26528.737420951333,1.9742922306060784
0.971875171844927,0.6722051141050316,1.1985042617541932,0.3796645587022274,0.8883750343689854,1.0438658234808909,-0.5604096783062962,0.013483640362936422,-0.18626065438548278,26447.737420951333,1.9750129699707024
0.971875171844927,0.6322051141050316,1.1985042617541932,0.39966455870222717,0.8683750343689853,1.0538658234808909,-0.5904096783062962,-0.006516359637063596,-0.17626065438548277,26432.737420951333,1.9790131568908684
0.971875171844927,0.6222051141050315,1.1785042617541932,0.3896645587022274,0.8983750343689854,1.0338658234808908,-0.5704096783062962,0.02348364036293643,-0.17626065438548277,25771.737420951333,1.982859802246093
0.951875171844927,0.6222051141050315,1.1885042617541932,0.3796645587022274,0.9083750343689854,1.0438658234808909,-0.5704096783062962,0.013483640362936422,-0.16626065438548276,25514.737420951333,1.987057161331176
0.9018751718449269,0.6222051141050315,1.1785042617541932,0.3796645587022274,0.9183750343689854,1.0438658234808909,-0.5904096783062962,0.04348364036293645,-0.15626065438548276,25501.737420951333,1.9877936363220208
0.911875171844927,0.6122051141050316,1.1585042617541932,0.35966455870222735,0.9283750343689854,1.0438658234808909,-0.5304096783062962,0.04348364036293645,-0.14626065438548275,25580.737420951333,1.9910509109497063
0.8818751718449269,0.5922051141050316,1.1585042617541932,0.34966455870222735,0.9283750343689854,1.0538658234808909,-0.5604096783062962,0.06348364036293647,-0.15626065438548276,25179.737420951333,1.9957935333251946
0.8818751718449269,0.5722051141050316,1.1585042617541932,0.36966455870222736,0.9083750343689854,1.0538658234808909,-0.5704096783062962,0.09348364036293638,-0.14626065438548275,24772.737420951333,1.9990448474884026
0.8918751718449269,0.5522051141050316,1.0985042617541931,0.35966455870222735,0.9083750343689854,1.0638658234808909,-0.5604096783062962,0.09348364036293638,-0.13626065438548274,24331.737420951333,1.9997932434082024
0.9018751718449269,0.5522051141050316,1.068504261754193,0.34966455870222735,0.9183750343689854,1.0638658234808909,-0.5804096783062962,0.1134836403629364,-0.12626065438548273,23954.737420951333,2.003097963333129
0.8718751718449269,0.5522051141050316,1.048504261754193,0.34966455870222735,0.9183750343689854,1.0638658234808909,-0.5404096783062962,0.09348364036293638,-0.11626065438548272,23779.737420951333,2.0081266880035393
0.8418751718449271,0.5322051141050316,1.0885042617541931,0.33966455870222734,0.9083750343689854,1.0738658234808909,-0.5404096783062962,0.12348364036293641,-0.11626065438548272,23690.737420951333,2.011475038528438
0.8318751718449271,0.5222051141050316,1.0985042617541931,0.33966455870222734,0.8983750343689854,1.0738658234808909,-0.5104096783062961,0.13348364036293642,-0.11626065438548272,23761.737420951333,2.012213897705081
0.8218751718449271,0.49220511410503165,1.068504261754193,0.34966455870222735,0.9083750343689854,1.0738658234808909,-0.5104096783062961,0.16348364036293644,-0.11626065438548272,23868.737420951333,2.015692424774169
0.8118751718449271,0.4622051141050316,1.068504261754193,0.33966455870222734,0.9183750343689854,1.0738658234808909,-0.5004096783062961,0.15348364036293644,-0.11626065438548272,23439.737420951333,2.0198456764221184
0.8218751718449271,0.47220511410503163,1.038504261754193,0.3196645587022273,0.9283750343689854,1.0738658234808909,-0.5104096783062961,0.16348364036293644,-0.11626065438548272,23210.737420951333,2.023993206024169
0.8218751718449271,0.4622051141050316,1.018504261754193,0.3196645587022273,0.9383750343689854,1.0738658234808909,-0.5104096783062961,0.21348364036293638,-0.11626065438548272,23233.737420951333,2.024806928634643
0.8218751718449271,0.4322051141050316,0.9985042617541929,0.3096645587022273,0.9383750343689854,1.0838658234808909,-0.4804096783062961,0.18348364036293646,-0.10626065438548271,22584.737420951333,2.0288061618804925
0.8218751718449271,0.4422051141050316,0.9885042617541929,0.3096645587022273,0.9383750343689854,1.0738658234808909,-0.4604096783062963,0.2234836403629364,-0.10626065438548271,22651.737420951333,2.032077980041503
0.8118751718449271,0.4422051141050316,0.9885042617541929,0.2996645587022273,0.9383750343689854,1.0838658234808909,-0.4504096783062963,0.2434836403629364,-0.0962606543854827,22802.737420951333,2.0360836505889885
0.8018751718449271,0.4122051141050316,0.9885042617541929,0.2896645587022273,0.9483750343689854,1.1038658234808907,-0.4304096783062963,0.21348364036293638,-0.0862606543854828,22657.737420951333,2.036826801300048
0.781875171844927,0.4122051141050316,0.9785042617541929,0.2696645587022273,0.9583750343689854,1.0938658234808907,-0.4204096783062963,0.2434836403629364,-0.0862606543854828,22216.737420951333,2.0403434753417997
0.771875171844927,0.4222051141050316,0.9585042617541931,0.25966455870222727,0.9683750343689854,1.0938658234808907,-0.40040967830629626,0.2534836403629364,-0.0862606543854828,21751.737420951333,2.0441469669342034
0.751875171844927,0.4222051141050316,0.9585042617541931,0.25966455870222727,0.9883750343689852,1.0938658234808907,-0.39040967830629625,0.28348364036293644,-0.06626065438548279,21574.737420951333,2.0482835292816155
0.741875171844927,0.4422051141050316,0.9185042617541931,0.24966455870222726,0.9983750343689852,1.0838658234808909,-0.38040967830629624,0.3234836403629365,-0.05626065438548278,21633.737420951333,2.052646112442016
0.741875171844927,0.4222051141050316,0.9185042617541931,0.24966455870222726,0.9783750343689854,1.0838658234808909,-0.3504096783062962,0.3434836403629364,-0.04626065438548277,21674.737420951333,2.0533191680908196
0.721875171844927,0.4322051141050316,0.8885042617541931,0.23966455870222725,0.9883750343689852,1.0838658234808909,-0.37040967830629623,0.3934836403629364,-0.03626065438548276,21477.737420951333,2.0568983078002923
0.721875171844927,0.4322051141050316,0.8885042617541931,0.23966455870222725,0.9783750343689854,1.0938658234808907,-0.3404096783062962,0.40348364036293644,-0.02626065438548275,21016.737420951333,2.0612163066864007
0.711875171844927,0.4422051141050316,0.868504261754193,0.21966455870222723,0.9883750343689852,1.1038658234808907,-0.3404096783062962,0.3934836403629364,0.0037393456145172754,20859.737420951333,2.064487171173095
0.721875171844927,0.4422051141050316,0.838504261754193,0.21966455870222723,0.9983750343689852,1.0938658234808907,-0.3504096783062962,0.42348364036293645,0.023739345614517293,20676.737420951333,2.0652226924896233
0.701875171844927,0.4422051141050316,0.828504261754193,0.1796645587022272,1.0283750343689853,1.1038658234808907,-0.3404096783062962,0.4634836403629364,0.06373934561451722,20507.737420951333,2.0692069053649895
0.681875171844927,0.4422051141050316,0.838504261754193,0.15966455870222718,1.0283750343689853,1.1138658234808907,-0.3504096783062962,0.4534836403629365,0.09373934561451724,20500.737420951333,2.0732712268829303
0.641875171844927,0.4422051141050316,0.848504261754193,0.12966455870222737,1.0583750343689853,1.1238658234808907,-0.3504096783062962,0.4634836403629364,0.12373934561451727,20129.737420951333,2.077222776412963
0.611875171844927,0.4422051141050316,0.848504261754193,0.10966455870222735,1.0683750343689853,1.1238658234808907,-0.3604096783062962,0.4734836403629364,0.1837393456145172,19890.737420951333,2.077222776412963
0.611875171844927,0.4422051141050316,0.808504261754193,0.10966455870222735,1.0583750343689853,1.1238658234808907,-0.3604096783062962,0.5234836403629364,0.22373934561451725,19581.737420951333,2.080942583084102
0.641875171844927,0.4322051141050316,0.758504261754193,0.09966455870222735,1.0683750343689853,1.1238658234808907,-0.40040967830629626,0.5334836403629364,0.2737393456145173,19556.737420951333,2.0849184513092034
0.641875171844927,0.4222051141050316,0.778504261754193,0.08966455870222734,1.0783750343689853,1.1238658234808907,-0.39040967830629625,0.5534836403629364,0.3037393456145172,19397.737420951333,2.08925647735596
0.651875171844927,0.4322051141050316,0.788504261754193,0.05966455870222731,1.0883750343689853,1.1238658234808907,-0.40040967830629626,0.5734836403629364,0.33373934561451724,18882.737420951333,2.0899736404418903
0.661875171844927,0.4322051141050316,0.7685042617541931,0.03966455870222729,1.0983750343689853,1.1338658234808907,-0.39040967830629625,0.5634836403629364,0.35373934561451725,18317.737420951333,2.093974065780639
0.641875171844927,0.4122051141050316,0.778504261754193,0.019664558702227275,1.1183750343689853,1.1338658234808907,-0.39040967830629625,0.5834836403629364,0.37373934561451727,17874.737420951333,2.0973069190978997
0.651875171844927,0.4422051141050316,0.7685042617541931,-0.02033544129777276,1.1283750343689853,1.1438658234808907,-0.39040967830629625,0.5934836403629364,0.3937393456145173,17423.737420951333,2.1016144275665276
0.661875171844927,0.4422051141050316,0.758504261754193,-0.0003354412977727428,1.1283750343689853,1.1338658234808907,-0.39040967830629625,0.6134836403629365,0.4137393456145173,16942.737420951333,2.102336120605468
0.651875171844927,0.4622051141050316,0.728504261754193,-0.010335441297772752,1.1383750343689854,1.1338658234808907,-0.39040967830629625,0.6334836403629365,0.44373934561451733,16839.737420951333,2.105601263046264
0.661875171844927,0.4522051141050316,0.718504261754193,-0.02033544129777276,1.1383750343689854,1.1238658234808907,-0.40040967830629626,0.6334836403629365,0.47373934561451714,16698.737420951333,2.1096233844757073
0.681875171844927,0.4622051141050316,0.708504261754193,-0.04033544129777278,1.1483750343689854,1.1238658234808907,-0.39040967830629625,0.6234836403629365,0.48373934561451715,16585.737420951333,2.114353847503665
0.661875171844927,0.4622051141050316,0.698504261754193,-0.05033544129777279,1.1583750343689854,1.1238658234808907,-0.39040967830629625,0.6434836403629365,0.49373934561451716,16178.737420951333,2.115397882461547
0.681875171844927,0.48220511410503164,0.688504261754193,-0.09033544129777282,1.1883750343689854,1.1238658234808907,-0.39040967830629625,0.6534836403629363,0.5037393456145172,15731.737420951333,2.1178895950317376
0.641875171844927,0.5022051141050315,0.718504261754193,-0.10033544129777283,1.1883750343689854,1.1338658234808907,-0.40040967830629626,0.6534836403629363,0.5137393456145172,15354.737420951333,2.1221129417419426
0.641875171844927,0.5022051141050315,0.698504261754193,-0.13033544129777264,1.1983750343689854,1.1338658234808907,-0.40040967830629626,0.6734836403629363,0.5337393456145172,14929.737420951333,2.127162170410159
0.641875171844927,0.5322051141050316,0.708504261754193,-0.13033544129777264,1.2083750343689854,1.1338658234808907,-0.41040967830629627,0.6734836403629363,0.5437393456145172,15084.737420951333,2.127162170410159
0.641875171844927,0.5222051141050316,0.708504261754193,-0.14033544129777265,1.1983750343689854,1.1338658234808907,-0.41040967830629627,0.6734836403629363,0.5637393456145172,14947.737420951333,2.130477857589721
0.631875171844927,0.5222051141050316,0.708504261754193,-0.16033544129777266,1.2183750343689854,1.1338658234808907,-0.41040967830629627,0.6834836403629363,0.5737393456145172,14526.737420951333,2.1345245361328082
0.621875171844927,0.5322051141050316,0.688504261754193,-0.18033544129777268,1.2283750343689854,1.1238658234808907,-0.40040967830629626,0.6834836403629363,0.5637393456145172,14071.737420951333,2.1387428760528557
0.631875171844927,0.5522051141050316,0.698504261754193,-0.2103354412977727,1.2383750343689852,1.1438658234808907,-0.40040967830629626,0.6734836403629363,0.5737393456145172,13930.737420951333,2.142651748657226
0.591875171844927,0.5522051141050316,0.698504261754193,-0.23033544129777273,1.2383750343689852,1.1438658234808907,-0.41040967830629627,0.6834836403629363,0.5937393456145172,13923.737420951333,2.142651748657226
0.621875171844927,0.5722051141050316,0.698504261754193,-0.23033544129777273,1.2583750343689852,1.1338658234808907,-0.4204096783062963,0.7134836403629363,0.6037393456145173,13458.737420951333,2.1464793205261223
0.611875171844927,0.5922051141050316,0.668504261754193,-0.23033544129777273,1.2483750343689852,1.1338658234808907,-0.4304096783062963,0.7134836403629363,0.6137393456145173,13177.737420951333,2.1515187740325956
0.601875171844927,0.6122051141050316,0.688504261754193,-0.26033544129777275,1.2483750343689852,1.1438658234808907,-0.4204096783062963,0.7134836403629363,0.6037393456145173,13012.737420951333,2.154807043075561
0.571875171844927,0.6122051141050316,0.688504261754193,-0.28033544129777277,1.2583750343689852,1.1538658234808907,-0.41040967830629627,0.7034836403629363,0.6137393456145173,13169.737420951333,2.1555482864379876
0.551875171844927,0.6222051141050315,0.708504261754193,-0.3103354412977728,1.2683750343689852,1.1538658234808907,-0.4204096783062963,0.7034836403629363,0.6237393456145173,13016.737420951333,2.15899653434753
0.581875171844927,0.6322051141050316,0.688504261754193,-0.3203354412977728,1.2683750343689852,1.1638658234808907,-0.4204096783062963,0.7034836403629363,0.6337393456145173,12609.737420951333,2.162928295135494
0.561875171844927,0.6322051141050316,0.668504261754193,-0.3303354412977728,1.2583750343689852,1.1638658234808907,-0.4204096783062963,0.6934836403629363,0.6437393456145173,12046.737420951333,2.167289209365844
0.551875171844927,0.6422051141050316,0.658504261754193,-0.3103354412977728,1.2583750343689852,1.1538658234808907,-0.41040967830629627,0.6934836403629363,0.6537393456145173,12209.737420951333,2.168007326126098
0.531875171844927,0.6622051141050316,0.678504261754193,-0.3203354412977728,1.2483750343689852,1.1438658234808907,-0.4204096783062963,0.7034836403629363,0.6637393456145173,12252.737420951333,2.1713346958160393
0.541875171844927,0.6522051141050316,0.668504261754193,-0.3303354412977728,1.2483750343689852,1.1538658234808907,-0.4204096783062963,0.7034836403629363,0.6637393456145173,12437.737420951333,2.175495100021358
0.541875171844927,0.6522051141050316,0.688504261754193,-0.3303354412977728,1.2583750343689852,1.1538658234808907,-0.4204096783062963,0.7234836403629363,0.6437393456145173,12572.737420951333,2.179460716247558
0.521875171844927,0.6522051141050316,0.678504261754193,-0.3403354412977728,1.2583750343689852,1.1538658234808907,-0.4204096783062963,0.7134836403629363,0.6437393456145173,12079.737420951333,2.180394840240478
0.531875171844927,0.6522051141050316,0.688504261754193,-0.3703354412977726,1.2683750343689852,1.1538658234808907,-0.4204096783062963,0.7234836403629363,0.6637393456145173,12214.737420951333,2.1835779666900628
0.541875171844927,0.6422051141050316,0.678504261754193,-0.3603354412977726,1.2583750343689852,1.1638658234808907,-0.4204096783062963,0.7234836403629363,0.6637393456145173,12283.737420951333,2.1877371788024895
0.541875171844927,0.6322051141050316,0.668504261754193,-0.3703354412977726,1.2283750343689854,1.1738658234808907,-0.4204096783062963,0.7234836403629363,0.6737393456145173,12326.737420951333,2.19198126792908
0.541875171844927,0.6422051141050316,0.628504261754193,-0.3703354412977726,1.2383750343689852,1.1638658234808907,-0.4204096783062963,0.7334836403629363,0.6637393456145173,12531.737420951333,2.193030071258544
0.551875171844927,0.6222051141050315,0.598504261754193,-0.38033544129777264,1.2083750343689854,1.1738658234808907,-0.4204096783062963,0.7434836403629363,0.6637393456145173,11996.737420951333,2.1960122108459466
0.541875171844927,0.6222051141050315,0.568504261754193,-0.38033544129777264,1.1983750343689854,1.1738658234808907,-0.41040967830629627,0.7334836403629363,0.6737393456145173,12025.737420951333,2.2000777244567864
0.571875171844927,0.6222051141050315,0.558504261754193,-0.3703354412977726,1.1883750343689854,1.1738658234808907,-0.39040967830629625,0.7334836403629363,0.6537393456145173,12138.737420951333,2.2042874813079827
0.551875171844927,0.6222051141050315,0.568504261754193,-0.3703354412977726,1.1783750343689854,1.1838658234808908,-0.37040967830629623,0.7134836403629363,0.6537393456145173,11969.737420951333,2.2082540512084954
0.551875171844927,0.6422051141050316,0.568504261754193,-0.39033544129777265,1.1883750343689854,1.1738658234808907,-0.3504096783062962,0.7134836403629363,0.6537393456145173,12672.737420951333,2.2082540512084954
0.541875171844927,0.6422051141050316,0.578504261754193,-0.42033544129777267,1.1783750343689854,1.1838658234808908,-0.3504096783062962,0.7034836403629363,0.6537393456145173,12579.737420951333,2.212110471725463
0.551875171844927,0.6422051141050316,0.568504261754193,-0.4303354412977727,1.1883750343689854,1.1838658234808908,-0.3304096783062962,0.6934836403629363,0.6637393456145173,12192.737420951333,2.216126871109008
0.551875171844927,0.6522051141050316,0.578504261754193,-0.4503354412977727,1.1783750343689854,1.1938658234808908,-0.3204096783062962,0.6834836403629363,0.6537393456145173,12059.737420951333,2.220131111145019
0.541875171844927,0.6422051141050316,0.588504261754193,-0.4403354412977727,1.1583750343689854,1.1938658234808908,-0.3104096783062962,0.6834836403629363,0.6537393456145173,12470.737420951333,2.220131111145019
0.531875171844927,0.6422051141050316,0.568504261754193,-0.4403354412977727,1.1483750343689854,1.1938658234808908,-0.30040967830629617,0.6934836403629363,0.6537393456145173,12497.737420951333,2.2242710113525384
0.541875171844927,0.6322051141050316,0.568504261754193,-0.4503354412977727,1.1583750343689854,1.1838658234808908,-0.30040967830629617,0.6834836403629363,0.6637393456145173,12268.737420951333,2.2282897949218743
0.531875171844927,0.6422051141050316,0.558504261754193,-0.4503354412977727,1.1383750343689854,1.2038658234808908,-0.29040967830629616,0.6834836403629363,0.6637393456145173,12719.737420951333,2.2322945117950432
0.531875171844927,0.6422051141050316,0.558504261754193,-0.4603354412977727,1.1183750343689853,1.1938658234808908,-0.27040967830629614,0.6734836403629363,0.6537393456145173,12488.737420951333,2.2332953929901116
0.541875171844927,0.6422051141050316,0.548504261754193,-0.4603354412977727,1.0983750343689853,1.2038658234808908,-0.26040967830629613,0.6734836403629363,0.6537393456145173,12457.737420951333,2.2362946987152093
0.531875171844927,0.6422051141050316,0.548504261754193,-0.4803354412977727,1.1283750343689853,1.1938658234808908,-0.26040967830629613,0.6834836403629363,0.6537393456145173,12308.737420951333,2.2402946472167997
0.531875171844927,0.6322051141050316,0.538504261754193,-0.4703354412977727,1.0983750343689853,1.1938658234808908,-0.24040967830629612,0.6634836403629363,0.6737393456145173,12121.737420951333,2.2446202754974394
0.521875171844927,0.6122051141050316,0.528504261754193,-0.4603354412977727,1.0683750343689853,1.2038658234808908,-0.2304096783062961,0.6634836403629363,0.6537393456145173,12418.737420951333,2.2456507205963163
0.511875171844927,0.6122051141050316,0.528504261754193,-0.4503354412977727,1.0583750343689853,1.1838658234808908,-0.2304096783062961,0.6734836403629363,0.6637393456145173,12431.737420951333,2.2486598014831536
0.511875171844927,0.6122051141050316,0.528504261754193,-0.4703354412977727,1.0683750343689853,1.1938658234808908,-0.2204096783062961,0.6634836403629363,0.6637393456145173,12418.737420951333,2.252661418914794
0.511875171844927,0.6122051141050316,0.528504261754193,-0.4703354412977727,1.0583750343689853,1.1938658234808908,-0.2104096783062963,0.6534836403629363,0.6737393456145173,12231.737420951333,2.2576434135437005
0.511875171844927,0.5922051141050316,0.508504261754193,-0.4703354412977727,1.0383750343689853,1.1838658234808908,-0.2104096783062963,0.6534836403629363,0.6737393456145173,12456.737420951333,2.2576434135437005
0.511875171844927,0.5822051141050316,0.49850426175419305,-0.4603354412977727,1.0283750343689853,1.1738658234808907,-0.2104096783062963,0.6534836403629363,0.6737393456145173,12329.737420951333,2.26164622306824
0.501875171844927,0.5822051141050316,0.468504261754193,-0.4703354412977727,1.0383750343689853,1.1738658234808907,-0.2004096783062963,0.6434836403629365,0.6737393456145173,12240.737420951333,2.2652685165405266
0.511875171844927,0.5522051141050316,0.458504261754193,-0.4703354412977727,1.0083750343689852,1.1638658234808907,-0.1904096783062963,0.6334836403629365,0.6837393456145173,12131.737420951333,2.269910526275634
0.491875171844927,0.5522051141050316,0.458504261754193,-0.4503354412977727,1.0083750343689852,1.1638658234808907,-0.1904096783062963,0.6434836403629365,0.6737393456145173,12158.737420951333,2.270918798446651
0.471875171844927,0.5422051141050316,0.458504261754193,-0.4503354412977727,1.0083750343689852,1.1438658234808907,-0.18040967830629628,0.6334836403629365,0.6837393456145173,12029.737420951333,2.2739183425903278
0.481875171844927,0.5222051141050316,0.458504261754193,-0.4503354412977727,0.9783750343689854,1.1438658234808907,-0.18040967830629628,0.6234836403629365,0.6937393456145173,12126.737420951333,2.278357219696044
0.491875171844927,0.5222051141050316,0.418504261754193,-0.4503354412977727,0.9383750343689854,1.1238658234808907,-0.16040967830629627,0.6034836403629364,0.7037393456145173,12341.737420951333,2.2823502540588407
0.471875171844927,0.49220511410503165,0.438504261754193,-0.4603354412977727,0.9383750343689854,1.1538658234808907,-0.15040967830629626,0.5934836403629364,0.7037393456145173,12720.737420951333,2.2856153964996366
0.43187517184492696,0.47220511410503163,0.448504261754193,-0.4603354412977727,0.8983750343689854,1.1338658234808907,-0.16040967830629627,0.5934836403629364,0.7137393456145174,13049.737420951333,2.286350440979003
0.42187517184492695,0.4522051141050316,0.438504261754193,-0.4403354412977727,0.8883750343689854,1.1338658234808907,-0.15040967830629626,0.5834836403629364,0.7237393456145171,12852.737420951333,2.29035038948059
0.41187517184492695,0.4222051141050316,0.428504261754193,-0.4703354412977727,0.8883750343689854,1.1338658234808907,-0.13040967830629624,0.5734836403629364,0.7237393456145171,12827.737420951333,2.2943698883056634
0.361875171844927,0.4222051141050316,0.438504261754193,-0.4603354412977727,0.8683750343689853,1.1138658234808907,-0.13040967830629624,0.5634836403629364,0.7337393456145171,13146.737420951333,2.2987610816955595
0.371875171844927,0.4222051141050316,0.418504261754193,-0.4503354412977727,0.8783750343689853,1.0938658234808907,-0.14040967830629625,0.5534836403629364,0.7437393456145172,13239.737420951333,2.2987610816955595
0.361875171844927,0.4222051141050316,0.40850426175419297,-0.4703354412977727,0.8583750343689853,1.0838658234808909,-0.13040967830629624,0.5534836403629364,0.7537393456145172,13260.737420951333,2.3019566059112506
0.371875171844927,0.4222051141050316,0.39850426175419307,-0.4603354412977727,0.8083750343689853,1.0838658234808909,-0.13040967830629624,0.5534836403629364,0.7437393456145172,13565.737420951333,2.3070189476013176
0.361875171844927,0.4322051141050316,0.38850426175419306,-0.4503354412977727,0.7883750343689853,1.0538658234808909,-0.13040967830629624,0.5434836403629364,0.7537393456145172,13272.737420951333,2.3106638908386223
0.341875171844927,0.4122051141050316,0.39850426175419307,-0.4503354412977727,0.7883750343689853,1.0138658234808908,-0.12040967830629623,0.5334836403629364,0.7637393456145172,12953.737420951333,2.3113188266754108
0.31187517184492697,0.4122051141050316,0.36850426175419304,-0.4703354412977727,0.7583750343689852,1.0138658234808908,-0.12040967830629623,0.5134836403629364,0.7837393456145172,13468.737420951333,2.3146693229675286
0.331875171844927,0.4122051141050316,0.39850426175419307,-0.4603354412977727,0.7683750343689852,0.9738658234808908,-0.11040967830629622,0.5134836403629364,0.7737393456145172,13389.737420951333,2.3188457012176507
0.321875171844927,0.4222051141050316,0.35850426175419303,-0.4503354412977727,0.7683750343689852,0.9338658234808908,-0.11040967830629622,0.5134836403629364,0.7737393456145172,13098.737420951333,2.322954130172729
0.31187517184492697,0.40220511410503157,0.35850426175419303,-0.4603354412977727,0.7383750343689852,0.9238658234808907,-0.10040967830629621,0.5034836403629364,0.7737393456145172,13061.737420951333,2.3236815452575676
0.30187517184492696,0.4222051141050316,0.36850426175419304,-0.4703354412977727,0.7483750343689852,0.8938658234808907,-0.10040967830629621,0.5134836403629364,0.7837393456145172,13370.737420951333,2.3269650459289544
0.29187517184492695,0.4122051141050316,0.36850426175419304,-0.4703354412977727,0.7383750343689852,0.8738658234808907,-0.0904096783062962,0.5134836403629364,0.7737393456145172,13527.737420951333,2.330869388580318
0.28187517184492705,0.4122051141050316,0.35850426175419303,-0.4403354412977727,0.6983750343689854,0.8438658234808907,-0.08040967830629642,0.5034836403629364,0.7637393456145172,13424.737420951333,2.335613203048702
0.28187517184492705,0.4222051141050316,0.328504261754193,-0.42033544129777267,0.6883750343689854,0.8038658234808909,-0.07040967830629619,0.5034836403629364,0.7637393456145172,13291.737420951333,2.335613203048702
0.29187517184492695,0.4422051141050316,0.338504261754193,-0.4403354412977727,0.7183750343689854,0.8338658234808909,-0.0604096783062964,0.4834836403629364,0.7637393456145172,13256.737420951333,2.339432907104488
0.30187517184492696,0.4322051141050316,0.328504261754193,-0.4403354412977727,0.6583750343689854,0.8338658234808909,-0.05040967830629617,0.4834836403629364,0.7637393456145172,13467.737420951333,2.3431691646575956
0.29187517184492695,0.4222051141050316,0.318504261754193,-0.42033544129777267,0.5983750343689853,0.8038658234808909,-0.0604096783062964,0.4834836403629364,0.7737393456145172,13460.737420951333,2.3474866867065423
0.31187517184492697,0.4322051141050316,0.308504261754193,-0.41033544129777266,0.6083750343689853,0.7838658234808908,-0.0604096783062964,0.4734836403629364,0.7737393456145172,13319.737420951333,2.3505239009857206
0.30187517184492696,0.4322051141050316,0.2985042617541931,-0.39033544129777265,0.5983750343689853,0.7138658234808908,-0.05040967830629617,0.4634836403629364,0.7737393456145172,13038.737420951333,2.3515245437622063
0.321875171844927,0.4522051141050316,0.2985042617541931,-0.39033544129777265,0.5583750343689853,0.6738658234808907,-0.05040967830629617,0.4734836403629364,0.7737393456145172,12967.737420951333,2.355504703521728
0.31187517184492697,0.4422051141050316,0.2985042617541931,-0.38033544129777264,0.4983750343689854,0.6738658234808907,-0.05040967830629617,0.4634836403629364,0.7737393456145172,13028.737420951333,2.359503936767574
0.331875171844927,0.4422051141050316,0.2985042617541931,-0.39033544129777265,0.4883750343689854,0.6738658234808907,-0.05040967830629617,0.4534836403629365,0.7837393456145172,12741.737420951333,2.363618087768554
0.321875171844927,0.4422051141050316,0.2985042617541931,-0.38033544129777264,0.5083750343689855,0.6638658234808907,-0.05040967830629617,0.4534836403629365,0.7737393456145172,12322.737420951333,2.363618087768554
0.321875171844927,0.4322051141050316,0.308504261754193,-0.38033544129777264,0.4883750343689854,0.6438658234808909,-0.03040967830629615,0.43348364036293646,0.7737393456145172,12157.737420951333,2.36771912574768
0.331875171844927,0.4622051141050316,0.2885042617541931,-0.39033544129777265,0.46837503436898537,0.5938658234808909,-0.03040967830629615,0.44348364036293647,0.7637393456145172,12248.737420951333,2.3720068454742425
0.321875171844927,0.4522051141050316,0.2885042617541931,-0.38033544129777264,0.46837503436898537,0.5838658234808909,-0.03040967830629615,0.44348364036293647,0.7737393456145172,12525.737420951333,2.376006317138671
0.321875171844927,0.4522051141050316,0.27850426175419307,-0.39033544129777265,0.44837503436898535,0.5738658234808909,-0.04040967830629638,0.44348364036293647,0.7637393456145172,12382.737420951333,2.376748275756839
0.341875171844927,0.47220511410503163,0.27850426175419307,-0.35033544129777283,0.42837503436898533,0.48386582348089086,-0.03040967830629615,0.44348364036293647,0.7537393456145172,12297.737420951333,2.380007219314571
0.351875171844927,0.49220511410503165,0.27850426175419307,-0.35033544129777283,0.42837503436898533,0.48386582348089086,-0.020409678306296364,0.44348364036293647,0.7537393456145172,11832.737420951333,2.384182167053222
0.341875171844927,0.5022051141050315,0.2885042617541931,-0.3603354412977726,0.43837503436898534,0.46386582348089084,-0.010409678306296133,0.42348364036293645,0.7537393456145172,11827.737420951333,2.38801021575928
0.341875171844927,0.5322051141050316,0.2985042617541931,-0.3603354412977726,0.45837503436898536,0.4438658234808908,-0.020409678306296364,0.42348364036293645,0.7637393456145172,11652.737420951333,2.3890645027160637
0.351875171844927,0.5322051141050316,0.2885042617541931,-0.3603354412977726,0.41837503436898543,0.4138658234808908,-0.020409678306296364,0.41348364036293644,0.7737393456145172,11389.737420951333,2.3924743652343707
0.351875171844927,0.5422051141050316,0.2885042617541931,-0.3703354412977726,0.43837503436898534,0.4038658234808908,-0.03040967830629615,0.41348364036293644,0.7637393456145172,11518.737420951333,2.396720361709594
0.351875171844927,0.5522051141050316,0.2885042617541931,-0.3603354412977726,0.43837503436898534,0.37386582348089087,-0.04040967830629638,0.41348364036293644,0.7637393456145172,11067.737420951333,2.400788497924804
0.351875171844927,0.5322051141050316,0.2985042617541931,-0.3603354412977726,0.42837503436898533,0.3838658234808909,-0.05040967830629617,0.43348364036293646,0.7737393456145172,11058.737420951333,2.401749801635745
0.38187517184492703,0.5622051141050316,0.2985042617541931,-0.3603354412977726,0.43837503436898534,0.37386582348089087,-0.05040967830629617,0.42348364036293645,0.7737393456145172,10985.737420951333,2.404737901687625
0.38187517184492703,0.5722051141050316,0.308504261754193,-0.3603354412977726,0.4083750343689854,0.3838658234808909,-0.05040967830629617,0.43348364036293646,0.7637393456145172,10474.737420951333,2.408911418914794
0.38187517184492703,0.5922051141050316,0.328504261754193,-0.3703354412977726,0.4083750343689854,0.3838658234808909,-0.05040967830629617,0.41348364036293644,0.7537393456145172,10285.737420951333,2.41315050125122
0.39187517184492704,0.6122051141050316,0.318504261754193,-0.35033544129777283,0.4083750343689854,0.35386582348089085,-0.03040967830629615,0.42348364036293645,0.7337393456145171,9962.737420951333,2.4141194343566887
0.41187517184492695,0.6122051141050316,0.318504261754193,-0.3603354412977726,0.4083750343689854,0.35386582348089085,-0.020409678306296364,0.42348364036293645,0.7237393456145171,9945.737420951333,2.417154264450076
0.40187517184492705,0.6322051141050316,0.318504261754193,-0.3403354412977728,0.4083750343689854,0.34386582348089084,-0.010409678306296133,0.41348364036293644,0.7137393456145174,9902.737420951333,2.420937728881839
0.42187517184492695,0.6322051141050316,0.318504261754193,-0.3403354412977728,0.3983750343689854,0.3238658234808908,-0.010409678306296133,0.40348364036293644,0.6937393456145173,9641.737420951333,2.425667715072631
0.43187517184492696,0.6522051141050316,0.318504261754193,-0.3203354412977728,0.3983750343689854,0.2938658234808908,-0.010409678306296133,0.40348364036293644,0.6837393456145173,9698.737420951333,2.428993415832519
0.441875171844927,0.6722051141050316,0.308504261754193,-0.3203354412977728,0.42837503436898533,0.2738658234808909,0.01959032169370367,0.3834836403629364,0.6837393456145173,9697.737420951333,2.428993415832519
0.441875171844927,0.6822051141050316,0.318504261754193,-0.3103354412977728,0.4083750343689854,0.2538658234808909,0.029590321693703903,0.3734836403629364,0.6737393456145173,9376.737420951333,2.433268976211547
0.451875171844927,0.7022051141050316,0.328504261754193,-0.2903354412977728,0.3883750343689854,0.22386582348089085,0.04959032169370392,0.3634836403629364,0.6437393456145173,9525.737420951333,2.4383053302764885
0.461875171844927,0.7022051141050316,0.318504261754193,-0.3103354412977728,0.4083750343689854,0.20386582348089083,0.06959032169370394,0.3534836403629364,0.6237393456145173,9060.737420951333,2.441546869277957
0.461875171844927,0.7322051141050316,0.328504261754193,-0.3103354412977728,0.4083750343689854,0.19386582348089082,0.05959032169370371,0.3534836403629364,0.6337393456145173,8775.737420951333,2.441546869277957
0.491875171844927,0.7222051141050316,0.318504261754193,-0.2903354412977728,0.3883750343689854,0.21386582348089084,0.05959032169370371,0.3634836403629364,0.6037393456145173,8712.737420951333,2.4464580535888665
0.501875171844927,0.7522051141050315,0.338504261754193,-0.28033544129777277,0.41837503436898543,0.20386582348089083,0.05959032169370371,0.3534836403629364,0.6037393456145173,8299.737420951333,2.449701499938964
0.501875171844927,0.7522051141050315,0.338504261754193,-0.3203354412977728,0.43837503436898534,0.20386582348089083,0.04959032169370392,0.3634836403629364,0.5937393456145172,8546.737420951333,2.4540166378021233
0.491875171844927,0.7622051141050316,0.328504261754193,-0.3003354412977728,0.41837503436898543,0.1838658234808908,0.05959032169370371,0.3634836403629364,0.5737393456145172,8655.737420951333,2.4547383308410637
0.501875171844927,0.7922051141050316,0.328504261754193,-0.2903354412977728,0.4083750343689854,0.17386582348089086,0.09959032169370374,0.3434836403629364,0.5537393456145172,8406.737420951333,2.4584044933319085
0.511875171844927,0.8222051141050316,0.338504261754193,-0.26033544129777275,0.3983750343689854,0.15386582348089084,0.08959032169370396,0.3334836403629365,0.5437393456145172,8027.737420951333,2.46240420341492
0.501875171844927,0.8022051141050316,0.338504261754193,-0.27033544129777276,0.3983750343689854,0.16386582348089085,0.09959032169370374,0.3234836403629365,0.5337393456145172,7470.737420951333,2.466403675079345
0.521875171844927,0.8022051141050316,0.35850426175419303,-0.28033544129777277,0.42837503436898533,0.16386582348089085,0.11959032169370376,0.30348364036293646,0.5037393456145172,7233.737420951333,2.466403675079345
0.511875171844927,0.8222051141050316,0.348504261754193,-0.27033544129777276,0.43837503436898534,0.15386582348089084,0.10959032169370397,0.3234836403629365,0.5037393456145172,7360.737420951333,2.4703464031219475
0.511875171844927,0.8522051141050316,0.348504261754193,-0.28033544129777277,0.44837503436898535,0.14386582348089083,0.07959032169370373,0.3334836403629365,0.5137393456145172,7245.737420951333,2.4745878696441643
0.521875171844927,0.8422051141050316,0.348504261754193,-0.2903354412977728,0.45837503436898536,0.15386582348089084,0.05959032169370371,0.3434836403629364,0.5037393456145172,6750.737420951333,2.4786958217620843
0.531875171844927,0.8222051141050316,0.35850426175419303,-0.2903354412977728,0.43837503436898534,0.13386582348089082,0.03959032169370369,0.3334836403629365,0.48373934561451715,6659.737420951333,2.4786958217620843
0.531875171844927,0.8522051141050316,0.35850426175419303,-0.27033544129777276,0.44837503436898535,0.14386582348089083,0.03959032169370369,0.3534836403629364,0.49373934561451716,6680.737420951333,2.48279519081116
0.531875171844927,0.8622051141050316,0.35850426175419303,-0.3003354412977728,0.45837503436898536,0.15386582348089084,0.009590321693703885,0.3534836403629364,0.5037393456145172,6409.737420951333,2.4868633270263665
0.521875171844927,0.8822051141050316,0.37850426175419305,-0.3103354412977728,0.45837503436898536,0.16386582348089085,-0.03040967830629615,0.3534836403629364,0.5237393456145172,5944.737420951333,2.4909765243530266
0.541875171844927,0.9022051141050316,0.37850426175419305,-0.3003354412977728,0.4783750343689854,0.15386582348089084,-0.05040967830629617,0.3634836403629364,0.5337393456145172,6005.737420951333,2.4941784858703606
0.531875171844927,0.9322051141050316,0.38850426175419306,-0.28033544129777277,0.4883750343689854,0.14386582348089083,-0.03040967830629615,0.3534836403629364,0.48373934561451715,6240.737420951333,2.4949285507202106
0.521875171844927,0.9122051141050316,0.38850426175419306,-0.3003354412977728,0.5083750343689855,0.13386582348089082,-0.020409678306296364,0.3534836403629364,0.47373934561451714,6171.737420951333,2.4989792823791497
0.531875171844927,0.9522051141050316,0.39850426175419307,-0.3003354412977728,0.5183750343689855,0.12386582348089081,-0.03040967830629615,0.3734836403629364,0.46373934561451735,6268.737420951333,2.5032832145690875
0.531875171844927,0.9422051141050316,0.38850426175419306,-0.3003354412977728,0.5283750343689855,0.12386582348089081,-0.0604096783062964,0.3634836403629364,0.48373934561451715,5947.737420951333,2.5072133064269977
0.541875171844927,0.9422051141050316,0.38850426175419306,-0.3003354412977728,0.5383750343689855,0.13386582348089082,-0.04040967830629638,0.3534836403629364,0.48373934561451715,6010.737420951333,2.5080270290374784
0.561875171844927,0.9422051141050316,0.39850426175419307,-0.3103354412977728,0.5483750343689853,0.11386582348089086,-0.0604096783062964,0.3734836403629364,0.45373934561451734,5887.737420951333,2.5120267391204827
0.551875171844927,0.9722051141050316,0.39850426175419307,-0.2903354412977728,0.5583750343689853,0.10386582348089085,-0.020409678306296364,0.3434836403629364,0.4137393456145173,5534.737420951333,2.5153295516967766
0.571875171844927,0.9722051141050316,0.39850426175419307,-0.3203354412977728,0.5783750343689853,0.10386582348089085,-0.07040967830629619,0.3634836403629364,0.46373934561451735,5563.737420951333,2.519597244262691
0.561875171844927,0.9922051141050316,0.418504261754193,-0.3303354412977728,0.5983750343689853,0.10386582348089085,-0.16040967830629627,0.40348364036293644,0.46373934561451735,5350.737420951333,2.519597244262691
0.551875171844927,1.0322051141050317,0.418504261754193,-0.3403354412977728,0.6083750343689853,0.10386582348089085,-0.1904096783062963,0.42348364036293645,0.47373934561451714,5003.737420951333,2.523564291000369
0.551875171844927,1.0022051141050317,0.428504261754193,-0.35033544129777283,0.6083750343689853,0.11386582348089086,-0.18040967830629628,0.41348364036293644,0.48373934561451715,5444.737420951333,2.5280174732208245
0.561875171844927,1.0022051141050317,0.418504261754193,-0.3303354412977728,0.6083750343689853,0.10386582348089085,-0.2004096783062963,0.40348364036293644,0.44373934561451733,5523.737420951333,2.5318560123443596
0.551875171844927,1.0222051141050317,0.448504261754193,-0.3403354412977728,0.6283750343689853,0.10386582348089085,-0.17040967830629627,0.3834836403629364,0.4137393456145173,5262.737420951333,2.5318560123443596
0.551875171844927,1.0022051141050317,0.438504261754193,-0.3403354412977728,0.6383750343689854,0.10386582348089085,-0.17040967830629627,0.3834836403629364,0.4137393456145173,5575.737420951333,2.535528373718261
0.551875171844927,1.0122051141050317,0.448504261754193,-0.3403354412977728,0.6383750343689854,0.10386582348089085,-0.15040967830629626,0.3534836403629364,0.3937393456145173,5636.737420951333,2.539565992355346
0.551875171844927,1.0322051141050317,0.438504261754193,-0.3403354412977728,0.6483750343689854,0.10386582348089085,-0.16040967830629627,0.3534836403629364,0.4137393456145173,4883.737420951333,2.5444037437438958
0.561875171844927,1.0322051141050317,0.448504261754193,-0.3303354412977728,0.6483750343689854,0.10386582348089085,-0.16040967830629627,0.3534836403629364,0.37373934561451727,5000.737420951333,2.5444037437438958
0.561875171844927,1.0422051141050317,0.458504261754193,-0.3303354412977728,0.6583750343689854,0.08386582348089083,-0.15040967830629626,0.3434836403629364,0.36373934561451726,5129.737420951333,2.5484389781951897
0.551875171844927,1.0422051141050317,0.458504261754193,-0.2903354412977728,0.6483750343689854,0.09386582348089084,-0.11040967830629622,0.3234836403629365,0.3237393456145172,4680.737420951333,2.5524475097656243
0.551875171844927,1.0622051141050315,0.468504261754193,-0.2903354412977728,0.6483750343689854,0.09386582348089084,-0.11040967830629622,0.3434836403629364,0.3237393456145172,4665.737420951333,2.5568124771118157
0.551875171844927,1.0722051141050315,0.478504261754193,-0.3003354412977728,0.6383750343689854,0.08386582348089083,-0.13040967830629624,0.31348364036293647,0.3237393456145172,5028.737420951333,2.5568124771118157
0.551875171844927,1.0722051141050315,0.468504261754193,-0.3003354412977728,0.6483750343689854,0.09386582348089084,-0.13040967830629624,0.30348364036293646,0.33373934561451724,5047.737420951333,2.5607938289642362
0.561875171844927,1.0822051141050315,0.468504261754193,-0.2903354412977728,0.6483750343689854,0.07386582348089082,-0.12040967830629623,0.29348364036293645,0.2737393456145173,4652.737420951333,2.564661693573001
0.571875171844927,1.1022051141050315,0.458504261754193,-0.28033544129777277,0.6383750343689854,0.07386582348089082,-0.03040967830629615,0.2534836403629364,0.21373934561451724,4657.737420951333,2.5683645725250237
0.571875171844927,1.0822051141050315,0.448504261754193,-0.2903354412977728,0.6483750343689854,0.07386582348089082,-0.10040967830629621,0.28348364036293644,0.24373934561451727,4484.737420951333,2.5724768161773675
0.591875171844927,1.0722051141050315,0.458504261754193,-0.3103354412977728,0.6483750343689854,0.08386582348089083,-0.13040967830629624,0.27348364036293643,0.2537393456145173,4317.737420951333,2.5724768161773675
0.581875171844927,1.0822051141050315,0.458504261754193,-0.2903354412977728,0.6583750343689854,0.08386582348089083,-0.10040967830629621,0.2334836403629364,0.2537393456145173,4098.737420951333,2.576787900924682
0.571875171844927,1.1022051141050315,0.458504261754193,-0.28033544129777277,0.6483750343689854,0.07386582348089082,-0.10040967830629621,0.2434836403629364,0.22373934561451725,4559.737420951333,2.5807873725891106
0.591875171844927,1.1122051141050315,0.458504261754193,-0.2903354412977728,0.6583750343689854,0.07386582348089082,-0.10040967830629621,0.2534836403629364,0.21373934561451724,4370.737420951333,2.584776592254638
0.571875171844927,1.1022051141050315,0.478504261754193,-0.2903354412977728,0.6683750343689854,0.06386582348089082,-0.12040967830629623,0.28348364036293644,0.20373934561451723,4399.737420951333,2.5855173587799065
0.571875171844927,1.1222051141050315,0.478504261754193,-0.3003354412977728,0.6683750343689854,0.06386582348089082,-0.14040967830629625,0.2634836403629364,0.22373934561451725,4118.737420951333,2.5888173103332477
0.571875171844927,1.1222051141050315,0.478504261754193,-0.2903354412977728,0.6683750343689854,0.06386582348089082,-0.10040967830629621,0.2534836403629364,0.1737393456145172,3849.7374209513328,2.593853664398196
0.571875171844927,1.1322051141050316,0.478504261754193,-0.28033544129777277,0.6683750343689854,0.05386582348089086,-0.11040967830629622,0.2534836403629364,0.1737393456145172,3832.7374209513328,2.597249460220336
0.581875171844927,1.1222051141050315,0.468504261754193,-0.27033544129777276,0.6683750343689854,0.05386582348089086,-0.10040967830629621,0.2334836403629364,0.1537393456145173,3839.7374209513328,2.597249460220336
