-0.6399174690508941,0.18482530949105902,-0.16015130674002748,-0.3145171939477304,-0.3967592847317746,-0.015848693259972485,-0.3301182943603852,-0.5049381017881707,-0.039821182943603886,41740.93590096286,0.0018743991851799535
-0.649917469050894,0.23482530949105906,-0.15015130674002747,-0.2745171939477304,-0.4167592847317746,0.004151306740027505,-0.40011829436038526,-0.5149381017881707,-0.029821182943603884,42247.93590096286,0.002614688873290305
-0.649917469050894,0.2748253094910591,-0.14015130674002751,-0.3145171939477304,-0.4167592847317746,0.004151306740027505,-0.4201182943603852,-0.4949381017881707,-0.029821182943603884,42524.93590096286,0.00600595474243093
-0.6399174690508941,0.2848253094910591,-0.14015130674002751,-0.2645171939477304,-0.4167592847317746,0.004151306740027505,-0.3601182943603852,-0.4849381017881707,-0.029821182943603884,42261.93590096286,0.010163497924803977
-0.659917469050894,0.3148253094910589,-0.1201513067400275,-0.2645171939477304,-0.37675928473177456,0.004151306740027505,-0.3601182943603852,-0.4749381017881707,-0.029821182943603884,43136.93590096286,0.014193964004519444
-0.6299174690508941,0.33482530949105893,-0.09015130674002747,-0.2745171939477304,-0.36675928473177455,0.004151306740027505,-0.3601182943603852,-0.46493810178817074,-0.019821182943603882,43631.93590096286,0.014916372299193625
-0.6399174690508941,0.37482530949105897,-0.11015130674002749,-0.2845171939477304,-0.38675928473177457,0.004151306740027505,-0.3601182943603852,-0.4749381017881707,-0.029821182943603884,43696.93590096286,0.017908525466918235
-0.6099174690508941,0.394825309491059,-0.10015130674002748,-0.2645171939477304,-0.37675928473177456,0.004151306740027505,-0.40011829436038526,-0.4449381017881707,-0.029821182943603884,44215.93590096286,0.0224961757659905
-0.6099174690508941,0.434825309491059,-0.11015130674002749,-0.2945171939477304,-0.38675928473177457,0.004151306740027505,-0.3301182943603852,-0.4749381017881707,-0.029821182943603884,44994.93590096286,0.026605796813964133
-0.579917469050894,0.48482530949105906,-0.09015130674002747,-0.2645171939477304,-0.3367592847317745,0.004151306740027505,-0.3001182943603853,-0.45493810178817073,-0.029821182943603884,45395.93590096286,0.02766103744506765
-0.589917469050894,0.5948253094910589,-0.08015130674002752,-0.24451719394773042,-0.4167592847317746,0.004151306740027505,-0.27011829436038526,-0.4849381017881707,-0.029821182943603884,45152.93590096286,0.030230236053466086
-0.5099174690508941,0.624825309491059,-0.09015130674002747,-0.24451719394773042,-0.38675928473177457,0.004151306740027505,-0.3201182943603852,-0.45493810178817073,-0.029821182943603884,45781.93590096286,0.03532738685607839
-0.559917469050894,0.6748253094910588,-0.09015130674002747,-0.2145171939477304,-0.4267592847317746,0.014151306740027514,-0.2101182943603852,-0.46493810178817074,-0.029821182943603884,46260.93590096286,0.039124441146849875
-0.579917469050894,0.7448253094910591,-0.08015130674002752,-0.19451719394773043,-0.4267592847317746,0.02415130674002751,-0.2201182943603852,-0.45493810178817073,-0.029821182943603884,46463.93590096286,0.04010767936706472
-0.549917469050894,0.7948253094910589,-0.09015130674002747,-0.20451719394773038,-0.4167592847317746,0.014151306740027514,-0.15011829436038526,-0.4349381017881707,-0.029821182943603884,47174.93590096286,0.04296822547912882
-0.45991746905089403,0.7948253094910589,-0.07015130674002751,-0.19451719394773043,-0.4467592847317745,0.02415130674002751,-0.16011829436038527,-0.46493810178817074,-0.029821182943603884,47095.93590096286,0.04740352630615163
-0.449917469050894,0.854825309491059,-0.0601513067400275,-0.20451719394773038,-0.4467592847317745,0.034151306740027504,-0.24011829436038523,-0.5049381017881707,-0.019821182943603882,47012.93590096286,0.05165286064147878
-0.45991746905089403,0.934825309491059,-0.07015130674002751,-0.20451719394773038,-0.4467592847317745,0.034151306740027504,-0.24011829436038523,-0.4849381017881707,-0.019821182943603882,47369.93590096286,0.05496211051940847
-0.48991746905089406,1.0048253094910589,-0.07015130674002751,-0.2145171939477304,-0.4367592847317745,0.02415130674002751,-0.23011829436038522,-0.46493810178817074,-0.019821182943603882,47612.93590096286,0.055666399002074485
-0.46991746905089404,1.0748253094910591,-0.0601513067400275,-0.2245171939477304,-0.4267592847317746,0.02415130674002751,-0.26011829436038525,-0.4849381017881707,-0.019821182943603882,47527.93590096286,0.059665870666503196
-0.49991746905089407,1.1548253094910592,-0.07015130674002751,-0.2145171939477304,-0.4167592847317746,0.02415130674002751,-0.25011829436038524,-0.4849381017881707,-0.00982118294360388,47098.93590096286,0.06355113983154226
-0.5199174690508941,1.184825309491059,-0.07015130674002751,-0.2245171939477304,-0.4467592847317745,0.02415130674002751,-0.2201182943603852,-0.4849381017881707,-0.019821182943603882,46643.93590096286,0.06777162551879812
-0.5199174690508941,1.244825309491059,-0.0601513067400275,-0.2145171939477304,-0.4167592847317746,0.02415130674002751,-0.2201182943603852,-0.4849381017881707,-0.019821182943603882,47126.93590096286,0.06777162551879812
-0.48991746905089406,1.2548253094910589,-0.10015130674002748,-0.24451719394773042,-0.4667592847317745,0.014151306740027514,-0.2001182943603852,-0.4749381017881707,-0.019821182943603882,46985.93590096286,0.07156081199645925
-0.49991746905089407,1.3448253094910592,-0.07015130674002751,-0.2745171939477304,-0.49675928473177455,0.014151306740027514,-0.23011829436038522,-0.46493810178817074,-0.019821182943603882,46868.93590096286,0.07573528289794851
-0.529917469050894,1.394825309491059,-0.09015130674002747,-0.3145171939477304,-0.49675928473177455,0.014151306740027514,-0.3101182943603853,-0.45493810178817073,-0.019821182943603882,47113.93590096286,0.07983632087707448
-0.529917469050894,1.514825309491059,-0.09015130674002747,-0.3145171939477304,-0.5067592847317746,0.014151306740027514,-0.3201182943603852,-0.4749381017881707,-0.019821182943603882,47284.93590096286,0.08073086738586355
-0.539917469050894,1.534825309491059,-0.11015130674002749,-0.3245171939477304,-0.5167592847317746,0.014151306740027514,-0.3101182943603853,-0.4949381017881707,-0.019821182943603882,47299.93590096286,0.08473105430602956
-0.579917469050894,1.604825309491059,-0.10015130674002748,-0.3545171939477304,-0.5367592847317746,0.004151306740027505,-0.3501182943603852,-0.5249381017881707,-0.019821182943603882,47174.93590096286,0.08853478431701589
-0.559917469050894,1.644825309491059,-0.10015130674002748,-0.3445171939477304,-0.5167592847317746,0.014151306740027514,-0.3401182943603852,-0.5149381017881707,-0.019821182943603882,47337.93590096286,0.09260625839232972
-0.529917469050894,1.6948253094910588,-0.1201513067400275,-0.3545171939477304,-0.5667592847317745,0.014151306740027514,-0.3401182943603852,-0.5249381017881707,-0.019821182943603882,47102.93590096286,0.09260625839232972
-0.45991746905089403,1.704825309491059,-0.14015130674002751,-0.3545171939477304,-0.5567592847317746,0.014151306740027514,-0.3401182943603852,-0.5249381017881707,-0.00982118294360388,46929.93590096286,0.09714026451110769
-0.429917469050894,1.7348253094910588,-0.16015130674002748,-0.3645171939477304,-0.5667592847317745,0.004151306740027505,-0.37011829436038524,-0.5249381017881707,-0.00982118294360388,46812.93590096286,0.10012335777282644
-0.3899174690508941,1.7548253094910589,-0.16015130674002748,-0.3745171939477304,-0.5967592847317745,0.004151306740027505,-0.39011829436038525,-0.5349381017881707,-0.019821182943603882,46775.93590096286,0.10516066551208425
-0.36991746905089407,1.784825309491059,-0.16015130674002748,-0.3745171939477304,-0.6067592847317745,-0.00584869325997249,-0.3601182943603852,-0.5349381017881707,-0.00982118294360388,46568.93590096286,0.10516066551208425
-0.34991746905089405,1.794825309491059,-0.17015130674002749,-0.3645171939477304,-0.6167592847317745,-0.00584869325997249,-0.38011829436038524,-0.5749381017881707,-0.019821182943603882,46207.93590096286,0.10857887268066335
-0.289917469050894,1.784825309491059,-0.17015130674002749,-0.4045171939477304,-0.6367592847317746,-0.00584869325997249,-0.3501182943603852,-0.5849381017881707,-0.019821182943603882,46476.93590096286,0.11256546974182058
-0.24991746905089407,1.7748253094910589,-0.1801513067400275,-0.3745171939477304,-0.6567592847317746,0.004151306740027505,-0.39011829436038525,-0.5749381017881707,-0.00982118294360388,46313.93590096286,0.11666173934936452
-0.18991746905089402,1.764825309491059,-0.20015130674002748,-0.3545171939477304,-0.6867592847317745,0.004151306740027505,-0.3201182943603852,-0.5849381017881707,-0.00982118294360388,45948.93590096286,0.11765809059142995
-0.169917469050894,1.764825309491059,-0.20015130674002748,-0.3645171939477304,-0.7067592847317745,0.014151306740027514,-0.40011829436038526,-0.5849381017881707,-0.00982118294360388,45971.93590096286,0.12126798629760671
-0.09991746905089394,1.744825309491059,-0.2201513067400275,-0.3445171939477304,-0.7167592847317745,0.004151306740027505,-0.39011829436038525,-0.5749381017881707,-0.00982118294360388,46366.93590096286,0.1252345561981194
-0.049917469050894114,1.724825309491059,-0.2101513067400275,-0.3245171939477304,-0.7367592847317745,0.004151306740027505,-0.3501182943603852,-0.5749381017881707,-0.019821182943603882,46231.93590096286,0.12880105972289968
0.030082530949105957,1.6748253094910588,-0.2201513067400275,-0.3545171939477304,-0.7667592847317746,0.004151306740027505,-0.41011829436038527,-0.6149381017881708,-0.019821182943603882,45864.93590096286,0.13279457092285085
0.050082530949105974,1.6548253094910592,-0.2201513067400275,-0.3245171939477304,-0.7767592847317746,0.004151306740027505,-0.37011829436038524,-0.6149381017881708,-0.00982118294360388,45981.93590096286,0.13279457092285085
0.080082530949106,1.644825309491059,-0.23015130674002748,-0.39451719394773044,-0.7967592847317746,-0.015848693259972485,-0.39011829436038525,-0.6049381017881708,-0.00982118294360388,45724.93590096286,0.13778872489928773
0.13008253094910605,1.624825309491059,-0.2201513067400275,-0.38451719394773043,-0.8067592847317746,-0.00584869325997249,-0.38011829436038524,-0.6049381017881708,-0.00982118294360388,45515.93590096286,0.14093370437622
0.17008253094910586,1.5948253094910592,-0.2201513067400275,-0.3645171939477304,-0.8067592847317746,-0.00584869325997249,-0.40011829436038526,-0.6049381017881708,-0.00982118294360388,45782.93590096286,0.14512009620666433
0.2200825309491059,1.564825309491059,-0.23015130674002748,-0.39451719394773044,-0.8267592847317746,-0.015848693259972485,-0.37011829436038524,-0.6249381017881708,-0.00982118294360388,45687.93590096286,0.14612169265747
0.25008253094910593,1.534825309491059,-0.23015130674002748,-0.3745171939477304,-0.8267592847317746,-0.015848693259972485,-0.39011829436038525,-0.5949381017881707,0.00017881705639611473,45856.93590096286,0.1492256641387968
0.300082530949106,1.494825309491059,-0.23015130674002748,-0.3345171939477304,-0.8267592847317746,0.004151306740027505,-0.37011829436038524,-0.6049381017881708,-0.00982118294360388,45565.93590096286,0.15422840118407777
0.330082530949106,1.474825309491059,-0.23015130674002748,-0.3245171939477304,-0.8167592847317746,-0.00584869325997249,-0.3601182943603852,-0.5849381017881707,0.00017881705639611473,45980.93590096286,0.15722675323486257
0.36008253094910603,1.4448253094910588,-0.23015130674002748,-0.3345171939477304,-0.8167592847317746,-0.00584869325997249,-0.3601182943603852,-0.6049381017881708,0.00017881705639611473,45941.93590096286,0.15823812484740785
0.40008253094910606,1.414825309491059,-0.2201513067400275,-0.3245171939477304,-0.8067592847317746,0.004151306740027505,-0.39011829436038525,-0.6049381017881708,0.00017881705639611473,46140.93590096286,0.16222686767578054
0.4400825309491059,1.374825309491059,-0.23015130674002748,-0.2845171939477304,-0.7767592847317746,-0.00584869325997249,-0.43011829436038523,-0.6049381017881708,-0.00982118294360388,46013.93590096286,0.16622705459594656
0.4700825309491059,1.3648253094910592,-0.23015130674002748,-0.3145171939477304,-0.7867592847317746,-0.00584869325997249,-0.45011829436038525,-0.6049381017881708,-0.00982118294360388,45736.93590096286,0.1702019691467278
0.4900825309491059,1.334825309491059,-0.23015130674002748,-0.3245171939477304,-0.7767592847317746,0.004151306740027505,-0.45011829436038525,-0.6049381017881708,0.00017881705639611473,46125.93590096286,0.17121357917785573
0.520082530949106,1.314825309491059,-0.23015130674002748,-0.3445171939477304,-0.7767592847317746,-0.00584869325997249,-0.4201182943603852,-0.5949381017881707,-0.00982118294360388,47028.93590096286,0.1736666679382317
0.550082530949106,1.284825309491059,-0.23015130674002748,-0.3045171939477304,-0.7467592847317746,-0.00584869325997249,-0.41011829436038527,-0.5649381017881707,0.00017881705639611473,47333.93590096286,0.17870421409606863
0.570082530949106,1.2748253094910589,-0.23015130674002748,-0.2545171939477304,-0.7367592847317745,-0.00584869325997249,-0.39011829436038525,-0.5649381017881707,-0.00982118294360388,48080.93590096286,0.1827299118041985
0.590082530949106,1.244825309491059,-0.23015130674002748,-0.2545171939477304,-0.7267592847317745,-0.00584869325997249,-0.38011829436038524,-0.5649381017881707,0.00017881705639611473,48405.93590096286,0.1827299118041985
0.610082530949106,1.224825309491059,-0.2201513067400275,-0.24451719394773042,-0.7067592847317745,-0.00584869325997249,-0.3501182943603852,-0.5449381017881707,0.00017881705639611473,48246.93590096286,0.18673009872436452
0.640082530949106,1.184825309491059,-0.2201513067400275,-0.2645171939477304,-0.7267592847317745,0.004151306740027505,-0.38011829436038524,-0.5449381017881707,0.00017881705639611473,49357.93590096286,0.19080777168273855
0.6700825309491059,1.164825309491059,-0.2201513067400275,-0.2745171939477304,-0.7167592847317745,0.004151306740027505,-0.38011829436038524,-0.5449381017881707,0.010178817056396124,50088.93590096286,0.19488568305968812
0.6900825309491059,1.144825309491059,-0.2201513067400275,-0.3045171939477304,-0.6967592847317745,-0.00584869325997249,-0.3501182943603852,-0.5349381017881707,0.00017881705639611473,50291.93590096286,0.19891567230224894
0.7100825309491059,1.1148253094910592,-0.2201513067400275,-0.3045171939477304,-0.6867592847317745,0.004151306740027505,-0.3501182943603852,-0.5249381017881707,0.010178817056396124,50650.93590096286,0.19891567230224894
0.7400825309491059,1.104825309491059,-0.2201513067400275,-0.2945171939477304,-0.6667592847317746,0.014151306740027514,-0.4201182943603852,-0.5649381017881707,0.010178817056396124,51103.93590096286,0.20333189964294363
0.7600825309491059,1.0748253094910591,-0.2201513067400275,-0.3045171939477304,-0.6467592847317746,0.014151306740027514,-0.44011829436038524,-0.5949381017881707,0.00017881705639611473,51468.93590096286,0.20791621208190847
0.780082530949106,1.0548253094910591,-0.2201513067400275,-0.2845171939477304,-0.6567592847317746,0.014151306740027514,-0.49011829436038523,-0.6049381017881708,0.00017881705639611473,51757.93590096286,0.2103623867034905
0.8000825309491058,1.044825309491059,-0.2201513067400275,-0.2745171939477304,-0.6567592847317746,0.014151306740027514,-0.49011829436038523,-0.6149381017881708,0.010178817056396124,51814.93590096286,0.2113983154296868
0.8000825309491058,1.034825309491059,-0.2101513067400275,-0.2945171939477304,-0.6367592847317746,0.014151306740027514,-0.49011829436038523,-0.6249381017881708,-0.00982118294360388,51693.93590096286,0.21549649238586355
0.810082530949106,1.0248253094910589,-0.2101513067400275,-0.3045171939477304,-0.5967592847317745,0.014151306740027514,-0.5301182943603853,-0.6249381017881708,0.00017881705639611473,52342.93590096286,0.21953744888305593
0.810082530949106,1.014825309491059,-0.20015130674002748,-0.2745171939477304,-0.5867592847317745,0.02415130674002751,-0.5701182943603853,-0.6449381017881707,0.010178817056396124,52493.93590096286,0.22282452583312917
0.8200825309491058,1.0048253094910589,-0.20015130674002748,-0.2545171939477304,-0.5667592847317745,0.014151306740027514,-0.5701182943603853,-0.6449381017881707,0.010178817056396124,52278.93590096286,0.22353715896606374
0.8400825309491058,0.974825309491059,-0.20015130674002748,-0.24451719394773042,-0.5367592847317746,0.02415130674002751,-0.5601182943603853,-0.6349381017881708,0.00017881705639611473,52503.93590096286,0.22799415588378835
0.850082530949106,0.9648253094910588,-0.1901513067400275,-0.2345171939477304,-0.5267592847317746,0.004151306740027505,-0.5601182943603853,-0.6149381017881708,0.010178817056396124,52554.93590096286,0.2312654972076409
0.8600825309491058,0.954825309491059,-0.1801513067400275,-0.2245171939477304,-0.5067592847317746,0.02415130674002751,-0.5301182943603853,-0.5949381017881707,0.010178817056396124,52019.93590096286,0.23583812713622976
0.870082530949106,0.9448253094910588,-0.1801513067400275,-0.2345171939477304,-0.4667592847317745,0.014151306740027514,-0.6001182943603852,-0.6149381017881708,0.010178817056396124,52170.93590096286,0.23583812713622976
0.870082530949106,0.934825309491059,-0.1801513067400275,-0.2145171939477304,-0.4467592847317745,0.02415130674002751,-0.6001182943603852,-0.6049381017881708,0.010178817056396124,52275.93590096286,0.23995323181152273
0.890082530949106,0.914825309491059,-0.1801513067400275,-0.2845171939477304,-0.4267592847317746,0.04415130674002751,-0.5501182943603853,-0.6049381017881708,0.010178817056396124,51662.93590096286,0.24441928863524964
0.9000825309491058,0.894825309491059,-0.17015130674002749,-0.2645171939477304,-0.37675928473177456,0.04415130674002751,-0.5101182943603852,-0.6149381017881708,0.02017881705639612,51943.93590096286,0.24793238639831472
0.9000825309491058,0.874825309491059,-0.17015130674002749,-0.24451719394773042,-0.3067592847317746,0.05415130674002752,-0.5001182943603852,-0.6149381017881708,0.010178817056396124,52424.93590096286,0.24793238639831472
0.9200825309491059,0.854825309491059,-0.16015130674002748,-0.1545171939477304,-0.25675928473177456,0.0941513067400275,-0.5301182943603853,-0.6049381017881708,0.010178817056396124,52313.93590096286,0.2519576072692864
0.9400825309491059,0.8248253094910591,-0.16015130674002748,-0.1545171939477304,-0.21675928473177453,0.0941513067400275,-0.5101182943603852,-0.5949381017881707,0.030178817056396114,52642.93590096286,0.25700850486755655
0.9600825309491059,0.8048253094910591,-0.15015130674002747,-0.1745171939477304,-0.16675928473177448,0.0941513067400275,-0.5301182943603853,-0.6049381017881708,0.02017881705639612,52459.93590096286,0.2601043701171868
0.9700825309491061,0.7948253094910589,-0.14015130674002751,-0.1645171939477304,-0.11675928473177466,0.10415130674002751,-0.5601182943603853,-0.6049381017881708,0.030178817056396114,51712.93590096286,0.2633087158203118
0.9800825309491059,0.7748253094910589,-0.15015130674002747,-0.13451719394773043,-0.0467592847317746,0.11415130674002752,-0.5201182943603853,-0.6149381017881708,0.02017881705639612,51705.93590096286,0.2644016265869169
0.9900825309491061,0.7648253094910591,-0.1301513067400275,-0.12451719394773042,-0.02675928473177458,0.1241513067400275,-0.5301182943603853,-0.6049381017881708,0.030178817056396114,52472.93590096286,0.2684025287628167
0.9800825309491059,0.7448253094910591,-0.1301513067400275,-0.08451719394773038,0.013240715268225456,0.1541513067400275,-0.5201182943603853,-0.5849381017881707,0.04017881705639612,52435.93590096286,0.27241058349609304
1.0100825309491062,0.7148253094910588,-0.11015130674002749,-0.04451719394773035,0.05324071526822549,0.1641513067400275,-0.5701182943603853,-0.6049381017881708,0.030178817056396114,52174.93590096286,0.27608342170715616
1.0100825309491062,0.6948253094910588,-0.11015130674002749,-0.07451719394773038,0.09324071526822553,0.1641513067400275,-0.5701182943603853,-0.6049381017881708,0.05017881705639612,51891.93590096286,0.27679986953735636
1.020082530949106,0.684825309491059,-0.09015130674002747,-0.06451719394773037,0.16324071526822537,0.18415130674002753,-0.5401182943603853,-0.6049381017881708,0.05017881705639612,51530.93590096286,0.2807783603668206
1.020082530949106,0.644825309491059,-0.08015130674002752,-0.05451719394773036,0.17324071526822538,0.2041513067400275,-0.5701182943603853,-0.5949381017881707,0.04017881705639612,51887.93590096286,0.2847783088684075
1.020082530949106,0.624825309491059,-0.0601513067400275,-0.004517193947730425,0.22324071526822542,0.2041513067400275,-0.5201182943603853,-0.5749381017881707,0.05017881705639612,51606.93590096286,0.2887017250061028
1.060082530949106,0.5848253094910589,-0.05015130674002749,0.005482806052269584,0.26324071526822546,0.2141513067400275,-0.46011829436038526,-0.5849381017881707,0.05017881705639612,51069.93590096286,0.28964133262634206
1.0500825309491058,0.5648253094910589,-0.04015130674002748,0.025482806052269602,0.3032407152682255,0.2041513067400275,-0.5501182943603853,-0.5849381017881707,0.05017881705639612,51062.93590096286,0.2931220054626458
1.0500825309491058,0.5448253094910589,-0.02015130674002752,0.025482806052269602,0.37324071526822555,0.23415130674002751,-0.5401182943603853,-0.5849381017881707,0.05017881705639612,51547.93590096286,0.29704089164733816
1.0500825309491058,0.5448253094910589,-0.030151306740027473,0.06548280605226964,0.40324071526822536,0.2541513067400275,-0.5401182943603853,-0.5349381017881707,0.06017881705639611,51238.93590096286,0.30088276863098073
1.0300825309491062,0.5348253094910591,-0.01015130674002751,0.12548280605226958,0.4232407152682254,0.2541513067400275,-0.5301182943603853,-0.5349381017881707,0.06017881705639611,50499.93590096286,0.30088276863098073
1.0300825309491062,0.5248253094910591,-0.01015130674002751,0.1354828060522696,0.4532407152682254,0.2741513067400275,-0.4801182943603852,-0.5149381017881707,0.06017881705639611,49808.93590096286,0.30492825508117605
0.9900825309491061,0.5348253094910591,0.009848693259972507,0.17548280605226962,0.5032407152682254,0.28415130674002753,-0.41011829436038527,-0.4849381017881707,0.08017881705639612,49201.93590096286,0.30904932022094656
1.000082530949106,0.5148253094910591,0.029848693259972525,0.19548280605226964,0.5332407152682255,0.28415130674002753,-0.41011829436038527,-0.46493810178817074,0.08017881705639612,48814.93590096286,0.31354708671569753
0.9500825309491061,0.5248253094910591,0.03984869325997248,0.22548280605226956,0.5732407152682255,0.2741513067400275,-0.40011829436038526,-0.46493810178817074,0.08017881705639612,48319.93590096286,0.31354708671569753
0.9400825309491059,0.5248253094910591,0.059848693259972496,0.24548280605226958,0.6232407152682256,0.29415130674002754,-0.39011829436038525,-0.45493810178817073,0.08017881705639612,47762.93590096286,0.3170203685760491
0.9200825309491059,0.5148253094910591,0.0698486932599725,0.2754828060522696,0.6432407152682253,0.31415130674002756,-0.38011829436038524,-0.4349381017881707,0.08017881705639612,47263.93590096286,0.321683359146121
0.9100825309491061,0.5048253094910591,0.08984869325997252,0.2754828060522696,0.6932407152682254,0.32415130674002746,-0.3401182943603852,-0.4249381017881707,0.08017881705639612,46232.93590096286,0.32494516372680593
0.870082530949106,0.47482530949105906,0.11984869325997255,0.2954828060522696,0.7332407152682254,0.29415130674002754,-0.3601182943603852,-0.39493810178817074,0.0901788170563961,46191.93590096286,0.3259520053863554
0.870082530949106,0.47482530949105906,0.13984869325997246,0.31548280605226964,0.7632407152682252,0.31415130674002756,-0.3401182943603852,-0.40493810178817075,0.0901788170563961,45710.93590096286,0.329953622817996
0.8400825309491058,0.46482530949105905,0.14984869325997247,0.3754828060522696,0.7632407152682252,0.31415130674002756,-0.3101182943603853,-0.40493810178817075,0.0901788170563961,44809.93590096286,0.3339530944824247
0.830082530949106,0.45482530949105904,0.16984869325997248,0.3954828060522696,0.7732407152682255,0.32415130674002746,-0.28011829436038527,-0.40493810178817075,0.0901788170563961,44010.93590096286,0.3379530429840081
0.770082530949106,0.47482530949105906,0.1798486932599725,0.4254828060522696,0.8432407152682253,0.32415130674002746,-0.3001182943603853,-0.40493810178817075,0.10017881705639611,43637.93590096286,0.34100003242492605
0.7400825309491059,0.48482530949105906,0.1798486932599725,0.43548280605226963,0.8132407152682255,0.33415130674002747,-0.37011829436038524,-0.4149381017881707,0.08017881705639612,43208.93590096286,0.3420147418975823
0.7100825309491059,0.48482530949105906,0.20984869325997252,0.5254828060522695,0.8332407152682255,0.32415130674002746,-0.39011829436038525,-0.4449381017881707,0.08017881705639612,42865.93590096286,0.3460318565368645
0.6500825309491061,0.5148253094910591,0.21984869325997253,0.6054828060522696,0.8132407152682255,0.31415130674002756,-0.3401182943603852,-0.4349381017881707,0.0901788170563961,42332.93590096286,0.351075363159179
0.600082530949106,0.5248253094910591,0.23984869325997255,0.6654828060522696,0.8132407152682255,0.30415130674002755,-0.40011829436038526,-0.45493810178817073,0.08017881705639612,41817.93590096286,0.35424299240112234
0.600082530949106,0.4948253094910591,0.24984869325997255,0.7354828060522697,0.8032407152682253,0.32415130674002746,-0.40011829436038526,-0.4449381017881707,0.07017881705639611,41572.93590096286,0.355247926712039
0.600082530949106,0.46482530949105905,0.27984869325997247,0.7554828060522697,0.7832407152682253,0.29415130674002754,-0.39011829436038525,-0.4449381017881707,0.08017881705639612,41007.93590096286,0.35844297409057546
0.550082530949106,0.46482530949105905,0.2898486932599725,0.7954828060522695,0.8132407152682255,0.30415130674002755,-0.40011829436038526,-0.4249381017881707,0.06017881705639611,40750.93590096286,0.36345286369324015
0.5000825309491059,0.46482530949105905,0.3098486932599725,0.8354828060522695,0.8232407152682253,0.29415130674002754,-0.40011829436038526,-0.45493810178817073,0.06017881705639611,40807.93590096286,0.3665847301483147
0.4900825309491059,0.47482530949105906,0.3198486932599725,0.8554828060522696,0.7832407152682253,0.30415130674002755,-0.4201182943603852,-0.4449381017881707,0.07017881705639611,39940.93590096286,0.36746401786803773
0.4600825309491059,0.44482530949105903,0.35984869325997254,0.8754828060522696,0.7832407152682253,0.30415130674002755,-0.39011829436038525,-0.4449381017881707,0.08017881705639612,40005.93590096286,0.3710255146026604
0.42008253094910586,0.434825309491059,0.36984869325997255,0.9754828060522697,0.7532407152682254,0.30415130674002755,-0.37011829436038524,-0.4349381017881707,0.07017881705639611,39740.93590096286,0.3753597259521477
0.40008253094910606,0.424825309491059,0.37984869325997256,1.0654828060522696,0.6732407152682254,0.30415130674002755,-0.3601182943603852,-0.46493810178817074,0.05017881705639612,39251.93590096286,0.3786396503448479
0.40008253094910606,0.424825309491059,0.39984869325997247,1.1054828060522697,0.6832407152682254,0.29415130674002754,-0.39011829436038525,-0.46493810178817074,0.06017881705639611,39188.93590096286,0.3793596744537311
0.39008253094910605,0.394825309491059,0.39984869325997247,1.1354828060522695,0.6732407152682254,0.29415130674002754,-0.40011829436038526,-0.4449381017881707,0.07017881705639611,39387.93590096286,0.3836702823638909
0.39008253094910605,0.384825309491059,0.39984869325997247,1.1854828060522697,0.6332407152682253,0.28415130674002753,-0.4201182943603852,-0.4849381017881707,0.05017881705639612,39636.93590096286,0.3875476837158196
0.37008253094910604,0.36482530949105896,0.4198486932599725,1.2654828060522698,0.6232407152682256,0.2641513067400275,-0.44011829436038524,-0.5149381017881707,0.05017881705639612,39545.93590096286,0.39100546836852956
0.37008253094910604,0.34482530949105894,0.4098486932599725,1.3154828060522696,0.6032407152682255,0.2541513067400275,-0.43011829436038523,-0.5349381017881707,0.04017881705639612,39538.93590096286,0.39100546836852956
0.350082530949106,0.34482530949105894,0.4098486932599725,1.3654828060522695,0.5832407152682255,0.24415130674002752,-0.46011829436038526,-0.5449381017881707,0.030178817056396114,39157.93590096286,0.3950087547302239
0.330082530949106,0.33482530949105893,0.39984869325997247,1.4254828060522695,0.5632407152682255,0.2241513067400275,-0.47011829436038527,-0.5449381017881707,0.030178817056396114,39352.93590096286,0.399004411697387
0.310082530949106,0.33482530949105893,0.39984869325997247,1.4754828060522698,0.5432407152682255,0.2141513067400275,-0.45011829436038525,-0.5349381017881707,0.02017881705639612,39787.93590096286,0.40329952239990163
0.300082530949106,0.3248253094910589,0.38984869325997246,1.4954828060522698,0.5232407152682255,0.2141513067400275,-0.47011829436038527,-0.5449381017881707,0.030178817056396114,39490.93590096286,0.40729994773864675
0.300082530949106,0.3048253094910589,0.39984869325997247,1.5254828060522696,0.5232407152682255,0.19415130674002753,-0.49011829436038523,-0.5849381017881707,0.02017881705639612,39405.93590096286,0.40729994773864675
0.25008253094910593,0.2648253094910591,0.4098486932599725,1.5654828060522696,0.5032407152682254,0.19415130674002753,-0.5101182943603852,-0.5949381017881707,0.00017881705639611473,39536.93590096286,0.41129822731017995
0.2200825309491059,0.2948253094910589,0.36984869325997255,1.6054828060522697,0.48324071526822543,0.19415130674002753,-0.46011829436038526,-0.6349381017881708,0.010178817056396124,40033.93590096286,0.41530103683471964
0.18008253094910587,0.2948253094910589,0.39984869325997247,1.61548280605227,0.4732407152682254,0.17415130674002752,-0.49011829436038523,-0.5949381017881707,0.030178817056396114,39946.93590096286,0.41953845024108816
0.19008253094910588,0.2948253094910589,0.4198486932599725,1.6454828060522697,0.4732407152682254,0.17415130674002752,-0.49011829436038523,-0.6149381017881708,0.00017881705639611473,40077.93590096286,0.41953845024108816
0.15008253094910606,0.2648253094910591,0.4098486932599725,1.6754828060522695,0.4432407152682254,0.1641513067400275,-0.5201182943603853,-0.6249381017881708,-0.00982118294360388,40196.93590096286,0.4235691547393792
0.18008253094910587,0.24482530949105907,0.4198486932599725,1.6954828060522695,0.4432407152682254,0.1641513067400275,-0.5701182943603853,-0.6549381017881707,-0.00982118294360388,40161.93590096286,0.42777533531188894
0.16008253094910607,0.19482530949105903,0.4398486932599725,1.7254828060522698,0.4232407152682254,0.17415130674002752,-0.5301182943603853,-0.6549381017881707,-0.00982118294360388,40194.93590096286,0.4318615913391106
0.16008253094910607,0.18482530949105902,0.4098486932599725,1.7254828060522698,0.41324071526822537,0.17415130674002752,-0.5701182943603853,-0.6649381017881707,-0.019821182943603882,40879.93590096286,0.4318615913391106
0.14008253094910605,0.174825309491059,0.4198486932599725,1.7554828060522696,0.40324071526822536,0.17415130674002752,-0.6501182943603853,-0.7049381017881707,-0.029821182943603884,41480.93590096286,0.43591017723083425
0.13008253094910605,0.12482530949105897,0.4298486932599725,1.7754828060522696,0.37324071526822555,0.1641513067400275,-0.6701182943603853,-0.6949381017881707,-0.039821182943603886,42117.93590096286,0.4409060001373284
0.13008253094910605,0.13482530949105898,0.4298486932599725,1.8154828060522696,0.35324071526822554,0.1641513067400275,-0.5601182943603853,-0.7149381017881707,-0.04982118294360388,42752.93590096286,0.44390268325805593
0.14008253094910605,0.11482530949105896,0.4298486932599725,1.8554828060522697,0.3132407152682255,0.1641513067400275,-0.5501182943603853,-0.7249381017881708,-0.029821182943603884,43589.93590096286,0.44490547180176065
0.12008253094910604,0.11482530949105896,0.4198486932599725,1.8754828060522697,0.2932407152682255,0.1641513067400275,-0.5801182943603853,-0.7349381017881708,-0.029821182943603884,44422.93590096286,0.44816608428955007
0.14008253094910605,0.09482530949105894,0.4098486932599725,1.8954828060522697,0.2832407152682255,0.1641513067400275,-0.6201182943603852,-0.7749381017881707,-0.04982118294360388,44253.93590096286,0.45319695472717214
0.10008253094910602,0.06482530949105891,0.4698486932599725,1.8954828060522697,0.27324071526822546,0.1641513067400275,-0.6401182943603853,-0.7749381017881707,-0.05982118294360388,44830.93590096286,0.4564060688018792
0.12008253094910604,0.054825309491058904,0.4598486932599725,1.9354828060522697,0.24324071526822544,0.17415130674002752,-0.6101182943603852,-0.7849381017881707,-0.039821182943603886,45329.93590096286,0.4571735382080071
0.07008253094910599,0.054825309491058904,0.4498486932599725,1.9154828060522697,0.24324071526822544,0.17415130674002752,-0.6701182943603853,-0.7649381017881707,-0.04982118294360388,46018.93590096286,0.46024627685546804
0.080082530949106,0.07482530949105892,0.48984869325997255,1.9354828060522697,0.23324071526822543,0.17415130674002752,-0.6301182943603852,-0.7949381017881707,-0.05982118294360388,46103.93590096286,0.4645742893218987
0.080082530949106,0.06482530949105891,0.48984869325997255,1.9354828060522697,0.22324071526822542,0.18415130674002753,-0.7001182943603852,-0.7749381017881707,-0.05982118294360388,46194.93590096286,0.4693221569061272
0.10008253094910602,0.004825309491059082,0.47984869325997254,1.9554828060522698,0.2132407152682254,0.18415130674002753,-0.6601182943603853,-0.7549381017881707,-0.04982118294360388,46239.93590096286,0.4693221569061272
0.12008253094910604,0.004825309491059082,0.4698486932599725,1.9554828060522698,0.2132407152682254,0.18415130674002753,-0.7101182943603852,-0.7349381017881708,-0.029821182943603884,46456.93590096286,0.4726309299468987
0.12008253094910604,-0.005174690508940927,0.4498486932599725,1.9754828060522698,0.1932407152682254,0.18415130674002753,-0.6401182943603853,-0.7449381017881707,-0.039821182943603886,46691.93590096286,0.47668452262878347
0.13008253094910605,-0.015174690508940936,0.4698486932599725,1.9854828060522696,0.17324071526822538,0.19415130674002753,-0.5301182943603853,-0.7049381017881707,-0.039821182943603886,47160.93590096286,0.481672954559329
0.14008253094910605,-0.03517469050894095,0.4298486932599725,1.9954828060522698,0.16324071526822537,0.2041513067400275,-0.5701182943603853,-0.6249381017881708,-0.019821182943603882,47343.93590096286,0.48466296195983816
0.14008253094910605,-0.005174690508940927,0.4398486932599725,2.0054828060522696,0.14324071526822535,0.2041513067400275,-0.5501182943603853,-0.6349381017881708,-0.029821182943603884,47188.93590096286,0.48566241264343546
0.14008253094910605,-0.06517469050894098,0.4498486932599725,2.01548280605227,0.12324071526822555,0.2141513067400275,-0.6601182943603853,-0.6149381017881708,-0.00982118294360388,47325.93590096286,0.48968358039855886
0.10008253094910602,-0.015174690508940936,0.4398486932599725,2.0254828060522696,0.11324071526822554,0.2141513067400275,-0.5301182943603853,-0.5849381017881707,0.010178817056396124,47322.93590096286,0.4938678264617913
0.10008253094910602,-0.025174690508940945,0.38984869325997246,2.01548280605227,0.10324071526822554,0.2241513067400275,-0.47011829436038527,-0.5749381017881707,0.010178817056396124,47755.93590096286,0.4976105213165276
0.10008253094910602,-0.03517469050894095,0.4098486932599725,2.05548280605227,0.08324071526822552,0.2241513067400275,-0.49011829436038523,-0.5149381017881707,0.02017881705639612,47780.93590096286,0.4976105213165276
0.080082530949106,-0.03517469050894095,0.38984869325997246,2.0454828060522696,0.07324071526822551,0.2241513067400275,-0.43011829436038523,-0.4749381017881707,0.05017881705639612,48051.93590096286,0.5016822338104241
0.07008253094910599,0.004825309491059082,0.3398486932599725,2.0454828060522696,0.0632407152682255,0.23415130674002751,-0.44011829436038524,-0.4449381017881707,0.05017881705639612,48190.93590096286,0.5058760166168206
0.06008253094910598,0.004825309491059082,0.3098486932599725,2.0454828060522696,0.05324071526822549,0.24415130674002752,-0.5101182943603852,-0.38493810178817073,0.07017881705639611,47995.93590096286,0.5101050853729241
0.020082530949105948,-0.005174690508940927,0.3398486932599725,2.05548280605227,0.04324071526822548,0.24415130674002752,-0.44011829436038524,-0.3549381017881707,0.0901788170563961,47650.93590096286,0.5101050853729241
0.010082530949105939,0.004825309491059082,0.3098486932599725,2.0454828060522696,0.023240715268225465,0.2541513067400275,-0.4201182943603852,-0.2849381017881707,0.11017881705639612,47795.93590096286,0.5141112327575676
0.020082530949105948,0.014825309491059091,0.3298486932599725,2.0654828060522696,0.023240715268225465,0.2541513067400275,-0.38011829436038524,-0.25493810178817067,0.1301788170563961,48238.93590096286,0.5182795047760003
-0.029917469050894097,-0.005174690508940927,0.3298486932599725,2.0654828060522696,0.003240715268225447,0.24415130674002752,-0.39011829436038525,-0.18493810178817072,0.1501788170563961,48273.93590096286,0.5219518661499016
-0.039917469050894105,-0.03517469050894095,0.3298486932599725,2.05548280605227,0.003240715268225447,0.2541513067400275,-0.3301182943603852,-0.12493810178817077,0.17017881705639612,48564.93590096286,0.5229935169219999
-0.039917469050894105,0.014825309491059091,0.35984869325997254,2.0854828060522697,-0.03675928473177459,0.2541513067400275,-0.3401182943603852,-0.07493810178817073,0.1801788170563961,48515.93590096286,0.5257985115051262
-0.06991746905089413,0.004825309491059082,0.34984869325997253,2.07548280605227,-0.02675928473177458,0.2541513067400275,-0.3301182943603852,-0.024938101788170686,0.1901788170563961,48592.93590096286,0.5307371139526396
-0.10991746905089395,0.03482530949105911,0.3098486932599725,2.0854828060522697,-0.02675928473177458,0.2541513067400275,-0.28011829436038527,0.025061898211829248,0.21017881705639613,48751.93590096286,0.5347232341766386
-0.10991746905089395,-0.005174690508940927,0.3198486932599725,2.0454828060522696,-0.006759284731774562,0.2641513067400275,-0.27011829436038526,0.07506189821182929,0.2301788170563961,48650.93590096286,0.5352942466735833
-0.11991746905089395,-0.005174690508940927,0.25984869325997245,2.0654828060522696,-0.056759284731774606,0.2641513067400275,-0.24011829436038523,0.10506189821182932,0.2401788170563961,48203.93590096286,0.538701009750369
-0.12991746905089396,0.0248253094910591,0.25984869325997245,2.05548280605227,-0.03675928473177459,0.2541513067400275,-0.26011829436038525,0.16506189821182926,0.2501788170563961,48218.93590096286,0.542775106430053
-0.159917469050894,0.03482530949105911,0.24984869325997255,2.03548280605227,-0.02675928473177458,0.2741513067400275,-0.24011829436038523,0.23506189821182932,0.2601788170563961,48195.93590096286,0.5466975688934355
-0.21991746905089404,0.07482530949105892,0.25984869325997245,2.0054828060522696,-0.006759284731774562,0.28415130674002753,-0.15011829436038526,0.2950618982118294,0.2701788170563961,47922.93590096286,0.5466975688934355
-0.169917469050894,0.06482530949105891,0.23984869325997255,1.9954828060522698,-0.006759284731774562,0.29415130674002754,-0.15011829436038526,0.3550618982118292,0.3001788170563961,48015.93590096286,0.5508291244506829
-0.159917469050894,0.044825309491058896,0.27984869325997247,1.9654828060522695,0.003240715268225447,0.30415130674002755,-0.13011829436038524,0.40506189821182925,0.3601788170563961,48054.93590096286,0.5548290729522698
-0.12991746905089396,0.014825309491059091,0.27984869325997247,1.9454828060522695,-0.006759284731774562,0.31415130674002756,-0.12011829436038524,0.4350618982118293,0.3701788170563961,47437.93590096286,0.5588252067565911
-0.179917469050894,-0.025174690508940945,0.2898486932599725,1.9354828060522697,0.003240715268225447,0.33415130674002747,-0.0801182943603852,0.4850618982118293,0.3901788170563961,47240.93590096286,0.5628199100494378
-0.11991746905089395,-0.025174690508940945,0.23984869325997255,1.9154828060522697,0.003240715268225447,0.3441513067400275,-0.020118294360385258,0.5050618982118293,0.40017881705639613,46709.93590096286,0.5638536930084221
-0.13991746905089397,-0.025174690508940945,0.22984869325997254,1.88548280605227,0.013240715268225456,0.3541513067400275,0.049881705639614804,0.5550618982118294,0.40017881705639613,46666.93590096286,0.5668990135192864
-0.14991746905089398,0.014825309491059091,0.26984869325997246,1.8454828060522699,0.033240715268225474,0.3741513067400275,0.06988170563961471,0.5650618982118292,0.4501788170563961,46889.93590096286,0.5710143566131585
-0.179917469050894,-0.025174690508940945,0.2998486932599725,1.8154828060522696,0.023240715268225465,0.3841513067400275,0.07988170563961472,0.5850618982118292,0.47017881705639614,46324.93590096286,0.5751235008239703
-0.19991746905089403,-0.015174690508940936,0.2898486932599725,1.7654828060522698,0.05324071526822549,0.4041513067400275,0.09988170563961474,0.5650618982118292,0.49017881705639615,45975.93590096286,0.5761172294616692
-0.169917469050894,-0.005174690508940927,0.2898486932599725,1.7354828060522696,0.08324071526822552,0.4041513067400275,0.11988170563961476,0.6450618982118292,0.5201788170563961,45156.93590096286,0.5801236152648919
-0.22991746905089405,-0.005174690508940927,0.3098486932599725,1.6954828060522695,0.07324071526822551,0.41415130674002754,0.1598817056396148,0.6150618982118292,0.5101788170563961,44629.93590096286,0.5841242790222161
-0.23991746905089406,-0.005174690508940927,0.2998486932599725,1.6254828060522697,0.13324071526822534,0.42415130674002754,0.20988170563961484,0.6450618982118292,0.5301788170563961,44404.93590096286,0.5877546787261991
-0.24991746905089407,-0.005174690508940927,0.3098486932599725,1.5854828060522697,0.15324071526822536,0.44415130674002756,0.18988170563961482,0.7150618982118293,0.5301788170563961,43747.93590096286,0.5887810707092278
-0.2599174690508941,0.014825309491059091,0.3198486932599725,1.5354828060522698,0.16324071526822537,0.4641513067400276,0.22988170563961485,0.7250618982118293,0.5601788170563962,43228.93590096286,0.5916144371032708
-0.22991746905089405,0.004825309491059082,0.27984869325997247,1.4954828060522698,0.16324071526822537,0.4741513067400276,0.24988170563961465,0.7450618982118293,0.5601788170563962,42395.93590096286,0.5966369628906243
-0.2599174690508941,0.0248253094910591,0.27984869325997247,1.4754828060522698,0.16324071526822537,0.4841513067400275,0.3198817056396147,0.7550618982118293,0.5701788170563962,41336.93590096286,0.6000678062438958
-0.2599174690508941,0.0248253094910591,0.3098486932599725,1.4354828060522697,0.2032407152682254,0.5041513067400275,0.35988170563961475,0.7250618982118293,0.5701788170563962,39955.93590096286,0.6009845256805448
-0.279917469050894,0.06482530949105891,0.27984869325997247,1.3854828060522695,0.2132407152682254,0.5341513067400275,0.36988170563961476,0.7550618982118293,0.5901788170563962,39436.93590096286,0.6048483371734648
-0.24991746905089407,0.044825309491058896,0.27984869325997247,1.3654828060522695,0.18324071526822538,0.5441513067400275,0.4198817056396148,0.7650618982118293,0.6001788170563962,39651.93590096286,0.608486366271972
-0.24991746905089407,0.06482530949105891,0.3098486932599725,1.3554828060522697,0.16324071526822537,0.5541513067400275,0.4398817056396148,0.7650618982118293,0.6301788170563961,39364.93590096286,0.6129219055175739
-0.2699174690508941,0.06482530949105891,0.2898486932599725,1.3454828060522694,0.1932407152682254,0.5541513067400275,0.4398817056396148,0.7750618982118294,0.6301788170563961,38749.93590096286,0.6129219055175739
-0.289917469050894,0.044825309491058896,0.3198486932599725,1.2854828060522694,0.2132407152682254,0.5641513067400276,0.45988170563961484,0.7850618982118294,0.6501788170563961,37956.93590096286,0.6169030189514153
-0.299917469050894,0.06482530949105891,0.25984869325997245,1.2354828060522696,0.22324071526822542,0.5641513067400276,0.47988170563961485,0.7950618982118294,0.6301788170563961,37163.93590096286,0.6209287166595416
-0.32991746905089403,0.10482530949105895,0.2998486932599725,1.1754828060522695,0.27324071526822546,0.5641513067400276,0.5198817056396147,0.8150618982118292,0.6501788170563961,37108.93590096286,0.6248836040496819
-0.309917469050894,0.08482530949105893,0.27984869325997247,1.1054828060522697,0.3332407152682255,0.5641513067400276,0.5198817056396147,0.8550618982118292,0.6401788170563961,36639.93590096286,0.6248836040496819
-0.299917469050894,0.08482530949105893,0.2998486932599725,1.0654828060522696,0.3232407152682255,0.5741513067400276,0.5398817056396147,0.8750618982118292,0.6601788170563961,35804.93590096286,0.6288847446441643
-0.309917469050894,0.08482530949105893,0.3098486932599725,1.0454828060522696,0.35324071526822554,0.5741513067400276,0.5398817056396147,0.9150618982118293,0.6401788170563961,35281.93590096286,0.6329268932342522
-0.299917469050894,0.09482530949105894,0.2998486932599725,1.0254828060522696,0.38324071526822534,0.5641513067400276,0.5698817056396147,0.9450618982118293,0.6401788170563961,35044.93590096286,0.6369685649871819
-0.309917469050894,0.09482530949105894,0.2998486932599725,0.9754828060522697,0.39324071526822535,0.5641513067400276,0.5798817056396147,0.9750618982118293,0.6301788170563961,34595.93590096286,0.6405381679534905
-0.319917469050894,0.09482530949105894,0.2998486932599725,0.9354828060522696,0.41324071526822537,0.5741513067400276,0.5998817056396147,1.0150618982118293,0.6201788170563962,34248.93590096286,0.6415831565856926
-0.289917469050894,0.12482530949105897,0.2898486932599725,0.8554828060522696,0.4332407152682254,0.5841513067400276,0.6398817056396148,1.0150618982118293,0.6001788170563962,33659.93590096286,0.645595741271972
-0.279917469050894,0.09482530949105894,0.3298486932599725,0.8254828060522695,0.4332407152682254,0.6041513067400275,0.6798817056396148,1.0050618982118293,0.5801788170563962,33536.93590096286,0.6499306678772001
-0.289917469050894,0.08482530949105893,0.3098486932599725,0.8354828060522695,0.4232407152682254,0.6141513067400275,0.7198817056396148,1.0350618982118294,0.5601788170563962,32833.93590096286,0.6532613754272489
-0.279917469050894,0.07482530949105892,0.2998486932599725,0.7954828060522695,0.4532407152682254,0.6041513067400275,0.7498817056396146,1.0550618982118294,0.5601788170563962,32494.93590096286,0.6543361663818388
-0.2699174690508941,0.10482530949105895,0.3098486932599725,0.7654828060522697,0.4532407152682254,0.6141513067400275,0.7798817056396147,1.0450618982118294,0.5401788170563961,32337.93590096286,0.6583339691162102
-0.299917469050894,0.10482530949105895,0.3298486932599725,0.7554828060522697,0.4632407152682254,0.6041513067400275,0.8698817056396148,1.0250618982118294,0.5201788170563961,32252.93590096286,0.6623339176178007
-0.299917469050894,0.10482530949105895,0.2998486932599725,0.7254828060522697,0.4632407152682254,0.5941513067400276,0.9098817056396148,1.0450618982118294,0.5001788170563962,32319.93590096286,0.6655964374542229
-0.299917469050894,0.08482530949105893,0.2998486932599725,0.7054828060522697,0.48324071526822543,0.5741513067400276,0.9498817056396148,1.0550618982118294,0.49017881705639615,32260.93590096286,0.6663345813751178
-0.289917469050894,0.11482530949105896,0.27984869325997247,0.6754828060522696,0.4732407152682254,0.5841513067400276,0.9598817056396148,1.0550618982118294,0.48017881705639615,31975.93590096286,0.6703133106231682
-0.299917469050894,0.10482530949105895,0.3098486932599725,0.6654828060522696,0.4732407152682254,0.5941513067400276,1.0098817056396148,1.0550618982118294,0.46017881705639613,31926.93590096286,0.6746682643890409
-0.319917469050894,0.10482530949105895,0.2898486932599725,0.6454828060522696,0.48324071526822543,0.5641513067400276,1.0598817056396146,1.0550618982118294,0.4501788170563961,32127.93590096286,0.6778339862823479
-0.319917469050894,0.06482530949105891,0.3098486932599725,0.6554828060522696,0.48324071526822543,0.5641513067400276,1.0698817056396148,1.0650618982118292,0.4401788170563961,32078.93590096286,0.678815555572509
-0.299917469050894,0.044825309491058896,0.2898486932599725,0.6454828060522696,0.4732407152682254,0.5641513067400276,1.1198817056396146,1.0550618982118294,0.4301788170563961,32201.93590096286,0.682152462005611
-0.289917469050894,0.044825309491058896,0.2898486932599725,0.6354828060522696,0.4632407152682254,0.5641513067400276,1.1598817056396147,1.0450618982118294,0.4101788170563961,32592.93590096286,0.6860312938690178
-0.289917469050894,0.03482530949105911,0.27984869325997247,0.5954828060522696,0.4632407152682254,0.5541513067400275,1.2098817056396145,1.0450618982118294,0.40017881705639613,32391.93590096286,0.6898142814636223
-0.279917469050894,0.0248253094910591,0.26984869325997246,0.5954828060522696,0.4532407152682254,0.5741513067400276,1.2098817056396145,1.0450618982118294,0.3901788170563961,32032.93590096286,0.6908554553985589
-0.299917469050894,0.0248253094910591,0.25984869325997245,0.5754828060522695,0.4532407152682254,0.5741513067400276,1.2498817056396145,1.0350618982118294,0.3801788170563961,32129.93590096286,0.6949805736541705
-0.289917469050894,0.0248253094910591,0.23984869325997255,0.5654828060522695,0.4432407152682254,0.5541513067400275,1.2998817056396148,1.0150618982118293,0.3701788170563961,32160.93590096286,0.6993913173675566
-0.299917469050894,0.004825309491059082,0.22984869325997254,0.5654828060522695,0.4432407152682254,0.5641513067400276,1.3098817056396146,1.0250618982118294,0.3601788170563961,32565.93590096286,0.7028095245361321
-0.279917469050894,-0.015174690508940936,0.20984869325997252,0.5454828060522695,0.4332407152682254,0.5541513067400275,1.3398817056396148,1.0250618982118294,0.3501788170563961,32880.93590096286,0.7028095245361321
-0.279917469050894,-0.025174690508940945,0.22984869325997254,0.5354828060522695,0.4232407152682254,0.5741513067400276,1.3498817056396146,1.0350618982118294,0.34017881705639613,32787.93590096286,0.7068092346191399
-0.319917469050894,-0.025174690508940945,0.23984869325997255,0.5354828060522695,0.40324071526822536,0.5941513067400276,1.3798817056396144,1.0250618982118294,0.3201788170563961,32314.93590096286,0.7108094215393059
-0.299917469050894,-0.04517469050894096,0.20984869325997252,0.5254828060522695,0.39324071526822535,0.6041513067400275,1.3998817056396144,1.0250618982118294,0.3101788170563961,32117.93590096286,0.7147762298583977
-0.33991746905089404,-0.04517469050894096,0.20984869325997252,0.4854828060522697,0.40324071526822536,0.6041513067400275,1.4098817056396147,1.0350618982118294,0.3001788170563961,32744.93590096286,0.7157883167266839
-0.34991746905089405,-0.07517469050894099,0.22984869325997254,0.45548280605226965,0.4232407152682254,0.5641513067400276,1.4298817056396147,1.0150618982118293,0.3001788170563961,32565.93590096286,0.719204378128051
-0.34991746905089405,-0.06517469050894098,0.1998486932599725,0.45548280605226965,0.4232407152682254,0.5941513067400276,1.4498817056396147,1.0250618982118294,0.28017881705639613,32844.93590096286,0.7236096382141106
-0.34991746905089405,-0.10517469050894102,0.1998486932599725,0.44548280605226964,0.37324071526822555,0.5941513067400276,1.4598817056396145,1.0250618982118294,0.28017881705639613,33579.93590096286,0.7278766155242877
-0.36991746905089407,-0.12517469050894103,0.1898486932599725,0.44548280605226964,0.37324071526822555,0.5741513067400276,1.4598817056396145,1.0250618982118294,0.28017881705639613,33776.93590096286,0.7312035083770745
-0.3899174690508941,-0.13517469050894104,0.16984869325997248,0.43548280605226963,0.38324071526822534,0.5441513067400275,1.4698817056396147,1.0350618982118294,0.2701788170563961,33801.93590096286,0.7323708057403593
-0.36991746905089407,-0.085174690508941,0.1798486932599725,0.4254828060522696,0.3432407152682255,0.5441513067400275,1.4798817056396145,1.0350618982118294,0.2701788170563961,34036.93590096286,0.7359206199645989
-0.34991746905089405,-0.095174690508941,0.14984869325997247,0.43548280605226963,0.3432407152682255,0.5441513067400275,1.4898817056396148,1.0250618982118294,0.2601788170563961,34533.93590096286,0.7399208068847685
-0.35991746905089406,-0.11517469050894102,0.1798486932599725,0.44548280605226964,0.3332407152682255,0.5341513067400275,1.4998817056396145,1.0250618982118294,0.2701788170563961,35048.93590096286,0.7439207553863554
-0.36991746905089407,-0.11517469050894102,0.15984869325997247,0.43548280605226963,0.3132407152682255,0.5041513067400275,1.5098817056396148,1.0250618982118294,0.2601788170563961,34841.93590096286,0.7439207553863554
-0.399917469050894,-0.12517469050894103,0.1998486932599725,0.43548280605226963,0.2932407152682255,0.5241513067400275,1.5298817056396148,1.0150618982118293,0.2501788170563961,35262.93590096286,0.7478947162628167
-0.399917469050894,-0.15517469050894106,0.1998486932599725,0.43548280605226963,0.2832407152682255,0.5241513067400275,1.5298817056396148,1.0150618982118293,0.2501788170563961,35383.93590096286,0.7520193576812737
-0.409917469050894,-0.15517469050894106,0.1898486932599725,0.43548280605226963,0.26324071526822546,0.5141513067400275,1.5298817056396148,1.0150618982118293,0.2501788170563961,35768.93590096286,0.75635023117065
-0.399917469050894,-0.14517469050894105,0.1898486932599725,0.4254828060522696,0.27324071526822546,0.5241513067400275,1.5298817056396148,1.0050618982118293,0.2601788170563961,36775.93590096286,0.75635023117065
-0.36991746905089407,-0.16517469050894107,0.1898486932599725,0.4054828060522696,0.27324071526822546,0.5341513067400275,1.5398817056396146,1.0050618982118293,0.2501788170563961,37536.93590096286,0.7595231056213336
-0.35991746905089406,-0.1851746905089411,0.20984869325997252,0.3854828060522696,0.26324071526822546,0.5241513067400275,1.5398817056396146,1.0050618982118293,0.2501788170563961,37839.93590096286,0.7646374225616483
-0.34991746905089405,-0.1951746905089411,0.1798486932599725,0.35548280605226956,0.25324071526822545,0.5141513067400275,1.5398817056396146,1.0150618982118293,0.2501788170563961,37866.93590096286,0.7677404403686481
-0.34991746905089405,-0.2051746905089411,0.22984869325997254,0.36548280605226957,0.25324071526822545,0.5341513067400275,1.5298817056396148,1.0150618982118293,0.2501788170563961,38257.93590096286,0.7687453746795647
-0.319917469050894,-0.1951746905089411,0.1798486932599725,0.36548280605226957,0.23324071526822543,0.5341513067400275,1.5398817056396146,1.0250618982118294,0.2501788170563961,38478.93590096286,0.7722081661224394
-0.34991746905089405,-0.2051746905089411,0.21984869325997253,0.35548280605226956,0.2132407152682254,0.5441513067400275,1.5398817056396146,1.0250618982118294,0.2501788170563961,38925.93590096286,0.7762186050415032
-0.3799174690508941,-0.1951746905089411,0.1998486932599725,0.34548280605226955,0.2032407152682254,0.5341513067400275,1.5398817056396146,1.0350618982118294,0.2401788170563961,39168.93590096286,0.7802259445190423
-0.3799174690508941,-0.2151746905089409,0.24984869325997255,0.34548280605226955,0.2032407152682254,0.5041513067400275,1.5398817056396146,1.0250618982118294,0.2401788170563961,39173.93590096286,0.7812211036682122
-0.34991746905089405,-0.2351746905089409,0.1998486932599725,0.33548280605226954,0.1932407152682254,0.5241513067400275,1.5298817056396148,1.0350618982118294,0.2401788170563961,39386.93590096286,0.7842247009277301
-0.33991746905089404,-0.2351746905089409,0.23984869325997255,0.32548280605226965,0.2132407152682254,0.5141513067400275,1.5398817056396146,1.0350618982118294,0.2501788170563961,39399.93590096286,0.7881290435791009
-0.32991746905089403,-0.2251746905089409,0.22984869325997254,0.31548280605226964,0.18324071526822538,0.4941513067400275,1.5398817056396146,1.0350618982118294,0.2501788170563961,39676.93590096286,0.7929167270660393
-0.34991746905089405,-0.2151746905089409,0.22984869325997254,0.2954828060522696,0.17324071526822538,0.4941513067400275,1.5298817056396148,1.0250618982118294,0.2601788170563961,39463.93590096286,0.7929167270660393
-0.35991746905089406,-0.2151746905089409,0.23984869325997255,0.2754828060522696,0.15324071526822536,0.5041513067400275,1.5198817056396146,1.0350618982118294,0.2601788170563961,40092.93590096286,0.796962928771972
-0.35991746905089406,-0.2151746905089409,0.20984869325997252,0.2654828060522696,0.17324071526822538,0.4941513067400275,1.5198817056396146,1.0350618982118294,0.2601788170563961,40625.93590096286,0.7999636650085442
-0.36991746905089407,-0.26517469050894094,0.1898486932599725,0.24548280605226958,0.15324071526822536,0.4641513067400276,1.5098817056396148,1.0450618982118294,0.2601788170563961,40574.93590096286,0.8049308776855462
-0.36991746905089407,-0.27517469050894094,0.20984869325997252,0.2554828060522696,0.15324071526822536,0.43415130674002755,1.5098817056396148,1.0350618982118294,0.2701788170563961,40429.93590096286,0.8090674400329583
-0.36991746905089407,-0.26517469050894094,0.1898486932599725,0.2754828060522696,0.13324071526822534,0.44415130674002756,1.5098817056396148,1.0450618982118294,0.2701788170563961,40750.93590096286,0.8090674400329583
-0.3799174690508941,-0.27517469050894094,0.15984869325997247,0.24548280605226958,0.15324071526822536,0.42415130674002754,1.5098817056396148,1.0450618982118294,0.2701788170563961,40613.93590096286,0.8131954193115227
-0.3899174690508941,-0.26517469050894094,0.1798486932599725,0.2554828060522696,0.11324071526822554,0.41415130674002754,1.4998817056396145,1.0550618982118294,0.2701788170563961,40576.93590096286,0.8171917915344231
-0.399917469050894,-0.27517469050894094,0.1798486932599725,0.22548280605226956,0.11324071526822554,0.4641513067400276,1.4998817056396145,1.0550618982118294,0.2701788170563961,40385.93590096286,0.821269226074218
-0.399917469050894,-0.2551746905089409,0.14984869325997247,0.2654828060522696,0.09324071526822553,0.44415130674002756,1.4898817056396148,1.0550618982118294,0.2701788170563961,39996.93590096286,0.8222567558288567
-0.419917469050894,-0.26517469050894094,0.16984869325997248,0.23548280605226957,0.09324071526822553,0.42415130674002754,1.4998817056396145,1.0550618982118294,0.2701788170563961,40477.93590096286,0.8249210834503202
-0.429917469050894,-0.26517469050894094,0.1898486932599725,0.22548280605226956,0.08324071526822552,0.42415130674002754,1.4798817056396145,1.0650618982118292,0.2701788170563961,40752.93590096286,0.8299493312835686
-0.419917469050894,-0.27517469050894094,0.1898486932599725,0.22548280605226956,0.09324071526822553,0.44415130674002756,1.4798817056396145,1.0550618982118294,0.28017881705639613,40493.93590096286,0.8339530944824247
-0.399917469050894,-0.2551746905089409,0.1898486932599725,0.19548280605226964,0.08324071526822552,0.41415130674002754,1.4698817056396147,1.0650618982118292,0.28017881705639613,40386.93590096286,0.8339530944824247
-0.419917469050894,-0.26517469050894094,0.1998486932599725,0.18548280605226963,0.09324071526822553,0.4041513067400275,1.4698817056396147,1.0650618982118292,0.28017881705639613,40497.93590096286,0.837225151062011
-0.429917469050894,-0.26517469050894094,0.16984869325997248,0.16548280605226962,0.07324071526822551,0.41415130674002754,1.4698817056396147,1.0650618982118292,0.28017881705639613,40366.93590096286,0.8422264575958245
-0.45991746905089403,-0.28517469050894095,0.1798486932599725,0.17548280605226962,0.0632407152682255,0.43415130674002755,1.4598817056396145,1.0650618982118292,0.28017881705639613,39987.93590096286,0.8455726623535185
-0.46991746905089404,-0.26517469050894094,0.16984869325997248,0.17548280605226962,0.07324071526822551,0.4041513067400275,1.4498817056396147,1.0750618982118292,0.2901788170563961,40238.93590096286,0.8466000080108635
-0.48991746905089406,-0.27517469050894094,0.1798486932599725,0.17548280605226962,0.04324071526822548,0.41415130674002754,1.4398817056396145,1.0750618982118292,0.2901788170563961,40209.93590096286,0.8495459079742425
-0.46991746905089404,-0.27517469050894094,0.1798486932599725,0.17548280605226962,0.04324071526822548,0.4041513067400275,1.4398817056396145,1.0750618982118292,0.2901788170563961,40128.93590096286,0.8535871028900104
-0.449917469050894,-0.26517469050894094,0.15984869325997247,0.1554828060522696,0.033240715268225474,0.41415130674002754,1.4498817056396147,1.0650618982118292,0.3001788170563961,40127.93590096286,0.8585819721221917
-0.439917469050894,-0.27517469050894094,0.16984869325997248,0.10548280605226956,0.023240715268225465,0.42415130674002754,1.4498817056396147,1.0650618982118292,0.3001788170563961,40094.93590096286,0.8585819721221917
-0.45991746905089403,-0.26517469050894094,0.12984869325997256,0.10548280605226956,0.033240715268225474,0.41415130674002754,1.4398817056396145,1.0650618982118292,0.3001788170563961,39655.93590096286,0.8615855693817167
-0.48991746905089406,-0.24517469050894092,0.14984869325997247,0.08548280605226954,0.023240715268225465,0.4041513067400275,1.4398817056396145,1.0750618982118292,0.3001788170563961,39648.93590096286,0.8658897399902337
-0.529917469050894,-0.26517469050894094,0.13984869325997246,0.08548280605226954,0.023240715268225465,0.3941513067400275,1.4298817056396147,1.0850618982118292,0.3001788170563961,39393.93590096286,0.870627832412719
-0.5199174690508941,-0.28517469050894095,0.15984869325997247,0.08548280605226954,0.023240715268225465,0.3541513067400275,1.4098817056396147,1.0850618982118292,0.3001788170563961,39226.93590096286,0.8740710735321038
-0.48991746905089406,-0.28517469050894095,0.14984869325997247,0.09548280605226955,0.04324071526822548,0.33415130674002747,1.4098817056396147,1.0950618982118292,0.3001788170563961,39301.93590096286,0.8750895977020221
-0.48991746905089406,-0.30517469050894097,0.12984869325997256,0.05548280605226963,0.04324071526822548,0.33415130674002747,1.3898817056396147,1.1050618982118292,0.3001788170563961,39696.93590096286,0.878468465805053
-0.46991746905089404,-0.29517469050894096,0.12984869325997256,0.06548280605226964,0.04324071526822548,0.33415130674002747,1.3498817056396146,1.1350618982118292,0.3001788170563961,38927.93590096286,0.8827657222747796
-0.47991746905089405,-0.28517469050894095,0.11984869325997255,0.05548280605226963,0.0632407152682255,0.33415130674002747,1.3298817056396146,1.1450618982118292,0.3101788170563961,38624.93590096286,0.8857700347900384
-0.46991746905089404,-0.29517469050894096,0.12984869325997256,0.025482806052269602,0.05324071526822549,0.32415130674002746,1.3098817056396146,1.1450618982118292,0.3201788170563961,38235.93590096286,0.8867697238922077
-0.46991746905089404,-0.29517469050894096,0.12984869325997256,0.015482806052269593,0.05324071526822549,0.31415130674002756,1.2798817056396148,1.1750618982118293,0.3301788170563961,38272.93590096286,0.8908404827117913
-0.449917469050894,-0.28517469050894095,0.10984869325997254,0.005482806052269584,0.05324071526822549,0.32415130674002746,1.2498817056396145,1.2050618982118293,0.3201788170563961,37771.93590096286,0.8947028636932401
-0.429917469050894,-0.29517469050894096,0.11984869325997255,-0.004517193947730425,0.05324071526822549,0.29415130674002754,1.2598817056396148,1.1850618982118293,0.3301788170563961,37540.93590096286,0.8987745761871295
-0.439917469050894,-0.28517469050894095,0.12984869325997256,-0.004517193947730425,0.04324071526822548,0.31415130674002756,1.2398817056396148,1.195061898211829,0.34017881705639613,37075.93590096286,0.8997756958007805
-0.449917469050894,-0.30517469050894097,0.12984869325997256,-0.024517193947730442,0.04324071526822548,0.29415130674002754,1.1998817056396147,1.2250618982118293,0.34017881705639613,36474.93590096286,0.9030725479126005
-0.45991746905089403,-0.29517469050894096,0.08984869325997252,-0.014517193947730433,0.0632407152682255,0.2741513067400275,1.1998817056396147,1.215061898211829,0.3301788170563961,36191.93590096286,0.9070708274841301
-0.5099174690508941,-0.28517469050894095,0.07984869325997251,-0.03451719394773045,0.05324071526822549,0.28415130674002753,1.1598817056396147,1.235061898211829,0.34017881705639613,35906.93590096286,0.911451053619384
-0.539917469050894,-0.26517469050894094,0.0698486932599725,-0.03451719394773045,0.033240715268225474,0.2641513067400275,1.1098817056396149,1.2650618982118293,0.3501788170563961,35605.93590096286,0.912453365325927
-0.5099174690508941,-0.27517469050894094,0.07984869325997251,-0.03451719394773045,0.013240715268225456,0.2641513067400275,1.0898817056396148,1.2650618982118293,0.3501788170563961,35452.93590096286,0.9154617309570305
-0.529917469050894,-0.2351746905089409,0.07984869325997251,-0.08451719394773038,0.04324071526822548,0.2741513067400275,1.0698817056396148,1.2650618982118293,0.3601788170563961,34827.93590096286,0.9192144393920891
-0.5199174690508941,-0.2551746905089409,0.059848693259972496,-0.04451719394773035,0.033240715268225474,0.24415130674002752,1.0398817056396146,1.2750618982118291,0.3501788170563961,33676.93590096286,0.92332215309143
-0.5199174690508941,-0.26517469050894094,0.0698486932599725,-0.06451719394773037,0.04324071526822548,0.23415130674002751,0.9998817056396146,1.2950618982118292,0.3601788170563961,33353.93590096286,0.9243835926055901
-0.549917469050894,-0.24517469050894092,0.07984869325997251,-0.07451719394773038,0.04324071526822548,0.23415130674002751,0.9698817056396148,1.2950618982118292,0.3601788170563961,33566.93590096286,0.9273869514465325
-0.49991746905089407,-0.27517469050894094,0.0698486932599725,-0.06451719394773037,0.033240715268225474,0.24415130674002752,0.9398817056396148,1.3050618982118294,0.3801788170563961,33369.93590096286,0.9313868999481194
-0.48991746905089406,-0.2551746905089409,0.029848693259972525,-0.06451719394773037,0.04324071526822548,0.24415130674002752,0.9598817056396148,1.2850618982118294,0.3801788170563961,32636.93590096286,0.9353868484497063
-0.449917469050894,-0.24517469050894092,0.04984869325997249,-0.07451719394773038,0.05324071526822549,0.23415130674002751,0.9098817056396148,1.2650618982118293,0.40017881705639613,32287.93590096286,0.9366712093353264
-0.46991746905089404,-0.2551746905089409,0.07984869325997251,-0.06451719394773037,0.05324071526822549,0.2241513067400275,0.8598817056396147,1.2750618982118291,0.4301788170563961,32074.93590096286,0.940387678146358
-0.46991746905089404,-0.2351746905089409,0.0698486932599725,-0.07451719394773038,0.05324071526822549,0.23415130674002751,0.8698817056396148,1.2550618982118291,0.4301788170563961,31435.93590096286,0.9450890541076618
-0.449917469050894,-0.2351746905089409,0.0698486932599725,-0.06451719394773037,0.04324071526822548,0.24415130674002752,0.8498817056396147,1.2250618982118293,0.4501788170563961,31592.93590096286,0.9482981681823723
-0.439917469050894,-0.24517469050894092,0.0698486932599725,-0.05451719394773036,0.05324071526822549,0.23415130674002751,0.8398817056396147,1.195061898211829,0.46017881705639613,31435.93590096286,0.951298666000369
-0.439917469050894,-0.2251746905089409,0.059848693259972496,-0.07451719394773038,0.05324071526822549,0.2641513067400275,0.8298817056396147,1.2050618982118293,0.47017881705639614,31162.93590096286,0.9522931098937981
-0.419917469050894,-0.2351746905089409,0.07984869325997251,-0.05451719394773036,0.04324071526822548,0.2641513067400275,0.7998817056396147,1.1750618982118293,0.49017881705639615,31171.93590096286,0.9565948963165276
-0.419917469050894,-0.2151746905089409,0.11984869325997255,-0.04451719394773035,0.04324071526822548,0.2641513067400275,0.7698817056396147,1.1650618982118293,0.5201788170563961,31144.93590096286,0.9608711719512897
-0.3899174690508941,-0.2251746905089409,0.08984869325997252,-0.07451719394773038,0.0632407152682255,0.2741513067400275,0.7298817056396149,1.1450618982118292,0.5201788170563961,30917.93590096286,0.9642371654510491
-0.3799174690508941,-0.2151746905089409,0.10984869325997254,-0.07451719394773038,0.05324071526822549,0.2641513067400275,0.7198817056396148,1.1250618982118292,0.5401788170563961,31130.93590096286,0.9651274204254108
-0.34991746905089405,-0.2051746905089411,0.10984869325997254,-0.07451719394773038,0.05324071526822549,0.2641513067400275,0.6898817056396148,1.1050618982118292,0.5601788170563962,30979.93590096286,0.969204378128051
-0.35991746905089406,-0.2151746905089409,0.10984869325997254,-0.07451719394773038,0.05324071526822549,0.29415130674002754,0.6598817056396148,1.1150618982118292,0.5401788170563961,30976.93590096286,0.9732241153717034
-0.35991746905089406,-0.1951746905089411,0.08984869325997252,-0.07451719394773038,0.08324071526822552,0.2641513067400275,0.6098817056396147,1.1150618982118292,0.5601788170563962,31001.93590096286,0.9766253948211663
-0.34991746905089405,-0.2051746905089411,0.09984869325997253,-0.06451719394773037,0.07324071526822551,0.23415130674002751,0.6098817056396147,1.0950618982118292,0.5601788170563962,30692.93590096286,0.9776417732238798
-0.34991746905089405,-0.2051746905089411,0.10984869325997254,-0.07451719394773038,0.07324071526822551,0.24415130674002752,0.5798817056396147,1.0950618982118292,0.5701788170563962,30913.93590096286,0.9806465625762897
-0.34991746905089405,-0.2051746905089411,0.07984869325997251,-0.06451719394773037,0.0632407152682255,0.2641513067400275,0.5598817056396147,1.0750618982118292,0.5801788170563962,30996.93590096286,0.9846434116363554
-0.35991746905089406,-0.2051746905089411,0.09984869325997253,-0.07451719394773038,0.08324071526822552,0.2541513067400275,0.5498817056396147,1.0450618982118294,0.5801788170563962,31115.93590096286,0.9897341251373284
-0.35991746905089406,-0.1951746905089411,0.09984869325997253,-0.07451719394773038,0.07324071526822551,0.2641513067400275,0.5498817056396147,1.0350618982118294,0.5901788170563962,31056.93590096286,0.9897341251373284
-0.35991746905089406,-0.2051746905089411,0.08984869325997252,-0.07451719394773038,0.08324071526822552,0.2641513067400275,0.5298817056396147,0.9850618982118293,0.5801788170563962,30909.93590096286,0.9928683757781975
-0.35991746905089406,-0.1851746905089411,0.10984869325997254,-0.0945171939477304,0.11324071526822554,0.2541513067400275,0.5198817056396147,0.9350618982118293,0.5901788170563962,31456.93590096286,0.9977726459503202
-0.3899174690508941,-0.1851746905089411,0.08984869325997252,-0.1045171939477304,0.11324071526822554,0.2641513067400275,0.5398817056396147,0.9050618982118293,0.5901788170563962,31571.93590096286,1.0007779121398919
-0.399917469050894,-0.16517469050894107,0.07984869325997251,-0.11451719394773041,0.10324071526822554,0.2641513067400275,0.5398817056396147,0.8450618982118292,0.6201788170563962,31964.93590096286,1.0017859458923297
-0.399917469050894,-0.15517469050894106,0.0698486932599725,-0.14451719394773038,0.11324071526822554,0.2541513067400275,0.5498817056396147,0.7850618982118294,0.6101788170563962,32405.93590096286,1.0060140609741204
-0.419917469050894,-0.16517469050894107,0.10984869325997254,-0.11451719394773041,0.11324071526822554,0.2641513067400275,0.5298817056396147,0.7750618982118294,0.6301788170563961,32572.93590096286,1.0099179267883294
-0.409917469050894,-0.16517469050894107,0.059848693259972496,-0.1045171939477304,0.11324071526822554,0.24415130674002752,0.5998817056396147,0.7350618982118293,0.6201788170563962,33299.93590096286,1.0139176368713336
-0.399917469050894,-0.17517469050894108,0.059848693259972496,-0.12451719394773042,0.13324071526822534,0.2741513067400275,0.5698817056396147,0.6850618982118293,0.6301788170563961,34332.93590096286,1.0171381950378375
-0.409917469050894,-0.1851746905089411,0.04984869325997249,-0.12451719394773042,0.12324071526822555,0.2641513067400275,0.6098817056396147,0.6650618982118293,0.6001788170563962,35081.93590096286,1.0181359767913847
-0.409917469050894,-0.1851746905089411,0.04984869325997249,-0.12451719394773042,0.11324071526822554,0.2541513067400275,0.5898817056396147,0.6050618982118292,0.6201788170563962,35690.93590096286,1.022138309478759
-0.429917469050894,-0.15517469050894106,0.009848693259972507,-0.13451719394773043,0.12324071526822555,0.2741513067400275,0.5698817056396147,0.6150618982118292,0.6101788170563962,36403.93590096286,1.025858831405639
-0.429917469050894,-0.14517469050894105,0.019848693259972516,-0.13451719394773043,0.12324071526822555,0.24415130674002752,0.5498817056396147,0.5750618982118292,0.6101788170563962,37654.93590096286,1.0298938274383538
-0.419917469050894,-0.15517469050894106,0.029848693259972525,-0.13451719394773043,0.14324071526822535,0.2241513067400275,0.5998817056396147,0.5650618982118292,0.5701788170563962,38423.93590096286,1.0298938274383538
-0.409917469050894,-0.15517469050894106,0.009848693259972507,-0.1645171939477304,0.13324071526822534,0.24415130674002752,0.5798817056396147,0.49506189821182933,0.6001788170563962,38654.93590096286,1.0339021205902093
-0.439917469050894,-0.14517469050894105,-0.01015130674002751,-0.1645171939477304,0.16324071526822537,0.2241513067400275,0.6198817056396148,0.42506189821182927,0.5901788170563962,40135.93590096286,1.0379223346710198
-0.429917469050894,-0.15517469050894106,-0.01015130674002751,-0.20451719394773038,0.15324071526822536,0.2041513067400275,0.6198817056396148,0.42506189821182927,0.6001788170563962,41070.93590096286,1.041890335083007
-0.45991746905089403,-0.14517469050894105,-0.01015130674002751,-0.2145171939477304,0.14324071526822535,0.2141513067400275,0.6098817056396147,0.3750618982118292,0.6001788170563962,41995.93590096286,1.041890335083007
-0.439917469050894,-0.14517469050894105,-0.01015130674002751,-0.19451719394773043,0.13324071526822534,0.19415130674002753,0.6298817056396148,0.3450618982118292,0.5701788170563962,43182.93590096286,1.046110820770263
-0.449917469050894,-0.15517469050894106,-0.01015130674002751,-0.2245171939477304,0.13324071526822534,0.19415130674002753,0.6498817056396148,0.2950618982118294,0.6101788170563962,43949.93590096286,1.0510446548461907
-0.45991746905089403,-0.15517469050894106,-0.01015130674002751,-0.20451719394773038,0.16324071526822537,0.18415130674002753,0.6798817056396148,0.25506189821182934,0.6001788170563962,44830.93590096286,1.055064392089843
-0.419917469050894,-0.1851746905089411,-0.01015130674002751,-0.20451719394773038,0.13324071526822534,0.17415130674002752,0.6698817056396148,0.22506189821182931,0.6001788170563962,45411.93590096286,1.055064392089843
-0.429917469050894,-0.1951746905089411,-0.02015130674002752,-0.20451719394773038,0.15324071526822536,0.1641513067400275,0.6498817056396148,0.1950618982118293,0.5901788170563962,46694.93590096286,1.0590555191040032
-0.409917469050894,-0.2251746905089409,-0.02015130674002752,-0.1545171939477304,0.14324071526822535,0.19415130674002753,0.6498817056396148,0.2050618982118293,0.5501788170563962,47707.93590096286,1.0630607128143303
-0.3899174690508941,-0.2351746905089409,-0.04015130674002748,-0.2145171939477304,0.14324071526822535,0.17415130674002752,0.6598817056396148,0.12506189821182923,0.5701788170563962,48276.93590096286,1.0676407337188714
-0.3899174690508941,-0.26517469050894094,-0.05015130674002749,-0.2345171939477304,0.14324071526822535,0.1641513067400275,0.6098817056396147,0.15506189821182925,0.5501788170563962,49707.93590096286,1.0676407337188714
-0.3899174690508941,-0.26517469050894094,-0.04015130674002748,-0.2345171939477304,0.12324071526822555,0.1541513067400275,0.5698817056396147,0.16506189821182926,0.5101788170563961,50636.93590096286,1.0719997406005817
-0.3799174690508941,-0.28517469050894095,-0.05015130674002749,-0.24451719394773042,0.12324071526822555,0.14415130674002752,0.5398817056396147,0.15506189821182925,0.5001788170563962,51245.93590096286,1.0748152256011991
-0.419917469050894,-0.28517469050894095,-0.0601513067400275,-0.20451719394773038,0.12324071526822555,0.1641513067400275,0.5298817056396147,0.13506189821182923,0.49017881705639615,51994.93590096286,1.0804240226745598
-0.3899174690508941,-0.30517469050894097,-0.08015130674002752,-0.2345171939477304,0.10324071526822554,0.1641513067400275,0.5398817056396147,0.11506189821182933,0.48017881705639615,52767.93590096286,1.0804240226745598
-0.409917469050894,-0.29517469050894096,-0.08015130674002752,-0.1745171939477304,0.10324071526822554,0.2041513067400275,0.5298817056396147,0.09506189821182931,0.46017881705639613,53416.93590096286,1.0840167522430377
-0.3799174690508941,-0.29517469050894096,-0.08015130674002752,-0.1545171939477304,0.10324071526822554,0.2041513067400275,0.49988170563961465,0.10506189821182932,0.46017881705639613,54133.93590096286,1.0875336647033684
-0.409917469050894,-0.28517469050894095,-0.10015130674002748,-0.19451719394773043,0.10324071526822554,0.1641513067400275,0.46988170563961484,0.09506189821182931,0.4401788170563961,54572.93590096286,1.091719579696651
-0.419917469050894,-0.335174690508941,-0.11015130674002749,-0.18451719394773042,0.0632407152682255,0.14415130674002752,0.46988170563961484,0.03506189821182926,0.47017881705639614,55199.93590096286,1.0951141834259026
-0.429917469050894,-0.365174690508941,-0.11015130674002749,-0.20451719394773038,0.07324071526822551,0.14415130674002752,0.46988170563961484,0.015061898211829239,0.4201788170563961,55820.93590096286,1.0957164287567167
-0.3899174690508941,-0.39517469050894105,-0.11015130674002749,-0.19451719394773043,0.07324071526822551,0.1241513067400275,0.4298817056396148,0.03506189821182926,0.40017881705639613,56141.93590096286,1.0997159004211419
-0.409917469050894,-0.39517469050894105,-0.10015130674002748,-0.2545171939477304,0.08324071526822552,0.1241513067400275,0.4098817056396148,0.015061898211829239,0.3901788170563961,57040.93590096286,1.104105901718139
-0.409917469050894,-0.39517469050894105,-0.11015130674002749,-0.2345171939477304,0.09324071526822553,0.10415130674002751,0.35988170563961475,-0.024938101788170686,0.3701788170563961,57731.93590096286,1.107969951629638
-0.3899174690508941,-0.40517469050894095,-0.11015130674002749,-0.24451719394773042,0.05324071526822549,0.10415130674002751,0.36988170563961476,-0.05493810178817071,0.3701788170563961,58458.93590096286,1.107969951629638
-0.429917469050894,-0.455174690508941,-0.11015130674002749,-0.24451719394773042,0.04324071526822548,0.11415130674002752,0.2898817056396147,-0.034938101788170695,0.34017881705639613,58971.93590096286,1.1125618934631305
-0.47991746905089405,-0.40517469050894095,-0.14015130674002751,-0.2645171939477304,0.05324071526822549,0.10415130674002751,0.23988170563961486,-0.024938101788170686,0.3301788170563961,59360.93590096286,1.116221618652343
-0.45991746905089403,-0.455174690508941,-0.1301513067400275,-0.2645171939477304,0.013240715268225456,0.08415130674002752,0.26988170563961467,-0.07493810178817073,0.3101788170563961,59459.93590096286,1.119238090515136
-0.47991746905089405,-0.465174690508941,-0.14015130674002751,-0.2645171939477304,0.003240715268225447,0.10415130674002751,0.2898817056396147,-0.12493810178817077,0.28017881705639613,59620.93590096286,1.1202313423156767
-0.449917469050894,-0.475174690508941,-0.14015130674002751,-0.2345171939477304,0.003240715268225447,0.10415130674002751,0.23988170563961486,-0.14493810178817068,0.2501788170563961,59911.93590096286,1.1242353439331048
-0.409917469050894,-0.485174690508941,-0.16015130674002748,-0.2745171939477304,0.003240715268225447,0.08415130674002752,0.1798817056396148,-0.13493810178817067,0.2401788170563961,60034.93590096286,1.1282352924346881
-0.439917469050894,-0.515174690508941,-0.1801513067400275,-0.24451719394773042,-0.02675928473177458,0.08415130674002752,0.22988170563961485,-0.1649381017881707,0.2601788170563961,59953.93590096286,1.1322352409362786
-0.45991746905089403,-0.505174690508941,-0.1901513067400275,-0.2545171939477304,-0.0467592847317746,0.0941513067400275,0.14988170563961478,-0.13493810178817067,0.2701788170563961,59886.93590096286,1.1332356452941887
-0.449917469050894,-0.505174690508941,-0.1801513067400275,-0.2645171939477304,-0.03675928473177459,0.07415130674002751,0.13988170563961477,-0.12493810178817077,0.21017881705639613,59851.93590096286,1.136397075653079
-0.45991746905089403,-0.525174690508941,-0.1801513067400275,-0.2545171939477304,-0.07675928473177462,0.07415130674002751,0.09988170563961474,-0.12493810178817077,0.17017881705639612,59442.93590096286,1.1412808418273954
-0.569917469050894,-0.515174690508941,-0.2401513067400275,-0.3245171939477304,-0.11675928473177466,0.034151306740027504,-0.060118294360385294,-0.12493810178817077,0.11017881705639612,59397.93590096286,1.1452664852142362
-0.579917469050894,-0.565174690508941,-0.1801513067400275,-0.3245171939477304,-0.12675928473177445,0.034151306740027504,-0.2201182943603852,-0.12493810178817077,0.11017881705639612,59454.93590096286,1.1452664852142362
-0.559917469050894,-0.535174690508941,-0.17015130674002749,-0.2845171939477304,-0.13675928473177446,0.02415130674002751,-0.17011829436038528,-0.11493810178817077,0.1201788170563961,58455.93590096286,1.1492704868316643
-0.5099174690508941,-0.555174690508941,-0.1901513067400275,-0.3145171939477304,-0.13675928473177446,0.034151306740027504,-0.23011829436038522,-0.07493810178817073,0.11017881705639612,58230.93590096286,1.1532706737518303
-0.569917469050894,-0.515174690508941,-0.1801513067400275,-0.3245171939477304,-0.13675928473177446,0.02415130674002751,-0.26011829436038525,-0.10493810178817076,0.1301788170563961,58359.93590096286,1.1572706222534137
-0.559917469050894,-0.525174690508941,-0.20015130674002748,-0.2945171939477304,-0.12675928473177445,0.034151306740027504,-0.27011829436038526,-0.10493810178817076,0.1301788170563961,58478.93590096286,1.1608299732208245
-0.599917469050894,-0.49517469050894103,-0.17015130674002749,-0.2945171939477304,-0.12675928473177445,0.02415130674002751,-0.23011829436038522,-0.14493810178817068,0.14017881705639612,58479.93590096286,1.1608299732208245
-0.579917469050894,-0.485174690508941,-0.17015130674002749,-0.3245171939477304,-0.11675928473177466,0.034151306740027504,-0.28011829436038527,-0.1549381017881707,0.11017881705639612,58708.93590096286,1.1650387763977044
-0.569917469050894,-0.465174690508941,-0.14015130674002751,-0.3045171939477304,-0.13675928473177446,0.034151306740027504,-0.3101182943603853,-0.14493810178817068,0.11017881705639612,59163.93590096286,1.170049858093261
-0.559917469050894,-0.475174690508941,-0.15015130674002747,-0.24451719394773042,-0.16675928473177448,0.04415130674002751,-0.3201182943603852,-0.18493810178817072,0.11017881705639612,59088.93590096286,1.1730699062347405
-0.539917469050894,-0.505174690508941,-0.09015130674002747,-0.2545171939477304,-0.1967592847317745,0.04415130674002751,-0.3101182943603853,-0.20493810178817073,0.10017881705639611,59173.93590096286,1.1740715026855462
-0.589917469050894,-0.455174690508941,-0.09015130674002747,-0.2645171939477304,-0.1967592847317745,0.034151306740027504,-0.3201182943603852,-0.21493810178817074,0.10017881705639611,59380.93590096286,1.178066444396972
-0.569917469050894,-0.475174690508941,-0.09015130674002747,-0.2645171939477304,-0.1967592847317745,0.04415130674002751,-0.3201182943603852,-0.22493810178817075,0.08017881705639612,59617.93590096286,1.1813501834869378
-0.539917469050894,-0.475174690508941,-0.1301513067400275,-0.2245171939477304,-0.22675928473177454,0.05415130674002752,-0.3601182943603852,-0.2649381017881707,0.07017881705639611,59532.93590096286,1.185348463058471
-0.569917469050894,-0.475174690508941,-0.17015130674002749,-0.24451719394773042,-0.21675928473177453,0.05415130674002752,-0.3301182943603852,-0.2749381017881707,0.05017881705639612,59155.93590096286,1.1863443374633782
-0.549917469050894,-0.445174690508941,-0.16015130674002748,-0.2345171939477304,-0.21675928473177453,0.04415130674002751,-0.27011829436038526,-0.2849381017881707,0.07017881705639611,59164.93590096286,1.1899268150329583
-0.5199174690508941,-0.475174690508941,-0.1301513067400275,-0.2745171939477304,-0.20675928473177452,0.034151306740027504,-0.3101182943603853,-0.3149381017881707,0.06017881705639611,58919.93590096286,1.1938459396362298
-0.579917469050894,-0.485174690508941,-0.14015130674002751,-0.2845171939477304,-0.1767592847317745,0.034151306740027504,-0.3501182943603852,-0.3149381017881707,0.05017881705639612,59080.93590096286,1.1978456497192376
-0.549917469050894,-0.465174690508941,-0.15015130674002747,-0.24451719394773042,-0.20675928473177452,0.02415130674002751,-0.3501182943603852,-0.33493810178817074,0.04017881705639612,58645.93590096286,1.1978456497192376
-0.539917469050894,-0.455174690508941,-0.11015130674002749,-0.3045171939477304,-0.20675928473177452,0.034151306740027504,-0.3401182943603852,-0.32493810178817073,0.030178817056396114,57864.93590096286,1.2021231174468987
-0.579917469050894,-0.485174690508941,-0.1201513067400275,-0.2845171939477304,-0.20675928473177452,0.02415130674002751,-0.3101182943603853,-0.3549381017881707,0.04017881705639612,57069.93590096286,1.2061268806457512
-0.579917469050894,-0.455174690508941,-0.14015130674002751,-0.3045171939477304,-0.21675928473177453,0.014151306740027514,-0.3101182943603853,-0.32493810178817073,0.030178817056396114,57146.93590096286,1.2101325511932401
-0.579917469050894,-0.455174690508941,-0.1201513067400275,-0.2845171939477304,-0.1867592847317745,0.014151306740027514,-0.3001182943603853,-0.33493810178817074,0.04017881705639612,56845.93590096286,1.2113267898559599
-0.589917469050894,-0.465174690508941,-0.10015130674002748,-0.2645171939477304,-0.21675928473177453,0.014151306740027514,-0.3101182943603853,-0.32493810178817073,0.030178817056396114,55930.93590096286,1.214358758926391
-0.599917469050894,-0.455174690508941,-0.09015130674002747,-0.3145171939477304,-0.20675928473177452,0.014151306740027514,-0.3201182943603852,-0.32493810178817073,0.030178817056396114,55393.93590096286,1.2181875228881829
-0.569917469050894,-0.435174690508941,-0.10015130674002748,-0.3345171939477304,-0.20675928473177452,0.014151306740027514,-0.3201182943603852,-0.32493810178817073,0.030178817056396114,55266.93590096286,1.2232238769531243
-0.569917469050894,-0.41517469050894096,-0.0601513067400275,-0.3045171939477304,-0.22675928473177454,0.014151306740027514,-0.3201182943603852,-0.33493810178817074,0.030178817056396114,54813.93590096286,1.2232238769531243
-0.589917469050894,-0.40517469050894095,-0.11015130674002749,-0.2545171939477304,-0.20675928473177452,0.014151306740027514,-0.3101182943603853,-0.3649381017881707,0.02017881705639612,54444.93590096286,1.2272226333618157
-0.559917469050894,-0.41517469050894096,-0.07015130674002751,-0.2745171939477304,-0.22675928473177454,0.004151306740027505,-0.3301182943603852,-0.4349381017881707,0.010178817056396124,54181.93590096286,1.2312294960022
-0.559917469050894,-0.40517469050894095,-0.09015130674002747,-0.3045171939477304,-0.24675928473177455,0.014151306740027514,-0.3401182943603852,-0.4449381017881707,0.00017881705639611473,53890.93590096286,1.2352213382720905
-0.6099174690508941,-0.40517469050894095,-0.10015130674002748,-0.3145171939477304,-0.2767592847317746,0.02415130674002751,-0.43011829436038523,-0.4749381017881707,0.00017881705639611473,53635.93590096286,1.2393025875091546
-0.599917469050894,-0.355174690508941,-0.10015130674002748,-0.3045171939477304,-0.2867592847317746,0.014151306740027514,-0.41011829436038527,-0.4949381017881707,0.00017881705639611473,53038.93590096286,1.2393025875091546
-0.6099174690508941,-0.365174690508941,-0.10015130674002748,-0.2845171939477304,-0.23675928473177454,0.014151306740027514,-0.41011829436038527,-0.4949381017881707,-0.029821182943603884,52845.93590096286,1.2428092479705803
-0.659917469050894,-0.315174690508941,-0.09015130674002747,-0.3145171939477304,-0.26675928473177457,0.014151306740027514,-0.5001182943603852,-0.4849381017881707,-0.00982118294360388,52666.93590096286,1.2473272800445585
-0.6099174690508941,-0.325174690508941,-0.1201513067400275,-0.3245171939477304,-0.2867592847317746,0.014151306740027514,-0.5001182943603852,-0.4449381017881707,-0.019821182943603882,51957.93590096286,1.2513272285461419
-0.599917469050894,-0.335174690508941,-0.10015130674002748,-0.3745171939477304,-0.2867592847317746,0.004151306740027505,-0.49011829436038523,-0.4949381017881707,0.00017881705639611473,51758.93590096286,1.2513272285461419
-0.6199174690508941,-0.29517469050894096,-0.15015130674002747,-0.3145171939477304,-0.3267592847317745,-0.00584869325997249,-0.5101182943603852,-0.4949381017881707,-0.019821182943603882,51395.93590096286,1.256327581405639
-0.6199174690508941,-0.30517469050894097,-0.1301513067400275,-0.3245171939477304,-0.3367592847317745,0.004151306740027505,-0.5101182943603852,-0.4949381017881707,-0.019821182943603882,51186.93590096286,1.2603260993957512
-0.589917469050894,-0.315174690508941,-0.15015130674002747,-0.3245171939477304,-0.35675928473177454,-0.00584869325997249,-0.5201182943603853,-0.5049381017881707,-0.029821182943603884,50885.93590096286,1.2635948181152337
-0.599917469050894,-0.27517469050894094,-0.14015130674002751,-0.3145171939477304,-0.34675928473177453,0.014151306740027514,-0.5401182943603853,-0.5449381017881707,-0.029821182943603884,50646.93590096286,1.26450772285461
-0.669917469050894,-0.27517469050894094,-0.1301513067400275,-0.2845171939477304,-0.35675928473177454,0.02415130674002751,-0.5701182943603853,-0.5249381017881707,-0.029821182943603884,50013.93590096286,1.267838668823238
-0.6299174690508941,-0.26517469050894094,-0.11015130674002749,-0.3145171939477304,-0.35675928473177454,0.014151306740027514,-0.49011829436038523,-0.5349381017881707,-0.019821182943603882,49606.93590096286,1.271818828582763
-0.6099174690508941,-0.2551746905089409,-0.1201513067400275,-0.2545171939477304,-0.38675928473177457,0.014151306740027514,-0.5501182943603853,-0.5549381017881707,-0.029821182943603884,49323.93590096286,1.275242519378665
-0.6199174690508941,-0.2251746905089409,-0.09015130674002747,-0.2745171939477304,-0.37675928473177456,-0.00584869325997249,-0.5101182943603852,-0.5649381017881707,-0.029821182943603884,49036.93590096286,1.276220512390136
-0.599917469050894,-0.24517469050894092,-0.11015130674002749,-0.3345171939477304,-0.4267592847317746,0.02415130674002751,-0.5601182943603853,-0.5849381017881707,-0.00982118294360388,49085.93590096286,1.2803449153900104
-0.599917469050894,-0.1951746905089411,-0.14015130674002751,-0.3345171939477304,-0.37675928473177456,0.014151306740027514,-0.5301182943603853,-0.5049381017881707,-0.00982118294360388,49162.93590096286,1.284341764450076
-0.689917469050894,-0.1951746905089411,-0.10015130674002748,-0.3245171939477304,-0.4167592847317746,0.014151306740027514,-0.5201182943603853,-0.5049381017881707,-0.019821182943603882,48629.93590096286,1.2878558158874505
-0.659917469050894,-0.17517469050894108,-0.11015130674002749,-0.3045171939477304,-0.4467592847317745,0.004151306740027505,-0.5001182943603852,-0.4849381017881707,-0.039821182943603886,48258.93590096286,1.2888662338256829
-0.669917469050894,-0.11517469050894102,-0.08015130674002752,-0.2945171939477304,-0.4267592847317746,0.004151306740027505,-0.49011829436038523,-0.5149381017881707,-0.019821182943603882,48419.93590096286,1.291866493225097
-0.669917469050894,-0.10517469050894102,-0.11015130674002749,-0.3045171939477304,-0.38675928473177457,0.004151306740027505,-0.49011829436038523,-0.5049381017881707,-0.039821182943603886,47814.93590096286,1.2962715148925739
-0.659917469050894,-0.095174690508941,-0.09015130674002747,-0.3345171939477304,-0.4167592847317746,0.014151306740027514,-0.46011829436038526,-0.5149381017881707,-0.039821182943603886,47345.93590096286,1.3000537872314446
-0.599917469050894,-0.13517469050894104,-0.05015130674002749,-0.3045171939477304,-0.4367592847317745,0.004151306740027505,-0.49011829436038523,-0.4749381017881707,-0.029821182943603884,47022.93590096286,1.304175806045528
-0.659917469050894,-0.05517469050894097,-0.10015130674002748,-0.2645171939477304,-0.4267592847317746,-0.00584869325997249,-0.49011829436038523,-0.4749381017881707,-0.039821182943603886,46709.93590096286,1.3052112579345696
-0.649917469050894,-0.07517469050894099,-0.07015130674002751,-0.2645171939477304,-0.4067592847317746,0.004151306740027505,-0.46011829436038526,-0.45493810178817073,-0.029821182943603884,46934.93590096286,1.3081390380859368
-0.659917469050894,0.004825309491059082,-0.08015130674002752,-0.2945171939477304,-0.4067592847317746,0.004151306740027505,-0.47011829436038527,-0.4449381017881707,-0.029821182943603884,46453.93590096286,1.313173484802249
-0.649917469050894,0.0248253094910591,-0.0601513067400275,-0.2945171939477304,-0.34675928473177453,0.004151306740027505,-0.44011829436038524,-0.4349381017881707,-0.029821182943603884,46694.93590096286,1.3161699295043938
-0.6199174690508941,0.03482530949105911,-0.0601513067400275,-0.2845171939477304,-0.35675928473177454,0.004151306740027505,-0.5001182943603852,-0.4449381017881707,-0.039821182943603886,46889.93590096286,1.3171698570251422
-0.6099174690508941,0.054825309491058904,-0.0601513067400275,-0.3245171939477304,-0.37675928473177456,-0.00584869325997249,-0.49011829436038523,-0.4249381017881707,-0.019821182943603882,46124.93590096286,1.32117052078247
-0.6299174690508941,0.06482530949105891,-0.030151306740027473,-0.2945171939477304,-0.3067592847317746,0.004151306740027505,-0.44011829436038524,-0.38493810178817073,-0.029821182943603884,46023.93590096286,1.3251707077026396
-0.6299174690508941,0.044825309491058896,-0.0601513067400275,-0.38451719394773043,-0.2967592847317746,0.004151306740027505,-0.49011829436038523,-0.4149381017881707,-0.029821182943603884,46132.93590096286,1.328849267959594
-0.599917469050894,0.08482530949105893,-0.0601513067400275,-0.39451719394773044,-0.2967592847317746,-0.00584869325997249,-0.47011829436038527,-0.4249381017881707,-0.039821182943603886,46393.93590096286,1.328849267959594
-0.6199174690508941,0.08482530949105893,-0.07015130674002751,-0.3445171939477304,-0.3267592847317745,0.004151306740027505,-0.43011829436038523,-0.40493810178817075,-0.029821182943603884,46952.93590096286,1.3328909397125237
-0.589917469050894,0.11482530949105896,-0.08015130674002752,-0.3445171939477304,-0.3067592847317746,0.004151306740027505,-0.46011829436038526,-0.40493810178817075,-0.029821182943603884,47351.93590096286,1.337885808944705
-0.599917469050894,0.11482530949105896,-0.08015130674002752,-0.2945171939477304,-0.2967592847317746,0.004151306740027505,-0.44011829436038524,-0.33493810178817074,-0.029821182943603884,47366.93590096286,1.3409125328063993
-0.589917469050894,0.174825309491059,-0.10015130674002748,-0.3145171939477304,-0.3067592847317746,0.004151306740027505,-0.44011829436038524,-0.3649381017881707,-0.029821182943603884,47847.93590096286,1.3418795585632317
-0.589917469050894,0.164825309491059,-0.10015130674002748,-0.2945171939477304,-0.35675928473177454,-0.00584869325997249,-0.43011829436038523,-0.33493810178817074,-0.029821182943603884,47722.93590096286,1.3451239585876458
-0.589917469050894,0.24482530949105907,-0.07015130674002751,-0.3545171939477304,-0.3367592847317745,-0.015848693259972485,-0.46011829436038526,-0.3649381017881707,-0.029821182943603884,48469.93590096286,1.3492102146148675
-0.579917469050894,0.23482530949105906,-0.07015130674002751,-0.3245171939477304,-0.37675928473177456,0.004151306740027505,-0.46011829436038526,-0.3749381017881707,-0.039821182943603886,49332.93590096286,1.3534080505371087
-0.589917469050894,0.2948253094910589,-0.07015130674002751,-0.3345171939477304,-0.38675928473177457,-0.00584869325997249,-0.45011829436038525,-0.3749381017881707,-0.029821182943603884,50071.93590096286,1.3544435024261468
-0.569917469050894,0.2948253094910589,-0.05015130674002749,-0.2845171939477304,-0.38675928473177457,0.004151306740027505,-0.43011829436038523,-0.39493810178817074,-0.029821182943603884,50146.93590096286,1.3574697494506829
-0.6199174690508941,0.33482530949105893,-0.01015130674002751,-0.2845171939477304,-0.38675928473177457,0.014151306740027514,-0.4801182943603852,-0.4149381017881707,-0.029821182943603884,50691.93590096286,1.3615655422210686
-0.6099174690508941,0.37482530949105897,0.009848693259972507,-0.2545171939477304,-0.4067592847317746,0.02415130674002751,-0.43011829436038523,-0.3649381017881707,-0.029821182943603884,50894.93590096286,1.3655495166778557
-0.6099174690508941,0.37482530949105897,0.029848693259972525,-0.2545171939477304,-0.4167592847317746,0.034151306740027504,-0.46011829436038526,-0.3649381017881707,-0.029821182943603884,51509.93590096286,1.3695654392242425
-0.6399174690508941,0.44482530949105903,0.029848693259972525,-0.2745171939477304,-0.4267592847317746,0.034151306740027504,-0.44011829436038524,-0.39493810178817074,-0.029821182943603884,52618.93590096286,1.370562028884887
-0.649917469050894,0.5148253094910591,0.009848693259972507,-0.2545171939477304,-0.4167592847317746,0.034151306740027504,-0.46011829436038526,-0.39493810178817074,-0.019821182943603882,53113.93590096286,1.374541234970092
-0.6399174690508941,0.5748253094910589,-0.00015130674002750144,-0.2545171939477304,-0.4567592847317745,0.034151306740027504,-0.46011829436038526,-0.4149381017881707,-0.019821182943603882,52706.93590096286,1.3780302524566643
-0.6099174690508941,0.624825309491059,0.009848693259972507,-0.2945171939477304,-0.4567592847317745,0.034151306740027504,-0.44011829436038524,-0.39493810178817074,-0.019821182943603882,52933.93590096286,1.381996822357177
-0.6199174690508941,0.6748253094910588,0.029848693259972525,-0.2945171939477304,-0.4467592847317745,0.034151306740027504,-0.44011829436038524,-0.38493810178817073,-0.00982118294360388,53432.93590096286,1.3825771331787102
-0.549917469050894,0.7148253094910588,0.019848693259972516,-0.3045171939477304,-0.4467592847317745,0.034151306740027504,-0.3601182943603852,-0.38493810178817073,-0.00982118294360388,53357.93590096286,1.3865899562835686
-0.539917469050894,0.724825309491059,0.009848693259972507,-0.2545171939477304,-0.5267592847317746,0.034151306740027504,-0.37011829436038524,-0.3749381017881707,0.00017881705639611473,53572.93590096286,1.3911113262176507
-0.559917469050894,0.7948253094910589,0.03984869325997248,-0.2545171939477304,-0.49675928473177455,0.04415130674002751,-0.3501182943603852,-0.3749381017881707,-0.00982118294360388,54267.93590096286,1.3941113471984856
-0.539917469050894,0.894825309491059,-0.00015130674002750144,-0.2545171939477304,-0.48675928473177454,0.04415130674002751,-0.3301182943603852,-0.3649381017881707,-0.00982118294360388,54716.93590096286,1.3951105594635003
-0.569917469050894,0.954825309491059,0.009848693259972507,-0.2545171939477304,-0.5267592847317746,0.04415130674002751,-0.2901182943603853,-0.38493810178817073,-0.00982118294360388,54873.93590096286,1.3991112232208245
-0.539917469050894,0.9948253094910591,0.009848693259972507,-0.2545171939477304,-0.5167592847317746,0.04415130674002751,-0.3301182943603852,-0.39493810178817074,-0.019821182943603882,55554.93590096286,1.4031114101409905
-0.549917469050894,1.064825309491059,-0.00015130674002750144,-0.2645171939477304,-0.49675928473177455,0.04415130674002751,-0.3101182943603853,-0.39493810178817074,-0.00982118294360388,55911.93590096286,1.4072620391845696
-0.529917469050894,1.104825309491059,-0.01015130674002751,-0.2845171939477304,-0.5467592847317746,0.04415130674002751,-0.3401182943603852,-0.38493810178817073,-0.00982118294360388,55842.93590096286,1.407380294799804
-0.549917469050894,1.224825309491059,-0.01015130674002751,-0.2545171939477304,-0.5767592847317745,0.04415130674002751,-0.3501182943603852,-0.3749381017881707,-0.00982118294360388,55753.93590096286,1.41081256866455
-0.569917469050894,1.2548253094910589,-0.01015130674002751,-0.2845171939477304,-0.5867592847317745,0.04415130674002751,-0.3501182943603852,-0.40493810178817075,-0.00982118294360388,56364.93590096286,1.4148423194885247
-0.569917469050894,1.3248253094910591,-0.00015130674002750144,-0.2845171939477304,-0.6167592847317745,0.034151306740027504,-0.3501182943603852,-0.40493810178817075,-0.00982118294360388,56657.93590096286,1.4188394069671624
-0.529917469050894,1.3648253094910592,-0.01015130674002751,-0.3145171939477304,-0.6267592847317746,0.04415130674002751,-0.3601182943603852,-0.4249381017881707,-0.00982118294360388,56104.93590096286,1.419840049743648
-0.569917469050894,1.4248253094910588,-0.030151306740027473,-0.2845171939477304,-0.6567592847317746,0.04415130674002751,-0.3601182943603852,-0.4449381017881707,-0.00982118294360388,55523.93590096286,1.4228381633758502
-0.529917469050894,1.474825309491059,-0.01015130674002751,-0.2845171939477304,-0.6467592847317746,0.034151306740027504,-0.3601182943603852,-0.4349381017881707,-0.00982118294360388,55412.93590096286,1.4271695137023954
-0.569917469050894,1.5548253094910591,-0.05015130674002749,-0.2745171939477304,-0.6367592847317746,0.02415130674002751,-0.3401182943603852,-0.4249381017881707,-0.00982118294360388,55669.93590096286,1.4312400341033964
-0.559917469050894,1.624825309491059,-0.07015130674002751,-0.3045171939477304,-0.6567592847317746,0.02415130674002751,-0.3601182943603852,-0.45493810178817073,0.00017881705639611473,55284.93590096286,1.4322795391082792
-0.559917469050894,1.684825309491059,-0.08015130674002752,-0.3245171939477304,-0.6567592847317746,0.034151306740027504,-0.3501182943603852,-0.4249381017881707,-0.00982118294360388,55135.93590096286,1.4352848052978509
-0.599917469050894,1.7548253094910589,-0.08015130674002752,-0.3045171939477304,-0.6467592847317746,0.034151306740027504,-0.38011829436038524,-0.45493810178817073,-0.00982118294360388,55430.93590096286,1.4403259277343707
-0.589917469050894,1.784825309491059,-0.09015130674002747,-0.3445171939477304,-0.6767592847317746,0.02415130674002751,-0.40011829436038526,-0.4849381017881707,0.00017881705639611473,55483.93590096286,1.4433886528015165
-0.549917469050894,1.8048253094910591,-0.10015130674002748,-0.3245171939477304,-0.6767592847317746,0.02415130674002751,-0.43011829436038523,-0.5249381017881707,-0.00982118294360388,55682.93590096286,1.4473883628845208
-0.5099174690508941,1.814825309491059,-0.10015130674002748,-0.3345171939477304,-0.6367592847317746,0.034151306740027504,-0.41011829436038527,-0.5049381017881707,0.00017881705639611473,55907.93590096286,1.44838805198669
-0.48991746905089406,1.854825309491059,-0.1201513067400275,-0.3545171939477304,-0.6567592847317746,0.02415130674002751,-0.4201182943603852,-0.5249381017881707,-0.00982118294360388,56064.93590096286,1.452384185791015
-0.48991746905089406,1.9048253094910592,-0.1301513067400275,-0.3545171939477304,-0.6967592847317745,0.02415130674002751,-0.45011829436038525,-0.5349381017881707,-0.00982118294360388,55913.93590096286,1.456388425827022
-0.48991746905089406,1.934825309491059,-0.1301513067400275,-0.3745171939477304,-0.7267592847317745,0.014151306740027514,-0.44011829436038524,-0.5249381017881707,-0.00982118294360388,55830.93590096286,1.4598505020141594
-0.46991746905089404,1.934825309491059,-0.14015130674002751,-0.3745171939477304,-0.7567592847317746,0.014151306740027514,-0.40011829436038526,-0.5249381017881707,-0.00982118294360388,55951.93590096286,1.46043152809143
-0.429917469050894,1.934825309491059,-0.15015130674002747,-0.3545171939477304,-0.7567592847317746,0.02415130674002751,-0.45011829436038525,-0.5549381017881707,0.00017881705639611473,55822.93590096286,1.464134883880611
-0.3899174690508941,1.9248253094910588,-0.16015130674002748,-0.3645171939477304,-0.7567592847317746,0.034151306740027504,-0.41011829436038527,-0.5449381017881707,0.00017881705639611473,55687.93590096286,1.4682032585144036
-0.34991746905089405,1.934825309491059,-0.16015130674002748,-0.39451719394773044,-0.7667592847317746,0.014151306740027514,-0.44011829436038524,-0.5449381017881707,0.010178817056396124,55370.93590096286,1.4722029685974078
-0.309917469050894,1.9248253094910588,-0.17015130674002749,-0.4145171939477304,-0.7867592847317746,0.004151306740027505,-0.46011829436038526,-0.5249381017881707,0.010178817056396124,55077.93590096286,1.473171424865722
-0.2699174690508941,1.894825309491059,-0.17015130674002749,-0.3745171939477304,-0.7567592847317746,0.014151306740027514,-0.44011829436038524,-0.5349381017881707,-0.00982118294360388,54654.93590096286,1.4764139175415032
-0.21991746905089404,1.8648253094910592,-0.1801513067400275,-0.3745171939477304,-0.7467592847317746,0.014151306740027514,-0.4801182943603852,-0.5149381017881707,0.010178817056396124,54233.93590096286,1.4804152965545647
-0.169917469050894,1.8448253094910592,-0.1901513067400275,-0.3345171939477304,-0.7467592847317746,0.014151306740027514,-0.49011829436038523,-0.5449381017881707,0.00017881705639611473,54160.93590096286,1.484420728683471
-0.12991746905089396,1.814825309491059,-0.1901513067400275,-0.3745171939477304,-0.7167592847317745,0.014151306740027514,-0.46011829436038526,-0.5649381017881707,-0.00982118294360388,54207.93590096286,1.485477399826049
-0.05991746905089412,1.784825309491059,-0.20015130674002748,-0.3445171939477304,-0.7467592847317746,0.02415130674002751,-0.4801182943603852,-0.5649381017881707,-0.00982118294360388,54112.93590096286,1.4890660762786858
-0.009917469050894079,1.7548253094910589,-0.2101513067400275,-0.3645171939477304,-0.7967592847317746,0.014151306740027514,-0.4801182943603852,-0.5849381017881707,-0.019821182943603882,53929.93590096286,1.4926678657531696
0.040082530949105966,1.7148253094910588,-0.2101513067400275,-0.38451719394773043,-0.8067592847317746,0.014151306740027514,-0.47011829436038527,-0.5649381017881707,0.00017881705639611473,53990.93590096286,1.4966978549957268
0.07008253094910599,1.6948253094910588,-0.2201513067400275,-0.3445171939477304,-0.7667592847317746,0.014151306740027514,-0.45011829436038525,-0.5949381017881707,0.00017881705639611473,54315.93590096286,1.4976982593536405
0.10008253094910602,1.6748253094910588,-0.2201513067400275,-0.3545171939477304,-0.8067592847317746,0.004151306740027505,-0.46011829436038526,-0.5649381017881707,0.00017881705639611473,54166.93590096286,1.5006978034973137
0.16008253094910607,1.6348253094910592,-0.2201513067400275,-0.3545171939477304,-0.8167592847317746,0.014151306740027514,-0.46011829436038526,-0.5849381017881707,0.00017881705639611473,53653.93590096286,1.5048799037933307
0.20008253094910589,1.5948253094910592,-0.2201513067400275,-0.3645171939477304,-0.8067592847317746,-0.00584869325997249,-0.47011829436038527,-0.5849381017881707,0.00017881705639611473,54300.93590096286,1.5092203140258782
0.24008253094910592,1.5748253094910591,-0.2201513067400275,-0.39451719394773044,-0.8067592847317746,-0.00584869325997249,-0.46011829436038526,-0.5849381017881707,0.00017881705639611473,55171.93590096286,1.5122441768646233
0.27008253094910595,1.534825309491059,-0.2201513067400275,-0.3645171939477304,-0.8067592847317746,0.004151306740027505,-0.47011829436038527,-0.5949381017881707,0.00017881705639611473,55468.93590096286,1.514076900482177
0.310082530949106,1.5048253094910589,-0.2201513067400275,-0.3745171939477304,-0.8067592847317746,0.004151306740027505,-0.4801182943603852,-0.5749381017881707,0.00017881705639611473,55693.93590096286,1.5173158168792718
0.340082530949106,1.4848253094910588,-0.2201513067400275,-0.39451719394773044,-0.7967592847317746,-0.00584869325997249,-0.5001182943603852,-0.5849381017881707,0.00017881705639611473,56466.93590096286,1.521389436721801
0.38008253094910605,1.4448253094910588,-0.2201513067400275,-0.3245171939477304,-0.7967592847317746,0.004151306740027505,-0.5101182943603852,-0.5749381017881707,0.00017881705639611473,56485.93590096286,1.525417518615722
0.41008253094910607,1.414825309491059,-0.2201513067400275,-0.3145171939477304,-0.7867592847317746,0.014151306740027514,-0.46011829436038526,-0.5649381017881707,0.010178817056396124,57108.93590096286,1.5258056640624993
0.4400825309491059,1.3848253094910592,-0.2101513067400275,-0.3045171939477304,-0.7867592847317746,0.014151306740027514,-0.4801182943603852,-0.5549381017881707,0.00017881705639611473,58273.93590096286,1.5298559188842802
0.4700825309491059,1.3648253094910592,-0.2101513067400275,-0.3145171939477304,-0.7767592847317746,0.004151306740027505,-0.47011829436038527,-0.5549381017881707,0.00017881705639611473,58404.93590096286,1.533849668502807
0.5000825309491059,1.334825309491059,-0.2101513067400275,-0.2845171939477304,-0.7667592847317746,0.014151306740027514,-0.4801182943603852,-0.5349381017881707,0.010178817056396124,58679.93590096286,1.5378503322601276
0.520082530949106,1.314825309491059,-0.2101513067400275,-0.2945171939477304,-0.7567592847317746,0.004151306740027505,-0.4801182943603852,-0.5449381017881707,0.010178817056396124,58592.93590096286,1.5378503322601276
0.540082530949106,1.294825309491059,-0.2101513067400275,-0.3245171939477304,-0.7367592847317745,0.014151306740027514,-0.46011829436038526,-0.5349381017881707,0.010178817056396124,58799.93590096286,1.54187364578247
0.560082530949106,1.264825309491059,-0.20015130674002748,-0.2745171939477304,-0.7167592847317745,0.02415130674002751,-0.47011829436038527,-0.5249381017881707,0.010178817056396124,59492.93590096286,1.5459036350250237
0.590082530949106,1.244825309491059,-0.2101513067400275,-0.2745171939477304,-0.7167592847317745,0.014151306740027514,-0.45011829436038525,-0.5249381017881707,0.010178817056396124,59619.93590096286,1.5498826026916497
0.600082530949106,1.224825309491059,-0.20015130674002748,-0.3045171939477304,-0.6967592847317745,0.014151306740027514,-0.46011829436038526,-0.5349381017881707,0.010178817056396124,60530.93590096286,1.5509886264801018
0.620082530949106,1.2148253094910588,-0.20015130674002748,-0.3145171939477304,-0.6967592847317745,0.014151306740027514,-0.49011829436038523,-0.5449381017881707,0.02017881705639612,60965.93590096286,1.554024410247802
0.6500825309491061,1.184825309491059,-0.2101513067400275,-0.2845171939477304,-0.6967592847317745,0.014151306740027514,-0.5401182943603853,-0.5549381017881707,0.02017881705639612,61364.93590096286,1.5590228557586663
0.6700825309491059,1.1748253094910588,-0.20015130674002748,-0.3245171939477304,-0.6767592847317746,0.02415130674002751,-0.5101182943603852,-0.5649381017881707,0.02017881705639612,61643.93590096286,1.5620216846466057
0.6700825309491059,1.1548253094910592,-0.20015130674002748,-0.2945171939477304,-0.6467592847317746,0.02415130674002751,-0.5201182943603853,-0.5949381017881707,0.02017881705639612,62146.93590096286,1.563022565841674
0.6900825309491059,1.1348253094910592,-0.1901513067400275,-0.2945171939477304,-0.5967592847317745,0.034151306740027504,-0.5301182943603853,-0.5849381017881707,0.02017881705639612,62671.93590096286,1.56702275276184
0.7100825309491059,1.1148253094910592,-0.1901513067400275,-0.2845171939477304,-0.5667592847317745,0.04415130674002751,-0.5301182943603853,-0.5549381017881707,0.030178817056396114,62986.93590096286,1.5710191249847405
0.7200825309491059,1.104825309491059,-0.1901513067400275,-0.2545171939477304,-0.5467592847317746,0.0641513067400275,-0.5601182943603853,-0.5749381017881707,0.030178817056396114,62865.93590096286,1.574062538146972
0.7300825309491059,1.0948253094910592,-0.1901513067400275,-0.24451719394773042,-0.5367592847317746,0.034151306740027504,-0.5601182943603853,-0.5849381017881707,0.030178817056396114,62994.93590096286,1.575029802322387
0.7300825309491059,1.084825309491059,-0.1801513067400275,-0.3245171939477304,-0.5067592847317746,0.014151306740027514,-0.5201182943603853,-0.5549381017881707,0.04017881705639612,63105.93590096286,1.5790333271026604
0.7400825309491059,1.0748253094910591,-0.1801513067400275,-0.2945171939477304,-0.47675928473177454,0.034151306740027504,-0.5701182943603853,-0.5649381017881707,0.030178817056396114,63010.93590096286,1.58302993774414
0.7600825309491059,1.0548253094910591,-0.1801513067400275,-0.2745171939477304,-0.4667592847317745,0.05415130674002752,-0.5601182943603853,-0.5649381017881707,0.04017881705639612,63291.93590096286,1.5869235515594475
0.770082530949106,1.044825309491059,-0.17015130674002749,-0.2345171939477304,-0.4667592847317745,0.0641513067400275,-0.5601182943603853,-0.6049381017881708,0.030178817056396114,63524.93590096286,1.5910644054412835
0.770082530949106,1.034825309491059,-0.16015130674002748,-0.2245171939477304,-0.4267592847317746,0.07415130674002751,-0.5601182943603853,-0.5549381017881707,0.04017881705639612,63637.93590096286,1.5910644054412835
0.790082530949106,1.0048253094910589,-0.16015130674002748,-0.20451719394773038,-0.4067592847317746,0.07415130674002751,-0.5801182943603853,-0.5749381017881707,0.04017881705639612,63532.93590096286,1.5951048851013176
0.790082530949106,0.9948253094910591,-0.16015130674002748,-0.24451719394773042,-0.37675928473177456,0.0941513067400275,-0.5401182943603853,-0.5549381017881707,0.05017881705639612,63293.93590096286,1.5990898132324247
0.810082530949106,0.9948253094910591,-0.15015130674002747,-0.2645171939477304,-0.3367592847317745,0.0941513067400275,-0.5601182943603853,-0.5449381017881707,0.05017881705639612,62868.93590096286,1.6030911922454827
0.810082530949106,0.974825309491059,-0.15015130674002747,-0.2545171939477304,-0.3067592847317746,0.11415130674002752,-0.5401182943603853,-0.5749381017881707,0.05017881705639612,63599.93590096286,1.6040884971618645
0.8200825309491058,0.9648253094910588,-0.15015130674002747,-0.2345171939477304,-0.26675928473177457,0.1341513067400275,-0.5801182943603853,-0.5749381017881707,0.05017881705639612,63596.93590096286,1.6070951938629143
0.830082530949106,0.954825309491059,-0.15015130674002747,-0.2245171939477304,-0.21675928473177453,0.1241513067400275,-0.5901182943603853,-0.5949381017881707,0.04017881705639612,63063.93590096286,1.6123897552490227
0.8400825309491058,0.934825309491059,-0.14015130674002751,-0.18451719394773042,-0.14675928473177446,0.1341513067400275,-0.5801182943603853,-0.5949381017881707,0.05017881705639612,62816.93590096286,1.6151248931884794
0.850082530949106,0.9248253094910588,-0.14015130674002751,-0.18451719394773042,-0.12675928473177445,0.14415130674002752,-0.5601182943603853,-0.5849381017881707,0.05017881705639612,62425.93590096286,1.6166095256805448
0.8600825309491058,0.9048253094910592,-0.14015130674002751,-0.1545171939477304,-0.07675928473177462,0.14415130674002752,-0.6101182943603852,-0.5549381017881707,0.04017881705639612,62228.93590096286,1.6195652008056634
0.870082530949106,0.8848253094910592,-0.1301513067400275,-0.14451719394773038,-0.01675928473177457,0.18415130674002753,-0.6301182943603852,-0.5549381017881707,0.05017881705639612,62285.93590096286,1.6245800971984856
0.870082530949106,0.8648253094910592,-0.1301513067400275,-0.1045171939477304,0.023240715268225465,0.18415130674002753,-0.5601182943603853,-0.5449381017881707,0.06017881705639611,62160.93590096286,1.6275801181793206
0.870082530949106,0.8648253094910592,-0.11015130674002749,-0.08451719394773038,0.07324071526822551,0.18415130674002753,-0.6101182943603852,-0.5449381017881707,0.06017881705639611,61593.93590096286,1.628584814071651
0.870082530949106,0.8448253094910592,-0.11015130674002749,-0.1045171939477304,0.12324071526822555,0.19415130674002753,-0.5801182943603853,-0.5649381017881707,0.07017881705639611,61504.93590096286,1.631583404541015
0.9000825309491058,0.8148253094910589,-0.10015130674002748,-0.1045171939477304,0.17324071526822538,0.2141513067400275,-0.5601182943603853,-0.5549381017881707,0.06017881705639611,61121.93590096286,1.6367618560791009
0.9100825309491061,0.7848253094910591,-0.09015130674002747,-0.03451719394773045,0.2032407152682254,0.2141513067400275,-0.5501182943603853,-0.5349381017881707,0.06017881705639611,60566.93590096286,1.6399888515472405
0.9200825309491059,0.7648253094910591,-0.08015130674002752,0.015482806052269593,0.2132407152682254,0.23415130674002751,-0.5501182943603853,-0.5349381017881707,0.06017881705639611,60253.93590096286,1.6399888515472405
0.9200825309491059,0.7448253094910591,-0.07015130674002751,0.03548280605226961,0.25324071526822545,0.23415130674002751,-0.5501182943603853,-0.5249381017881707,0.07017881705639611,59902.93590096286,1.644121599197387
0.9100825309491061,0.7348253094910588,-0.05015130674002749,0.03548280605226961,0.2932407152682255,0.24415130674002752,-0.5401182943603853,-0.5349381017881707,0.08017881705639612,59273.93590096286,1.6490070343017607
0.9100825309491061,0.724825309491059,-0.04015130674002748,0.03548280605226961,0.36324071526822554,0.2541513067400275,-0.5101182943603852,-0.5249381017881707,0.07017881705639611,58610.93590096286,1.6530043601989703
0.9100825309491061,0.7148253094910588,-0.030151306740027473,0.07548280605226965,0.4232407152682254,0.31415130674002756,-0.5201182943603853,-0.5149381017881707,0.08017881705639612,58485.93590096286,1.6530043601989703
0.890082530949106,0.6948253094910588,-0.01015130674002751,0.08548280605226954,0.5032407152682254,0.30415130674002755,-0.49011829436038523,-0.4949381017881707,0.07017881705639611,58016.93590096286,1.657009553909301
0.9000825309491058,0.664825309491059,0.009848693259972507,0.07548280605226965,0.5632407152682255,0.31415130674002756,-0.49011829436038523,-0.4849381017881707,0.08017881705639612,56967.93590096286,1.6610075950622551
0.8800825309491058,0.654825309491059,0.019848693259972516,0.1454828060522696,0.6032407152682255,0.33415130674002747,-0.43011829436038523,-0.4249381017881707,0.07017881705639611,56136.93590096286,1.664810132980346
0.870082530949106,0.654825309491059,0.029848693259972525,0.1354828060522696,0.6732407152682254,0.31415130674002756,-0.46011829436038526,-0.4149381017881707,0.07017881705639611,55399.93590096286,1.6688422679901116
0.850082530949106,0.654825309491059,0.029848693259972525,0.1554828060522696,0.7132407152682254,0.32415130674002746,-0.43011829436038523,-0.4349381017881707,0.08017881705639612,54410.93590096286,1.6688422679901116
0.8400825309491058,0.654825309491059,0.059848693259972496,0.17548280605226962,0.7532407152682254,0.3541513067400275,-0.4201182943603852,-0.4249381017881707,0.08017881705639612,54005.93590096286,1.6728510379791288
0.8400825309491058,0.644825309491059,0.0698486932599725,0.18548280605226963,0.7932407152682255,0.33415130674002747,-0.4201182943603852,-0.4249381017881707,0.08017881705639612,53630.93590096286,1.6778630733489983
0.810082530949106,0.634825309491059,0.08984869325997252,0.23548280605226957,0.8032407152682253,0.33415130674002747,-0.41011829436038527,-0.4249381017881707,0.08017881705639612,52451.93590096286,1.6810514450073235
0.780082530949106,0.624825309491059,0.09984869325997253,0.24548280605226958,0.8432407152682253,0.33415130674002747,-0.40011829436038526,-0.4149381017881707,0.08017881705639612,51996.93590096286,1.6815845489501946
0.780082530949106,0.614825309491059,0.11984869325997255,0.2854828060522696,0.8832407152682253,0.31415130674002756,-0.39011829436038525,-0.40493810178817075,0.08017881705639612,50901.93590096286,1.6859445095062249
0.7400825309491059,0.614825309491059,0.12984869325997256,0.2954828060522696,0.9032407152682254,0.32415130674002746,-0.3601182943603852,-0.39493810178817074,0.0901788170563961,50590.93590096286,1.6895327091217034
0.6800825309491059,0.644825309491059,0.14984869325997247,0.35548280605226956,0.8932407152682256,0.33415130674002747,-0.38011829436038524,-0.38493810178817073,0.10017881705639611,50551.93590096286,1.6935655593872063
0.6500825309491061,0.644825309491059,0.16984869325997248,0.34548280605226955,0.9332407152682256,0.3441513067400275,-0.37011829436038524,-0.4149381017881707,0.11017881705639612,49682.93590096286,1.694562625885009
0.600082530949106,0.654825309491059,0.1798486932599725,0.43548280605226963,0.9232407152682254,0.33415130674002747,-0.41011829436038527,-0.4149381017881707,0.10017881705639611,48499.93590096286,1.6975700378417997
0.570082530949106,0.644825309491059,0.1998486932599725,0.46548280605226966,0.9432407152682254,0.33415130674002747,-0.3401182943603852,-0.40493810178817075,0.10017881705639611,48144.93590096286,1.70170350074768
0.540082530949106,0.654825309491059,0.20984869325997252,0.5054828060522697,0.9832407152682254,0.33415130674002747,-0.37011829436038524,-0.4149381017881707,0.10017881705639611,48057.93590096286,1.7056934356689446
0.520082530949106,0.654825309491059,0.23984869325997255,0.5354828060522695,0.9632407152682254,0.3441513067400275,-0.38011829436038524,-0.4149381017881707,0.10017881705639611,47832.93590096286,1.70668716430664
0.4800825309491059,0.644825309491059,0.24984869325997255,0.6354828060522696,0.9232407152682254,0.33415130674002747,-0.40011829436038526,-0.4449381017881707,0.0901788170563961,46889.93590096286,1.7096940994262688
0.4600825309491059,0.634825309491059,0.23984869325997255,0.6554828060522696,0.9432407152682254,0.33415130674002747,-0.39011829436038525,-0.46493810178817074,0.10017881705639611,46452.93590096286,1.7136997699737542
0.4400825309491059,0.634825309491059,0.24984869325997255,0.7354828060522697,0.9232407152682254,0.31415130674002756,-0.40011829436038526,-0.45493810178817073,0.10017881705639611,46379.93590096286,1.717982482910159
0.42008253094910586,0.634825309491059,0.26984869325997246,0.7754828060522695,0.9032407152682254,0.30415130674002755,-0.4201182943603852,-0.45493810178817073,0.11017881705639612,46046.93590096286,1.7190179347991936
0.36008253094910603,0.634825309491059,0.2898486932599725,0.8254828060522695,0.8932407152682256,0.30415130674002755,-0.4201182943603852,-0.46493810178817074,0.10017881705639611,45791.93590096286,1.7222117900848382
0.340082530949106,0.614825309491059,0.3098486932599725,0.8754828060522696,0.8632407152682253,0.31415130674002756,-0.38011829436038524,-0.46493810178817074,0.10017881705639611,45604.93590096286,1.7262904167175286
0.330082530949106,0.5948253094910589,0.3198486932599725,0.9354828060522696,0.8432407152682253,0.28415130674002753,-0.4201182943603852,-0.4749381017881707,0.08017881705639612,45553.93590096286,1.7302901268005364
0.350082530949106,0.5548253094910589,0.3398486932599725,1.0254828060522696,0.8232407152682253,0.29415130674002754,-0.45011829436038525,-0.4849381017881707,0.07017881705639611,45228.93590096286,1.7342686176300042
0.330082530949106,0.5548253094910589,0.3398486932599725,1.0154828060522698,0.8132407152682255,0.29415130674002754,-0.46011829436038526,-0.4749381017881707,0.07017881705639611,44957.93590096286,1.7352900028228788
0.330082530949106,0.5448253094910589,0.34984869325997253,1.0654828060522696,0.7832407152682253,0.29415130674002754,-0.46011829436038526,-0.4949381017881707,0.05017881705639612,44598.93590096286,1.7392580032348626
0.300082530949106,0.5148253094910591,0.35984869325997254,1.1054828060522697,0.7732407152682255,0.28415130674002753,-0.5001182943603852,-0.5349381017881707,0.02017881705639612,44941.93590096286,1.7434207916259759
0.300082530949106,0.5048253094910591,0.34984869325997253,1.1554828060522695,0.7532407152682254,0.28415130674002753,-0.5101182943603852,-0.5449381017881707,0.04017881705639612,45442.93590096286,1.7465836524963336
0.26008253094910594,0.4948253094910591,0.36984869325997255,1.2154828060522695,0.7132407152682254,0.2741513067400275,-0.5101182943603852,-0.5549381017881707,0.04017881705639612,45389.93590096286,1.7473833084106438
0.24008253094910592,0.4948253094910591,0.37984869325997256,1.2654828060522698,0.6932407152682254,0.2641513067400275,-0.5201182943603853,-0.5649381017881707,0.02017881705639612,45058.93590096286,1.750634860992431
0.2200825309491059,0.4948253094910591,0.39984869325997247,1.3154828060522696,0.6632407152682254,0.2641513067400275,-0.5201182943603853,-0.5749381017881707,0.02017881705639612,45379.93590096286,1.7547573566436796
0.2100825309491059,0.46482530949105905,0.38984869325997246,1.3854828060522695,0.6232407152682256,0.24415130674002752,-0.5401182943603853,-0.6049381017881708,0.010178817056396124,46102.93590096286,1.7587358474731438
0.20008253094910589,0.44482530949105903,0.37984869325997256,1.4154828060522697,0.6032407152682255,0.23415130674002751,-0.5901182943603853,-0.5849381017881707,0.00017881705639611473,46173.93590096286,1.7587358474731438
0.16008253094910607,0.424825309491059,0.38984869325997246,1.4554828060522698,0.5832407152682255,0.24415130674002752,-0.6101182943603852,-0.6549381017881707,-0.00982118294360388,46146.93590096286,1.7630137920379632
0.15008253094910606,0.414825309491059,0.38984869325997246,1.4654828060522695,0.5732407152682255,0.23415130674002751,-0.6101182943603852,-0.6749381017881707,-0.00982118294360388,46645.93590096286,1.7680148601531975
0.13008253094910605,0.414825309491059,0.38984869325997246,1.4954828060522698,0.5632407152682255,0.2241513067400275,-0.6201182943603852,-0.6549381017881707,-0.00982118294360388,47472.93590096286,1.7713927745819085
0.10008253094910602,0.434825309491059,0.38984869325997246,1.5354828060522698,0.5432407152682255,0.2141513067400275,-0.6501182943603853,-0.6949381017881707,-0.00982118294360388,48151.93590096286,1.7724310874938958
0.10008253094910602,0.384825309491059,0.38984869325997246,1.5854828060522697,0.5232407152682255,0.2141513067400275,-0.6701182943603853,-0.6949381017881707,-0.029821182943603884,48324.93590096286,1.7754487514495843
0.07008253094910599,0.36482530949105896,0.4198486932599725,1.6054828060522697,0.5132407152682255,0.2141513067400275,-0.6701182943603853,-0.7049381017881707,-0.039821182943603886,48815.93590096286,1.7805673599243192
0.10008253094910602,0.35482530949105895,0.39984869325997247,1.63548280605227,0.49324071526822544,0.19415130674002753,-0.7201182943603852,-0.7349381017881708,-0.04982118294360388,49482.93590096286,1.7834383964538567
0.080082530949106,0.33482530949105893,0.4098486932599725,1.6654828060522697,0.48324071526822543,0.19415130674002753,-0.6701182943603853,-0.7349381017881708,-0.039821182943603886,50175.93590096286,1.78444595336914
0.040082530949105966,0.33482530949105893,0.4198486932599725,1.6954828060522695,0.4532407152682254,0.18415130674002753,-0.7201182943603852,-0.7549381017881707,-0.04982118294360388,50856.93590096286,1.7879487991333
0.07008253094910599,0.3148253094910589,0.4098486932599725,1.7154828060522695,0.4432407152682254,0.18415130674002753,-0.7301182943603852,-0.7649381017881707,-0.05982118294360388,51205.93590096286,1.791527462005611
0.050082530949105974,0.2748253094910591,0.4198486932599725,1.7254828060522698,0.4232407152682254,0.2041513067400275,-0.7301182943603852,-0.7749381017881707,-0.04982118294360388,51460.93590096286,1.7955963134765582
0.06008253094910598,0.3048253094910589,0.4098486932599725,1.7354828060522696,0.41324071526822537,0.2041513067400275,-0.7301182943603852,-0.7949381017881707,-0.04982118294360388,51509.93590096286,1.7965976715087884
0.06008253094910598,0.24482530949105907,0.4098486932599725,1.7754828060522696,0.39324071526822535,0.19415130674002753,-0.7301182943603852,-0.8049381017881707,-0.04982118294360388,51630.93590096286,1.8005942821502678
0.040082530949105966,0.2548253094910591,0.4498486932599725,1.7854828060522698,0.37324071526822555,0.2041513067400275,-0.7501182943603852,-0.7949381017881707,-0.05982118294360388,52945.93590096286,1.8036803722381585
0.050082530949105974,0.23482530949105906,0.4298486932599725,1.8254828060522699,0.36324071526822554,0.19415130674002753,-0.7501182943603852,-0.8049381017881707,-0.05982118294360388,53964.93590096286,1.8086821556091301
0.040082530949105966,0.21482530949105905,0.4598486932599725,1.8354828060522697,0.35324071526822554,0.19415130674002753,-0.7601182943603852,-0.7949381017881707,-0.05982118294360388,54083.93590096286,1.8086821556091301
0.040082530949105966,0.164825309491059,0.47984869325997254,1.8554828060522697,0.3132407152682255,0.19415130674002753,-0.7501182943603852,-0.7949381017881707,-0.05982118294360388,54386.93590096286,1.8118092536926262
0.080082530949106,0.13482530949105898,0.4698486932599725,1.8754828060522697,0.3132407152682255,0.19415130674002753,-0.7301182943603852,-0.8049381017881707,-0.05982118294360388,55083.93590096286,1.8161947250366204
0.040082530949105966,0.154825309491059,0.4598486932599725,1.88548280605227,0.2932407152682255,0.19415130674002753,-0.6401182943603853,-0.7749381017881707,-0.05982118294360388,56054.93590096286,1.8204214096069329
0.06008253094910598,0.11482530949105896,0.48984869325997255,1.8954828060522697,0.2832407152682255,0.18415130674002753,-0.6801182943603852,-0.8149381017881707,-0.039821182943603886,56399.93590096286,1.824450206756591
0.07008253094910599,0.09482530949105894,0.4698486932599725,1.8954828060522697,0.2832407152682255,0.19415130674002753,-0.6001182943603852,-0.7649381017881707,-0.029821182943603884,56768.93590096286,1.824450206756591
0.07008253094910599,0.09482530949105894,0.4698486932599725,1.8954828060522697,0.27324071526822546,0.19415130674002753,-0.6301182943603852,-0.7949381017881707,-0.05982118294360388,56793.93590096286,1.8284439563751178
0.040082530949105966,0.12482530949105897,0.4298486932599725,1.9054828060522695,0.2832407152682255,0.2041513067400275,-0.6001182943603852,-0.7749381017881707,-0.04982118294360388,56938.93590096286,1.8324601173400872
0.050082530949105974,0.11482530949105896,0.4198486932599725,1.8954828060522697,0.26324071526822546,0.2041513067400275,-0.6501182943603853,-0.7649381017881707,-0.039821182943603886,57123.93590096286,1.8367352008819608
0.06008253094910598,0.11482530949105896,0.4298486932599725,1.9154828060522697,0.26324071526822546,0.2041513067400275,-0.6201182943603852,-0.7749381017881707,-0.039821182943603886,57334.93590096286,1.8377325057983391
0.040082530949105966,0.10482530949105895,0.4098486932599725,1.9154828060522697,0.25324071526822545,0.2041513067400275,-0.6101182943603852,-0.7449381017881707,-0.019821182943603882,57073.93590096286,1.8407313346862786
0.06008253094910598,0.09482530949105894,0.4098486932599725,1.9154828060522697,0.24324071526822544,0.2041513067400275,-0.5801182943603853,-0.6849381017881707,-0.029821182943603884,57216.93590096286,1.8450173854827874
0.06008253094910598,0.09482530949105894,0.38984869325997246,1.9054828060522695,0.25324071526822545,0.2041513067400275,-0.5501182943603853,-0.6249381017881708,0.010178817056396124,57787.93590096286,1.8490252017974846
0.040082530949105966,0.08482530949105893,0.4098486932599725,1.9254828060522695,0.23324071526822543,0.2141513067400275,-0.5401182943603853,-0.6449381017881707,-0.00982118294360388,58022.93590096286,1.8490252017974846
0.06008253094910598,0.08482530949105893,0.37984869325997256,1.9354828060522697,0.22324071526822542,0.2141513067400275,-0.6001182943603852,-0.5449381017881707,0.030178817056396114,57759.93590096286,1.853049707412719
0.030082530949105957,0.09482530949105894,0.36984869325997255,1.9354828060522697,0.22324071526822542,0.2241513067400275,-0.5301182943603853,-0.5049381017881707,0.04017881705639612,57784.93590096286,1.8572227478027301
0.010082530949105939,0.07482530949105892,0.39984869325997247,1.9454828060522695,0.2032407152682254,0.2241513067400275,-0.5001182943603852,-0.4749381017881707,0.04017881705639612,58295.93590096286,1.8612255573272698
8.253094910593006e-05,0.09482530949105894,0.35984869325997254,1.9454828060522695,0.2032407152682254,0.2241513067400275,-0.5101182943603852,-0.4449381017881707,0.06017881705639611,58292.93590096286,1.8622195243835442
0.020082530949105948,0.12482530949105897,0.34984869325997253,1.9654828060522695,0.17324071526822538,0.23415130674002751,-0.4801182943603852,-0.39493810178817074,0.08017881705639612,58053.93590096286,1.8654539108276396
0.020082530949105948,0.11482530949105896,0.34984869325997253,1.9654828060522695,0.15324071526822536,0.24415130674002752,-0.4801182943603852,-0.34493810178817075,0.0901788170563961,57960.93590096286,1.869360399246215
-0.019917469050894088,0.11482530949105896,0.35984869325997254,1.9654828060522695,0.15324071526822536,0.24415130674002752,-0.46011829436038526,-0.2949381017881707,0.11017881705639612,58341.93590096286,1.8735742092132561
-0.009917469050894079,0.07482530949105892,0.34984869325997253,1.9554828060522698,0.16324071526822537,0.2541513067400275,-0.44011829436038524,-0.21493810178817074,0.1301788170563961,58666.93590096286,1.874570560455318
-0.019917469050894088,0.12482530949105897,0.3198486932599725,1.9654828060522695,0.13324071526822534,0.2641513067400275,-0.40011829436038526,-0.14493810178817068,0.17017881705639612,58673.93590096286,1.8776335239410393
-0.049917469050894114,0.10482530949105895,0.3298486932599725,1.9554828060522698,0.12324071526822555,0.2741513067400275,-0.3601182943603852,-0.09493810178817075,0.1801788170563961,58712.93590096286,1.8816201210022
-0.05991746905089412,0.08482530949105893,0.3398486932599725,1.9654828060522695,0.10324071526822554,0.28415130674002753,-0.37011829436038524,0.00506189821182923,0.20017881705639612,58543.93590096286,1.8866171360015862
-0.05991746905089412,0.08482530949105893,0.3098486932599725,1.9554828060522698,0.09324071526822553,0.28415130674002753,-0.3601182943603852,0.10506189821182932,0.22017881705639614,58178.93590096286,1.8866171360015862
-0.049917469050894114,0.08482530949105893,0.27984869325997247,1.9454828060522695,0.08324071526822552,0.29415130674002754,-0.3501182943603852,0.13506189821182923,0.2601788170563961,57937.93590096286,1.8901385784149198
-0.05991746905089412,0.07482530949105892,0.3298486932599725,1.9354828060522697,0.10324071526822554,0.29415130674002754,-0.3001182943603853,0.18506189821182928,0.28017881705639613,57458.93590096286,1.8939980983734124
-0.09991746905089394,0.09482530949105894,0.3098486932599725,1.9454828060522695,0.07324071526822551,0.31415130674002756,-0.24011829436038523,0.22506189821182931,0.3301788170563961,57481.93590096286,1.8981835365295403
-0.14991746905089398,0.09482530949105894,0.3298486932599725,1.9254828060522695,0.08324071526822552,0.31415130674002756,-0.24011829436038523,0.2950618982118294,0.3801788170563961,57472.93590096286,1.89937419891357
-0.159917469050894,0.07482530949105892,0.2998486932599725,1.9154828060522697,0.07324071526822551,0.32415130674002746,-0.26011829436038525,0.3550618982118292,0.4201788170563961,57099.93590096286,1.9023344039916985
-0.179917469050894,0.09482530949105894,0.27984869325997247,1.9254828060522695,0.08324071526822552,0.33415130674002747,-0.24011829436038523,0.4350618982118293,0.4301788170563961,56716.93590096286,1.9068750858306878
-0.169917469050894,0.09482530949105894,0.2998486932599725,1.8954828060522697,0.0632407152682255,0.33415130674002747,-0.23011829436038522,0.49506189821182933,0.47017881705639614,56673.93590096286,1.9105829715728788
-0.18991746905089402,0.10482530949105895,0.26984869325997246,1.8954828060522697,0.0632407152682255,0.3541513067400275,-0.2101182943603852,0.5250618982118294,0.5001788170563962,56560.93590096286,1.9145810127258294
-0.21991746905089404,0.10482530949105895,0.27984869325997247,1.8754828060522697,0.07324071526822551,0.3741513067400275,-0.2101182943603852,0.5750618982118292,0.5301788170563961,55811.93590096286,1.9145810127258294
-0.20991746905089403,0.12482530949105897,0.26984869325997246,1.8154828060522696,0.10324071526822554,0.3841513067400275,-0.17011829436038528,0.5950618982118292,0.5501788170563962,55452.93590096286,1.919580173492431
-0.169917469050894,0.11482530949105896,0.2898486932599725,1.7954828060522696,0.10324071526822554,0.3841513067400275,-0.16011829436038527,0.6250618982118292,0.5801788170563962,55063.93590096286,1.9227461338043206
-0.18991746905089402,0.14482530949105898,0.25984869325997245,1.7554828060522696,0.11324071526822554,0.42415130674002754,-0.12011829436038524,0.6250618982118292,0.6201788170563962,54644.93590096286,1.9268629074096673
-0.18991746905089402,0.13482530949105898,0.25984869325997245,1.7454828060522698,0.11324071526822554,0.42415130674002754,-0.11011829436038523,0.6550618982118293,0.6301788170563961,54203.93590096286,1.9276482582092278
-0.19991746905089403,0.13482530949105898,0.2898486932599725,1.7154828060522695,0.11324071526822554,0.44415130674002756,-0.09011829436038521,0.7050618982118293,0.6701788170563961,53530.93590096286,1.9308373451232903
-0.18991746905089402,0.12482530949105897,0.2898486932599725,1.6854828060522697,0.12324071526822555,0.4641513067400276,-0.050118294360385285,0.6750618982118293,0.6701788170563961,52705.93590096286,1.9348127365112298
-0.23991746905089406,0.12482530949105897,0.27984869325997247,1.6254828060522697,0.15324071526822536,0.4641513067400276,-0.020118294360385258,0.7250618982118293,0.6801788170563962,52216.93590096286,1.9398147583007805
-0.21991746905089404,0.11482530949105896,0.2998486932599725,1.5854828060522697,0.15324071526822536,0.4941513067400275,-0.030118294360385267,0.7450618982118293,0.6901788170563962,51827.93590096286,1.9398147583007805
-0.2699174690508941,0.11482530949105896,0.2998486932599725,1.5654828060522696,0.16324071526822537,0.5041513067400275,0.049881705639614804,0.7550618982118293,0.7101788170563962,50806.93590096286,1.9438147068023675
-0.2699174690508941,0.13482530949105898,0.3398486932599725,1.5254828060522696,0.18324071526822538,0.4941513067400275,0.0598817056396147,0.8150618982118292,0.7201788170563962,50421.93590096286,1.9472839355468743
-0.289917469050894,0.13482530949105898,0.3098486932599725,1.4754828060522698,0.2132407152682254,0.5141513067400275,0.07988170563961472,0.8150618982118292,0.7201788170563962,50318.93590096286,1.9513830661773675
-0.289917469050894,0.12482530949105897,0.3298486932599725,1.4454828060522695,0.2132407152682254,0.5141513067400275,0.14988170563961478,0.8450618982118292,0.7101788170563962,49359.93590096286,1.9523829936981194
-0.279917469050894,0.13482530949105898,0.3298486932599725,1.4254828060522695,0.23324071526822543,0.5241513067400275,0.1698817056396148,0.8650618982118292,0.7501788170563962,48558.93590096286,1.9553827762603753
-0.289917469050894,0.154825309491059,0.3198486932599725,1.3854828060522695,0.24324071526822544,0.5341513067400275,0.20988170563961484,0.8450618982118292,0.7501788170563962,47821.93590096286,1.9605094909667997
-0.279917469050894,0.12482530949105897,0.3298486932599725,1.3554828060522697,0.23324071526822543,0.5441513067400275,0.23988170563961486,0.8650618982118292,0.7601788170563961,46870.93590096286,1.964079809188842
-0.309917469050894,0.13482530949105898,0.3198486932599725,1.2954828060522696,0.26324071526822546,0.5441513067400275,0.26988170563961467,0.8750618982118292,0.7501788170563962,46429.93590096286,1.9649528980255155
-0.34991746905089405,0.174825309491059,0.2898486932599725,1.2454828060522698,0.2932407152682255,0.5741513067400276,0.2798817056396147,0.8950618982118292,0.7701788170563961,45960.93590096286,1.9683117389678948
-0.319917469050894,0.18482530949105902,0.2898486932599725,1.2154828060522695,0.2932407152682255,0.5741513067400276,0.35988170563961475,0.8750618982118292,0.7601788170563961,44979.93590096286,1.9721099853515582
-0.309917469050894,0.164825309491059,0.2898486932599725,1.1954828060522695,0.3032407152682255,0.5941513067400276,0.37988170563961476,0.9050618982118293,0.7701788170563961,43992.93590096286,1.9768511772155755
-0.289917469050894,0.154825309491059,0.27984869325997247,1.1454828060522697,0.3132407152682255,0.5941513067400276,0.36988170563961476,0.9750618982118293,0.7401788170563962,43031.93590096286,1.9799375057220487
-0.319917469050894,0.19482530949105903,0.25984869325997245,1.1054828060522697,0.35324071526822554,0.5941513067400276,0.35988170563961475,1.0050618982118293,0.7401788170563962,42732.93590096286,1.980839681625369
-0.309917469050894,0.164825309491059,0.26984869325997246,1.0654828060522696,0.3432407152682255,0.6141513067400275,0.36988170563961476,1.0550618982118294,0.7401788170563962,42661.93590096286,1.984839868545528
-0.319917469050894,0.154825309491059,0.27984869325997247,1.0354828060522694,0.37324071526822555,0.6241513067400275,0.36988170563961476,1.0750618982118292,0.7301788170563962,42126.93590096286,1.9883589267730706
-0.33991746905089404,0.18482530949105902,0.2998486932599725,0.9454828060522696,0.38324071526822534,0.6241513067400275,0.35988170563961475,1.1050618982118292,0.7501788170563962,41597.93590096286,1.9923674583435016
-0.34991746905089405,0.154825309491059,0.2898486932599725,0.9254828060522696,0.4232407152682254,0.6041513067400275,0.3998817056396148,1.1550618982118293,0.7301788170563962,40712.93590096286,1.9933728694915764
-0.35991746905089406,0.18482530949105902,0.2998486932599725,0.8754828060522696,0.4332407152682254,0.6141513067400275,0.4198817056396148,1.1750618982118293,0.7101788170563962,39809.93590096286,1.9964015007019036
-0.34991746905089405,0.18482530949105902,0.3098486932599725,0.8554828060522696,0.4532407152682254,0.6141513067400275,0.47988170563961485,1.1750618982118293,0.6801788170563962,39410.93590096286,2.0005874156951897
-0.34991746905089405,0.164825309491059,0.2898486932599725,0.8154828060522695,0.48324071526822543,0.6241513067400275,0.49988170563961465,1.2050618982118293,0.6601788170563961,38987.93590096286,2.004404973983764
-0.34991746905089405,0.174825309491059,0.2998486932599725,0.7754828060522695,0.4732407152682254,0.6341513067400275,0.5798817056396147,1.1650618982118293,0.6401788170563961,38738.93590096286,2.00544185638428
-0.33991746905089404,0.18482530949105902,0.2998486932599725,0.7754828060522695,0.4732407152682254,0.6341513067400275,0.6098817056396147,1.2050618982118293,0.6101788170563962,38539.93590096286,2.0095257282257073
-0.33991746905089404,0.164825309491059,0.2898486932599725,0.7254828060522697,0.48324071526822543,0.6241513067400275,0.6398817056396148,1.215061898211829,0.6001788170563962,37880.93590096286,2.013525915145877
-0.319917469050894,0.13482530949105898,0.2998486932599725,0.7054828060522697,0.48324071526822543,0.6241513067400275,0.7198817056396148,1.215061898211829,0.5801788170563962,37711.93590096286,2.0175261020660393
-0.319917469050894,0.13482530949105898,0.2898486932599725,0.7054828060522697,0.48324071526822543,0.6341513067400275,0.7698817056396147,1.1850618982118293,0.5601788170563962,37676.93590096286,2.018525791168212
-0.33991746905089404,0.12482530949105897,0.2998486932599725,0.6454828060522696,0.49324071526822544,0.6341513067400275,0.8298817056396147,1.1850618982118293,0.5501788170563962,37297.93590096286,2.022525978088378
-0.36991746905089407,0.164825309491059,0.27984869325997247,0.6554828060522696,0.5132407152682255,0.6341513067400275,0.8398817056396147,1.195061898211829,0.5301788170563961,37456.93590096286,2.0259031772613554
-0.32991746905089403,0.154825309491059,0.27984869325997247,0.6554828060522696,0.5132407152682255,0.6041513067400275,0.8798817056396148,1.1850618982118293,0.5301788170563961,37641.93590096286,2.0295133113861077
-0.32991746905089403,0.13482530949105898,0.26984869325997246,0.6154828060522696,0.5032407152682254,0.6041513067400275,0.9198817056396148,1.195061898211829,0.5101788170563961,37520.93590096286,2.0295133113861077
-0.309917469050894,0.10482530949105895,0.26984869325997246,0.6154828060522696,0.49324071526822544,0.6041513067400275,0.9298817056396148,1.2050618982118293,0.5101788170563961,37593.93590096286,2.033915472030639
-0.319917469050894,0.09482530949105894,0.27984869325997247,0.6054828060522696,0.5032407152682254,0.6141513067400275,0.9698817056396148,1.1850618982118293,0.5001788170563962,37332.93590096286,2.0376965522766106
-0.34991746905089405,0.10482530949105895,0.27984869325997247,0.5754828060522695,0.5232407152682255,0.6041513067400275,1.0098817056396148,1.1850618982118293,0.49017881705639615,37125.93590096286,2.0422622680664055
-0.32991746905089403,0.10482530949105895,0.2998486932599725,0.5654828060522695,0.5232407152682255,0.5841513067400276,1.0298817056396148,1.1850618982118293,0.47017881705639614,37490.93590096286,2.0422622680664055
-0.32991746905089403,0.10482530949105895,0.24984869325997255,0.5554828060522695,0.5132407152682255,0.5841513067400276,1.0798817056396146,1.1750618982118293,0.4501788170563961,37571.93590096286,2.046248149871822
-0.32991746905089403,0.10482530949105895,0.25984869325997245,0.5454828060522695,0.5032407152682254,0.5941513067400276,1.0998817056396146,1.1650618982118293,0.4401788170563961,37846.93590096286,2.050249052047729
-0.32991746905089403,0.06482530949105891,0.25984869325997245,0.5554828060522695,0.48324071526822543,0.6041513067400275,1.1298817056396144,1.1550618982118293,0.4201788170563961,37617.93590096286,2.054252815246585
-0.34991746905089405,0.06482530949105891,0.22984869325997254,0.5254828060522695,0.4732407152682254,0.6141513067400275,1.1698817056396145,1.1450618982118292,0.4101788170563961,37994.93590096286,2.0578312397003202
-0.34991746905089405,0.06482530949105891,0.22984869325997254,0.5254828060522695,0.4732407152682254,0.5841513067400276,1.1798817056396147,1.1450618982118292,0.4201788170563961,38239.93590096286,2.0578312397003202
-0.3899174690508941,0.044825309491058896,0.21984869325997253,0.4954828060522697,0.48324071526822543,0.5841513067400276,1.1998817056396147,1.1450618982118292,0.40017881705639613,38424.93590096286,2.0625028133392362
-0.36991746905089407,0.014825309491059091,0.1898486932599725,0.4954828060522697,0.49324071526822544,0.5541513067400275,1.2098817056396145,1.1450618982118292,0.40017881705639613,38543.93590096286,2.0664760589599602
-0.35991746905089406,0.044825309491058896,0.23984869325997255,0.4854828060522697,0.4632407152682254,0.5741513067400276,1.2298817056396145,1.1450618982118292,0.3901788170563961,38520.93590096286,2.069573831558227
-0.36991746905089407,0.0248253094910591,0.20984869325997252,0.4954828060522697,0.4632407152682254,0.5641513067400276,1.2498817056396145,1.1450618982118292,0.3801788170563961,39215.93590096286,2.070573043823238
-0.399917469050894,0.004825309491059082,0.20984869325997252,0.47548280605226967,0.4432407152682254,0.5741513067400276,1.2498817056396145,1.1450618982118292,0.3601788170563961,39668.93590096286,2.0746712207794182
-0.409917469050894,-0.005174690508940927,0.20984869325997252,0.45548280605226965,0.4432407152682254,0.5641513067400276,1.2598817056396148,1.1450618982118292,0.3601788170563961,39985.93590096286,2.078674745559688
-0.429917469050894,0.014825309491059091,0.1998486932599725,0.44548280605226964,0.4332407152682254,0.5541513067400275,1.2898817056396146,1.1450618982118292,0.3601788170563961,40754.93590096286,2.082805109024047
-0.449917469050894,-0.025174690508940945,0.1998486932599725,0.45548280605226965,0.4332407152682254,0.5541513067400275,1.2898817056396146,1.1450618982118292,0.3601788170563961,41385.93590096286,2.082805109024047
-0.409917469050894,-0.07517469050894099,0.1898486932599725,0.44548280605226964,0.41324071526822537,0.5541513067400275,1.2898817056396146,1.1450618982118292,0.3501788170563961,42060.93590096286,2.086723518371585
-0.46991746905089404,-0.06517469050894098,0.21984869325997253,0.43548280605226963,0.41324071526822537,0.5641513067400276,1.2998817056396148,1.1450618982118292,0.3501788170563961,41935.93590096286,2.091021013259887
-0.419917469050894,-0.07517469050894099,0.20984869325997252,0.4254828060522696,0.40324071526822536,0.5741513067400276,1.3098817056396146,1.1450618982118292,0.34017881705639613,42494.93590096286,2.0960206508636468
-0.46991746905089404,-0.095174690508941,0.21984869325997253,0.43548280605226963,0.37324071526822555,0.5641513067400276,1.3298817056396146,1.1350618982118292,0.34017881705639613,43345.93590096286,2.0960206508636468
-0.439917469050894,-0.085174690508941,0.21984869325997253,0.4254828060522696,0.35324071526822554,0.5641513067400276,1.3398817056396148,1.1350618982118292,0.34017881705639613,43822.93590096286,2.0990201950073235
-0.419917469050894,-0.085174690508941,0.1898486932599725,0.4254828060522696,0.3432407152682255,0.5741513067400276,1.3498817056396146,1.1350618982118292,0.34017881705639613,43799.93590096286,2.1031734466552763
-0.429917469050894,-0.11517469050894102,0.1898486932599725,0.4054828060522696,0.3432407152682255,0.5341513067400275,1.3498817056396146,1.1250618982118292,0.3301788170563961,44198.93590096286,2.107444238662719
-0.399917469050894,-0.14517469050894105,0.1898486932599725,0.4054828060522696,0.3332407152682255,0.5441513067400275,1.3598817056396149,1.1250618982118292,0.3301788170563961,45263.93590096286,2.1084472656249993
-0.409917469050894,-0.12517469050894103,0.1798486932599725,0.4054828060522696,0.3032407152682255,0.5441513067400275,1.3598817056396149,1.1250618982118292,0.3301788170563961,45592.93590096286,2.111030769348144
-0.3899174690508941,-0.12517469050894103,0.1998486932599725,0.4154828060522696,0.2932407152682255,0.5341513067400275,1.3598817056396149,1.1350618982118292,0.3301788170563961,45817.93590096286,2.116078090667724
-0.3799174690508941,-0.14517469050894105,0.1798486932599725,0.3954828060522696,0.2832407152682255,0.5341513067400275,1.3498817056396146,1.1450618982118292,0.3301788170563961,46154.93590096286,2.120726060867309
-0.3799174690508941,-0.15517469050894106,0.1998486932599725,0.36548280605226957,0.27324071526822546,0.5341513067400275,1.3498817056396146,1.1450618982118292,0.3201788170563961,46263.93590096286,2.1234557151794426
-0.3799174690508941,-0.14517469050894105,0.1998486932599725,0.3854828060522696,0.26324071526822546,0.5441513067400275,1.3498817056396146,1.1450618982118292,0.3201788170563961,46474.93590096286,2.1242720603942864
-0.35991746905089406,-0.16517469050894107,0.1898486932599725,0.36548280605226957,0.25324071526822545,0.5341513067400275,1.3398817056396148,1.1450618982118292,0.3301788170563961,47089.93590096286,2.12836308479309
-0.399917469050894,-0.15517469050894106,0.1798486932599725,0.34548280605226955,0.27324071526822546,0.5041513067400275,1.3398817056396148,1.1550618982118293,0.3201788170563961,47354.93590096286,2.1313600063324003
-0.3899174690508941,-0.16517469050894107,0.16984869325997248,0.34548280605226955,0.27324071526822546,0.5041513067400275,1.3298817056396146,1.1650618982118293,0.3301788170563961,47809.93590096286,2.1355063438415556
-0.3899174690508941,-0.17517469050894108,0.1798486932599725,0.33548280605226954,0.27324071526822546,0.4841513067400275,1.3298817056396146,1.1750618982118293,0.34017881705639613,48190.93590096286,2.136508178710937
-0.409917469050894,-0.1951746905089411,0.1798486932599725,0.31548280605226964,0.26324071526822546,0.4941513067400275,1.3098817056396146,1.1850618982118293,0.3301788170563961,48009.93590096286,2.1395444393157987
-0.409917469050894,-0.15517469050894106,0.16984869325997248,0.30548280605226963,0.24324071526822544,0.4941513067400275,1.3098817056396146,1.1850618982118293,0.34017881705639613,48164.93590096286,2.1439966678619378
-0.3899174690508941,-0.1851746905089411,0.1898486932599725,0.32548280605226965,0.24324071526822544,0.4841513067400275,1.2998817056396148,1.195061898211829,0.34017881705639613,48783.93590096286,2.1480082988739007
-0.3899174690508941,-0.2151746905089409,0.1898486932599725,0.32548280605226965,0.23324071526822543,0.5041513067400275,1.3098817056396146,1.195061898211829,0.34017881705639613,48516.93590096286,2.1480082988739007
-0.3899174690508941,-0.1851746905089411,0.1798486932599725,0.30548280605226963,0.2132407152682254,0.5141513067400275,1.3098817056396146,1.195061898211829,0.34017881705639613,48587.93590096286,2.1521067142486565
-0.3899174690508941,-0.1951746905089411,0.1798486932599725,0.30548280605226963,0.1932407152682254,0.5041513067400275,1.3098817056396146,1.1850618982118293,0.34017881705639613,48998.93590096286,2.156396341323852
-0.399917469050894,-0.1951746905089411,0.1798486932599725,0.2954828060522696,0.1932407152682254,0.5041513067400275,1.2998817056396148,1.195061898211829,0.3501788170563961,48511.93590096286,2.160391998291015
-0.3899174690508941,-0.1951746905089411,0.15984869325997247,0.2754828060522696,0.17324071526822538,0.5141513067400275,1.2998817056396148,1.195061898211829,0.3501788170563961,48020.93590096286,2.1613952636718743
-0.3899174690508941,-0.2151746905089409,0.16984869325997248,0.2754828060522696,0.1932407152682254,0.45415130674002757,1.2998817056396148,1.195061898211829,0.3501788170563961,48307.93590096286,2.1645135402679436
-0.3799174690508941,-0.2251746905089409,0.14984869325997247,0.2654828060522696,0.1932407152682254,0.44415130674002756,1.2798817056396148,1.2050618982118293,0.3501788170563961,49050.93590096286,2.168485116958614
-0.3899174690508941,-0.2151746905089409,0.1898486932599725,0.2654828060522696,0.18324071526822538,0.43415130674002755,1.2798817056396148,1.2050618982118293,0.3501788170563961,48961.93590096286,2.1737908840179436
-0.3799174690508941,-0.2351746905089409,0.20984869325997252,0.2554828060522696,0.1932407152682254,0.43415130674002755,1.2798817056396148,1.195061898211829,0.3601788170563961,48314.93590096286,2.1737908840179436
-0.399917469050894,-0.24517469050894092,0.1998486932599725,0.2754828060522696,0.17324071526822538,0.42415130674002754,1.2698817056396146,1.2050618982118293,0.3601788170563961,48429.93590096286,2.176833820343017
-0.419917469050894,-0.2351746905089409,0.1898486932599725,0.2554828060522696,0.16324071526822537,0.43415130674002755,1.2698817056396146,1.2050618982118293,0.3601788170563961,48416.93590096286,2.1814224243164055
-0.429917469050894,-0.24517469050894092,0.20984869325997252,0.2554828060522696,0.16324071526822537,0.41415130674002754,1.2598817056396148,1.215061898211829,0.3701788170563961,47969.93590096286,2.1846081733703606
-0.429917469050894,-0.24517469050894092,0.1898486932599725,0.24548280605226958,0.17324071526822538,0.4041513067400275,1.2598817056396148,1.2050618982118293,0.3701788170563961,48238.93590096286,2.1856164455413847
-0.429917469050894,-0.2251746905089409,0.21984869325997253,0.24548280605226958,0.16324071526822537,0.3941513067400275,1.2498817056396145,1.215061898211829,0.3701788170563961,48273.93590096286,2.188667488098144
-0.429917469050894,-0.2251746905089409,0.1898486932599725,0.23548280605226957,0.14324071526822535,0.4041513067400275,1.2298817056396145,1.2250618982118293,0.3801788170563961,48252.93590096286,2.1931061267852776
-0.449917469050894,-0.2251746905089409,0.20984869325997252,0.24548280605226958,0.14324071526822535,0.3941513067400275,1.2298817056396145,1.2250618982118293,0.3901788170563961,48067.93590096286,2.197130155563354
-0.45991746905089403,-0.2151746905089409,0.22984869325997254,0.23548280605226957,0.13324071526822534,0.41415130674002754,1.2198817056396147,1.2250618982118293,0.3901788170563961,47732.93590096286,2.2010981559753446
-0.47991746905089405,-0.24517469050894092,0.20984869325997252,0.18548280605226963,0.12324071526822555,0.43415130674002755,1.2098817056396145,1.2250618982118293,0.3901788170563961,47887.93590096286,2.2020961761474602
-0.45991746905089403,-0.2251746905089409,0.21984869325997253,0.1454828060522696,0.13324071526822534,0.4041513067400275,1.2198817056396147,1.215061898211829,0.3901788170563961,48290.93590096286,2.206098270416259
-0.46991746905089404,-0.2351746905089409,0.22984869325997254,0.12548280605226958,0.13324071526822534,0.41415130674002754,1.2198817056396147,1.215061898211829,0.40017881705639613,48145.93590096286,2.210299921035766
-0.46991746905089404,-0.24517469050894092,0.24984869325997255,0.1554828060522696,0.12324071526822555,0.41415130674002754,1.2198817056396147,1.2050618982118293,0.40017881705639613,47734.93590096286,2.213145208358764
-0.48991746905089406,-0.2251746905089409,0.22984869325997254,0.12548280605226958,0.13324071526822534,0.3741513067400275,1.2098817056396145,1.215061898211829,0.4101788170563961,47055.93590096286,2.2141489505767815
-0.5099174690508941,-0.1951746905089411,0.1998486932599725,0.1354828060522696,0.12324071526822555,0.3541513067400275,1.2098817056396145,1.2050618982118293,0.4101788170563961,46584.93590096286,2.218512725830081
-0.5199174690508941,-0.2051746905089411,0.1998486932599725,0.11548280605226957,0.11324071526822554,0.3641513067400275,1.1998817056396147,1.215061898211829,0.4201788170563961,46333.93590096286,2.2227103233337395
-0.5199174690508941,-0.2051746905089411,0.1798486932599725,0.10548280605226956,0.09324071526822553,0.3441513067400275,1.1898817056396145,1.2250618982118293,0.4201788170563961,46234.93590096286,2.225739431381225
-0.5199174690508941,-0.2051746905089411,0.16984869325997248,0.09548280605226955,0.12324071526822555,0.3441513067400275,1.1698817056396145,1.235061898211829,0.4301788170563961,46059.93590096286,2.2267145633697503
-0.5099174690508941,-0.1951746905089411,0.13984869325997246,0.06548280605226964,0.10324071526822554,0.32415130674002746,1.1498817056396144,1.235061898211829,0.4301788170563961,45816.93590096286,2.2297076702117913
-0.539917469050894,-0.2051746905089411,0.15984869325997247,0.05548280605226963,0.10324071526822554,0.32415130674002746,1.1398817056396147,1.2550618982118291,0.4301788170563961,45517.93590096286,2.2347061157226555
-0.559917469050894,-0.1951746905089411,0.13984869325997246,0.06548280605226964,0.09324071526822553,0.32415130674002746,1.1298817056396144,1.2650618982118293,0.4301788170563961,45078.93590096286,2.237920951843261
-0.569917469050894,-0.2051746905089411,0.13984869325997246,0.025482806052269602,0.09324071526822553,0.33415130674002747,1.0998817056396146,1.2750618982118291,0.4301788170563961,44753.93590096286,2.2389635562896757
-0.549917469050894,-0.2051746905089411,0.14984869325997247,0.03548280605226961,0.09324071526822553,0.30415130674002755,1.0898817056396148,1.2850618982118294,0.4301788170563961,44446.93590096286,2.2419859886169426
-0.549917469050894,-0.2251746905089409,0.14984869325997247,0.015482806052269593,0.10324071526822554,0.30415130674002755,1.0598817056396146,1.3050618982118294,0.4301788170563961,44049.93590096286,2.2459711551666217
-0.529917469050894,-0.2051746905089411,0.15984869325997247,0.05548280605226963,0.09324071526822553,0.28415130674002753,1.0398817056396146,1.3050618982118294,0.4401788170563961,43788.93590096286,2.2510907173156767
-0.539917469050894,-0.2051746905089411,0.14984869325997247,0.005482806052269584,0.10324071526822554,0.2641513067400275,0.9998817056396146,1.3250618982118294,0.4501788170563961,42885.93590096286,2.2510907173156767
-0.539917469050894,-0.1951746905089411,0.15984869325997247,-0.004517193947730425,0.10324071526822554,0.2741513067400275,0.9598817056396148,1.3550618982118292,0.47017881705639614,41736.93590096286,2.2550968647003202
-0.539917469050894,-0.17517469050894108,0.14984869325997247,-0.014517193947730433,0.10324071526822554,0.31415130674002756,0.9498817056396148,1.3550618982118292,0.48017881705639615,41249.93590096286,2.259098482131961
-0.549917469050894,-0.17517469050894108,0.14984869325997247,-0.014517193947730433,0.12324071526822555,0.28415130674002753,0.9298817056396148,1.3550618982118292,0.48017881705639615,40912.93590096286,2.2633971691131585
-0.549917469050894,-0.13517469050894104,0.12984869325997256,-0.024517193947730442,0.12324071526822555,0.2741513067400275,0.8998817056396148,1.3850618982118295,0.48017881705639615,39931.93590096286,2.266724777221679
-0.549917469050894,-0.16517469050894107,0.12984869325997256,0.005482806052269584,0.12324071526822555,0.28415130674002753,0.8598817056396147,1.3950618982118292,0.49017881705639615,39362.93590096286,2.267400932312011
-0.559917469050894,-0.17517469050894108,0.10984869325997254,-0.004517193947730425,0.11324071526822554,0.28415130674002753,0.8398817056396147,1.4050618982118295,0.48017881705639615,39333.93590096286,2.271346998214721
-0.579917469050894,-0.13517469050894104,0.09984869325997253,-0.004517193947730425,0.11324071526822554,0.2641513067400275,0.8198817056396147,1.4250618982118295,0.48017881705639615,38466.93590096286,2.2748722553253202
-0.549917469050894,-0.14517469050894105,0.07984869325997251,-0.03451719394773045,0.11324071526822554,0.28415130674002753,0.7898817056396147,1.4350618982118293,0.49017881705639615,37811.93590096286,2.2790395736694364
-0.549917469050894,-0.16517469050894107,0.09984869325997253,-0.024517193947730442,0.11324071526822554,0.2741513067400275,0.7698817056396147,1.4350618982118293,0.5001788170563962,37958.93590096286,2.280065488815307
-0.539917469050894,-0.17517469050894108,0.07984869325997251,-0.04451719394773035,0.12324071526822555,0.2641513067400275,0.7798817056396147,1.4050618982118295,0.5101788170563961,37395.93590096286,2.2830688476562493
-0.5099174690508941,-0.17517469050894108,0.09984869325997253,-0.05451719394773036,0.12324071526822555,0.24415130674002752,0.7398817056396149,1.4050618982118295,0.5301788170563961,36612.93590096286,2.2870690345764153
-0.539917469050894,-0.15517469050894106,0.0698486932599725,-0.04451719394773035,0.11324071526822554,0.2541513067400275,0.7198817056396148,1.4150618982118293,0.5401788170563961,36385.93590096286,2.2915930271148675
-0.559917469050894,-0.14517469050894105,0.04984869325997249,-0.07451719394773038,0.13324071526822534,0.23415130674002751,0.6698817056396148,1.4250618982118295,0.5301788170563961,35330.93590096286,2.2925951004028313
-0.569917469050894,-0.13517469050894104,0.059848693259972496,-0.03451719394773045,0.13324071526822534,0.2541513067400275,0.6498817056396148,1.4250618982118295,0.5501788170563962,35015.93590096286,2.2960123538970905
-0.539917469050894,-0.14517469050894105,0.09984869325997253,-0.024517193947730442,0.12324071526822555,0.2641513067400275,0.6298817056396148,1.4050618982118295,0.5701788170563962,34634.93590096286,2.300023984909057
-0.5199174690508941,-0.12517469050894103,0.09984869325997253,-0.024517193947730442,0.13324071526822534,0.2741513067400275,0.6098817056396147,1.3950618982118292,0.5901788170563962,34167.93590096286,2.3036608219146757
-0.539917469050894,-0.12517469050894103,0.08984869325997252,-0.014517193947730433,0.11324071526822554,0.2641513067400275,0.5798817056396147,1.3950618982118292,0.5901788170563962,34108.93590096286,2.3036608219146757
-0.539917469050894,-0.10517469050894102,0.11984869325997255,-0.06451719394773037,0.11324071526822554,0.2741513067400275,0.5498817056396147,1.3950618982118292,0.6101788170563962,33801.93590096286,2.307616424560546
-0.549917469050894,-0.10517469050894102,0.10984869325997254,-0.06451719394773037,0.13324071526822534,0.29415130674002754,0.5298817056396147,1.3950618982118292,0.6401788170563961,33126.93590096286,2.3116805076599114
-0.5199174690508941,-0.085174690508941,0.09984869325997253,-0.04451719394773035,0.12324071526822555,0.28415130674002753,0.48988170563961486,1.3950618982118292,0.6401788170563961,33023.93590096286,2.31694312095642
-0.549917469050894,-0.085174690508941,0.10984869325997254,-0.05451719394773036,0.13324071526822534,0.31415130674002756,0.46988170563961484,1.3750618982118292,0.6401788170563961,33060.93590096286,2.31694312095642
-0.5099174690508941,-0.095174690508941,0.12984869325997256,-0.06451719394773037,0.13324071526822534,0.29415130674002754,0.47988170563961485,1.3450618982118294,0.6501788170563961,32731.93590096286,2.3209766864776604
-0.5099174690508941,-0.085174690508941,0.11984869325997255,-0.06451719394773037,0.13324071526822534,0.30415130674002755,0.45988170563961484,1.3350618982118292,0.6701788170563961,33120.93590096286,2.3247019767761223
-0.529917469050894,-0.085174690508941,0.12984869325997256,-0.05451719394773036,0.12324071526822555,0.30415130674002755,0.47988170563961485,1.2950618982118292,0.6601788170563961,33177.93590096286,2.3287398338317864
-0.529917469050894,-0.07517469050894099,0.13984869325997246,-0.05451719394773036,0.12324071526822555,0.30415130674002755,0.4498817056396148,1.2750618982118291,0.6901788170563962,33330.93590096286,2.3320335865020745
-0.5199174690508941,-0.095174690508941,0.12984869325997256,-0.06451719394773037,0.13324071526822534,0.30415130674002755,0.4398817056396148,1.2650618982118293,0.6901788170563962,33671.93590096286,2.332738828659057
-0.48991746905089406,-0.095174690508941,0.11984869325997255,-0.06451719394773037,0.12324071526822555,0.31415130674002756,0.4398817056396148,1.215061898211829,0.7201788170563962,33540.93590096286,2.337042999267574
-0.47991746905089405,-0.10517469050894102,0.11984869325997255,-0.06451719394773037,0.10324071526822554,0.29415130674002754,0.4098817056396148,1.2050618982118293,0.7201788170563962,33555.93590096286,2.341148328781127
-0.47991746905089405,-0.11517469050894102,0.09984869325997253,-0.06451719394773037,0.10324071526822554,0.29415130674002754,0.4198817056396148,1.1750618982118293,0.7301788170563962,33602.93590096286,2.3444969177246087
-0.46991746905089404,-0.10517469050894102,0.11984869325997255,-0.07451719394773038,0.14324071526822535,0.28415130674002753,0.4498817056396148,1.1450618982118292,0.7201788170563962,33379.93590096286,2.3444969177246087
-0.45991746905089403,-0.11517469050894102,0.10984869325997254,-0.07451719394773038,0.12324071526822555,0.28415130674002753,0.4398817056396148,1.1150618982118292,0.7101788170563962,34116.93590096286,2.3494953632354765
-0.48991746905089406,-0.095174690508941,0.10984869325997254,-0.06451719394773037,0.12324071526822555,0.29415130674002754,0.4398817056396148,1.0850618982118292,0.7001788170563962,34935.93590096286,2.353495788574218
-0.49991746905089407,-0.095174690508941,0.10984869325997254,-0.06451719394773037,0.11324071526822554,0.30415130674002755,0.4498817056396148,1.0650618982118292,0.7101788170563962,35396.93590096286,2.3564943790435784
-0.48991746905089406,-0.085174690508941,0.10984869325997254,-0.08451719394773038,0.11324071526822554,0.30415130674002755,0.4498817056396148,1.0050618982118293,0.7201788170563962,35931.93590096286,2.357496213912963
-0.48991746905089406,-0.095174690508941,0.09984869325997253,-0.0945171939477304,0.11324071526822554,0.30415130674002755,0.45988170563961484,0.9850618982118293,0.7301788170563962,36440.93590096286,2.3609663963317864
-0.48991746905089406,-0.07517469050894099,0.10984869325997254,-0.0945171939477304,0.10324071526822554,0.31415130674002756,0.4398817056396148,0.9550618982118293,0.7401788170563962,37113.93590096286,2.365678739547729
-0.48991746905089406,-0.07517469050894099,0.12984869325997256,-0.11451719394773041,0.13324071526822534,0.30415130674002755,0.4498817056396148,0.9150618982118293,0.7301788170563962,38038.93590096286,2.368771266937255
-0.48991746905089406,-0.07517469050894099,0.08984869325997252,-0.1045171939477304,0.11324071526822554,0.33415130674002747,0.4398817056396148,0.9050618982118293,0.7301788170563962,38917.93590096286,2.36977047920227
-0.47991746905089405,-0.085174690508941,0.0698486932599725,-0.11451719394773041,0.09324071526822553,0.33415130674002747,0.45988170563961484,0.8550618982118292,0.7101788170563962,39426.93590096286,2.3737756729126005
-0.47991746905089405,-0.06517469050894098,0.08984869325997252,-0.1045171939477304,0.12324071526822555,0.30415130674002755,0.49988170563961465,0.7950618982118294,0.7001788170563962,39839.93590096286,2.377790164947509
-0.48991746905089406,-0.05517469050894097,0.08984869325997252,-0.1045171939477304,0.12324071526822555,0.31415130674002756,0.46988170563961484,0.7550618982118293,0.7301788170563962,40662.93590096286,2.3810479164123564
-0.49991746905089407,-0.04517469050894096,0.07984869325997251,-0.14451719394773038,0.12324071526822555,0.30415130674002755,0.5098817056396147,0.7150618982118293,0.7001788170563962,41507.93590096286,2.382053565979003
-0.47991746905089405,-0.05517469050894097,0.08984869325997252,-0.14451719394773038,0.13324071526822534,0.2541513067400275,0.5098817056396147,0.6750618982118293,0.6901788170563962,42452.93590096286,2.386278104782104
-0.46991746905089404,-0.095174690508941,0.10984869325997254,-0.14451719394773038,0.13324071526822534,0.23415130674002751,0.46988170563961484,0.6450618982118292,0.7001788170563962,43171.93590096286,2.389788341522216
-0.49991746905089407,-0.06517469050894098,0.07984869325997251,-0.14451719394773038,0.14324071526822535,0.2541513067400275,0.49988170563961465,0.6150618982118292,0.7001788170563962,43772.93590096286,2.39480276107788
-0.49991746905089407,-0.085174690508941,0.08984869325997252,-0.1745171939477304,0.14324071526822535,0.24415130674002752,0.49988170563961465,0.6250618982118292,0.6801788170563962,44189.93590096286,2.39480276107788
-0.48991746905089406,-0.06517469050894098,0.09984869325997253,-0.20451719394773038,0.14324071526822535,0.23415130674002751,0.48988170563961486,0.6150618982118292,0.6701788170563961,44650.93590096286,2.3977784633636468
-0.47991746905089405,-0.085174690508941,0.07984869325997251,-0.1745171939477304,0.13324071526822534,0.23415130674002751,0.49988170563961465,0.5950618982118292,0.6401788170563961,45225.93590096286,2.401740264892574
-0.47991746905089405,-0.07517469050894099,0.0698486932599725,-0.1745171939477304,0.16324071526822537,0.23415130674002751,0.49988170563961465,0.5550618982118294,0.6201788170563962,45418.93590096286,2.4058856487274163
-0.49991746905089407,-0.04517469050894096,0.059848693259972496,-0.19451719394773043,0.15324071526822536,0.24415130674002752,0.47988170563961485,0.5650618982118292,0.6001788170563962,45737.93590096286,2.409884881973266
-0.49991746905089407,-0.06517469050894098,0.04984869325997249,-0.2345171939477304,0.14324071526822535,0.2241513067400275,0.5098817056396147,0.5350618982118294,0.5701788170563962,46592.93590096286,2.410882425308227
-0.49991746905089407,-0.085174690508941,0.029848693259972525,-0.2645171939477304,0.1932407152682254,0.2041513067400275,0.47988170563961485,0.5050618982118293,0.6001788170563962,46477.93590096286,2.4148878574371295
-0.49991746905089407,-0.06517469050894098,0.04984869325997249,-0.2245171939477304,0.18324071526822538,0.1641513067400275,0.5298817056396147,0.4450618982118293,0.5801788170563962,46052.93590096286,2.4191560268402093
-0.529917469050894,-0.085174690508941,0.0698486932599725,-0.2845171939477304,0.1932407152682254,0.18415130674002753,0.46988170563961484,0.4750618982118293,0.5601788170563962,46105.93590096286,2.422406148910518
-0.529917469050894,-0.11517469050894102,0.03984869325997248,-0.2645171939477304,0.15324071526822536,0.1541513067400275,0.45988170563961484,0.4750618982118293,0.5501788170563962,45714.93590096286,2.4231712341308587
-0.549917469050894,-0.11517469050894102,0.029848693259972525,-0.2745171939477304,0.16324071526822537,0.18415130674002753,0.4398817056396148,0.4350618982118293,0.5601788170563962,45455.93590096286,2.4264616489410393
-0.539917469050894,-0.12517469050894103,0.029848693259972525,-0.2745171939477304,0.14324071526822535,0.1641513067400275,0.3998817056396148,0.40506189821182925,0.5301788170563961,45292.93590096286,2.431306791305545
-0.529917469050894,-0.14517469050894105,0.009848693259972507,-0.2845171939477304,0.16324071526822537,0.1641513067400275,0.46988170563961484,0.41506189821182926,0.5201788170563961,44871.93590096286,2.4347099781036405
-0.48991746905089406,-0.15517469050894106,0.029848693259972525,-0.2945171939477304,0.15324071526822536,0.14415130674002752,0.3898817056396148,0.39506189821182924,0.5201788170563961,44080.93590096286,2.4353076934814446
-0.569917469050894,-0.14517469050894105,-0.01015130674002751,-0.2745171939477304,0.15324071526822536,0.18415130674002753,0.36988170563961476,0.3750618982118292,0.5401788170563961,43607.93590096286,2.439348888397216
-0.549917469050894,-0.12517469050894103,0.029848693259972525,-0.3245171939477304,0.13324071526822534,0.14415130674002752,0.36988170563961476,0.3350618982118292,0.5201788170563961,43368.93590096286,2.443335247039794
-0.529917469050894,-0.1851746905089411,0.029848693259972525,-0.2945171939477304,0.13324071526822534,0.14415130674002752,0.34988170563961474,0.3250618982118292,0.5101788170563961,43585.93590096286,2.4473335266113274
-0.529917469050894,-0.16517469050894107,0.029848693259972525,-0.2945171939477304,0.14324071526822535,0.1341513067400275,0.3298817056396147,0.27506189821182936,0.49017881705639615,43536.93590096286,2.4473335266113274
-0.549917469050894,-0.17517469050894108,0.019848693259972516,-0.24451719394773042,0.11324071526822554,0.1641513067400275,0.33988170563961473,0.26506189821182935,0.5001788170563962,43235.93590096286,2.4513332366943352
-0.539917469050894,-0.2051746905089411,-0.00015130674002750144,-0.2845171939477304,0.11324071526822554,0.17415130674002752,0.33988170563961473,0.22506189821182931,0.46017881705639613,42744.93590096286,2.455374908447265
-0.549917469050894,-0.24517469050894092,-0.00015130674002750144,-0.2645171939477304,0.10324071526822554,0.17415130674002752,0.33988170563961473,0.1950618982118293,0.46017881705639613,42599.93590096286,2.4595460414886468
-0.5099174690508941,-0.2351746905089409,0.009848693259972507,-0.2745171939477304,0.09324071526822553,0.1341513067400275,0.2998817056396147,0.1950618982118293,0.4301788170563961,42448.93590096286,2.460661363601684
-0.529917469050894,-0.26517469050894094,0.019848693259972516,-0.2845171939477304,0.08324071526822552,0.11415130674002752,0.26988170563961467,0.2150618982118293,0.4201788170563961,41949.93590096286,2.4633137702941887
-0.5199174690508941,-0.28517469050894095,-0.00015130674002750144,-0.2845171939477304,0.08324071526822552,0.1341513067400275,0.3198817056396147,0.15506189821182925,0.4201788170563961,41398.93590096286,2.4677481174468987
-0.5099174690508941,-0.30517469050894097,-0.00015130674002750144,-0.2545171939477304,0.08324071526822552,0.11415130674002752,0.25988170563961466,0.13506189821182923,0.4101788170563961,40349.93590096286,2.4717473506927483
-0.549917469050894,-0.30517469050894097,-0.00015130674002750144,-0.2745171939477304,0.08324071526822552,0.1341513067400275,0.24988170563961465,0.12506189821182923,0.3801788170563961,39368.93590096286,2.475757312774654
-0.539917469050894,-0.29517469050894096,-0.02015130674002752,-0.2345171939477304,0.0632407152682255,0.14415130674002752,0.18988170563961482,0.11506189821182933,0.3701788170563961,38877.93590096286,2.475757312774654
-0.5099174690508941,-0.29517469050894096,-0.02015130674002752,-0.2545171939477304,0.05324071526822549,0.14415130674002752,0.22988170563961485,0.09506189821182931,0.3801788170563961,38212.93590096286,2.479752731323238
-0.5199174690508941,-0.29517469050894096,-0.01015130674002751,-0.2845171939477304,0.07324071526822551,0.17415130674002752,0.23988170563961486,0.10506189821182932,0.3601788170563961,36783.93590096286,2.4839460372924798
-0.49991746905089407,-0.30517469050894097,-0.02015130674002752,-0.3045171939477304,0.0632407152682255,0.1241513067400275,0.1698817056396148,0.06506189821182928,0.3501788170563961,35686.93590096286,2.487791728973388
-0.539917469050894,-0.315174690508941,-0.01015130674002751,-0.3245171939477304,0.05324071526822549,0.1241513067400275,0.14988170563961478,0.06506189821182928,0.3601788170563961,34773.93590096286,2.487791728973388
-0.539917469050894,-0.335174690508941,-0.02015130674002752,-0.3145171939477304,0.04324071526822548,0.11415130674002752,0.09988170563961474,0.025061898211829248,0.3101788170563961,33914.93590096286,2.492009830474853
-0.49991746905089407,-0.335174690508941,-0.030151306740027473,-0.3145171939477304,0.013240715268225456,0.1241513067400275,0.09988170563961474,0.015061898211829239,0.3201788170563961,32409.93590096286,2.4970421314239495
-0.48991746905089406,-0.355174690508941,-0.05015130674002749,-0.3445171939477304,0.013240715268225456,0.0941513067400275,0.009881705639614768,0.03506189821182926,0.2701788170563961,31514.93590096286,2.500040960311889
-0.539917469050894,-0.365174690508941,-0.1201513067400275,-0.3445171939477304,0.013240715268225456,0.07415130674002751,-0.020118294360385258,0.015061898211829239,0.28017881705639613,30131.93590096286,2.5010404109954827
-0.709917469050894,-0.445174690508941,-0.1901513067400275,-0.4745171939477304,0.003240715268225447,0.034151306740027504,-0.5701182943603853,0.18506189821182928,0.17017881705639612,28624.93590096286,2.504199695587161
-0.569917469050894,-0.42517469050894097,-0.10015130674002748,-0.3445171939477304,0.023240715268225465,0.07415130674002751,-0.24011829436038523,0.18506189821182928,0.2301788170563961,27567.93590096286,2.5091976642608635
-0.529917469050894,-0.355174690508941,-0.10015130674002748,-0.3545171939477304,0.033240715268225474,0.08415130674002752,-0.24011829436038523,0.22506189821182931,0.2601788170563961,26942.93590096286,2.512605381011962
-0.529917469050894,-0.345174690508941,-0.09015130674002747,-0.3745171939477304,0.05324071526822549,0.0641513067400275,-0.25011829436038524,0.15506189821182925,0.2501788170563961,26899.93590096286,2.5136310577392535
-0.539917469050894,-0.355174690508941,-0.10015130674002748,-0.3545171939477304,0.05324071526822549,0.0641513067400275,-0.23011829436038522,0.12506189821182923,0.2501788170563961,26644.93590096286,2.5168318271636956
-0.539917469050894,-0.315174690508941,-0.08015130674002752,-0.3445171939477304,0.033240715268225474,0.0641513067400275,-0.2201182943603852,0.12506189821182923,0.2401788170563961,25931.93590096286,2.521095466613769
-0.549917469050894,-0.325174690508941,-0.09015130674002747,-0.3445171939477304,0.04324071526822548,0.07415130674002751,-0.1901182943603853,0.11506189821182933,0.2401788170563961,26244.93590096286,2.5253273963928216
-0.549917469050894,-0.345174690508941,-0.08015130674002752,-0.3345171939477304,0.05324071526822549,0.05415130674002752,-0.1901182943603853,0.0850618982118293,0.21017881705639613,26221.93590096286,2.5253273963928216
-0.529917469050894,-0.315174690508941,-0.07015130674002751,-0.3345171939477304,0.04324071526822548,0.0641513067400275,-0.1801182943603853,0.0850618982118293,0.21017881705639613,26064.93590096286,2.5293781280517607
-0.5199174690508941,-0.30517469050894097,-0.08015130674002752,-0.3145171939477304,0.05324071526822549,0.05415130674002752,-0.16011829436038527,0.07506189821182929,0.20017881705639612,25783.93590096286,2.533017826080318
-0.5099174690508941,-0.325174690508941,-0.0601513067400275,-0.3045171939477304,0.04324071526822548,0.0641513067400275,-0.14011829436038525,0.06506189821182928,0.21017881705639613,25502.93590096286,2.537471723556518
-0.49991746905089407,-0.325174690508941,-0.05015130674002749,-0.3145171939477304,0.05324071526822549,0.07415130674002751,-0.1801182943603853,0.0850618982118293,0.1901788170563961,25541.93590096286,2.541251611709594
-0.48991746905089406,-0.315174690508941,-0.07015130674002751,-0.3045171939477304,0.033240715268225474,0.05415130674002752,-0.16011829436038527,0.045061898211829265,0.17017881705639612,25146.93590096286,2.5417711257934563
-0.48991746905089406,-0.29517469050894096,-0.05015130674002749,-0.2845171939477304,0.033240715268225474,0.0641513067400275,-0.13011829436038524,0.045061898211829265,0.17017881705639612,24717.93590096286,2.5459308147430377
-0.5199174690508941,-0.29517469050894096,-0.08015130674002752,-0.2945171939477304,0.033240715268225474,0.0641513067400275,-0.10011829436038522,0.015061898211829239,0.1501788170563961,24372.93590096286,2.549447011947631
-0.5099174690508941,-0.30517469050894097,-0.08015130674002752,-0.2845171939477304,0.033240715268225474,0.07415130674002751,-0.09011829436038521,0.00506189821182923,0.14017881705639612,24399.93590096286,2.553462934494018
-0.47991746905089405,-0.28517469050894095,-0.08015130674002752,-0.2745171939477304,0.04324071526822548,0.0641513067400275,-0.12011829436038524,-0.004938101788170668,0.1501788170563961,23998.93590096286,2.554453802108764
-0.49991746905089407,-0.28517469050894095,-0.10015130674002748,-0.3345171939477304,0.033240715268225474,0.05415130674002752,-0.10011829436038522,-0.024938101788170686,0.14017881705639612,23849.93590096286,2.558453512191768
-0.49991746905089407,-0.28517469050894095,-0.08015130674002752,-0.2745171939477304,0.033240715268225474,0.05415130674002752,-0.10011829436038522,-0.024938101788170686,0.14017881705639612,23672.93590096286,2.5617820739746087
-0.48991746905089406,-0.29517469050894096,-0.10015130674002748,-0.3245171939477304,0.023240715268225465,0.07415130674002751,-0.10011829436038522,-0.034938101788170695,0.1501788170563961,23221.93590096286,2.5660066127777093
-0.45991746905089403,-0.315174690508941,-0.10015130674002748,-0.3345171939477304,0.04324071526822548,0.05415130674002752,-0.09011829436038521,-0.0449381017881707,0.1301788170563961,22644.93590096286,2.5660066127777093
-0.48991746905089406,-0.28517469050894095,-0.11015130674002749,-0.3045171939477304,0.033240715268225474,0.0641513067400275,-0.0801182943603852,-0.08493810178817074,0.1201788170563961,22611.93590096286,2.5700053691864007
-0.47991746905089405,-0.30517469050894097,-0.10015130674002748,-0.3145171939477304,0.04324071526822548,0.0641513067400275,-0.10011829436038522,-0.11493810178817077,0.11017881705639612,22430.93590096286,2.574141216278079
-0.48991746905089406,-0.30517469050894097,-0.11015130674002749,-0.3045171939477304,0.04324071526822548,0.05415130674002752,-0.060118294360385294,-0.10493810178817076,0.10017881705639611,21753.93590096286,2.578386497497558
-0.46991746905089404,-0.30517469050894097,-0.11015130674002749,-0.3045171939477304,0.023240715268225465,0.0641513067400275,-0.09011829436038521,-0.08493810178817074,0.10017881705639611,21190.93590096286,2.578386497497558
-0.47991746905089405,-0.315174690508941,-0.09015130674002747,-0.3045171939477304,0.04324071526822548,0.0641513067400275,-0.15011829436038526,-0.10493810178817076,0.10017881705639611,20597.93590096286,2.582384061813354
-0.449917469050894,-0.335174690508941,-0.10015130674002748,-0.3045171939477304,0.033240715268225474,0.0641513067400275,-0.13011829436038524,-0.12493810178817077,0.10017881705639611,19902.93590096286,2.5864393234252923
-0.45991746905089403,-0.325174690508941,-0.10015130674002748,-0.3145171939477304,0.033240715268225474,0.05415130674002752,-0.12011829436038524,-0.12493810178817077,0.10017881705639611,19415.93590096286,2.591022443771358
-0.47991746905089405,-0.29517469050894096,-0.08015130674002752,-0.3245171939477304,0.033240715268225474,0.07415130674002751,-0.14011829436038525,-0.1549381017881707,0.1201788170563961,19322.93590096286,2.591022443771358
-0.47991746905089405,-0.325174690508941,-0.09015130674002747,-0.3445171939477304,0.033240715268225474,0.04415130674002751,-0.15011829436038526,-0.1549381017881707,0.0901788170563961,18779.93590096286,2.59438414573669
-0.49991746905089407,-0.30517469050894097,-0.09015130674002747,-0.3345171939477304,0.04324071526822548,0.05415130674002752,-0.15011829436038526,-0.1549381017881707,0.10017881705639611,18118.93590096286,2.5994033336639397
