-0.559568206820682,0.14201595159515934,-0.26822607260726083,-0.2857178217821782,-0.43657865786578653,-0.06971947194719477,-0.2417491749174916,-0.32944719471947204,-0.12967546754675466,83270.800330033,0.002865982055663352
-0.609568206820682,0.18201595159515938,-0.26822607260726083,-0.2857178217821782,-0.43657865786578653,-0.07971947194719478,-0.2917491749174915,-0.32944719471947204,-0.13967546754675467,83523.800330033,0.005864810943602805
-0.599568206820682,0.17201595159515937,-0.26822607260726083,-0.2357178217821782,-0.4265786578657865,-0.07971947194719478,-0.33174917491749156,-0.33944719471947193,-0.12967546754675466,83790.800330033,0.005864810943602805
-0.6395682068206819,0.2020159515951594,-0.26822607260726083,-0.2357178217821782,-0.43657865786578653,-0.06971947194719477,-0.30174917491749154,-0.33944719471947193,-0.13967546754675467,84205.800330033,0.010379266738890891
-0.6395682068206819,0.24201595159515943,-0.27822607260726084,-0.2757178217821782,-0.4265786578657865,-0.07971947194719478,-0.2917491749174915,-0.37944719471947197,-0.12967546754675466,85024.800330033,0.014378976821898704
-0.659568206820682,0.3420159515951593,-0.28822607260726085,-0.2657178217821782,-0.45657865786578644,-0.07971947194719478,-0.2617491749174916,-0.37944719471947197,-0.14967546754675465,85195.800330033,0.018475008010863547
-0.659568206820682,0.28201595159515946,-0.27822607260726084,-0.2657178217821782,-0.47657865786578646,-0.06971947194719477,-0.2717491749174916,-0.37944719471947197,-0.13967546754675467,85394.800330033,0.02230830192565847
-0.659568206820682,0.3320159515951593,-0.26822607260726083,-0.20571782178217818,-0.47657865786578646,-0.05971947194719478,-0.2917491749174915,-0.299447194719472,-0.11967546754675466,85815.800330033,0.02289862632751749
-0.669568206820682,0.38201595159515933,-0.27822607260726084,-0.19571782178217817,-0.4965786578657865,-0.06971947194719477,-0.2417491749174916,-0.32944719471947204,-0.14967546754675465,87066.800330033,0.026755762100219016
-0.679568206820682,0.4420159515951594,-0.27822607260726084,-0.24571782178217821,-0.48657865786578647,-0.05971947194719478,-0.28174917491749163,-0.309447194719472,-0.12967546754675466,88125.800330033,0.03076024055480886
-0.669568206820682,0.4720159515951594,-0.27822607260726084,-0.19571782178217817,-0.5065786578657865,-0.06971947194719477,-0.28174917491749163,-0.289447194719472,-0.11967546754675466,88442.800330033,0.03490395545959757
-0.669568206820682,0.5020159515951594,-0.27822607260726084,-0.18571782178217822,-0.5365786578657865,-0.06971947194719477,-0.2917491749174915,-0.33944719471947193,-0.13967546754675467,89185.800330033,0.035904836654662375
-0.649568206820682,0.5420159515951595,-0.27822607260726084,-0.20571782178217818,-0.5265786578657865,-0.05971947194719478,-0.2717491749174916,-0.299447194719472,-0.14967546754675465,90072.800330033,0.038904857635497336
-0.659568206820682,0.6320159515951593,-0.27822607260726084,-0.18571782178217822,-0.5265786578657865,-0.06971947194719477,-0.22174917491749158,-0.279447194719472,-0.15967546754675466,90717.800330033,0.043436717987059836
-0.6395682068206819,0.6520159515951593,-0.2582260726072608,-0.18571782178217822,-0.5565786578657865,-0.06971947194719477,-0.2417491749174916,-0.33944719471947193,-0.14967546754675465,91628.800330033,0.04644985198974538
-0.6395682068206819,0.7420159515951594,-0.24822607260726087,-0.18571782178217822,-0.5765786578657865,-0.05971947194719478,-0.2417491749174916,-0.34944719471947194,-0.15967546754675466,92327.800330033,0.047495317459105735
-0.6295682068206819,0.7920159515951593,-0.24822607260726087,-0.19571782178217817,-0.5765786578657865,-0.05971947194719478,-0.28174917491749163,-0.34944719471947194,-0.13967546754675467,93158.800330033,0.0514881134033196
-0.649568206820682,0.8920159515951593,-0.23822607260726086,-0.24571782178217821,-0.5665786578657865,-0.06971947194719477,-0.23174917491749158,-0.32944719471947204,-0.15967546754675466,93515.800330033,0.055486154556277256
-0.649568206820682,0.9520159515951594,-0.23822607260726086,-0.2357178217821782,-0.5565786578657865,-0.06971947194719477,-0.23174917491749158,-0.289447194719472,-0.16967546754675467,93908.800330033,0.05947990417480398
-0.6395682068206819,0.9820159515951592,-0.24822607260726087,-0.20571782178217818,-0.5865786578657864,-0.05971947194719478,-0.22174917491749158,-0.24944719471947197,-0.16967546754675467,94445.800330033,0.05947990417480398
-0.6295682068206819,1.0020159515951592,-0.24822607260726087,-0.19571782178217817,-0.5965786578657865,-0.05971947194719478,-0.23174917491749158,-0.269447194719472,-0.13967546754675467,94730.800330033,0.06348676681518484
-0.619568206820682,1.1120159515951595,-0.23822607260726086,-0.18571782178217822,-0.5665786578657865,-0.05971947194719478,-0.2517491749174916,-0.24944719471947197,-0.14967546754675465,94985.800330033,0.06756801605224538
-0.609568206820682,1.1520159515951596,-0.19822607260726088,-0.20571782178217818,-0.5765786578657865,-0.04971947194719478,-0.2617491749174916,-0.269447194719472,-0.13967546754675467,95420.800330033,0.07214231491088796
-0.6295682068206819,1.2620159515951594,-0.22822607260726085,-0.19571782178217817,-0.5765786578657865,-0.04971947194719478,-0.2717491749174916,-0.289447194719472,-0.13967546754675467,95625.800330033,0.07214231491088796
-0.589568206820682,1.3320159515951593,-0.21822607260726085,-0.18571782178217822,-0.5965786578657865,-0.04971947194719478,-0.22174917491749158,-0.269447194719472,-0.12967546754675466,95740.800330033,0.07561416625976491
-0.579568206820682,1.4120159515951594,-0.23822607260726086,-0.1757178217821782,-0.6265786578657865,-0.03971947194719477,-0.21174917491749157,-0.289447194719472,-0.12967546754675466,95523.800330033,0.07963581085205007
-0.579568206820682,1.4920159515951594,-0.24822607260726087,-0.1557178217821782,-0.6265786578657865,-0.04971947194719478,-0.18174917491749154,-0.289447194719472,-0.11967546754675466,95090.800330033,0.08477540016174245
-0.5095682068206819,1.5320159515951595,-0.22822607260726085,-0.1557178217821782,-0.6365786578657865,-0.03971947194719477,-0.17174917491749153,-0.309447194719472,-0.11967546754675466,94513.800330033,0.08525271415710378
-0.539568206820682,1.5420159515951593,-0.20822607260726084,-0.18571782178217822,-0.6465786578657865,-0.04971947194719478,-0.19174917491749155,-0.299447194719472,-0.11967546754675466,94594.800330033,0.08830351829528738
-0.549568206820682,1.6320159515951596,-0.22822607260726085,-0.18571782178217822,-0.6665786578657865,-0.04971947194719478,-0.21174917491749157,-0.299447194719472,-0.11967546754675466,93993.800330033,0.09205551147460866
-0.5095682068206819,1.7120159515951592,-0.23822607260726086,-0.20571782178217818,-0.6765786578657865,-0.03971947194719477,-0.22174917491749158,-0.309447194719472,-0.14967546754675465,93642.800330033,0.09622163772582937
-0.4995682068206819,1.7520159515951592,-0.23822607260726086,-0.2157178217821782,-0.6865786578657865,-0.04971947194719478,-0.22174917491749158,-0.319447194719472,-0.14967546754675465,93885.800330033,0.10022110939025453
-0.4995682068206819,1.8020159515951595,-0.21822607260726085,-0.2157178217821782,-0.6865786578657865,-0.04971947194719478,-0.22174917491749158,-0.319447194719472,-0.13967546754675467,94318.800330033,0.10022110939025453
-0.4995682068206819,1.8220159515951595,-0.20822607260726084,-0.2257178217821782,-0.7065786578657864,-0.03971947194719477,-0.2517491749174916,-0.319447194719472,-0.14967546754675465,93947.800330033,0.10422105789184499
-0.449568206820682,1.8720159515951593,-0.21822607260726085,-0.20571782178217818,-0.6765786578657865,-0.03971947194719477,-0.2417491749174916,-0.32944719471947204,-0.14967546754675465,93552.800330033,0.10840196609496999
-0.39956820682068195,1.9220159515951596,-0.22822607260726085,-0.2157178217821782,-0.7265786578657865,-0.04971947194719478,-0.23174917491749158,-0.33944719471947193,-0.14967546754675465,93137.800330033,0.11255593299865652
-0.3695682068206819,1.9220159515951596,-0.24822607260726087,-0.2357178217821782,-0.7165786578657865,-0.04971947194719478,-0.2617491749174916,-0.32944719471947204,-0.13967546754675467,93274.800330033,0.11375374794006277
-0.3695682068206819,1.9720159515951594,-0.24822607260726087,-0.2157178217821782,-0.7565786578657865,-0.05971947194719478,-0.2717491749174916,-0.35944719471947195,-0.13967546754675467,93255.800330033,0.11661047935485769
-0.29956820682068197,1.9820159515951592,-0.27822607260726084,-0.2257178217821782,-0.7465786578657865,-0.04971947194719478,-0.28174917491749163,-0.389447194719472,-0.13967546754675467,93180.800330033,0.1207773208618157
-0.25956820682068193,1.9620159515951592,-0.26822607260726083,-0.2357178217821782,-0.7465786578657865,-0.03971947194719477,-0.28174917491749163,-0.36944719471947196,-0.13967546754675467,92551.800330033,0.12481374740600515
-0.17956820682068197,1.9220159515951596,-0.26822607260726083,-0.2257178217821782,-0.7965786578657865,-0.04971947194719478,-0.33174917491749156,-0.389447194719472,-0.13967546754675467,91778.800330033,0.12580628395080495
-0.12956820682068193,1.9120159515951594,-0.26822607260726083,-0.24571782178217821,-0.8065786578657865,-0.05971947194719478,-0.30174917491749154,-0.37944719471947197,-0.14967546754675465,91601.800330033,0.12880916595458913
-0.05956820682068198,1.8820159515951596,-0.27822607260726084,-0.24571782178217821,-0.8065786578657865,-0.05971947194719478,-0.32174917491749155,-0.409447194719472,-0.14967546754675465,90908.800330033,0.13292093276977113
0.00043179317931807404,1.8520159515951593,-0.28822607260726085,-0.20571782178217818,-0.8065786578657865,-0.04971947194719478,-0.33174917491749156,-0.429447194719472,-0.14967546754675465,90331.800330033,0.13691968917846253
0.07043179317931814,1.8220159515951595,-0.28822607260726085,-0.2157178217821782,-0.8265786578657865,-0.04971947194719478,-0.33174917491749156,-0.43944719471947197,-0.13967546754675467,90556.800330033,0.1379198551178007
0.12043179317931796,1.7920159515951593,-0.28822607260726085,-0.19571782178217817,-0.8365786578657866,-0.05971947194719478,-0.30174917491749154,-0.449447194719472,-0.12967546754675466,90443.800330033,0.14192123413085866
0.160431793179318,1.7620159515951594,-0.27822607260726084,-0.2257178217821782,-0.8465786578657866,-0.06971947194719477,-0.31174917491749154,-0.469447194719472,-0.14967546754675465,90188.800330033,0.14588828086852956
0.20043179317931803,1.7420159515951594,-0.27822607260726084,-0.2357178217821782,-0.8365786578657866,-0.04971947194719478,-0.31174917491749154,-0.43944719471947197,-0.13967546754675467,89871.800330033,0.14901442527770925
0.2504317931793181,1.7120159515951592,-0.27822607260726084,-0.1657178217821782,-0.8365786578657866,-0.04971947194719478,-0.32174917491749155,-0.43944719471947197,-0.14967546754675465,89060.800330033,0.1500150680541985
0.2804317931793181,1.7020159515951594,-0.28822607260726085,-0.18571782178217822,-0.8365786578657866,-0.04971947194719478,-0.34174917491749157,-0.449447194719472,-0.13967546754675467,88953.800330033,0.15407080650329164
0.32043179317931814,1.6720159515951596,-0.27822607260726084,-0.2357178217821782,-0.8465786578657866,-0.05971947194719478,-0.3517491749174916,-0.459447194719472,-0.13967546754675467,88382.800330033,0.15840024948120046
0.36043179317931795,1.6420159515951593,-0.27822607260726084,-0.2257178217821782,-0.8365786578657866,-0.05971947194719478,-0.32174917491749155,-0.449447194719472,-0.12967546754675466,88007.800330033,0.16140503883361745
0.410431793179318,1.6120159515951595,-0.27822607260726084,-0.2157178217821782,-0.8465786578657866,-0.04971947194719478,-0.33174917491749156,-0.449447194719472,-0.12967546754675466,87676.800330033,0.1657678604126005
0.45043179317931803,1.5720159515951595,-0.27822607260726084,-0.20571782178217818,-0.8265786578657865,-0.019719471947194783,-0.30174917491749154,-0.43944719471947197,-0.13967546754675467,87321.800330033,0.1664175510406487
0.48043179317931806,1.5520159515951595,-0.27822607260726084,-0.24571782178217821,-0.8465786578657866,-0.06971947194719477,-0.2917491749174915,-0.419447194719472,-0.12967546754675466,87248.800330033,0.1704742431640618
0.5204317931793181,1.5120159515951594,-0.27822607260726084,-0.2257178217821782,-0.8365786578657866,-0.04971947194719478,-0.28174917491749163,-0.409447194719472,-0.11967546754675466,87655.800330033,0.17447872161865163
0.5604317931793181,1.4820159515951592,-0.27822607260726084,-0.19571782178217817,-0.8265786578657865,-0.04971947194719478,-0.28174917491749163,-0.419447194719472,-0.11967546754675466,87620.800330033,0.17764968872070241
0.6004317931793179,1.4420159515951596,-0.27822607260726084,-0.2257178217821782,-0.8365786578657866,-0.04971947194719478,-0.2917491749174915,-0.409447194719472,-0.11967546754675466,87197.800330033,0.17864437103271769
0.640431793179318,1.4120159515951594,-0.27822607260726084,-0.19571782178217817,-0.8365786578657866,-0.04971947194719478,-0.31174917491749154,-0.419447194719472,-0.11967546754675466,87846.800330033,0.18264956474304128
0.670431793179318,1.3720159515951593,-0.26822607260726083,-0.1757178217821782,-0.8165786578657865,-0.03971947194719477,-0.3517491749174916,-0.429447194719472,-0.11967546754675466,88243.800330033,0.18639678955078054
0.710431793179318,1.3320159515951593,-0.26822607260726083,-0.14571782178217818,-0.8165786578657865,-0.03971947194719477,-0.31174917491749154,-0.429447194719472,-0.11967546754675466,88828.800330033,0.18990035057068155
0.7304317931793181,1.3020159515951595,-0.2582260726072608,-0.1657178217821782,-0.8165786578657865,-0.03971947194719477,-0.31174917491749154,-0.43944719471947197,-0.11967546754675466,89429.800330033,0.19096536636352468
0.7704317931793181,1.2620159515951594,-0.2582260726072608,-0.14571782178217818,-0.8165786578657865,-0.04971947194719478,-0.32174917491749155,-0.43944719471947197,-0.10967546754675467,90148.800330033,0.1949820041656487
0.8004317931793181,1.2320159515951592,-0.2582260726072608,-0.12571782178217822,-0.8165786578657865,-0.029719471947194778,-0.31174917491749154,-0.429447194719472,-0.10967546754675467,90811.800330033,0.19916720390320108
0.8304317931793181,1.2120159515951592,-0.2582260726072608,-0.14571782178217818,-0.8165786578657865,-0.029719471947194778,-0.32174917491749155,-0.429447194719472,-0.10967546754675467,91614.800330033,0.20316786766052175
0.8504317931793179,1.1820159515951594,-0.2582260726072608,-0.1557178217821782,-0.8165786578657865,-0.03971947194719477,-0.3517491749174916,-0.43944719471947197,-0.10967546754675467,91739.800330033,0.2041658878326409
0.870431793179318,1.1620159515951594,-0.24822607260726087,-0.13571782178217817,-0.7965786578657865,-0.029719471947194778,-0.3517491749174916,-0.43944719471947197,-0.10967546754675467,92676.800330033,0.2076785087585442
0.900431793179318,1.1520159515951596,-0.2582260726072608,-0.11571782178217821,-0.7865786578657865,-0.019719471947194783,-0.3617491749174916,-0.43944719471947197,-0.10967546754675467,93707.800330033,0.21093125343322683
0.910431793179318,1.1220159515951593,-0.23822607260726086,-0.09571782178217819,-0.7865786578657865,-0.029719471947194778,-0.3517491749174916,-0.43944719471947197,-0.10967546754675467,93812.800330033,0.2146937370300286
0.940431793179318,1.1020159515951593,-0.24822607260726087,-0.09571782178217819,-0.7865786578657865,-0.029719471947194778,-0.3817491749174916,-0.459447194719472,-0.10967546754675467,94511.800330033,0.21587343215942312
0.950431793179318,1.0820159515951593,-0.23822607260726086,-0.06571782178217822,-0.7765786578657865,-0.03971947194719477,-0.3717491749174916,-0.449447194719472,-0.10967546754675467,94918.800330033,0.2199680328369169
0.9804317931793178,1.0420159515951593,-0.23822607260726086,-0.0457178217821782,-0.7665786578657865,-0.019719471947194783,-0.3717491749174916,-0.469447194719472,-0.09967546754675466,95159.800330033,0.22396512031555105
1.0004317931793179,1.0220159515951592,-0.23822607260726086,-0.015717821782178176,-0.7565786578657865,0.010280528052805216,-0.3817491749174916,-0.459447194719472,-0.10967546754675467,95272.800330033,0.22772951126098562
1.030431793179318,0.9920159515951594,-0.23822607260726086,-0.0457178217821782,-0.7565786578657865,0.010280528052805216,-0.3617491749174916,-0.449447194719472,-0.09967546754675466,96467.800330033,0.230732870101928
1.0504317931793181,0.9820159515951592,-0.22822607260726085,-0.025717821782178185,-0.7465786578657865,-0.019719471947194783,-0.3617491749174916,-0.449447194719472,-0.08967546754675466,97394.800330033,0.2317332744598417
1.0504317931793181,0.9520159515951594,-0.21822607260726085,0.054282178217821775,-0.7365786578657865,0.0002805280528052345,-0.34174917491749157,-0.43944719471947197,-0.08967546754675466,97295.800330033,0.23568220138549734
1.0704317931793181,0.9420159515951596,-0.20822607260726084,0.03428217821782176,-0.7365786578657865,-0.009719471947194774,-0.34174917491749157,-0.429447194719472,-0.07967546754675467,97376.800330033,0.23983926773071218
1.080431793179318,0.9320159515951594,-0.19822607260726088,0.06428217821782178,-0.7165786578657865,-0.009719471947194774,-0.3517491749174916,-0.429447194719472,-0.07967546754675467,98129.800330033,0.2441436767578118
1.0904317931793182,0.9120159515951594,-0.19822607260726088,-0.025717821782178185,-0.7165786578657865,0.010280528052805216,-0.3517491749174916,-0.43944719471947197,-0.07967546754675467,98186.800330033,0.24512453079223562
1.100431793179318,0.8920159515951593,-0.18822607260726087,-0.035717821782178194,-0.6765786578657865,-0.009719471947194774,-0.39174917491749156,-0.449447194719472,-0.07967546754675467,97963.800330033,0.2483863353729241
1.1104317931793182,0.8820159515951596,-0.17822607260726087,-0.0457178217821782,-0.6565786578657865,0.0002805280528052345,-0.3717491749174916,-0.43944719471947197,-0.07967546754675467,97658.800330033,0.2526020526886015
1.1104317931793182,0.8720159515951593,-0.18822607260726087,-0.0457178217821782,-0.6065786578657865,-0.009719471947194774,-0.3517491749174916,-0.43944719471947197,-0.07967546754675467,97545.800330033,0.2560591220855706
1.120431793179318,0.8620159515951595,-0.17822607260726087,-0.1057178217821782,-0.5865786578657864,-0.019719471947194783,-0.3617491749174916,-0.449447194719472,-0.07967546754675467,97894.800330033,0.25658340454101136
1.120431793179318,0.8520159515951593,-0.16822607260726086,-0.1057178217821782,-0.5465786578657865,0.0002805280528052345,-0.3617491749174916,-0.459447194719472,-0.07967546754675467,97847.800330033,0.2607361793518095
1.1304317931793182,0.8420159515951595,-0.16822607260726086,-0.12571782178217822,-0.4965786578657865,-0.009719471947194774,-0.3517491749174916,-0.459447194719472,-0.06967546754675466,97484.800330033,0.26409716606140066
1.140431793179318,0.8220159515951595,-0.14822607260726084,-0.1557178217821782,-0.45657865786578644,0.010280528052805216,-0.3717491749174916,-0.449447194719472,-0.06967546754675466,97707.800330033,0.268098068237304
1.140431793179318,0.8120159515951593,-0.14822607260726084,-0.19571782178217817,-0.4165786578657865,0.0002805280528052345,-0.4117491749174916,-0.459447194719472,-0.06967546754675466,97382.800330033,0.26910157203674245
1.1504317931793182,0.7920159515951593,-0.13822607260726089,-0.1557178217821782,-0.34657865786578645,0.030280528052805233,-0.39174917491749156,-0.449447194719472,-0.06967546754675466,96791.800330033,0.2731003284454374
1.140431793179318,0.7820159515951595,-0.12822607260726088,-0.19571782178217817,-0.2865786578657865,0.030280528052805233,-0.39174917491749156,-0.449447194719472,-0.06967546754675466,96898.800330033,0.27706451416015554
1.160431793179318,0.7620159515951594,-0.10822607260726086,-0.18571782178217822,-0.23657865786578647,0.030280528052805233,-0.3617491749174916,-0.43944719471947197,-0.05967546754675465,97059.800330033,0.2802316665649407
1.1504317931793182,0.7520159515951592,-0.09822607260726085,-0.20571782178217818,-0.20657865786578644,0.05028052805280522,-0.3617491749174916,-0.43944719471947197,-0.05967546754675465,97162.800330033,0.2802316665649407
1.160431793179318,0.7320159515951592,-0.08822607260726084,-0.20571782178217818,-0.17657865786578641,0.07028052805280521,-0.3717491749174916,-0.43944719471947197,-0.05967546754675465,97097.800330033,0.28492112159728933
1.1504317931793182,0.7220159515951594,-0.07822607260726089,-0.19571782178217817,-0.10657865786578657,0.06028052805280523,-0.3717491749174916,-0.43944719471947197,-0.05967546754675465,96712.800330033,0.2899639129638629
1.1704317931793182,0.6920159515951594,-0.06822607260726088,-0.19571782178217817,-0.06657865786578654,0.06028052805280523,-0.39174917491749156,-0.419447194719472,-0.03967546754675466,95729.800330033,0.29337782859802175
1.180431793179318,0.6520159515951593,-0.05822607260726087,-0.1757178217821782,-0.016578657865786495,0.08028052805280522,-0.34174917491749157,-0.409447194719472,-0.03967546754675466,95830.800330033,0.29337782859802175
1.1904317931793182,0.6220159515951593,-0.028226072607260844,-0.18571782178217822,0.03342134213421355,0.07028052805280521,-0.3517491749174916,-0.419447194719472,-0.029675467546754652,95675.800330033,0.2966334342956536
1.200431793179318,0.5920159515951593,-0.01822607260726089,-0.1557178217821782,0.1134213421342134,0.09028052805280523,-0.34174917491749157,-0.37944719471947197,-0.03967546754675466,95552.800330033,0.3017341613769524
1.2104317931793183,0.5620159515951595,0.0017739273927391275,-0.13571782178217817,0.16342134213421344,0.11028052805280522,-0.3617491749174916,-0.37944719471947197,-0.029675467546754652,95493.800330033,0.3058757305145292
1.220431793179318,0.5320159515951595,0.011773927392739136,-0.11571782178217821,0.17342134213421345,0.13028052805280524,-0.33174917491749156,-0.37944719471947197,-0.029675467546754652,94560.800330033,0.30913228988647745
1.220431793179318,0.5220159515951595,0.031773927392739154,-0.11571782178217821,0.2334213421342135,0.14028052805280525,-0.31174917491749154,-0.389447194719472,-0.01967546754675467,94003.800330033,0.30974860191345144
1.2304317931793178,0.4820159515951594,0.05177392739273917,-0.09571782178217819,0.24342134213421351,0.19028052805280524,-0.28174917491749163,-0.35944719471947195,0.0003245324532453464,93180.800330033,0.31398267745971964
1.240431793179318,0.4720159515951594,0.06177392739273918,-0.08571782178217818,0.3334213421342136,0.19028052805280524,-0.30174917491749154,-0.35944719471947195,-0.009675467546754662,92469.800330033,0.3179714202880852
1.200431793179318,0.49201595159515943,0.08177392739273909,-0.05571782178217821,0.3734213421342134,0.19028052805280524,-0.31174917491749154,-0.35944719471947195,-0.01967546754675467,92406.800330033,0.3215996742248528
1.180431793179318,0.49201595159515943,0.08177392739273909,0.02428217821782186,0.4834213421342135,0.20028052805280525,-0.34174917491749157,-0.34944719471947194,0.0003245324532453464,92371.800330033,0.3215996742248528
1.1504317931793182,0.4820159515951594,0.0917739273927391,-0.015717821782178176,0.5934213421342136,0.2102805280528052,-0.34174917491749157,-0.35944719471947195,-0.009675467546754662,91988.800330033,0.325606298446651
1.140431793179318,0.5020159515951594,0.08177392739273909,0.09428217821782181,0.6134213421342134,0.23028052805280522,-0.3617491749174916,-0.34944719471947194,-0.009675467546754662,90543.800330033,0.3296057701110833
1.120431793179318,0.49201595159515943,0.1017739273927391,0.13428217821782185,0.6434213421342134,0.2202805280528052,-0.33174917491749156,-0.34944719471947194,-0.009675467546754662,89306.800330033,0.33369107246398855
1.080431793179318,0.49201595159515943,0.11177392739273911,0.18428217821782178,0.6934213421342135,0.2502805280528052,-0.34174917491749157,-0.33944719471947193,-0.009675467546754662,88741.800330033,0.334756803512569
1.0504317931793181,0.5220159515951595,0.12177392739273912,0.23428217821782182,0.7034213421342135,0.2602805280528052,-0.33174917491749156,-0.34944719471947194,-0.01967546754675467,87632.800330033,0.33787317276000906
1.0504317931793181,0.5120159515951594,0.13177392739273913,0.25428217821782184,0.7334213421342135,0.28028052805280523,-0.3517491749174916,-0.309447194719472,-0.01967546754675467,86243.800330033,0.3418318748474114
1.0204317931793179,0.5120159515951594,0.13177392739273913,0.3242821782178218,0.7234213421342135,0.29028052805280524,-0.32174917491749155,-0.34944719471947194,-0.029675467546754652,84898.800330033,0.34606118202209046
0.9904317931793181,0.5120159515951594,0.15177392739273915,0.3342821782178218,0.7834213421342133,0.29028052805280524,-0.30174917491749154,-0.309447194719472,-0.01967546754675467,84071.800330033,0.3469857692718499
0.970431793179318,0.5120159515951594,0.18177392739273918,0.41428217821782176,0.7534213421342135,0.30028052805280525,-0.2917491749174915,-0.319447194719472,-0.01967546754675467,84022.800330033,0.35021824836730886
0.940431793179318,0.5120159515951594,0.18177392739273918,0.4442821782178218,0.7834213421342133,0.33028052805280517,-0.2917491749174915,-0.309447194719472,-0.01967546754675467,83199.800330033,0.35421748161315847
0.920431793179318,0.5120159515951594,0.20177392739273908,0.41428217821782176,0.8434213421342134,0.32028052805280527,-0.2717491749174916,-0.32944719471947204,-0.029675467546754652,81742.800330033,0.35828990936279226
0.920431793179318,0.5020159515951594,0.2117739273927391,0.5442821782178219,0.8134213421342136,0.32028052805280527,-0.2517491749174916,-0.33944719471947193,-0.029675467546754652,80319.800330033,0.3592895984649651
0.880431793179318,0.4820159515951594,0.2317739273927391,0.6142821782178217,0.8234213421342134,0.32028052805280527,-0.23174917491749158,-0.35944719471947195,-0.029675467546754652,79318.800330033,0.3622765064239495
0.8504317931793179,0.4820159515951594,0.24177392739273912,0.6742821782178218,0.8034213421342133,0.32028052805280527,-0.2717491749174916,-0.35944719471947195,-0.029675467546754652,78771.800330033,0.36735005378723073
0.8104317931793181,0.5020159515951594,0.26177392739273914,0.7442821782178218,0.8034213421342133,0.30028052805280525,-0.21174917491749157,-0.389447194719472,-0.03967546754675466,78192.800330033,0.37049169540404847
0.7704317931793181,0.5020159515951594,0.29177392739273916,0.7542821782178218,0.8834213421342134,0.28028052805280523,-0.2417491749174916,-0.399447194719472,-0.029675467546754652,77661.800330033,0.3746881008148186
0.7404317931793181,0.5020159515951594,0.29177392739273916,0.8042821782178219,0.8534213421342136,0.28028052805280523,-0.30174917491749154,-0.37944719471947197,-0.029675467546754652,77314.800330033,0.3746881008148186
0.690431793179318,0.5120159515951594,0.3117739273927392,0.8642821782178217,0.8434213421342134,0.29028052805280524,-0.2617491749174916,-0.36944719471947196,-0.03967546754675466,76315.800330033,0.37867994308471964
0.640431793179318,0.5220159515951595,0.3317739273927391,0.8942821782178217,0.8534213421342136,0.29028052805280524,-0.2917491749174915,-0.409447194719472,-0.03967546754675466,75474.800330033,0.383790206909179
0.640431793179318,0.4720159515951594,0.3417739273927391,0.9642821782178218,0.8134213421342136,0.28028052805280523,-0.30174917491749154,-0.399447194719472,-0.03967546754675466,74883.800330033,0.38708944320678285
0.630431793179318,0.49201595159515943,0.3417739273927391,1.0442821782178218,0.8034213421342133,0.28028052805280523,-0.32174917491749155,-0.429447194719472,-0.04967546754675467,74394.800330033,0.3881277561187737
0.5904317931793182,0.5120159515951594,0.3417739273927391,1.1142821782178216,0.7534213421342135,0.28028052805280523,-0.2917491749174915,-0.449447194719472,-0.05967546754675465,74137.800330033,0.39113469123839906
0.5704317931793181,0.5120159515951594,0.3617739273927391,1.1642821782178219,0.7434213421342133,0.2702805280528052,-0.32174917491749155,-0.43944719471947197,-0.05967546754675465,73864.800330033,0.3956048011779778
0.5404317931793181,0.4820159515951594,0.38177392739273913,1.204282178217822,0.7334213421342135,0.2602805280528052,-0.3517491749174916,-0.449447194719472,-0.06967546754675466,73707.800330033,0.3996052265167229
0.5404317931793181,0.4820159515951594,0.3717739273927391,1.264282178217822,0.7134213421342135,0.2602805280528052,-0.3717491749174916,-0.469447194719472,-0.06967546754675466,73468.800330033,0.3996052265167229
0.5004317931793181,0.4620159515951594,0.40177392739273915,1.324282178217822,0.6834213421342135,0.24028052805280523,-0.3717491749174916,-0.49944719471947197,-0.08967546754675466,72923.800330033,0.40360493659973073
0.49043179317931807,0.4420159515951594,0.41177392739273916,1.3742821782178218,0.6534213421342134,0.2502805280528052,-0.3717491749174916,-0.49944719471947197,-0.08967546754675466,72662.800330033,0.4081139087676995
0.47043179317931805,0.4620159515951594,0.38177392739273913,1.4242821782178217,0.6234213421342134,0.24028052805280523,-0.3817491749174916,-0.549447194719472,-0.09967546754675466,72915.800330033,0.4111904621124225
0.48043179317931806,0.4320159515951594,0.41177392739273916,1.4642821782178217,0.6234213421342134,0.2202805280528052,-0.3517491749174916,-0.609447194719472,-0.11967546754675466,73318.800330033,0.41216797828674245
0.430431793179318,0.4520159515951594,0.40177392739273915,1.5242821782178217,0.6034213421342136,0.2102805280528052,-0.3717491749174916,-0.639447194719472,-0.11967546754675466,73141.800330033,0.4156105041503899
0.400431793179318,0.4420159515951594,0.42177392739273917,1.5442821782178218,0.5834213421342136,0.2102805280528052,-0.3717491749174916,-0.679447194719472,-0.11967546754675466,73420.800330033,0.4197289466857903
0.390431793179318,0.4420159515951594,0.42177392739273917,1.5842821782178218,0.5734213421342136,0.19028052805280524,-0.34174917491749157,-0.689447194719472,-0.13967546754675467,74423.800330033,0.423728418350219
0.38043179317931797,0.40201595159515935,0.4417739273927392,1.6142821782178216,0.5734213421342136,0.18028052805280523,-0.3817491749174916,-0.769447194719472,-0.13967546754675467,74578.800330033,0.4247290611267083
0.35043179317931794,0.41201595159515936,0.4317739273927392,1.6542821782178216,0.5434213421342136,0.18028052805280523,-0.40174917491749157,-0.789447194719472,-0.14967546754675465,74063.800330033,0.42806978225707937
0.32043179317931814,0.39201595159515934,0.4417739273927392,1.6742821782178217,0.5334213421342135,0.17028052805280522,-0.39174917491749156,-0.809447194719472,-0.15967546754675466,74046.800330033,0.43206710815429616
0.2804317931793181,0.39201595159515934,0.4717739273927391,1.7142821782178217,0.5234213421342135,0.17028052805280522,-0.32174917491749155,-0.819447194719472,-0.13967546754675467,74415.800330033,0.43630285263061097
0.2504317931793181,0.38201595159515933,0.4417739273927392,1.7342821782178217,0.5034213421342135,0.17028052805280522,-0.3817491749174916,-0.819447194719472,-0.14967546754675465,74958.800330033,0.4373545169830315
0.2604317931793181,0.3620159515951593,0.4417739273927392,1.7542821782178217,0.4834213421342135,0.1602805280528052,-0.3817491749174916,-0.809447194719472,-0.13967546754675467,75543.800330033,0.44048805236816335
0.22043179317931805,0.3620159515951593,0.4517739273927391,1.7742821782178217,0.4634213421342135,0.17028052805280522,-0.3817491749174916,-0.809447194719472,-0.13967546754675467,75880.800330033,0.4446720600128167
0.22043179317931805,0.3420159515951593,0.4417739273927392,1.8042821782178216,0.44342134213421347,0.17028052805280522,-0.39174917491749156,-0.8294471947194719,-0.17967546754675467,76821.800330033,0.4492375373840325
0.19043179317931802,0.3420159515951593,0.4617739273927391,1.8142821782178218,0.43342134213421346,0.17028052805280522,-0.4117491749174916,-0.819447194719472,-0.15967546754675466,77296.800330033,0.45026035308837464
0.21043179317931804,0.3220159515951595,0.4617739273927391,1.8242821782178216,0.41342134213421344,0.18028052805280523,-0.40174917491749157,-0.819447194719472,-0.14967546754675465,78091.800330033,0.4525341510772698
0.21043179317931804,0.3120159515951595,0.4817739273927391,1.8542821782178218,0.40342134213421343,0.18028052805280523,-0.39174917491749156,-0.8294471947194719,-0.15967546754675466,78112.800330033,0.4572610378265374
0.20043179317931803,0.2920159515951595,0.4717739273927391,1.8742821782178218,0.3734213421342134,0.18028052805280523,-0.4117491749174916,-0.819447194719472,-0.15967546754675466,78541.800330033,0.46084160804748464
0.20043179317931803,0.2920159515951595,0.4617739273927391,1.8842821782178216,0.3634213421342134,0.18028052805280523,-0.32174917491749155,-0.819447194719472,-0.14967546754675465,79496.800330033,0.4619373798370354
0.170431793179318,0.28201595159515946,0.4817739273927391,1.9142821782178219,0.3234213421342136,0.20028052805280525,-0.3517491749174916,-0.819447194719472,-0.13967546754675467,80151.800330033,0.4660584449768095
0.14043179317931798,0.27201595159515946,0.5017739273927391,1.934282178217822,0.3134213421342136,0.19028052805280524,-0.3617491749174916,-0.8294471947194719,-0.13967546754675467,81278.800330033,0.4692260742187493
0.170431793179318,0.23201595159515942,0.5317739273927391,1.9642821782178217,0.28342134213421355,0.18028052805280523,-0.2917491749174915,-0.809447194719472,-0.12967546754675466,82029.800330033,0.47348685264587687
0.15043179317931799,0.2020159515951594,0.5417739273927391,1.9642821782178217,0.27342134213421354,0.20028052805280525,-0.40174917491749157,-0.8294471947194719,-0.15967546754675466,82460.800330033,0.47753686904907156
0.170431793179318,0.19201595159515938,0.5317739273927391,1.9642821782178217,0.2534213421342135,0.20028052805280525,-0.3717491749174916,-0.819447194719472,-0.13967546754675467,83261.800330033,0.47753686904907156
0.160431793179318,0.16201595159515936,0.5617739273927391,1.9842821782178217,0.24342134213421351,0.2102805280528052,-0.2917491749174915,-0.8294471947194719,-0.14967546754675465,84398.800330033,0.48153681755065847
0.180431793179318,0.14201595159515934,0.5617739273927391,1.9942821782178215,0.2334213421342135,0.2202805280528052,-0.2417491749174916,-0.809447194719472,-0.14967546754675465,84797.800330033,0.48653717041015554
0.170431793179318,0.17201595159515937,0.5517739273927391,2.0142821782178215,0.2134213421342135,0.2102805280528052,-0.3617491749174916,-0.819447194719472,-0.14967546754675465,84916.800330033,0.48971505165100027
0.170431793179318,0.16201595159515936,0.5517739273927391,2.0142821782178215,0.19342134213421347,0.2202805280528052,-0.39174917491749156,-0.8494471947194719,-0.16967546754675467,85537.800330033,0.49075145721435476
0.160431793179318,0.17201595159515937,0.5717739273927391,2.0242821782178217,0.19342134213421347,0.2102805280528052,-0.33174917491749156,-0.8294471947194719,-0.14967546754675465,85892.800330033,0.4935085296630852
0.160431793179318,0.18201595159515938,0.5617739273927391,2.0442821782178218,0.17342134213421345,0.2102805280528052,-0.2917491749174915,-0.819447194719472,-0.14967546754675465,86317.800330033,0.49760837554931925
0.15043179317931799,0.16201595159515936,0.5517739273927391,2.0442821782178218,0.15342134213421343,0.2202805280528052,-0.33174917491749156,-0.819447194719472,-0.12967546754675466,86402.800330033,0.5015968799591057
0.19043179317931802,0.16201595159515936,0.5517739273927391,2.0542821782178216,0.15342134213421343,0.23028052805280522,-0.31174917491749154,-0.8294471947194719,-0.12967546754675466,86437.800330033,0.5025822639465289
0.19043179317931802,0.16201595159515936,0.5217739273927391,2.064282178217822,0.12342134213421341,0.23028052805280522,-0.31174917491749154,-0.8294471947194719,-0.12967546754675466,86982.800330033,0.5065810203552239
0.20043179317931803,0.16201595159515936,0.5517739273927391,2.0742821782178216,0.12342134213421341,0.24028052805280523,-0.30174917491749154,-0.819447194719472,-0.12967546754675466,86957.800330033,0.5099539279937737
0.21043179317931804,0.16201595159515936,0.5117739273927391,2.104282178217822,0.0834213421342136,0.23028052805280522,-0.33174917491749156,-0.8294471947194719,-0.12967546754675466,86934.800330033,0.5143813610076897
0.20043179317931803,0.17201595159515937,0.5017739273927391,2.104282178217822,0.06342134213421358,0.24028052805280523,-0.3817491749174916,-0.8394471947194719,-0.14967546754675465,87285.800330033,0.5155279159545891
0.20043179317931803,0.16201595159515936,0.5117739273927391,2.124282178217822,0.03342134213421355,0.2502805280528052,-0.4317491749174916,-0.8494471947194719,-0.13967546754675467,87122.800330033,0.5190310001373284
0.20043179317931803,0.17201595159515937,0.5117739273927391,2.1142821782178216,0.03342134213421355,0.2602805280528052,-0.45174917491749156,-0.8494471947194719,-0.14967546754675465,87031.800330033,0.5230314254760771
0.21043179317931804,0.14201595159515934,0.5317739273927391,2.124282178217822,0.02342134213421354,0.28028052805280523,-0.45174917491749156,-0.779447194719472,-0.12967546754675466,87264.800330033,0.5270306587219231
0.19043179317931802,0.12201595159515932,0.5217739273927391,2.1342821782178216,0.02342134213421354,0.28028052805280523,-0.4717491749174916,-0.649447194719472,-0.08967546754675466,87499.800330033,0.5270306587219231
0.15043179317931799,0.16201595159515936,0.5117739273927391,2.124282178217822,0.013421342134213532,0.30028052805280525,-0.46174917491749157,-0.509447194719472,-0.07967546754675467,87284.800330033,0.5310072422027616
0.160431793179318,0.14201595159515934,0.5117739273927391,2.1142821782178216,0.013421342134213532,0.30028052805280525,-0.4117491749174916,-0.419447194719472,-0.05967546754675465,87559.800330033,0.5355374336242669
0.12043179317931796,0.15201595159515935,0.4817739273927391,2.124282178217822,-0.016578657865786495,0.31028052805280526,-0.4717491749174916,-0.35944719471947195,-0.04967546754675467,87944.800330033,0.5387176990509026
0.12043179317931796,0.18201595159515938,0.4717739273927391,2.104282178217822,0.003421342134213523,0.31028052805280526,-0.3717491749174916,-0.289447194719472,-0.01967546754675467,87645.800330033,0.5397066593170159
0.15043179317931799,0.16201595159515936,0.4517739273927391,2.1342821782178216,-0.03657865786578651,0.32028052805280527,-0.33174917491749156,-0.23944719471947196,-0.009675467546754662,87774.800330033,0.5437311649322503
0.15043179317931799,0.16201595159515936,0.4417739273927392,2.1542821782178216,-0.05657865786578653,0.33028052805280517,-0.30174917491749154,-0.17944719471947201,0.0003245324532453464,87919.800330033,0.5477313518524163
0.12043179317931796,0.16201595159515936,0.41177392739273916,2.164282178217822,-0.08657865786578656,0.3402805280528052,-0.2717491749174916,-0.10944719471947195,0.030324532453245345,87354.800330033,0.5512516021728509
0.14043179317931798,0.18201595159515938,0.4317739273927392,2.1542821782178216,-0.09657865786578657,0.3402805280528052,-0.30174917491749154,0.0005528052805280348,0.040324532453245326,87049.800330033,0.555249643325805
0.11043179317931795,0.2120159515951594,0.41177392739273916,2.184282178217822,-0.1265786578657866,0.3502805280528052,-0.2717491749174916,0.090552805280528,0.060324532453245344,87256.800330033,0.5560922145843499
0.12043179317931796,0.23201595159515942,0.40177392739273915,2.1742821782178217,-0.1265786578657866,0.3502805280528052,-0.2417491749174916,0.17055280528052807,0.09032453245324532,87457.800330033,0.5595311641693108
0.10043179317931794,0.23201595159515942,0.40177392739273915,2.164282178217822,-0.1365786578657866,0.3702805280528052,-0.2617491749174916,0.24055280528052791,0.13032453245324535,87360.800330033,0.5634605407714837
0.10043179317931794,0.2120159515951594,0.40177392739273915,2.144282178217822,-0.1365786578657866,0.3902805280528052,-0.2717491749174916,0.350552805280528,0.13032453245324535,86999.800330033,0.5671934604644804
0.07043179317931814,0.23201595159515942,0.3717739273927391,2.124282178217822,-0.1665786578657864,0.41028052805280524,-0.2517491749174916,0.40055280528052806,0.16032453245324532,86574.800330033,0.5671934604644804
0.05043179317931812,0.25201595159515944,0.3617739273927391,2.064282178217822,-0.1265786578657866,0.43028052805280514,-0.22174917491749158,0.5005528052805279,0.2103245324532453,86587.800330033,0.5717107772827177
0.0304317931793181,0.25201595159515944,0.3517739273927391,2.0542821782178216,-0.1365786578657866,0.44028052805280515,-0.20174917491749156,0.580552805280528,0.2103245324532453,86214.800330033,0.5757638931274407
0.010431793179318083,0.2220159515951594,0.3417739273927391,2.0342821782178215,-0.1465786578657864,0.46028052805280517,-0.19174917491749155,0.6505528052805281,0.24032453245324534,85801.800330033,0.5800187110900872
0.00043179317931807404,0.2020159515951594,0.3317739273927391,2.0042821782178217,-0.1365786578657866,0.4702805280528052,-0.18174917491749154,0.7105528052805281,0.2803245324532453,85070.800330033,0.580856275558471
0.010431793179318083,0.18201595159515938,0.3717739273927391,1.9742821782178215,-0.11657865786578658,0.4802805280528052,-0.17174917491749153,0.7605528052805279,0.2903245324532453,84535.800330033,0.5840036392211907
-0.009568206820681935,0.2020159515951594,0.3617739273927391,1.9442821782178217,-0.11657865786578658,0.4802805280528052,-0.20174917491749156,0.800552805280528,0.3203245324532453,83688.800330033,0.5880331516265827
-0.019568206820681944,0.18201595159515938,0.3717739273927391,1.9042821782178216,-0.10657865786578657,0.5102805280528052,-0.1317491749174916,0.840552805280528,0.33032453245324533,82999.800330033,0.592025709152221
-0.009568206820681935,0.17201595159515937,0.40177392739273915,1.8742821782178218,-0.09657865786578657,0.5102805280528052,-0.15174917491749162,0.9205528052805281,0.37032453245324526,82352.800330033,0.592025709152221
-0.029568206820681953,0.16201595159515936,0.38177392739273913,1.8342821782178218,-0.07657865786578655,0.5302805280528052,-0.1217491749174916,0.9605528052805281,0.38032453245324527,81737.800330033,0.5960556983947711
-0.03956820682068196,0.2020159515951594,0.40177392739273915,1.8142821782178218,-0.05657865786578653,0.5402805280528052,-0.09174917491749157,0.9805528052805279,0.4203245324532453,81022.800330033,0.6003355503082268
-0.05956820682068198,0.2020159515951594,0.42177392739273917,1.7542821782178217,-0.04657865786578652,0.5602805280528051,-0.11174917491749159,1.010552805280528,0.4303245324532453,79501.800330033,0.6043405055999713
-0.06956820682068199,0.2020159515951594,0.42177392739273917,1.7242821782178215,-0.04657865786578652,0.5902805280528052,-0.07174917491749155,1.050552805280528,0.46032453245324534,78468.800330033,0.6053382873535149
-0.089568206820682,0.2120159515951594,0.3617739273927391,1.6742821782178217,-0.026578657865786504,0.5902805280528052,-0.04174917491749153,1.060552805280528,0.49032453245324525,77955.800330033,0.6083356857299798
-0.079568206820682,0.19201595159515938,0.3717739273927391,1.6242821782178218,0.013421342134213532,0.6002805280528052,-0.04174917491749153,1.090552805280528,0.5103245324532453,76470.800330033,0.6128594398498528
-0.089568206820682,0.18201595159515938,0.40177392739273915,1.5642821782178218,0.03342134213421355,0.6202805280528052,-0.04174917491749153,1.1105528052805278,0.5403245324532453,75489.800330033,0.6168503284454374
-0.0995682068206819,0.19201595159515938,0.39177392739273914,1.5342821782178215,0.04342134213421356,0.6302805280528052,-0.011749174917491612,1.090552805280528,0.5603245324532453,74262.800330033,0.6168503284454374
-0.12956820682068193,0.2020159515951594,0.38177392739273913,1.4742821782178215,0.04342134213421356,0.6702805280528052,0.03825082508250843,1.090552805280528,0.5903245324532453,73465.800330033,0.6208607673645012
-0.12956820682068193,0.2120159515951594,0.38177392739273913,1.4442821782178217,0.04342134213421356,0.6902805280528052,0.028250825082508424,1.140552805280528,0.6103245324532454,72032.800330033,0.6245076179504387
-0.13956820682068194,0.2020159515951594,0.3717739273927391,1.4242821782178217,0.07342134213421359,0.6802805280528051,0.04825082508250844,1.140552805280528,0.6103245324532454,70989.800330033,0.6295375347137444
-0.11956820682068192,0.18201595159515938,0.3617739273927391,1.4042821782178216,0.07342134213421359,0.6902805280528052,0.07825082508250847,1.180552805280528,0.6203245324532453,70286.800330033,0.6325222969055204
-0.10956820682068191,0.2120159515951594,0.38177392739273913,1.3342821782178218,0.0834213421342136,0.7102805280528052,0.08825082508250837,1.160552805280528,0.6503245324532453,69203.800330033,0.6335234165191643
-0.11956820682068192,0.2120159515951594,0.39177392739273914,1.3142821782178218,0.07342134213421359,0.7202805280528052,0.1282508250825084,1.1705528052805279,0.6503245324532453,68202.800330033,0.6375231266021686
-0.12956820682068193,0.24201595159515943,0.40177392739273915,1.2742821782178217,0.0934213421342136,0.7402805280528052,0.10825082508250838,1.200552805280528,0.6503245324532453,67781.800330033,0.641654443740844
-0.12956820682068193,0.2220159515951594,0.42177392739273917,1.224282178217822,0.12342134213421341,0.7502805280528052,0.11825082508250839,1.2205528052805281,0.6503245324532453,67196.800330033,0.6445202350616448
-0.13956820682068194,0.24201595159515943,0.41177392739273916,1.1642821782178219,0.15342134213421343,0.7602805280528052,0.17825082508250845,1.200552805280528,0.6403245324532453,66217.800330033,0.645518493652343
-0.15956820682068196,0.26201595159515945,0.39177392739273914,1.1342821782178216,0.17342134213421345,0.7602805280528052,0.19825082508250846,1.230552805280528,0.6403245324532453,65090.800330033,0.6495282173156767
-0.16956820682068197,0.25201595159515944,0.40177392739273915,1.0842821782178218,0.19342134213421347,0.7602805280528052,0.2582508250825085,1.230552805280528,0.6303245324532453,64693.800330033,0.6538352489471428
-0.15956820682068196,0.2220159515951594,0.40177392739273915,1.0642821782178218,0.20342134213421348,0.7502805280528052,0.31825082508250835,1.2105528052805279,0.6203245324532453,64098.800330033,0.6576885700225858
-0.12956820682068193,0.2120159515951594,0.40177392739273915,1.0442821782178218,0.20342134213421348,0.7602805280528052,0.3582508250825084,1.230552805280528,0.6103245324532454,63155.800330033,0.6576885700225858
-0.12956820682068193,0.2120159515951594,0.3717739273927391,1.014282178217822,0.2134213421342135,0.7802805280528052,0.3982508250825084,1.230552805280528,0.6003245324532454,62602.800330033,0.6613764286041253
-0.14956820682068195,0.2120159515951594,0.38177392739273913,0.9742821782178218,0.2134213421342135,0.7802805280528052,0.4582508250825085,1.2205528052805281,0.5903245324532453,62457.800330033,0.6657869338989251
-0.11956820682068192,0.2020159515951594,0.39177392739273914,0.9642821782178218,0.2234213421342135,0.7702805280528052,0.5082508250825085,1.2205528052805281,0.5803245324532453,61948.800330033,0.6697866439819329
-0.12956820682068193,0.2120159515951594,0.39177392739273914,0.9242821782178218,0.2334213421342135,0.7702805280528052,0.5682508250825083,1.1905528052805279,0.5703245324532453,61657.800330033,0.670787048339843
-0.13956820682068194,0.19201595159515938,0.39177392739273914,0.9042821782178218,0.24342134213421351,0.7902805280528052,0.6382508250825084,1.1705528052805279,0.5503245324532453,61214.800330033,0.6739124774932854
-0.13956820682068194,0.17201595159515937,0.40177392739273915,0.8642821782178217,0.2534213421342135,0.7902805280528052,0.6882508250825085,1.160552805280528,0.5203245324532453,60579.800330033,0.6780113697051995
-0.13956820682068194,0.17201595159515937,0.3717739273927391,0.8542821782178217,0.2534213421342135,0.7702805280528052,0.7382508250825085,1.1505528052805278,0.5303245324532453,59924.800330033,0.6820432662963825
-0.14956820682068195,0.2020159515951594,0.38177392739273913,0.8342821782178219,0.27342134213421354,0.7702805280528052,0.7582508250825085,1.160552805280528,0.5003245324532453,60059.800330033,0.6831190109252887
-0.12956820682068193,0.17201595159515937,0.3717739273927391,0.7942821782178219,0.27342134213421354,0.7702805280528052,0.8182508250825083,1.1305528052805278,0.49032453245324525,59974.800330033,0.6860899448394804
-0.12956820682068193,0.16201595159515936,0.3617739273927391,0.7942821782178219,0.28342134213421355,0.7602805280528052,0.8582508250825084,1.1105528052805278,0.48032453245324536,59759.800330033,0.6902532100677483
-0.14956820682068195,0.18201595159515938,0.3517739273927391,0.7642821782178219,0.28342134213421355,0.7602805280528052,0.9282508250825084,1.100552805280528,0.47032453245324535,59658.800330033,0.694348764419555
-0.16956820682068197,0.17201595159515937,0.3517739273927391,0.7642821782178219,0.28342134213421355,0.7302805280528052,0.9282508250825084,1.1105528052805278,0.45032453245324533,59671.800330033,0.6983234405517607
-0.199568206820682,0.17201595159515937,0.3517739273927391,0.7542821782178218,0.28342134213421355,0.7502805280528052,0.9682508250825085,1.1105528052805278,0.4303245324532453,59522.800330033,0.6983234405517607
-0.17956820682068197,0.16201595159515936,0.3417739273927391,0.7642821782178219,0.26342134213421353,0.7302805280528052,0.9982508250825085,1.090552805280528,0.4203245324532453,59593.800330033,0.7023486614227288
-0.209568206820682,0.16201595159515936,0.3517739273927391,0.7642821782178219,0.2534213421342135,0.7202805280528052,1.0382508250825082,1.080552805280528,0.4203245324532453,59402.800330033,0.7066013336181634
-0.15956820682068196,0.14201595159515934,0.3317739273927391,0.7242821782178218,0.26342134213421353,0.7302805280528052,1.0682508250825085,1.070552805280528,0.3903245324532453,59675.800330033,0.7104780197143548
-0.17956820682068197,0.14201595159515934,0.3417739273927391,0.7442821782178218,0.27342134213421354,0.7102805280528052,1.1082508250825085,1.060552805280528,0.38032453245324527,60034.800330033,0.7104780197143548
-0.23956820682068192,0.16201595159515936,0.3217739273927392,0.7242821782178218,0.27342134213421354,0.7102805280528052,1.1182508250825083,1.060552805280528,0.38032453245324527,59633.800330033,0.7155251026153593
-0.2295682068206819,0.12201595159515932,0.3117739273927392,0.7142821782178218,0.26342134213421353,0.7302805280528052,1.1382508250825083,1.040552805280528,0.37032453245324526,59368.800330033,0.7191938877105706
-0.209568206820682,0.11201595159515931,0.3417739273927391,0.6942821782178218,0.28342134213421355,0.7102805280528052,1.1782508250825083,1.020552805280528,0.36032453245324536,59337.800330033,0.7228989124298089
-0.23956820682068192,0.12201595159515932,0.3217739273927392,0.6542821782178218,0.28342134213421355,0.7102805280528052,1.1982508250825084,1.030552805280528,0.35032453245324535,59728.800330033,0.7236415863037102
-0.2195682068206819,0.0920159515951593,0.3217739273927392,0.6642821782178218,0.27342134213421354,0.7102805280528052,1.2182508250825084,1.030552805280528,0.34032453245324534,60569.800330033,0.7279467105865471
-0.23956820682068192,0.08201595159515929,0.3617739273927391,0.6442821782178217,0.26342134213421353,0.7002805280528052,1.2282508250825086,1.020552805280528,0.33032453245324533,60948.800330033,0.7319955348968499
-0.2295682068206819,0.0920159515951593,0.3417739273927391,0.6342821782178217,0.28342134213421355,0.7002805280528052,1.2582508250825084,1.020552805280528,0.3103245324532453,61067.800330033,0.7354883670806878
-0.23956820682068192,0.0920159515951593,0.3117739273927392,0.6242821782178217,0.2534213421342135,0.7002805280528052,1.2782508250825084,1.000552805280528,0.3103245324532453,61238.800330033,0.7363252162933307
-0.23956820682068192,0.08201595159515929,0.28177392739273915,0.6342821782178217,0.24342134213421351,0.7002805280528052,1.2982508250825084,0.9905528052805279,0.3003245324532453,61491.800330033,0.7397422313690178
-0.24956820682068193,0.0920159515951593,0.27177392739273915,0.5942821782178217,0.24342134213421351,0.7002805280528052,1.3082508250825087,0.9905528052805279,0.2903245324532453,62368.800330033,0.7441973209381096
-0.2195682068206819,0.05201595159515948,0.26177392739273914,0.5942821782178217,0.24342134213421351,0.6802805280528051,1.3282508250825087,0.9905528052805279,0.2803245324532453,62853.800330033,0.7472209453582792
-0.18956820682068198,0.022015951595159455,0.26177392739273914,0.5542821782178219,0.2234213421342135,0.6902805280528052,1.3282508250825087,1.000552805280528,0.2703245324532453,63140.800330033,0.7481963157653801
-0.209568206820682,0.022015951595159455,0.2217739273927391,0.5542821782178219,0.20342134213421348,0.7002805280528052,1.3382508250825085,1.010552805280528,0.2703245324532453,64011.800330033,0.7521965026855426
-0.2295682068206819,0.04201595159515947,0.26177392739273914,0.5442821782178219,0.2134213421342135,0.7102805280528052,1.3382508250825085,1.000552805280528,0.2603245324532454,64894.800330033,0.7561981201171868
-0.2295682068206819,0.0020159515951594376,0.2517739273927391,0.5342821782178219,0.19342134213421347,0.7102805280528052,1.3482508250825087,1.000552805280528,0.2603245324532454,64973.800330033,0.7605342388153069
-0.2295682068206819,0.0020159515951594376,0.26177392739273914,0.5442821782178219,0.18342134213421346,0.7002805280528052,1.3582508250825085,1.000552805280528,0.2603245324532454,65314.800330033,0.7636646747589104
-0.24956820682068193,0.022015951595159455,0.2517739273927391,0.5542821782178219,0.19342134213421347,0.6802805280528051,1.3682508250825087,0.9905528052805279,0.2503245324532454,65463.800330033,0.7645594596862786
-0.23956820682068192,0.0020159515951594376,0.28177392739273915,0.5542821782178219,0.18342134213421346,0.6802805280528051,1.3682508250825087,1.000552805280528,0.2503245324532454,66206.800330033,0.7685808658599846
-0.25956820682068193,-0.007984048404840571,0.28177392739273915,0.5642821782178219,0.17342134213421345,0.6802805280528051,1.3782508250825085,0.9905528052805279,0.2503245324532454,67411.800330033,0.7722570419311516
-0.24956820682068193,-0.007984048404840571,0.2517739273927391,0.5542821782178219,0.16342134213421344,0.6902805280528052,1.3782508250825085,0.9905528052805279,0.2503245324532454,67920.800330033,0.7752911567688017
-0.29956820682068197,0.012015951595159446,0.2517739273927391,0.5242821782178219,0.16342134213421344,0.6902805280528052,1.3782508250825085,0.9905528052805279,0.2603245324532454,67723.800330033,0.7762825012207024
-0.24956820682068193,0.022015951595159455,0.24177392739273912,0.49428217821782183,0.17342134213421345,0.6902805280528052,1.3882508250825087,0.9805528052805279,0.2503245324532454,68354.800330033,0.7804414749145501
-0.24956820682068193,0.0020159515951594376,0.2517739273927391,0.4842821782178218,0.16342134213421344,0.6902805280528052,1.3782508250825085,0.9805528052805279,0.2603245324532454,68611.800330033,0.7844402313232415
-0.2295682068206819,-0.007984048404840571,0.28177392739273915,0.49428217821782183,0.15342134213421343,0.6802805280528051,1.3782508250825085,0.9905528052805279,0.2603245324532454,69152.800330033,0.7884420871734612
-0.23956820682068192,-0.01798404840484058,0.27177392739273915,0.4742821782178218,0.14342134213421343,0.6902805280528052,1.3782508250825085,1.000552805280528,0.2503245324532454,70147.800330033,0.7884420871734612
-0.23956820682068192,-0.01798404840484058,0.29177392739273916,0.4642821782178218,0.12342134213421341,0.6902805280528052,1.3682508250825087,1.010552805280528,0.2503245324532454,70410.800330033,0.792437028884887
-0.2295682068206819,-0.02798404840484059,0.30177392739273917,0.4642821782178218,0.12342134213421341,0.6902805280528052,1.3682508250825087,1.010552805280528,0.2603245324532454,70945.800330033,0.7966804027557366
-0.209568206820682,-0.0379840484048406,0.30177392739273917,0.4742821782178218,0.12342134213421341,0.6802805280528051,1.3682508250825087,1.020552805280528,0.2603245324532454,71318.800330033,0.8009202003478997
-0.2195682068206819,-0.0379840484048406,0.29177392739273916,0.4442821782178218,0.13342134213421342,0.6902805280528052,1.3582508250825085,1.020552805280528,0.2603245324532454,71381.800330033,0.8018116474151604
-0.2295682068206819,-0.0379840484048406,0.3117739273927392,0.42428217821782177,0.12342134213421341,0.6802805280528051,1.3482508250825087,1.020552805280528,0.2603245324532454,71412.800330033,0.8054646968841546
-0.2295682068206819,-0.007984048404840571,0.3117739273927392,0.42428217821782177,0.10342134213421361,0.6902805280528052,1.3482508250825087,1.030552805280528,0.2703245324532453,71357.800330033,0.8095232963562005
-0.209568206820682,-0.007984048404840571,0.29177392739273916,0.42428217821782177,0.1134213421342134,0.6902805280528052,1.3382508250825085,1.020552805280528,0.2703245324532453,70802.800330033,0.8135234832763665
-0.2195682068206819,-0.01798404840484058,0.3117739273927392,0.42428217821782177,0.0934213421342136,0.6802805280528051,1.3382508250825085,1.030552805280528,0.2803245324532453,71367.800330033,0.8135234832763665
-0.209568206820682,-0.02798404840484059,0.3217739273927392,0.40428217821782175,0.0934213421342136,0.6802805280528051,1.3382508250825085,1.030552805280528,0.2803245324532453,71744.800330033,0.8165199279785149
-0.209568206820682,-0.007984048404840571,0.3117739273927392,0.42428217821782177,0.07342134213421359,0.6902805280528052,1.3282508250825087,1.030552805280528,0.2803245324532453,71993.800330033,0.8212792396545403
-0.2195682068206819,-0.01798404840484058,0.30177392739273917,0.42428217821782177,0.06342134213421358,0.6702805280528052,1.3282508250825087,1.030552805280528,0.2803245324532453,71906.800330033,0.8253354549407952
-0.2195682068206819,-0.0379840484048406,0.29177392739273916,0.39428217821782185,0.10342134213421361,0.6702805280528052,1.3182508250825085,1.040552805280528,0.2903245324532453,72011.800330033,0.8253354549407952
-0.2295682068206819,-0.0379840484048406,0.3117739273927392,0.38428217821782185,0.10342134213421361,0.6302805280528052,1.3082508250825087,1.040552805280528,0.2903245324532453,72218.800330033,0.8293544769287102
-0.2195682068206819,-0.0379840484048406,0.27177392739273915,0.36428217821782183,0.10342134213421361,0.6202805280528052,1.2982508250825084,1.030552805280528,0.3003245324532453,72261.800330033,0.8334273815155058
-0.23956820682068192,-0.04798404840484061,0.26177392739273914,0.38428217821782185,0.0934213421342136,0.6102805280528052,1.2982508250825084,1.040552805280528,0.3003245324532453,72504.800330033,0.8376512050628655
-0.23956820682068192,-0.04798404840484061,0.2517739273927391,0.3342821782178218,0.07342134213421359,0.6202805280528052,1.2982508250825084,1.040552805280528,0.3003245324532453,72273.800330033,0.8417212486267083
-0.2295682068206819,-0.07798404840484063,0.2517739273927391,0.3342821782178218,0.07342134213421359,0.6202805280528052,1.2982508250825084,1.030552805280528,0.3103245324532453,72232.800330033,0.8417212486267083
-0.25956820682068193,-0.07798404840484063,0.27177392739273915,0.3342821782178218,0.05342134213421357,0.6102805280528052,1.2882508250825087,1.040552805280528,0.3103245324532453,72711.800330033,0.8467704772949212
-0.24956820682068193,-0.06798404840484062,0.28177392739273915,0.3342821782178218,0.05342134213421357,0.6202805280528052,1.2882508250825087,1.040552805280528,0.3103245324532453,72948.800330033,0.8504213809967034
-0.2295682068206819,-0.06798404840484062,0.26177392739273914,0.37428217821782184,0.03342134213421355,0.6202805280528052,1.2882508250825087,1.030552805280528,0.3203245324532453,72519.800330033,0.8544637680053704
-0.2295682068206819,-0.04798404840484061,0.27177392739273915,0.36428217821782183,0.02342134213421354,0.6302805280528052,1.2782508250825084,1.030552805280528,0.33032453245324533,72154.800330033,0.8544637680053704
-0.24956820682068193,-0.06798404840484062,0.27177392739273915,0.3342821782178218,0.04342134213421356,0.6302805280528052,1.2682508250825086,1.030552805280528,0.33032453245324533,72163.800330033,0.8585776805877678
-0.24956820682068193,-0.06798404840484062,0.29177392739273916,0.3242821782178218,0.03342134213421355,0.6302805280528052,1.2582508250825084,1.030552805280528,0.34032453245324534,72082.800330033,0.8625549793243401
-0.25956820682068193,-0.057984048404840616,0.28177392739273915,0.3042821782178218,0.04342134213421356,0.6102805280528052,1.2482508250825086,1.040552805280528,0.35032453245324535,72045.800330033,0.8663413047790485
-0.24956820682068193,-0.08798404840484064,0.27177392739273915,0.3042821782178218,0.03342134213421355,0.6302805280528052,1.2382508250825084,1.050552805280528,0.36032453245324536,72240.800330033,0.8670691967010491
-0.26956820682068194,-0.057984048404840616,0.28177392739273915,0.29428217821782177,0.03342134213421355,0.5702805280528052,1.2282508250825086,1.060552805280528,0.36032453245324536,71683.800330033,0.8706027984619169
-0.26956820682068194,-0.07798404840484063,0.2517739273927391,0.26428217821782185,0.04342134213421356,0.5802805280528052,1.2082508250825086,1.070552805280528,0.37032453245324526,71712.800330033,0.8748304367065458
-0.28956820682068196,-0.06798404840484062,0.2217739273927391,0.24428217821782183,0.05342134213421357,0.5902805280528052,1.1982508250825084,1.070552805280528,0.37032453245324526,71495.800330033,0.8783719062805204
-0.28956820682068196,-0.07798404840484063,0.20177392739273908,0.25428217821782184,0.05342134213421357,0.5402805280528052,1.1982508250825084,1.080552805280528,0.38032453245324527,70930.800330033,0.8794157028198235
-0.28956820682068196,-0.08798404840484064,0.2317739273927391,0.23428217821782182,0.06342134213421358,0.5802805280528052,1.1782508250825083,1.080552805280528,0.38032453245324527,70945.800330033,0.8834154129028313
-0.27956820682068195,-0.09798404840484065,0.19177392739273919,0.2142821782178218,0.06342134213421358,0.5802805280528052,1.1882508250825086,1.070552805280528,0.3903245324532453,70690.800330033,0.8878707408905058
-0.27956820682068195,-0.10798404840484066,0.20177392739273908,0.1942821782178218,0.06342134213421358,0.5802805280528052,1.1682508250825085,1.080552805280528,0.4003245324532453,70391.800330033,0.8906571388244657
-0.28956820682068196,-0.08798404840484064,0.2117739273927391,0.2142821782178218,0.05342134213421357,0.5802805280528052,1.1682508250825085,1.080552805280528,0.3903245324532453,70158.800330033,0.8917011737823479
-0.319568206820682,-0.09798404840484065,0.19177392739273919,0.2142821782178218,0.05342134213421357,0.5502805280528051,1.1582508250825083,1.090552805280528,0.4003245324532453,69793.800330033,0.8957447528839104
-0.309568206820682,-0.07798404840484063,0.18177392739273918,0.15428217821782175,0.07342134213421359,0.5202805280528052,1.1282508250825085,1.1105528052805278,0.4003245324532453,69336.800330033,0.9002601623535149
-0.29956820682068197,-0.11798404840484067,0.16177392739273916,0.16428217821782176,0.07342134213421359,0.5102805280528052,1.0882508250825085,1.1505528052805278,0.4003245324532453,68737.800330033,0.9042603492736809
-0.319568206820682,-0.12798404840484068,0.16177392739273916,0.14428217821782185,0.07342134213421359,0.5002805280528052,1.0782508250825082,1.160552805280528,0.4003245324532453,68888.800330033,0.9073290348052971
-0.28956820682068196,-0.1679840484048407,0.16177392739273916,0.09428217821782181,0.10342134213421361,0.4802805280528052,1.0382508250825082,1.180552805280528,0.4103245324532453,68873.800330033,0.9073290348052971
-0.309568206820682,-0.1779840484048405,0.14177392739273914,0.0842821782178218,0.0934213421342136,0.43028052805280514,1.0082508250825084,1.200552805280528,0.4103245324532453,68952.800330033,0.911588382720943
-0.29956820682068197,-0.1679840484048407,0.12177392739273912,0.06428217821782178,0.0834213421342136,0.46028052805280517,0.9882508250825085,1.200552805280528,0.4103245324532453,68783.800330033,0.9160267829895012
-0.339568206820682,-0.1679840484048407,0.12177392739273912,0.06428217821782178,0.10342134213421361,0.45028052805280516,0.9482508250825085,1.230552805280528,0.4203245324532453,68224.800330033,0.9193651199340813
-0.3495682068206819,-0.1779840484048405,0.13177392739273913,0.07428217821782179,0.0834213421342136,0.42028052805280525,0.9382508250825085,1.2405528052805281,0.4203245324532453,67985.800330033,0.9200922966003411
-0.40956820682068196,-0.1579840484048407,0.08177392739273909,0.054282178217821775,0.10342134213421361,0.41028052805280524,0.9082508250825084,1.250552805280528,0.4303245324532453,68092.800330033,0.9240924835205071
-0.40956820682068196,-0.1379840484048407,0.0917739273927391,0.06428217821782178,0.0934213421342136,0.45028052805280516,0.8882508250825084,1.250552805280528,0.45032453245324533,67851.800330033,0.9280757427215605
-0.39956820682068195,-0.1679840484048407,0.15177392739273915,0.06428217821782178,0.07342134213421359,0.46028052805280517,0.8282508250825084,1.270552805280528,0.46032453245324534,67838.800330033,0.9320644855499296
-0.37956820682068193,-0.1779840484048405,0.11177392739273911,0.044282178217821766,0.06342134213421358,0.42028052805280525,0.8182508250825083,1.2805528052805282,0.45032453245324533,67507.800330033,0.9330679893493645
-0.3595682068206819,-0.22798404840484054,0.11177392739273911,0.054282178217821775,0.07342134213421359,0.40028052805280523,0.7982508250825083,1.2805528052805282,0.46032453245324534,67772.800330033,0.9356715202331571
-0.38956820682068194,-0.19798404840484052,0.12177392739273912,0.044282178217821766,0.07342134213421359,0.40028052805280523,0.7882508250825083,1.270552805280528,0.48032453245324536,67863.800330033,0.9403402328491204
-0.37956820682068193,-0.1779840484048405,0.11177392739273911,0.02428217821782186,0.07342134213421359,0.3502805280528052,0.7382508250825085,1.3005528052805282,0.48032453245324536,67276.800330033,0.9446007728576653
-0.41956820682068197,-0.1779840484048405,0.1017739273927391,0.044282178217821766,0.06342134213421358,0.3702805280528052,0.7082508250825085,1.310552805280528,0.49032453245324525,67241.800330033,0.9446007728576653
-0.41956820682068197,-0.19798404840484052,0.0917739273927391,-0.015717821782178176,0.07342134213421359,0.3702805280528052,0.6782508250825084,1.310552805280528,0.48032453245324536,67010.800330033,0.9483949661254876
-0.429568206820682,-0.1779840484048405,0.08177392739273909,-0.015717821782178176,0.07342134213421359,0.3402805280528052,0.6382508250825084,1.3405528052805282,0.48032453245324536,67191.800330033,0.9534434795379632
-0.439568206820682,-0.19798404840484052,0.07177392739273919,-0.035717821782178194,0.0834213421342136,0.29028052805280524,0.6282508250825084,1.330552805280528,0.5003245324532453,67230.800330033,0.9567586898803704
-0.38956820682068194,-0.1779840484048405,0.05177392739273917,-0.025717821782178185,0.06342134213421358,0.30028052805280525,0.5982508250825084,1.3605528052805278,0.5003245324532453,66849.800330033,0.9577829360961907
-0.40956820682068196,-0.21798404840484054,0.05177392739273917,-0.07571782178217817,0.07342134213421359,0.2702805280528052,0.5482508250825083,1.350552805280528,0.5103245324532453,67428.800330033,0.9608537673950188
-0.429568206820682,-0.1879840484048405,0.04177392739273916,-0.06571782178217822,0.0834213421342136,0.28028052805280523,0.5482508250825083,1.3205528052805282,0.5303245324532453,67457.800330033,0.9658543586730914
-0.439568206820682,-0.1679840484048407,0.06177392739273918,-0.08571782178217818,0.0934213421342136,0.2502805280528052,0.5482508250825083,1.3005528052805282,0.5203245324532453,67322.800330033,0.9689316272735589
-0.439568206820682,-0.1579840484048407,0.11177392739273911,-0.06571782178217822,0.0834213421342136,0.2702805280528052,0.5482508250825083,1.290552805280528,0.5403245324532453,67293.800330033,0.9698540687561028
-0.459568206820682,-0.1679840484048407,0.1017739273927391,-0.05571782178217821,0.0834213421342136,0.28028052805280523,0.5282508250825083,1.270552805280528,0.5503245324532453,66882.800330033,0.9728276252746575
-0.4695682068206819,-0.12798404840484068,0.08177392739273909,-0.025717821782178185,0.07342134213421359,0.28028052805280523,0.5182508250825085,1.250552805280528,0.5703245324532453,66173.800330033,0.9768304347991972
-0.4695682068206819,-0.11798404840484067,0.11177392739273911,-0.05571782178217821,0.0934213421342136,0.29028052805280524,0.4882508250825085,1.270552805280528,0.5803245324532453,65990.800330033,0.9808473110198968
-0.449568206820682,-0.1379840484048407,0.11177392739273911,-0.11571782178217821,0.0934213421342136,0.28028052805280523,0.4882508250825085,1.250552805280528,0.5703245324532453,65709.800330033,0.9848474979400628
-0.449568206820682,-0.09798404840484065,0.07177392739273919,-0.1057178217821782,0.1134213421342134,0.28028052805280523,0.4582508250825085,1.250552805280528,0.5803245324532453,65408.800330033,0.9858483791351311
-0.4695682068206819,-0.1379840484048407,0.13177392739273913,-0.11571782178217821,0.10342134213421361,0.2702805280528052,0.43825082508250846,1.2605528052805282,0.5803245324532453,65021.800330033,0.9898485660552971
-0.429568206820682,-0.1479840484048407,0.0917739273927391,-0.11571782178217821,0.13342134213421342,0.2602805280528052,0.42825082508250845,1.250552805280528,0.6003245324532454,64496.800330033,0.9938435077667229
-0.41956820682068197,-0.12798404840484068,0.11177392739273911,-0.11571782178217821,0.13342134213421342,0.2502805280528052,0.3982508250825084,1.2405528052805281,0.6003245324532454,64473.800330033,0.9972772121429436
-0.439568206820682,-0.07798404840484063,0.1017739273927391,-0.13571782178217817,0.14342134213421343,0.20028052805280525,0.3682508250825084,1.230552805280528,0.6103245324532454,65006.800330033,0.9972772121429436
-0.39956820682068195,-0.08798404840484064,0.11177392739273911,-0.1657178217821782,0.15342134213421343,0.2102805280528052,0.3782508250825084,1.2205528052805281,0.6203245324532453,64889.800330033,1.001307678222652
-0.37956820682068193,-0.10798404840484066,0.0917739273927391,-0.1757178217821782,0.16342134213421344,0.2202805280528052,0.3482508250825084,1.2105528052805279,0.6203245324532453,65040.800330033,1.005307626724239
-0.38956820682068194,-0.10798404840484066,0.05177392739273917,-0.20571782178217818,0.16342134213421344,0.20028052805280525,0.29825082508250833,1.200552805280528,0.6303245324532453,65789.800330033,1.009816360473632
-0.37956820682068193,-0.12798404840484068,0.06177392739273918,-0.18571782178217822,0.14342134213421343,0.17028052805280522,0.2782508250825083,1.180552805280528,0.6503245324532453,66242.800330033,1.009816360473632
-0.3595682068206819,-0.1479840484048407,0.011773927392739136,-0.19571782178217817,0.13342134213421342,0.2102805280528052,0.31825082508250835,1.1505528052805278,0.6403245324532453,66291.800330033,1.013816308975219
-0.3595682068206819,-0.12798404840484068,0.05177392739273917,-0.1657178217821782,0.1134213421342134,0.2202805280528052,0.29825082508250833,1.1505528052805278,0.6303245324532453,66578.800330033,1.017858457565307
-0.3495682068206819,-0.12798404840484068,0.021773927392739145,-0.20571782178217818,0.10342134213421361,0.2102805280528052,0.32825082508250836,1.100552805280528,0.6403245324532453,67079.800330033,1.0218984603881829
-0.3595682068206819,-0.1379840484048407,0.04177392739273916,-0.1657178217821782,0.10342134213421361,0.2502805280528052,0.32825082508250836,1.050552805280528,0.6403245324532453,66854.800330033,1.0229198455810504
-0.3695682068206819,-0.12798404840484068,0.031773927392739154,-0.14571782178217818,0.1134213421342134,0.2602805280528052,0.32825082508250836,1.030552805280528,0.6503245324532453,67273.800330033,1.0259408473968499
-0.3495682068206819,-0.1379840484048407,-0.01822607260726089,-0.13571782178217817,0.10342134213421361,0.2602805280528052,0.30825082508250834,1.020552805280528,0.6703245324532453,67246.800330033,1.0309209346771233
-0.339568206820682,-0.1379840484048407,0.011773927392739136,-0.14571782178217818,0.12342134213421341,0.24028052805280523,0.29825082508250833,1.000552805280528,0.6603245324532453,67415.800330033,1.0339116573333733
-0.3495682068206819,-0.1479840484048407,0.021773927392739145,-0.13571782178217817,0.10342134213421361,0.2602805280528052,0.33825082508250837,0.9805528052805279,0.6603245324532453,68124.800330033,1.0349246978759759
-0.339568206820682,-0.1379840484048407,0.0017739273927391275,-0.12571782178217822,0.1134213421342134,0.2602805280528052,0.3682508250825084,0.9405528052805281,0.6603245324532453,68955.800330033,1.0382089138030999
-0.339568206820682,-0.1579840484048407,-0.01822607260726089,-0.1657178217821782,0.13342134213421342,0.2702805280528052,0.3582508250825084,0.9105528052805281,0.6503245324532453,69530.800330033,1.0429820537567167
-0.339568206820682,-0.1479840484048407,-0.01822607260726089,-0.13571782178217817,0.10342134213421361,0.2202805280528052,0.3582508250825084,0.880552805280528,0.6703245324532453,70021.800330033,1.0469822406768792
-0.329568206820682,-0.1879840484048405,-0.008226072607260881,-0.12571782178217822,0.0934213421342136,0.23028052805280522,0.3682508250825084,0.860552805280528,0.6503245324532453,70586.800330033,1.0499822616577177
-0.339568206820682,-0.1779840484048405,0.0017739273927391275,-0.14571782178217818,0.0934213421342136,0.24028052805280523,0.3882508250825084,0.860552805280528,0.6303245324532453,71063.800330033,1.0511080741882317
-0.319568206820682,-0.19798404840484052,-0.04822607260726086,-0.1057178217821782,0.07342134213421359,0.24028052805280523,0.3582508250825084,0.830552805280528,0.6403245324532453,71856.800330033,1.0550391197204547
-0.339568206820682,-0.20798404840484053,-0.008226072607260881,-0.09571782178217819,0.0834213421342136,0.2502805280528052,0.3482508250825084,0.820552805280528,0.6303245324532453,73271.800330033,1.0588182926178007
-0.339568206820682,-0.1879840484048405,-0.028226072607260844,-0.11571782178217821,0.0934213421342136,0.2202805280528052,0.3482508250825084,0.790552805280528,0.6103245324532454,74962.800330033,1.0621621131896966
-0.3595682068206819,-0.1779840484048405,-0.04822607260726086,-0.13571782178217817,0.1134213421342134,0.19028052805280524,0.3582508250825084,0.7505528052805279,0.6003245324532454,76537.800330033,1.0631310462951653
-0.3695682068206819,-0.1579840484048407,-0.028226072607260844,-0.11571782178217821,0.1134213421342134,0.20028052805280525,0.3682508250825084,0.7405528052805279,0.6103245324532454,77444.800330033,1.0675982952117913
-0.37956820682068193,-0.1679840484048407,-0.028226072607260844,-0.12571782178217822,0.0934213421342136,0.20028052805280525,0.3582508250825084,0.7105528052805281,0.5903245324532453,78707.800330033,1.0716208934783964
-0.3495682068206819,-0.1879840484048405,-0.07822607260726089,-0.12571782178217822,0.0934213421342136,0.20028052805280525,0.3682508250825084,0.6905528052805281,0.6003245324532454,80512.800330033,1.0753616809844964
-0.3495682068206819,-0.1879840484048405,-0.08822607260726084,-0.14571782178217818,0.0934213421342136,0.19028052805280524,0.3782508250825084,0.6505528052805281,0.6103245324532454,81915.800330033,1.0753616809844964
-0.339568206820682,-0.19798404840484052,-0.07822607260726089,-0.1757178217821782,0.10342134213421361,0.2202805280528052,0.33825082508250837,0.600552805280528,0.6303245324532453,84000.800330033,1.0796854019165032
-0.3595682068206819,-0.19798404840484052,-0.05822607260726087,-0.1557178217821782,0.0834213421342136,0.24028052805280523,0.3582508250825084,0.540552805280528,0.6203245324532453,86135.800330033,1.0836882114410393
-0.329568206820682,-0.25798404840484057,-0.03822607260726085,-0.1657178217821782,0.12342134213421341,0.2102805280528052,0.3582508250825084,0.550552805280528,0.6003245324532454,88260.800330033,1.0872888088226311
-0.309568206820682,-0.23798404840484055,-0.05822607260726087,-0.1757178217821782,0.12342134213421341,0.20028052805280525,0.31825082508250835,0.560552805280528,0.6203245324532453,90431.800330033,1.0883559703826897
-0.309568206820682,-0.22798404840484054,-0.07822607260726089,-0.2157178217821782,0.12342134213421341,0.20028052805280525,0.30825082508250834,0.4905528052805279,0.5803245324532453,92314.800330033,1.0929338455200188
-0.309568206820682,-0.22798404840484054,-0.04822607260726086,-0.2257178217821782,0.12342134213421341,0.17028052805280522,0.29825082508250833,0.4905528052805279,0.5903245324532453,94221.800330033,1.0962240219116204
-0.329568206820682,-0.23798404840484055,-0.04822607260726086,-0.19571782178217817,0.12342134213421341,0.1502805280528052,0.31825082508250835,0.4605528052805281,0.5803245324532453,96114.800330033,1.1001331329345696
-0.309568206820682,-0.21798404840484054,-0.10822607260726086,-0.20571782178217818,0.13342134213421342,0.19028052805280524,0.3682508250825084,0.4405528052805281,0.5603245324532453,98555.800330033,1.1009606838226311
-0.319568206820682,-0.2679840484048406,-0.12822607260726088,-0.19571782178217817,0.1134213421342134,0.18028052805280523,0.31825082508250835,0.39055280528052805,0.5903245324532453,101196.800330033,1.1049606323242145
-0.309568206820682,-0.22798404840484054,-0.11822607260726087,-0.18571782178217822,0.1134213421342134,0.17028052805280522,0.2882508250825083,0.40055280528052806,0.5603245324532453,102647.800330033,1.1091360569000237
-0.29956820682068197,-0.23798404840484055,-0.11822607260726087,-0.2357178217821782,0.10342134213421361,0.14028052805280525,0.2882508250825083,0.37055280528052803,0.5703245324532453,104634.800330033,1.1123411178588896
-0.29956820682068197,-0.2979840484048406,-0.07822607260726089,-0.20571782178217818,0.12342134213421341,0.17028052805280522,0.31825082508250835,0.39055280528052805,0.5403245324532453,105859.800330033,1.113286924362182
-0.27956820682068195,-0.2979840484048406,-0.13822607260726089,-0.2857178217821782,0.12342134213421341,0.14028052805280525,0.2582508250825085,0.38055280528052804,0.5103245324532453,107398.800330033,1.1163408279418938
-0.27956820682068195,-0.2779840484048406,-0.13822607260726089,-0.32571782178217823,0.1134213421342134,0.10028052805280521,0.2682508250825085,0.350552805280528,0.5103245324532453,108893.800330033,1.1209434986114495
-0.27956820682068195,-0.3079840484048406,-0.12822607260726088,-0.2757178217821782,0.1134213421342134,0.11028052805280522,0.2282508250825085,0.350552805280528,0.49032453245324525,110484.800330033,1.1250509738922112
-0.27956820682068195,-0.2879840484048406,-0.11822607260726087,-0.2757178217821782,0.1134213421342134,0.12028052805280523,0.19825082508250846,0.350552805280528,0.5103245324532453,111895.800330033,1.1284162521362298
-0.25956820682068193,-0.2679840484048406,-0.10822607260726086,-0.25571782178217817,0.1134213421342134,0.08028052805280522,0.16825082508250844,0.330552805280528,0.49032453245324525,112968.800330033,1.1284162521362298
-0.25956820682068193,-0.2779840484048406,-0.10822607260726086,-0.2257178217821782,0.0834213421342136,0.08028052805280522,0.2282508250825085,0.30055280528052797,0.4403245324532453,114157.800330033,1.1338321685791009
-0.23956820682068192,-0.2879840484048406,-0.06822607260726088,-0.2157178217821782,0.07342134213421359,0.09028052805280523,0.18825082508250846,0.29055280528052796,0.4303245324532453,115316.800330033,1.1371984004974394
-0.2295682068206819,-0.3179840484048406,-0.13822607260726089,-0.2757178217821782,0.06342134213421358,0.09028052805280523,0.2282508250825085,0.2305528052805279,0.4303245324532453,115965.800330033,1.140095901489257
-0.2195682068206819,-0.2979840484048406,-0.13822607260726089,-0.2957178217821782,0.0834213421342136,0.07028052805280521,0.18825082508250846,0.2005528052805281,0.4403245324532453,117278.800330033,1.1411859512329094
-0.2295682068206819,-0.33798404840484064,-0.10822607260726086,-0.2757178217821782,0.06342134213421358,0.09028052805280523,0.15825082508250843,0.1905528052805281,0.4403245324532453,118411.800330033,1.145152282714843
-0.25956820682068193,-0.32798404840484063,-0.14822607260726084,-0.18571782178217822,0.05342134213421357,0.10028052805280521,0.15825082508250843,0.17055280528052807,0.4203245324532453,118922.800330033,1.150186491012569
-0.26956820682068194,-0.34798404840484065,-0.16822607260726086,-0.25571782178217817,0.05342134213421357,0.09028052805280523,0.1382508250825084,0.18055280528052808,0.3903245324532453,119947.800330033,1.1533255100250237
-0.25956820682068193,-0.35798404840484066,-0.18822607260726087,-0.1757178217821782,0.03342134213421355,0.10028052805280521,0.10825082508250838,0.13055280528052804,0.37032453245324526,121322.800330033,1.1541869163513212
-0.24956820682068193,-0.35798404840484066,-0.14822607260726084,-0.24571782178217821,0.04342134213421356,0.08028052805280522,0.08825082508250837,0.12055280528052803,0.33032453245324533,122141.800330033,1.1570097923278801
-0.25956820682068193,-0.37798404840484057,-0.15822607260726085,-0.2757178217821782,0.06342134213421358,0.05028052805280522,0.16825082508250844,0.05055280528052797,0.3003245324532453,121992.800330033,1.1620819091796868
-0.2295682068206819,-0.4279840484048406,-0.17822607260726087,-0.2757178217821782,0.02342134213421354,0.05028052805280522,0.1382508250825084,-0.009447194719471974,0.3203245324532453,122267.800330033,1.1651925563812249
-0.23956820682068192,-0.3879840484048406,-0.16822607260726086,-0.2357178217821782,-0.016578657865786495,0.05028052805280522,0.11825082508250839,-0.04944719471947201,0.2503245324532454,122926.800330033,1.166180324554439
-0.24956820682068193,-0.37798404840484057,-0.14822607260726084,-0.2257178217821782,-0.006578657865786486,0.030280528052805233,0.11825082508250839,-0.11944719471947196,0.22032453245324532,123099.800330033,1.1692690372467034
-0.2295682068206819,-0.44798404840484063,-0.16822607260726086,-0.24571782178217821,-0.03657865786578651,0.020280528052805225,0.03825082508250843,-0.09944719471947194,0.22032453245324532,122818.800330033,1.1735188484191887
-0.23956820682068192,-0.49798404840484056,-0.21822607260726085,-0.2357178217821782,-0.03657865786578651,0.040280528052805215,-0.04174917491749153,-0.11944719471947196,0.22032453245324532,122663.800330033,1.1775919914245598
-0.27956820682068195,-0.47798404840484066,-0.19822607260726088,-0.2257178217821782,-0.08657865786578656,0.030280528052805233,-0.03174917491749163,-0.149447194719472,0.1503245324532453,122562.800330033,1.1775919914245598
-0.29956820682068197,-0.4379840484048406,-0.20822607260726084,-0.2957178217821782,-0.11657865786578658,0.010280528052805216,-0.061749174917491545,-0.149447194719472,0.13032453245324535,122193.800330033,1.1815535545349114
-0.329568206820682,-0.45798404840484064,-0.20822607260726084,-0.2757178217821782,-0.1365786578657866,0.020280528052805225,-0.09174917491749157,-0.12944719471947197,0.13032453245324535,121142.800330033,1.1858465194702106
-0.37956820682068193,-0.45798404840484064,-0.2582260726072608,-0.2857178217821782,-0.17657865786578641,-0.009719471947194774,-0.17174917491749153,-0.10944719471947195,0.09032453245324532,120221.800330033,1.1898490905761712
-0.3595682068206819,-0.5479840484048406,-0.27822607260726084,-0.3057178217821782,-0.18657865786578642,-0.03971947194719477,-0.2917491749174915,-0.029447194719471992,0.040324532453245326,119832.800330033,1.1908123016357415
-0.29956820682068197,-0.5179840484048406,-0.22822607260726085,-0.3057178217821782,-0.1365786578657866,-0.03971947194719477,-0.28174917491749163,-0.019447194719471983,0.060324532453245344,119321.800330033,1.1939517974853509
-0.25956820682068193,-0.47798404840484066,-0.24822607260726087,-0.2957178217821782,-0.1665786578657864,-0.04971947194719478,-0.28174917491749163,-0.039447194719472,0.020324532453245336,118712.800330033,1.1979929924011188
-0.27956820682068195,-0.5379840484048406,-0.24822607260726087,-0.24571782178217821,-0.1565786578657864,-0.029719471947194778,-0.2717491749174916,-0.019447194719471983,0.010324532453245328,118861.800330033,1.2019640922546415
-0.28956820682068196,-0.5179840484048406,-0.24822607260726087,-0.24571782178217821,-0.17657865786578641,-0.03971947194719477,-0.2617491749174916,-0.04944719471947201,0.010324532453245328,119044.800330033,1.2029613971710198
-0.309568206820682,-0.5379840484048406,-0.2582260726072608,-0.2357178217821782,-0.1665786578657864,-0.04971947194719478,-0.2517491749174916,-0.06944719471947203,-0.01967546754675467,118369.800330033,1.207013797760009
-0.29956820682068197,-0.48798404840484055,-0.27822607260726084,-0.2357178217821782,-0.18657865786578642,-0.04971947194719478,-0.30174917491749154,-0.08944719471947193,-0.01967546754675467,118254.800330033,1.2105435848236077
-0.329568206820682,-0.49798404840484056,-0.2582260726072608,-0.24571782178217821,-0.18657865786578642,-0.03971947194719477,-0.2617491749174916,-0.06944719471947203,-0.01967546754675467,118473.800330033,1.2144321918487577
-0.339568206820682,-0.49798404840484056,-0.22822607260726085,-0.25571782178217817,-0.21657865786578645,-0.029719471947194778,-0.2717491749174916,-0.09944719471947194,-0.01967546754675467,118338.800330033,1.218790960311889
-0.3495682068206819,-0.44798404840484063,-0.21822607260726085,-0.2357178217821782,-0.20657865786578644,-0.029719471947194778,-0.2617491749174916,-0.149447194719472,0.010324532453245328,117759.800330033,1.2196604728698723
-0.3495682068206819,-0.4179840484048406,-0.20822607260726084,-0.2357178217821782,-0.22657865786578646,-0.03971947194719477,-0.28174917491749163,-0.13944719471947198,0.010324532453245328,117100.800330033,1.2235660076141315
-0.339568206820682,-0.46798404840484065,-0.19822607260726088,-0.2257178217821782,-0.19657865786578643,-0.03971947194719477,-0.2617491749174916,-0.159447194719472,0.010324532453245328,116207.800330033,1.226674032211303
-0.3495682068206819,-0.46798404840484065,-0.17822607260726087,-0.2857178217821782,-0.21657865786578645,-0.04971947194719478,-0.2617491749174916,-0.22944719471947195,0.010324532453245328,116408.800330033,1.2308096408843987
-0.309568206820682,-0.49798404840484056,-0.15822607260726085,-0.25571782178217817,-0.18657865786578642,-0.04971947194719478,-0.2417491749174916,-0.18944719471947202,0.0003245324532453464,116115.800330033,1.2316817760467522
-0.339568206820682,-0.47798404840484066,-0.15822607260726085,-0.2657178217821782,-0.20657865786578644,-0.04971947194719478,-0.2617491749174916,-0.24944719471947197,0.0003245324532453464,114694.800330033,1.234732818603515
-0.329568206820682,-0.47798404840484066,-0.16822607260726086,-0.2957178217821782,-0.19657865786578643,-0.04971947194719478,-0.2517491749174916,-0.23944719471947196,0.0003245324532453464,113895.800330033,1.239714336395263
-0.339568206820682,-0.49798404840484056,-0.16822607260726086,-0.2757178217821782,-0.21657865786578645,-0.04971947194719478,-0.2517491749174916,-0.22944719471947195,-0.009675467546754662,112994.800330033,1.2428023338317828
-0.319568206820682,-0.46798404840484065,-0.14822607260726084,-0.24571782178217821,-0.21657865786578645,-0.04971947194719478,-0.28174917491749163,-0.21944719471947194,-0.01967546754675467,111889.800330033,1.2438234806060784
-0.3595682068206819,-0.46798404840484065,-0.14822607260726084,-0.19571782178217817,-0.23657865786578647,-0.03971947194719477,-0.28174917491749163,-0.23944719471947196,-0.04967546754675467,111324.800330033,1.2478222370147698
-0.37956820682068193,-0.4279840484048406,-0.12822607260726088,-0.19571782178217817,-0.22657865786578646,-0.03971947194719477,-0.30174917491749154,-0.20944719471947204,-0.04967546754675467,110901.800330033,1.2518193244934075
-0.38956820682068194,-0.4379840484048406,-0.11822607260726087,-0.24571782178217821,-0.19657865786578643,-0.04971947194719478,-0.2717491749174916,-0.18944719471947202,-0.05967546754675465,110068.800330033,1.2558202266693108
-0.40956820682068196,-0.4079840484048406,-0.12822607260726088,-0.2357178217821782,-0.22657865786578646,-0.05971947194719478,-0.2617491749174916,-0.20944719471947204,-0.05967546754675465,109143.800330033,1.2558202266693108
-0.459568206820682,-0.45798404840484064,-0.17822607260726087,-0.24571782178217821,-0.22657865786578646,-0.03971947194719477,-0.31174917491749154,-0.23944719471947196,-0.06967546754675466,108588.800330033,1.2593960285186796
-0.439568206820682,-0.4079840484048406,-0.14822607260726084,-0.25571782178217817,-0.23657865786578647,-0.04971947194719478,-0.31174917491749154,-0.23944719471947196,-0.05967546754675465,108533.800330033,1.2639853477477985
-0.4895682068206819,-0.4179840484048406,-0.17822607260726087,-0.19571782178217817,-0.2565786578657865,-0.03971947194719477,-0.31174917491749154,-0.279447194719472,-0.05967546754675465,108310.800330033,1.2677869319915764
-0.4895682068206819,-0.3879840484048406,-0.17822607260726087,-0.2257178217821782,-0.2765786578657865,-0.04971947194719478,-0.34174917491749157,-0.279447194719472,-0.09967546754675466,107755.800330033,1.2690281391143792
-0.4895682068206819,-0.36798404840484056,-0.18822607260726087,-0.2157178217821782,-0.32657865786578655,-0.029719471947194778,-0.4217491749174916,-0.309447194719472,-0.11967546754675466,107524.800330033,1.2722510814666776
-0.4895682068206819,-0.34798404840484065,-0.17822607260726087,-0.2257178217821782,-0.32657865786578655,-0.04971947194719478,-0.4117491749174916,-0.319447194719472,-0.11967546754675466,106889.800330033,1.2772590637207024
-0.5095682068206819,-0.3979840484048406,-0.13822607260726089,-0.2757178217821782,-0.31657865786578654,-0.05971947194719478,-0.4817491749174916,-0.309447194719472,-0.12967546754675466,105718.800330033,1.281269741058349
-0.4795682068206819,-0.3879840484048406,-0.16822607260726086,-0.2857178217821782,-0.31657865786578654,-0.05971947194719478,-0.4417491749174916,-0.32944719471947204,-0.12967546754675466,104665.800330033,1.281269741058349
-0.449568206820682,-0.34798404840484065,-0.17822607260726087,-0.3057178217821782,-0.32657865786578655,-0.06971947194719477,-0.4217491749174916,-0.35944719471947195,-0.13967546754675467,104336.800330033,1.2842723846435575
-0.4995682068206819,-0.33798404840484064,-0.17822607260726087,-0.2757178217821782,-0.32657865786578655,-0.04971947194719478,-0.4317491749174916,-0.37944719471947197,-0.12967546754675466,103445.800330033,1.2892591476440387
-0.5195682068206819,-0.34798404840484065,-0.16822607260726086,-0.2757178217821782,-0.31657865786578654,-0.04971947194719478,-0.46174917491749157,-0.389447194719472,-0.13967546754675467,102634.800330033,1.2934193134307854
-0.559568206820682,-0.36798404840484056,-0.17822607260726087,-0.2857178217821782,-0.35657865786578646,-0.05971947194719478,-0.4717491749174916,-0.399447194719472,-0.15967546754675466,101819.800330033,1.2934193134307854
-0.4895682068206819,-0.33798404840484064,-0.17822607260726087,-0.2657178217821782,-0.33657865786578645,-0.05971947194719478,-0.46174917491749157,-0.34944719471947194,-0.14967546754675465,101222.800330033,1.296359729766845
-0.4795682068206819,-0.2879840484048406,-0.18822607260726087,-0.2957178217821782,-0.35657865786578646,-0.05971947194719478,-0.4817491749174916,-0.37944719471947197,-0.14967546754675465,100517.800330033,1.301194381713863
-0.539568206820682,-0.25798404840484057,-0.19822607260726088,-0.3157178217821782,-0.4065786578657865,-0.04971947194719478,-0.4817491749174916,-0.35944719471947195,-0.13967546754675467,99508.800330033,1.3048455238342278
-0.5095682068206819,-0.21798404840484054,-0.19822607260726088,-0.2657178217821782,-0.4265786578657865,-0.04971947194719478,-0.4317491749174916,-0.34944719471947194,-0.13967546754675467,99021.800330033,1.3094796657562249
-0.549568206820682,-0.20798404840484053,-0.14822607260726084,-0.2757178217821782,-0.43657865786578653,-0.03971947194719477,-0.4317491749174916,-0.35944719471947195,-0.14967546754675465,97932.800330033,1.3094796657562249
-0.529568206820682,-0.12798404840484068,-0.16822607260726086,-0.2957178217821782,-0.45657865786578644,-0.04971947194719478,-0.3617491749174916,-0.319447194719472,-0.14967546754675465,97487.800330033,1.3140000820159905
-0.4995682068206819,-0.1479840484048407,-0.14822607260726084,-0.2657178217821782,-0.44657865786578654,-0.04971947194719478,-0.4317491749174916,-0.269447194719472,-0.15967546754675466,97294.800330033,1.3169698238372796
-0.569568206820682,-0.11798404840484067,-0.14822607260726084,-0.2657178217821782,-0.45657865786578644,-0.03971947194719477,-0.4417491749174916,-0.299447194719472,-0.14967546754675465,96783.800330033,1.3209683418273919
-0.569568206820682,-0.10798404840484066,-0.16822607260726086,-0.25571782178217817,-0.44657865786578654,-0.04971947194719478,-0.40174917491749157,-0.32944719471947204,-0.13967546754675467,96046.800330033,1.321999263763427
-0.569568206820682,-0.057984048404840616,-0.16822607260726086,-0.3057178217821782,-0.46657865786578645,-0.06971947194719477,-0.4117491749174916,-0.289447194719472,-0.14967546754675465,95861.800330033,1.324966621398925
-0.539568206820682,-0.007984048404840571,-0.15822607260726085,-0.2657178217821782,-0.4265786578657865,-0.04971947194719478,-0.39174917491749156,-0.279447194719472,-0.12967546754675466,94944.800330033,1.3299684047698968
-0.589568206820682,0.08201595159515929,-0.14822607260726084,-0.2257178217821782,-0.44657865786578654,-0.05971947194719478,-0.4217491749174916,-0.269447194719472,-0.14967546754675465,94943.800330033,1.333048772811889
-0.559568206820682,0.0720159515951595,-0.17822607260726087,-0.24571782178217821,-0.45657865786578644,-0.05971947194719478,-0.39174917491749156,-0.289447194719472,-0.14967546754675465,95238.800330033,1.3341130733490019
-0.539568206820682,0.12201595159515932,-0.16822607260726086,-0.2857178217821782,-0.48657865786578647,-0.05971947194719478,-0.3717491749174916,-0.279447194719472,-0.14967546754675465,94685.800330033,1.3371700763702385
-0.569568206820682,0.11201595159515931,-0.14822607260726084,-0.20571782178217818,-0.46657865786578645,-0.05971947194719478,-0.4117491749174916,-0.32944719471947204,-0.13967546754675467,94274.800330033,1.3413683891296415
-0.569568206820682,0.12201595159515932,-0.16822607260726086,-0.2757178217821782,-0.43657865786578653,-0.06971947194719477,-0.3517491749174916,-0.259447194719472,-0.15967546754675466,94257.800330033,1.3453678607940667
-0.589568206820682,0.15201595159515935,-0.14822607260726084,-0.19571782178217817,-0.45657865786578644,-0.06971947194719477,-0.3517491749174916,-0.23944719471947196,-0.15967546754675466,94344.800330033,1.3463329792022698
-0.589568206820682,0.17201595159515937,-0.15822607260726085,-0.20571782178217818,-0.43657865786578653,-0.05971947194719478,-0.3517491749174916,-0.259447194719472,-0.16967546754675467,93981.800330033,1.3493678092956536
-0.589568206820682,0.2020159515951594,-0.15822607260726085,-0.2257178217821782,-0.5065786578657865,-0.05971947194719478,-0.3817491749174916,-0.259447194719472,-0.16967546754675467,93890.800330033,1.353335809707641
-0.599568206820682,0.2120159515951594,-0.13822607260726089,-0.2257178217821782,-0.4965786578657865,-0.05971947194719478,-0.3617491749174916,-0.24944719471947197,-0.16967546754675467,94447.800330033,1.3578664779663079
-0.609568206820682,0.24201595159515943,-0.15822607260726085,-0.25571782178217817,-0.4965786578657865,-0.05971947194719478,-0.33174917491749156,-0.21944719471947194,-0.14967546754675465,94652.800330033,1.3589016914367669
-0.6295682068206819,0.3020159515951595,-0.13822607260726089,-0.2657178217821782,-0.4965786578657865,-0.06971947194719477,-0.33174917491749156,-0.269447194719472,-0.12967546754675466,94639.800330033,1.3621196269989007
-0.6295682068206819,0.2920159515951595,-0.14822607260726084,-0.2357178217821782,-0.4965786578657865,-0.05971947194719478,-0.39174917491749156,-0.18944719471947202,-0.15967546754675466,94964.800330033,1.3672129631042473
-0.619568206820682,0.3220159515951595,-0.13822607260726089,-0.25571782178217817,-0.5065786578657865,-0.06971947194719477,-0.39174917491749156,-0.20944719471947204,-0.16967546754675467,95767.800330033,1.3712090969085686
-0.6295682068206819,0.3320159515951593,-0.16822607260726086,-0.25571782178217817,-0.4965786578657865,-0.05971947194719478,-0.3617491749174916,-0.20944719471947204,-0.16967546754675467,96546.800330033,1.3712090969085686
-0.6295682068206819,0.3720159515951593,-0.12822607260726088,-0.24571782178217821,-0.5265786578657865,-0.05971947194719478,-0.3517491749174916,-0.24944719471947197,-0.15967546754675466,96849.800330033,1.3743001937866204
-0.619568206820682,0.3720159515951593,-0.12822607260726088,-0.2157178217821782,-0.5165786578657865,-0.04971947194719478,-0.39174917491749156,-0.23944719471947196,-0.15967546754675466,97484.800330033,1.3781718730926507
-0.609568206820682,0.38201595159515933,-0.09822607260726085,-0.2357178217821782,-0.5365786578657865,-0.04971947194719478,-0.39174917491749156,-0.24944719471947197,-0.14967546754675465,98855.800330033,1.3828262805938714
-0.619568206820682,0.5120159515951594,-0.08822607260726084,-0.2357178217821782,-0.5365786578657865,-0.03971947194719477,-0.3717491749174916,-0.279447194719472,-0.15967546754675466,100020.800330033,1.3863830089569085
-0.649568206820682,0.5320159515951595,-0.09822607260726085,-0.1557178217821782,-0.5465786578657865,-0.019719471947194783,-0.40174917491749157,-0.259447194719472,-0.15967546754675466,100715.800330033,1.3863830089569085
-0.6395682068206819,0.5620159515951595,-0.06822607260726088,-0.1557178217821782,-0.5365786578657865,-0.019719471947194783,-0.4117491749174916,-0.24944719471947197,-0.15967546754675466,101686.800330033,1.3906156539916985
-0.6295682068206819,0.6220159515951593,-0.08822607260726084,-0.25571782178217817,-0.5665786578657865,-0.009719471947194774,-0.3817491749174916,-0.269447194719472,-0.14967546754675465,102567.800330033,1.3946935653686516
-0.6395682068206819,0.6820159515951594,-0.06822607260726088,-0.2357178217821782,-0.5565786578657865,-0.009719471947194774,-0.4117491749174916,-0.299447194719472,-0.13967546754675467,103632.800330033,1.3989567279815667
-0.6295682068206819,0.7420159515951594,-0.05822607260726087,-0.24571782178217821,-0.5765786578657865,-0.019719471947194783,-0.4317491749174916,-0.22944719471947195,-0.14967546754675465,104503.800330033,1.3989567279815667
-0.619568206820682,0.7620159515951594,-0.028226072607260844,-0.24571782178217821,-0.5965786578657865,0.010280528052805216,-0.4317491749174916,-0.24944719471947197,-0.13967546754675467,104636.800330033,1.4039899826049798
-0.619568206820682,0.8520159515951593,-0.028226072607260844,-0.2257178217821782,-0.6165786578657865,0.0002805280528052345,-0.4317491749174916,-0.279447194719472,-0.13967546754675467,104973.800330033,1.408202123641967
-0.6295682068206819,0.9220159515951596,-0.05822607260726087,-0.2357178217821782,-0.5965786578657865,-0.009719471947194774,-0.45174917491749156,-0.309447194719472,-0.14967546754675465,105860.800330033,1.4111043930053704
-0.609568206820682,0.9420159515951596,-0.028226072607260844,-0.2357178217821782,-0.6165786578657865,-0.009719471947194774,-0.4417491749174916,-0.309447194719472,-0.13967546754675467,106133.800330033,1.412150573730468
-0.609568206820682,1.0220159515951592,-0.05822607260726087,-0.2357178217821782,-0.5865786578657864,0.0002805280528052345,-0.4317491749174916,-0.259447194719472,-0.14967546754675465,106918.800330033,1.41559190750122
-0.599568206820682,1.1020159515951593,-0.04822607260726086,-0.25571782178217817,-0.6465786578657865,-0.009719471947194774,-0.4317491749174916,-0.289447194719472,-0.13967546754675467,107653.800330033,1.41990776062012
-0.609568206820682,1.1820159515951594,-0.05822607260726087,-0.2257178217821782,-0.6365786578657865,0.0002805280528052345,-0.3817491749174916,-0.269447194719472,-0.13967546754675467,108416.800330033,1.4239384651184075
-0.609568206820682,1.2520159515951592,-0.05822607260726087,-0.2357178217821782,-0.6465786578657865,-0.009719471947194774,-0.3717491749174916,-0.279447194719472,-0.13967546754675467,108439.800330033,1.4239384651184075
-0.559568206820682,1.2920159515951593,-0.05822607260726087,-0.2257178217821782,-0.6665786578657865,0.010280528052805216,-0.3617491749174916,-0.299447194719472,-0.13967546754675467,108760.800330033,1.4279226779937737
-0.609568206820682,1.3820159515951596,-0.05822607260726087,-0.2257178217821782,-0.6665786578657865,0.0002805280528052345,-0.3517491749174916,-0.279447194719472,-0.13967546754675467,108721.800330033,1.431921434402465
-0.569568206820682,1.4620159515951592,-0.06822607260726088,-0.2257178217821782,-0.6565786578657865,0.0002805280528052345,-0.3517491749174916,-0.269447194719472,-0.13967546754675467,109054.800330033,1.4359225749969475
-0.589568206820682,1.5120159515951594,-0.05822607260726087,-0.2257178217821782,-0.6765786578657865,-0.009719471947194774,-0.34174917491749157,-0.279447194719472,-0.13967546754675467,108977.800330033,1.4369217872619586
-0.569568206820682,1.5920159515951595,-0.07822607260726089,-0.24571782178217821,-0.6765786578657865,0.0002805280528052345,-0.3617491749174916,-0.279447194719472,-0.13967546754675467,109120.800330033,1.4399210929870598
-0.599568206820682,1.6720159515951596,-0.07822607260726089,-0.2357178217821782,-0.6965786578657865,-0.009719471947194774,-0.3517491749174916,-0.299447194719472,-0.13967546754675467,108751.800330033,1.4437069416046135
-0.599568206820682,1.7520159515951592,-0.08822607260726084,-0.24571782178217821,-0.6865786578657865,-0.019719471947194783,-0.3717491749174916,-0.299447194719472,-0.13967546754675467,107592.800330033,1.4481064796447711
-0.599568206820682,1.7920159515951593,-0.09822607260726085,-0.25571782178217817,-0.6965786578657865,-0.029719471947194778,-0.34174917491749157,-0.309447194719472,-0.13967546754675467,107159.800330033,1.4511193752288811
-0.559568206820682,1.8320159515951593,-0.12822607260726088,-0.25571782178217817,-0.7165786578657865,-0.019719471947194783,-0.3717491749174916,-0.319447194719472,-0.13967546754675467,107214.800330033,1.4521238327026396
-0.559568206820682,1.8820159515951596,-0.12822607260726088,-0.2857178217821782,-0.7265786578657865,-0.029719471947194778,-0.3517491749174916,-0.299447194719472,-0.13967546754675467,106755.800330033,1.4562103271484403
-0.539568206820682,1.9120159515951594,-0.12822607260726088,-0.25571782178217817,-0.7165786578657865,-0.029719471947194778,-0.3617491749174916,-0.33944719471947193,-0.13967546754675467,105934.800330033,1.4603089809417718
-0.529568206820682,1.9520159515951594,-0.14822607260726084,-0.24571782178217821,-0.7465786578657865,-0.019719471947194783,-0.3617491749174916,-0.32944719471947204,-0.13967546754675467,105359.800330033,1.4643148899078398
-0.4995682068206819,1.9620159515951592,-0.15822607260726085,-0.2257178217821782,-0.7365786578657865,-0.029719471947194778,-0.32174917491749155,-0.33944719471947193,-0.13967546754675467,104746.800330033,1.4643148899078398
-0.459568206820682,1.9620159515951592,-0.14822607260726084,-0.24571782178217821,-0.7465786578657865,-0.029719471947194778,-0.31174917491749154,-0.35944719471947195,-0.13967546754675467,104505.800330033,1.4683069705963163
-0.40956820682068196,1.9820159515951592,-0.15822607260726085,-0.24571782178217821,-0.7465786578657865,-0.029719471947194778,-0.31174917491749154,-0.34944719471947194,-0.12967546754675466,104736.800330033,1.4724664211273186
-0.3495682068206819,1.9820159515951592,-0.16822607260726086,-0.24571782178217821,-0.7465786578657865,-0.019719471947194783,-0.2917491749174915,-0.319447194719472,-0.13967546754675467,104375.800330033,1.476355028152465
-0.28956820682068196,1.9720159515951594,-0.17822607260726087,-0.24571782178217821,-0.7665786578657865,-0.029719471947194778,-0.2917491749174915,-0.33944719471947193,-0.12967546754675466,104300.800330033,1.4774078845977776
-0.24956820682068193,1.9720159515951594,-0.18822607260726087,-0.24571782178217821,-0.7665786578657865,-0.019719471947194783,-0.28174917491749163,-0.319447194719472,-0.13967546754675467,104239.800330033,1.4811465263366692
-0.18956820682068198,1.9420159515951596,-0.18822607260726087,-0.25571782178217817,-0.7765786578657865,-0.029719471947194778,-0.2617491749174916,-0.32944719471947204,-0.12967546754675466,103932.800330033,1.486134481430053
-0.13956820682068194,1.9220159515951596,-0.19822607260726088,-0.2357178217821782,-0.7865786578657865,-0.019719471947194783,-0.2517491749174916,-0.34944719471947194,-0.11967546754675466,103373.800330033,1.4891726493835442
-0.0995682068206819,1.9120159515951594,-0.20822607260726084,-0.24571782178217821,-0.7865786578657865,-0.029719471947194778,-0.2617491749174916,-0.32944719471947204,-0.13967546754675467,103468.800330033,1.49013442993164
-0.05956820682068198,1.9020159515951596,-0.20822607260726084,-0.2357178217821782,-0.7765786578657865,-0.009719471947194774,-0.2617491749174916,-0.34944719471947194,-0.12967546754675466,103247.800330033,1.494134855270385
-0.019568206820681944,1.8820159515951596,-0.21822607260726085,-0.2357178217821782,-0.7865786578657865,-0.009719471947194774,-0.2717491749174916,-0.34944719471947194,-0.12967546754675466,102188.800330033,1.4974445819854765
0.0304317931793181,1.8520159515951593,-0.21822607260726085,-0.24571782178217821,-0.8065786578657865,-0.019719471947194783,-0.2717491749174916,-0.35944719471947195,-0.11967546754675466,101553.800330033,1.5019428253173857
0.06043179317931813,1.8420159515951595,-0.23822607260726086,-0.2157178217821782,-0.7865786578657865,-0.009719471947194774,-0.2717491749174916,-0.35944719471947195,-0.11967546754675466,102218.800330033,1.5019428253173857
0.10043179317931794,1.8320159515951593,-0.23822607260726086,-0.24571782178217821,-0.7965786578657865,-0.009719471947194774,-0.23174917491749158,-0.36944719471947196,-0.11967546754675466,101989.800330033,1.5054621219635003
0.15043179317931799,1.7920159515951593,-0.23822607260726086,-0.2157178217821782,-0.8165786578657865,-0.029719471947194778,-0.23174917491749158,-0.35944719471947195,-0.10967546754675467,101164.800330033,1.510208320617675
0.19043179317931802,1.7720159515951592,-0.24822607260726087,-0.2657178217821782,-0.8165786578657865,-0.03971947194719477,-0.2417491749174916,-0.35944719471947195,-0.11967546754675466,100815.800330033,1.5142302036285393
0.22043179317931805,1.7420159515951594,-0.24822607260726087,-0.24571782178217821,-0.8265786578657865,-0.03971947194719477,-0.2417491749174916,-0.35944719471947195,-0.10967546754675467,100774.800330033,1.5142302036285393
0.2604317931793181,1.7120159515951592,-0.24822607260726087,-0.2657178217821782,-0.8265786578657865,-0.029719471947194778,-0.2517491749174916,-0.35944719471947195,-0.10967546754675467,100057.800330033,1.5183608055114775
0.3004317931793181,1.6820159515951594,-0.24822607260726087,-0.24571782178217821,-0.8165786578657865,-0.029719471947194778,-0.2717491749174916,-0.34944719471947194,-0.09967546754675466,99576.800330033,1.5222455978393548
0.35043179317931794,1.6520159515951596,-0.2582260726072608,-0.25571782178217817,-0.8265786578657865,-0.019719471947194783,-0.30174917491749154,-0.34944719471947194,-0.09967546754675466,99923.800330033,1.5264079093933098
0.390431793179318,1.6120159515951595,-0.24822607260726087,-0.2157178217821782,-0.8165786578657865,-0.019719471947194783,-0.2917491749174915,-0.33944719471947193,-0.09967546754675466,99740.800330033,1.5297164440155058
0.430431793179318,1.5720159515951595,-0.24822607260726087,-0.18571782178217822,-0.8165786578657865,-0.009719471947194774,-0.31174917491749154,-0.34944719471947194,-0.08967546754675466,100033.800330033,1.5304312229156487
0.48043179317931806,1.5420159515951593,-0.24822607260726087,-0.2357178217821782,-0.8165786578657865,-0.029719471947194778,-0.34174917491749157,-0.34944719471947194,-0.08967546754675466,100582.800330033,1.5339698314666776
0.5104317931793181,1.5120159515951594,-0.24822607260726087,-0.2157178217821782,-0.7965786578657865,-0.029719471947194778,-0.3517491749174916,-0.34944719471947194,-0.08967546754675466,100955.800330033,1.538563680648803
0.5404317931793181,1.4720159515951594,-0.24822607260726087,-0.19571782178217817,-0.7965786578657865,0.0002805280528052345,-0.3617491749174916,-0.34944719471947194,-0.08967546754675466,101044.800330033,1.5418395519256585
0.5804317931793181,1.4320159515951594,-0.23822607260726086,-0.18571782178217822,-0.7965786578657865,-0.019719471947194783,-0.39174917491749156,-0.35944719471947195,-0.08967546754675466,101727.800330033,1.5425307273864775
0.610431793179318,1.4120159515951594,-0.22822607260726085,-0.19571782178217817,-0.7965786578657865,-0.019719471947194783,-0.3717491749174916,-0.35944719471947195,-0.08967546754675466,102632.800330033,1.5465306758880608
0.640431793179318,1.3820159515951596,-0.23822607260726086,-0.19571782178217817,-0.7965786578657865,-0.019719471947194783,-0.3817491749174916,-0.35944719471947195,-0.08967546754675466,103479.800330033,1.5506340980529778
0.670431793179318,1.3520159515951593,-0.22822607260726085,-0.18571782178217822,-0.7865786578657865,-0.019719471947194783,-0.3717491749174916,-0.35944719471947195,-0.07967546754675467,104030.800330033,1.554774475097652
0.700431793179318,1.3220159515951595,-0.22822607260726085,-0.14571782178217818,-0.7865786578657865,-0.019719471947194783,-0.39174917491749156,-0.37944719471947197,-0.08967546754675466,104181.800330033,1.5558490276336627
0.720431793179318,1.3020159515951595,-0.22822607260726085,-0.14571782178217818,-0.7765786578657865,-0.009719471947194774,-0.40174917491749157,-0.37944719471947197,-0.08967546754675466,104626.800330033,1.5590214252471917
0.7504317931793181,1.2720159515951592,-0.22822607260726085,-0.12571782178217822,-0.7765786578657865,-0.009719471947194774,-0.40174917491749157,-0.37944719471947197,-0.08967546754675466,105585.800330033,1.5630208969116204
0.7704317931793181,1.2520159515951592,-0.22822607260726085,-0.14571782178217818,-0.7765786578657865,-0.009719471947194774,-0.4117491749174916,-0.389447194719472,-0.07967546754675467,106080.800330033,1.566996526718139
0.7904317931793181,1.2320159515951592,-0.21822607260726085,-0.11571782178217821,-0.7765786578657865,0.0002805280528052345,-0.3817491749174916,-0.37944719471947197,-0.08967546754675466,106895.800330033,1.5680217266082792
0.8104317931793181,1.2120159515951592,-0.21822607260726085,-0.11571782178217821,-0.7665786578657865,0.020280528052805225,-0.3817491749174916,-0.36944719471947196,-0.08967546754675466,107920.800330033,1.5710210323333733
0.8404317931793182,1.1920159515951596,-0.21822607260726085,-0.08571782178217818,-0.7665786578657865,0.010280528052805216,-0.39174917491749156,-0.37944719471947197,-0.07967546754675467,108385.800330033,1.5761866092681878
0.8504317931793179,1.1720159515951596,-0.20822607260726084,-0.09571782178217819,-0.7565786578657865,0.010280528052805216,-0.3817491749174916,-0.399447194719472,-0.07967546754675467,108786.800330033,1.5797125816345208
0.8504317931793179,1.1620159515951594,-0.19822607260726088,-0.1057178217821782,-0.7565786578657865,0.020280528052805225,-0.3817491749174916,-0.399447194719472,-0.07967546754675467,109329.800330033,1.5797125816345208
0.870431793179318,1.1420159515951593,-0.19822607260726088,-0.08571782178217818,-0.7465786578657865,0.030280528052805233,-0.40174917491749157,-0.389447194719472,-0.07967546754675467,110180.800330033,1.5829550743103056
0.880431793179318,1.1120159515951595,-0.18822607260726087,-0.05571782178217821,-0.7465786578657865,0.040280528052805215,-0.4117491749174916,-0.399447194719472,-0.07967546754675467,111085.800330033,1.5869705200195305
0.890431793179318,1.0920159515951595,-0.18822607260726087,-0.015717821782178176,-0.7465786578657865,0.030280528052805233,-0.40174917491749157,-0.389447194719472,-0.06967546754675466,111348.800330033,1.5909747600555413
0.920431793179318,1.0720159515951595,-0.17822607260726087,0.0042821782178218415,-0.7365786578657865,0.040280528052805215,-0.39174917491749156,-0.389447194719472,-0.06967546754675466,111739.800330033,1.5949661254882805
0.920431793179318,1.0620159515951593,-0.17822607260726087,0.0042821782178218415,-0.7265786578657865,0.040280528052805215,-0.39174917491749156,-0.37944719471947197,-0.05967546754675465,112156.800330033,1.5963162899017327
0.930431793179318,1.0420159515951593,-0.16822607260726086,-0.025717821782178185,-0.7065786578657864,0.040280528052805215,-0.3817491749174916,-0.389447194719472,-0.05967546754675465,112533.800330033,1.5993139266967766
0.940431793179318,1.0320159515951595,-0.15822607260726085,-0.07571782178217817,-0.6965786578657865,0.030280528052805233,-0.39174917491749156,-0.36944719471947196,-0.04967546754675467,113062.800330033,1.6036207199096673
0.960431793179318,1.0120159515951594,-0.15822607260726085,-0.07571782178217817,-0.6965786578657865,0.05028052805280522,-0.39174917491749156,-0.36944719471947196,-0.04967546754675467,113427.800330033,1.6076423645019524
0.970431793179318,1.0020159515951592,-0.14822607260726084,-0.1757178217821782,-0.6865786578657865,0.08028052805280522,-0.39174917491749156,-0.37944719471947197,-0.03967546754675466,113650.800330033,1.6076423645019524
0.9804317931793178,0.9920159515951594,-0.14822607260726084,-0.1657178217821782,-0.6565786578657865,0.09028052805280523,-0.3717491749174916,-0.37944719471947197,-0.029675467546754652,113971.800330033,1.6116282463073688
0.9904317931793181,0.9820159515951592,-0.13822607260726089,-0.19571782178217817,-0.5865786578657864,0.09028052805280523,-0.39174917491749156,-0.37944719471947197,-0.029675467546754652,113890.800330033,1.615878534317016
0.9904317931793181,0.9720159515951594,-0.13822607260726089,-0.1757178217821782,-0.5565786578657865,0.10028052805280521,-0.4117491749174916,-0.389447194719472,-0.029675467546754652,113725.800330033,1.6199872016906767
1.0004317931793179,0.9620159515951592,-0.12822607260726088,-0.1757178217821782,-0.5165786578657865,0.11028052805280522,-0.40174917491749157,-0.399447194719472,-0.029675467546754652,113488.800330033,1.6210875034332268
1.010431793179318,0.9420159515951596,-0.12822607260726088,-0.2157178217821782,-0.47657865786578646,0.07028052805280521,-0.4317491749174916,-0.399447194719472,-0.029675467546754652,113895.800330033,1.6241123199462884
1.010431793179318,0.9320159515951594,-0.11822607260726087,-0.19571782178217817,-0.4265786578657865,0.09028052805280523,-0.4117491749174916,-0.419447194719472,-0.03967546754675466,113668.800330033,1.6291131496429436
1.010431793179318,0.9120159515951594,-0.09822607260726085,-0.2257178217821782,-0.3865786578657865,0.06028052805280523,-0.40174917491749157,-0.389447194719472,-0.029675467546754652,113139.800330033,1.6323523044586175
1.0004317931793179,0.9120159515951594,-0.09822607260726085,-0.2357178217821782,-0.33657865786578645,0.08028052805280522,-0.4117491749174916,-0.409447194719472,-0.029675467546754652,113110.800330033,1.6323523044586175
1.010431793179318,0.8920159515951593,-0.08822607260726084,-0.2257178217821782,-0.2965786578657865,0.09028052805280523,-0.4117491749174916,-0.409447194719472,-0.01967546754675467,112763.800330033,1.6363653659820514
1.030431793179318,0.8620159515951595,-0.06822607260726088,-0.2257178217821782,-0.21657865786578645,0.10028052805280521,-0.4117491749174916,-0.399447194719472,-0.029675467546754652,112214.800330033,1.6414637088775628
1.030431793179318,0.8420159515951595,-0.06822607260726088,-0.20571782178217818,-0.1665786578657864,0.13028052805280524,-0.40174917491749157,-0.37944719471947197,-0.01967546754675467,112363.800330033,1.6444627761840813
1.030431793179318,0.8220159515951595,-0.04822607260726086,-0.1757178217821782,-0.09657865786578657,0.13028052805280524,-0.3817491749174916,-0.35944719471947195,-0.01967546754675467,112232.800330033,1.6444627761840813
1.0404317931793179,0.8020159515951595,-0.03822607260726085,-0.1657178217821782,-0.03657865786578651,0.12028052805280523,-0.3617491749174916,-0.35944719471947195,-0.029675467546754652,111951.800330033,1.6484643936157184
1.0404317931793179,0.7920159515951593,-0.028226072607260844,-0.1757178217821782,-0.006578657865786486,0.13028052805280524,-0.3717491749174916,-0.34944719471947194,-0.01967546754675467,112246.800330033,1.6534642696380608
1.0504317931793181,0.7720159515951592,-0.01822607260726089,-0.20571782178217818,0.07342134213421359,0.17028052805280522,-0.34174917491749157,-0.34944719471947194,-0.01967546754675467,112197.800330033,1.6566366672515827
1.0504317931793181,0.7320159515951592,0.0017739273927391275,-0.14571782178217818,0.13342134213421342,0.19028052805280524,-0.3517491749174916,-0.33944719471947193,-0.01967546754675467,111850.800330033,1.6576330184936516
1.060431793179318,0.7220159515951594,0.011773927392739136,-0.13571782178217817,0.18342134213421346,0.19028052805280524,-0.34174917491749157,-0.32944719471947204,-0.009675467546754662,110969.800330033,1.6608442783355706
1.080431793179318,0.6920159515951594,0.021773927392739145,-0.12571782178217822,0.2334213421342135,0.23028052805280522,-0.31174917491749154,-0.299447194719472,-0.009675467546754662,109976.800330033,1.6660232067108112
1.0704317931793181,0.6720159515951594,0.04177392739273916,-0.09571782178217819,0.30342134213421357,0.23028052805280522,-0.2717491749174916,-0.289447194719472,-0.009675467546754662,109201.800330033,1.6697856903076165
1.100431793179318,0.6320159515951593,0.06177392739273918,-0.09571782178217819,0.3834213421342134,0.2502805280528052,-0.2717491749174916,-0.279447194719472,0.0003245324532453464,108716.800330033,1.6728646278381305
1.0904317931793182,0.6220159515951593,0.07177392739273919,-0.07571782178217817,0.43342134213421346,0.2702805280528052,-0.2617491749174916,-0.279447194719472,0.0003245324532453464,107891.800330033,1.6737858772277825
1.080431793179318,0.6120159515951593,0.08177392739273909,-0.08571782178217818,0.5434213421342136,0.2702805280528052,-0.28174917491749163,-0.269447194719472,0.010324532453245328,106936.800330033,1.6778094291687005
1.060431793179318,0.6020159515951593,0.1017739273927391,-0.0457178217821782,0.6034213421342136,0.30028052805280525,-0.2917491749174915,-0.279447194719472,0.010324532453245328,105823.800330033,1.681799364089965
1.0404317931793179,0.6120159515951593,0.12177392739273912,0.0042821782178218415,0.5934213421342136,0.31028052805280526,-0.30174917491749154,-0.269447194719472,0.010324532453245328,105174.800330033,1.6857013225555413
1.0004317931793179,0.6120159515951593,0.13177392739273913,0.044282178217821766,0.6834213421342135,0.32028052805280527,-0.2917491749174915,-0.289447194719472,0.0003245324532453464,104743.800330033,1.6867527484893792
0.970431793179318,0.6220159515951593,0.15177392739273915,0.054282178217821775,0.7734213421342135,0.3402805280528052,-0.31174917491749154,-0.289447194719472,0.010324532453245328,103028.800330033,1.6897377490997307
0.930431793179318,0.6320159515951593,0.17177392739273917,0.11428217821782183,0.7634213421342133,0.3802805280528052,-0.2917491749174915,-0.299447194719472,0.010324532453245328,101691.800330033,1.6937384128570514
0.910431793179318,0.6520159515951593,0.18177392739273918,0.12428217821782184,0.7634213421342133,0.3902805280528052,-0.28174917491749163,-0.299447194719472,0.0003245324532453464,100492.800330033,1.6981002807617216
0.8504317931793179,0.6520159515951593,0.20177392739273908,0.17428217821782177,0.7934213421342136,0.3902805280528052,-0.2917491749174915,-0.279447194719472,0.010324532453245328,99491.800330033,1.699245882034301
0.8404317931793182,0.6620159515951594,0.2117739273927391,0.2042821782178218,0.8134213421342136,0.40028052805280523,-0.2917491749174915,-0.299447194719472,0.0003245324532453464,98542.800330033,1.7023014545440667
0.8304317931793181,0.6320159515951593,0.2217739273927391,0.28428217821782176,0.8534213421342136,0.40028052805280523,-0.23174917491749158,-0.33944719471947193,-0.009675467546754662,97363.800330033,1.706320238113399
0.7904317931793181,0.6620159515951594,0.2517739273927391,0.3042821782178218,0.8434213421342134,0.40028052805280523,-0.2517491749174916,-0.309447194719472,0.0003245324532453464,95618.800330033,1.7103228092193596
0.7304317931793181,0.6620159515951594,0.27177392739273915,0.3242821782178218,0.8834213421342134,0.40028052805280523,-0.2417491749174916,-0.33944719471947193,0.0003245324532453464,94657.800330033,1.7113465785980218
0.690431793179318,0.6820159515951594,0.29177392739273916,0.36428217821782183,0.9234213421342135,0.41028052805280524,-0.23174917491749158,-0.34944719471947194,0.0003245324532453464,93566.800330033,1.7143077373504632
0.670431793179318,0.6820159515951594,0.30177392739273917,0.40428217821782175,0.9434213421342135,0.41028052805280524,-0.23174917491749158,-0.319447194719472,0.010324532453245328,92355.800330033,1.718891811370849
0.640431793179318,0.6820159515951594,0.3217739273927392,0.4842821782178218,0.9334213421342137,0.40028052805280523,-0.21174917491749157,-0.32944719471947204,0.0003245324532453464,91138.800330033,1.7221695899963372
0.610431793179318,0.6820159515951594,0.3217739273927392,0.5242821782178219,0.9334213421342137,0.41028052805280524,-0.2517491749174916,-0.34944719471947194,0.0003245324532453464,89833.800330033,1.7232405662536614
0.5904317931793182,0.6820159515951594,0.3417739273927391,0.5642821782178219,0.9534213421342137,0.40028052805280523,-0.28174917491749163,-0.35944719471947195,-0.009675467546754662,89350.800330033,1.7272500514984088
0.5504317931793181,0.6820159515951594,0.3417739273927391,0.6242821782178217,0.9334213421342137,0.40028052805280523,-0.2517491749174916,-0.34944719471947194,-0.009675467546754662,88905.800330033,1.731662702560424
0.49043179317931807,0.7120159515951592,0.3617739273927391,0.7042821782178218,0.9034213421342134,0.3902805280528052,-0.2717491749174916,-0.37944719471947197,-0.009675467546754662,87984.800330033,1.7357124805450432
0.47043179317931805,0.6920159515951594,0.3717739273927391,0.7742821782178219,0.8834213421342134,0.3802805280528052,-0.23174917491749158,-0.389447194719472,0.0003245324532453464,87171.800330033,1.738695812225341
0.45043179317931803,0.6820159515951594,0.39177392739273914,0.8242821782178219,0.8834213421342134,0.3702805280528052,-0.28174917491749163,-0.419447194719472,-0.009675467546754662,86222.800330033,1.738695812225341
0.410431793179318,0.6820159515951594,0.41177392739273916,0.8642821782178217,0.8834213421342134,0.3802805280528052,-0.28174917491749163,-0.409447194719472,-0.01967546754675467,86053.800330033,1.7437121391296415
0.390431793179318,0.6820159515951594,0.41177392739273916,0.9142821782178218,0.8534213421342136,0.3702805280528052,-0.2917491749174915,-0.43944719471947197,-0.029675467546754652,85764.800330033,1.7471010208129876
0.36043179317931795,0.6720159515951594,0.4317739273927392,0.9742821782178218,0.8234213421342134,0.3502805280528052,-0.32174917491749155,-0.469447194719472,-0.029675467546754652,85365.800330033,1.7510849952697711
0.34043179317931815,0.6720159515951594,0.4517739273927391,1.0242821782178217,0.8134213421342136,0.33028052805280517,-0.28174917491749163,-0.449447194719472,-0.029675467546754652,84726.800330033,1.7510849952697711
0.32043179317931814,0.6520159515951593,0.4617739273927391,1.0842821782178218,0.7934213421342136,0.33028052805280517,-0.32174917491749155,-0.49944719471947197,-0.04967546754675467,84023.800330033,1.7553410053253202
0.32043179317931814,0.6620159515951594,0.4617739273927391,1.1242821782178218,0.7834213421342133,0.32028052805280527,-0.28174917491749163,-0.509447194719472,-0.04967546754675467,83736.800330033,1.7598828792572014
0.2804317931793181,0.6420159515951593,0.4517739273927391,1.184282178217822,0.7634213421342133,0.31028052805280526,-0.31174917491749154,-0.5694471947194719,-0.06967546754675466,83365.800330033,1.763109874725341
0.2804317931793181,0.6420159515951593,0.4517739273927391,1.2342821782178217,0.7434213421342133,0.30028052805280525,-0.32174917491749155,-0.5994471947194719,-0.07967546754675467,82592.800330033,1.763910245895385
0.2604317931793181,0.6220159515951593,0.4617739273927391,1.284282178217822,0.7134213421342135,0.29028052805280524,-0.32174917491749155,-0.609447194719472,-0.08967546754675466,82595.800330033,1.7678887367248528
0.22043179317931805,0.6320159515951593,0.4817739273927391,1.3342821782178218,0.6934213421342135,0.29028052805280524,-0.30174917491749154,-0.649447194719472,-0.08967546754675466,83000.800330033,1.7723080635070794
0.21043179317931804,0.6320159515951593,0.4917739273927391,1.3542821782178218,0.6634213421342134,0.28028052805280523,-0.3517491749174916,-0.679447194719472,-0.10967546754675467,82801.800330033,1.775922489166259
0.20043179317931803,0.6320159515951593,0.4817739273927391,1.4042821782178216,0.6534213421342134,0.2702805280528052,-0.31174917491749154,-0.689447194719472,-0.10967546754675467,82802.800330033,1.7769309997558587
0.22043179317931805,0.6120159515951593,0.4617739273927391,1.434282178217822,0.6534213421342134,0.2502805280528052,-0.3617491749174916,-0.739447194719472,-0.11967546754675466,83005.800330033,1.7802927017211907
0.22043179317931805,0.5820159515951593,0.4517739273927391,1.4742821782178215,0.6334213421342134,0.24028052805280523,-0.3717491749174916,-0.759447194719472,-0.12967546754675466,83244.800330033,1.7832974910736077
0.20043179317931803,0.5720159515951595,0.4617739273927391,1.4942821782178215,0.6234213421342134,0.23028052805280522,-0.3517491749174916,-0.769447194719472,-0.11967546754675466,83783.800330033,1.7877678394317584
0.21043179317931804,0.5320159515951595,0.4717739273927391,1.5242821782178217,0.6134213421342134,0.23028052805280522,-0.40174917491749157,-0.799447194719472,-0.13967546754675467,84758.800330033,1.7888063907623284
0.20043179317931803,0.5320159515951595,0.4617739273927391,1.5442821782178218,0.6034213421342136,0.2202805280528052,-0.4117491749174916,-0.789447194719472,-0.13967546754675467,85995.800330033,1.7918264389038079
0.21043179317931804,0.5320159515951595,0.4417739273927392,1.5742821782178216,0.5934213421342136,0.2202805280528052,-0.46174917491749157,-0.819447194719472,-0.13967546754675467,86560.800330033,1.797017049789428
0.20043179317931803,0.5220159515951595,0.4417739273927392,1.6142821782178216,0.5734213421342136,0.2202805280528052,-0.39174917491749156,-0.809447194719472,-0.13967546754675467,86575.800330033,1.8010165214538567
0.20043179317931803,0.5120159515951594,0.4517739273927391,1.6242821782178218,0.5434213421342136,0.23028052805280522,-0.39174917491749156,-0.799447194719472,-0.12967546754675466,87096.800330033,1.8010165214538567
0.160431793179318,0.49201595159515943,0.4817739273927391,1.6542821782178216,0.5234213421342135,0.2202805280528052,-0.3817491749174916,-0.799447194719472,-0.12967546754675466,88459.800330033,1.8045060157775872
0.14043179317931798,0.49201595159515943,0.4817739273927391,1.684282178217822,0.5034213421342135,0.2202805280528052,-0.3517491749174916,-0.779447194719472,-0.10967546754675467,89206.800330033,1.8089012622833245
0.12043179317931796,0.4520159515951594,0.4917739273927391,1.7142821782178217,0.4834213421342135,0.2102805280528052,-0.39174917491749156,-0.799447194719472,-0.13967546754675467,89945.800330033,1.8135356426239007
0.11043179317931795,0.4420159515951594,0.4917739273927391,1.7242821782178215,0.4734213421342135,0.2202805280528052,-0.33174917491749156,-0.789447194719472,-0.12967546754675466,90770.800330033,1.816891145706176
0.10043179317931794,0.4720159515951594,0.4917739273927391,1.7342821782178217,0.4534213421342135,0.23028052805280522,-0.32174917491749155,-0.789447194719472,-0.10967546754675467,91215.800330033,1.816891145706176
0.10043179317931794,0.4620159515951594,0.5117739273927391,1.7442821782178215,0.44342134213421347,0.23028052805280522,-0.3717491749174916,-0.789447194719472,-0.11967546754675466,92236.800330033,1.8219820976257317
0.07043179317931814,0.4520159515951594,0.5117739273927391,1.7542821782178217,0.44342134213421347,0.24028052805280523,-0.3617491749174916,-0.799447194719472,-0.11967546754675466,92989.800330033,1.82521743774414
0.06043179317931813,0.4320159515951594,0.5317739273927391,1.7642821782178215,0.43342134213421346,0.24028052805280523,-0.31174917491749154,-0.799447194719472,-0.11967546754675466,93420.800330033,1.8292781829834013
0.06043179317931813,0.42201595159515937,0.5317739273927391,1.7642821782178215,0.41342134213421344,0.24028052805280523,-0.3617491749174916,-0.799447194719472,-0.12967546754675466,94089.800330033,1.8292781829834013
0.09043179317931815,0.39201595159515934,0.5417739273927391,1.8042821782178216,0.3934213421342134,0.24028052805280523,-0.3617491749174916,-0.789447194719472,-0.11967546754675466,95240.800330033,1.8332869529724114
0.06043179317931813,0.3620159515951593,0.5517739273927391,1.8142821782178218,0.3834213421342134,0.24028052805280523,-0.32174917491749155,-0.799447194719472,-0.10967546754675467,95783.800330033,1.8378300189971917
0.09043179317931815,0.3420159515951593,0.5617739273927391,1.8342821782178218,0.3534213421342136,0.2502805280528052,-0.33174917491749156,-0.799447194719472,-0.10967546754675467,96168.800330033,1.8409416198730497
0.08043179317931815,0.3020159515951595,0.5617739273927391,1.8642821782178216,0.3234213421342136,0.2602805280528052,-0.3617491749174916,-0.809447194719472,-0.11967546754675466,96889.800330033,1.8419992446899407
0.06043179317931813,0.3220159515951595,0.5617739273927391,1.8742821782178218,0.30342134213421357,0.2602805280528052,-0.2917491749174915,-0.799447194719472,-0.10967546754675467,97804.800330033,1.8460103988647454
0.08043179317931815,0.2920159515951595,0.5817739273927391,1.8642821782178216,0.30342134213421357,0.2702805280528052,-0.34174917491749157,-0.809447194719472,-0.10967546754675467,98119.800330033,1.85038776397705
0.08043179317931815,0.28201595159515946,0.6017739273927392,1.8842821782178216,0.28342134213421355,0.2702805280528052,-0.2917491749174915,-0.799447194719472,-0.09967546754675466,98198.800330033,1.8533966064453118
0.10043179317931794,0.26201595159515945,0.5917739273927392,1.9042821782178216,0.26342134213421353,0.2702805280528052,-0.30174917491749154,-0.809447194719472,-0.07967546754675467,98803.800330033,1.8544404029846184
0.08043179317931815,0.26201595159515945,0.5817739273927391,1.9142821782178219,0.2534213421342135,0.2702805280528052,-0.2917491749174915,-0.809447194719472,-0.07967546754675467,99210.800330033,1.8574923992156975
0.09043179317931815,0.2920159515951595,0.5617739273927391,1.9142821782178219,0.24342134213421351,0.2702805280528052,-0.34174917491749157,-0.819447194719472,-0.11967546754675466,99685.800330033,1.8615972518920891
0.09043179317931815,0.27201595159515946,0.5717739273927391,1.9242821782178217,0.2334213421342135,0.2702805280528052,-0.3617491749174916,-0.8294471947194719,-0.11967546754675466,100104.800330033,1.8655972003936796
0.09043179317931815,0.27201595159515946,0.5517739273927391,1.934282178217822,0.20342134213421348,0.2702805280528052,-0.39174917491749156,-0.8294471947194719,-0.09967546754675466,99987.800330033,1.8665933132171588
0.09043179317931815,0.26201595159515945,0.5417739273927391,1.934282178217822,0.20342134213421348,0.28028052805280523,-0.4317491749174916,-0.8394471947194719,-0.10967546754675467,100410.800330033,1.869594049453731
0.10043179317931794,0.27201595159515946,0.5717739273927391,1.934282178217822,0.20342134213421348,0.28028052805280523,-0.40174917491749157,-0.8394471947194719,-0.11967546754675466,100217.800330033,1.8745944023132317
0.10043179317931794,0.27201595159515946,0.5617739273927391,1.954282178217822,0.16342134213421344,0.29028052805280524,-0.5117491749174916,-0.8494471947194719,-0.11967546754675466,99644.800330033,1.8779470443725614
0.09043179317931815,0.25201595159515944,0.5717739273927391,1.9442821782178217,0.16342134213421344,0.29028052805280524,-0.4817491749174916,-0.8394471947194719,-0.12967546754675466,99763.800330033,1.881986093521121
0.09043179317931815,0.27201595159515946,0.5517739273927391,1.9942821782178215,0.17342134213421345,0.30028052805280525,-0.4917491749174916,-0.719447194719472,-0.08967546754675466,100386.800330033,1.882964086532592
0.09043179317931815,0.26201595159515945,0.5417739273927391,2.0242821782178217,0.13342134213421342,0.30028052805280525,-0.5417491749174916,-0.549447194719472,-0.03967546754675466,100499.800330033,1.8871576309204094
0.09043179317931815,0.26201595159515945,0.5317739273927391,2.0442821782178218,0.10342134213421361,0.31028052805280526,-0.5617491749174917,-0.449447194719472,-0.01967546754675467,101030.800330033,1.8901583671569817
0.08043179317931815,0.26201595159515945,0.5217739273927391,2.0242821782178217,0.1134213421342134,0.32028052805280527,-0.5117491749174916,-0.399447194719472,-0.009675467546754662,101713.800330033,1.894154262542724
0.10043179317931794,0.26201595159515945,0.4917739273927391,2.0342821782178215,0.1134213421342134,0.33028052805280517,-0.5317491749174916,-0.33944719471947193,0.010324532453245328,102016.800330033,1.8951582431793206
0.08043179317931815,0.25201595159515944,0.5017739273927391,2.0342821782178215,0.06342134213421358,0.3402805280528052,-0.5317491749174916,-0.24944719471947197,0.030324532453245345,101553.800330033,1.899171066284179
0.05043179317931812,0.2920159515951595,0.5217739273927391,2.0342821782178215,0.05342134213421357,0.3502805280528052,-0.5417491749174916,-0.18944719471947202,0.030324532453245345,101654.800330033,1.9031705379486077
0.05043179317931812,0.28201595159515946,0.5217739273927391,2.0242821782178217,0.05342134213421357,0.3602805280528052,-0.5117491749174916,-0.13944719471947198,0.060324532453245344,101729.800330033,1.9065992355346673
0.05043179317931812,0.2920159515951595,0.5217739273927391,2.0342821782178215,0.03342134213421355,0.3702805280528052,-0.5217491749174916,-0.09944719471947194,0.040324532453245326,101464.800330033,1.9065992355346673
0.020431793179318092,0.3020159515951595,0.4917739273927391,2.0342821782178215,0.02342134213421354,0.3802805280528052,-0.4817491749174916,-0.05944719471947202,0.07032453245324535,101917.800330033,1.9105100154876702
0.0304317931793181,0.2920159515951595,0.4817739273927391,2.0442821782178218,0.013421342134213532,0.3902805280528052,-0.5017491749174916,0.010552805280528044,0.09032453245324532,101380.800330033,1.9157313823699944
0.010431793179318083,0.3120159515951595,0.4717739273927391,2.0342821782178215,-0.016578657865786495,0.40028052805280523,-0.4817491749174916,0.16055280528052807,0.19032453245324535,101117.800330033,1.9190058231353717
0.00043179317931807404,0.3120159515951595,0.4917739273927391,2.0342821782178215,-0.03657865786578651,0.42028052805280525,-0.4917491749174916,0.28055280528052795,0.20032453245324536,101164.800330033,1.9190058231353717
0.00043179317931807404,0.3020159515951595,0.4917739273927391,2.0042821782178217,-0.006578657865786486,0.42028052805280525,-0.4717491749174916,0.37055280528052803,0.2603245324532454,100929.800330033,1.923005533218383
-0.029568206820681953,0.3020159515951595,0.4817739273927391,2.0042821782178217,-0.006578657865786486,0.43028052805280514,-0.4917491749174916,0.4705528052805281,0.2803245324532453,100250.800330033,1.9271835803985589
-0.009568206820681935,0.28201595159515946,0.4917739273927391,1.9842821782178217,-0.016578657865786495,0.44028052805280515,-0.4717491749174916,0.540552805280528,0.34032453245324534,100033.800330033,1.931383800506591
-0.009568206820681935,0.2920159515951595,0.4917739273927391,1.9642821782178217,-0.03657865786578651,0.46028052805280517,-0.4417491749174916,0.630552805280528,0.3903245324532453,99556.800330033,1.9322010993957512
-0.029568206820681953,0.3120159515951595,0.4717739273927391,1.9442821782178217,-0.026578657865786504,0.4802805280528052,-0.4317491749174916,0.6905528052805281,0.4103245324532453,99017.800330033,1.9355074882507317
-0.03956820682068196,0.3120159515951595,0.4817739273927391,1.9242821782178217,-0.016578657865786495,0.4802805280528052,-0.4217491749174916,0.7705528052805279,0.4203245324532453,99046.800330033,1.9399973869323688
-0.04956820682068197,0.3120159515951595,0.4717739273927391,1.8942821782178219,-0.016578657865786495,0.5002805280528052,-0.40174917491749157,0.830552805280528,0.4403245324532453,98759.800330033,1.9434761524200432
-0.04956820682068197,0.2920159515951595,0.4617739273927391,1.8542821782178218,-0.016578657865786495,0.5102805280528052,-0.3817491749174916,0.9105528052805281,0.48032453245324536,97736.800330033,1.9444849014282255
-0.04956820682068197,0.28201595159515946,0.4717739273927391,1.8542821782178218,-0.016578657865786495,0.5302805280528052,-0.3817491749174916,0.9405528052805281,0.5003245324532453,96915.800330033,1.9486515045166009
-0.05956820682068198,0.26201595159515945,0.4617739273927391,1.8042821782178216,0.02342134213421354,0.5302805280528052,-0.3617491749174916,0.9905528052805279,0.5403245324532453,95794.800330033,1.9526662349700885
-0.04956820682068197,0.27201595159515946,0.4717739273927391,1.7642821782178215,0.03342134213421355,0.5502805280528051,-0.3517491749174916,0.9905528052805279,0.5903245324532453,94721.800330033,1.9561221122741692
-0.03956820682068196,0.25201595159515944,0.4717739273927391,1.7442821782178215,0.03342134213421355,0.5702805280528052,-0.2917491749174915,1.040552805280528,0.5903245324532453,93782.800330033,1.9598934173584013
-0.04956820682068197,0.26201595159515945,0.4417739273927392,1.7242821782178215,0.013421342134213532,0.5702805280528052,-0.2917491749174915,1.070552805280528,0.6303245324532453,93269.800330033,1.9609367370605426
-0.04956820682068197,0.28201595159515946,0.4317739273927392,1.684282178217822,0.02342134213421354,0.5802805280528052,-0.2717491749174916,1.1105528052805278,0.6303245324532453,92346.800330033,1.9649335861206048
-0.03956820682068196,0.27201595159515946,0.4517739273927391,1.6342821782178216,0.05342134213421357,0.6202805280528052,-0.2717491749174916,1.1305528052805278,0.6803245324532453,90667.800330033,1.9683987617492669
-0.06956820682068199,0.2920159515951595,0.4417739273927392,1.5942821782178216,0.0834213421342136,0.6302805280528052,-0.20174917491749156,1.100552805280528,0.7203245324532453,89562.800330033,1.9725067138671868
-0.089568206820682,0.2920159515951595,0.42177392739273917,1.5442821782178218,0.0934213421342136,0.6402805280528052,-0.20174917491749156,1.1505528052805278,0.7603245324532453,88915.800330033,1.9725067138671868
-0.0995682068206819,0.3120159515951595,0.41177392739273916,1.4942821782178215,0.0834213421342136,0.6602805280528052,-0.15174917491749162,1.140552805280528,0.7803245324532453,87856.800330033,1.9765288352966301
-0.089568206820682,0.2920159515951595,0.40177392739273915,1.4942821782178215,0.0934213421342136,0.6802805280528051,-0.14174917491749162,1.1305528052805278,0.8003245324532453,86635.800330033,1.9812931537628167
-0.0995682068206819,0.2920159515951595,0.41177392739273916,1.4042821782178216,0.1134213421342134,0.6902805280528052,-0.1217491749174916,1.160552805280528,0.8203245324532453,85854.800330033,1.9842783927917473
-0.12956820682068193,0.3020159515951595,0.39177392739273914,1.3642821782178216,0.13342134213421342,0.7102805280528052,-0.08174917491749156,1.180552805280528,0.8303245324532453,84701.800330033,1.985277843475341
-0.13956820682068194,0.2920159515951595,0.42177392739273917,1.3142821782178218,0.15342134213421343,0.7102805280528052,-0.051749174917491536,1.180552805280528,0.8403245324532453,83264.800330033,1.98828740119934
-0.13956820682068194,0.3120159515951595,0.40177392739273915,1.264282178217822,0.15342134213421343,0.7302805280528052,-0.04174917491749153,1.230552805280528,0.8303245324532453,82223.800330033,1.9932798862457268
-0.11956820682068192,0.2920159515951595,0.39177392739273914,1.2342821782178217,0.18342134213421346,0.7402805280528052,-0.061749174917491545,1.2405528052805281,0.8503245324532454,80800.800330033,1.996289682388305
-0.13956820682068194,0.3020159515951595,0.42177392739273917,1.204282178217822,0.16342134213421344,0.7702805280528052,-0.03174917491749163,1.2605528052805282,0.8403245324532453,79327.800330033,1.9973015308380084
-0.13956820682068194,0.3120159515951595,0.42177392739273917,1.1542821782178216,0.19342134213421347,0.7602805280528052,-0.011749174917491612,1.2805528052805282,0.8303245324532453,77744.800330033,2.000674676895141
-0.13956820682068194,0.28201595159515946,0.4317739273927392,1.1042821782178218,0.20342134213421348,0.7902805280528052,0.008250825082508406,1.3005528052805282,0.8403245324532453,76513.800330033,2.004952383041381
-0.14956820682068195,0.2920159515951595,0.4317739273927392,1.0642821782178218,0.20342134213421348,0.7902805280528052,0.028250825082508424,1.3205528052805282,0.8203245324532453,75824.800330033,2.008724403381347
-0.16956820682068197,0.3120159515951595,0.4317739273927392,1.0442821782178218,0.2234213421342135,0.7902805280528052,0.05825082508250845,1.330552805280528,0.8103245324532453,75213.800330033,2.009712648391723
-0.17956820682068197,0.3120159515951595,0.4517739273927391,1.034282178217822,0.24342134213421351,0.7802805280528052,0.11825082508250839,1.310552805280528,0.8003245324532453,74736.800330033,2.0139333724975614
-0.17956820682068197,0.3220159515951595,0.4417739273927392,0.9942821782178218,0.24342134213421351,0.7802805280528052,0.15825082508250843,1.3005528052805282,0.8003245324532453,74071.800330033,2.017932844161983
-0.16956820682068197,0.3220159515951595,0.4317739273927392,0.9742821782178218,0.2334213421342135,0.7902805280528052,0.21825082508250848,1.310552805280528,0.7803245324532453,73220.800330033,2.0219301700592034
-0.15956820682068196,0.3320159515951593,0.4317739273927392,0.9242821782178218,0.2534213421342135,0.8002805280528051,0.2582508250825085,1.290552805280528,0.7703245324532453,72663.800330033,2.0219301700592034
-0.16956820682068197,0.3320159515951593,0.4317739273927392,0.8842821782178217,0.27342134213421354,0.7902805280528052,0.33825082508250837,1.2805528052805282,0.7403245324532453,72088.800330033,2.0257410526275628
-0.16956820682068197,0.3120159515951595,0.41177392739273916,0.8742821782178217,0.27342134213421354,0.7902805280528052,0.40825082508250843,1.270552805280528,0.7203245324532453,71477.800330033,2.0294739723205595
-0.15956820682068196,0.28201595159515946,0.42177392739273917,0.8542821782178217,0.30342134213421357,0.7802805280528052,0.42825082508250845,1.2605528052805282,0.7203245324532453,70706.800330033,2.033597183227535
-0.14956820682068195,0.25201595159515944,0.42177392739273917,0.8542821782178217,0.30342134213421357,0.7702805280528052,0.4882508250825085,1.2405528052805281,0.7003245324532453,70143.800330033,2.0375654220581048
-0.13956820682068194,0.24201595159515943,0.4417739273927392,0.8142821782178219,0.3234213421342136,0.7702805280528052,0.5282508250825083,1.250552805280528,0.6703245324532453,70072.800330033,2.0375654220581048
-0.14956820682068195,0.24201595159515943,0.40177392739273915,0.7942821782178219,0.3134213421342136,0.7902805280528052,0.5782508250825084,1.230552805280528,0.6703245324532453,69495.800330033,2.0425650596618645
-0.13956820682068194,0.25201595159515944,0.39177392739273914,0.7842821782178219,0.30342134213421357,0.7902805280528052,0.6082508250825084,1.2205528052805281,0.6503245324532453,68650.800330033,2.04586048126221
-0.15956820682068196,0.24201595159515943,0.40177392739273915,0.7542821782178218,0.30342134213421357,0.7802805280528052,0.6682508250825084,1.200552805280528,0.6303245324532453,68971.800330033,2.0498640060424798
-0.16956820682068197,0.23201595159515942,0.3717739273927391,0.7642821782178219,0.29342134213421356,0.7802805280528052,0.7282508250825085,1.180552805280528,0.6203245324532453,68866.800330033,2.05086178779602
-0.17956820682068197,0.24201595159515943,0.3717739273927391,0.7142821782178218,0.3134213421342136,0.7802805280528052,0.7582508250825085,1.180552805280528,0.6003245324532454,68557.800330033,2.0549995422363274
-0.17956820682068197,0.24201595159515943,0.3717739273927391,0.7042821782178218,0.30342134213421357,0.7702805280528052,0.7982508250825083,1.1705528052805279,0.5903245324532453,68536.800330033,2.058234882354732
-0.18956820682068198,0.23201595159515942,0.3717739273927391,0.7042821782178218,0.30342134213421357,0.7602805280528052,0.8282508250825084,1.160552805280528,0.5703245324532453,68365.800330033,2.0622605800628655
-0.209568206820682,0.24201595159515943,0.3617739273927391,0.7042821782178218,0.3134213421342136,0.7402805280528052,0.8682508250825084,1.140552805280528,0.5503245324532453,68128.800330033,2.0622605800628655
-0.2295682068206819,0.23201595159515942,0.3417739273927391,0.7042821782178218,0.30342134213421357,0.7402805280528052,0.8882508250825084,1.140552805280528,0.5503245324532453,68229.800330033,2.0662765026092487
-0.2295682068206819,0.23201595159515942,0.3317739273927391,0.6942821782178218,0.3134213421342136,0.7402805280528052,0.9382508250825085,1.120552805280528,0.5303245324532453,68688.800330033,2.0703894615173333
-0.24956820682068193,0.2120159515951594,0.3317739273927391,0.6742821782178218,0.30342134213421357,0.7502805280528052,0.9582508250825085,1.1105528052805278,0.5203245324532453,68761.800330033,2.07436819076538
-0.24956820682068193,0.2120159515951594,0.3317739273927391,0.6442821782178217,0.30342134213421357,0.7402805280528052,0.9782508250825085,1.120552805280528,0.5003245324532453,68386.800330033,2.075378370285037
-0.24956820682068193,0.2020159515951594,0.3117739273927392,0.6442821782178217,0.3134213421342136,0.7302805280528052,1.0082508250825084,1.120552805280528,0.49032453245324525,69015.800330033,2.078353834152221
-0.209568206820682,0.16201595159515936,0.3217739273927392,0.6342821782178217,0.3134213421342136,0.7102805280528052,1.0282508250825084,1.100552805280528,0.47032453245324535,69308.800330033,2.0833570480346673
-0.24956820682068193,0.15201595159515935,0.27177392739273915,0.6242821782178217,0.30342134213421357,0.7002805280528052,1.0382508250825082,1.090552805280528,0.47032453245324535,69245.800330033,2.0869144916534417
-0.25956820682068193,0.17201595159515937,0.27177392739273915,0.6042821782178217,0.3134213421342136,0.7102805280528052,1.0682508250825085,1.080552805280528,0.45032453245324533,69666.800330033,2.0869144916534417
-0.2195682068206819,0.15201595159515935,0.28177392739273915,0.5242821782178219,0.3134213421342136,0.7402805280528052,1.0882508250825085,1.080552805280528,0.45032453245324533,69863.800330033,2.0907158374786405
-0.2195682068206819,0.13201595159515933,0.26177392739273914,0.5642821782178219,0.29342134213421356,0.7302805280528052,1.0982508250825083,1.070552805280528,0.4403245324532453,70612.800330033,2.0958597183227567
-0.25956820682068193,0.14201595159515934,0.2517739273927391,0.5542821782178219,0.28342134213421355,0.7202805280528052,1.1182508250825083,1.070552805280528,0.4303245324532453,70995.800330033,2.099893283843997
-0.27956820682068195,0.15201595159515935,0.26177392739273914,0.5342821782178219,0.29342134213421356,0.6902805280528052,1.1482508250825085,1.060552805280528,0.4203245324532453,71566.800330033,2.099893283843997
-0.26956820682068194,0.15201595159515935,0.28177392739273915,0.5142821782178219,0.3134213421342136,0.6702805280528052,1.1482508250825085,1.060552805280528,0.4203245324532453,72303.800330033,2.1039044380188017
-0.25956820682068193,0.11201595159515931,0.27177392739273915,0.5242821782178219,0.29342134213421356,0.6802805280528051,1.1582508250825083,1.060552805280528,0.4103245324532453,72738.800330033,2.1078803062438958
-0.25956820682068193,0.0920159515951593,0.28177392739273915,0.49428217821782183,0.30342134213421357,0.6602805280528052,1.1682508250825085,1.060552805280528,0.4103245324532453,73283.800330033,2.1120790958404534
-0.25956820682068193,0.1020159515951593,0.27177392739273915,0.4842821782178218,0.27342134213421354,0.7002805280528052,1.1782508250825083,1.050552805280528,0.4003245324532453,73858.800330033,2.115374994277957
-0.26956820682068194,0.0920159515951593,0.30177392739273917,0.5042821782178218,0.2534213421342135,0.6902805280528052,1.1882508250825086,1.050552805280528,0.4003245324532453,74251.800330033,2.1161145687103264
-0.27956820682068195,0.08201595159515929,0.30177392739273917,0.49428217821782183,0.2334213421342135,0.6902805280528052,1.1882508250825086,1.050552805280528,0.4003245324532453,74892.800330033,2.1204275608062773
-0.29956820682068197,0.08201595159515929,0.27177392739273915,0.4842821782178218,0.24342134213421351,0.7002805280528052,1.1982508250825084,1.050552805280528,0.4003245324532453,76201.800330033,2.124681663513183
-0.2295682068206819,0.06201595159515949,0.24177392739273912,0.4642821782178218,0.2234213421342135,0.6902805280528052,1.2082508250825086,1.040552805280528,0.3903245324532453,76614.800330033,2.1279816150665276
-0.25956820682068193,0.0920159515951593,0.24177392739273912,0.4842821782178218,0.2134213421342135,0.7102805280528052,1.2082508250825086,1.040552805280528,0.4003245324532453,77499.800330033,2.12883014678955
-0.26956820682068194,0.06201595159515949,0.26177392739273914,0.4742821782178218,0.19342134213421347,0.7002805280528052,1.2082508250825086,1.040552805280528,0.3903245324532453,78168.800330033,2.1318895339965813
-0.25956820682068193,0.08201595159515929,0.27177392739273915,0.4642821782178218,0.18342134213421346,0.7502805280528052,1.2182508250825084,1.040552805280528,0.3903245324532453,78329.800330033,2.1369058609008817
-0.23956820682068192,0.05201595159515948,0.26177392739273914,0.4642821782178218,0.18342134213421346,0.7402805280528052,1.2182508250825084,1.040552805280528,0.3903245324532453,78670.800330033,2.140908193588256
-0.23956820682068192,0.032015951595159464,0.29177392739273916,0.4642821782178218,0.17342134213421345,0.7602805280528052,1.2282508250825086,1.030552805280528,0.3903245324532453,79181.800330033,2.140908193588256
-0.209568206820682,0.04201595159515947,0.29177392739273916,0.4342821782178218,0.16342134213421344,0.7602805280528052,1.2282508250825086,1.030552805280528,0.4003245324532453,79572.800330033,2.144191694259643
-0.209568206820682,0.04201595159515947,0.28177392739273915,0.4442821782178218,0.15342134213421343,0.7402805280528052,1.2182508250825084,1.030552805280528,0.4003245324532453,80045.800330033,2.1485950469970696
-0.18956820682068198,0.012015951595159446,0.29177392739273916,0.42428217821782177,0.16342134213421344,0.7502805280528052,1.2182508250825084,1.030552805280528,0.4003245324532453,80354.800330033,2.152992439270019
-0.18956820682068198,0.022015951595159455,0.28177392739273915,0.4342821782178218,0.14342134213421343,0.7402805280528052,1.2182508250825084,1.040552805280528,0.4003245324532453,80583.800330033,2.152992439270019
-0.18956820682068198,0.032015951595159464,0.28177392739273915,0.41428217821782176,0.14342134213421343,0.7402805280528052,1.2182508250825084,1.030552805280528,0.4103245324532453,81384.800330033,2.1569725990295403
-0.16956820682068197,0.0020159515951594376,0.27177392739273915,0.40428217821782175,0.13342134213421342,0.7402805280528052,1.2082508250825086,1.040552805280528,0.4103245324532453,81593.800330033,2.1609727859497028
-0.16956820682068197,0.0020159515951594376,0.29177392739273916,0.41428217821782176,0.14342134213421343,0.7302805280528052,1.1982508250825084,1.050552805280528,0.4203245324532453,81662.800330033,2.1650390148162835
-0.17956820682068197,-0.02798404840484059,0.30177392739273917,0.40428217821782175,0.12342134213421341,0.7302805280528052,1.1882508250825086,1.060552805280528,0.4103245324532453,81321.800330033,2.1659926891326897
-0.16956820682068197,0.0020159515951594376,0.27177392739273915,0.41428217821782176,0.12342134213421341,0.7402805280528052,1.1782508250825083,1.060552805280528,0.4203245324532453,81812.800330033,2.1694080352783196
-0.18956820682068198,-0.01798404840484058,0.28177392739273915,0.41428217821782176,0.10342134213421361,0.7202805280528052,1.1782508250825083,1.070552805280528,0.4203245324532453,81761.800330033,2.1734151363372796
-0.15956820682068196,-0.007984048404840571,0.30177392739273917,0.40428217821782175,0.1134213421342134,0.7202805280528052,1.1582508250825083,1.080552805280528,0.4203245324532453,81924.800330033,2.1775049686431878
-0.15956820682068196,-0.007984048404840571,0.27177392739273915,0.37428217821782184,0.1134213421342134,0.7202805280528052,1.1482508250825085,1.080552805280528,0.4203245324532453,82101.800330033,2.1784429073333733
-0.15956820682068196,-0.007984048404840571,0.2517739273927391,0.39428217821782185,0.12342134213421341,0.7002805280528052,1.1382508250825083,1.080552805280528,0.4303245324532453,82326.800330033,2.182198476791381
-0.12956820682068193,-0.0379840484048406,0.27177392739273915,0.38428217821782185,0.1134213421342134,0.6602805280528052,1.1282508250825085,1.090552805280528,0.4403245324532453,82755.800330033,2.185528230667117
-0.14956820682068195,-0.04798404840484061,0.28177392739273915,0.38428217821782185,0.10342134213421361,0.6802805280528051,1.1182508250825083,1.090552805280528,0.4403245324532453,82890.800330033,2.189676237106319
-0.13956820682068194,-0.02798404840484059,0.26177392739273914,0.3542821782178218,0.12342134213421341,0.6702805280528052,1.1182508250825083,1.090552805280528,0.45032453245324533,82267.800330033,2.1933087825775175
-0.13956820682068194,-0.0379840484048406,0.28177392739273915,0.3542821782178218,0.1134213421342134,0.6802805280528051,1.1182508250825083,1.100552805280528,0.46032453245324534,82320.800330033,2.1933087825775175
-0.14956820682068195,-0.01798404840484058,0.29177392739273916,0.3442821782178218,0.10342134213421361,0.6802805280528051,1.1082508250825085,1.090552805280528,0.46032453245324534,82221.800330033,2.197992515563964
-0.15956820682068196,-0.01798404840484058,0.28177392739273915,0.3142821782178218,0.10342134213421361,0.6602805280528052,1.0982508250825083,1.090552805280528,0.46032453245324534,82016.800330033,2.201996040344241
-0.15956820682068196,-0.02798404840484059,0.27177392739273915,0.3042821782178218,0.10342134213421361,0.6702805280528052,1.0982508250825083,1.090552805280528,0.46032453245324534,81759.800330033,2.205996704101562
-0.14956820682068195,-0.0379840484048406,0.27177392739273915,0.3142821782178218,0.1134213421342134,0.6502805280528052,1.0982508250825083,1.100552805280528,0.47032453245324535,81906.800330033,2.205996704101562
-0.13956820682068194,-0.0379840484048406,0.26177392739273914,0.28428217821782176,0.12342134213421341,0.6602805280528052,1.0882508250825085,1.100552805280528,0.48032453245324536,82197.800330033,2.209992837905883
-0.14956820682068195,-0.04798404840484061,0.26177392739273914,0.29428217821782177,0.1134213421342134,0.6602805280528052,1.0882508250825085,1.090552805280528,0.48032453245324536,82478.800330033,2.214004707336425
-0.16956820682068197,-0.04798404840484061,0.2517739273927391,0.3042821782178218,0.10342134213421361,0.6602805280528052,1.0882508250825085,1.090552805280528,0.49032453245324525,81717.800330033,2.217940282821651
-0.15956820682068196,-0.0379840484048406,0.28177392739273915,0.3142821782178218,0.1134213421342134,0.6402805280528052,1.0782508250825082,1.090552805280528,0.5003245324532453,81234.800330033,2.2190236568450885
-0.14956820682068195,-0.04798404840484061,0.27177392739273915,0.29428217821782177,0.0934213421342136,0.6502805280528052,1.0682508250825085,1.090552805280528,0.5103245324532453,81533.800330033,2.2220336914062493
-0.14956820682068195,-0.04798404840484061,0.30177392739273917,0.29428217821782177,0.0834213421342136,0.6502805280528052,1.0582508250825082,1.090552805280528,0.5103245324532453,81352.800330033,2.2261821746826165
-0.16956820682068197,-0.0379840484048406,0.29177392739273916,0.28428217821782176,0.10342134213421361,0.6402805280528052,1.0582508250825082,1.090552805280528,0.5103245324532453,80751.800330033,2.2302114486694364
-0.18956820682068198,-0.0379840484048406,0.28177392739273915,0.27428217821782186,0.0934213421342136,0.6402805280528052,1.0482508250825084,1.090552805280528,0.5203245324532453,80882.800330033,2.2311830043792718
-0.199568206820682,-0.02798404840484059,0.27177392739273915,0.26428217821782185,0.0934213421342136,0.6302805280528052,1.0482508250825084,1.090552805280528,0.5303245324532453,80893.800330033,2.2351846218109124
-0.2195682068206819,-0.01798404840484058,0.27177392739273915,0.25428217821782184,0.0934213421342136,0.6102805280528052,1.0382508250825082,1.100552805280528,0.5303245324532453,80564.800330033,2.239184093475341
-0.209568206820682,-0.007984048404840571,0.26177392739273914,0.2142821782178218,0.0834213421342136,0.6402805280528052,1.0182508250825086,1.1105528052805278,0.5403245324532453,80493.800330033,2.2431857109069817
-0.2195682068206819,-0.01798404840484058,0.26177392739273914,0.2142821782178218,0.0834213421342136,0.6302805280528052,1.0082508250825084,1.120552805280528,0.5503245324532453,80398.800330033,2.2431857109069817
-0.24956820682068193,-0.01798404840484058,0.2517739273927391,0.23428217821782182,0.0834213421342136,0.6102805280528052,0.9782508250825085,1.1305528052805278,0.5603245324532453,80079.800330033,2.2465121269226067
-0.25956820682068193,-0.007984048404840571,0.2517739273927391,0.2142821782178218,0.0834213421342136,0.6302805280528052,0.9582508250825085,1.140552805280528,0.5703245324532453,79344.800330033,2.251556587219241
-0.25956820682068193,0.0020159515951594376,0.2517739273927391,0.2142821782178218,0.07342134213421359,0.6302805280528052,0.9382508250825085,1.1505528052805278,0.5803245324532453,78477.800330033,2.2555350780487053
-0.309568206820682,-0.02798404840484059,0.24177392739273912,0.16428217821782176,0.0934213421342136,0.6202805280528052,0.9182508250825084,1.1705528052805279,0.5803245324532453,77514.800330033,2.2555350780487053
-0.26956820682068194,-0.04798404840484061,0.27177392739273915,0.15428217821782175,0.0834213421342136,0.6202805280528052,0.8982508250825084,1.1705528052805279,0.5903245324532453,76781.800330033,2.2585219860076897
-0.26956820682068194,-0.02798404840484059,0.2217739273927391,0.15428217821782175,0.0834213421342136,0.6102805280528052,0.8582508250825084,1.1905528052805279,0.6003245324532454,76124.800330033,2.2635256767272907
-0.319568206820682,-0.02798404840484059,0.2517739273927391,0.15428217821782175,0.0834213421342136,0.6302805280528052,0.8382508250825084,1.2105528052805279,0.6103245324532454,75151.800330033,2.2672214031219475
-0.319568206820682,-0.04798404840484061,0.2517739273927391,0.16428217821782176,0.0934213421342136,0.5802805280528052,0.8282508250825084,1.2105528052805279,0.6103245324532454,74892.800330033,2.2685315132141106
-0.329568206820682,-0.04798404840484061,0.29177392739273916,0.17428217821782177,0.0834213421342136,0.6002805280528052,0.7882508250825083,1.2405528052805281,0.6203245324532453,73801.800330033,2.2715436935424798
-0.329568206820682,-0.0379840484048406,0.27177392739273915,0.11428217821782183,0.0934213421342136,0.6002805280528052,0.7682508250825085,1.250552805280528,0.6303245324532453,72804.800330033,2.2755436420440667
-0.3695682068206819,-0.04798404840484061,0.28177392739273915,0.11428217821782183,0.0934213421342136,0.6202805280528052,0.7382508250825085,1.250552805280528,0.6303245324532453,71555.800330033,2.2795407295227044
-0.309568206820682,-0.04798404840484061,0.26177392739273914,0.12428217821782184,0.0834213421342136,0.6002805280528052,0.7282508250825085,1.270552805280528,0.6403245324532453,70754.800330033,2.2835397243499713
-0.329568206820682,-0.04798404840484061,0.26177392739273914,0.10428217821782182,0.0934213421342136,0.6002805280528052,0.6882508250825085,1.290552805280528,0.6603245324532453,69991.800330033,2.2835397243499713
-0.309568206820682,-0.06798404840484062,0.26177392739273914,0.0842821782178218,0.1134213421342134,0.5702805280528052,0.6582508250825084,1.3005528052805282,0.6703245324532453,69152.800330033,2.2877027511596673
-0.319568206820682,-0.09798404840484065,0.2317739273927391,0.0842821782178218,0.0934213421342136,0.5702805280528052,0.6282508250825084,1.3005528052805282,0.6703245324532453,67733.800330033,2.2917668342590325
-0.3495682068206819,-0.07798404840484063,0.2317739273927391,0.06428217821782178,0.0934213421342136,0.5702805280528052,0.6182508250825084,1.3005528052805282,0.6803245324532453,67016.800330033,2.2961205959320097
-0.3695682068206819,-0.07798404840484063,0.2317739273927391,0.044282178217821766,0.1134213421342134,0.5802805280528052,0.5882508250825084,1.310552805280528,0.7003245324532453,66045.800330033,2.2961205959320097
-0.37956820682068193,-0.08798404840484064,0.2317739273927391,0.03428217821782176,0.1134213421342134,0.5702805280528052,0.5582508250825083,1.310552805280528,0.7103245324532453,65294.800330033,2.3001665592193596
-0.41956820682068197,-0.07798404840484063,0.20177392739273908,0.01428217821782185,0.12342134213421341,0.5402805280528052,0.5382508250825083,1.330552805280528,0.7103245324532453,65087.800330033,2.3046245098114007
-0.40956820682068196,-0.07798404840484063,0.20177392739273908,0.01428217821782185,0.14342134213421343,0.5502805280528051,0.5182508250825085,1.3205528052805282,0.7203245324532453,64400.800330033,2.3086459159851067
-0.41956820682068197,-0.09798404840484065,0.2117739273927391,-0.005717821782178167,0.12342134213421341,0.5302805280528052,0.5082508250825085,1.330552805280528,0.7303245324532454,63381.800330033,2.3086459159851067
-0.40956820682068196,-0.11798404840484067,0.20177392739273908,-0.005717821782178167,0.12342134213421341,0.5002805280528052,0.4882508250825085,1.330552805280528,0.7403245324532453,62962.800330033,2.3127536296844475
-0.39956820682068195,-0.12798404840484068,0.18177392739273918,-0.005717821782178167,0.14342134213421343,0.4902805280528052,0.4682508250825085,1.3205528052805282,0.7403245324532453,62247.800330033,2.3167848110198968
-0.39956820682068195,-0.1379840484048407,0.18177392739273918,-0.005717821782178167,0.14342134213421343,0.5002805280528052,0.4582508250825085,1.330552805280528,0.7503245324532453,61064.800330033,2.3207766532897978
-0.429568206820682,-0.1579840484048407,0.20177392739273908,-0.005717821782178167,0.13342134213421342,0.5202805280528052,0.4582508250825085,1.3205528052805282,0.7503245324532453,60455.800330033,2.321717929840087
-0.37956820682068193,-0.1679840484048407,0.16177392739273916,-0.0457178217821782,0.14342134213421343,0.4902805280528052,0.42825082508250845,1.330552805280528,0.7503245324532453,59926.800330033,2.3246404647827177
-0.38956820682068194,-0.1679840484048407,0.19177392739273919,-0.0457178217821782,0.14342134213421343,0.5002805280528052,0.42825082508250845,1.330552805280528,0.7503245324532453,59351.800330033,2.328840208053588
-0.40956820682068196,-0.1379840484048407,0.19177392739273919,-0.06571782178217822,0.14342134213421343,0.5102805280528052,0.40825082508250843,1.330552805280528,0.7503245324532453,58996.800330033,2.33345456123352
-0.39956820682068195,-0.1379840484048407,0.19177392739273919,-0.035717821782178194,0.14342134213421343,0.5202805280528052,0.3782508250825084,1.3205528052805282,0.7703245324532453,59237.800330033,2.33345456123352
-0.3495682068206819,-0.08798404840484064,0.2117739273927391,-0.025717821782178185,0.16342134213421344,0.4902805280528052,0.3482508250825084,1.330552805280528,0.7903245324532453,58816.800330033,2.3379940509796135
-0.38956820682068194,-0.07798404840484063,0.19177392739273919,-0.09571782178217819,0.18342134213421346,0.4802805280528052,0.31825082508250835,1.3405528052805282,0.8003245324532453,58665.800330033,2.34155888557434
-0.38956820682068194,-0.06798404840484062,0.2217739273927391,-0.05571782178217821,0.18342134213421346,0.4802805280528052,0.29825082508250833,1.3405528052805282,0.8003245324532453,57786.800330033,2.3455509662628167
-0.38956820682068194,-0.07798404840484063,0.2317739273927391,-0.08571782178217818,0.18342134213421346,0.4902805280528052,0.2882508250825083,1.330552805280528,0.8103245324532453,57277.800330033,2.3487987041473346
-0.40956820682068196,-0.04798404840484061,0.2217739273927391,-0.07571782178217817,0.19342134213421347,0.4802805280528052,0.2782508250825083,1.3205528052805282,0.8103245324532453,56590.800330033,2.3495597362518303
-0.39956820682068195,-0.04798404840484061,0.2117739273927391,-0.07571782178217817,0.19342134213421347,0.4702805280528052,0.2582508250825085,1.310552805280528,0.8303245324532453,56615.800330033,2.353533220291137
-0.3695682068206819,-0.057984048404840616,0.2217739273927391,-0.07571782178217817,0.19342134213421347,0.4702805280528052,0.2582508250825085,1.2805528052805282,0.8403245324532453,56774.800330033,2.3575489044189446
-0.3595682068206819,-0.04798404840484061,0.19177392739273919,-0.08571782178217818,0.19342134213421347,0.45028052805280516,0.2682508250825085,1.270552805280528,0.8403245324532453,56797.800330033,2.360653591156005
-0.3495682068206819,-0.07798404840484063,0.17177392739273917,-0.09571782178217819,0.19342134213421347,0.44028052805280515,0.2582508250825085,1.2405528052805281,0.8503245324532454,56872.800330033,2.3616439819335966
-0.3495682068206819,-0.057984048404840616,0.15177392739273915,-0.12571782178217822,0.20342134213421348,0.44028052805280515,0.2582508250825085,1.250552805280528,0.8403245324532453,56553.800330033,2.365280103683471
-0.329568206820682,-0.06798404840484062,0.14177392739273914,-0.12571782178217822,0.20342134213421348,0.42028052805280525,0.2782508250825083,1.2205528052805281,0.8303245324532453,56594.800330033,2.3698336601257317
-0.329568206820682,-0.057984048404840616,0.16177392739273916,-0.09571782178217819,0.20342134213421348,0.40028052805280523,0.2682508250825085,1.200552805280528,0.8403245324532453,57127.800330033,2.373160314559936
-0.3595682068206819,-0.02798404840484059,0.15177392739273915,-0.1657178217821782,0.2234213421342135,0.3702805280528052,0.2782508250825083,1.1705528052805279,0.8403245324532453,57486.800330033,2.3741709709167473
-0.3495682068206819,-0.02798404840484059,0.12177392739273912,-0.1657178217821782,0.2134213421342135,0.3502805280528052,0.2782508250825083,1.140552805280528,0.8503245324532454,57807.800330033,2.3784529685974114
-0.3495682068206819,-0.02798404840484059,0.12177392739273912,-0.1557178217821782,0.2134213421342135,0.3602805280528052,0.2582508250825085,1.140552805280528,0.8403245324532453,58442.800330033,2.3824591159820514
-0.3595682068206819,-0.01798404840484058,0.1017739273927391,-0.1657178217821782,0.2134213421342135,0.3402805280528052,0.2482508250825085,1.1505528052805278,0.8203245324532453,59135.800330033,2.3868150234222405
-0.37956820682068193,-0.01798404840484058,0.11177392739273911,-0.1657178217821782,0.19342134213421347,0.3602805280528052,0.2782508250825083,1.1105528052805278,0.8203245324532453,60066.800330033,2.3868150234222405
-0.38956820682068194,0.032015951595159464,0.08177392739273909,-0.13571782178217817,0.2134213421342135,0.3402805280528052,0.2682508250825085,1.120552805280528,0.8203245324532453,60901.800330033,2.390363645553588
-0.37956820682068193,0.012015951595159446,0.0917739273927391,-0.14571782178217818,0.18342134213421346,0.3902805280528052,0.2582508250825085,1.090552805280528,0.8303245324532453,61222.800330033,2.3946744918823235
-0.40956820682068196,0.022015951595159455,0.1017739273927391,-0.11571782178217821,0.18342134213421346,0.40028052805280523,0.2682508250825085,1.060552805280528,0.8303245324532453,62155.800330033,2.397706699371337
-0.38956820682068194,0.012015951595159446,0.12177392739273912,-0.13571782178217817,0.19342134213421347,0.40028052805280523,0.2782508250825083,1.060552805280528,0.8203245324532453,62632.800330033,2.398705911636352
-0.41956820682068197,0.05201595159515948,0.1017739273927391,-0.12571782178217822,0.19342134213421347,0.43028052805280514,0.2582508250825085,1.030552805280528,0.8203245324532453,63509.800330033,2.4029671669006376
-0.38956820682068194,0.032015951595159464,0.12177392739273912,-0.13571782178217817,0.19342134213421347,0.46028052805280517,0.2682508250825085,0.9905528052805279,0.8303245324532453,63992.800330033,2.4069664001464837
-0.40956820682068196,0.012015951595159446,0.1017739273927391,-0.1657178217821782,0.18342134213421346,0.42028052805280525,0.2682508250825085,0.9705528052805281,0.8403245324532453,65121.800330033,2.411629629135131
-0.38956820682068194,0.0020159515951594376,0.13177392739273913,-0.18571782178217822,0.18342134213421346,0.40028052805280523,0.2782508250825083,0.9705528052805281,0.8303245324532453,66396.800330033,2.411629629135131
-0.41956820682068197,0.022015951595159455,0.1017739273927391,-0.20571782178217818,0.19342134213421347,0.40028052805280523,0.2882508250825083,0.9405528052805281,0.8303245324532453,67619.800330033,2.4146308422088616
-0.39956820682068195,0.04201595159515947,0.11177392739273911,-0.18571782178217822,0.19342134213421347,0.40028052805280523,0.29825082508250833,0.890552805280528,0.8403245324532453,68346.800330033,2.418823432922359
-0.37956820682068193,0.032015951595159464,0.12177392739273912,-0.1657178217821782,0.20342134213421348,0.3802805280528052,0.30825082508250834,0.870552805280528,0.8403245324532453,68901.800330033,2.4224054336547844
-0.40956820682068196,0.05201595159515948,0.12177392739273912,-0.1657178217821782,0.19342134213421347,0.41028052805280524,0.30825082508250834,0.820552805280528,0.8403245324532453,69646.800330033,2.4261188030242913
-0.39956820682068195,0.05201595159515948,0.12177392739273912,-0.1557178217821782,0.2134213421342135,0.3702805280528052,0.2882508250825083,0.810552805280528,0.8403245324532453,70631.800330033,2.4271747589111285
-0.40956820682068196,0.06201595159515949,0.12177392739273912,-0.1657178217821782,0.2134213421342135,0.40028052805280523,0.30825082508250834,0.7705528052805279,0.8703245324532454,71384.800330033,2.4311623096466093
-0.41956820682068197,0.05201595159515948,0.0917739273927391,-0.1757178217821782,0.2334213421342135,0.3402805280528052,0.29825082508250833,0.7505528052805279,0.8603245324532454,72349.800330033,2.4351551055908196
-0.41956820682068197,0.0720159515951595,0.11177392739273911,-0.1657178217821782,0.20342134213421348,0.3702805280528052,0.30825082508250834,0.7505528052805279,0.8603245324532454,72874.800330033,2.4391571998596184
-0.40956820682068196,0.06201595159515949,0.12177392739273912,-0.19571782178217817,0.2234213421342135,0.3702805280528052,0.30825082508250834,0.7105528052805281,0.8603245324532454,73421.800330033,2.440163326263427
-0.40956820682068196,0.0720159515951595,0.14177392739273914,-0.19571782178217817,0.2334213421342135,0.3502805280528052,0.32825082508250836,0.6705528052805281,0.8703245324532454,74592.800330033,2.443155002593997
-0.40956820682068196,0.0720159515951595,0.12177392739273912,-0.20571782178217818,0.2334213421342135,0.3602805280528052,0.33825082508250837,0.6805528052805281,0.8403245324532453,75987.800330033,2.4472350597381585
-0.41956820682068197,0.08201595159515929,0.13177392739273913,-0.2157178217821782,0.2134213421342135,0.3602805280528052,0.3482508250825084,0.6505528052805281,0.8503245324532454,77048.800330033,2.450808238983157
-0.41956820682068197,0.0720159515951595,0.11177392739273911,-0.2157178217821782,0.2234213421342135,0.3502805280528052,0.33825082508250837,0.630552805280528,0.8503245324532454,77501.800330033,2.4518084049224846
-0.429568206820682,0.0720159515951595,0.1017739273927391,-0.2157178217821782,0.2234213421342135,0.3502805280528052,0.33825082508250837,0.620552805280528,0.8403245324532453,77622.800330033,2.455849599838256
-0.439568206820682,0.06201595159515949,0.12177392739273912,-0.20571782178217818,0.2134213421342135,0.3402805280528052,0.31825082508250835,0.630552805280528,0.8403245324532453,78345.800330033,2.45947618484497
-0.439568206820682,0.05201595159515948,0.1017739273927391,-0.2157178217821782,0.19342134213421347,0.3602805280528052,0.32825082508250836,0.610552805280528,0.8203245324532453,79030.800330033,2.4636823654174798
-0.429568206820682,0.05201595159515948,0.1017739273927391,-0.20571782178217818,0.19342134213421347,0.3502805280528052,0.33825082508250837,0.600552805280528,0.8403245324532453,79129.800330033,2.464798164367675
-0.41956820682068197,0.06201595159515949,0.031773927392739154,-0.2257178217821782,0.20342134213421348,0.3502805280528052,0.31825082508250835,0.560552805280528,0.8503245324532454,79546.800330033,2.4678084373474114
-0.439568206820682,0.032015951595159464,0.05177392739273917,-0.2257178217821782,0.17342134213421345,0.33028052805280517,0.30825082508250834,0.560552805280528,0.8203245324532453,79281.800330033,2.472812128067016
-0.449568206820682,0.022015951595159455,0.07177392739273919,-0.24571782178217821,0.20342134213421348,0.29028052805280524,0.31825082508250835,0.540552805280528,0.8203245324532453,79392.800330033,2.4760066986084013
-0.41956820682068197,0.012015951595159446,0.06177392739273918,-0.24571782178217821,0.19342134213421347,0.3402805280528052,0.30825082508250834,0.540552805280528,0.8003245324532453,79723.800330033,2.4768294811248808
-0.4895682068206819,0.022015951595159455,0.05177392739273917,-0.2657178217821782,0.20342134213421348,0.31028052805280526,0.32825082508250836,0.530552805280528,0.7803245324532453,79420.800330033,2.4799763679504387
-0.4695682068206819,0.022015951595159455,0.06177392739273918,-0.2857178217821782,0.20342134213421348,0.33028052805280517,0.30825082508250834,0.5005528052805279,0.7603245324532453,79007.800330033,2.4842102050781243
-0.4695682068206819,0.012015951595159446,0.07177392739273919,-0.25571782178217817,0.19342134213421347,0.3402805280528052,0.29825082508250833,0.5005528052805279,0.7703245324532453,79054.800330033,2.488410663604732
-0.4695682068206819,0.012015951595159446,0.011773927392739136,-0.2657178217821782,0.19342134213421347,0.31028052805280526,0.31825082508250835,0.5005528052805279,0.7403245324532453,78707.800330033,2.4924153804779046
-0.41956820682068197,0.012015951595159446,0.031773927392739154,-0.24571782178217821,0.17342134213421345,0.3402805280528052,0.2782508250825083,0.4505528052805281,0.7503245324532453,78390.800330033,2.4924153804779046
-0.459568206820682,-0.007984048404840571,0.06177392739273918,-0.24571782178217821,0.19342134213421347,0.30028052805280525,0.2482508250825085,0.4905528052805279,0.7503245324532453,77533.800330033,2.496412467956546
-0.429568206820682,-0.0379840484048406,0.05177392739273917,-0.2757178217821782,0.19342134213421347,0.33028052805280517,0.2382508250825085,0.4305528052805281,0.7603245324532453,76446.800330033,2.5004200458526604
-0.459568206820682,-0.057984048404840616,0.05177392739273917,-0.2857178217821782,0.17342134213421345,0.30028052805280525,0.20825082508250847,0.4505528052805281,0.7203245324532453,75319.800330033,2.5046669960022
-0.449568206820682,-0.07798404840484063,0.031773927392739154,-0.3057178217821782,0.19342134213421347,0.28028052805280523,0.2382508250825085,0.4305528052805281,0.6703245324532453,74246.800330033,2.5046669960022
-0.459568206820682,-0.09798404840484065,0.05177392739273917,-0.2857178217821782,0.15342134213421343,0.2602805280528052,0.2282508250825085,0.38055280528052804,0.6503245324532453,73099.800330033,2.5087151050567584
-0.449568206820682,-0.10798404840484066,0.021773927392739145,-0.2857178217821782,0.14342134213421343,0.2502805280528052,0.19825082508250846,0.39055280528052805,0.6503245324532453,72234.800330033,2.5129599094390898
-0.439568206820682,-0.11798404840484067,0.031773927392739154,-0.2857178217821782,0.13342134213421342,0.28028052805280523,0.21825082508250848,0.310552805280528,0.6403245324532453,70773.800330033,2.517447423934936
-0.459568206820682,-0.1579840484048407,0.031773927392739154,-0.2857178217821782,0.13342134213421342,0.2502805280528052,0.17825082508250845,0.310552805280528,0.6303245324532453,69274.800330033,2.517924261093139
-0.449568206820682,-0.1579840484048407,0.0017739273927391275,-0.3357178217821782,0.17342134213421345,0.18028052805280523,0.15825082508250843,0.330552805280528,0.5803245324532453,67547.800330033,2.5209493160247796
-0.449568206820682,-0.1779840484048405,0.0017739273927391275,-0.32571782178217823,0.14342134213421343,0.13028052805280524,0.16825082508250844,0.320552805280528,0.5603245324532453,65646.800330033,2.5257744312286405
-0.459568206820682,-0.1879840484048405,0.031773927392739154,-0.3457178217821782,0.14342134213421343,0.14028052805280525,0.1282508250825084,0.320552805280528,0.5503245324532453,63595.800330033,2.5290662765502887
-0.4695682068206819,-0.1779840484048405,-0.008226072607260881,-0.3457178217821782,0.0934213421342136,0.14028052805280525,0.09825082508250838,0.320552805280528,0.5403245324532453,61526.800330033,2.529792022705081
-0.41956820682068197,-0.21798404840484054,-0.008226072607260881,-0.2157178217821782,0.06342134213421358,0.13028052805280524,0.07825082508250847,0.29055280528052796,0.5103245324532453,59079.800330033,2.533791255950927
-0.429568206820682,-0.23798404840484055,0.011773927392739136,-0.2657178217821782,0.07342134213421359,0.1502805280528052,0.08825082508250837,0.310552805280528,0.47032453245324535,57352.800330033,2.538014125823974
-0.429568206820682,-0.22798404840484054,0.0017739273927391275,-0.2657178217821782,0.07342134213421359,0.1502805280528052,0.06825082508250846,0.310552805280528,0.5003245324532453,55447.800330033,2.5420138359069817
-0.40956820682068196,-0.21798404840484054,-0.028226072607260844,-0.32571782178217823,0.0834213421342136,0.13028052805280524,0.028250825082508424,0.310552805280528,0.45032453245324533,53704.800330033,2.5420138359069817
-0.429568206820682,-0.22798404840484054,-0.04822607260726086,-0.3157178217821782,0.07342134213421359,0.13028052805280524,0.05825082508250845,0.29055280528052796,0.4303245324532453,52329.800330033,2.5460950851440387
-0.429568206820682,-0.22798404840484054,-0.04822607260726086,-0.3357178217821782,0.07342134213421359,0.11028052805280522,0.008250825082508406,0.28055280528052795,0.4403245324532453,50678.800330033,2.550777387619018
-0.459568206820682,-0.22798404840484054,-0.028226072607260844,-0.3157178217821782,0.0834213421342136,0.10028052805280521,0.028250825082508424,0.28055280528052795,0.4103245324532453,49079.800330033,2.5541388511657708
-0.4695682068206819,-0.22798404840484054,-0.11822607260726087,-0.32571782178217823,0.10342134213421361,-0.009719471947194774,0.03825082508250843,0.340552805280528,0.3903245324532453,48468.800330033,2.5582501411438017
-0.549568206820682,-0.19798404840484052,-0.08822607260726084,-0.3957178217821782,0.07342134213421359,0.07028052805280521,-0.14174917491749162,0.310552805280528,0.4203245324532453,47203.800330033,2.5592751026153593
-0.40956820682068196,-0.21798404840484054,0.0017739273927391275,-0.36571782178217815,0.1134213421342134,0.07028052805280521,-0.08174917491749156,0.320552805280528,0.46032453245324534,46318.800330033,2.56227798461914
-0.39956820682068195,-0.19798404840484052,-0.03822607260726085,-0.36571782178217815,0.1134213421342134,0.08028052805280522,-0.04174917491749153,0.350552805280528,0.45032453245324533,44799.800330033,2.5672752380371087
-0.39956820682068195,-0.1879840484048405,-0.008226072607260881,-0.3557178217821782,0.13342134213421342,0.09028052805280523,-0.04174917491749153,0.320552805280528,0.4403245324532453,44182.800330033,2.570498657226562
-0.38956820682068194,-0.1679840484048407,0.011773927392739136,-0.3357178217821782,0.12342134213421341,0.09028052805280523,-0.04174917491749153,0.350552805280528,0.46032453245324534,43733.800330033,2.571275186538692
-0.39956820682068195,-0.1579840484048407,0.0017739273927391275,-0.3457178217821782,0.14342134213421343,0.09028052805280523,-0.02174917491749162,0.340552805280528,0.47032453245324535,42996.800330033,2.5745896816253655
-0.39956820682068195,-0.1379840484048407,0.011773927392739136,-0.3457178217821782,0.13342134213421342,0.08028052805280522,-0.011749174917491612,0.320552805280528,0.45032453245324533,42643.800330033,2.579640340805053
-0.40956820682068196,-0.12798404840484068,0.011773927392739136,-0.3457178217821782,0.15342134213421343,0.08028052805280522,-0.02174917491749162,0.320552805280528,0.46032453245324534,41734.800330033,2.582485389709472
-0.40956820682068196,-0.11798404840484067,-0.008226072607260881,-0.3357178217821782,0.15342134213421343,0.10028052805280521,-0.02174917491749162,0.320552805280528,0.47032453245324535,40945.800330033,2.5830497264862053
-0.40956820682068196,-0.12798404840484068,0.011773927392739136,-0.3557178217821782,0.14342134213421343,0.09028052805280523,-0.011749174917491612,0.30055280528052797,0.46032453245324534,40374.800330033,2.58704228401184
-0.40956820682068196,-0.12798404840484068,0.011773927392739136,-0.3557178217821782,0.14342134213421343,0.08028052805280522,-0.011749174917491612,0.27055280528052794,0.49032453245324525,39789.800330033,2.5916561603546135
-0.39956820682068195,-0.1379840484048407,-0.04822607260726086,-0.3357178217821782,0.15342134213421343,0.08028052805280522,-0.0017491749174916027,0.2505528052805279,0.48032453245324536,38988.800330033,2.595155429840087
-0.41956820682068197,-0.1379840484048407,-0.03822607260726085,-0.3457178217821782,0.16342134213421344,0.06028052805280523,-0.0017491749174916027,0.2505528052805279,0.49032453245324525,38281.800330033,2.596188020706176
-0.41956820682068197,-0.1479840484048407,-0.028226072607260844,-0.3457178217821782,0.14342134213421343,0.07028052805280521,-0.011749174917491612,0.22055280528052812,0.49032453245324525,37310.800330033,2.599232387542724
