-0.4943406593406595,-0.18390934065934073,-0.2343736263736262,-0.30693956043956017,-0.3672719780219782,-0.053370879120879094,-0.26857967032967034,-0.3526510989010988,-0.08842307692307694,61161.89615384616,0.0028504848480217504
-0.4943406593406595,-0.12390934065934078,-0.20437362637362622,-0.28693956043956015,-0.3972719780219781,-0.053370879120879094,-0.25857967032967033,-0.3526510989010988,-0.09842307692307693,61362.89615384616,0.006651592254637961
-0.5343406593406594,-0.11390934065934077,-0.2443736263736262,-0.28693956043956015,-0.3872719780219781,-0.053370879120879094,-0.27857967032967024,-0.3426510989010988,-0.07842307692307693,61313.89615384616,0.006651592254637961
-0.4943406593406595,-0.07390934065934074,-0.1743736263736262,-0.3169395604395602,-0.41727197802197813,-0.043370879120879086,-0.28857967032967025,-0.3726510989010988,-0.06842307692307693,61140.89615384616,0.011063766479487924
-0.5243406593406594,-0.1339093406593408,-0.16437362637362618,-0.2769395604395602,-0.44727197802197816,-0.03337087912087908,-0.2285796703296703,-0.3126510989010988,-0.06842307692307693,61367.89615384616,0.01570720672607706
-0.5143406593406594,-0.08390934065934075,-0.13437362637362615,-0.2669395604395602,-0.42727197802197814,-0.03337087912087908,-0.2285796703296703,-0.3526510989010988,-0.06842307692307693,61668.89615384616,0.018996429443358664
-0.5343406593406594,-0.013909340659340685,-0.16437362637362618,-0.2569395604395602,-0.4672719780219782,-0.03337087912087908,-0.2185796703296703,-0.3426510989010988,-0.06842307692307693,61615.89615384616,0.018996429443358664
-0.5543406593406595,-0.013909340659340685,-0.13437362637362615,-0.2669395604395602,-0.5072719780219781,-0.03337087912087908,-0.2185796703296703,-0.3426510989010988,-0.07842307692307693,61922.89615384616,0.0229773044586139
-0.5243406593406594,-0.0039093406593406765,-0.11437362637362625,-0.23693956043956016,-0.5172719780219781,-0.03337087912087908,-0.20857967032967029,-0.3526510989010988,-0.08842307692307694,62339.89615384616,0.027620983123778586
-0.5243406593406594,0.056090659340659155,-0.0643736263736262,-0.24693956043956017,-0.5172719780219781,-0.03337087912087908,-0.18857967032967027,-0.3526510989010988,-0.06842307692307693,62844.89615384616,0.03166527748107839
-0.5343406593406594,0.06609065934065916,-0.0643736263736262,-0.23693956043956016,-0.5272719780219781,-0.023370879120879096,-0.16857967032967025,-0.3726510989010988,-0.07842307692307693,63301.89615384616,0.03166527748107839
-0.4543406593406595,0.11609065934065921,-0.024373626373626167,-0.2569395604395602,-0.5872719780219782,-0.03337087912087908,-0.16857967032967025,-0.3526510989010988,-0.08842307692307694,63338.89615384616,0.034996461868288975
-0.4943406593406595,0.17609065934065926,-0.034373626373626176,-0.2569395604395602,-0.6072719780219782,-0.03337087912087908,-0.19857967032967028,-0.3526510989010988,-0.08842307692307694,63399.89615384616,0.039945077896121006
-0.5343406593406594,0.2160906593406593,-0.044373626373626185,-0.2569395604395602,-0.5772719780219782,-0.03337087912087908,-0.19857967032967028,-0.3726510989010988,-0.08842307692307694,63302.89615384616,0.04370112419128347
-0.5743406593406595,0.25609065934065933,0.0056263736263737485,-0.2669395604395602,-0.5672719780219782,-0.043370879120879086,-0.20857967032967029,-0.38265109890109883,-0.08842307692307694,63763.89615384616,0.04370112419128347
-0.5243406593406594,0.26609065934065934,-0.014373626373626158,-0.2569395604395602,-0.5272719780219781,-0.023370879120879096,-0.18857967032967027,-0.40265109890109885,-0.08842307692307694,63806.89615384616,0.0477344512939446
-0.5243406593406594,0.31609065934065916,-0.014373626373626158,-0.2669395604395602,-0.5272719780219781,-0.03337087912087908,-0.18857967032967027,-0.39265109890109884,-0.08842307692307694,63505.89615384616,0.05188937187194753
-0.4743406593406595,0.3560906593406592,0.015626373626373757,-0.2669395604395602,-0.4972719780219781,-0.03337087912087908,-0.19857967032967028,-0.39265109890109884,-0.08842307692307694,63104.89615384616,0.05587477684020925
-0.4843406593406595,0.3860906593406592,0.0656263736263738,-0.2769395604395602,-0.5172719780219781,-0.023370879120879096,-0.19857967032967028,-0.3726510989010988,-0.08842307692307694,63113.89615384616,0.05887765884399698
-0.4943406593406595,0.42609065934065926,0.09562637362637383,-0.2569395604395602,-0.5172719780219781,-0.023370879120879096,-0.19857967032967028,-0.3626510989010988,-0.08842307692307694,63224.89615384616,0.05987877845764089
-0.4643406593406595,0.40609065934065924,0.13562637362637375,-0.2669395604395602,-0.5272719780219781,-0.013370879120879087,-0.16857967032967025,-0.40265109890109885,-0.08842307692307694,63407.89615384616,0.06403679847717214
-0.4843406593406595,0.43609065934065927,0.13562637362637375,-0.2669395604395602,-0.5572719780219781,-0.003370879120879078,-0.2185796703296703,-0.39265109890109884,-0.08842307692307694,63384.89615384616,0.06823272705078054
-0.4543406593406595,0.4960906593406593,0.15562637362637377,-0.2769395604395602,-0.5672719780219782,-0.023370879120879096,-0.18857967032967027,-0.41265109890109886,-0.08842307692307694,63023.89615384616,0.07122988700866628
-0.42434065934065945,0.5360906593406594,0.13562637362637375,-0.34693956043956015,-0.5572719780219781,-0.023370879120879096,-0.2285796703296703,-0.39265109890109884,-0.08842307692307694,63274.89615384616,0.07224268913268972
-0.44434065934065947,0.5560906593406592,0.1756263736263738,-0.35693956043956016,-0.5672719780219782,-0.003370879120879078,-0.2285796703296703,-0.4226510989010988,-0.08842307692307694,63277.89615384616,0.07538862228393484
-0.4543406593406595,0.5760906593406592,0.23562637362637384,-0.34693956043956015,-0.5572719780219781,-0.003370879120879078,-0.28857967032967025,-0.4226510989010988,-0.08842307692307694,63162.89615384616,0.08039755821227956
-0.41434065934065945,0.5660906593406592,0.22562637362637383,-0.35693956043956016,-0.5872719780219782,-0.003370879120879078,-0.26857967032967034,-0.4226510989010988,-0.07842307692307693,63183.89615384616,0.0839595317840569
-0.41434065934065945,0.6260906593406592,0.2856263736263738,-0.3769395604395602,-0.5372719780219781,-0.003370879120879078,-0.24857967032967032,-0.4426510989010988,-0.07842307692307693,63072.89615384616,0.0839595317840569
-0.43434065934065946,0.6760906593406593,0.35562637362637384,-0.35693956043956016,-0.5772719780219782,0.006629120879120903,-0.3285796703296703,-0.40265109890109885,-0.07842307692307693,63031.89615384616,0.08854002952575968
-0.40434065934065944,0.6660906593406593,0.3356263736263738,-0.35693956043956016,-0.5972719780219782,0.006629120879120903,-0.27857967032967024,-0.41265109890109886,-0.07842307692307693,62754.89615384616,0.09260601997375417
-0.42434065934065945,0.6660906593406593,0.4156263736263739,-0.36693956043956016,-0.5972719780219782,0.006629120879120903,-0.28857967032967025,-0.41265109890109886,-0.07842307692307693,62947.89615384616,0.09661002159118581
-0.4543406593406595,0.6760906593406593,0.5056263736263737,-0.3869395604395602,-0.6072719780219782,0.006629120879120903,-0.27857967032967024,-0.39265109890109884,-0.06842307692307693,63088.89615384616,0.09661002159118581
-0.43434065934065946,0.6560906593406592,0.5456263736263738,-0.3769395604395602,-0.6072719780219782,0.016629120879120912,-0.28857967032967025,-0.4226510989010988,-0.07842307692307693,62983.89615384616,0.10060019493102956
-0.3843406593406594,0.6260906593406592,0.5956263736263738,-0.3869395604395602,-0.6172719780219782,0.016629120879120912,-0.26857967032967034,-0.4326510989010988,-0.06842307692307693,62684.89615384616,0.10451455116271902
-0.42434065934065945,0.6160906593406592,0.6956263736263737,-0.3869395604395602,-0.6472719780219781,0.016629120879120912,-0.20857967032967029,-0.41265109890109886,-0.05842307692307694,62765.89615384616,0.10886402130126882
-0.40434065934065944,0.6360906593406592,0.7556263736263737,-0.41693956043956015,-0.6672719780219781,0.016629120879120912,-0.27857967032967024,-0.4326510989010988,-0.05842307692307694,62232.89615384616,0.10993905067443777
-0.40434065934065944,0.6160906593406592,0.8256263736263738,-0.42693956043956016,-0.6672719780219781,0.006629120879120903,-0.26857967032967034,-0.41265109890109886,-0.05842307692307694,62579.89615384616,0.11245579719543386
-0.42434065934065945,0.5760906593406592,0.9156263736263739,-0.4769395604395602,-0.6872719780219781,0.016629120879120912,-0.3285796703296703,-0.4326510989010988,-0.04842307692307693,62792.89615384616,0.11751861572265554
-0.42434065934065945,0.5860906593406592,0.9456263736263737,-0.4769395604395602,-0.6972719780219782,0.02662912087912092,-0.30857967032967026,-0.4326510989010988,-0.05842307692307694,62125.89615384616,0.12156314849853089
-0.3943406593406594,0.5260906593406594,1.0456263736263738,-0.4769395604395602,-0.7072719780219782,0.02662912087912092,-0.3485796703296703,-0.4426510989010988,-0.05842307692307694,62114.89615384616,0.12484259605407999
-0.42434065934065945,0.5160906593406593,1.0956263736263738,-0.4669395604395602,-0.6972719780219782,0.0366291208791209,-0.37857967032967027,-0.4326510989010988,-0.04842307692307693,62477.89615384616,0.12556333541870046
-0.42434065934065945,0.4660906593406593,1.185626373626374,-0.4669395604395602,-0.6872719780219781,0.02662912087912092,-0.3285796703296703,-0.4226510989010988,-0.04842307692307693,62262.89615384616,0.12909097671508718
-0.40434065934065944,0.4760906593406593,1.2256263736263737,-0.48693956043956016,-0.7072719780219782,0.0366291208791209,-0.3285796703296703,-0.4326510989010988,-0.038423076923076935,62397.89615384616,0.13381786346435476
-0.3943406593406594,0.4460906593406593,1.2556263736263737,-0.4769395604395602,-0.6972719780219782,0.04662912087912091,-0.28857967032967025,-0.4426510989010988,-0.038423076923076935,62390.89615384616,0.1374315738678007
-0.3843406593406594,0.42609065934065926,1.3056263736263738,-0.48693956043956016,-0.7072719780219782,0.02662912087912092,-0.37857967032967027,-0.4626510989010988,-0.04842307692307693,62329.89615384616,0.1374315738678007
-0.3643406593406595,0.39609065934065923,1.3556263736263738,-0.49693956043956017,-0.7072719780219782,0.0366291208791209,-0.3585796703296703,-0.4626510989010988,-0.04842307692307693,62824.89615384616,0.14120645523071573
-0.40434065934065944,0.3860906593406592,1.3956263736263739,-0.49693956043956017,-0.7172719780219782,0.0366291208791209,-0.4085796703296703,-0.4626510989010988,-0.038423076923076935,62947.89615384616,0.14628071784973073
-0.40434065934065944,0.3560906593406592,1.4456263736263737,-0.4769395604395602,-0.7172719780219782,0.0366291208791209,-0.3485796703296703,-0.4726510989010988,-0.04842307692307693,62956.89615384616,0.14997119903564382
-0.40434065934065944,0.3460906593406592,1.475626373626374,-0.49693956043956017,-0.7272719780219782,0.0366291208791209,-0.3685796703296703,-0.4926510989010988,-0.04842307692307693,63355.89615384616,0.14997119903564382
-0.40434065934065944,0.30609065934065915,1.5456263736263738,-0.5069395604395601,-0.7172719780219782,0.04662912087912091,-0.3485796703296703,-0.4926510989010988,-0.038423076923076935,63456.89615384616,0.15335865020751882
-0.3943406593406594,0.27609065934065935,1.5656263736263738,-0.48693956043956016,-0.7072719780219782,0.04662912087912091,-0.3485796703296703,-0.4726510989010988,-0.038423076923076935,63677.89615384616,0.15835590362548757
-0.3643406593406595,0.25609065934065933,1.5956263736263736,-0.4769395604395602,-0.7072719780219782,0.0366291208791209,-0.3485796703296703,-0.4626510989010988,-0.02842307692307694,64222.89615384616,0.1620394706726067
-0.3743406593406595,0.2260906593406593,1.6156263736263736,-0.48693956043956016,-0.6972719780219782,0.04662912087912091,-0.3685796703296703,-0.4826510989010988,-0.038423076923076935,64841.89615384616,0.16290397644042898
-0.3643406593406595,0.19609065934065928,1.6556263736263737,-0.4769395604395602,-0.6972719780219782,0.04662912087912091,-0.3385796703296703,-0.4726510989010988,-0.038423076923076935,65256.89615384616,0.1663553237915032
-0.3443406593406595,0.16609065934065925,1.685626373626374,-0.5069395604395601,-0.6872719780219781,0.04662912087912091,-0.3385796703296703,-0.4626510989010988,-0.038423076923076935,65267.89615384616,0.1702608585357659
-0.3343406593406595,0.14609065934065923,1.6956263736263737,-0.49693956043956017,-0.6872719780219781,0.05662912087912092,-0.3285796703296703,-0.4626510989010988,-0.02842307692307694,65534.89615384616,0.17439837455749085
-0.30434065934065946,0.12609065934065922,1.7156263736263737,-0.5069395604395601,-0.6972719780219782,0.04662912087912091,-0.3385796703296703,-0.4726510989010988,-0.02842307692307694,65799.89615384616,0.1753041267395048
-0.29434065934065945,0.08609065934065918,1.7356263736263737,-0.48693956043956016,-0.7072719780219782,0.04662912087912091,-0.3585796703296703,-0.4826510989010988,-0.02842307692307694,66210.89615384616,0.17837567329406667
-0.28434065934065944,0.06609065934065916,1.765626373626374,-0.49693956043956017,-0.7072719780219782,0.04662912087912091,-0.3385796703296703,-0.4726510989010988,-0.01842307692307693,67229.89615384616,0.18310112953185964
-0.28434065934065944,0.04609065934065937,1.7756263736263738,-0.5069395604395601,-0.6972719780219782,0.04662912087912091,-0.3685796703296703,-0.4926510989010988,-0.02842307692307694,67718.89615384616,0.18665499687194753
-0.27434065934065943,0.006090659340659332,1.7956263736263738,-0.5169395604395601,-0.6872719780219781,0.04662912087912091,-0.3985796703296703,-0.4926510989010988,-0.02842307692307694,67777.89615384616,0.18957347869872976
-0.2543406593406594,-0.0039093406593406765,1.8156263736263738,-0.5269395604395601,-0.6872719780219781,0.0366291208791209,-0.4085796703296703,-0.4926510989010988,-0.008423076923076936,68194.89615384616,0.1905722141265862
-0.2543406593406594,-0.023909340659340694,1.8256263736263736,-0.5169395604395601,-0.6572719780219781,0.0366291208791209,-0.37857967032967027,-0.4826510989010988,-0.01842307692307693,68563.89615384616,0.19457836151122976
-0.2443406593406594,-0.023909340659340694,1.8356263736263738,-0.49693956043956017,-0.6172719780219782,0.04662912087912091,-0.3685796703296703,-0.4926510989010988,-0.02842307692307694,69046.89615384616,0.19886751174926687
-0.2243406593406594,-0.05390934065934072,1.8456263736263736,-0.49693956043956017,-0.6472719780219781,0.05662912087912092,-0.37857967032967027,-0.5026510989010988,-0.02842307692307694,69803.89615384616,0.20269746780395437
-0.21434065934065938,-0.06390934065934073,1.8356263736263738,-0.5069395604395601,-0.5872719780219782,0.04662912087912091,-0.3685796703296703,-0.4826510989010988,-0.01842307692307693,70352.89615384616,0.20376319885253835
-0.20434065934065937,-0.07390934065934074,1.8556263736263738,-0.5169395604395601,-0.5672719780219782,0.04662912087912091,-0.3585796703296703,-0.4726510989010988,-0.008423076923076936,70673.89615384616,0.20687265396118093
-0.19434065934065936,-0.08390934065934075,1.8456263736263736,-0.4769395604395602,-0.5272719780219781,0.04662912087912091,-0.3685796703296703,-0.4526510989010988,0.001576923076923059,70900.89615384616,0.21188325881957937
-0.17434065934065957,-0.10390934065934077,1.8456263736263736,-0.4769395604395602,-0.5072719780219781,0.05662912087912092,-0.3485796703296703,-0.4526510989010988,0.001576923076923059,71425.89615384616,0.21537656784057546
-0.16434065934065956,-0.11390934065934077,1.8556263736263738,-0.48693956043956016,-0.4772719780219782,0.04662912087912091,-0.3585796703296703,-0.4426510989010988,0.011576923076923068,72020.89615384616,0.21537656784057546
-0.15434065934065955,-0.12390934065934078,1.8556263736263738,-0.48693956043956016,-0.41727197802197813,0.0366291208791209,-0.4185796703296703,-0.4426510989010988,0.001576923076923059,72671.89615384616,0.2193889141082792
-0.14434065934065954,-0.1339093406593408,1.8556263736263738,-0.48693956043956016,-0.3672719780219782,0.0366291208791209,-0.3985796703296703,-0.4326510989010988,0.001576923076923059,73126.89615384616,0.22338433265685964
-0.12434065934065952,-0.1539093406593407,1.8656263736263736,-0.4769395604395602,-0.33727197802197817,0.04662912087912091,-0.37857967032967027,-0.4526510989010988,0.011576923076923068,72647.89615384616,0.22729511260986257
-0.12434065934065952,-0.1639093406593407,1.8556263736263738,-0.4569395604395602,-0.2772719780219781,0.04662912087912091,-0.3685796703296703,-0.4426510989010988,0.021576923076923077,72412.89615384616,0.22832698822021058
-0.12434065934065952,-0.1639093406593407,1.8656263736263736,-0.40693956043956014,-0.22727197802197807,0.07662912087912091,-0.4085796703296703,-0.4426510989010988,0.001576923076923059,72415.89615384616,0.23185510635375906
-0.1043406593406595,-0.17390934065934072,1.8556263736263738,-0.42693956043956016,-0.18727197802197804,0.09662912087912093,-0.4185796703296703,-0.4426510989010988,0.011576923076923068,72570.89615384616,0.23576731681824015
-0.1043406593406595,-0.17390934065934072,1.8556263736263738,-0.3869395604395602,-0.15727197802197823,0.1266291208791209,-0.4285796703296703,-0.4526510989010988,0.001576923076923059,72859.89615384616,0.23979349136352468
-0.08434065934065949,-0.18390934065934073,1.8456263736263736,-0.3969395604395602,-0.1172719780219782,0.1266291208791209,-0.43857967032967027,-0.4526510989010988,0.001576923076923059,73090.89615384616,0.23979349136352468
-0.07434065934065948,-0.18390934065934073,1.8356263736263738,-0.3869395604395602,-0.10727197802197819,0.15662912087912093,-0.4585796703296703,-0.4426510989010988,0.011576923076923068,72595.89615384616,0.243711185455318
-0.07434065934065948,-0.19390934065934073,1.8456263736263736,-0.29693956043956016,-0.047271978021978134,0.16662912087912093,-0.4285796703296703,-0.4226510989010988,0.011576923076923068,72242.89615384616,0.24872775077819753
-0.07434065934065948,-0.18390934065934073,1.8356263736263738,-0.29693956043956016,-0.017271978021978107,0.1966291208791209,-0.4185796703296703,-0.4426510989010988,0.011576923076923068,71951.89615384616,0.252725315093997
-0.06434065934065947,-0.20390934065934074,1.8256263736263736,-0.2669395604395602,0.02272802197802193,0.1866291208791209,-0.4285796703296703,-0.40265109890109885,0.011576923076923068,71626.89615384616,0.252725315093997
-0.06434065934065947,-0.20390934065934074,1.8356263736263738,-0.2669395604395602,0.08272802197802176,0.1866291208791209,-0.4285796703296703,-0.41265109890109886,0.011576923076923068,71011.89615384616,0.2567226409912102
-0.06434065934065947,-0.21390934065934075,1.8356263736263738,-0.2769395604395602,0.11272802197802179,0.20662912087912091,-0.4485796703296703,-0.41265109890109886,0.001576923076923059,70562.89615384616,0.26072139739990163
-0.05434065934065946,-0.21390934065934075,1.8356263736263738,-0.2669395604395602,0.15272802197802182,0.22662912087912093,-0.43857967032967027,-0.38265109890109883,0.011576923076923068,70755.89615384616,0.2644516944885247
-0.03434065934065944,-0.21390934065934075,1.8156263736263738,-0.2569395604395602,0.15272802197802182,0.2466291208791209,-0.4185796703296703,-0.39265109890109884,0.011576923076923068,70900.89615384616,0.26751632690429616
-0.03434065934065944,-0.21390934065934075,1.805626373626374,-0.22693956043956015,0.20272802197802187,0.29662912087912086,-0.4085796703296703,-0.3726510989010988,0.011576923076923068,69847.89615384616,0.26848955154418874
-0.024340659340659432,-0.22390934065934076,1.8156263736263738,-0.19693956043956018,0.21272802197802188,0.3166291208791209,-0.4485796703296703,-0.38265109890109883,0.001576923076923059,69114.89615384616,0.27253623008727956
-0.03434065934065944,-0.21390934065934075,1.8156263736263738,-0.18693956043956017,0.20272802197802187,0.3466291208791209,-0.4185796703296703,-0.41265109890109886,0.011576923076923068,68693.89615384616,0.2774884223937981
-0.024340659340659432,-0.22390934065934076,1.7956263736263738,-0.13693956043956013,0.22272802197802188,0.3466291208791209,-0.37857967032967027,-0.3726510989010988,0.021576923076923077,68646.89615384616,0.28089804649352956
-0.024340659340659432,-0.22390934065934076,1.805626373626374,-0.10693956043956021,0.22272802197802188,0.3666291208791209,-0.37857967032967027,-0.3626510989010988,0.021576923076923077,68105.89615384616,0.2816218852996819
-0.014340659340659423,-0.22390934065934076,1.7956263736263738,-0.0969395604395602,0.2627280219780219,0.3666291208791209,-0.3885796703296703,-0.3626510989010988,0.021576923076923077,67002.89615384616,0.28594560623168874
-0.014340659340659423,-0.23390934065934077,1.7956263736263738,-0.06693956043956018,0.27272802197802193,0.3766291208791209,-0.37857967032967027,-0.3626510989010988,0.011576923076923068,66511.89615384616,0.2890250205993645
0.015659340659340604,-0.23390934065934077,1.7756263736263738,-0.02693956043956014,0.32272802197802175,0.39662912087912083,-0.37857967032967027,-0.3426510989010988,0.021576923076923077,66356.89615384616,0.2929615497589104
0.005659340659340595,-0.23390934065934077,1.7756263736263738,-0.03693956043956015,0.32272802197802175,0.41662912087912085,-0.3985796703296703,-0.3626510989010988,0.03157692307692306,65911.89615384616,0.2939691066741936
0.015659340659340604,-0.22390934065934076,1.745626373626374,-0.006939560439560122,0.3727280219780218,0.4466291208791209,-0.3585796703296703,-0.3726510989010988,0.03157692307692306,65420.89615384616,0.2973596572876005
0.025659340659340613,-0.21390934065934075,1.7156263736263737,0.003060439560439776,0.3627280219780218,0.4666291208791209,-0.37857967032967027,-0.3726510989010988,0.051576923076923076,64357.89615384616,0.30136723518371866
0.025659340659340613,-0.22390934065934076,1.725626373626374,0.04306043956043981,0.3827280219780218,0.4866291208791209,-0.3585796703296703,-0.3426510989010988,0.06157692307692306,63248.89615384616,0.30544872283935476
0.03565934065934062,-0.22390934065934076,1.725626373626374,0.05306043956043982,0.3627280219780218,0.5066291208791209,-0.3685796703296703,-0.3526510989010988,0.07157692307692307,62563.89615384616,0.3064326763153069
0.04565934065934063,-0.22390934065934076,1.705626373626374,0.08306043956043985,0.3727280219780218,0.5566291208791209,-0.37857967032967027,-0.33265109890109884,0.08157692307692307,62004.89615384616,0.3094534397125237
0.025659340659340613,-0.21390934065934075,1.685626373626374,0.10306043956043986,0.3727280219780218,0.5966291208791209,-0.4085796703296703,-0.3426510989010988,0.08157692307692307,61341.89615384616,0.3139655113220208
0.04565934065934063,-0.20390934065934074,1.6556263736263737,0.12306043956043988,0.3627280219780218,0.6366291208791209,-0.37857967032967027,-0.3126510989010988,0.09157692307692306,60378.89615384616,0.31743211746216105
0.03565934065934062,-0.19390934065934073,1.6556263736263737,0.17306043956043982,0.3627280219780218,0.6566291208791208,-0.30857967032967026,-0.32265109890109883,0.07157692307692307,60059.89615384616,0.31844468116760183
0.04565934065934063,-0.20390934065934074,1.6156263736263736,0.1630604395604398,0.3627280219780218,0.6566291208791208,-0.3685796703296703,-0.2826510989010988,0.08157692307692307,58952.89615384616,0.3224811077117913
0.04565934065934063,-0.19390934065934073,1.6056263736263738,0.20306043956043984,0.3627280219780218,0.7166291208791209,-0.3685796703296703,-0.3126510989010988,0.09157692307692306,57333.89615384616,0.32701797485351847
0.04565934065934063,-0.17390934065934072,1.5756263736263736,0.22306043956043986,0.3627280219780218,0.7666291208791208,-0.3485796703296703,-0.3026510989010988,0.09157692307692306,56658.89615384616,0.3300308704376249
0.06565934065934043,-0.17390934065934072,1.5456263736263738,0.22306043956043986,0.3827280219780218,0.8066291208791209,-0.3285796703296703,-0.27265109890109884,0.09157692307692306,56031.89615384616,0.33109946250915456
0.07565934065934043,-0.1639093406593407,1.5256263736263738,0.24306043956043988,0.3727280219780218,0.8466291208791209,-0.3185796703296703,-0.26265109890109883,0.11157692307692307,54942.89615384616,0.3336872577667229
0.08565934065934044,-0.1439093406593407,1.4856263736263737,0.24306043956043988,0.3827280219780218,0.8466291208791209,-0.30857967032967026,-0.2526510989010988,0.09157692307692306,53777.89615384616,0.33813138008117605
0.09565934065934045,-0.1539093406593407,1.4656263736263737,0.2730604395604398,0.3827280219780218,0.8666291208791209,-0.3385796703296703,-0.27265109890109884,0.09157692307692306,53166.89615384616,0.3423406600952106
0.07565934065934043,-0.1339093406593408,1.4456263736263737,0.2730604395604398,0.3727280219780218,0.916629120879121,-0.27857967032967024,-0.2526510989010988,0.09157692307692306,52167.89615384616,0.34628958702087687
0.08565934065934044,-0.12390934065934078,1.435626373626374,0.2630604395604398,0.3727280219780218,0.9666291208791208,-0.25857967032967033,-0.24265109890109882,0.09157692307692306,51716.89615384616,0.34628958702087687
0.07565934065934043,-0.08390934065934075,1.3856263736263736,0.2930604395604398,0.34272802197802177,0.9966291208791208,-0.27857967032967024,-0.24265109890109882,0.10157692307692306,51757.89615384616,0.35039801597595144
0.07565934065934043,-0.08390934065934075,1.3756263736263739,0.2830604395604398,0.3727280219780218,0.9966291208791208,-0.24857967032967032,-0.26265109890109883,0.09157692307692306,51266.89615384616,0.3548328399658196
0.08565934065934044,-0.06390934065934073,1.3356263736263738,0.2730604395604398,0.3627280219780218,1.036629120879121,-0.27857967032967024,-0.24265109890109882,0.09157692307692306,50463.89615384616,0.3583628654480009
0.11565934065934047,-0.04390934065934071,1.2756263736263738,0.32306043956043984,0.31272802197802196,1.116629120879121,-0.24857967032967032,-0.2826510989010988,0.09157692307692306,50306.89615384616,0.3583628654480009
0.12565934065934048,-0.0339093406593407,1.2156263736263737,0.3030604395604398,0.28272802197802194,1.196629120879121,-0.26857967032967034,-0.26265109890109883,0.10157692307692306,49967.89615384616,0.36288089752197195
0.11565934065934047,-0.013909340659340685,1.1956263736263737,0.2830604395604398,0.2527280219780219,1.256629120879121,-0.28857967032967025,-0.2526510989010988,0.09157692307692306,49106.89615384616,0.3673743724822991
0.12565934065934048,-0.0039093406593406765,1.165626373626374,0.2730604395604398,0.22272802197802188,1.316629120879121,-0.2385796703296703,-0.26265109890109883,0.09157692307692306,48879.89615384616,0.37098093032836843
0.1356593406593405,-0.0039093406593406765,1.1456263736263739,0.2730604395604398,0.22272802197802188,1.326629120879121,-0.2185796703296703,-0.27265109890109884,0.09157692307692306,48908.89615384616,0.37199659347534464
0.1456593406593405,0.006090659340659332,1.0756263736263738,0.2830604395604398,0.19272802197802186,1.406629120879121,-0.27857967032967024,-0.32265109890109883,0.09157692307692306,48753.89615384616,0.3749935150146477
0.1456593406593405,-0.013909340659340685,1.0256263736263738,0.2730604395604398,0.17272802197802184,1.486629120879121,-0.28857967032967025,-0.3126510989010988,0.11157692307692307,48544.89615384616,0.37994141578674245
0.16565934065934051,0.01609065934065934,0.9756263736263737,0.31306043956043983,0.1327280219780218,1.516629120879121,-0.28857967032967025,-0.3426510989010988,0.10157692307692306,49035.89615384616,0.38305921554565003
0.17565934065934052,0.02609065934065935,0.9456263736263737,0.3030604395604398,0.10272802197802178,1.586629120879121,-0.29857967032967025,-0.33265109890109884,0.10157692307692306,49746.89615384616,0.38412446975707937
0.1556593406593405,0.02609065934065935,0.9156263736263739,0.3030604395604398,0.07272802197802175,1.616629120879121,-0.27857967032967024,-0.3526510989010988,0.09157692307692306,49733.89615384616,0.38709635734558034
0.16565934065934051,0.02609065934065935,0.9256263736263739,0.32306043956043984,0.042728021978021946,1.646629120879121,-0.3185796703296703,-0.3526510989010988,0.07157692307692307,49704.89615384616,0.3914653778076165
0.1556593406593405,0.04609065934065937,0.8756263736263739,0.31306043956043983,0.042728021978021946,1.686629120879121,-0.3385796703296703,-0.3726510989010988,0.09157692307692306,49847.89615384616,0.39546103477477956
0.1356593406593405,0.056090659340659155,0.8356263736263738,0.33306043956043985,0.0027280219780219106,1.716629120879121,-0.3585796703296703,-0.40265109890109885,0.07157692307692307,50590.89615384616,0.39546103477477956
0.1356593406593405,0.04609065934065937,0.8356263736263738,0.35306043956043986,-0.027271978021978116,1.746629120879121,-0.3685796703296703,-0.41265109890109886,0.06157692307692306,50669.89615384616,0.3994652748107903
0.11565934065934047,0.04609065934065937,0.8056263736263738,0.33306043956043985,-0.05727197802197814,1.796629120879121,-0.4585796703296703,-0.41265109890109886,0.04157692307692307,51434.89615384616,0.4036018371582024
0.09565934065934045,0.04609065934065937,0.7756263736263738,0.34306043956043986,-0.07727197802197816,1.846629120879121,-0.4485796703296703,-0.4226510989010988,0.03157692307692306,51971.89615384616,0.4080543041229241
0.07565934065934043,0.04609065934065937,0.7556263736263737,0.34306043956043986,-0.10727197802197819,1.866629120879121,-0.4185796703296703,-0.41265109890109886,0.03157692307692306,52224.89615384616,0.41105647087097097
0.10565934065934046,0.03609065934065936,0.6956263736263737,0.3630604395604399,-0.1172719780219782,1.886629120879121,-0.4485796703296703,-0.4326510989010988,0.011576923076923068,53043.89615384616,0.4120571136474602
0.09565934065934045,0.04609065934065937,0.6856263736263739,0.34306043956043986,-0.14727197802197822,1.926629120879121,-0.5085796703296703,-0.4626510989010988,0.03157692307692306,53164.89615384616,0.41605706214904714
0.09565934065934045,0.04609065934065937,0.6656263736263739,0.3630604395604399,-0.16727197802197824,1.9366291208791209,-0.4585796703296703,-0.4626510989010988,0.011576923076923068,54257.89615384616,0.4200629711151116
0.09565934065934045,0.04609065934065937,0.5956263736263738,0.3630604395604399,-0.18727197802197804,1.976629120879121,-0.5285796703296703,-0.4626510989010988,0.011576923076923068,55126.89615384616,0.42393584251404093
0.05565934065934064,0.06609065934065916,0.6056263736263738,0.3930604395604399,-0.21727197802197806,1.9866291208791211,-0.5285796703296703,-0.4726510989010988,0.011576923076923068,55913.89615384616,0.4249741554260247
0.07565934065934043,0.04609065934065937,0.5756263736263738,0.3930604395604399,-0.23727197802197808,1.996629120879121,-0.5285796703296703,-0.4826510989010988,0.011576923076923068,56178.89615384616,0.42800397872924734
0.07565934065934043,0.03609065934065936,0.5656263736263738,0.4230604395604399,-0.2572719780219781,2.016629120879121,-0.5485796703296704,-0.4626510989010988,0.001576923076923059,56921.89615384616,0.4320001125335686
0.06565934065934043,0.01609065934065934,0.5256263736263738,0.4230604395604399,-0.2772719780219781,2.026629120879121,-0.5185796703296703,-0.4826510989010988,-0.02842307692307694,57644.89615384616,0.4365357875824003
0.03565934065934062,0.03609065934065936,0.5256263736263738,0.43306043956043994,-0.2772719780219781,2.036629120879121,-0.5285796703296703,-0.5126510989010988,-0.01842307692307693,58297.89615384616,0.4365357875824003
-0.004340659340659414,0.056090659340659155,0.5356263736263738,0.45306043956043973,-0.29727197802197813,2.046629120879121,-0.5185796703296703,-0.4826510989010988,-0.008423076923076936,59136.89615384616,0.44053549766540456
-0.004340659340659414,0.02609065934065935,0.5156263736263738,0.47306043956043975,-0.32727197802197816,2.046629120879121,-0.6085796703296703,-0.5126510989010988,-0.008423076923076936,60647.89615384616,0.44446010589599894
-0.03434065934065944,0.06609065934065916,0.49562637362637374,0.49306043956043977,-0.33727197802197817,2.046629120879121,-0.6285796703296703,-0.5226510989010988,-0.038423076923076935,61850.89615384616,0.4487497329711907
-0.05434065934065946,0.07609065934065917,0.4456263736263737,0.5130604395604398,-0.3572719780219782,2.056629120879121,-0.6585796703296702,-0.5226510989010988,-0.038423076923076935,62023.89615384616,0.4487497329711907
-0.03434065934065944,0.09609065934065919,0.4356263736263739,0.5130604395604398,-0.3572719780219782,2.056629120879121,-0.6785796703296703,-0.4826510989010988,-0.05842307692307694,62328.89615384616,0.45388240814208913
-0.024340659340659432,0.07609065934065917,0.4056263736263739,0.5330604395604398,-0.3772719780219781,2.046629120879121,-0.6685796703296703,-0.4926510989010988,-0.038423076923076935,62981.89615384616,0.45762152671813894
-0.024340659340659432,0.07609065934065917,0.4256263736263739,0.5430604395604398,-0.3772719780219781,2.046629120879121,-0.6885796703296703,-0.5026510989010988,-0.05842307692307694,63420.89615384616,0.4610752582550042
-0.024340659340659432,0.04609065934065937,0.4356263736263739,0.5630604395604398,-0.3972719780219781,2.036629120879121,-0.6685796703296703,-0.4926510989010988,-0.02842307692307694,63901.89615384616,0.4619433403015165
-0.024340659340659432,0.056090659340659155,0.4156263736263739,0.5730604395604398,-0.3972719780219781,2.046629120879121,-0.6985796703296703,-0.4826510989010988,-0.05842307692307694,64136.89615384616,0.4659432888030999
-0.05434065934065946,0.07609065934065917,0.4056263736263739,0.5830604395604398,-0.4072719780219781,2.036629120879121,-0.6885796703296703,-0.4826510989010988,-0.04842307692307693,64533.89615384616,0.4699432373046868
-0.06434065934065947,0.04609065934065937,0.37562637362637386,0.5930604395604399,-0.41727197802197813,2.046629120879121,-0.6885796703296703,-0.4526510989010988,-0.038423076923076935,65560.89615384616,0.4732703685760491
-0.03434065934065944,0.056090659340659155,0.3956263736263739,0.5930604395604399,-0.42727197802197814,2.056629120879121,-0.7185796703296703,-0.4826510989010988,-0.04842307692307693,66261.89615384616,0.4774391174316399
-0.06434065934065947,0.04609065934065937,0.38562637362637386,0.5830604395604398,-0.43727197802197815,2.076629120879121,-0.7085796703296703,-0.4726510989010988,-0.04842307692307693,66326.89615384616,0.4774391174316399
-0.08434065934065949,0.06609065934065916,0.3156263736263738,0.5930604395604399,-0.45727197802197816,2.076629120879121,-0.7085796703296703,-0.4226510989010988,-0.038423076923076935,66969.89615384616,0.48196334838867116
-0.0943406593406595,0.07609065934065917,0.3256263736263738,0.6130604395604399,-0.45727197802197816,2.076629120879121,-0.6785796703296703,-0.38265109890109883,-0.02842307692307694,67220.89615384616,0.4865777015686028
-0.08434065934065949,0.03609065934065936,0.35562637362637384,0.6130604395604399,-0.4672719780219782,2.066629120879121,-0.6985796703296703,-0.3726510989010988,-0.02842307692307694,67551.89615384616,0.4899146080017083
-0.0943406593406595,0.04609065934065937,0.3256263736263738,0.6230604395604399,-0.4672719780219782,2.066629120879121,-0.6985796703296703,-0.38265109890109883,-0.02842307692307694,68096.89615384616,0.4909073829650872
-0.1043406593406595,0.04609065934065937,0.3256263736263738,0.6230604395604399,-0.4772719780219782,2.076629120879121,-0.6685796703296703,-0.3426510989010988,-0.01842307692307693,68297.89615384616,0.4939076423645048
-0.0943406593406595,0.03609065934065936,0.3056263736263738,0.6330604395604399,-0.4772719780219782,2.076629120879121,-0.6885796703296703,-0.3526510989010988,-0.01842307692307693,68044.89615384616,0.497887086868289
-0.08434065934065949,0.04609065934065937,0.2956263736263738,0.6330604395604399,-0.4772719780219782,2.066629120879121,-0.6785796703296703,-0.26265109890109883,0.001576923076923059,68483.89615384616,0.5019869327545194
-0.11434065934065951,0.06609065934065916,0.3056263736263738,0.6330604395604399,-0.4772719780219782,2.056629120879121,-0.6985796703296703,-0.2526510989010988,-0.008423076923076936,68786.89615384616,0.5029081821441643
-0.1043406593406595,0.01609065934065934,0.27562637362637377,0.6430604395604399,-0.4772719780219782,2.046629120879121,-0.6785796703296703,-0.21265109890109885,0.011576923076923068,68305.89615384616,0.5069081306457512
-0.08434065934065949,0.01609065934065934,0.2956263736263738,0.6430604395604399,-0.4772719780219782,2.046629120879121,-0.6785796703296703,-0.20265109890109884,0.001576923076923059,68614.89615384616,0.5113064765930169
-0.1043406593406595,0.02609065934065935,0.27562637362637377,0.6430604395604399,-0.4772719780219782,2.046629120879121,-0.6685796703296703,-0.15265109890109885,0.03157692307692306,69579.89615384616,0.514541578292846
-0.13434065934065953,0.01609065934065934,0.26562637362637376,0.6630604395604399,-0.4772719780219782,2.046629120879121,-0.6785796703296703,-0.11265109890109881,0.021576923076923077,69370.89615384616,0.514541578292846
-0.13434065934065953,-0.013909340659340685,0.27562637362637377,0.6530604395604399,-0.4772719780219782,2.036629120879121,-0.6485796703296702,-0.04265109890109886,0.06157692307692306,69425.89615384616,0.5184394836425739
-0.13434065934065953,0.01609065934065934,0.24562637362637385,0.6530604395604399,-0.4772719780219782,2.036629120879121,-0.5885796703296703,-0.022651098901098843,0.06157692307692306,69572.89615384616,0.5220808506011991
-0.14434065934065954,-0.023909340659340694,0.23562637362637384,0.6630604395604399,-0.4772719780219782,2.016629120879121,-0.5285796703296703,0.03734890109890121,0.11157692307692307,69011.89615384616,0.5265850543975823
-0.15434065934065955,0.006090659340659332,0.26562637362637376,0.6730604395604399,-0.4772719780219782,2.006629120879121,-0.5885796703296703,0.11734890109890117,0.12157692307692305,68550.89615384616,0.5265850543975823
-0.18434065934065957,0.006090659340659332,0.27562637362637377,0.6830604395604399,-0.4772719780219782,1.996629120879121,-0.4885796703296703,0.17734890109890122,0.14157692307692307,68111.89615384616,0.5315961360931389
-0.19434065934065936,0.006090659340659332,0.26562637362637376,0.6730604395604399,-0.4772719780219782,1.9866291208791211,-0.4585796703296703,0.22734890109890116,0.18157692307692305,68008.89615384616,0.5356444835662835
-0.21434065934065938,0.01609065934065934,0.25562637362637375,0.6830604395604399,-0.45727197802197816,1.9666291208791211,-0.3685796703296703,0.2973489010989012,0.21157692307692308,67613.89615384616,0.5392376899719231
-0.2443406593406594,-0.0039093406593406765,0.2856263736263738,0.6830604395604399,-0.45727197802197816,1.9666291208791211,-0.3685796703296703,0.36734890109890117,0.21157692307692308,67776.89615384616,0.5400399684905999
-0.21434065934065938,0.006090659340659332,0.26562637362637376,0.6830604395604399,-0.44727197802197816,1.946629120879121,-0.3685796703296703,0.3873489010989012,0.26157692307692304,67693.89615384616,0.5439867496490471
-0.2643406593406594,-0.0039093406593406765,0.25562637362637375,0.6930604395604397,-0.43727197802197815,1.926629120879121,-0.3285796703296703,0.4173489010989012,0.27157692307692305,66786.89615384616,0.5480703830718987
-0.27434065934065943,0.03609065934065936,0.24562637362637385,0.7030604395604397,-0.43727197802197815,1.906629120879121,-0.29857967032967025,0.45734890109890125,0.3015769230769231,66409.89615384616,0.5520700931549065
-0.2643406593406594,0.02609065934065935,0.26562637362637376,0.6930604395604397,-0.41727197802197813,1.886629120879121,-0.25857967032967033,0.45734890109890125,0.3115769230769231,66588.89615384616,0.5552470207214384
-0.30434065934065946,-0.013909340659340685,0.24562637362637385,0.7130604395604397,-0.4072719780219781,1.8566291208791208,-0.24857967032967032,0.4973489010989013,0.3415769230769231,66507.89615384616,0.5560702800750761
-0.3243406593406595,-0.013909340659340685,0.27562637362637377,0.7230604395604397,-0.3872719780219781,1.816629120879121,-0.2185796703296703,0.5473489010989011,0.361576923076923,65734.89615384616,0.5600704669952385
-0.27434065934065943,-0.0339093406593407,0.24562637362637385,0.7230604395604397,-0.3572719780219782,1.776629120879121,-0.18857967032967027,0.5273489010989011,0.351576923076923,65091.89615384616,0.564049196243289
-0.28434065934065944,-0.0339093406593407,0.25562637362637375,0.7430604395604398,-0.3472719780219782,1.736629120879121,-0.14857967032967034,0.6073489010989012,0.371576923076923,64510.89615384616,0.5675408363342278
-0.28434065934065944,-0.0339093406593407,0.27562637362637377,0.7530604395604398,-0.32727197802197816,1.7066291208791209,-0.13857967032967033,0.6173489010989012,0.40157692307692305,64373.89615384616,0.5685984611511223
-0.2543406593406594,-0.08390934065934075,0.24562637362637385,0.7730604395604398,-0.2872719780219781,1.616629120879121,-0.11857967032967032,0.6173489010989012,0.4315769230769231,63916.89615384616,0.5713169097900384
-0.31434065934065947,-0.05390934065934072,0.26562637362637376,0.7630604395604398,-0.2572719780219781,1.596629120879121,-0.11857967032967032,0.6273489010989012,0.461576923076923,63601.89615384616,0.57660360336304
-0.3243406593406595,-0.023909340659340694,0.25562637362637375,0.7830604395604398,-0.23727197802197808,1.566629120879121,-0.10857967032967031,0.6673489010989012,0.481576923076923,63138.89615384616,0.5798570632934563
-0.31434065934065947,-0.013909340659340685,0.27562637362637377,0.7630604395604398,-0.20727197802197805,1.536629120879121,-0.08857967032967029,0.6973489010989012,0.501576923076923,62459.89615384616,0.5807282447814899
-0.3243406593406595,0.006090659340659332,0.27562637362637377,0.7330604395604398,-0.18727197802197804,1.516629120879121,-0.00857967032967033,0.7173489010989013,0.5415769230769231,62030.89615384616,0.5848628997802763
-0.3243406593406595,-0.0039093406593406765,0.27562637362637377,0.7430604395604398,-0.16727197802197824,1.486629120879121,0.011420329670329687,0.7473489010989013,0.571576923076923,61135.89615384616,0.5888630867004387
-0.31434065934065947,0.01609065934065934,0.26562637362637376,0.7530604395604398,-0.1272719780219782,1.416629120879121,0.06142032967032973,0.7173489010989013,0.641576923076923,60226.89615384616,0.5923413753509514
-0.3243406593406595,0.006090659340659332,0.23562637362637384,0.7430604395604398,-0.10727197802197819,1.426629120879121,0.031420329670329705,0.6873489010989012,0.6815769230769231,59613.89615384616,0.5933231830596881
-0.29434065934065945,0.02609065934065935,0.24562637362637385,0.7430604395604398,-0.05727197802197814,1.336629120879121,0.07142032967032974,0.7173489010989013,0.711576923076923,58856.89615384616,0.5964011669158928
-0.3343406593406595,0.03609065934065936,0.23562637362637384,0.7430604395604398,-0.037271978021978125,1.306629120879121,0.11142032967032967,0.6973489010989012,0.7815769230769231,58815.89615384616,0.600479078292846
-0.3543406593406595,0.03609065934065936,0.24562637362637385,0.7230604395604397,0.0027280219780219106,1.266629120879121,0.11142032967032967,0.7173489010989013,0.831576923076923,58180.89615384616,0.6048376083373981
-0.3543406593406595,0.056090659340659155,0.27562637362637377,0.7330604395604398,0.01272802197802192,1.246629120879121,0.09142032967032976,0.7273489010989013,0.861576923076923,57217.89615384616,0.6048376083373981
-0.3343406593406595,0.03609065934065936,0.27562637362637377,0.7230604395604397,0.01272802197802192,1.216629120879121,0.11142032967032967,0.7573489010989011,0.9115769230769231,56500.89615384616,0.6091401100158684
-0.3443406593406595,0.03609065934065936,0.27562637362637377,0.7330604395604398,0.052728021978021955,1.166629120879121,0.13142032967032968,0.7373489010989013,0.9115769230769231,56191.89615384616,0.6131574630737298
-0.3243406593406595,0.03609065934065936,0.2856263736263738,0.7230604395604397,0.08272802197802176,1.146629120879121,0.1514203296703297,0.7673489010989011,0.9615769230769231,55560.89615384616,0.6166965484619169
-0.3343406593406595,0.01609065934065934,0.2856263736263738,0.7030604395604397,0.1227280219780218,1.126629120879121,0.1614203296703297,0.7873489010989011,0.9615769230769231,54591.89615384616,0.6207282066345208
-0.3643406593406595,0.03609065934065936,0.3056263736263738,0.6630604395604399,0.1327280219780218,1.096629120879121,0.1614203296703297,0.7973489010989011,0.9515769230769231,54708.89615384616,0.6218034744262688
-0.3243406593406595,0.006090659340659332,0.3056263736263738,0.6830604395604399,0.18272802197802185,1.006629120879121,0.22142032967032976,0.7773489010989011,1.011576923076923,54207.89615384616,0.6251697063446038
-0.3343406593406595,0.01609065934065934,0.27562637362637377,0.6530604395604399,0.20272802197802187,1.006629120879121,0.24142032967032978,0.7373489010989013,1.031576923076923,53332.89615384616,0.6292731285095208
-0.3343406593406595,-0.013909340659340685,0.27562637362637377,0.6630604395604399,0.22272802197802188,0.9866291208791208,0.2514203296703298,0.7573489010989011,1.061576923076923,53427.89615384616,0.6332630634307819
-0.3343406593406595,0.006090659340659332,0.3056263736263738,0.6730604395604399,0.2327280219780219,0.936629120879121,0.2514203296703298,0.7573489010989011,1.091576923076923,53254.89615384616,0.633804273605346
-0.30434065934065946,0.006090659340659332,0.2956263736263738,0.6730604395604399,0.2427280219780219,0.916629120879121,0.2914203296703296,0.7773489010989011,1.111576923076923,52683.89615384616,0.6378511905670159
-0.31434065934065947,0.006090659340659332,0.3056263736263738,0.6430604395604399,0.27272802197802193,0.8966291208791209,0.2614203296703298,0.7873489010989011,1.131576923076923,52012.89615384616,0.6419603347778313
-0.3243406593406595,0.01609065934065934,0.3056263736263738,0.6230604395604399,0.30272802197802196,0.8566291208791209,0.2514203296703298,0.8173489010989011,1.131576923076923,52153.89615384616,0.6449412822723382
-0.30434065934065946,0.02609065934065935,0.3156263736263738,0.6130604395604399,0.31272802197802196,0.8366291208791209,0.2514203296703298,0.7873489010989011,1.191576923076923,52260.89615384616,0.6459388256072991
-0.31434065934065947,0.02609065934065935,0.2956263736263738,0.6130604395604399,0.30272802197802196,0.8566291208791209,0.2714203296703298,0.7973489010989011,1.181576923076923,52221.89615384616,0.6499762058258085
-0.30434065934065946,0.02609065934065935,0.3056263736263738,0.6030604395604399,0.30272802197802196,0.8266291208791209,0.2814203296703298,0.7773489010989011,1.2215769230769231,51852.89615384616,0.6542448520660393
-0.3443406593406595,0.04609065934065937,0.3156263736263738,0.5630604395604398,0.33272802197802176,0.8266291208791209,0.2914203296703296,0.7773489010989011,1.2515769230769231,51621.89615384616,0.6573178291320794
-0.3243406593406595,0.04609065934065937,0.3156263736263738,0.5630604395604398,0.3627280219780218,0.8066291208791209,0.2814203296703298,0.7873489010989011,1.291576923076923,51952.89615384616,0.6573178291320794
-0.3343406593406595,0.01609065934065934,0.3156263736263738,0.5430604395604398,0.3727280219780218,0.7666291208791208,0.2714203296703298,0.7673489010989011,1.321576923076923,51479.89615384616,0.6613375663757282
-0.3543406593406595,0.056090659340659155,0.3256263736263738,0.5430604395604398,0.3727280219780218,0.7666291208791208,0.2714203296703298,0.7973489010989011,1.381576923076923,51430.89615384616,0.666317415237426
-0.3343406593406595,0.04609065934065937,0.3256263736263738,0.5330604395604398,0.3827280219780218,0.7366291208791209,0.2914203296703296,0.7673489010989011,1.441576923076923,52071.89615384616,0.6699003696441643
-0.3643406593406595,0.056090659340659155,0.3256263736263738,0.5230604395604398,0.4027280219780218,0.7166291208791209,0.2914203296703296,0.7373489010989013,1.4815769230769231,51804.89615384616,0.6709086418151848
-0.3343406593406595,0.06609065934065916,0.3156263736263738,0.48306043956043976,0.41272802197802183,0.6966291208791209,0.2614203296703298,0.6873489010989012,1.561576923076923,51987.89615384616,0.6743931293487542
-0.3743406593406595,0.07609065934065917,0.3356263736263738,0.46306043956043974,0.43272802197802185,0.6766291208791209,0.2714203296703298,0.7073489010989013,1.611576923076923,52700.89615384616,0.6785614013671868
-0.3743406593406595,0.056090659340659155,0.34562637362637383,0.4430604395604397,0.44272802197802186,0.6766291208791209,0.24142032967032978,0.6473489010989012,1.661576923076923,52209.89615384616,0.6820487499237018
-0.3543406593406595,0.07609065934065917,0.3356263736263738,0.4130604395604399,0.43272802197802185,0.6866291208791209,0.2514203296703298,0.6473489010989012,1.7215769230769231,52102.89615384616,0.6820487499237018
-0.3843406593406594,0.07609065934065917,0.35562637362637384,0.3930604395604399,0.44272802197802186,0.6966291208791209,0.23142032967032977,0.6273489010989012,1.771576923076923,52715.89615384616,0.6864642620086663
-0.3543406593406595,0.056090659340659155,0.34562637362637383,0.4030604395604399,0.45272802197802187,0.6666291208791209,0.23142032967032977,0.6073489010989012,1.811576923076923,52868.89615384616,0.6905498027801507
-0.3543406593406595,0.07609065934065917,0.3356263736263738,0.3630604395604399,0.42272802197802184,0.6766291208791209,0.2514203296703298,0.5873489010989011,1.861576923076923,52999.89615384616,0.6945576190948479
-0.3443406593406595,0.06609065934065916,0.3256263736263738,0.34306043956043986,0.43272802197802185,0.6566291208791208,0.24142032967032978,0.5573489010989011,1.921576923076923,52600.89615384616,0.6985911846160882
-0.3643406593406595,0.06609065934065916,0.3356263736263738,0.32306043956043984,0.4627280219780219,0.6666291208791209,0.23142032967032977,0.5573489010989011,1.961576923076923,52793.89615384616,0.6996449947357206
-0.3643406593406595,0.08609065934065918,0.3356263736263738,0.31306043956043983,0.4627280219780219,0.6966291208791209,0.23142032967032977,0.5473489010989011,1.971576923076923,52968.89615384616,0.7031840801239007
-0.3643406593406595,0.07609065934065917,0.3356263736263738,0.2830604395604398,0.44272802197802186,0.6866291208791209,0.23142032967032977,0.5273489010989011,2.011576923076923,53239.89615384616,0.7072007179260247
-0.3643406593406595,0.12609065934065922,0.3256263736263738,0.2730604395604398,0.43272802197802185,0.6766291208791209,0.24142032967032978,0.5073489010989011,2.0415769230769234,53360.89615384616,0.7108702182769768
-0.3643406593406595,0.15609065934065924,0.3356263736263738,0.2730604395604398,0.42272802197802184,0.6666291208791209,0.24142032967032978,0.4873489010989013,2.0615769230769234,53745.89615384616,0.7119295120239286
-0.3643406593406595,0.12609065934065922,0.3256263736263738,0.2630604395604398,0.45272802197802187,0.6366291208791209,0.24142032967032978,0.46734890109890126,2.1215769230769235,54378.89615384616,0.7159842967987018
-0.3643406593406595,0.15609065934065924,0.3156263736263738,0.2530604395604398,0.43272802197802185,0.6566291208791208,0.21142032967032975,0.46734890109890126,2.1515769230769233,55059.89615384616,0.7192975997924798
-0.3843406593406594,0.17609065934065926,0.36562637362637385,0.21306043956043985,0.43272802197802185,0.6466291208791208,0.21142032967032975,0.45734890109890125,2.1715769230769233,55616.89615384616,0.7232694149017327
-0.3743406593406595,0.14609065934065923,0.36562637362637385,0.20306043956043984,0.43272802197802185,0.6366291208791209,0.22142032967032976,0.4273489010989012,2.201576923076923,55717.89615384616,0.7232694149017327
-0.3943406593406594,0.17609065934065926,0.38562637362637386,0.21306043956043985,0.4027280219780218,0.6266291208791209,0.24142032967032978,0.4173489010989012,2.201576923076923,55454.89615384616,0.7272746086120598
-0.40434065934065944,0.17609065934065926,0.38562637362637386,0.20306043956043984,0.41272802197802183,0.6166291208791209,0.24142032967032978,0.3973489010989012,2.2315769230769233,56169.89615384616,0.7312736034393303
-0.3843406593406594,0.19609065934065928,0.37562637362637386,0.20306043956043984,0.4027280219780218,0.5966291208791209,0.2514203296703298,0.3973489010989012,2.2515769230769234,56210.89615384616,0.7357518196105985
-0.40434065934065944,0.2260906593406593,0.3356263736263738,0.21306043956043985,0.3927280219780218,0.6066291208791209,0.2514203296703298,0.4073489010989012,2.2515769230769234,55727.89615384616,0.7357518196105985
-0.3943406593406594,0.23609065934065931,0.3356263736263738,0.21306043956043985,0.3727280219780218,0.6066291208791209,0.2514203296703298,0.3873489010989012,2.281576923076923,56226.89615384616,0.7391495227813678
-0.3643406593406595,0.25609065934065933,0.3256263736263738,0.17306043956043982,0.3927280219780218,0.5766291208791209,0.2614203296703298,0.36734890109890117,2.2915769230769234,56407.89615384616,0.7441534519195585
-0.3643406593406595,0.25609065934065933,0.3256263736263738,0.17306043956043982,0.3827280219780218,0.5966291208791209,0.2614203296703298,0.36734890109890117,2.301576923076923,56960.89615384616,0.7472912788391106
-0.3343406593406595,0.27609065934065935,0.3056263736263738,0.1630604395604398,0.3627280219780218,0.6066291208791209,0.2614203296703298,0.36734890109890117,2.301576923076923,57587.89615384616,0.7482892990112298
-0.3643406593406595,0.28609065934065936,0.2956263736263738,0.17306043956043982,0.3627280219780218,0.5766291208791209,0.2714203296703298,0.36734890109890117,2.3115769230769234,57478.89615384616,0.7512912273406975
-0.3243406593406595,0.29609065934065937,0.3356263736263738,0.1530604395604398,0.3627280219780218,0.5666291208791209,0.2714203296703298,0.35734890109890116,2.321576923076923,57809.89615384616,0.7556802749633782
-0.3243406593406595,0.29609065934065937,0.3256263736263738,0.1430604395604398,0.3627280219780218,0.5766291208791209,0.2714203296703298,0.35734890109890116,2.321576923076923,57602.89615384616,0.7603327751159661
-0.30434065934065946,0.29609065934065937,0.37562637362637386,0.13306043956043978,0.3527280219780218,0.5666291208791209,0.3014203296703296,0.34734890109890115,2.321576923076923,57567.89615384616,0.7634231567382805
-0.30434065934065946,0.31609065934065916,0.35562637362637384,0.10306043956043986,0.3527280219780218,0.5766291208791209,0.2814203296703298,0.34734890109890115,2.3315769230769234,58122.89615384616,0.7644235610961907
-0.28434065934065944,0.31609065934065916,0.38562637362637386,0.09306043956043986,0.34272802197802177,0.5566291208791209,0.2914203296703296,0.33734890109890114,2.3315769230769234,58121.89615384616,0.7684201717376702
-0.28434065934065944,0.31609065934065916,0.36562637362637385,0.11306043956043987,0.32272802197802175,0.5666291208791209,0.3014203296703296,0.32734890109890113,2.3315769230769234,58776.89615384616,0.7723915100097685
-0.27434065934065943,0.31609065934065916,0.4256263736263739,0.09306043956043986,0.31272802197802196,0.5466291208791209,0.3014203296703296,0.3173489010989011,2.3415769230769232,59233.89615384616,0.7763912200927727
-0.2543406593406594,0.3360906593406592,0.4556263736263737,0.07306043956043984,0.32272802197802175,0.5666291208791209,0.3114203296703296,0.3173489010989011,2.3315769230769234,58776.89615384616,0.7763912200927727
-0.2643406593406594,0.31609065934065916,0.5156263736263738,0.07306043956043984,0.27272802197802193,0.5666291208791209,0.3114203296703296,0.32734890109890113,2.3515769230769235,58821.89615384616,0.7805816650390618
-0.2543406593406594,0.3460906593406592,0.5256263736263738,0.023060439560439794,0.2627280219780219,0.5666291208791209,0.3114203296703296,0.3173489010989011,2.3515769230769235,59168.89615384616,0.7848853588104241
-0.2543406593406594,0.3360906593406592,0.5956263736263738,0.04306043956043981,0.2527280219780219,0.5666291208791209,0.3014203296703296,0.2973489010989012,2.3515769230769235,59829.89615384616,0.7888812541961663
-0.2443406593406594,0.3560906593406592,0.6256263736263739,0.0330604395604398,0.2627280219780219,0.5666291208791209,0.3114203296703296,0.30734890109890123,2.3515769230769235,60334.89615384616,0.7888812541961663
-0.2543406593406594,0.3460906593406592,0.6656263736263739,0.04306043956043981,0.2627280219780219,0.5266291208791208,0.3114203296703296,0.30734890109890123,2.3615769230769232,60275.89615384616,0.7928919315338128
-0.2443406593406594,0.3260906593406592,0.6956263736263737,0.04306043956043981,0.2627280219780219,0.5566291208791209,0.3014203296703296,0.30734890109890123,2.3615769230769232,60342.89615384616,0.7980660915374784
-0.2343406593406594,0.30609065934065915,0.7256263736263737,0.013060439560439785,0.2327280219780219,0.5366291208791208,0.3014203296703296,0.2873489010989012,2.3715769230769235,60603.89615384616,0.8010305881500237
-0.2243406593406594,0.31609065934065916,0.7656263736263738,0.003060439560439776,0.22272802197802188,0.5466291208791209,0.32142032967032963,0.2873489010989012,2.3715769230769235,60650.89615384616,0.8010305881500237
-0.2543406593406594,0.30609065934065915,0.8556263736263738,-0.02693956043956014,0.2327280219780219,0.4966291208791209,0.32142032967032963,0.2673489010989012,2.3815769230769233,60965.89615384616,0.805062007904052
-0.2543406593406594,0.27609065934065935,0.9256263736263739,-0.01693956043956013,0.22272802197802188,0.4866291208791209,0.33142032967032964,0.2773489010989012,2.3715769230769235,61072.89615384616,0.8098670959472649
-0.2543406593406594,0.25609065934065933,0.9856263736263737,-0.03693956043956015,0.2327280219780219,0.5166291208791208,0.32142032967032963,0.2573489010989012,2.3815769230769233,60717.89615384616,0.8128764152526884
-0.2643406593406594,0.25609065934065933,1.0256263736263738,-0.056939560439560166,0.22272802197802188,0.5066291208791209,0.32142032967032963,0.2573489010989012,2.3815769230769233,60960.89615384616,0.8138608455657987
-0.2443406593406594,0.25609065934065933,1.0556263736263738,-0.056939560439560166,0.20272802197802187,0.5066291208791209,0.3114203296703296,0.2573489010989012,2.391576923076923,61175.89615384616,0.8178588867187493
-0.2643406593406594,0.24609065934065932,1.1156263736263738,-0.07693956043956018,0.2327280219780219,0.4566291208791209,0.3114203296703296,0.2573489010989012,2.391576923076923,61278.89615384616,0.8218650341033964
-0.2643406593406594,0.2160906593406593,1.1556263736263739,-0.13693956043956013,0.2427280219780219,0.4666291208791209,0.3014203296703296,0.24734890109890117,2.4015769230769233,61961.89615384616,0.8259622573852496
-0.2643406593406594,0.17609065934065926,1.1956263736263737,-0.15693956043956014,0.2427280219780219,0.4966291208791209,0.3114203296703296,0.24734890109890117,2.391576923076923,62162.89615384616,0.8259622573852496
-0.2543406593406594,0.17609065934065926,1.2556263736263737,-0.16693956043956015,0.2527280219780219,0.4666291208791209,0.3014203296703296,0.24734890109890117,2.4015769230769233,61971.89615384616,0.8299717426300042
-0.2643406593406594,0.15609065934065924,1.2856263736263738,-0.18693956043956017,0.2527280219780219,0.4466291208791209,0.3014203296703296,0.23734890109890117,2.4015769230769233,62408.89615384616,0.83443636894226
-0.2543406593406594,0.16609065934065925,1.3356263736263738,-0.17693956043956016,0.2627280219780219,0.42662912087912086,0.3014203296703296,0.22734890109890116,2.411576923076923,62589.89615384616,0.8379587650299065
-0.2543406593406594,0.12609065934065922,1.3756263736263739,-0.2069395604395602,0.29272802197802195,0.39662912087912083,0.3014203296703296,0.22734890109890116,2.4215769230769233,62716.89615384616,0.84153504371643
-0.2443406593406594,0.09609065934065919,1.4056263736263737,-0.2569395604395602,0.28272802197802194,0.41662912087912085,0.2914203296703296,0.20734890109890114,2.4215769230769233,62965.89615384616,0.84153504371643
-0.2343406593406594,0.08609065934065918,1.4256263736263737,-0.2669395604395602,0.27272802197802193,0.38662912087912094,0.3014203296703296,0.20734890109890114,2.4015769230769233,63344.89615384616,0.8468131542205803
-0.2243406593406594,0.056090659340659155,1.475626373626374,-0.23693956043956016,0.2627280219780219,0.42662912087912086,0.2914203296703296,0.20734890109890114,2.411576923076923,64115.89615384616,0.8505792140960686
-0.2243406593406594,0.03609065934065936,1.4856263736263737,-0.2669395604395602,0.2527280219780219,0.40662912087912084,0.2914203296703296,0.19734890109890113,2.4215769230769233,64672.89615384616,0.8538391113281243
-0.21434065934065938,0.02609065934065935,1.5056263736263737,-0.2769395604395602,0.27272802197802193,0.3366291208791209,0.2914203296703296,0.20734890109890114,2.411576923076923,64439.89615384616,0.8545794010162346
-0.20434065934065937,-0.0039093406593406765,1.555626373626374,-0.3369395604395602,0.29272802197802195,0.3466291208791209,0.2914203296703296,0.18734890109890123,2.4215769230769233,64646.89615384616,0.8585955619812005
-0.20434065934065937,-0.023909340659340694,1.5756263736263736,-0.30693956043956017,0.27272802197802193,0.3666291208791209,0.3014203296703296,0.18734890109890123,2.4215769230769233,64911.89615384616,0.8625795364379876
-0.20434065934065937,-0.023909340659340694,1.5856263736263738,-0.30693956043956017,0.27272802197802193,0.3366291208791209,0.2814203296703298,0.19734890109890113,2.4015769230769233,64920.89615384616,0.8665587425231962
-0.18434065934065957,-0.04390934065934071,1.5956263736263736,-0.35693956043956016,0.29272802197802195,0.30662912087912086,0.2914203296703296,0.17734890109890122,2.4215769230769233,65311.89615384616,0.8676137447357206
-0.18434065934065957,-0.05390934065934072,1.6156263736263736,-0.29693956043956016,0.2627280219780219,0.3466291208791209,0.2814203296703298,0.17734890109890122,2.4215769230769233,65508.89615384616,0.8705505847930901
-0.16434065934065956,-0.06390934065934073,1.6256263736263739,-0.3169395604395602,0.2527280219780219,0.3666291208791209,0.2814203296703298,0.1573489010989012,2.4215769230769233,66027.89615384616,0.8755914688110344
-0.16434065934065956,-0.09390934065934076,1.665626373626374,-0.29693956043956016,0.29272802197802195,0.3666291208791209,0.2814203296703298,0.1573489010989012,2.431576923076923,66188.89615384616,0.8787958145141594
-0.17434065934065957,-0.09390934065934076,1.665626373626374,-0.28693956043956015,0.27272802197802193,0.3766291208791209,0.2714203296703298,0.16734890109890121,2.4015769230769233,65887.89615384616,0.8787958145141594
-0.17434065934065957,-0.11390934065934077,1.6956263736263737,-0.29693956043956016,0.27272802197802193,0.39662912087912083,0.2614203296703298,0.1373489010989012,2.411576923076923,66506.89615384616,0.8828014850616483
-0.15434065934065955,-0.1339093406593408,1.7156263736263737,-0.28693956043956015,0.30272802197802196,0.3366291208791209,0.2714203296703298,0.1473489010989012,2.391576923076923,67251.89615384616,0.8867976188659661
-0.15434065934065955,-0.1439093406593407,1.7156263736263737,-0.2769395604395602,0.30272802197802196,0.3566291208791209,0.2514203296703298,0.1473489010989012,2.3815769230769233,66814.89615384616,0.8907975673675566
-0.14434065934065954,-0.1539093406593407,1.7156263736263737,-0.24693956043956017,0.30272802197802196,0.3466291208791209,0.2614203296703298,0.1373489010989012,2.391576923076923,66489.89615384616,0.8921536922454827
-0.12434065934065952,-0.17390934065934072,1.725626373626374,-0.2569395604395602,0.30272802197802196,0.3566291208791209,0.2714203296703298,0.1373489010989012,2.3615769230769232,66676.89615384616,0.8953523159027093
-0.12434065934065952,-0.1639093406593407,1.725626373626374,-0.2569395604395602,0.33272802197802176,0.3766291208791209,0.2614203296703298,0.1373489010989012,2.3715769230769235,67043.89615384616,0.8990461349487298
-0.1043406593406595,-0.17390934065934072,1.725626373626374,-0.2169395604395602,0.31272802197802196,0.41662912087912085,0.2914203296703296,0.1473489010989012,2.321576923076923,66970.89615384616,0.9031679153442376
-0.08434065934065949,-0.18390934065934073,1.705626373626374,-0.16693956043956015,0.30272802197802196,0.39662912087912083,0.2814203296703298,0.1373489010989012,2.3115769230769234,66435.89615384616,0.9041707038879387
-0.07434065934065948,-0.17390934065934072,1.6956263736263737,-0.17693956043956016,0.32272802197802175,0.39662912087912083,0.2714203296703298,0.1373489010989012,2.3115769230769234,66382.89615384616,0.9071771621704094
-0.06434065934065947,-0.18390934065934073,1.6956263736263737,-0.14693956043956014,0.30272802197802196,0.41662912087912085,0.2814203296703298,0.1373489010989012,2.2715769230769234,66529.89615384616,0.9112770080566399
-0.06434065934065947,-0.19390934065934073,1.705626373626374,-0.14693956043956014,0.32272802197802175,0.40662912087912084,0.2514203296703298,0.1373489010989012,2.2715769230769234,66144.89615384616,0.9162728309631305
-0.06434065934065947,-0.17390934065934072,1.7156263736263737,-0.17693956043956016,0.33272802197802176,0.41662912087912085,0.2814203296703298,0.1373489010989012,2.241576923076923,66119.89615384616,0.9172460556030266
-0.06434065934065947,-0.19390934065934073,1.705626373626374,-0.12693956043956012,0.3527280219780218,0.41662912087912085,0.2914203296703296,0.11734890109890117,2.1915769230769233,65834.89615384616,0.9197163105010979
-0.06434065934065947,-0.18390934065934073,1.725626373626374,-0.0969395604395602,0.32272802197802175,0.43662912087912087,0.2614203296703298,0.12734890109890118,2.201576923076923,65591.89615384616,0.924091053009036
-0.06434065934065947,-0.19390934065934073,1.725626373626374,-0.0969395604395602,0.34272802197802177,0.43662912087912087,0.2614203296703298,0.1473489010989012,2.161576923076923,65542.89615384616,0.9280542850494378
-0.06434065934065947,-0.19390934065934073,1.7356263736263737,-0.03693956043956015,0.32272802197802175,0.4466291208791209,0.2614203296703298,0.1573489010989012,2.1115769230769232,65231.89615384616,0.9323091030120843
-0.06434065934065947,-0.19390934065934073,1.725626373626374,-0.03693956043956015,0.32272802197802175,0.4766291208791209,0.2714203296703298,0.16734890109890121,2.031576923076923,64740.89615384616,0.9323091030120843
-0.05434065934065946,-0.19390934065934073,1.705626373626374,-0.02693956043956014,0.33272802197802176,0.4766291208791209,0.2714203296703298,0.16734890109890121,2.031576923076923,63997.89615384616,0.936894369125369
-0.05434065934065946,-0.19390934065934073,1.6956263736263737,-0.01693956043956013,0.34272802197802177,0.4966291208791209,0.2814203296703298,0.16734890109890121,1.9815769230769231,63630.89615384616,0.9408733367919915
-0.05434065934065946,-0.17390934065934072,1.665626373626374,0.0330604395604398,0.32272802197802175,0.5166291208791208,0.2814203296703298,0.17734890109890122,1.9315769230769229,63369.89615384616,0.944157791137691
-0.03434065934065944,-0.17390934065934072,1.6756263736263737,0.05306043956043982,0.32272802197802175,0.5366291208791208,0.3014203296703296,0.16734890109890121,1.9315769230769229,62800.89615384616,0.9448940277099602
-0.04434065934065945,-0.18390934065934073,1.665626373626374,0.08306043956043985,0.30272802197802196,0.5866291208791209,0.3014203296703296,0.1573489010989012,1.871576923076923,62081.89615384616,0.9484180927276604
-0.04434065934065945,-0.18390934065934073,1.6756263736263737,0.09306043956043986,0.29272802197802195,0.5966291208791209,0.3014203296703296,0.16734890109890121,1.841576923076923,61920.89615384616,0.9533316612243645
-0.04434065934065945,-0.18390934065934073,1.665626373626374,0.13306043956043978,0.31272802197802196,0.6066291208791209,0.3014203296703296,0.1573489010989012,1.791576923076923,61685.89615384616,0.957386922836303
-0.03434065934065944,-0.17390934065934072,1.6456263736263739,0.13306043956043978,0.29272802197802195,0.6166291208791209,0.35142032967032966,0.16734890109890121,1.7515769230769231,61238.89615384616,0.9583861351013176
-0.024340659340659432,-0.18390934065934073,1.6456263736263739,0.1430604395604398,0.30272802197802196,0.6466291208791208,0.32142032967032963,0.17734890109890122,1.7215769230769231,60675.89615384616,0.961387109756469
-0.024340659340659432,-0.17390934065934072,1.6156263736263736,0.18306043956043982,0.29272802197802195,0.6966291208791209,0.32142032967032963,0.17734890109890122,1.681576923076923,60164.89615384616,0.9659254074096673
-0.014340659340659423,-0.17390934065934072,1.6056263736263738,0.19306043956043983,0.27272802197802193,0.7266291208791209,0.3714203296703297,0.16734890109890121,1.631576923076923,59707.89615384616,0.9688488960266106
0.005659340659340595,-0.1539093406593407,1.5956263736263736,0.22306043956043986,0.27272802197802193,0.7366291208791209,0.35142032967032966,0.1573489010989012,1.611576923076923,58990.89615384616,0.9698590755462639
0.005659340659340595,-0.1439093406593407,1.5756263736263736,0.24306043956043988,0.2627280219780219,0.7566291208791209,0.34142032967032965,0.18734890109890123,1.541576923076923,58525.89615384616,0.9732899188995354
-0.014340659340659423,-0.1439093406593407,1.5756263736263736,0.2530604395604398,0.2627280219780219,0.7666291208791208,0.34142032967032965,0.18734890109890123,1.511576923076923,57910.89615384616,0.9771477699279778
-0.004340659340659414,-0.1339093406593408,1.555626373626374,0.2530604395604398,0.27272802197802193,0.7666291208791208,0.36142032967032967,0.17734890109890122,1.4715769230769231,57391.89615384616,0.98154969215393
-0.014340659340659423,-0.12390934065934078,1.535626373626374,0.2630604395604398,0.27272802197802193,0.7766291208791208,0.35142032967032966,0.19734890109890113,1.451576923076923,57512.89615384616,0.9825355529785185
-0.014340659340659423,-0.11390934065934077,1.5056263736263737,0.2830604395604398,0.27272802197802193,0.8066291208791209,0.3714203296703297,0.19734890109890113,1.441576923076923,57149.89615384616,0.9855188846588128
-0.024340659340659432,-0.12390934065934078,1.515626373626374,0.3030604395604398,0.2627280219780219,0.8166291208791209,0.35142032967032966,0.17734890109890122,1.421576923076923,56824.89615384616,0.9895188331603997
0.015659340659340604,-0.11390934065934077,1.455626373626374,0.31306043956043983,0.2527280219780219,0.8466291208791209,0.3714203296703297,0.17734890109890122,1.421576923076923,56461.89615384616,0.9945187091827385
0.025659340659340613,-0.11390934065934077,1.4256263736263737,0.32306043956043984,0.2627280219780219,0.8566291208791209,0.3714203296703297,0.17734890109890122,1.391576923076923,55938.89615384616,0.9945187091827385
0.025659340659340613,-0.09390934065934076,1.415626373626374,0.32306043956043984,0.2627280219780219,0.8666291208791209,0.4014203296703297,0.1473489010989012,1.331576923076923,55189.89615384616,0.997940015792846
0.015659340659340604,-0.08390934065934075,1.3956263736263739,0.3030604395604398,0.28272802197802194,0.8766291208791209,0.4014203296703297,0.16734890109890121,1.311576923076923,54580.89615384616,1.0019092082977288
-0.004340659340659414,-0.07390934065934074,1.3656263736263736,0.35306043956043986,0.27272802197802193,0.8666291208791209,0.36142032967032967,0.17734890109890122,1.321576923076923,54509.89615384616,1.005580377578731
0.015659340659340604,-0.06390934065934073,1.3556263736263738,0.35306043956043986,0.27272802197802193,0.8866291208791209,0.35142032967032966,0.17734890109890122,1.261576923076923,54132.89615384616,1.009497833251956
0.03565934065934062,-0.04390934065934071,1.2856263736263738,0.35306043956043986,0.28272802197802194,0.8866291208791209,0.3714203296703297,0.17734890109890122,1.211576923076923,53989.89615384616,1.0108041286468499
0.06565934065934043,-0.05390934065934072,1.2256263736263737,0.3830604395604399,0.2627280219780219,0.916629120879121,0.4314203296703297,0.1473489010989012,1.201576923076923,53948.89615384616,1.0138062953948968
0.06565934065934043,-0.0339093406593407,1.1956263736263737,0.3730604395604399,0.2627280219780219,0.936629120879121,0.4314203296703297,0.1573489010989012,1.161576923076923,53509.89615384616,1.0188066482543938
0.08565934065934044,-0.023909340659340694,1.1356263736263739,0.3930604395604399,0.2627280219780219,0.9566291208791208,0.44142032967032974,0.16734890109890121,1.181576923076923,52968.89615384616,1.021818113327022
0.06565934065934043,-0.013909340659340685,1.1056263736263738,0.3930604395604399,0.2627280219780219,0.9966291208791208,0.45142032967032975,0.17734890109890122,1.101576923076923,52899.89615384616,1.0228139877319329
0.08565934065934044,-0.0039093406593406765,1.0656263736263738,0.3930604395604399,0.2527280219780219,1.016629120879121,0.46142032967032975,0.1373489010989012,1.121576923076923,52880.89615384616,1.0268578052520745
0.11565934065934047,-0.0039093406593406765,1.0156263736263738,0.4130604395604399,0.2527280219780219,1.026629120879121,0.4314203296703297,0.16734890109890121,1.071576923076923,52977.89615384616,1.0301138877868645
0.12565934065934048,0.02609065934065935,0.9856263736263737,0.4130604395604399,0.2527280219780219,1.056629120879121,0.4914203296703298,0.1473489010989012,1.071576923076923,52950.89615384616,1.0341369628906243
0.12565934065934048,0.01609065934065934,0.9756263736263737,0.4230604395604399,0.2427280219780219,1.066629120879121,0.47142032967032976,0.16734890109890121,1.051576923076923,52701.89615384616,1.0351812362670891
0.11565934065934047,0.03609065934065936,0.9056263736263739,0.4130604395604399,0.2627280219780219,1.076629120879121,0.4914203296703298,0.1473489010989012,1.011576923076923,52182.89615384616,1.0382275104522698
0.1456593406593405,0.01609065934065934,0.8956263736263739,0.4230604395604399,0.2627280219780219,1.076629120879121,0.4214203296703297,0.12734890109890118,0.9915769230769231,51607.89615384616,1.0432731628417997
0.12565934065934048,0.03609065934065936,0.8956263736263739,0.4230604395604399,0.2527280219780219,1.116629120879121,0.4314203296703297,0.11734890109890117,0.9915769230769231,51964.89615384616,1.0473744392395048
0.09565934065934045,0.06609065934065916,0.8656263736263738,0.4130604395604399,0.2327280219780219,1.146629120879121,0.44142032967032974,0.11734890109890117,0.9915769230769231,52133.89615384616,1.0473744392395048
0.08565934065934044,0.03609065934065936,0.8756263736263739,0.43306043956043994,0.20272802197802187,1.186629120879121,0.48142032967032977,0.08734890109890114,0.9515769230769231,52044.89615384616,1.0515253067016594
0.09565934065934045,0.07609065934065917,0.8256263736263738,0.4030604395604399,0.19272802197802186,1.236629120879121,0.44142032967032974,0.1473489010989012,0.9515769230769231,52203.89615384616,1.0559403419494622
0.07565934065934043,0.056090659340659155,0.7956263736263738,0.3730604395604399,0.18272802197802185,1.306629120879121,0.45142032967032975,0.10734890109890116,0.901576923076923,52286.89615384616,1.0599298000335686
0.07565934065934043,0.04609065934065937,0.8056263736263738,0.3630604395604399,0.15272802197802182,1.346629120879121,0.4314203296703297,0.09734890109890115,0.871576923076923,51871.89615384616,1.0599298000335686
0.09565934065934045,0.03609065934065936,0.7756263736263738,0.34306043956043986,0.1427280219780218,1.416629120879121,0.4214203296703297,0.04734890109890122,0.881576923076923,52096.89615384616,1.0639304637908928
0.11565934065934047,0.02609065934065935,0.7656263736263738,0.34306043956043986,0.10272802197802178,1.466629120879121,0.3814203296703297,0.05734890109890123,0.861576923076923,52003.89615384616,1.0681235313415556
0.09565934065934045,0.03609065934065936,0.7156263736263737,0.34306043956043986,0.08272802197802176,1.526629120879121,0.3914203296703297,0.04734890109890122,0.841576923076923,51544.89615384616,1.0724918365478509
0.07565934065934043,0.02609065934065935,0.7256263736263737,0.33306043956043985,0.052728021978021955,1.596629120879121,0.4114203296703297,0.04734890109890122,0.841576923076923,51251.89615384616,1.0752629756927483
0.09565934065934045,-0.0039093406593406765,0.6756263736263739,0.33306043956043985,0.03272802197802194,1.646629120879121,0.33142032967032964,0.03734890109890121,0.841576923076923,51676.89615384616,1.0752629756927483
0.08565934065934044,0.02609065934065935,0.6756263736263739,0.31306043956043983,-0.007271978021978098,1.716629120879121,0.33142032967032964,0.05734890109890123,0.821576923076923,52445.89615384616,1.0797571659088128
0.06565934065934043,0.04609065934065937,0.6056263736263738,0.32306043956043984,-0.037271978021978125,1.736629120879121,0.2914203296703296,0.05734890109890123,0.8015769230769231,51538.89615384616,1.0828561305999749
0.07565934065934043,-0.0039093406593406765,0.6156263736263738,0.3030604395604398,-0.07727197802197816,1.786629120879121,0.2714203296703298,0.017348901098901193,0.8015769230769231,51177.89615384616,1.087051343917846
0.05565934065934064,0.01609065934065934,0.5756263736263738,0.34306043956043986,-0.09727197802197818,1.806629120879121,0.2514203296703298,-0.002651098901098825,0.761576923076923,51386.89615384616,1.087051343917846
0.005659340659340595,0.006090659340659332,0.5656263736263738,0.34306043956043986,-0.1372719780219782,1.8566291208791208,0.22142032967032976,0.017348901098901193,0.751576923076923,51545.89615384616,1.0913736343383782
0.025659340659340613,-0.023909340659340694,0.5956263736263738,0.35306043956043986,-0.15727197802197823,1.886629120879121,0.19142032967032974,0.007348901098901184,0.741576923076923,51854.89615384616,1.0964066505432122
0.04565934065934063,-0.013909340659340685,0.5356263736263738,0.3730604395604399,-0.18727197802197804,1.906629120879121,0.13142032967032968,0.007348901098901184,0.751576923076923,52257.89615384616,1.1003739356994622
0.015659340659340604,-0.023909340659340694,0.5656263736263738,0.35306043956043986,-0.20727197802197805,1.9366291208791209,0.11142032967032967,-0.012651098901098834,0.711576923076923,52458.89615384616,1.1003739356994622
-0.014340659340659423,-0.023909340659340694,0.5556263736263738,0.3630604395604399,-0.22727197802197807,1.9666291208791211,0.08142032967032975,0.03734890109890121,0.731576923076923,52533.89615384616,1.1040362834930377
-0.04434065934065945,0.02609065934065935,0.5256263736263738,0.3730604395604399,-0.2472719780219781,1.9866291208791211,0.05142032967032972,0.017348901098901193,0.711576923076923,52538.89615384616,1.1082005023956292
-0.08434065934065949,0.03609065934065936,0.5356263736263738,0.3730604395604399,-0.2672719780219781,2.006629120879121,-0.028579670329670237,0.04734890109890122,0.6915769230769231,52863.89615384616,1.11239047050476
-0.08434065934065949,0.01609065934065934,0.5156263736263738,0.3830604395604399,-0.2872719780219781,2.036629120879121,-0.038579670329670246,0.007348901098901184,0.701576923076923,53370.89615384616,1.1135057926178007
-0.08434065934065949,0.02609065934065935,0.48562637362637373,0.3630604395604399,-0.30727197802197814,2.046629120879121,-0.07857967032967028,0.0273489010989012,0.6915769230769231,53397.89615384616,1.116587829589843
-0.07434065934065948,-0.013909340659340685,0.4656263736263737,0.3730604395604399,-0.31727197802197815,2.056629120879121,-0.10857967032967031,0.017348901098901193,0.6715769230769231,54030.89615384616,1.1209074974060087
-0.1043406593406595,0.006090659340659332,0.4656263736263737,0.3830604395604399,-0.33727197802197817,2.086629120879121,-0.0985796703296703,0.05734890109890123,0.701576923076923,54463.89615384616,1.1244046211242669
-0.0943406593406595,-0.04390934065934071,0.4556263736263737,0.3830604395604399,-0.3472719780219782,2.096629120879121,-0.13857967032967033,0.03734890109890121,0.601576923076923,55152.89615384616,1.1254081249237018
-0.08434065934065949,-0.0339093406593407,0.4456263736263737,0.4130604395604399,-0.3672719780219782,2.106629120879121,-0.12857967032967033,0.007348901098901184,0.631576923076923,55923.89615384616,1.1296061992645257
-0.06434065934065947,-0.0339093406593407,0.4156263736263739,0.4230604395604399,-0.3672719780219782,2.096629120879121,-0.18857967032967027,0.03734890109890121,0.601576923076923,56304.89615384616,1.1327075481414788
-0.1043406593406595,-0.0339093406593407,0.4256263736263739,0.45306043956043973,-0.3772719780219781,2.076629120879121,-0.20857967032967029,0.05734890109890123,0.641576923076923,56775.89615384616,1.1371545314788776
-0.11434065934065951,-0.04390934065934071,0.4056263736263739,0.47306043956043975,-0.3872719780219781,2.076629120879121,-0.2285796703296703,0.03734890109890121,0.611576923076923,56770.89615384616,1.1381616115570061
-0.12434065934065952,-0.023909340659340694,0.36562637362637385,0.48306043956043976,-0.3972719780219781,2.076629120879121,-0.2185796703296703,-0.002651098901098825,0.621576923076923,57093.89615384616,1.1413521289825432
-0.11434065934065951,-0.0339093406593407,0.34562637362637383,0.48306043956043976,-0.3972719780219781,2.066629120879121,-0.2185796703296703,0.06734890109890113,0.591576923076923,58352.89615384616,1.1455528259277301
-0.11434065934065951,-0.0339093406593407,0.34562637362637383,0.5030604395604398,-0.3972719780219781,2.066629120879121,-0.25857967032967033,0.09734890109890115,0.601576923076923,58443.89615384616,1.1497427940368645
-0.11434065934065951,-0.0339093406593407,0.3356263736263738,0.5130604395604398,-0.3972719780219781,2.046629120879121,-0.27857967032967024,0.08734890109890114,0.591576923076923,58466.89615384616,1.153786134719848
-0.12434065934065952,-0.0039093406593406765,0.3056263736263738,0.5230604395604398,-0.41727197802197813,2.066629120879121,-0.30857967032967026,0.08734890109890114,0.521576923076923,58689.89615384616,1.153786134719848
-0.13434065934065953,-0.0339093406593407,0.3256263736263738,0.5230604395604398,-0.42727197802197814,2.086629120879121,-0.29857967032967025,0.1473489010989012,0.501576923076923,58700.89615384616,1.1570450782775872
-0.13434065934065953,-0.023909340659340694,0.3256263736263738,0.5230604395604398,-0.43727197802197815,2.076629120879121,-0.28857967032967025,0.12734890109890118,0.511576923076923,59059.89615384616,1.16195101737976
-0.14434065934065954,-0.0339093406593407,0.3056263736263738,0.5330604395604398,-0.42727197802197814,2.076629120879121,-0.3385796703296703,0.1473489010989012,0.491576923076923,58936.89615384616,1.1656019210815423
-0.15434065934065955,-0.04390934065934071,0.27562637362637377,0.5430604395604398,-0.43727197802197815,2.076629120879121,-0.3185796703296703,0.17734890109890122,0.451576923076923,58815.89615384616,1.1664113521575956
-0.15434065934065955,-0.05390934065934072,0.26562637362637376,0.5530604395604398,-0.43727197802197815,2.066629120879121,-0.3685796703296703,0.20734890109890114,0.481576923076923,58740.89615384616,1.1695711135864215
-0.17434065934065957,-0.023909340659340694,0.24562637362637385,0.5630604395604398,-0.44727197802197816,2.066629120879121,-0.3385796703296703,0.20734890109890114,0.501576923076923,58657.89615384616,1.1737725257873564
-0.17434065934065957,-0.0339093406593407,0.27562637362637377,0.5630604395604398,-0.44727197802197816,2.066629120879121,-0.3485796703296703,0.23734890109890117,0.4415769230769231,58634.89615384616,1.1778847694396966
-0.18434065934065957,-0.013909340659340685,0.26562637362637376,0.5630604395604398,-0.44727197802197816,2.056629120879121,-0.3385796703296703,0.21734890109890115,0.461576923076923,58467.89615384616,1.1787578582763665
-0.19434065934065936,-0.0339093406593407,0.26562637362637376,0.5630604395604398,-0.45727197802197816,2.056629120879121,-0.3185796703296703,0.2673489010989012,0.461576923076923,58178.89615384616,1.1827582836151116
-0.18434065934065957,-0.06390934065934073,0.26562637362637376,0.5830604395604398,-0.45727197802197816,2.036629120879121,-0.3485796703296703,0.2573489010989012,0.4315769230769231,58221.89615384616,1.1871215820312493
-0.20434065934065937,-0.05390934065934072,0.2856263736263738,0.5930604395604399,-0.4672719780219782,2.046629120879121,-0.3385796703296703,0.2673489010989012,0.4315769230769231,58306.89615384616,1.1902865886688225
-0.20434065934065937,-0.05390934065934072,0.27562637362637377,0.5930604395604399,-0.44727197802197816,2.036629120879121,-0.3285796703296703,0.2573489010989012,0.42157692307692307,58011.89615384616,1.1913346767425566
-0.21434065934065938,-0.08390934065934075,0.3156263736263738,0.6030604395604399,-0.44727197802197816,2.026629120879121,-0.3585796703296703,0.2973489010989012,0.371576923076923,57754.89615384616,1.1946441650390618
-0.2243406593406594,-0.08390934065934075,0.3256263736263738,0.6030604395604399,-0.44727197802197816,2.026629120879121,-0.3585796703296703,0.2873489010989012,0.351576923076923,57145.89615384616,1.1989488124847405
-0.2243406593406594,-0.08390934065934075,0.3156263736263738,0.6130604395604399,-0.44727197802197816,2.006629120879121,-0.3585796703296703,0.2873489010989012,0.38157692307692304,56686.89615384616,1.2029497146606438
-0.2443406593406594,-0.05390934065934072,0.2856263736263738,0.6130604395604399,-0.44727197802197816,1.9866291208791211,-0.37857967032967027,0.30734890109890123,0.351576923076923,56099.89615384616,1.2029497146606438
-0.2643406593406594,-0.06390934065934073,0.25562637362637375,0.6330604395604399,-0.43727197802197815,1.9566291208791209,-0.3185796703296703,0.34734890109890115,0.371576923076923,56048.89615384616,1.206910562515258
-0.29434065934065945,-0.08390934065934075,0.27562637362637377,0.6430604395604399,-0.42727197802197814,1.946629120879121,-0.25857967032967033,0.36734890109890117,0.38157692307692304,56199.89615384616,1.211100769042968
-0.2543406593406594,-0.08390934065934075,0.3056263736263738,0.6630604395604399,-0.41727197802197813,1.906629120879121,-0.25857967032967033,0.3973489010989012,0.38157692307692304,55754.89615384616,1.2146353244781487
-0.29434065934065945,-0.08390934065934075,0.2856263736263738,0.6530604395604399,-0.4072719780219781,1.8966291208791208,-0.26857967032967034,0.4273489010989012,0.42157692307692307,55379.89615384616,1.218668889999389
-0.30434065934065946,-0.06390934065934073,0.27562637362637377,0.6630604395604399,-0.3972719780219781,1.8766291208791208,-0.2185796703296703,0.45734890109890125,0.42157692307692307,54948.89615384616,1.218668889999389
-0.31434065934065947,-0.08390934065934075,0.27562637362637377,0.6730604395604399,-0.3672719780219782,1.8366291208791208,-0.19857967032967028,0.47734890109890127,0.4315769230769231,54247.89615384616,1.2227129459381096
-0.3243406593406595,-0.05390934065934072,0.27562637362637377,0.6830604395604399,-0.3672719780219782,1.806629120879121,-0.17857967032967026,0.5173489010989011,0.40157692307692305,53552.89615384616,1.2279803276062005
-0.30434065934065946,-0.0339093406593407,0.23562637362637384,0.7230604395604397,-0.33727197802197817,1.756629120879121,-0.11857967032967032,0.5373489010989011,0.4415769230769231,53243.89615384616,1.2313520431518512
-0.29434065934065945,-0.06390934065934073,0.26562637362637376,0.7330604395604398,-0.31727197802197815,1.696629120879121,-0.07857967032967028,0.5373489010989011,0.481576923076923,52846.89615384616,1.2323474407196038
-0.3343406593406595,-0.06390934065934073,0.26562637362637376,0.7430604395604398,-0.30727197802197814,1.676629120879121,-0.06857967032967027,0.5573489010989011,0.501576923076923,52971.89615384616,1.2351922512054436
-0.3343406593406595,-0.04390934065934071,0.24562637362637385,0.7630604395604398,-0.2772719780219781,1.626629120879121,-0.06857967032967027,0.5673489010989011,0.5515769230769231,52314.89615384616,1.2402019023895257
-0.3243406593406595,-0.0339093406593407,0.22562637362637383,0.7530604395604398,-0.2472719780219781,1.606629120879121,-0.048579670329670255,0.5673489010989011,0.571576923076923,52059.89615384616,1.2434463024139397
-0.3243406593406595,-0.013909340659340685,0.24562637362637385,0.7530604395604398,-0.23727197802197808,1.576629120879121,-0.028579670329670237,0.5773489010989011,0.611576923076923,51956.89615384616,1.244420957565307
-0.3243406593406595,-0.023909340659340694,0.22562637362637383,0.7230604395604397,-0.21727197802197806,1.566629120879121,0.031420329670329705,0.5873489010989011,0.631576923076923,51351.89615384616,1.2479044914245598
-0.3643406593406595,-0.013909340659340685,0.26562637362637376,0.7130604395604397,-0.19727197802197804,1.566629120879121,-0.00857967032967033,0.5973489010989012,0.6815769230769231,50456.89615384616,1.251925897598266
-0.3243406593406595,-0.013909340659340685,0.25562637362637375,0.7130604395604397,-0.16727197802197824,1.506629120879121,0.011420329670329687,0.6273489010989012,0.721576923076923,50041.89615384616,1.2559210777282708
-0.3343406593406595,-0.013909340659340685,0.27562637362637377,0.7230604395604397,-0.15727197802197823,1.496629120879121,0.031420329670329705,0.6173489010989012,0.731576923076923,49352.89615384616,1.2569252967834466
-0.3543406593406595,0.006090659340659332,0.25562637362637375,0.7230604395604397,-0.1272719780219782,1.4566291208791209,0.031420329670329705,0.6073489010989012,0.8015769230769231,48473.89615384616,1.2594601631164508
-0.3943406593406594,0.006090659340659332,0.26562637362637376,0.7130604395604397,-0.07727197802197816,1.416629120879121,0.041420329670329714,0.6273489010989012,0.821576923076923,47788.89615384616,1.2635807514190667
-0.3643406593406595,0.01609065934065934,0.25562637362637375,0.7130604395604397,-0.047271978021978134,1.346629120879121,0.08142032967032975,0.5973489010989012,0.861576923076923,47137.89615384616,1.2684447288513176
-0.3743406593406595,0.01609065934065934,0.27562637362637377,0.7330604395604398,-0.037271978021978125,1.336629120879121,0.09142032967032976,0.6273489010989012,0.871576923076923,47104.89615384616,1.269450378417968
-0.3743406593406595,-0.0039093406593406765,0.26562637362637376,0.7330604395604398,0.01272802197802192,1.256629120879121,0.11142032967032967,0.6173489010989012,0.9215769230769231,46191.89615384616,1.2725996494293206
-0.3643406593406595,-0.0039093406593406765,0.27562637362637377,0.7230604395604397,0.02272802197802193,1.246629120879121,0.1414203296703297,0.6273489010989012,0.9215769230769231,45924.89615384616,1.276602935791015
-0.3443406593406595,-0.0039093406593406765,0.26562637362637376,0.7530604395604398,0.03272802197802194,1.196629120879121,0.19142032967032974,0.5973489010989012,0.9615769230769231,45491.89615384616,1.281084489822387
-0.3443406593406595,-0.0039093406593406765,0.26562637362637376,0.7230604395604397,0.052728021978021955,1.2066291208791209,0.1614203296703297,0.6273489010989012,1.021576923076923,44678.89615384616,1.281084489822387
-0.3443406593406595,0.006090659340659332,0.27562637362637377,0.7030604395604397,0.07272802197802175,1.166629120879121,0.17142032967032972,0.6273489010989012,1.0015769230769231,44169.89615384616,1.2845427513122551
-0.3443406593406595,-0.013909340659340685,0.2856263736263738,0.6830604395604399,0.09272802197802177,1.136629120879121,0.18142032967032973,0.6473489010989012,1.021576923076923,43514.89615384616,1.2885570049285882
-0.3543406593406595,0.006090659340659332,0.2956263736263738,0.7030604395604397,0.1227280219780218,1.106629120879121,0.20142032967032975,0.6573489010989012,1.061576923076923,43167.89615384616,1.2925729274749749
-0.3643406593406595,-0.0039093406593406765,0.2856263736263738,0.6930604395604397,0.15272802197802182,1.076629120879121,0.20142032967032975,0.6873489010989012,1.071576923076923,43090.89615384616,1.2970094203948968
-0.3443406593406595,0.02609065934065935,0.2956263736263738,0.6730604395604399,0.17272802197802184,1.066629120879121,0.22142032967032976,0.6573489010989012,1.091576923076923,42565.89615384616,1.2970094203948968
-0.3543406593406595,0.006090659340659332,0.2956263736263738,0.6730604395604399,0.17272802197802184,1.036629120879121,0.23142032967032977,0.6773489010989012,1.111576923076923,42516.89615384616,1.3011693477630608
-0.3643406593406595,-0.0039093406593406765,0.3056263736263738,0.6630604395604399,0.20272802197802187,1.006629120879121,0.23142032967032977,0.6673489010989012,1.151576923076923,41677.89615384616,1.3051378250122063
-0.3543406593406595,-0.023909340659340694,0.3356263736263738,0.6530604395604399,0.21272802197802188,0.9766291208791208,0.21142032967032975,0.6873489010989012,1.141576923076923,41600.89615384616,1.30908555984497
-0.3543406593406595,-0.013909340659340685,0.3056263736263738,0.6630604395604399,0.2427280219780219,0.926629120879121,0.21142032967032975,0.6873489010989012,1.181576923076923,41567.89615384616,1.3101124286651604
-0.3543406593406595,-0.0339093406593407,0.34562637362637383,0.6330604395604399,0.2627280219780219,0.916629120879121,0.2814203296703298,0.6973489010989012,1.191576923076923,41488.89615384616,1.3131129264831536
-0.3443406593406595,-0.04390934065934071,0.3156263736263738,0.6130604395604399,0.29272802197802195,0.8666291208791209,0.3114203296703296,0.7173489010989013,1.201576923076923,40711.89615384616,1.3181130409240716
-0.3443406593406595,-0.0339093406593407,0.3156263736263738,0.5630604395604398,0.29272802197802195,0.8866291208791209,0.3114203296703296,0.6973489010989012,1.191576923076923,40334.89615384616,1.3214060783386223
-0.3243406593406595,-0.0339093406593407,0.3156263736263738,0.5830604395604398,0.30272802197802196,0.8866291208791209,0.32142032967032963,0.7173489010989013,1.2315769230769231,40335.89615384616,1.3224036216735833
-0.31434065934065947,-0.013909340659340685,0.3056263736263738,0.5630604395604398,0.34272802197802177,0.8466291208791209,0.33142032967032964,0.7173489010989013,1.2415769230769231,40340.89615384616,1.3252872943878167
-0.3343406593406595,0.006090659340659332,0.3056263736263738,0.5330604395604398,0.34272802197802177,0.8666291208791209,0.33142032967032964,0.7073489010989013,1.291576923076923,40321.89615384616,1.3301457881927483
-0.3343406593406595,-0.013909340659340685,0.34562637362637383,0.5130604395604398,0.34272802197802177,0.8466291208791209,0.32142032967032963,0.6873489010989012,1.351576923076923,40020.89615384616,1.3341834068298368
-0.3443406593406595,0.02609065934065935,0.3356263736263738,0.5030604395604398,0.3527280219780218,0.8366291208791209,0.3114203296703296,0.6773489010989012,1.371576923076923,39845.89615384616,1.3341834068298368
-0.31434065934065947,0.01609065934065934,0.3156263736263738,0.49306043956043977,0.3627280219780218,0.7866291208791208,0.32142032967032963,0.6573489010989012,1.451576923076923,40226.89615384616,1.337828350067138
-0.3243406593406595,0.006090659340659332,0.3156263736263738,0.47306043956043975,0.3727280219780218,0.7866291208791208,0.32142032967032963,0.6373489010989012,1.5015769230769231,39745.89615384616,1.3418621540069608
-0.3543406593406595,0.02609065934065935,0.3256263736263738,0.45306043956043973,0.3727280219780218,0.7566291208791209,0.2714203296703298,0.6273489010989012,1.591576923076923,39914.89615384616,1.345875930786132
-0.3543406593406595,0.056090659340659155,0.3256263736263738,0.47306043956043975,0.3727280219780218,0.7566291208791209,0.2714203296703298,0.6073489010989012,1.621576923076923,40287.89615384616,1.3468410491943352
-0.3843406593406594,0.04609065934065937,0.35562637362637384,0.4430604395604397,0.4027280219780218,0.7366291208791209,0.2814203296703298,0.6073489010989012,1.701576923076923,40382.89615384616,1.349575471878051
-0.3643406593406595,0.04609065934065937,0.35562637362637384,0.4230604395604399,0.4027280219780218,0.7266291208791209,0.2614203296703298,0.5673489010989011,1.761576923076923,40329.89615384616,1.3547794342041009
-0.3743406593406595,0.04609065934065937,0.34562637362637383,0.4430604395604397,0.3927280219780218,0.7166291208791209,0.2614203296703298,0.5673489010989011,1.781576923076923,40438.89615384616,1.3592514514923089
-0.3443406593406595,0.04609065934065937,0.3356263736263738,0.3830604395604399,0.41272802197802183,0.7166291208791209,0.2914203296703296,0.5373489010989011,1.841576923076923,40611.89615384616,1.362263393402099
-0.3543406593406595,0.03609065934065936,0.35562637362637384,0.3730604395604399,0.41272802197802183,0.7266291208791209,0.2814203296703298,0.5273489010989011,1.881576923076923,40628.89615384616,1.363249492645263
-0.3643406593406595,0.02609065934065935,0.35562637362637384,0.4030604395604399,0.3827280219780218,0.6866291208791209,0.2814203296703298,0.5073489010989011,1.921576923076923,40681.89615384616,1.3664693355560296
-0.3443406593406595,0.02609065934065935,0.35562637362637384,0.3830604395604399,0.4027280219780218,0.6766291208791209,0.2814203296703298,0.4973489010989013,1.971576923076923,40632.89615384616,1.3704850196838407
-0.3443406593406595,0.056090659340659155,0.35562637362637384,0.3730604395604399,0.4027280219780218,0.6666291208791209,0.2614203296703298,0.4273489010989012,2.0415769230769234,40573.89615384616,1.3745584011077874
-0.3543406593406595,0.056090659340659155,0.3356263736263738,0.32306043956043984,0.41272802197802183,0.6866291208791209,0.2514203296703298,0.43734890109890123,2.0915769230769232,40648.89615384616,1.3756072044372551
-0.3543406593406595,0.056090659340659155,0.35562637362637384,0.35306043956043986,0.42272802197802184,0.6566291208791208,0.2514203296703298,0.4173489010989012,2.1315769230769233,40895.89615384616,1.379036617279052
-0.3543406593406595,0.056090659340659155,0.3256263736263738,0.32306043956043984,0.4027280219780218,0.6666291208791209,0.2614203296703298,0.3973489010989012,2.161576923076923,41020.89615384616,1.3824066638946526
-0.3343406593406595,0.056090659340659155,0.34562637362637383,0.31306043956043983,0.41272802197802183,0.6566291208791208,0.2514203296703298,0.3873489010989012,2.1715769230769233,41185.89615384616,1.387536716461181
-0.3443406593406595,0.07609065934065917,0.3356263736263738,0.2730604395604398,0.41272802197802183,0.6466291208791208,0.24142032967032978,0.3773489010989012,2.221576923076923,40960.89615384616,1.387536716461181
-0.3443406593406595,0.08609065934065918,0.36562637362637385,0.2530604395604398,0.43272802197802185,0.6266291208791209,0.24142032967032978,0.36734890109890117,2.241576923076923,41413.89615384616,1.391536903381347
-0.3443406593406595,0.056090659340659155,0.36562637362637385,0.2530604395604398,0.4027280219780218,0.6266291208791209,0.23142032967032977,0.34734890109890115,2.261576923076923,41774.89615384616,1.3955366134643548
-0.3443406593406595,0.09609065934065919,0.34562637362637383,0.23306043956043987,0.4027280219780218,0.6366291208791209,0.2514203296703298,0.32734890109890113,2.2715769230769234,42159.89615384616,1.3995365619659417
-0.3343406593406595,0.09609065934065919,0.35562637362637384,0.22306043956043986,0.41272802197802183,0.6166291208791209,0.2614203296703298,0.33734890109890114,2.2915769230769234,42320.89615384616,1.3995365619659417
-0.3243406593406595,0.11609065934065921,0.3356263736263738,0.21306043956043985,0.41272802197802183,0.6266291208791209,0.2514203296703298,0.3173489010989011,2.321576923076923,42387.89615384616,1.4035369873046868
-0.3443406593406595,0.15609065934065924,0.34562637362637383,0.22306043956043986,0.3927280219780218,0.6166291208791209,0.2614203296703298,0.3173489010989011,2.3315769230769234,42722.89615384616,1.4081816196441643
-0.3543406593406595,0.15609065934065924,0.3356263736263738,0.18306043956043982,0.3827280219780218,0.6166291208791209,0.2514203296703298,0.30734890109890123,2.3415769230769232,42817.89615384616,1.4111630439758294
-0.31434065934065947,0.13609065934065923,0.3156263736263738,0.21306043956043985,0.3627280219780218,0.6266291208791209,0.2514203296703298,0.2973489010989012,2.3615769230769232,43632.89615384616,1.4111630439758294
-0.30434065934065946,0.14609065934065923,0.34562637362637383,0.17306043956043982,0.3727280219780218,0.5966291208791209,0.2514203296703298,0.2973489010989012,2.3615769230769232,44201.89615384616,1.415538024902343
-0.31434065934065947,0.17609065934065926,0.3356263736263738,0.1430604395604398,0.3827280219780218,0.6066291208791209,0.2714203296703298,0.2873489010989012,2.3715769230769235,44092.89615384616,1.419822168350219
-0.31434065934065947,0.15609065934065924,0.36562637362637385,0.18306043956043982,0.3527280219780218,0.6066291208791209,0.2714203296703298,0.2773489010989012,2.3815769230769233,44099.89615384616,1.4238121032714837
-0.3443406593406595,0.2060906593406593,0.35562637362637384,0.1530604395604398,0.3527280219780218,0.5866291208791209,0.2814203296703298,0.2673489010989012,2.3815769230769233,44392.89615384616,1.4248425483703606
-0.3243406593406595,0.18609065934065927,0.35562637362637384,0.1530604395604398,0.3527280219780218,0.5666291208791209,0.2914203296703296,0.2573489010989012,2.3815769230769233,44811.89615384616,1.4280161380767815
-0.3243406593406595,0.2160906593406593,0.36562637362637385,0.11306043956043987,0.3527280219780218,0.5566291208791209,0.2914203296703296,0.24734890109890117,2.391576923076923,45182.89615384616,1.4319951057434075
-0.29434065934065945,0.2160906593406593,0.3256263736263738,0.12306043956043988,0.34272802197802177,0.5766291208791209,0.3114203296703296,0.2573489010989012,2.3815769230769233,45249.89615384616,1.4368576526641839
-0.27434065934065943,0.25609065934065933,0.3156263736263738,0.08306043956043985,0.33272802197802176,0.5866291208791209,0.33142032967032964,0.23734890109890117,2.3815769230769233,45900.89615384616,1.4400209903717034
-0.28434065934065944,0.27609065934065935,0.34562637362637383,0.10306043956043986,0.30272802197802196,0.5666291208791209,0.3114203296703296,0.24734890109890117,2.411576923076923,46055.89615384616,1.4408785820007282
-0.29434065934065945,0.27609065934065935,0.34562637362637383,0.10306043956043986,0.27272802197802193,0.6066291208791209,0.3114203296703296,0.22734890109890116,2.411576923076923,46256.89615384616,1.4451756000518792
-0.27434065934065943,0.29609065934065937,0.36562637362637385,0.08306043956043985,0.28272802197802194,0.5966291208791209,0.32142032967032963,0.21734890109890115,2.411576923076923,46749.89615384616,1.448365402221679
-0.2543406593406594,0.25609065934065933,0.37562637362637386,0.06306043956043983,0.27272802197802193,0.5966291208791209,0.33142032967032964,0.20734890109890114,2.4215769230769233,47018.89615384616,1.4520344257354765
-0.2643406593406594,0.30609065934065915,0.35562637362637384,0.09306043956043986,0.2527280219780219,0.5966291208791209,0.32142032967032963,0.21734890109890115,2.4215769230769233,46957.89615384616,1.4527954578399687
-0.2543406593406594,0.3360906593406592,0.38562637362637386,0.08306043956043985,0.2327280219780219,0.5866291208791209,0.32142032967032963,0.20734890109890114,2.431576923076923,47270.89615384616,1.456989955902099
-0.2643406593406594,0.3560906593406592,0.4056263736263739,0.09306043956043986,0.22272802197802188,0.5866291208791209,0.33142032967032964,0.20734890109890114,2.431576923076923,47581.89615384616,1.4606079578399687
-0.2543406593406594,0.3560906593406592,0.4556263736263737,0.05306043956043982,0.2527280219780219,0.5666291208791209,0.3114203296703296,0.20734890109890114,2.431576923076923,47580.89615384616,1.4646234035491936
-0.2443406593406594,0.3560906593406592,0.5056263736263737,0.003060439560439776,0.2527280219780219,0.5566291208791209,0.3114203296703296,0.19734890109890113,2.4415769230769233,48157.89615384616,1.4656240463256829
-0.2643406593406594,0.3460906593406592,0.5556263736263738,-0.01693956043956013,0.2427280219780219,0.5666291208791209,0.32142032967032963,0.20734890109890114,2.4415769230769233,48094.89615384616,1.4686240673065178
-0.27434065934065943,0.3360906593406592,0.6056263736263738,-0.006939560439560122,0.27272802197802193,0.5366291208791208,0.32142032967032963,0.18734890109890123,2.451576923076923,48001.89615384616,1.4727437019348102
-0.2643406593406594,0.3460906593406592,0.6356263736263739,-0.006939560439560122,0.2427280219780219,0.5466291208791209,0.33142032967032964,0.17734890109890122,2.451576923076923,47922.89615384616,1.4765738964080803
-0.27434065934065943,0.3460906593406592,0.6656263736263739,-0.01693956043956013,0.22272802197802188,0.5666291208791209,0.35142032967032966,0.16734890109890121,2.451576923076923,48477.89615384616,1.4776236534118645
-0.29434065934065945,0.3460906593406592,0.6956263736263737,-0.006939560439560122,0.19272802197802186,0.5866291208791209,0.33142032967032964,0.16734890109890121,2.471576923076923,48786.89615384616,1.4811267375946038
-0.29434065934065945,0.31609065934065916,0.7356263736263737,0.003060439560439776,0.21272802197802188,0.5566291208791209,0.33142032967032964,0.16734890109890121,2.4815769230769233,48793.89615384616,1.4852253913879387
-0.30434065934065946,0.3260906593406592,0.7956263736263738,-0.02693956043956014,0.20272802197802187,0.5566291208791209,0.33142032967032964,0.16734890109890121,2.471576923076923,48994.89615384616,1.489247274398803
-0.29434065934065945,0.3360906593406592,0.8256263736263738,-0.056939560439560166,0.20272802197802187,0.5566291208791209,0.34142032967032965,0.1573489010989012,2.471576923076923,49407.89615384616,1.4902185916900628
-0.27434065934065943,0.27609065934065935,0.8856263736263739,-0.07693956043956018,0.19272802197802186,0.5466291208791209,0.33142032967032964,0.1573489010989012,2.471576923076923,49082.89615384616,1.4934827804565423
-0.2643406593406594,0.30609065934065915,0.9056263736263739,-0.10693956043956021,0.22272802197802188,0.5466291208791209,0.33142032967032964,0.1573489010989012,2.471576923076923,49505.89615384616,1.49748249053955
-0.27434065934065943,0.29609065934065937,0.9656263736263737,-0.14693956043956014,0.2427280219780219,0.5066291208791209,0.32142032967032963,0.1573489010989012,2.471576923076923,49430.89615384616,1.5018231391906767
-0.27434065934065943,0.27609065934065935,1.0056263736263737,-0.17693956043956016,0.20272802197802187,0.5566291208791209,0.33142032967032964,0.1473489010989012,2.4815769230769233,49371.89615384616,1.5018231391906767
-0.27434065934065943,0.25609065934065933,1.0756263736263738,-0.15693956043956014,0.22272802197802188,0.5066291208791209,0.32142032967032963,0.1373489010989012,2.491576923076923,49714.89615384616,1.5051884174346881
-0.27434065934065943,0.2160906593406593,1.1356263736263739,-0.17693956043956016,0.2327280219780219,0.4866291208791209,0.32142032967032963,0.12734890109890118,2.491576923076923,49723.89615384616,1.50981159210205
-0.2643406593406594,0.2160906593406593,1.175626373626374,-0.23693956043956016,0.2327280219780219,0.4966291208791209,0.32142032967032963,0.12734890109890118,2.5015769230769234,49876.89615384616,1.514344406127929
-0.2543406593406594,0.19609065934065928,1.2156263736263737,-0.23693956043956016,0.2627280219780219,0.4966291208791209,0.32142032967032963,0.12734890109890118,2.511576923076923,50393.89615384616,1.5176414966583245
-0.2543406593406594,0.17609065934065926,1.2456263736263737,-0.2569395604395602,0.2427280219780219,0.4866291208791209,0.3014203296703296,0.11734890109890117,2.531576923076923,50304.89615384616,1.5183317184448235
-0.2643406593406594,0.16609065934065925,1.2756263736263738,-0.23693956043956016,0.19272802197802186,0.4666291208791209,0.3014203296703296,0.11734890109890117,2.511576923076923,50463.89615384616,1.5216507434844964
-0.2443406593406594,0.14609065934065923,1.2856263736263738,-0.22693956043956015,0.21272802197802188,0.4666291208791209,0.3014203296703296,0.11734890109890117,2.511576923076923,50488.89615384616,1.5258054256439202
-0.2443406593406594,0.13609065934065923,1.3156263736263738,-0.22693956043956015,0.2327280219780219,0.42662912087912086,0.3114203296703296,0.10734890109890116,2.511576923076923,50933.89615384616,1.5302390575408928
-0.2443406593406594,0.11609065934065921,1.3356263736263738,-0.2669395604395602,0.2527280219780219,0.40662912087912084,0.3014203296703296,0.08734890109890114,2.5215769230769234,51020.89615384616,1.531247329711917
-0.2543406593406594,0.09609065934065919,1.3956263736263739,-0.2769395604395602,0.2527280219780219,0.41662912087912085,0.3114203296703296,0.08734890109890114,2.5215769230769234,50897.89615384616,1.534784030914306
-0.2443406593406594,0.08609065934065918,1.435626373626374,-0.2669395604395602,0.2527280219780219,0.39662912087912083,0.3014203296703296,0.08734890109890114,2.5215769230769234,50680.89615384616,1.5387980461120598
-0.2243406593406594,0.06609065934065916,1.4456263736263737,-0.2769395604395602,0.28272802197802194,0.38662912087912094,0.3014203296703296,0.08734890109890114,2.531576923076923,50587.89615384616,1.542793703079223
-0.2343406593406594,0.056090659340659155,1.455626373626374,-0.2769395604395602,0.28272802197802194,0.3666291208791209,0.3014203296703296,0.07734890109890113,2.531576923076923,51036.89615384616,1.542793703079223
-0.2243406593406594,0.04609065934065937,1.4656263736263737,-0.2669395604395602,0.2627280219780219,0.3666291208791209,0.3014203296703296,0.06734890109890113,2.511576923076923,50877.89615384616,1.5461270332336419
-0.20434065934065937,0.03609065934065936,1.4856263736263737,-0.24693956043956017,0.27272802197802193,0.3666291208791209,0.2914203296703296,0.06734890109890113,2.511576923076923,51206.89615384616,1.55017800331116
-0.19434065934065936,0.006090659340659332,1.515626373626374,-0.2569395604395602,0.2427280219780219,0.41662912087912085,0.3114203296703296,0.05734890109890123,2.511576923076923,51219.89615384616,1.5550755977630608
-0.17434065934065957,-0.023909340659340694,1.535626373626374,-0.2569395604395602,0.2427280219780219,0.42662912087912086,0.2914203296703296,0.05734890109890123,2.511576923076923,51552.89615384616,1.5550755977630608
-0.17434065934065957,-0.0339093406593407,1.555626373626374,-0.2569395604395602,0.2627280219780219,0.41662912087912085,0.2814203296703298,0.06734890109890113,2.491576923076923,51887.89615384616,1.5591983318328886
-0.15434065934065955,-0.05390934065934072,1.5656263736263738,-0.23693956043956016,0.2527280219780219,0.43662912087912087,0.2914203296703296,0.05734890109890123,2.491576923076923,51504.89615384616,1.563212347030639
-0.15434065934065955,-0.05390934065934072,1.5656263736263738,-0.2169395604395602,0.2527280219780219,0.4566291208791209,0.2814203296703298,0.03734890109890121,2.5015769230769234,51753.89615384616,1.5671972751617425
-0.15434065934065955,-0.07390934065934074,1.5956263736263736,-0.2669395604395602,0.27272802197802193,0.4466291208791209,0.2714203296703298,0.03734890109890121,2.4815769230769233,51966.89615384616,1.5681900501251178
-0.14434065934065954,-0.08390934065934075,1.6056263736263738,-0.24693956043956017,0.2627280219780219,0.4566291208791209,0.2614203296703298,0.03734890109890121,2.4815769230769233,52053.89615384616,1.5712017536163323
-0.14434065934065954,-0.08390934065934075,1.6156263736263736,-0.19693956043956018,0.2627280219780219,0.43662912087912087,0.2914203296703296,0.03734890109890121,2.4615769230769233,51448.89615384616,1.5751971721649198
-0.13434065934065953,-0.09390934065934076,1.6056263736263738,-0.19693956043956018,0.27272802197802193,0.4766291208791209,0.2614203296703298,0.0273489010989012,2.451576923076923,51183.89615384616,1.5792002201080315
-0.12434065934065952,-0.09390934065934076,1.6056263736263738,-0.23693956043956016,0.30272802197802196,0.4466291208791209,0.2714203296703298,0.0273489010989012,2.431576923076923,51004.89615384616,1.5830902576446526
-0.12434065934065952,-0.09390934065934076,1.5956263736263736,-0.18693956043956017,0.32272802197802175,0.4466291208791209,0.2814203296703298,0.03734890109890121,2.411576923076923,50763.89615384616,1.5830902576446526
-0.1043406593406595,-0.08390934065934075,1.5956263736263736,-0.14693956043956014,0.27272802197802193,0.4766291208791209,0.2714203296703298,0.0273489010989012,2.411576923076923,50330.89615384616,1.5872528076171868
-0.11434065934065951,-0.07390934065934074,1.5956263736263736,-0.13693956043956013,0.29272802197802195,0.4766291208791209,0.2814203296703298,0.0273489010989012,2.3715769230769235,50167.89615384616,1.591588926315307
-0.11434065934065951,-0.08390934065934075,1.6056263736263738,-0.10693956043956021,0.29272802197802195,0.4466291208791209,0.2714203296703298,0.0273489010989012,2.3515769230769235,50074.89615384616,1.5963997364044182
-0.0943406593406595,-0.09390934065934076,1.6056263736263738,-0.06693956043956018,0.28272802197802194,0.4766291208791209,0.2714203296703298,0.03734890109890121,2.321576923076923,49875.89615384616,1.5969142436981194
-0.0943406593406595,-0.08390934065934075,1.5956263736263736,-0.056939560439560166,0.27272802197802193,0.4966291208791209,0.3014203296703296,0.04734890109890122,2.301576923076923,49748.89615384616,1.6005606174468987
-0.1043406593406595,-0.08390934065934075,1.5956263736263736,-0.04693956043956016,0.29272802197802195,0.4866291208791209,0.2814203296703298,0.03734890109890121,2.2515769230769234,49543.89615384616,1.60355896949768
-0.0943406593406595,-0.08390934065934075,1.5956263736263736,-0.04693956043956016,0.31272802197802196,0.4866291208791209,0.2814203296703298,0.04734890109890122,2.2115769230769233,49498.89615384616,1.6076254367828398
-0.06434065934065947,-0.09390934065934076,1.5856263736263738,0.003060439560439776,0.29272802197802195,0.4666291208791209,0.2814203296703298,0.06734890109890113,2.181576923076923,48949.89615384616,1.6076254367828398
-0.08434065934065949,-0.09390934065934076,1.5956263736263736,0.0330604395604398,0.30272802197802196,0.4766291208791209,0.2814203296703298,0.05734890109890123,2.141576923076923,48398.89615384616,1.6116599559783964
-0.06434065934065947,-0.08390934065934075,1.5756263736263736,0.023060439560439794,0.32272802197802175,0.5066291208791209,0.2714203296703298,0.05734890109890123,2.141576923076923,48589.89615384616,1.6162724018096881
-0.06434065934065947,-0.08390934065934075,1.5756263736263736,0.003060439560439776,0.32272802197802175,0.5366291208791208,0.2714203296703298,0.07734890109890113,2.0815769230769234,48404.89615384616,1.620287370681762
-0.06434065934065947,-0.09390934065934076,1.5656263736263738,0.013060439560439785,0.32272802197802175,0.5466291208791209,0.2714203296703298,0.08734890109890114,2.051576923076923,47629.89615384616,1.620287370681762
-0.04434065934065945,-0.09390934065934076,1.535626373626374,0.05306043956043982,0.32272802197802175,0.5566291208791209,0.2514203296703298,0.08734890109890114,2.031576923076923,46948.89615384616,1.6242556095123284
-0.05434065934065946,-0.08390934065934075,1.535626373626374,0.08306043956043985,0.31272802197802196,0.5766291208791209,0.24142032967032978,0.09734890109890115,2.0015769230769234,46815.89615384616,1.6282541275024407
-0.03434065934065944,-0.07390934065934074,1.5056263736263737,0.09306043956043986,0.32272802197802175,0.6066291208791209,0.2514203296703298,0.08734890109890114,1.9515769230769229,46788.89615384616,1.633250188827514
-0.014340659340659423,-0.07390934065934074,1.5056263736263737,0.10306043956043986,0.32272802197802175,0.6266291208791209,0.2914203296703296,0.10734890109890116,1.881576923076923,46377.89615384616,1.633250188827514
-0.014340659340659423,-0.06390934065934073,1.4656263736263737,0.13306043956043978,0.31272802197802196,0.6466291208791208,0.3014203296703296,0.11734890109890117,1.841576923076923,46218.89615384616,1.6367704391479485
-0.004340659340659414,-0.06390934065934073,1.455626373626374,0.13306043956043978,0.31272802197802196,0.6766291208791209,0.3114203296703296,0.1373489010989012,1.801576923076923,45741.89615384616,1.6408018589019768
0.005659340659340595,-0.07390934065934074,1.4256263736263737,0.1630604395604398,0.30272802197802196,0.6866291208791209,0.2914203296703296,0.10734890109890116,1.761576923076923,45440.89615384616,1.6448990821838407
0.005659340659340595,-0.06390934065934073,1.4056263736263737,0.1630604395604398,0.29272802197802195,0.7066291208791209,0.3114203296703296,0.1373489010989012,1.691576923076923,45333.89615384616,1.648521852493289
-0.004340659340659414,-0.0339093406593407,1.4056263736263737,0.18306043956043982,0.31272802197802196,0.7266291208791209,0.3114203296703296,0.12734890109890118,1.681576923076923,45114.89615384616,1.6490818977355985
-0.024340659340659432,-0.04390934065934071,1.3956263736263739,0.18306043956043982,0.29272802197802195,0.7666291208791208,0.3114203296703296,0.1373489010989012,1.631576923076923,44641.89615384616,1.6539964199066155
0.005659340659340595,-0.05390934065934072,1.3856263736263736,0.21306043956043985,0.28272802197802194,0.7766291208791208,0.34142032967032965,0.12734890109890118,1.611576923076923,44104.89615384616,1.6579942226409905
0.005659340659340595,-0.04390934065934071,1.3556263736263738,0.22306043956043986,0.27272802197802193,0.7966291208791209,0.3014203296703296,0.1573489010989012,1.581576923076923,43837.89615384616,1.6611382484436028
-0.014340659340659423,-0.0339093406593407,1.3656263736263736,0.23306043956043987,0.29272802197802195,0.8166291208791209,0.33142032967032964,0.12734890109890118,1.581576923076923,43874.89615384616,1.662050437927249
0.005659340659340595,-0.0339093406593407,1.3556263736263738,0.2530604395604398,0.2627280219780219,0.8366291208791209,0.33142032967032964,0.1473489010989012,1.531576923076923,43635.89615384616,1.6653873443603509
-0.004340659340659414,-0.023909340659340694,1.2856263736263738,0.2630604395604398,0.2627280219780219,0.8466291208791209,0.36142032967032967,0.1473489010989012,1.5015769230769231,43312.89615384616,1.669380617141723
0.015659340659340604,-0.0039093406593406765,1.2556263736263737,0.24306043956043988,0.27272802197802193,0.8666291208791209,0.36142032967032967,0.1373489010989012,1.4715769230769231,42703.89615384616,1.673442077636718
0.03565934065934062,-0.0039093406593406765,1.2156263736263737,0.2530604395604398,0.27272802197802193,0.8666291208791209,0.36142032967032967,0.1473489010989012,1.431576923076923,42566.89615384616,1.673442077636718
0.05565934065934064,0.01609065934065934,1.1556263736263739,0.2730604395604398,0.28272802197802194,0.8766291208791209,0.3814203296703297,0.12734890109890118,1.411576923076923,42455.89615384616,1.67749376296997
0.07565934065934043,0.006090659340659332,1.1556263736263739,0.2730604395604398,0.28272802197802194,0.8766291208791209,0.4014203296703297,0.11734890109890117,1.401576923076923,42554.89615384616,1.6814970493316643
0.09565934065934045,0.01609065934065934,1.0756263736263738,0.2830604395604398,0.29272802197802195,0.8866291208791209,0.4214203296703297,0.11734890109890117,1.341576923076923,42777.89615384616,1.6855029582977288
0.08565934065934044,0.03609065934065936,1.0756263736263738,0.3030604395604398,0.27272802197802193,0.8966291208791209,0.4214203296703297,0.1573489010989012,1.281576923076923,42498.89615384616,1.6864940643310504
0.05565934065934064,0.01609065934065934,1.0556263736263738,0.2930604395604398,0.29272802197802195,0.8966291208791209,0.47142032967032976,0.1373489010989012,1.2215769230769231,42157.89615384616,1.689677190780639
0.04565934065934063,0.02609065934065935,1.0356263736263738,0.31306043956043983,0.28272802197802194,0.916629120879121,0.45142032967032975,0.12734890109890118,1.211576923076923,41568.89615384616,1.6939210414886468
0.04565934065934063,0.02609065934065935,1.0256263736263738,0.33306043956043985,0.29272802197802195,0.906629120879121,0.44142032967032974,0.12734890109890118,1.2315769230769231,41835.89615384616,1.6980494976043694
0.04565934065934063,0.006090659340659332,1.0156263736263738,0.34306043956043986,0.29272802197802195,0.936629120879121,0.45142032967032975,0.12734890109890118,1.2515769230769231,42054.89615384616,1.6990494251251178
0.06565934065934043,0.02609065934065935,0.9756263736263737,0.3630604395604399,0.30272802197802196,0.926629120879121,0.46142032967032975,0.06734890109890113,1.191576923076923,42425.89615384616,1.7024409294128375
0.06565934065934043,0.006090659340659332,0.9556263736263737,0.3630604395604399,0.31272802197802196,0.916629120879121,0.48142032967032977,0.08734890109890114,1.191576923076923,42410.89615384616,1.706410598754882
0.06565934065934043,0.03609065934065936,0.8856263736263739,0.3730604395604399,0.29272802197802195,0.9766291208791208,0.4914203296703298,0.08734890109890114,1.141576923076923,41787.89615384616,1.7106985569000237
0.07565934065934043,0.04609065934065937,0.8556263736263738,0.3830604395604399,0.29272802197802195,0.9566291208791208,0.47142032967032976,0.08734890109890114,1.141576923076923,41870.89615384616,1.7106985569000237
0.08565934065934044,0.04609065934065937,0.8456263736263738,0.3830604395604399,0.30272802197802196,0.9666291208791208,0.46142032967032975,0.07734890109890113,1.111576923076923,42011.89615384616,1.7146996974945061
0.06565934065934043,0.01609065934065934,0.8656263736263738,0.3830604395604399,0.30272802197802196,0.9766291208791208,0.46142032967032975,0.08734890109890114,1.051576923076923,42470.89615384616,1.7182235240936272
0.04565934065934063,0.02609065934065935,0.8256263736263738,0.4030604395604399,0.31272802197802196,0.9866291208791208,0.46142032967032975,0.08734890109890114,1.021576923076923,42383.89615384616,1.7223054885864215
0.08565934065934044,0.02609065934065935,0.7856263736263738,0.3930604395604399,0.30272802197802196,0.9966291208791208,0.46142032967032975,0.10734890109890116,1.011576923076923,42180.89615384616,1.7264925956726067
0.06565934065934043,0.006090659340659332,0.7756263736263738,0.3930604395604399,0.30272802197802196,1.036629120879121,0.44142032967032974,0.1373489010989012,0.9615769230769231,42693.89615384616,1.7267760753631585
0.05565934065934064,0.03609065934065936,0.7756263736263738,0.3730604395604399,0.28272802197802194,1.086629120879121,0.3814203296703297,0.10734890109890116,0.9915769230769231,42552.89615384616,1.7310878753662102
0.04565934065934063,0.01609065934065934,0.7456263736263737,0.3930604395604399,0.28272802197802194,1.096629120879121,0.3914203296703297,0.07734890109890113,0.9715769230769231,42189.89615384616,1.7349214076995843
0.08565934065934044,-0.0039093406593406765,0.7356263736263737,0.4030604395604399,0.2527280219780219,1.116629120879121,0.4014203296703297,0.04734890109890122,0.9915769230769231,42034.89615384616,1.7388896465301507
0.05565934065934064,-0.04390934065934071,0.7056263736263737,0.3830604395604399,0.2627280219780219,1.146629120879121,0.4014203296703297,0.03734890109890121,0.9415769230769231,42121.89615384616,1.7388896465301507
0.03565934065934062,-0.0339093406593407,0.6956263736263737,0.3730604395604399,0.2527280219780219,1.166629120879121,0.3914203296703297,0.017348901098901193,0.9115769230769231,41834.89615384616,1.743007850646972
0.025659340659340613,-0.04390934065934071,0.6956263736263737,0.3630604395604399,0.2327280219780219,1.246629120879121,0.36142032967032967,-0.002651098901098825,0.891576923076923,41761.89615384616,1.7480747222900384
0.025659340659340613,-0.04390934065934071,0.6956263736263737,0.35306043956043986,0.21272802197802188,1.316629120879121,0.3814203296703297,-0.012651098901098834,0.861576923076923,41102.89615384616,1.7509440898895257
0.015659340659340604,-0.0339093406593407,0.6756263736263739,0.32306043956043984,0.16272802197802183,1.386629120879121,0.34142032967032965,-0.012651098901098834,0.841576923076923,41269.89615384616,1.752010774612426
0.04565934065934063,-0.05390934065934072,0.5856263736263738,0.35306043956043986,0.15272802197802182,1.416629120879121,0.32142032967032963,-0.012651098901098834,0.861576923076923,41336.89615384616,1.7553793907165556
0.07565934065934043,-0.0339093406593407,0.5856263736263738,0.32306043956043984,0.1327280219780218,1.466629120879121,0.2914203296703296,-0.022651098901098843,0.821576923076923,41303.89615384616,1.759860467910766
0.03565934065934062,-0.05390934065934072,0.5756263736263738,0.33306043956043985,0.08272802197802176,1.546629120879121,0.3114203296703296,-0.03265109890109885,0.771576923076923,41422.89615384616,1.7636820793151848
0.03565934065934062,-0.05390934065934072,0.5656263736263738,0.32306043956043984,0.06272802197802196,1.576629120879121,0.2914203296703296,-0.05265109890109887,0.7815769230769231,41825.89615384616,1.7648813247680621
0.025659340659340613,-0.06390934065934073,0.5356263736263738,0.3030604395604398,0.03272802197802194,1.636629120879121,0.23142032967032977,-0.07265109890109878,0.7915769230769231,41602.89615384616,1.7680058002471917
0.015659340659340604,-0.06390934065934073,0.49562637362637374,0.31306043956043983,0.02272802197802193,1.666629120879121,0.17142032967032972,-0.05265109890109887,0.761576923076923,41331.89615384616,1.7714168548583977
0.005659340659340595,-0.07390934065934074,0.5156263736263738,0.33306043956043985,-0.017271978021978107,1.696629120879121,0.13142032967032968,-0.05265109890109887,0.761576923076923,41372.89615384616,1.7764815807342522
-0.014340659340659423,-0.0339093406593407,0.49562637362637374,0.35306043956043986,-0.047271978021978134,1.716629120879121,0.13142032967032968,-0.05265109890109887,0.741576923076923,41861.89615384616,1.7764815807342522
-0.04434065934065945,-0.07390934065934074,0.4756263736263737,0.34306043956043986,-0.06727197802197815,1.766629120879121,0.09142032967032976,-0.03265109890109885,0.7815769230769231,42050.89615384616,1.780482006073001
-0.05434065934065946,-0.06390934065934073,0.4656263736263737,0.35306043956043986,-0.08727197802197817,1.776629120879121,0.10142032967032966,-0.06265109890109877,0.7815769230769231,41603.89615384616,1.7844655036926262
-0.06434065934065947,-0.10390934065934077,0.48562637362637373,0.34306043956043986,-0.10727197802197819,1.816629120879121,0.041420329670329714,-0.022651098901098843,0.731576923076923,41352.89615384616,1.788998079299926
-0.08434065934065949,-0.11390934065934077,0.4256263736263739,0.35306043956043986,-0.1272719780219782,1.846629120879121,0.041420329670329714,-0.002651098901098825,0.731576923076923,41619.89615384616,1.7921385288238518
-0.03434065934065944,-0.1439093406593407,0.4356263736263739,0.35306043956043986,-0.14727197802197822,1.8766291208791208,0.031420329670329705,-0.002651098901098825,0.761576923076923,42100.89615384616,1.7921385288238518
-0.06434065934065947,-0.11390934065934077,0.4156263736263739,0.35306043956043986,-0.17727197802197825,1.906629120879121,-0.028579670329670237,-0.03265109890109885,0.761576923076923,42601.89615384616,1.7971903800964384
-0.07434065934065948,-0.12390934065934078,0.36562637362637385,0.35306043956043986,-0.19727197802197804,1.926629120879121,-0.06857967032967027,0.007348901098901184,0.751576923076923,42458.89615384616,1.801235628128051
-0.1043406593406595,-0.1339093406593408,0.38562637362637386,0.3630604395604399,-0.20727197802197805,1.9366291208791209,-0.0985796703296703,0.007348901098901184,0.721576923076923,42489.89615384616,1.8040170192718499
-0.0943406593406595,-0.1639093406593407,0.36562637362637385,0.35306043956043986,-0.21727197802197806,1.946629120879121,-0.13857967032967033,0.017348901098901193,0.6815769230769231,42688.89615384616,1.8050539016723626
-0.07434065934065948,-0.1539093406593407,0.35562637362637384,0.3730604395604399,-0.22727197802197807,1.946629120879121,-0.14857967032967034,0.07734890109890113,0.6815769230769231,43145.89615384616,1.8088302135467558
-0.08434065934065949,-0.19390934065934073,0.35562637362637384,0.3930604395604399,-0.22727197802197807,1.9366291208791209,-0.16857967032967025,0.08734890109890114,0.711576923076923,43714.89615384616,1.8130077838897698
-0.06434065934065947,-0.19390934065934073,0.3156263736263738,0.4130604395604399,-0.2472719780219781,1.926629120879121,-0.15857967032967024,0.08734890109890114,0.701576923076923,43669.89615384616,1.8165254116058343
-0.1043406593406595,-0.19390934065934073,0.3056263736263738,0.43306043956043994,-0.2572719780219781,1.9166291208791209,-0.2385796703296703,0.08734890109890114,0.731576923076923,44468.89615384616,1.8171104907989495
-0.15434065934065955,-0.18390934065934073,0.3356263736263738,0.46306043956043974,-0.2572719780219781,1.906629120879121,-0.25857967032967033,0.10734890109890116,0.711576923076923,45199.89615384616,1.8212275028228788
-0.14434065934065954,-0.19390934065934073,0.3156263736263738,0.46306043956043974,-0.2672719780219781,1.8966291208791208,-0.25857967032967033,0.12734890109890118,0.701576923076923,45470.89615384616,1.8243155002593987
-0.13434065934065953,-0.23390934065934077,0.2956263736263738,0.46306043956043974,-0.2472719780219781,1.886629120879121,-0.27857967032967024,0.16734890109890121,0.721576923076923,45317.89615384616,1.8287839412689202
-0.18434065934065957,-0.21390934065934075,0.3156263736263738,0.47306043956043975,-0.2472719780219781,1.886629120879121,-0.3285796703296703,0.1573489010989012,0.701576923076923,45624.89615384616,1.8287839412689202
-0.20434065934065937,-0.18390934065934073,0.3356263736263738,0.47306043956043975,-0.2672719780219781,1.886629120879121,-0.30857967032967026,0.1573489010989012,0.721576923076923,45647.89615384616,1.8335542201995843
-0.21434065934065938,-0.19390934065934073,0.3056263736263738,0.49306043956043977,-0.2672719780219781,1.886629120879121,-0.28857967032967025,0.18734890109890123,0.701576923076923,45672.89615384616,1.837138366699218
-0.17434065934065957,-0.19390934065934073,0.3156263736263738,0.48306043956043976,-0.2672719780219781,1.8966291208791208,-0.24857967032967032,0.18734890109890123,0.6915769230769231,45915.89615384616,1.8422231197357206
-0.21434065934065938,-0.18390934065934073,0.3256263736263738,0.49306043956043977,-0.2672719780219781,1.906629120879121,-0.28857967032967025,0.21734890109890115,0.6815769230769231,45738.89615384616,1.8422231197357206
-0.18434065934065957,-0.18390934065934073,0.3256263736263738,0.47306043956043975,-0.2772719780219781,1.926629120879121,-0.29857967032967025,0.20734890109890114,0.6615769230769231,46223.89615384616,1.8452918052673297
-0.16434065934065956,-0.1639093406593407,0.27562637362637377,0.48306043956043976,-0.2872719780219781,1.926629120879121,-0.3285796703296703,0.24734890109890117,0.701576923076923,46078.89615384616,1.8492402553558343
-0.21434065934065938,-0.17390934065934072,0.26562637362637376,0.49306043956043977,-0.2872719780219781,1.906629120879121,-0.3185796703296703,0.2773489010989012,0.6715769230769231,45423.89615384616,1.8536281108856194
-0.19434065934065936,-0.18390934065934073,0.26562637362637376,0.5030604395604398,-0.2872719780219781,1.906629120879121,-0.28857967032967025,0.2873489010989012,0.6715769230769231,44850.89615384616,1.854638767242431
-0.17434065934065957,-0.22390934065934076,0.27562637362637377,0.5030604395604398,-0.2772719780219781,1.9166291208791209,-0.25857967032967033,0.2873489010989012,0.701576923076923,45021.89615384616,1.8577084064483635
-0.19434065934065936,-0.17390934065934072,0.25562637362637375,0.5030604395604398,-0.2772719780219781,1.9166291208791209,-0.28857967032967025,0.2773489010989012,0.6615769230769231,44508.89615384616,1.8618866920471184
-0.2443406593406594,-0.18390934065934073,0.27562637362637377,0.5130604395604398,-0.2672719780219781,1.906629120879121,-0.27857967032967024,0.30734890109890123,0.6615769230769231,43897.89615384616,1.8659018993377678
-0.2343406593406594,-0.1539093406593407,0.27562637362637377,0.5230604395604398,-0.2772719780219781,1.8766291208791208,-0.28857967032967025,0.35734890109890116,0.621576923076923,43900.89615384616,1.8698875427246087
-0.2343406593406594,-0.18390934065934073,0.26562637362637376,0.5330604395604398,-0.2672719780219781,1.866629120879121,-0.29857967032967025,0.34734890109890115,0.621576923076923,43185.89615384616,1.8708877086639397
-0.2443406593406594,-0.22390934065934076,0.2856263736263738,0.5530604395604398,-0.2672719780219781,1.8566291208791208,-0.29857967032967025,0.3773489010989012,0.621576923076923,42502.89615384616,1.874064397811889
-0.21434065934065938,-0.24390934065934078,0.2856263736263738,0.5530604395604398,-0.2672719780219781,1.846629120879121,-0.27857967032967024,0.3873489010989012,0.631576923076923,41841.89615384616,1.8782464981079094
-0.2443406593406594,-0.23390934065934077,0.2856263736263738,0.5730604395604398,-0.2672719780219781,1.826629120879121,-0.26857967032967034,0.4073489010989012,0.611576923076923,41370.89615384616,1.8822638511657708
-0.2543406593406594,-0.24390934065934078,0.25562637362637375,0.5830604395604398,-0.2672719780219781,1.826629120879121,-0.2285796703296703,0.44734890109890124,0.5615769230769231,40891.89615384616,1.8832742691040032
-0.2343406593406594,-0.2539093406593408,0.27562637362637377,0.6030604395604399,-0.2572719780219781,1.796629120879121,-0.19857967032967028,0.43734890109890123,0.5415769230769231,40514.89615384616,1.8863822937011676
-0.2543406593406594,-0.2639093406593407,0.26562637362637376,0.6130604395604399,-0.2472719780219781,1.786629120879121,-0.2185796703296703,0.4173489010989012,0.571576923076923,40045.89615384616,1.890421819686889
-0.28434065934065944,-0.2839093406593407,0.24562637362637385,0.6130604395604399,-0.2572719780219781,1.756629120879121,-0.2185796703296703,0.46734890109890126,0.581576923076923,39470.89615384616,1.8944136619567864
-0.2443406593406594,-0.2939093406593407,0.23562637362637384,0.6230604395604399,-0.23727197802197808,1.726629120879121,-0.19857967032967028,0.4873489010989013,0.581576923076923,38615.89615384616,1.8944136619567864
-0.2443406593406594,-0.2739093406593407,0.21562637362637382,0.6330604395604399,-0.23727197802197808,1.7066291208791209,-0.18857967032967027,0.5173489010989011,0.591576923076923,38284.89615384616,1.898421001434329
-0.29434065934065945,-0.33390934065934075,0.24562637362637385,0.6330604395604399,-0.22727197802197807,1.696629120879121,-0.15857967032967024,0.5373489010989011,0.611576923076923,37939.89615384616,1.9024152278900104
-0.27434065934065943,-0.3039093406593407,0.24562637362637385,0.6330604395604399,-0.20727197802197805,1.666629120879121,-0.12857967032967033,0.5473489010989011,0.601576923076923,37326.89615384616,1.9065057754516594
-0.3243406593406595,-0.2839093406593407,0.24562637362637385,0.6230604395604399,-0.20727197802197805,1.666629120879121,-0.08857967032967029,0.5573489010989011,0.521576923076923,37081.89615384616,1.9075021266937284
-0.28434065934065944,-0.2939093406593407,0.20562637362637382,0.6530604395604399,-0.18727197802197804,1.636629120879121,-0.058579670329670264,0.5673489010989011,0.591576923076923,37072.89615384616,1.9111349105834954
-0.30434065934065946,-0.2539093406593408,0.1956263736263738,0.6630604395604399,-0.15727197802197823,1.596629120879121,-0.028579670329670237,0.5773489010989011,0.621576923076923,36525.89615384616,1.915135097503665
-0.3343406593406595,-0.2739093406593407,0.15562637362637377,0.6630604395604399,-0.1372719780219782,1.556629120879121,-0.01857967032967034,0.6073489010989012,0.6815769230769231,35620.89615384616,1.9197158336639397
-0.3443406593406595,-0.2539093406593408,0.14562637362637376,0.6530604395604399,-0.10727197802197819,1.526629120879121,-0.00857967032967033,0.6073489010989012,0.711576923076923,35471.89615384616,1.9207558155059807
-0.3643406593406595,-0.2739093406593407,0.16562637362637378,0.6630604395604399,-0.1172719780219782,1.516629120879121,0.011420329670329687,0.5973489010989012,0.741576923076923,35172.89615384616,1.9239444255828886
-0.3543406593406595,-0.2639093406593407,0.15562637362637377,0.6930604395604397,-0.05727197802197814,1.436629120879121,0.07142032967032974,0.5773489010989011,0.761576923076923,34223.89615384616,1.927946758270263
-0.3743406593406595,-0.21390934065934075,0.15562637362637377,0.6830604395604399,-0.037271978021978125,1.406629120879121,0.09142032967032976,0.6173489010989012,0.7815769230769231,34136.89615384616,1.9315254211425739
-0.3843406593406594,-0.24390934065934078,0.15562637362637377,0.6730604395604399,-0.017271978021978107,1.376629120879121,0.09142032967032976,0.6173489010989012,0.8015769230769231,34043.89615384616,1.9355630397796624
-0.3743406593406595,-0.23390934065934077,0.1756263736263738,0.6630604395604399,0.0027280219780219106,1.346629120879121,0.09142032967032976,0.6273489010989012,0.7815769230769231,33322.89615384616,1.9355630397796624
-0.3843406593406594,-0.21390934065934075,0.15562637362637377,0.6730604395604399,0.02272802197802193,1.346629120879121,0.12142032967032967,0.6373489010989012,0.831576923076923,32927.89615384616,1.9396237850189202
-0.3943406593406594,-0.23390934065934077,0.15562637362637377,0.6930604395604397,0.042728021978021946,1.286629120879121,0.1414203296703297,0.6373489010989012,0.841576923076923,32668.896153846155,1.944982719421386
-0.3743406593406595,-0.23390934065934077,0.15562637362637377,0.6930604395604397,0.052728021978021955,1.276629120879121,0.1614203296703297,0.6373489010989012,0.881576923076923,32263.896153846155,1.94794316291809
-0.41434065934065945,-0.22390934065934076,0.13562637362637375,0.6730604395604399,0.06272802197802196,1.256629120879121,0.17142032967032972,0.6573489010989012,0.891576923076923,31960.896153846155,1.9489912509918206
-0.41434065934065945,-0.22390934065934076,0.16562637362637378,0.6630604395604399,0.08272802197802176,1.226629120879121,0.1514203296703297,0.6573489010989012,0.9215769230769231,31785.896153846155,1.9524068355560296
-0.43434065934065946,-0.19390934065934073,0.14562637362637376,0.6930604395604397,0.09272802197802177,1.196629120879121,0.18142032967032973,0.6473489010989012,0.9515769230769231,31364.896153846155,1.956485223770141
-0.41434065934065945,-0.22390934065934076,0.14562637362637376,0.6730604395604399,0.1227280219780218,1.166629120879121,0.17142032967032972,0.6673489010989012,0.9715769230769231,31081.896153846155,1.9599706649780266
-0.42434065934065945,-0.24390934065934078,0.15562637362637377,0.6830604395604399,0.1327280219780218,1.156629120879121,0.17142032967032972,0.6573489010989012,1.0015769230769231,30300.896153846155,1.960476112365722
-0.42434065934065945,-0.19390934065934073,0.12562637362637386,0.6530604395604399,0.1327280219780218,1.156629120879121,0.19142032967032974,0.6573489010989012,1.061576923076923,29789.896153846155,1.9644979953765862
-0.40434065934065944,-0.23390934065934077,0.15562637362637377,0.6430604395604399,0.17272802197802184,1.106629120879121,0.24142032967032978,0.6473489010989012,1.071576923076923,29354.896153846155,1.9690753936767607
-0.3943406593406594,-0.21390934065934075,0.13562637362637375,0.6530604395604399,0.17272802197802184,1.076629120879121,0.23142032967032977,0.6573489010989012,1.101576923076923,29117.896153846155,1.973269891738891
-0.41434065934065945,-0.21390934065934075,0.14562637362637376,0.6530604395604399,0.18272802197802185,1.066629120879121,0.21142032967032975,0.6773489010989012,1.131576923076923,28672.896153846155,1.973269891738891
-0.41434065934065945,-0.20390934065934074,0.14562637362637376,0.6530604395604399,0.20272802197802187,0.9966291208791208,0.2614203296703298,0.6873489010989012,1.111576923076923,28115.896153846155,1.9765696048736565
-0.3843406593406594,-0.22390934065934076,0.12562637362637386,0.6530604395604399,0.2327280219780219,0.9766291208791208,0.2814203296703298,0.7073489010989013,1.091576923076923,28034.896153846155,1.9806725502014153
-0.3843406593406594,-0.20390934065934074,0.10562637362637384,0.6430604395604399,0.2627280219780219,0.9566291208791208,0.2914203296703296,0.7073489010989013,1.131576923076923,27965.896153846155,1.9846870422363274
-0.42434065934065945,-0.18390934065934073,0.12562637362637386,0.6330604395604399,0.2627280219780219,0.946629120879121,0.2914203296703296,0.7473489010989013,1.131576923076923,27786.896153846155,1.9846870422363274
-0.42434065934065945,-0.1539093406593407,0.09562637362637383,0.6330604395604399,0.29272802197802195,0.916629120879121,0.2914203296703296,0.7373489010989013,1.151576923076923,27315.896153846155,1.9886848449707024
-0.43434065934065946,-0.1639093406593407,0.12562637362637386,0.5830604395604398,0.29272802197802195,0.8866291208791209,0.3014203296703296,0.7873489010989011,1.181576923076923,27470.896153846155,1.9937152385711663
-0.43434065934065946,-0.18390934065934073,0.09562637362637383,0.5830604395604398,0.32272802197802175,0.8866291208791209,0.2914203296703296,0.7473489010989013,1.2415769230769231,27361.896153846155,1.9967150211334221
-0.43434065934065946,-0.1639093406593407,0.09562637362637383,0.5730604395604398,0.32272802197802175,0.8666291208791209,0.2614203296703298,0.7473489010989013,1.331576923076923,27092.896153846155,2.00122423171997
-0.40434065934065944,-0.1439093406593407,0.14562637362637376,0.5630604395604398,0.32272802197802175,0.8366291208791209,0.2714203296703298,0.7373489010989013,1.341576923076923,26999.896153846155,2.0022882938385003
-0.40434065934065944,-0.12390934065934078,0.16562637362637378,0.5430604395604398,0.33272802197802176,0.8266291208791209,0.2814203296703298,0.7573489010989011,1.381576923076923,27076.896153846155,2.005366277694705
-0.3643406593406595,-0.1439093406593407,0.1756263736263738,0.5130604395604398,0.3527280219780218,0.8266291208791209,0.2814203296703298,0.7473489010989013,1.451576923076923,26457.896153846155,2.0094496726989703
-0.3543406593406595,-0.1339093406593408,0.16562637362637378,0.5030604395604398,0.3727280219780218,0.7866291208791208,0.2614203296703298,0.7273489010989013,1.5015769230769231,26154.896153846155,2.013795089721679
-0.31434065934065947,-0.12390934065934078,0.1756263736263738,0.48306043956043976,0.3827280219780218,0.8066291208791209,0.2514203296703298,0.7073489010989013,1.571576923076923,26511.896153846155,2.013795089721679
-0.3443406593406595,-0.09390934065934076,0.15562637362637377,0.47306043956043975,0.3827280219780218,0.7866291208791208,0.23142032967032977,0.6973489010989012,1.621576923076923,26378.896153846155,2.017796230316158
-0.3443406593406595,-0.11390934065934077,0.14562637362637376,0.45306043956043973,0.3727280219780218,0.8066291208791209,0.23142032967032977,0.6873489010989012,1.701576923076923,26091.896153846155,2.0220999240875237
-0.3243406593406595,-0.1339093406593408,0.16562637362637378,0.4430604395604397,0.3827280219780218,0.7966291208791209,0.21142032967032975,0.6573489010989012,1.7415769230769231,26008.896153846155,2.025121641159057
-0.31434065934065947,-0.11390934065934077,0.16562637362637378,0.4230604395604399,0.3727280219780218,0.7866291208791208,0.21142032967032975,0.6373489010989012,1.801576923076923,25951.896153846155,2.026200485229488
-0.30434065934065946,-0.10390934065934077,0.15562637362637377,0.4030604395604399,0.3727280219780218,0.7766291208791208,0.18142032967032973,0.6173489010989012,1.831576923076923,25818.896153846155,2.0291075229644804
-0.28434065934065944,-0.11390934065934077,0.13562637362637375,0.4030604395604399,0.4027280219780218,0.7566291208791209,0.18142032967032973,0.6073489010989012,1.8915769230769228,25723.896153846155,2.033478450775142
-0.29434065934065945,-0.10390934065934077,0.15562637362637377,0.4030604395604399,0.3827280219780218,0.7566291208791209,0.18142032967032973,0.5873489010989011,1.9515769230769229,25832.896153846155,2.0376355171203606
-0.28434065934065944,-0.12390934065934078,0.11562637362637385,0.3830604395604399,0.3927280219780218,0.7266291208791209,0.19142032967032974,0.5773489010989011,1.9815769230769231,25753.896153846155,2.0385980129241936
-0.28434065934065944,-0.12390934065934078,0.09562637362637383,0.3730604395604399,0.41272802197802183,0.7066291208791209,0.19142032967032974,0.5473489010989011,2.051576923076923,26090.896153846155,2.041708660125728
-0.27434065934065943,-0.12390934065934078,0.07562637362637381,0.34306043956043986,0.4027280219780218,0.7366291208791209,0.17142032967032972,0.5373489010989011,2.0915769230769232,26519.896153846155,2.0467881679534905
-0.27434065934065943,-0.1339093406593408,0.08562637362637382,0.35306043956043986,0.3827280219780218,0.7166291208791209,0.17142032967032972,0.5273489010989011,2.1215769230769235,26186.896153846155,2.049787473678588
-0.2543406593406594,-0.1539093406593407,0.07562637362637381,0.35306043956043986,0.3827280219780218,0.6966291208791209,0.17142032967032972,0.47734890109890127,2.1715769230769233,26339.896153846155,2.0509130477905266
-0.2443406593406594,-0.1639093406593407,0.07562637362637381,0.32306043956043984,0.3827280219780218,0.7066291208791209,0.1614203296703297,0.47734890109890127,2.201576923076923,26764.896153846155,2.0547883033752434
-0.2543406593406594,-0.1639093406593407,0.0656263736263738,0.2830604395604398,0.3927280219780218,0.6966291208791209,0.1614203296703297,0.47734890109890127,2.221576923076923,26461.896153846155,2.0586852550506585
-0.2543406593406594,-0.1539093406593407,0.0656263736263738,0.2830604395604398,0.3927280219780218,0.6866291208791209,0.1614203296703297,0.43734890109890123,2.261576923076923,26390.896153846155,2.0625695705413847
-0.27434065934065943,-0.1639093406593407,0.045626373626373784,0.2930604395604398,0.3727280219780218,0.6766291208791209,0.1514203296703297,0.4273489010989012,2.281576923076923,26835.896153846155,2.0663587570190423
-0.2443406593406594,-0.18390934065934073,-0.024373626373626167,0.2530604395604398,0.3727280219780218,0.6666291208791209,0.1514203296703297,0.4273489010989012,2.2915769230769234,27120.896153846155,2.067013454437255
-0.27434065934065943,-0.19390934065934073,-0.024373626373626167,0.24306043956043988,0.3727280219780218,0.6566291208791208,0.1414203296703297,0.4273489010989012,2.3315769230769234,27423.896153846155,2.0714029788970905
-0.29434065934065945,-0.18390934065934073,-0.004373626373626149,0.23306043956043987,0.3527280219780218,0.6666291208791209,0.1514203296703297,0.4073489010989012,2.3415769230769232,27614.896153846155,2.0749458789825432
-0.28434065934065944,-0.19390934065934073,-0.024373626373626167,0.20306043956043984,0.3827280219780218,0.6566291208791208,0.18142032967032973,0.3973489010989012,2.3415769230769232,28177.896153846155,2.0782467842102044
-0.29434065934065945,-0.23390934065934077,0.015626373626373757,0.20306043956043984,0.3727280219780218,0.6466291208791208,0.17142032967032972,0.4073489010989012,2.3515769230769235,28786.896153846155,2.079398822784423
-0.30434065934065946,-0.21390934065934075,-0.0643736263736262,0.19306043956043983,0.3627280219780218,0.6466291208791208,0.1614203296703297,0.3973489010989012,2.3515769230769235,28637.896153846155,2.0834581375122063
-0.3243406593406595,-0.22390934065934076,0.015626373626373757,0.18306043956043982,0.3627280219780218,0.6666291208791209,0.19142032967032974,0.4073489010989012,2.3615769230769232,28920.896153846155,2.087889146804809
-0.3543406593406595,-0.22390934065934076,-0.044373626373626185,0.1530604395604398,0.33272802197802176,0.6866291208791209,0.18142032967032973,0.4073489010989012,2.3715769230769235,29301.896153846155,2.091344547271728
-0.3743406593406595,-0.22390934065934076,-0.034373626373626176,0.1430604395604398,0.3527280219780218,0.6666291208791209,0.18142032967032973,0.3773489010989012,2.3815769230769233,29058.896153846155,2.092345190048217
-0.3543406593406595,-0.23390934065934077,-0.034373626373626176,0.13306043956043978,0.3527280219780218,0.6366291208791209,0.19142032967032974,0.3773489010989012,2.391576923076923,28987.896153846155,2.09531755447388
-0.3543406593406595,-0.22390934065934076,-0.044373626373626185,0.08306043956043985,0.34272802197802177,0.6366291208791209,0.20142032967032975,0.35734890109890116,2.4015769230769233,29428.896153846155,2.099317264556884
-0.3743406593406595,-0.2639093406593407,-0.014373626373626158,0.08306043956043985,0.32272802197802175,0.6566291208791208,0.20142032967032975,0.36734890109890117,2.4015769230769233,29811.896153846155,2.103277397155761
-0.3843406593406594,-0.23390934065934077,-0.024373626373626167,0.09306043956043986,0.33272802197802176,0.6266291208791209,0.20142032967032975,0.35734890109890116,2.411576923076923,29696.896153846155,2.1043226242065423
-0.3843406593406594,-0.24390934065934078,0.015626373626373757,0.10306043956043986,0.30272802197802196,0.6466291208791208,0.21142032967032975,0.34734890109890115,2.4215769230769233,29857.896153846155,2.107648801803588
-0.3843406593406594,-0.24390934065934078,0.0056263736263737485,0.09306043956043986,0.29272802197802195,0.6366291208791209,0.20142032967032975,0.34734890109890115,2.431576923076923,30640.896153846155,2.1117500782012897
-0.40434065934065944,-0.24390934065934078,0.015626373626373757,0.09306043956043986,0.29272802197802195,0.6166291208791209,0.21142032967032975,0.33734890109890114,2.431576923076923,30617.896153846155,2.115902137756347
-0.3743406593406595,-0.2639093406593407,-0.014373626373626158,0.10306043956043986,0.2527280219780219,0.6166291208791209,0.22142032967032976,0.3173489010989011,2.451576923076923,30866.896153846155,2.1168813228607206
-0.3843406593406594,-0.2539093406593408,-0.024373626373626167,0.08306043956043985,0.2527280219780219,0.6166291208791209,0.21142032967032975,0.3173489010989011,2.451576923076923,30713.896153846155,2.119880628585811
-0.3743406593406595,-0.2539093406593408,-0.054373626373626194,0.08306043956043985,0.2627280219780219,0.5966291208791209,0.23142032967032977,0.30734890109890123,2.451576923076923,30460.896153846155,2.1244208335876458
-0.3643406593406595,-0.2739093406593407,-0.034373626373626176,0.08306043956043985,0.2327280219780219,0.5966291208791209,0.22142032967032976,0.30734890109890123,2.451576923076923,30835.896153846155,2.127902936935424
-0.3843406593406594,-0.2939093406593407,-0.014373626373626158,0.09306043956043986,0.2327280219780219,0.5966291208791209,0.24142032967032978,0.30734890109890123,2.4615769230769233,31270.896153846155,2.1289155006408684
-0.3843406593406594,-0.2939093406593407,-0.044373626373626185,0.07306043956043984,0.2327280219780219,0.5766291208791209,0.2514203296703298,0.2973489010989012,2.4615769230769233,31285.896153846155,2.132954788208007
-0.3943406593406594,-0.2839093406593407,0.0056263736263737485,0.05306043956043982,0.21272802197802188,0.5966291208791209,0.24142032967032978,0.2973489010989012,2.4615769230769233,31390.896153846155,2.1367561340332024
-0.41434065934065945,-0.2639093406593407,-0.054373626373626194,0.04306043956043981,0.22272802197802188,0.5766291208791209,0.24142032967032978,0.2873489010989012,2.471576923076923,31499.896153846155,2.1412431716918903
-0.3943406593406594,-0.2939093406593407,-0.034373626373626176,0.023060439560439794,0.2327280219780219,0.5666291208791209,0.24142032967032978,0.2773489010989012,2.491576923076923,31452.896153846155,2.1444575309753446
-0.3943406593406594,-0.2839093406593407,-0.014373626373626158,0.013060439560439785,0.22272802197802188,0.5566291208791209,0.23142032967032977,0.2873489010989012,2.4815769230769233,31877.896153846155,2.1444575309753446
-0.41434065934065945,-0.2739093406593407,-0.024373626373626167,-0.03693956043956015,0.19272802197802186,0.5766291208791209,0.23142032967032977,0.2673489010989012,2.511576923076923,32020.896153846155,2.1485638141632073
-0.3943406593406594,-0.2839093406593407,-0.014373626373626158,-0.04693956043956016,0.20272802197802187,0.5766291208791209,0.23142032967032977,0.2673489010989012,2.5015769230769234,31847.896153846155,2.1532260894775384
-0.40434065934065944,-0.2839093406593407,-0.024373626373626167,-0.04693956043956016,0.21272802197802188,0.5766291208791209,0.24142032967032978,0.24734890109890117,2.5215769230769234,31908.896153846155,2.156494569778438
-0.40434065934065944,-0.2839093406593407,0.0056263736263737485,-0.06693956043956018,0.20272802197802187,0.5866291208791209,0.24142032967032978,0.23734890109890117,2.531576923076923,31987.896153846155,2.1572072029113762
-0.44434065934065947,-0.2539093406593408,0.015626373626373757,-0.06693956043956018,0.21272802197802188,0.5566291208791209,0.24142032967032978,0.21734890109890115,2.5415769230769234,32054.896153846155,2.1612851142883294
-0.43434065934065946,-0.2739093406593407,-0.014373626373626158,-0.12693956043956012,0.19272802197802186,0.6066291208791209,0.2514203296703298,0.21734890109890115,2.551576923076923,32043.896153846155,2.166049909591674
-0.43434065934065946,-0.2539093406593408,0.025626373626373766,-0.12693956043956012,0.20272802197802187,0.5866291208791209,0.24142032967032978,0.19734890109890113,2.5615769230769234,31982.896153846155,2.168433380126956
-0.42434065934065945,-0.2539093406593408,0.045626373626373784,-0.13693956043956013,0.18272802197802185,0.5866291208791209,0.2514203296703298,0.20734890109890114,2.5615769230769234,32251.896153846155,2.169492435455318
-0.4543406593406595,-0.2539093406593408,0.0056263736263737485,-0.14693956043956014,0.18272802197802185,0.5966291208791209,0.23142032967032977,0.19734890109890113,2.571576923076923,32202.896153846155,2.1727976322174065
-0.43434065934065946,-0.2539093406593408,0.035626373626373775,-0.13693956043956013,0.15272802197802182,0.5966291208791209,0.24142032967032978,0.19734890109890113,2.5815769230769234,32087.896153846155,2.178152990341186
-0.44434065934065947,-0.2639093406593407,0.045626373626373784,-0.15693956043956014,0.16272802197802183,0.5766291208791209,0.23142032967032977,0.18734890109890123,2.5815769230769234,32166.896153846155,2.181411695480346
-0.4643406593406595,-0.2539093406593408,0.035626373626373775,-0.16693956043956015,0.16272802197802183,0.5566291208791209,0.22142032967032976,0.16734890109890121,2.6015769230769235,31953.896153846155,2.1824674129486077
-0.4543406593406595,-0.23390934065934077,0.0056263736263737485,-0.17693956043956016,0.19272802197802186,0.5366291208791208,0.22142032967032976,0.16734890109890121,2.6115769230769232,32146.896153846155,2.185780239105224
-0.4843406593406595,-0.2639093406593407,0.05562637362637379,-0.17693956043956016,0.16272802197802183,0.5466291208791209,0.22142032967032976,0.1473489010989012,2.6115769230769232,32065.896153846155,2.1897799491882317
-0.4843406593406595,-0.24390934065934078,0.015626373626373757,-0.19693956043956018,0.16272802197802183,0.5266291208791208,0.22142032967032976,0.1473489010989012,2.6315769230769233,31768.896153846155,2.1938731193542473
-0.4743406593406595,-0.2639093406593407,0.035626373626373775,-0.2069395604395602,0.15272802197802182,0.4866291208791209,0.21142032967032975,0.1373489010989012,2.641576923076923,31517.896153846155,2.1938731193542473
-0.4843406593406595,-0.24390934065934078,0.045626373626373784,-0.2069395604395602,0.1327280219780218,0.5166291208791208,0.21142032967032975,0.1373489010989012,2.6515769230769233,31868.896153846155,2.1978730678558343
-0.4843406593406595,-0.2639093406593407,0.035626373626373775,-0.19693956043956018,0.15272802197802182,0.4866291208791209,0.22142032967032976,0.12734890109890118,2.6515769230769233,32295.896153846155,2.202339363098144
-0.4843406593406595,-0.2739093406593407,0.025626373626373766,-0.17693956043956016,0.1227280219780218,0.4966291208791209,0.21142032967032975,0.11734890109890117,2.661576923076923,32200.896153846155,2.2059115886688225
-0.4843406593406595,-0.2739093406593407,0.025626373626373766,-0.18693956043956017,0.11272802197802179,0.4566291208791209,0.20142032967032975,0.10734890109890116,2.681576923076923,32115.896153846155,2.2099985599517815
-0.5243406593406594,-0.23390934065934077,0.025626373626373766,-0.19693956043956018,0.1327280219780218,0.4466291208791209,0.21142032967032975,0.10734890109890116,2.661576923076923,32484.896153846155,2.2109634399414055
-0.5343406593406594,-0.2639093406593407,0.025626373626373766,-0.22693956043956015,0.16272802197802183,0.4466291208791209,0.20142032967032975,0.08734890109890114,2.6715769230769233,31941.896153846155,2.2145697593688958
-0.5043406593406594,-0.24390934065934078,0.025626373626373766,-0.2669395604395602,0.17272802197802184,0.4766291208791209,0.20142032967032975,0.08734890109890114,2.681576923076923,31630.896153846155,2.21816344261169
-0.5243406593406594,-0.2539093406593408,0.015626373626373757,-0.2569395604395602,0.16272802197802183,0.4566291208791209,0.20142032967032975,0.08734890109890114,2.681576923076923,31891.896153846155,2.2223703384399407
-0.5343406593406594,-0.23390934065934077,0.025626373626373766,-0.2169395604395602,0.1327280219780218,0.4766291208791209,0.21142032967032975,0.07734890109890113,2.6915769230769233,31416.896153846155,2.223261785507198
-0.5243406593406594,-0.23390934065934077,0.015626373626373757,-0.23693956043956016,0.1327280219780218,0.4766291208791209,0.20142032967032975,0.05734890109890123,2.6915769230769233,31529.896153846155,2.2267510414123564
-0.5243406593406594,-0.24390934065934078,-0.034373626373626176,-0.23693956043956016,0.11272802197802179,0.5066291208791209,0.19142032967032974,0.05734890109890123,2.701576923076923,31458.896153846155,2.231746625900268
-0.5243406593406594,-0.2639093406593407,-0.024373626373626167,-0.24693956043956017,0.09272802197802177,0.4966291208791209,0.21142032967032975,0.03734890109890121,2.6715769230769233,31317.896153846155,2.2347342491149895
-0.5343406593406594,-0.2639093406593407,0.0056263736263737485,-0.2669395604395602,0.08272802197802176,0.4666291208791209,0.22142032967032976,0.017348901098901193,2.681576923076923,31094.896153846155,2.235743713378902
-0.5243406593406594,-0.2939093406593407,-0.004373626373626149,-0.23693956043956016,0.06272802197802196,0.4766291208791209,0.22142032967032976,-0.002651098901098825,2.681576923076923,30247.896153846155,2.239179801940921
-0.4843406593406595,-0.2639093406593407,-0.024373626373626167,-0.23693956043956016,0.06272802197802196,0.4466291208791209,0.22142032967032976,-0.002651098901098825,2.701576923076923,30174.896153846155,2.243200492858886
-0.4943406593406595,-0.3039093406593407,0.015626373626373757,-0.22693956043956015,0.10272802197802178,0.4466291208791209,0.21142032967032975,-0.002651098901098825,2.6915769230769233,30075.896153846155,2.2467963218688958
-0.5043406593406594,-0.32390934065934074,-0.034373626373626176,-0.2069395604395602,0.06272802197802196,0.4666291208791209,0.22142032967032976,-0.002651098901098825,2.681576923076923,30126.896153846155,2.2474934577941887
-0.5243406593406594,-0.2839093406593407,-0.054373626373626194,-0.17693956043956016,0.052728021978021955,0.4466291208791209,0.20142032967032975,-0.012651098901098834,2.6915769230769233,29883.896153846155,2.2514931678772
-0.4843406593406595,-0.2939093406593407,-0.034373626373626176,-0.15693956043956014,0.06272802197802196,0.4466291208791209,0.20142032967032975,-0.022651098901098843,2.681576923076923,30316.896153846155,2.25576109886169
-0.4843406593406595,-0.2739093406593407,-0.024373626373626167,-0.14693956043956014,0.06272802197802196,0.40662912087912084,0.21142032967032975,-0.022651098901098843,2.641576923076923,29727.896153846155,2.259099197387691
-0.4743406593406595,-0.31390934065934073,-0.004373626373626149,-0.13693956043956013,0.03272802197802194,0.4666291208791209,0.21142032967032975,-0.002651098901098825,2.6515769230769233,28868.896153846155,2.2602507591247587
-0.4743406593406595,-0.34390934065934076,-0.024373626373626167,-0.17693956043956016,0.03272802197802194,0.41662912087912085,0.20142032967032975,-0.002651098901098825,2.641576923076923,28807.896153846155,2.262959194183349
-0.4543406593406595,-0.31390934065934073,-0.004373626373626149,-0.15693956043956014,-0.007271978021978098,0.4466291208791209,0.21142032967032975,-0.012651098901098834,2.6215769230769235,28372.896153846155,2.2673506259918206
-0.4643406593406595,-0.2939093406593407,-0.014373626373626158,-0.14693956043956014,0.0027280219780219106,0.42662912087912086,0.21142032967032975,-0.022651098901098843,2.6115769230769232,28337.896153846155,2.2713784694671624
-0.44434065934065947,-0.2839093406593407,-0.014373626373626158,-0.13693956043956013,-0.007271978021978098,0.4466291208791209,0.22142032967032976,-0.012651098901098834,2.5815769230769234,28214.896153846155,2.2753767490386956
-0.4543406593406595,-0.2939093406593407,-0.024373626373626167,-0.15693956043956014,-0.027271978021978116,0.42662912087912086,0.21142032967032975,-0.022651098901098843,2.5815769230769234,27869.896153846155,2.2753767490386956
-0.4543406593406595,-0.2739093406593407,-0.034373626373626176,-0.15693956043956014,-0.007271978021978098,0.42662912087912086,0.22142032967032976,-0.022651098901098843,2.551576923076923,27652.896153846155,2.279374313354488
-0.4643406593406595,-0.2639093406593407,-0.054373626373626194,-0.19693956043956018,0.0027280219780219106,0.39662912087912083,0.23142032967032977,-0.022651098901098843,2.511576923076923,27501.896153846155,2.283595275878902
-0.4943406593406595,-0.2739093406593407,-0.0643736263736262,-0.18693956043956017,0.0027280219780219106,0.38662912087912094,0.24142032967032978,-0.022651098901098843,2.4615769230769233,27628.896153846155,2.287555646896358
-0.4743406593406595,-0.2539093406593408,-0.054373626373626194,-0.14693956043956014,0.02272802197802193,0.38662912087912094,0.2714203296703298,-0.03265109890109885,2.431576923076923,27289.896153846155,2.287555646896358
-0.4743406593406595,-0.2539093406593408,-0.044373626373626185,-0.13693956043956013,0.052728021978021955,0.3766291208791209,0.3014203296703296,-0.022651098901098843,2.391576923076923,26890.896153846155,2.292116594314571
-0.4843406593406595,-0.22390934065934076,-0.044373626373626185,-0.14693956043956014,0.06272802197802196,0.3566291208791209,0.2814203296703298,-0.002651098901098825,2.3515769230769235,26599.896153846155,2.2964941978454583
-0.5043406593406594,-0.18390934065934073,-0.014373626373626158,-0.13693956043956013,0.03272802197802194,0.3366291208791209,0.32142032967032963,-0.012651098901098834,2.281576923076923,26422.896153846155,2.299789857864379
-0.4943406593406595,-0.18390934065934073,-0.034373626373626176,-0.12693956043956012,0.052728021978021955,0.3266291208791209,0.3014203296703296,-0.002651098901098825,2.2515769230769234,26327.896153846155,2.300481748580932
-0.4943406593406595,-0.17390934065934072,-0.004373626373626149,-0.11693956043956022,0.08272802197802176,0.3166291208791209,0.32142032967032963,-0.002651098901098825,2.2115769230769233,26312.896153846155,2.304486465454101
-0.4943406593406595,-0.1439093406593407,-0.004373626373626149,-0.11693956043956022,0.10272802197802178,0.30662912087912086,0.34142032967032965,0.007348901098901184,2.1715769230769233,26175.896153846155,2.308534812927249
-0.4843406593406595,-0.1539093406593407,-0.024373626373626167,-0.12693956043956012,0.1327280219780218,0.30662912087912086,0.34142032967032965,0.007348901098901184,2.1215769230769235,25968.896153846155,2.312493991851806
-0.5043406593406594,-0.1339093406593408,0.015626373626373757,-0.14693956043956014,0.1227280219780218,0.3166291208791209,0.36142032967032967,0.0273489010989012,2.0615769230769234,25685.896153846155,2.312493991851806
-0.4843406593406595,-0.12390934065934078,-0.004373626373626149,-0.10693956043956021,0.1327280219780218,0.29662912087912086,0.36142032967032967,0.0273489010989012,2.011576923076923,25192.896153846155,2.31649370193481
-0.4543406593406595,-0.1339093406593408,0.0056263736263737485,-0.12693956043956012,0.1327280219780218,0.29662912087912086,0.3814203296703297,0.04734890109890122,1.9515769230769229,25489.896153846155,2.320978355407714
-0.4643406593406595,-0.11390934065934077,-0.004373626373626149,-0.12693956043956012,0.1327280219780218,0.28662912087912096,0.3714203296703297,0.05734890109890123,1.8915769230769228,25768.896153846155,2.324754190444942
-0.4543406593406595,-0.10390934065934077,-0.004373626373626149,-0.13693956043956013,0.1327280219780218,0.29662912087912086,0.3714203296703297,0.03734890109890121,1.8915769230769228,25749.896153846155,2.325493049621585
-0.4543406593406595,-0.09390934065934076,0.0056263736263737485,-0.11693956043956022,0.1327280219780218,0.28662912087912096,0.4114203296703297,0.04734890109890122,1.811576923076923,25996.896153846155,2.328733873367309
-0.40434065934065944,-0.10390934065934077,0.015626373626373757,-0.12693956043956012,0.1427280219780218,0.29662912087912086,0.4214203296703297,0.07734890109890113,1.7515769230769231,26487.896153846155,2.3331062316894524
-0.41434065934065945,-0.10390934065934077,0.015626373626373757,-0.10693956043956021,0.16272802197802183,0.27662912087912095,0.4314203296703297,0.07734890109890113,1.7515769230769231,26228.896153846155,2.3379621028900104
-0.3943406593406594,-0.09390934065934076,-0.004373626373626149,-0.11693956043956022,0.15272802197802182,0.28662912087912096,0.4114203296703297,0.07734890109890113,1.7215769230769231,26177.896153846155,2.3382093429565423
-0.40434065934065944,-0.09390934065934076,-0.004373626373626149,-0.10693956043956021,0.15272802197802182,0.27662912087912095,0.3914203296703297,0.05734890109890123,1.7315769230769231,25792.896153846155,2.340643596649169
-0.40434065934065944,-0.07390934065934074,-0.024373626373626167,-0.11693956043956022,0.15272802197802182,0.28662912087912096,0.4114203296703297,0.03734890109890121,1.681576923076923,26069.896153846155,2.345694732666015
-0.3943406593406594,-0.07390934065934074,-0.034373626373626176,-0.0969395604395602,0.15272802197802182,0.26662912087912094,0.4114203296703297,0.06734890109890113,1.651576923076923,26144.896153846155,2.3497435569763176
-0.3943406593406594,-0.06390934065934073,-0.024373626373626167,-0.10693956043956021,0.16272802197802183,0.25662912087912093,0.44142032967032974,0.05734890109890123,1.571576923076923,26729.896153846155,2.3533632278442376
-0.41434065934065945,-0.06390934065934073,-0.014373626373626158,-0.0969395604395602,0.16272802197802183,0.2466291208791209,0.46142032967032975,0.0273489010989012,1.521576923076923,26802.896153846155,2.35443205833435
-0.41434065934065945,-0.06390934065934073,-0.024373626373626167,-0.10693956043956021,0.15272802197802182,0.2466291208791209,0.4314203296703297,0.0273489010989012,1.521576923076923,26699.896153846155,2.358011436462398
-0.42434065934065945,-0.0339093406593407,-0.034373626373626176,-0.12693956043956012,0.16272802197802183,0.2466291208791209,0.45142032967032975,0.017348901098901193,1.4815769230769231,27198.896153846155,2.3620111465454094
-0.40434065934065944,-0.07390934065934074,-0.004373626373626149,-0.10693956043956021,0.16272802197802183,0.25662912087912093,0.48142032967032977,0.017348901098901193,1.441576923076923,27065.896153846155,2.3660177707672077
-0.43434065934065946,-0.04390934065934071,-0.024373626373626167,-0.11693956043956022,0.17272802197802184,0.23662912087912089,0.4914203296703298,0.0273489010989012,1.401576923076923,27054.896153846155,2.3660177707672077
-0.42434065934065945,-0.07390934065934074,-0.024373626373626167,-0.14693956043956014,0.18272802197802185,0.2466291208791209,0.48142032967032977,0.017348901098901193,1.331576923076923,27241.896153846155,2.370011520385745
-0.41434065934065945,-0.09390934065934076,-0.034373626373626176,-0.11693956043956022,0.18272802197802185,0.23662912087912089,0.5114203296703298,-0.002651098901098825,1.331576923076923,27832.896153846155,2.3744537353515582
-0.41434065934065945,-0.05390934065934072,-0.034373626373626176,-0.12693956043956012,0.18272802197802185,0.22662912087912093,0.5014203296703298,-0.002651098901098825,1.2415769230769231,27703.896153846155,2.377738189697265
-0.42434065934065945,-0.06390934065934073,-0.024373626373626167,-0.12693956043956012,0.17272802197802184,0.23662912087912089,0.5014203296703298,-0.002651098901098825,1.2315769230769231,27908.896153846155,2.378761720657348
-0.44434065934065947,-0.07390934065934074,-0.034373626373626176,-0.13693956043956013,0.18272802197802185,0.21662912087912092,0.4914203296703298,0.007348901098901184,1.211576923076923,27613.896153846155,2.382790517807006
-0.43434065934065946,-0.05390934065934072,-0.034373626373626176,-0.13693956043956013,0.19272802197802186,0.20662912087912091,0.5014203296703298,-0.012651098901098834,1.181576923076923,27674.896153846155,2.3872916221618645
-0.42434065934065945,-0.07390934065934074,-0.034373626373626176,-0.13693956043956013,0.18272802197802185,0.1966291208791209,0.5314203296703298,-0.022651098901098843,1.121576923076923,28227.896153846155,2.390401077270507
-0.4643406593406595,-0.07390934065934074,-0.08437362637362622,-0.13693956043956013,0.19272802197802186,0.1966291208791209,0.4914203296703298,-0.002651098901098825,1.101576923076923,28128.896153846155,2.391291570663448
-0.4543406593406595,-0.08390934065934075,-0.054373626373626194,-0.15693956043956014,0.19272802197802186,0.20662912087912091,0.48142032967032977,-0.04265109890109886,1.061576923076923,28073.896153846155,2.3951351165771477
-0.4743406593406595,-0.07390934065934074,-0.044373626373626185,-0.15693956043956014,0.19272802197802186,0.1966291208791209,0.45142032967032975,-0.002651098901098825,1.041576923076923,28122.896153846155,2.399028015136718
-0.4743406593406595,-0.09390934065934076,-0.0643736263736262,-0.16693956043956015,0.18272802197802185,0.1766291208791209,0.4214203296703297,-0.04265109890109886,1.071576923076923,27845.896153846155,2.4031209468841546
-0.44434065934065947,-0.10390934065934077,-0.054373626373626194,-0.14693956043956014,0.22272802197802188,0.1766291208791209,0.45142032967032975,-0.022651098901098843,1.051576923076923,27652.896153846155,2.4031209468841546
-0.4743406593406595,-0.08390934065934075,-0.07437362637362621,-0.17693956043956016,0.21272802197802188,0.1966291208791209,0.4914203296703298,-0.002651098901098825,0.9715769230769231,27531.896153846155,2.4071371078491204
-0.4543406593406595,-0.08390934065934075,-0.0643736263736262,-0.18693956043956017,0.20272802197802187,0.1966291208791209,0.45142032967032975,-0.04265109890109886,1.0015769230769231,27970.896153846155,2.4117011547088616
-0.4843406593406595,-0.07390934065934074,-0.09437362637362623,-0.2169395604395602,0.20272802197802187,0.1966291208791209,0.45142032967032975,-0.05265109890109887,0.9715769230769231,27637.896153846155,2.4151007652282708
-0.4843406593406595,-0.08390934065934075,-0.07437362637362621,-0.2069395604395602,0.21272802197802188,0.1966291208791209,0.3814203296703297,-0.06265109890109877,1.0015769230769231,27564.896153846155,2.4161335945129387
-0.4843406593406595,-0.07390934065934074,-0.09437362637362623,-0.22693956043956015,0.20272802197802187,0.1966291208791209,0.36142032967032967,-0.06265109890109877,1.021576923076923,27543.896153846155,2.419134092330932
-0.4543406593406595,-0.06390934065934073,-0.054373626373626194,-0.23693956043956016,0.21272802197802188,0.20662912087912091,0.35142032967032966,-0.06265109890109877,0.9615769230769231,27502.896153846155,2.4230653762817376
-0.43434065934065946,-0.06390934065934073,-0.054373626373626194,-0.22693956043956015,0.20272802197802187,0.16662912087912093,0.3714203296703297,-0.06265109890109877,0.9515769230769231,27443.896153846155,2.4270996570587187
-0.4743406593406595,-0.05390934065934072,-0.0643736263736262,-0.22693956043956015,0.22272802197802188,0.16662912087912093,0.36142032967032967,-0.05265109890109887,0.9515769230769231,27416.896153846155,2.4310895919799798
-0.4643406593406595,-0.08390934065934075,-0.0643736263736262,-0.22693956043956015,0.20272802197802187,0.1766291208791209,0.2914203296703296,-0.04265109890109886,0.9415769230769231,27017.896153846155,2.432106924057006
-0.4843406593406595,-0.04390934065934071,-0.054373626373626194,-0.2169395604395602,0.19272802197802186,0.1866291208791209,0.2614203296703298,-0.022651098901098843,0.9315769230769231,26406.896153846155,2.435604524612426
-0.5043406593406594,-0.04390934065934071,-0.044373626373626185,-0.2069395604395602,0.18272802197802185,0.21662912087912092,0.2814203296703298,-0.002651098901098825,0.9315769230769231,26559.896153846155,2.4391171455383294
-0.4843406593406595,-0.06390934065934073,-0.054373626373626194,-0.23693956043956016,0.2327280219780219,0.1866291208791209,0.24142032967032978,0.007348901098901184,0.9215769230769231,26778.896153846155,2.443119955062862
-0.4643406593406595,-0.05390934065934072,-0.044373626373626185,-0.2669395604395602,0.22272802197802188,0.1866291208791209,0.21142032967032975,0.007348901098901184,0.9315769230769231,26541.896153846155,2.4441220283508294
-0.4843406593406595,-0.05390934065934072,-0.0643736263736262,-0.28693956043956015,0.22272802197802188,0.1866291208791209,0.1514203296703297,-0.002651098901098825,0.901576923076923,26434.896153846155,2.4481205463409417
-0.5043406593406594,-0.05390934065934072,-0.08437362637362622,-0.3369395604395602,0.2527280219780219,0.1866291208791209,0.17142032967032972,-0.012651098901098834,0.9115769230769231,26159.896153846155,2.452120971679687
-0.4643406593406595,-0.05390934065934072,-0.10437362637362624,-0.3369395604395602,0.2527280219780219,0.1766291208791209,0.13142032967032968,0.007348901098901184,0.901576923076923,26040.896153846155,2.455116462707519
-0.4743406593406595,-0.07390934065934074,-0.08437362637362622,-0.3369395604395602,0.2527280219780219,0.14662912087912092,0.08142032967032975,0.03734890109890121,0.9115769230769231,25909.896153846155,2.456120681762691
-0.4943406593406595,-0.07390934065934074,-0.12437362637362614,-0.3169395604395602,0.2527280219780219,0.14662912087912092,0.031420329670329705,0.08734890109890114,0.9415769230769231,25808.896153846155,2.4596840858459466
-0.4643406593406595,-0.07390934065934074,-0.15437362637362617,-0.3269395604395602,0.2427280219780219,0.16662912087912093,-0.01857967032967034,0.08734890109890114,0.9215769230769231,26395.896153846155,2.463654947280883
-0.4743406593406595,-0.08390934065934075,-0.16437362637362618,-0.30693956043956017,0.22272802197802188,0.16662912087912093,-0.038579670329670246,0.08734890109890114,0.9415769230769231,26324.896153846155,2.468692731857299
-0.4943406593406595,-0.06390934065934073,-0.15437362637362617,-0.3269395604395602,0.22272802197802188,0.15662912087912093,-0.048579670329670255,0.08734890109890114,0.9515769230769231,26173.896153846155,2.468692731857299
-0.4743406593406595,-0.07390934065934074,-0.1943736263736262,-0.3169395604395602,0.2327280219780219,0.14662912087912092,-0.048579670329670255,0.05734890109890123,0.9515769230769231,26466.896153846155,2.472723197937011
-0.4943406593406595,-0.04390934065934071,-0.1843736263736262,-0.3369395604395602,0.2327280219780219,0.16662912087912093,-0.048579670329670255,0.09734890109890115,0.9215769230769231,25937.896153846155,2.477089118957519
-0.4643406593406595,-0.08390934065934075,-0.20437362637362622,-0.34693956043956015,0.22272802197802188,0.1866291208791209,-0.06857967032967027,0.08734890109890114,0.9515769230769231,25908.896153846155,2.480088663101199
-0.5043406593406594,-0.08390934065934075,-0.22437362637362618,-0.35693956043956016,0.22272802197802188,0.15662912087912093,-0.048579670329670255,0.08734890109890114,0.9515769230769231,26707.896153846155,2.4810676097869866
-0.4843406593406595,-0.06390934065934073,-0.22437362637362618,-0.35693956043956016,0.2427280219780219,0.14662912087912092,-0.048579670329670255,0.06734890109890113,0.9415769230769231,27428.896153846155,2.484762859344478
-0.5043406593406594,-0.06390934065934073,-0.2343736263736262,-0.36693956043956016,0.2427280219780219,0.1366291208791209,-0.058579670329670264,0.07734890109890113,0.9615769230769231,27519.896153846155,2.4888097763061516
-0.4943406593406595,-0.08390934065934075,-0.2343736263736262,-0.3769395604395602,0.27272802197802193,0.14662912087912092,-0.08857967032967029,0.11734890109890117,0.9515769230769231,27426.896153846155,2.49245638847351
-0.4943406593406595,-0.07390934065934074,-0.2443736263736262,-0.35693956043956016,0.2627280219780219,0.15662912087912093,-0.10857967032967031,0.08734890109890114,0.9515769230769231,27843.896153846155,2.49245638847351
-0.4843406593406595,-0.11390934065934077,-0.2643736263736262,-0.3869395604395602,0.2527280219780219,0.15662912087912093,-0.12857967032967033,0.12734890109890118,0.9515769230769231,28310.896153846155,2.4964854240417473
-0.4843406593406595,-0.11390934065934077,-0.2343736263736262,-0.3769395604395602,0.2527280219780219,0.14662912087912092,-0.14857967032967034,0.1373489010989012,0.9815769230769231,28517.896153846155,2.5004841804504387
-0.4743406593406595,-0.11390934065934077,-0.1843736263736262,-0.34693956043956015,0.2527280219780219,0.1366291208791209,-0.13857967032967033,0.12734890109890118,0.9515769230769231,28630.896153846155,2.504916858673095
-0.4743406593406595,-0.1439093406593407,-0.20437362637362622,-0.36693956043956016,0.22272802197802188,0.16662912087912093,-0.14857967032967034,0.12734890109890118,0.9215769230769231,28399.896153846155,2.509060335159301
-0.44434065934065947,-0.1639093406593407,-0.21437362637362622,-0.3769395604395602,0.21272802197802188,0.14662912087912092,-0.16857967032967025,0.12734890109890118,0.851576923076923,28610.896153846155,2.509060335159301
-0.4643406593406595,-0.1539093406593407,-0.1843736263736262,-0.34693956043956015,0.18272802197802185,0.15662912087912093,-0.15857967032967024,0.11734890109890117,0.861576923076923,29031.896153846155,2.5123424053192096
-0.4543406593406595,-0.1639093406593407,-0.20437362637362622,-0.35693956043956016,0.16272802197802183,0.16662912087912093,-0.16857967032967025,0.1373489010989012,0.841576923076923,28620.896153846155,2.5173470497131305
-0.4543406593406595,-0.21390934065934075,-0.21437362637362622,-0.35693956043956016,0.1327280219780218,0.16662912087912093,-0.17857967032967026,0.08734890109890114,0.7915769230769231,28711.896153846155,2.521347951889041
-0.43434065934065946,-0.20390934065934074,-0.22437362637362618,-0.3269395604395602,0.1427280219780218,0.1366291208791209,-0.17857967032967026,0.06734890109890113,0.761576923076923,28966.896153846155,2.521347951889041
-0.44434065934065947,-0.20390934065934074,-0.21437362637362622,-0.3369395604395602,0.1327280219780218,0.1266291208791209,-0.18857967032967027,0.06734890109890113,0.761576923076923,28015.896153846155,2.525569868087768
-0.44434065934065947,-0.20390934065934074,-0.1843736263736262,-0.34693956043956015,0.11272802197802179,0.07662912087912091,-0.20857967032967029,0.04734890109890122,0.761576923076923,27254.896153846155,2.5295686244964593
-0.41434065934065945,-0.20390934065934074,-0.1743736263736262,-0.3369395604395602,0.1427280219780218,0.08662912087912092,-0.2185796703296703,0.06734890109890113,0.731576923076923,26549.896153846155,2.5338632583618157
-0.42434065934065945,-0.20390934065934074,-0.1943736263736262,-0.36693956043956016,0.1227280219780218,0.09662912087912093,-0.2185796703296703,0.007348901098901184,0.721576923076923,26684.896153846155,2.5338632583618157
-0.43434065934065946,-0.23390934065934077,-0.21437362637362622,-0.35693956043956016,0.09272802197802177,0.09662912087912093,-0.2285796703296703,0.0273489010989012,0.711576923076923,25859.896153846155,2.5373849391937284
-0.43434065934065946,-0.22390934065934076,-0.20437362637362622,-0.36693956043956016,0.09272802197802177,0.10662912087912094,-0.24857967032967032,-0.002651098901098825,0.6715769230769231,25228.896153846155,2.542073917388919
-0.43434065934065946,-0.2539093406593408,-0.2343736263736262,-0.36693956043956016,0.08272802197802176,0.10662912087912094,-0.2185796703296703,-0.03265109890109885,0.571576923076923,25013.896153846155,2.545685958862304
-0.4643406593406595,-0.23390934065934077,-0.2343736263736262,-0.34693956043956015,0.06272802197802196,0.08662912087912092,-0.2385796703296703,-0.05265109890109887,0.5515769230769231,24276.896153846155,2.545685958862304
-0.4643406593406595,-0.2639093406593407,-0.2643736263736262,-0.3269395604395602,0.042728021978021946,0.08662912087912092,-0.25857967032967033,-0.11265109890109881,0.501576923076923,23033.896153846155,2.5497183322906487
-0.44434065934065947,-0.23390934065934077,-0.2743736263736262,-0.3269395604395602,0.03272802197802194,0.07662912087912091,-0.27857967032967024,-0.14265109890109884,0.491576923076923,22686.896153846155,2.553879213333129
-0.4743406593406595,-0.24390934065934078,-0.3143736263736262,-0.30693956043956017,0.02272802197802193,0.09662912087912093,-0.26857967032967034,-0.1626510989010988,0.501576923076923,21751.896153846155,2.5587238788604765
-0.43434065934065946,-0.2539093406593408,-0.3043736263736262,-0.3169395604395602,0.01272802197802192,0.09662912087912093,-0.26857967032967034,-0.15265109890109885,0.481576923076923,20530.896153846155,2.5587238788604765
-0.40434065934065944,-0.2839093406593407,-0.2543736263736262,-0.3269395604395602,-0.007271978021978098,0.07662912087912091,-0.3185796703296703,-0.19265109890109883,0.481576923076923,19995.896153846155,2.563205194473266
-0.44434065934065947,-0.2739093406593407,-0.2943736263736262,-0.2769395604395602,-0.017271978021978107,0.0666291208791209,-0.25857967032967033,-0.20265109890109884,0.4315769230769231,19324.896153846155,2.5668923377990716
-0.40434065934065944,-0.2839093406593407,-0.3043736263736262,-0.28693956043956015,-0.017271978021978107,0.08662912087912092,-0.27857967032967024,-0.19265109890109883,0.39157692307692304,18357.896153846155,2.571717929840087
-0.40434065934065944,-0.3039093406593407,-0.2843736263736262,-0.29693956043956016,-0.027271978021978116,0.0666291208791209,-0.28857967032967025,-0.1726510989010988,0.40157692307692305,17842.896153846155,2.571717929840087
-0.43434065934065946,-0.2839093406593407,-0.3143736263736262,-0.2769395604395602,-0.027271978021978116,0.07662912087912091,-0.3285796703296703,-0.2226510989010988,0.39157692307692304,17473.896153846155,2.574821424484252
-0.3943406593406594,-0.2939093406593407,-0.2443736263736262,-0.24693956043956017,-0.047271978021978134,0.07662912087912091,-0.3385796703296703,-0.2226510989010988,0.351576923076923,17134.896153846155,2.5792665004730218
-0.42434065934065945,-0.2939093406593407,-0.2743736263736262,-0.29693956043956016,-0.05727197802197814,0.04662912087912091,-0.3385796703296703,-0.27265109890109884,0.29157692307692307,16423.896153846155,2.5834307193756096
-0.44434065934065947,-0.34390934065934076,-0.3243736263736262,-0.34693956043956015,-0.1172719780219782,0.006629120879120903,-0.3385796703296703,-0.3126510989010988,0.13157692307692306,15618.896153846155,2.58350224494934
-0.44434065934065947,-0.2939093406593407,-0.2843736263736262,-0.24693956043956017,-0.10727197802197819,0.0366291208791209,-0.3585796703296703,-0.3026510989010988,0.13157692307692306,15095.896153846155,2.587515783309936
-0.42434065934065945,-0.2839093406593407,-0.2843736263736262,-0.24693956043956017,-0.10727197802197819,0.0366291208791209,-0.3685796703296703,-0.27265109890109884,0.15157692307692308,14920.896153846155,2.5919100761413603
-0.41434065934065945,-0.2839093406593407,-0.2743736263736262,-0.24693956043956017,-0.1172719780219782,0.006629120879120903,-0.3585796703296703,-0.24265109890109882,0.10157692307692306,14871.896153846155,2.59613652229309
-0.3743406593406595,-0.2639093406593407,-0.2743736263736262,-0.2669395604395602,-0.07727197802197816,0.006629120879120903,-0.3285796703296703,-0.26265109890109883,0.09157692307692306,14514.896153846155,2.5992593288421624
