-0.30025535420098837,-0.2770236133992309,-0.07701263042284456,-0.09113948380010983,-0.4014689730917079,-0.028415705656232873,-0.2885859417902252,-0.404497528830313,-0.056880834706205384,50566.27155409116,0.0026673793792717504
-0.31025535420098826,-0.2870236133992309,-0.04701263042284454,-0.17113948380010985,-0.3714689730917079,-0.028415705656232873,-0.2485859417902252,-0.38449752883031296,-0.056880834706205384,50737.27155409116,0.005878400802608041
-0.29025535420098836,-0.22702361339923083,-0.04701263042284454,-0.17113948380010985,-0.351468973091708,-0.018415705656232878,-0.27858594179022517,-0.404497528830313,-0.056880834706205384,51008.27155409116,0.006843519210811166
-0.27025535420098834,-0.22702361339923083,0.0029873695771553965,-0.17113948380010985,-0.361468973091708,-0.018415705656232878,-0.27858594179022517,-0.42449752883031294,-0.04688083470620538,51273.27155409116,0.010950756073000889
-0.29025535420098836,-0.23702361339923084,0.0029873695771553965,-0.19113948380010987,-0.3914689730917079,-0.00841570565623287,-0.2985859417902252,-0.414497528830313,-0.04688083470620538,51550.27155409116,0.014942836761473899
-0.26025535420098833,-0.20702361339923092,-0.007012630422844612,-0.15113948380010983,-0.3914689730917079,-0.018415705656232878,-0.25858594179022515,-0.42449752883031294,-0.04688083470620538,51707.27155409116,0.019226741790770774
-0.2402553542009883,-0.1770236133992309,0.0029873695771553965,-0.15113948380010983,-0.3914689730917079,0.0015842943437671397,-0.33858594179022516,-0.404497528830313,-0.03688083470620539,52452.27155409116,0.019226741790770774
-0.30025535420098837,-0.14702361339923087,0.0029873695771553965,-0.15113948380010983,-0.43146897309170795,0.0015842943437671397,-0.32858594179022516,-0.37449752883031295,-0.04688083470620538,52901.27155409116,0.023516368865966086
-0.3202553542009883,-0.13702361339923086,-0.007012630422844612,-0.14113948380010988,-0.44146897309170796,0.0015842943437671397,-0.3085859417902252,-0.39449752883031297,-0.04688083470620538,52930.27155409116,0.027204704284667258
-0.29025535420098836,-0.13702361339923086,0.05298736957715544,-0.14113948380010988,-0.43146897309170795,0.01158429434376712,-0.2985859417902252,-0.36449752883031294,-0.04688083470620538,53245.27155409116,0.03157205581664968
-0.31025535420098826,-0.05702361339923079,0.04298736957715543,-0.12113948380010986,-0.43146897309170795,0.02158429434376713,-0.2485859417902252,-0.38449752883031296,-0.03688083470620539,53384.27155409116,0.03157205581664968
-0.3302553542009883,-0.0670236133992308,0.04298736957715543,-0.11113948380010985,-0.43146897309170795,0.02158429434376713,-0.22858594179022518,-0.38449752883031296,-0.03688083470620539,53679.27155409116,0.03574342727661062
-0.30025535420098837,-0.007023613399230966,0.10298736957715549,-0.11113948380010985,-0.44146897309170796,0.02158429434376713,-0.22858594179022518,-0.404497528830313,-0.03688083470620539,54090.27155409116,0.040152263641360264
-0.3602553542009883,0.0729763866007691,0.12298736957715539,-0.10113948380010984,-0.461468973091708,0.04158429434376712,-0.22858594179022518,-0.38449752883031296,-0.03688083470620539,54541.27155409116,0.043705177307128196
-0.3302553542009883,0.13297638660076916,0.09298736957715548,-0.08113948380010988,-0.461468973091708,0.03158429434376714,-0.21858594179022517,-0.404497528830313,-0.03688083470620539,54398.27155409116,0.04470629692077566
-0.3402553542009883,0.1729763866007692,0.11298736957715538,-0.10113948380010984,-0.44146897309170796,0.04158429434376712,-0.22858594179022518,-0.39449752883031297,-0.03688083470620539,54175.27155409116,0.04772014617919851
-0.31025535420098826,0.1829763866007692,0.16298736957715543,-0.11113948380010985,-0.44146897309170796,0.03158429434376714,-0.20858594179022516,-0.39449752883031297,-0.03688083470620539,54538.27155409116,0.05172533988952566
-0.27025535420098834,0.1929763866007692,0.16298736957715543,-0.11113948380010985,-0.43146897309170795,0.04158429434376712,-0.20858594179022516,-0.38449752883031296,-0.026880834706205378,55125.27155409116,0.05575485229491761
-0.27025535420098834,0.27297638660076906,0.1329873695771554,-0.10113948380010984,-0.44146897309170796,0.04158429434376712,-0.2385859417902252,-0.38449752883031296,-0.03688083470620539,55364.27155409116,0.05975503921508718
-0.31025535420098826,0.3329763866007691,0.1429873695771554,-0.11113948380010985,-0.42146897309170794,0.03158429434376714,-0.2485859417902252,-0.39449752883031297,-0.026880834706205378,55397.27155409116,0.060753536224364524
-0.2502553542009883,0.4229763866007692,0.16298736957715543,-0.12113948380010986,-0.42146897309170794,0.03158429434376714,-0.20858594179022516,-0.39449752883031297,-0.016880834706205383,55620.27155409116,0.06475396156310964
-0.31025535420098826,0.512976386600769,0.15298736957715542,-0.14113948380010988,-0.42146897309170794,0.03158429434376714,-0.20858594179022516,-0.37449752883031295,-0.016880834706205383,55749.27155409116,0.06875724792480398
-0.26025535420098833,0.5629763866007691,0.15298736957715542,-0.14113948380010988,-0.41146897309170793,0.02158429434376713,-0.19858594179022515,-0.39449752883031297,-0.016880834706205383,55806.27155409116,0.07176060676574636
-0.26025535420098833,0.5929763866007691,0.1429873695771554,-0.12113948380010986,-0.42146897309170794,0.03158429434376714,-0.20858594179022516,-0.38449752883031296,-0.016880834706205383,55953.27155409116,0.07296366691589284
-0.27025535420098834,0.6929763866007692,0.15298736957715542,-0.13113948380010987,-0.42146897309170794,0.05158429434376713,-0.2485859417902252,-0.43449752883031295,-0.016880834706205383,55884.27155409116,0.07624716758727956
-0.29025535420098836,0.762976386600769,0.15298736957715542,-0.12113948380010986,-0.43146897309170795,0.04158429434376712,-0.27858594179022517,-0.42449752883031294,-0.006880834706205388,56469.27155409116,0.0800833225250237
-0.30025535420098837,0.8429763866007691,0.18298736957715545,-0.10113948380010984,-0.481468973091708,0.04158429434376712,-0.25858594179022515,-0.45449752883031297,-0.016880834706205383,56756.27155409116,0.08450288772582937
-0.3202553542009883,0.912976386600769,0.17298736957715544,-0.12113948380010986,-0.481468973091708,0.07158429434376712,-0.2485859417902252,-0.48449752883031294,0.0031191652937946207,56473.27155409116,0.08553428649902273
-0.3602553542009883,1.0629763866007693,0.15298736957715542,-0.09113948380010983,-0.5014689730917079,0.08158429434376713,-0.26858594179022516,-0.48449752883031294,0.0031191652937946207,56466.27155409116,0.0891990184783964
-0.3602553542009883,1.0829763866007693,0.16298736957715543,-0.07113948380010987,-0.5214689730917079,0.07158429434376712,-0.3085859417902252,-0.474497528830313,-0.006880834706205388,56457.27155409116,0.09274477958679128
-0.3502553542009883,1.1729763866007692,0.17298736957715544,-0.06113948380010986,-0.5214689730917079,0.04158429434376712,-0.31858594179022515,-0.43449752883031295,-0.006880834706205388,56386.27155409116,0.0969900608062737
-0.3202553542009883,1.242976386600769,0.15298736957715542,-0.06113948380010986,-0.551468973091708,0.07158429434376712,-0.31858594179022515,-0.474497528830313,-0.016880834706205383,56253.27155409116,0.0969900608062737
-0.29025535420098836,1.322976386600769,0.1429873695771554,-0.07113948380010987,-0.561468973091708,0.05158429434376713,-0.31858594179022515,-0.474497528830313,-0.006880834706205388,56232.27155409116,0.10099048614501882
-0.31025535420098826,1.3829763866007692,0.17298736957715544,-0.08113948380010988,-0.561468973091708,0.05158429434376713,-0.2985859417902252,-0.48449752883031294,0.0031191652937946207,55995.27155409116,0.10498018264770437
-0.28025535420098835,1.432976386600769,0.18298736957715545,-0.07113948380010987,-0.581468973091708,0.07158429434376712,-0.2985859417902252,-0.474497528830313,0.0031191652937946207,55784.27155409116,0.10898036956787038
-0.27025535420098834,1.452976386600769,0.17298736957715544,-0.07113948380010987,-0.591468973091708,0.06158429434376714,-0.2885859417902252,-0.48449752883031294,0.0031191652937946207,55831.27155409116,0.10998005867004323
-0.26025535420098833,1.5229763866007693,0.18298736957715545,-0.10113948380010984,-0.571468973091708,0.07158429434376712,-0.2985859417902252,-0.474497528830313,-0.016880834706205383,56274.27155409116,0.11287803649902273
-0.26025535420098833,1.532976386600769,0.20298736957715546,-0.13113948380010987,-0.591468973091708,0.07158429434376712,-0.3085859417902252,-0.49449752883031295,0.013119165293794616,56047.27155409116,0.1172234535217278
-0.2502553542009883,1.5829763866007693,0.21298736957715547,-0.16113948380010984,-0.601468973091708,0.03158429434376714,-0.2985859417902252,-0.49449752883031295,0.013119165293794616,55662.27155409116,0.12119193077087687
-0.2502553542009883,1.572976386600769,0.2429873695771554,-0.13113948380010987,-0.611468973091708,0.07158429434376712,-0.32858594179022516,-0.524497528830313,0.013119165293794616,56171.27155409116,0.12219281196594167
-0.2502553542009883,1.6129763866007691,0.2629873695771554,-0.15113948380010983,-0.611468973091708,0.04158429434376712,-0.32858594179022516,-0.49449752883031295,0.02311916529379461,56364.27155409116,0.1261927604675286
-0.2202553542009883,1.5929763866007691,0.29298736957715543,-0.15113948380010983,-0.611468973091708,0.06158429434376714,-0.3085859417902252,-0.49449752883031295,0.02311916529379461,56799.27155409116,0.12942428588867116
-0.2202553542009883,1.622976386600769,0.2829873695771554,-0.16113948380010984,-0.641468973091708,0.06158429434376714,-0.31858594179022515,-0.524497528830313,0.02311916529379461,57222.27155409116,0.13361759185790945
-0.20025535420098828,1.6129763866007691,0.31298736957715545,-0.19113948380010987,-0.6514689730917079,0.04158429434376712,-0.3685859417902252,-0.48449752883031294,0.02311916529379461,57441.27155409116,0.13815517425537038
-0.20025535420098828,1.602976386600769,0.33298736957715547,-0.21113948380010986,-0.641468973091708,0.04158429434376712,-0.3685859417902252,-0.45449752883031297,0.02311916529379461,57758.27155409116,0.13815517425537038
-0.20025535420098828,1.5929763866007691,0.3829873695771554,-0.19113948380010987,-0.6514689730917079,0.03158429434376714,-0.3585859417902252,-0.524497528830313,0.02311916529379461,57905.27155409116,0.1429349899291985
-0.17025535420098836,1.602976386600769,0.3729873695771554,-0.21113948380010986,-0.6514689730917079,0.04158429434376712,-0.3585859417902252,-0.504497528830313,0.03311916529379462,58218.27155409116,0.14642114639282156
-0.15025535420098834,1.5929763866007691,0.4029873695771554,-0.2611394838001099,-0.6614689730917079,0.03158429434376714,-0.37858594179022514,-0.524497528830313,0.02311916529379461,58451.27155409116,0.15070886611938406
-0.14025535420098834,1.5829763866007693,0.4029873695771554,-0.25113948380010986,-0.641468973091708,0.06158429434376714,-0.37858594179022514,-0.504497528830313,0.03311916529379462,58198.27155409116,0.15070886611938406
-0.12025535420098832,1.552976386600769,0.4729873695771555,-0.20113948380010985,-0.641468973091708,0.05158429434376713,-0.32858594179022516,-0.504497528830313,0.03311916529379462,58387.27155409116,0.15478868484497
-0.11025535420098831,1.5229763866007693,0.4829873695771555,-0.25113948380010986,-0.6514689730917079,0.02158429434376713,-0.31858594179022515,-0.48449752883031294,0.03311916529379462,58850.27155409116,0.1591395854949944
-0.11025535420098831,1.4629763866007692,0.5529873695771553,-0.23113948380010985,-0.641468973091708,0.02158429434376713,-0.32858594179022516,-0.49449752883031295,0.03311916529379462,59049.27155409116,0.1625949859619169
-0.08025535420098828,1.4429763866007692,0.5629873695771553,-0.21113948380010986,-0.631468973091708,0.02158429434376713,-0.31858594179022515,-0.514497528830313,0.04311916529379463,59150.27155409116,0.1625949859619169
-0.060255354200988265,1.412976386600769,0.5929873695771554,-0.21113948380010986,-0.6514689730917079,0.01158429434376712,-0.3085859417902252,-0.49449752883031295,0.04311916529379463,59317.27155409116,0.16747636795043874
-0.05025535420098837,1.352976386600769,0.6629873695771554,-0.23113948380010985,-0.631468973091708,0.02158429434376713,-0.2885859417902252,-0.504497528830313,0.04311916529379463,59814.27155409116,0.1715061187744098
-0.02025535420098834,1.302976386600769,0.6929873695771555,-0.21113948380010986,-0.641468973091708,0.02158429434376713,-0.2985859417902252,-0.49449752883031295,0.04311916529379463,60593.27155409116,0.17550606727600027
-0.0002553542009883225,1.262976386600769,0.7129873695771555,-0.20113948380010985,-0.631468973091708,0.02158429434376713,-0.2985859417902252,-0.49449752883031295,0.04311916529379463,60938.27155409116,0.17550606727600027
0.009744645799011686,1.222976386600769,0.7529873695771555,-0.16113948380010984,-0.631468973091708,0.03158429434376714,-0.2885859417902252,-0.504497528830313,0.05311916529379461,61347.27155409116,0.17911810874938894
0.029744645799011704,1.182976386600769,0.7929873695771555,-0.15113948380010983,-0.631468973091708,0.03158429434376714,-0.2885859417902252,-0.49449752883031295,0.05311916529379461,62036.27155409116,0.18352837562560964
0.04974464579901172,1.122976386600769,0.8529873695771554,-0.13113948380010987,-0.631468973091708,0.04158429434376712,-0.25858594179022515,-0.504497528830313,0.05311916529379461,63353.27155409116,0.18726677894592214
0.05974464579901173,1.072976386600769,0.8929873695771554,-0.09113948380010983,-0.631468973091708,0.07158429434376712,-0.2885859417902252,-0.504497528830313,0.05311916529379461,64574.27155409116,0.18856973648071573
0.08974464579901165,1.012976386600769,0.9329873695771554,-0.13113948380010987,-0.631468973091708,0.06158429434376714,-0.2885859417902252,-0.48449752883031294,0.06311916529379462,65559.27155409116,0.19119281768798757
0.10974464579901166,0.9629763866007692,0.9529873695771555,-0.13113948380010987,-0.631468973091708,0.04158429434376712,-0.2885859417902252,-0.464497528830313,0.06311916529379462,66288.27155409116,0.19524092674255655
0.12974464579901168,0.9229763866007692,0.9829873695771555,-0.15113948380010983,-0.631468973091708,0.05158429434376713,-0.2885859417902252,-0.48449752883031294,0.06311916529379462,66929.27155409116,0.19980926513671804
0.1397446457990117,0.8729763866007689,1.0429873695771557,-0.15113948380010983,-0.631468973091708,0.04158429434376712,-0.3085859417902252,-0.474497528830313,0.06311916529379462,67352.27155409116,0.19980926513671804
0.1497446457990117,0.8229763866007691,1.0829873695771552,-0.10113948380010984,-0.631468973091708,0.08158429434376713,-0.33858594179022516,-0.49449752883031295,0.06311916529379462,68463.27155409116,0.2032050609588616
0.1497446457990117,0.7829763866007691,1.1229873695771553,-0.16113948380010984,-0.611468973091708,0.07158429434376712,-0.3485859417902252,-0.514497528830313,0.06311916529379462,69386.27155409116,0.20736379623413015
0.1497446457990117,0.752976386600769,1.1429873695771553,-0.14113948380010988,-0.611468973091708,0.10158429434376712,-0.3585859417902252,-0.504497528830313,0.06311916529379462,69461.27155409116,0.21135945320128968
0.12974464579901168,0.742976386600769,1.1729873695771555,-0.17113948380010985,-0.611468973091708,0.11158429434376713,-0.32858594179022516,-0.504497528830313,0.06311916529379462,70786.27155409116,0.21236581802368093
0.11974464579901167,0.732976386600769,1.2129873695771556,-0.11113948380010985,-0.601468973091708,0.11158429434376713,-0.3485859417902252,-0.49449752883031295,0.07311916529379463,71831.27155409116,0.21535677909851003
0.11974464579901167,0.7129763866007692,1.2329873695771556,-0.14113948380010988,-0.601468973091708,0.09158429434376714,-0.3485859417902252,-0.474497528830313,0.07311916529379463,72190.27155409116,0.21960468292236257
0.10974464579901166,0.7129763866007692,1.2429873695771554,-0.11113948380010985,-0.581468973091708,0.13158429434376714,-0.38858594179022515,-0.48449752883031294,0.07311916529379463,72133.27155409116,0.2236380100250237
0.10974464579901166,0.7129763866007692,1.2629873695771554,-0.05113948380010985,-0.581468973091708,0.13158429434376714,-0.3585859417902252,-0.48449752883031294,0.08311916529379461,72062.27155409116,0.22463650703430105
0.10974464579901166,0.6829763866007692,1.2729873695771556,-0.011139483800109873,-0.571468973091708,0.13158429434376714,-0.3685859417902252,-0.504497528830313,0.07311916529379463,72345.27155409116,0.22865338325500417
0.10974464579901166,0.6729763866007692,1.2829873695771554,-0.001139483800109864,-0.571468973091708,0.1515842943437671,-0.3585859417902252,-0.49449752883031295,0.08311916529379461,72986.27155409116,0.23265094757080007
0.11974464579901167,0.6629763866007692,1.2729873695771556,0.028860516199890163,-0.551468973091708,0.16158429434376712,-0.37858594179022514,-0.504497528830313,0.07311916529379463,73497.27155409116,0.23665590286254812
0.1397446457990117,0.6429763866007692,1.2729873695771556,0.07886051619989015,-0.551468973091708,0.23158429434376712,-0.39858594179022516,-0.49449752883031295,0.09311916529379462,73662.27155409116,0.24065561294555948
0.1497446457990117,0.6429763866007692,1.2529873695771556,0.09886051619989017,-0.5114689730917079,0.24158429434376713,-0.39858594179022516,-0.48449752883031294,0.09311916529379462,73443.27155409116,0.24065561294555948
0.16974464579901172,0.6229763866007691,1.2429873695771554,0.048860516199890125,-0.471468973091708,0.24158429434376713,-0.38858594179022515,-0.48449752883031294,0.10311916529379463,73762.27155409116,0.2441761016845696
0.19974464579901174,0.6129763866007691,1.2429873695771554,0.08886051619989016,-0.43146897309170795,0.24158429434376713,-0.40858594179022517,-0.474497528830313,0.10311916529379463,74367.27155409116,0.24835009574890066
0.23974464579901178,0.5829763866007691,1.2329873695771556,0.08886051619989016,-0.4014689730917079,0.2715842943437671,-0.37858594179022514,-0.464497528830313,0.10311916529379463,74480.27155409116,0.2521748065948479
0.2497446457990118,0.5729763866007691,1.2329873695771556,0.09886051619989017,-0.3814689730917079,0.2715842943437671,-0.31858594179022515,-0.474497528830313,0.10311916529379463,74749.27155409116,0.2532107353210442
0.2897446457990116,0.512976386600769,1.2329873695771556,0.1488605161998901,-0.361468973091708,0.2615842943437672,-0.3485859417902252,-0.474497528830313,0.10311916529379463,75390.27155409116,0.25638766288757253
0.3097446457990116,0.5229763866007691,1.2329873695771556,0.10886051619989018,-0.361468973091708,0.2815842943437671,-0.31858594179022515,-0.474497528830313,0.09311916529379462,75303.27155409116,0.2604383945465081
0.31974464579901163,0.49297638660076903,1.2229873695771554,0.1288605161998902,-0.341468973091708,0.3015842943437671,-0.33858594179022516,-0.44449752883031296,0.10311916529379463,75078.27155409116,0.26441450119018484
0.32974464579901164,0.502976386600769,1.2329873695771556,0.1288605161998902,-0.29146897309170794,0.3115842943437671,-0.27858594179022517,-0.45449752883031297,0.10311916529379463,74807.27155409116,0.2655715465545647
0.3097446457990116,0.482976386600769,1.2129873695771556,0.1388605161998901,-0.231468973091708,0.3015842943437671,-0.2385859417902252,-0.45449752883031297,0.10311916529379463,74274.27155409116,0.2694386959075956
0.3097446457990116,0.472976386600769,1.2429873695771554,0.16886051619989012,-0.21146897309170798,0.3315842943437671,-0.2485859417902252,-0.45449752883031297,0.10311916529379463,73987.27155409116,0.27344651222228933
0.2997446457990116,0.472976386600769,1.2429873695771554,0.16886051619989012,-0.17146897309170794,0.3115842943437671,-0.21858594179022517,-0.44449752883031296,0.10311916529379463,73926.27155409116,0.277146768569942
0.2897446457990116,0.4529763866007692,1.2829873695771554,0.16886051619989012,-0.09146897309170798,0.3015842943437671,-0.18858594179022514,-0.42449752883031294,0.11311916529379461,73655.27155409116,0.2782115459442096
0.31974464579901163,0.4129763866007692,1.2829873695771554,0.11886051619989019,-0.04146897309170794,0.2915842943437671,-0.17858594179022513,-0.42449752883031294,0.11311916529379461,73192.27155409116,0.2822117328643792
0.31974464579901163,0.4129763866007692,1.2829873695771554,0.10886051619989018,-0.03146897309170793,0.3215842943437671,-0.15858594179022512,-0.42449752883031294,0.11311916529379461,72867.27155409116,0.2852367877960198
0.2897446457990116,0.4029763866007692,1.3029873695771554,0.1388605161998901,0.008531026908292105,0.3215842943437671,-0.11858594179022519,-0.414497528830313,0.11311916529379461,72484.27155409116,0.29021162986755655
0.31974464579901163,0.37297638660076915,1.2829873695771554,0.1588605161998901,0.05853102690829215,0.3315842943437671,-0.17858594179022513,-0.414497528830313,0.11311916529379461,72279.27155409116,0.29021162986755655
0.3697446457990117,0.3429763866007691,1.2629873695771554,0.1588605161998901,0.06853102690829216,0.34158429434376714,-0.16858594179022512,-0.42449752883031294,0.11311916529379461,72286.27155409116,0.2937089920043938
0.3797446457990117,0.3429763866007691,1.2429873695771554,0.19886051619989015,0.09853102690829196,0.3215842943437671,-0.15858594179022512,-0.43449752883031295,0.09311916529379462,72473.27155409116,0.29819388389587687
0.3697446457990117,0.3429763866007691,1.2429873695771554,0.19886051619989015,0.138531026908292,0.3015842943437671,-0.10858594179022518,-0.38449752883031296,0.10311916529379463,72562.27155409116,0.30271930694580007
0.3997446457990117,0.3129763866007691,1.2029873695771554,0.21886051619989016,0.18853102690829204,0.36158429434376715,-0.1285859417902252,-0.354497528830313,0.11311916529379461,71791.27155409116,0.30592246055602956
0.45974464579901175,0.2929763866007691,1.1629873695771553,0.19886051619989015,0.19853102690829205,0.38158429434376717,-0.10858594179022518,-0.294497528830313,0.11311916529379461,70798.27155409116,0.30592246055602956
0.3997446457990117,0.3129763866007691,1.1729873695771555,0.22886051619989017,0.2485310269082921,0.4015842943437672,-0.11858594179022519,-0.30449752883031295,0.11311916529379461,70137.27155409116,0.3101064682006829
0.4097446457990117,0.3329763866007691,1.1529873695771555,0.19886051619989015,0.29853102690829214,0.48158429434376715,-0.07858594179022516,-0.294497528830313,0.13311916529379464,70428.27155409116,0.3150188446044879
0.3797446457990117,0.3429763866007691,1.1129873695771555,0.2488605161998902,0.33853102690829195,0.49158429434376716,-0.018585941790225213,-0.274497528830313,0.1631191652937946,70231.27155409116,0.31904311180114675
0.33974464579901165,0.38297638660076916,1.0929873695771555,0.2488605161998902,0.35853102690829197,0.49158429434376716,0.03141405820977483,-0.24449752883031295,0.1631191652937946,69576.27155409116,0.31904311180114675
0.34974464579901166,0.38297638660076916,1.0929873695771555,0.2588605161998901,0.388531026908292,0.5315842943437672,0.04141405820977484,-0.21449752883031292,0.2031191652937946,68087.27155409116,0.322055530548095
0.32974464579901164,0.4029763866007692,1.0829873695771552,0.2588605161998901,0.42853102690829203,0.5815842943437671,0.011414058209774813,-0.19449752883031302,0.23311916529379462,66842.27155409116,0.32755751609802175
0.2897446457990116,0.39297638660076917,1.0729873695771555,0.32886051619989015,0.418531026908292,0.6115842943437672,0.04141405820977484,-0.14449752883031297,0.2731191652937946,65977.27155409116,0.33104844093322683
0.2997446457990116,0.39297638660076917,1.0629873695771552,0.34886051619989017,0.42853102690829203,0.6615842943437672,0.011414058209774813,-0.11449752883031294,0.3131191652937946,64934.27155409116,0.33104844093322683
0.3097446457990116,0.38297638660076916,1.0529873695771554,0.3588605161998902,0.42853102690829203,0.7015842943437671,0.05141405820977485,-0.08449752883031292,0.3131191652937946,64043.27155409116,0.3354117393493645
0.2797446457990116,0.38297638660076916,1.0629873695771552,0.3588605161998902,0.43853102690829204,0.7315842943437671,0.03141405820977483,-0.054497528830313,0.3231191652937946,62850.27155409116,0.3391656398773186
0.2597446457990116,0.4029763866007692,1.0529873695771554,0.3988605161998901,0.45853102690829206,0.7615842943437672,0.05141405820977485,-0.024497528830312976,0.3531191652937946,62507.27155409116,0.34369940757751394
0.2597446457990116,0.38297638660076916,1.0029873695771556,0.3988605161998901,0.46853102690829207,0.7915842943437672,0.04141405820977484,-0.024497528830312976,0.3431191652937946,62182.27155409116,0.34369940757751394
0.2597446457990116,0.39297638660076917,0.9829873695771555,0.4188605161998901,0.4985310269082921,0.8115842943437671,0.09141405820977488,-0.004497528830312958,0.4031191652937946,61811.27155409116,0.3477401256561272
0.2697446457990116,0.36297638660076914,0.9629873695771555,0.4188605161998901,0.5385310269082921,0.8315842943437671,0.07141405820977487,0.005502471169687051,0.4231191652937946,61414.27155409116,0.3517217159271233
0.2797446457990116,0.3429763866007691,0.9829873695771555,0.42886051619989013,0.5685310269082922,0.8115842943437671,0.10141405820977478,0.01550247116968706,0.46311916529379465,61401.27155409116,0.3564636230468743
0.2497446457990118,0.37297638660076915,0.9629873695771555,0.4188605161998901,0.628531026908292,0.8315842943437671,0.11141405820977479,0.01550247116968706,0.5231191652937947,61214.27155409116,0.3564636230468743
0.23974464579901178,0.36297638660076914,0.9529873695771555,0.45886051619989016,0.628531026908292,0.8415842943437671,0.11141405820977479,0.03550247116968708,0.5231191652937947,60977.27155409116,0.3595656871795647
0.20974464579901175,0.37297638660076915,0.9229873695771554,0.4788605161998902,0.678531026908292,0.8315842943437671,0.1214140582097748,0.055502471169686984,0.5431191652937947,60990.27155409116,0.3636128425598102
0.17974464579901173,0.38297638660076916,0.9129873695771554,0.4788605161998902,0.678531026908292,0.8215842943437671,0.16141405820977484,0.075502471169687,0.5431191652937947,61043.27155409116,0.36793775558471964
0.19974464579901174,0.39297638660076917,0.9029873695771554,0.50886051619989,0.7285310269082921,0.8115842943437671,0.16141405820977484,0.08550247116968701,0.5731191652937947,61390.27155409116,0.3689732074737542
0.18974464579901174,0.37297638660076915,0.8829873695771554,0.50886051619989,0.7585310269082921,0.8615842943437672,0.17141405820977484,0.12550247116968705,0.5831191652937947,61203.27155409116,0.37161059379577566
0.16974464579901172,0.4029763866007692,0.8829873695771554,0.50886051619989,0.7485310269082921,0.8715842943437672,0.15141405820977483,0.10550247116968703,0.5931191652937946,60320.27155409116,0.3763985157012897
0.1397446457990117,0.37297638660076915,0.8929873695771554,0.5388605161998901,0.7085310269082921,0.8815842943437672,0.15141405820977483,0.13550247116968706,0.5931191652937946,60039.27155409116,0.38039846420288015
0.1397446457990117,0.37297638660076915,0.8729873695771554,0.5488605161998901,0.7685310269082921,0.8615842943437672,0.15141405820977483,0.11550247116968704,0.6131191652937946,60026.27155409116,0.3836707592010491
0.12974464579901168,0.37297638660076915,0.8829873695771554,0.5488605161998901,0.7885310269082921,0.8815842943437672,0.14141405820977482,0.12550247116968705,0.6131191652937946,60187.27155409116,0.3843988895416217
0.12974464579901168,0.3429763866007691,0.8729873695771554,0.52886051619989,0.828531026908292,0.9515842943437672,0.14141405820977482,0.11550247116968704,0.6131191652937946,59792.27155409116,0.38839859962463663
0.12974464579901168,0.3229763866007691,0.8629873695771554,0.52886051619989,0.7885310269082921,0.9615842943437672,0.14141405820977482,0.11550247116968704,0.6131191652937946,59661.27155409116,0.39274950027465394
0.1397446457990117,0.3029763866007691,0.8529873695771554,0.5488605161998901,0.7685310269082921,1.011584294343767,0.16141405820977484,0.11550247116968704,0.6131191652937946,59686.27155409116,0.39600820541381765
0.1397446457990117,0.3029763866007691,0.8129873695771553,0.5688605161998901,0.7585310269082921,1.051584294343767,0.14141405820977482,0.10550247116968703,0.6031191652937946,59671.27155409116,0.39600820541381765
0.1497446457990117,0.28297638660076907,0.8029873695771553,0.5788605161998901,0.7485310269082921,1.081584294343767,0.17141405820977484,0.10550247116968703,0.5831191652937947,59932.27155409116,0.40017647743225027
0.17974464579901173,0.27297638660076906,0.7829873695771555,0.5688605161998901,0.7685310269082921,1.111584294343767,0.14141405820977482,0.10550247116968703,0.5731191652937947,59979.27155409116,0.4042684555053704
0.1597446457990117,0.26297638660076905,0.7629873695771555,0.5488605161998901,0.7685310269082921,1.161584294343767,0.1214140582097748,0.12550247116968705,0.5131191652937946,60094.27155409116,0.40827627182006765
0.11974464579901167,0.27297638660076906,0.7429873695771555,0.5888605161998901,0.7485310269082921,1.181584294343767,0.11141405820977479,0.13550247116968706,0.47311916529379455,60613.27155409116,0.4092716693878167
0.1497446457990117,0.26297638660076905,0.7229873695771555,0.5888605161998901,0.7385310269082921,1.2115842943437671,0.08141405820977488,0.09550247116968702,0.45311916529379465,61428.27155409116,0.41240329742431925
0.11974464579901167,0.26297638660076905,0.7029873695771555,0.5888605161998901,0.7085310269082921,1.241584294343767,0.10141405820977478,0.13550247116968706,0.4231191652937946,61793.27155409116,0.4165651321411161
0.09974464579901166,0.27297638660076906,0.6429873695771554,0.6088605161998901,0.688531026908292,1.281584294343767,0.011414058209774813,0.13550247116968706,0.3931191652937946,61974.27155409116,0.42049546241760183
0.08974464579901165,0.27297638660076906,0.6729873695771554,0.6188605161998901,0.668531026908292,1.301584294343767,0.0014140582097748045,0.11550247116968704,0.3831191652937946,62007.27155409116,0.4215597629547112
0.08974464579901165,0.2929763866007691,0.6329873695771554,0.6288605161998901,0.618531026908292,1.361584294343767,-0.03858594179022512,0.075502471169687,0.3431191652937946,61906.27155409116,0.4251842021942096
0.08974464579901165,0.3029763866007691,0.6629873695771554,0.6488605161998902,0.598531026908292,1.401584294343767,0.011414058209774813,0.065502471169687,0.3431191652937946,62645.27155409116,0.4291750907897942
0.07974464579901164,0.3029763866007691,0.6229873695771554,0.6888605161998902,0.5485310269082921,1.431584294343767,0.0014140582097748045,0.065502471169687,0.3231191652937946,63082.27155409116,0.4331750392913847
0.07974464579901164,0.28297638660076907,0.6329873695771554,0.69886051619989,0.4985310269082921,1.491584294343767,-0.008585941790225204,0.065502471169687,0.2931191652937946,63579.27155409116,0.4331750392913847
0.08974464579901165,0.3029763866007691,0.6129873695771554,0.70886051619989,0.46853102690829207,1.521584294343767,0.011414058209774813,0.02550247116968707,0.3031191652937946,63996.27155409116,0.43723721504211355
0.09974464579901166,0.28297638660076907,0.6029873695771554,0.72886051619989,0.42853102690829203,1.571584294343767,-0.018585941790225213,0.045502471169687086,0.3031191652937946,64415.27155409116,0.44140596389770437
0.08974464579901165,0.3029763866007691,0.6029873695771554,0.73886051619989,0.418531026908292,1.581584294343767,-0.018585941790225213,0.075502471169687,0.3231191652937946,64820.27155409116,0.44542450904846476
0.10974464579901166,0.3029763866007691,0.5629873695771553,0.76886051619989,0.378531026908292,1.581584294343767,-0.05858594179022514,0.055502471169686984,0.3131191652937946,65691.27155409116,0.44896335601806214
0.09974464579901166,0.27297638660076906,0.5929873695771554,0.76886051619989,0.35853102690829197,1.611584294343767,-0.028585941790225222,0.03550247116968708,0.3031191652937946,66644.27155409116,0.44896335601806214
0.11974464579901167,0.27297638660076906,0.5629873695771553,0.77886051619989,0.33853102690829195,1.621584294343767,-0.06858594179022515,0.045502471169687086,0.3031191652937946,67133.27155409116,0.45426125526427796
0.11974464579901167,0.27297638660076906,0.5629873695771553,0.8088605161998901,0.34853102690829196,1.611584294343767,-0.07858594179022516,0.045502471169687086,0.2531191652937946,67810.27155409116,0.4586562633514397
0.12974464579901168,0.27297638660076906,0.5529873695771553,0.8288605161998901,0.31853102690829216,1.621584294343767,-0.03858594179022512,0.045502471169687086,0.2831191652937946,68799.27155409116,0.4609827518463163
0.12974464579901168,0.27297638660076906,0.5429873695771555,0.8288605161998901,0.29853102690829214,1.621584294343767,-0.05858594179022514,0.065502471169687,0.3031191652937946,69738.27155409116,0.4617030143737786
0.1397446457990117,0.23297638660076903,0.5429873695771555,0.8588605161998901,0.2785310269082921,1.631584294343767,-0.05858594179022514,0.055502471169686984,0.2731191652937946,70749.27155409116,0.46568150520324636
0.16974464579901172,0.22297638660076902,0.5429873695771555,0.8788605161998901,0.2585310269082921,1.641584294343767,0.0014140582097748045,0.03550247116968708,0.3031191652937946,70808.27155409116,0.4700455188751178
0.16974464579901172,0.22297638660076902,0.5329873695771555,0.8988605161998902,0.2385310269082921,1.641584294343767,-0.03858594179022512,0.075502471169687,0.2831191652937946,70809.27155409116,0.47419352531433034
0.16974464579901172,0.24297638660076903,0.5229873695771555,0.9088605161998902,0.21853102690829207,1.641584294343767,0.04141405820977484,0.055502471169686984,0.3331191652937946,71210.27155409116,0.47419352531433034
0.16974464579901172,0.23297638660076903,0.5329873695771555,0.8888605161998901,0.22853102690829208,1.661584294343767,-0.06858594179022515,0.055502471169686984,0.2931191652937946,71559.27155409116,0.478289079666137
0.16974464579901172,0.21297638660076923,0.5229873695771555,0.8888605161998901,0.19853102690829205,1.6915842943437671,-0.03858594179022512,0.03550247116968708,0.3331191652937946,71936.27155409116,0.48276419639587687
0.1497446457990117,0.22297638660076902,0.5029873695771555,0.8588605161998901,0.19853102690829205,1.7215842943437671,-0.06858594179022515,0.055502471169686984,0.3231191652937946,72265.27155409116,0.4862689495086663
0.16974464579901172,0.23297638660076903,0.5129873695771555,0.8488605161998901,0.17853102690829203,1.741584294343767,-0.008585941790225204,0.08550247116968701,0.3331191652937946,72686.27155409116,0.4862689495086663
0.11974464579901167,0.27297638660076906,0.5329873695771555,0.8288605161998901,0.17853102690829203,1.771584294343767,-0.008585941790225204,0.08550247116968701,0.3431191652937946,72443.27155409116,0.49043030738830495
0.1497446457990117,0.22297638660076902,0.5329873695771555,0.8188605161998901,0.16853102690829203,1.771584294343767,0.03141405820977483,0.10550247116968703,0.3531191652937946,72590.27155409116,0.4950263023376458
0.1597446457990117,0.24297638660076903,0.5329873695771555,0.8388605161998901,0.17853102690829203,1.761584294343767,-0.028585941790225222,0.10550247116968703,0.3331191652937946,72583.27155409116,0.4996740341186481
0.1497446457990117,0.27297638660076906,0.5129873695771555,0.8488605161998901,0.17853102690829203,1.751584294343767,-0.028585941790225222,0.12550247116968705,0.3531191652937946,73112.27155409116,0.4996740341186481
0.09974464579901166,0.3029763866007691,0.5329873695771555,0.8688605161998901,0.148531026908292,1.751584294343767,-0.018585941790225213,0.13550247116968706,0.3431191652937946,73183.27155409116,0.5027184009551995
0.06974464579901163,0.35297638660076913,0.5529873695771553,0.8988605161998902,0.15853102690829202,1.741584294343767,0.011414058209774813,0.11550247116968704,0.3831191652937946,73244.27155409116,0.5071379661560087
0.019744645799011695,0.36297638660076914,0.5829873695771554,0.8888605161998901,0.15853102690829202,1.7115842943437671,0.07141405820977487,0.10550247116968703,0.4131191652937946,74015.27155409116,0.511113119125369
0.009744645799011686,0.4029763866007692,0.5829873695771554,0.9088605161998902,0.15853102690829202,1.7015842943437671,0.10141405820977478,0.12550247116968705,0.4031191652937946,74176.27155409116,0.5145704269409208
0.029744645799011704,0.37297638660076915,0.5729873695771553,0.9188605161998902,0.15853102690829202,1.6915842943437671,0.09141405820977488,0.14550247116968706,0.3831191652937946,74005.27155409116,0.515113067626956
0.019744645799011695,0.4329763866007692,0.5629873695771553,0.9288605161998902,0.148531026908292,1.681584294343767,0.11141405820977479,0.15550247116968707,0.4031191652937946,74430.27155409116,0.5191132545471184
0.019744645799011695,0.482976386600769,0.5629873695771553,0.94886051619989,0.138531026908292,1.671584294343767,0.07141405820977487,0.205502471169687,0.4131191652937946,74855.27155409116,0.5232147693634026
0.019744645799011695,0.5229763866007691,0.5629873695771553,0.9388605161998902,0.11853102690829198,1.671584294343767,0.05141405820977485,0.195502471169687,0.4131191652937946,74794.27155409116,0.5269782066345208
-0.02025535420098834,0.6029763866007691,0.5029873695771555,0.9288605161998902,0.128531026908292,1.671584294343767,0.06141405820977486,0.25550247116968705,0.4031191652937946,74667.27155409116,0.527513933181762
-0.03025535420098835,0.6429763866007692,0.5029873695771555,0.8888605161998901,0.138531026908292,1.681584294343767,0.10141405820977478,0.2855024711696871,0.4131191652937946,74610.27155409116,0.5315100669860833
-0.04025535420098836,0.6929763866007692,0.46298736957715547,0.8588605161998901,0.15853102690829202,1.6915842943437671,0.06141405820977486,0.3355024711696871,0.43311916529379463,74781.27155409116,0.5356018066406243
-0.05025535420098837,0.752976386600769,0.46298736957715547,0.8488605161998901,0.138531026908292,1.7015842943437671,0.08141405820977488,0.35550247116968714,0.44311916529379464,74124.27155409116,0.5391675949096673
-0.05025535420098837,0.752976386600769,0.45298736957715546,0.8588605161998901,0.138531026908292,1.6915842943437671,0.16141405820977484,0.39550247116968695,0.46311916529379465,74287.27155409116,0.5402385711669915
-0.05025535420098837,0.8229763866007691,0.45298736957715546,0.8488605161998901,0.128531026908292,1.681584294343767,0.14141405820977482,0.425502471169687,0.48311916529379456,73948.27155409116,0.5440468311309807
-0.07025535420098827,0.892976386600769,0.43298736957715545,0.8688605161998901,0.138531026908292,1.651584294343767,0.16141405820977484,0.455502471169687,0.48311916529379456,73689.27155409116,0.5470549583435016
-0.1002553542009883,0.9229763866007692,0.42298736957715544,0.8788605161998901,0.128531026908292,1.661584294343767,0.20141405820977487,0.445502471169687,0.5031191652937946,73808.27155409116,0.5511114120483391
-0.09025535420098829,0.9629763866007692,0.4029873695771554,0.8988605161998902,0.138531026908292,1.601584294343767,0.20141405820977487,0.505502471169687,0.5231191652937947,74265.27155409116,0.5521542549133294
-0.13025535420098833,1.0429763866007693,0.42298736957715544,0.9088605161998902,0.15853102690829202,1.581584294343767,0.20141405820977487,0.5355024711696871,0.5031191652937946,73806.27155409116,0.5551504611968987
-0.14025535420098834,1.102976386600769,0.42298736957715544,0.8988605161998902,0.18853102690829204,1.521584294343767,0.19141405820977486,0.5755024711696871,0.5131191652937946,73315.27155409116,0.5602933883666985
-0.12025535420098832,1.1329763866007692,0.4029873695771554,0.9388605161998902,0.148531026908292,1.501584294343767,0.18141405820977485,0.6055024711696871,0.5331191652937947,73274.27155409116,0.563177299499511
-0.12025535420098832,1.1929763866007692,0.3629873695771554,0.97886051619989,0.16853102690829203,1.401584294343767,0.19141405820977486,0.6355024711696869,0.5231191652937947,73425.27155409116,0.564293336868289
-0.13025535420098833,1.242976386600769,0.3829873695771554,0.98886051619989,0.18853102690829204,1.361584294343767,0.18141405820977485,0.645502471169687,0.5231191652937947,73354.27155409116,0.5677580356597893
-0.12025535420098832,1.282976386600769,0.3729873695771554,0.97886051619989,0.21853102690829207,1.321584294343767,0.17141405820977484,0.6355024711696869,0.5731191652937947,72669.27155409116,0.5721866607666009
-0.13025535420098833,1.3429763866007691,0.3529873695771555,0.95886051619989,0.22853102690829208,1.261584294343767,0.16141405820977484,0.655502471169687,0.6131191652937946,73034.27155409116,0.5764505386352496
-0.13025535420098833,1.4029763866007692,0.33298736957715547,1.00886051619989,0.2585310269082921,1.1915842943437671,0.15141405820977483,0.6355024711696869,0.6431191652937946,73359.27155409116,0.5764505386352496
-0.15025535420098834,1.452976386600769,0.3429873695771555,0.96886051619989,0.2785310269082921,1.131584294343767,0.20141405820977487,0.6355024711696869,0.6931191652937947,73048.27155409116,0.580332946777343
-0.15025535420098834,1.5029763866007693,0.32298736957715546,0.9388605161998902,0.34853102690829196,1.081584294343767,0.14141405820977482,0.675502471169687,0.7431191652937946,72691.27155409116,0.5844501972198479
-0.16025535420098835,1.5229763866007693,0.32298736957715546,0.8688605161998901,0.35853102690829197,1.131584294343767,0.1314140582097748,0.695502471169687,0.7631191652937946,72146.27155409116,0.589333248138427
-0.17025535420098836,1.5429763866007693,0.33298736957715547,0.77886051619989,0.35853102690829197,1.131584294343767,0.15141405820977483,0.675502471169687,0.8131191652937947,71581.27155409116,0.5926322460174553
-0.17025535420098836,1.552976386600769,0.3529873695771555,0.75886051619989,0.35853102690829197,1.171584294343767,0.18141405820977485,0.685502471169687,0.8131191652937947,71682.27155409116,0.5937213420867913
-0.17025535420098836,1.552976386600769,0.3529873695771555,0.75886051619989,0.33853102690829195,1.111584294343767,0.19141405820977486,0.705502471169687,0.8131191652937947,71495.27155409116,0.5971195220947259
-0.17025535420098836,1.552976386600769,0.3829873695771554,0.72886051619989,0.368531026908292,1.111584294343767,0.20141405820977487,0.695502471169687,0.8331191652937947,71308.27155409116,0.6011664390563993
-0.16025535420098835,1.552976386600769,0.3929873695771554,0.71886051619989,0.388531026908292,1.071584294343767,0.18141405820977485,0.715502471169687,0.8531191652937946,70811.27155409116,0.604154062271121
-0.16025535420098835,1.5429763866007693,0.42298736957715544,0.6388605161998901,0.398531026908292,1.071584294343767,0.19141405820977486,0.705502471169687,0.8931191652937946,70358.27155409116,0.6051387310028069
-0.17025535420098836,1.5229763866007693,0.45298736957715546,0.6188605161998901,0.418531026908292,1.081584294343767,0.19141405820977486,0.705502471169687,0.9331191652937947,69969.27155409116,0.6096581935882561
-0.16025535420098835,1.512976386600769,0.4829873695771555,0.6088605161998901,0.43853102690829204,1.071584294343767,0.21141405820977488,0.685502471169687,0.9431191652937947,69888.27155409116,0.6136502742767327
-0.16025535420098835,1.5029763866007693,0.5029873695771555,0.6088605161998901,0.42853102690829203,1.021584294343767,0.2614140582097748,0.675502471169687,0.9331191652937947,69851.27155409116,0.6167070388793938
-0.12025535420098832,1.4229763866007692,0.5429873695771555,0.5588605161998901,0.45853102690829206,0.9815842943437673,0.2614140582097748,0.675502471169687,0.9631191652937947,70290.27155409116,0.617633771896358
-0.12025535420098832,1.3829763866007692,0.5929873695771554,0.5588605161998901,0.42853102690829203,1.011584294343767,0.29141405820977484,0.685502471169687,0.9731191652937947,70341.27155409116,0.621732187271121
-0.11025535420098831,1.3429763866007691,0.6529873695771554,0.50886051619989,0.418531026908292,0.991584294343767,0.30141405820977485,0.675502471169687,1.0131191652937948,70068.27155409116,0.6260635375976555
-0.09025535420098829,1.302976386600769,0.6829873695771554,0.4888605161998902,0.42853102690829203,0.9815842943437673,0.31141405820977486,0.665502471169687,1.0031191652937947,70063.27155409116,0.6292287826538079
-0.07025535420098827,1.2529763866007693,0.7229873695771555,0.4988605161998902,0.398531026908292,0.9815842943437673,0.32141405820977487,0.665502471169687,1.0131191652937948,70146.27155409116,0.6300606250762897
-0.07025535420098827,1.1929763866007692,0.7829873695771555,0.4788605161998902,0.408531026908292,0.9515842943437672,0.3414140582097749,0.645502471169687,1.0231191652937948,70389.27155409116,0.6340846538543694
-0.04025535420098836,1.1329763866007692,0.8329873695771554,0.4088605161998901,0.44853102690829205,0.9215842943437672,0.3614140582097749,0.665502471169687,1.0131191652937948,70460.27155409116,0.6377844333648675
-0.04025535420098836,1.0929763866007691,0.8729873695771554,0.3988605161998901,0.44853102690829205,0.9215842943437672,0.3714140582097749,0.665502471169687,1.0131191652937948,70901.27155409116,0.6423284530639641
-0.02025535420098834,1.052976386600769,0.9029873695771554,0.3888605161998901,0.44853102690829205,0.9115842943437672,0.3714140582097749,0.655502471169687,1.0431191652937946,71446.27155409116,0.6423284530639641
-0.010255354200988331,1.0229763866007693,0.9329873695771554,0.3688605161998902,0.4785310269082921,0.8115842943437671,0.3814140582097749,0.655502471169687,1.0631191652937946,72209.27155409116,0.6455869197845416
0.019744645799011695,0.972976386600769,0.9629873695771555,0.3688605161998902,0.46853102690829207,0.8315842943437671,0.3714140582097749,0.655502471169687,1.0731191652937946,73166.27155409116,0.6510648250579827
0.009744645799011686,0.932976386600769,1.0029873695771556,0.32886051619989015,0.45853102690829206,0.8215842943437671,0.3714140582097749,0.655502471169687,1.0631191652937946,74253.27155409116,0.6544432163238518
0.019744645799011695,0.9229763866007692,1.0129873695771554,0.32886051619989015,0.45853102690829206,0.7915842943437672,0.40141405820977494,0.645502471169687,1.0731191652937946,75516.27155409116,0.6544432163238518
0.029744645799011704,0.892976386600769,1.0429873695771557,0.2888605161998901,0.43853102690829204,0.8315842943437671,0.3714140582097749,0.645502471169687,1.1031191652937946,76373.27155409116,0.6587566852569608
0.03974464579901171,0.892976386600769,1.0629873695771552,0.2688605161998901,0.44853102690829205,0.7615842943437672,0.3814140582097749,0.665502471169687,1.0831191652937946,77168.27155409116,0.6623122215270989
0.04974464579901172,0.8529763866007689,1.0829873695771552,0.23886051619989018,0.5185310269082921,0.7415842943437672,0.39141405820977493,0.665502471169687,1.0831191652937946,78191.27155409116,0.666795206069942
0.04974464579901172,0.8229763866007691,1.0929873695771555,0.2488605161998902,0.5085310269082921,0.7215842943437671,0.39141405820977493,0.665502471169687,1.0731191652937946,78078.27155409116,0.6705133438110344
0.05974464579901173,0.8129763866007691,1.1029873695771553,0.22886051619989017,0.5385310269082921,0.7215842943437671,0.3814140582097749,0.655502471169687,1.1231191652937946,78567.27155409116,0.6715802669525139
0.06974464579901163,0.8129763866007691,1.1029873695771553,0.18886051619989014,0.5585310269082921,0.7315842943437671,0.40141405820977494,0.675502471169687,1.1131191652937946,78934.27155409116,0.6750337600708001
0.06974464579901163,0.7929763866007691,1.1129873695771555,0.1488605161998901,0.588531026908292,0.7015842943437671,0.40141405820977494,0.695502471169687,1.1431191652937946,78651.27155409116,0.6790229797363274
0.08974464579901165,0.762976386600769,1.1129873695771555,0.1488605161998901,0.5585310269082921,0.7315842943437671,0.4114140582097747,0.665502471169687,1.1531191652937947,78720.27155409116,0.6823160171508782
0.09974464579901166,0.742976386600769,1.1329873695771555,0.17886051619989013,0.5585310269082921,0.7315842943437671,0.40141405820977494,0.695502471169687,1.1631191652937947,78585.27155409116,0.6830334186553983
0.09974464579901166,0.742976386600769,1.1329873695771555,0.18886051619989014,0.5185310269082921,0.7915842943437672,0.3714140582097749,0.725502471169687,1.1831191652937947,78098.27155409116,0.687132549285888
0.09974464579901166,0.722976386600769,1.1529873695771555,0.1588605161998901,0.4985310269082921,0.7515842943437672,0.3814140582097749,0.735502471169687,1.1931191652937947,78613.27155409116,0.6911320209503202
0.10974464579901166,0.7029763866007692,1.1829873695771553,0.18886051619989014,0.4985310269082921,0.8015842943437671,0.39141405820977493,0.745502471169687,1.2031191652937947,79162.27155409116,0.695203256607055
0.09974464579901166,0.6929763866007692,1.1829873695771553,0.16886051619989012,0.5285310269082921,0.7415842943437672,0.40141405820977494,0.745502471169687,1.2231191652937947,79073.27155409116,0.695203256607055
0.10974464579901166,0.6429763866007692,1.2029873695771554,0.17886051619989013,0.5385310269082921,0.7315842943437671,0.39141405820977493,0.745502471169687,1.2531191652937947,79572.27155409116,0.6988458156585686
0.1497446457990117,0.6229763866007691,1.2029873695771554,0.1288605161998902,0.5685310269082922,0.7515842943437672,0.40141405820977494,0.755502471169687,1.2731191652937948,79533.27155409116,0.7044317245483391
0.16974464579901172,0.5929763866007691,1.1929873695771556,0.1588605161998901,0.5585310269082921,0.7615842943437672,0.4114140582097747,0.7655024711696871,1.2631191652937948,79382.27155409116,0.7078337192535393
0.18974464579901174,0.5829763866007691,1.1929873695771556,0.1488605161998901,0.5485310269082921,0.7815842943437672,0.40141405820977494,0.7655024711696871,1.2931191652937946,78949.27155409116,0.7078337192535393
0.22974464579901177,0.5729763866007691,1.1529873695771555,0.16886051619989012,0.5385310269082921,0.8115842943437671,0.42141405820977473,0.7755024711696871,1.3231191652937946,79534.27155409116,0.7118420124053983
0.23974464579901178,0.5629763866007691,1.1429873695771553,0.18886051619989014,0.5085310269082921,0.8415842943437671,0.43141405820977474,0.7655024711696871,1.3431191652937946,80107.27155409116,0.715591382980346
0.2697446457990116,0.5629763866007691,1.1029873695771553,0.18886051619989014,0.5185310269082921,0.8315842943437671,0.45141405820977476,0.7955024711696871,1.3631191652937946,80416.27155409116,0.7196230411529569
0.2897446457990116,0.5329763866007691,1.1129873695771555,0.19886051619989015,0.4985310269082921,0.8515842943437671,0.5014140582097748,0.755502471169687,1.3631191652937946,80085.27155409116,0.7207083225250237
0.3097446457990116,0.502976386600769,1.1029873695771553,0.21886051619989016,0.5085310269082921,0.8515842943437671,0.5214140582097748,0.755502471169687,1.3831191652937946,79860.27155409116,0.7231964588165276
0.3097446457990116,0.482976386600769,1.1329873695771555,0.22886051619989017,0.5085310269082921,0.8415842943437671,0.5614140582097749,0.735502471169687,1.3731191652937946,79905.27155409116,0.7281991958618157
0.2897446457990116,0.46297638660076923,1.1329873695771555,0.20886051619989016,0.5285310269082921,0.8415842943437671,0.5714140582097749,0.7755024711696871,1.3831191652937946,80020.27155409116,0.7322065353393548
0.2697446457990116,0.46297638660076923,1.1329873695771555,0.22886051619989017,0.5385310269082921,0.8115842943437671,0.5814140582097749,0.755502471169687,1.4031191652937947,79697.27155409116,0.735301208496093
0.2497446457990118,0.4529763866007692,1.1529873695771555,0.23886051619989018,0.5385310269082921,0.8215842943437671,0.5814140582097749,0.7655024711696871,1.4031191652937947,78968.27155409116,0.7363004207611077
0.22974464579901177,0.4529763866007692,1.1529873695771555,0.22886051619989017,0.5185310269082921,0.8415842943437671,0.5814140582097749,0.7655024711696871,1.4231191652937947,78755.27155409116,0.740283679962161
0.20974464579901175,0.4429763866007692,1.1729873695771555,0.2588605161998901,0.5285310269082921,0.8515842943437671,0.5914140582097749,0.7755024711696871,1.4431191652937947,78454.27155409116,0.744773340225219
0.21974464579901176,0.4229763866007692,1.1729873695771555,0.2888605161998901,0.5085310269082921,0.8415842943437671,0.6014140582097749,0.7755024711696871,1.4631191652937947,77715.27155409116,0.7477817058563225
0.23974464579901178,0.38297638660076916,1.1729873695771555,0.30886051619989013,0.5185310269082921,0.8415842943437671,0.5914140582097749,0.7855024711696871,1.4431191652937947,77306.27155409116,0.7477817058563225
0.23974464579901178,0.36297638660076914,1.1829873695771553,0.31886051619989014,0.4985310269082921,0.8515842943437671,0.5914140582097749,0.7955024711696871,1.4531191652937947,76915.27155409116,0.7517873764038079
0.23974464579901178,0.38297638660076916,1.1329873695771555,0.31886051619989014,0.5085310269082921,0.8715842943437672,0.6014140582097749,0.7855024711696871,1.4731191652937947,76704.27155409116,0.7567839145660393
0.2797446457990116,0.36297638660076914,1.1229873695771553,0.30886051619989013,0.5285310269082921,0.8315842943437671,0.6114140582097749,0.7855024711696871,1.4631191652937947,76621.27155409116,0.7603187084197991
0.2797446457990116,0.35297638660076913,1.0929873695771555,0.30886051619989013,0.5485310269082921,0.8315842943437671,0.6014140582097749,0.7855024711696871,1.4831191652937947,76152.27155409116,0.7608515739440875
0.31974464579901163,0.37297638660076915,1.0229873695771556,0.30886051619989013,0.5585310269082921,0.8115842943437671,0.6114140582097749,0.7855024711696871,1.4831191652937947,76647.27155409116,0.7644376277923577
0.3097446457990116,0.36297638660076914,1.0129873695771554,0.2988605161998901,0.588531026908292,0.8415842943437671,0.6214140582097749,0.7755024711696871,1.5031191652937947,76962.27155409116,0.7685331821441643
0.32974464579901164,0.35297638660076913,1.0029873695771556,0.32886051619989015,0.588531026908292,0.8215842943437671,0.6314140582097749,0.7655024711696871,1.5131191652937948,76515.27155409116,0.7725326538085966
0.31974464579901163,0.3429763866007691,0.9729873695771555,0.2988605161998901,0.618531026908292,0.8315842943437671,0.6314140582097749,0.7755024711696871,1.5131191652937948,75850.27155409116,0.7735332965850823
0.33974464579901165,0.3229763866007691,0.9429873695771555,0.30886051619989013,0.618531026908292,0.8515842943437671,0.6414140582097749,0.7755024711696871,1.5131191652937948,75161.27155409116,0.7767529010772698
0.33974464579901165,0.3229763866007691,0.9429873695771555,0.31886051619989014,0.658531026908292,0.8415842943437671,0.6414140582097749,0.7855024711696871,1.5231191652937948,74856.27155409116,0.7807857513427727
0.2897446457990116,0.3029763866007691,0.9529873695771555,0.31886051619989014,0.658531026908292,0.8415842943437671,0.6314140582097749,0.7955024711696871,1.5231191652937948,74301.27155409116,0.7847856998443596
0.2997446457990116,0.3029763866007691,0.9329873695771554,0.33886051619989016,0.648531026908292,0.8715842943437672,0.6414140582097749,0.7855024711696871,1.5231191652937948,73864.27155409116,0.7857765674591022
0.3097446457990116,0.3129763866007691,0.8929873695771554,0.34886051619989017,0.618531026908292,0.8815842943437672,0.6414140582097749,0.7855024711696871,1.5331191652937946,73219.27155409116,0.7897572040557819
0.2997446457990116,0.28297638660076907,0.9029873695771554,0.3688605161998902,0.618531026908292,0.9015842943437672,0.6514140582097749,0.7855024711696871,1.5131191652937948,73026.27155409116,0.7931084156036405
0.2797446457990116,0.3029763866007691,0.8929873695771554,0.3788605161998902,0.638531026908292,0.9215842943437672,0.6514140582097749,0.7855024711696871,1.5131191652937948,72917.27155409116,0.7980455875396757
0.2597446457990116,0.3029763866007691,0.8729873695771554,0.3888605161998901,0.628531026908292,0.9315842943437672,0.6514140582097749,0.7955024711696871,1.5131191652937948,72932.27155409116,0.8010155677795403
0.2797446457990116,0.27297638660076906,0.8629873695771554,0.3988605161998901,0.658531026908292,0.9315842943437672,0.6514140582097749,0.7855024711696871,1.5031191652937947,73223.27155409116,0.8020326614379876
0.2697446457990116,0.2929763866007691,0.8229873695771553,0.3888605161998901,0.648531026908292,0.9515842943437672,0.6614140582097747,0.7855024711696871,1.5131191652937948,72936.27155409116,0.8060223579406767
0.23974464579901178,0.3029763866007691,0.8229873695771553,0.3988605161998901,0.638531026908292,0.9815842943437673,0.6514140582097749,0.7855024711696871,1.5331191652937946,72185.27155409116,0.8100115776062005
0.20974464579901175,0.3329763866007691,0.8029873695771553,0.4088605161998901,0.658531026908292,0.9815842943437673,0.6514140582097749,0.7855024711696871,1.5231191652937948,71878.27155409116,0.8132624149322503
0.22974464579901177,0.3229763866007691,0.7929873695771555,0.3788605161998902,0.668531026908292,1.001584294343767,0.6514140582097749,0.7855024711696871,1.5331191652937946,71605.27155409116,0.8139521598815911
0.22974464579901177,0.3129763866007691,0.7529873695771555,0.3988605161998901,0.668531026908292,1.031584294343767,0.6514140582097749,0.7755024711696871,1.5231191652937948,71332.27155409116,0.8180016994476311
0.22974464579901177,0.3129763866007691,0.7629873695771555,0.3988605161998901,0.648531026908292,1.041584294343767,0.6514140582097749,0.7855024711696871,1.5331191652937946,70991.27155409116,0.822819662094119
0.20974464579901175,0.3229763866007691,0.7529873695771555,0.43886051619989014,0.668531026908292,1.031584294343767,0.6614140582097747,0.7855024711696871,1.5031191652937947,70182.27155409116,0.8263325214385979
0.19974464579901174,0.3029763866007691,0.7529873695771555,0.4088605161998901,0.688531026908292,1.041584294343767,0.6714140582097747,0.7855024711696871,1.5031191652937947,69615.27155409116,0.8263325214385979
0.18974464579901174,0.2929763866007691,0.7629873695771555,0.42886051619989013,0.678531026908292,1.031584294343767,0.6814140582097747,0.755502471169687,1.5031191652937947,69008.27155409116,0.8304073333740227
0.16974464579901172,0.2929763866007691,0.7529873695771555,0.42886051619989013,0.7185310269082921,1.021584294343767,0.6714140582097747,0.7855024711696871,1.5031191652937947,68399.27155409116,0.8344120502471917
0.16974464579901172,0.27297638660076906,0.7529873695771555,0.4188605161998901,0.7585310269082921,1.011584294343767,0.6914140582097748,0.7655024711696871,1.5031191652937947,67540.27155409116,0.8388266086578398
0.17974464579901173,0.28297638660076907,0.7329873695771555,0.42886051619989013,0.7385310269082921,1.051584294343767,0.6914140582097748,0.7655024711696871,1.4931191652937947,66203.27155409116,0.8388266086578398
0.1597446457990117,0.27297638660076906,0.7029873695771555,0.43886051619989014,0.7685310269082921,1.041584294343767,0.6614140582097747,0.7755024711696871,1.4931191652937947,65214.27155409116,0.8429615020751946
0.16974464579901172,0.27297638660076906,0.7029873695771555,0.43886051619989014,0.7785310269082921,1.031584294343767,0.6514140582097749,0.7755024711696871,1.5031191652937947,64063.27155409116,0.8476285457611077
0.16974464579901172,0.25297638660076904,0.6929873695771555,0.44886051619989015,0.7885310269082921,1.021584294343767,0.6514140582097749,0.7655024711696871,1.5131191652937948,62918.27155409116,0.8503753662109368
0.19974464579901174,0.23297638660076903,0.6629873695771554,0.43886051619989014,0.7985310269082921,1.081584294343767,0.6614140582097747,0.745502471169687,1.5131191652937948,62119.27155409116,0.8514122486114495
0.19974464579901174,0.23297638660076903,0.6629873695771554,0.4188605161998901,0.8185310269082922,1.081584294343767,0.6614140582097747,0.735502471169687,1.5031191652937947,61342.27155409116,0.8549444198608391
0.17974464579901173,0.20297638660076922,0.6629873695771554,0.42886051619989013,0.8085310269082921,1.111584294343767,0.6614140582097747,0.725502471169687,1.5131191652937948,61159.27155409116,0.859154415130611
0.17974464579901173,0.20297638660076922,0.6529873695771554,0.42886051619989013,0.828531026908292,1.111584294343767,0.6514140582097749,0.735502471169687,1.5231191652937948,61086.27155409116,0.8628708839416497
0.16974464579901172,0.21297638660076923,0.6429873695771554,0.4188605161998901,0.828531026908292,1.121584294343767,0.6414140582097749,0.745502471169687,1.4931191652937947,60647.27155409116,0.8628708839416497
0.1597446457990117,0.21297638660076923,0.6429873695771554,0.43886051619989014,0.8185310269082922,1.121584294343767,0.6314140582097749,0.735502471169687,1.5031191652937947,60358.27155409116,0.867111158370971
0.1497446457990117,0.23297638660076903,0.6129873695771554,0.44886051619989015,0.848531026908292,1.161584294343767,0.6514140582097749,0.725502471169687,1.5131191652937948,60345.27155409116,0.8711111068725579
0.1597446457990117,0.22297638660076902,0.5829873695771554,0.4188605161998901,0.848531026908292,1.1915842943437671,0.6414140582097749,0.705502471169687,1.5131191652937948,59968.27155409116,0.8751093864440875
0.1497446457990117,0.21297638660076923,0.5529873695771553,0.43886051619989014,0.828531026908292,1.2215842943437671,0.6314140582097749,0.705502471169687,1.4931191652937947,60049.27155409116,0.8784629821777301
0.1497446457990117,0.20297638660076922,0.5929873695771554,0.43886051619989014,0.8085310269082921,1.251584294343767,0.6214140582097749,0.705502471169687,1.5131191652937948,60324.27155409116,0.8794593334197991
0.12974464579901168,0.22297638660076902,0.6029873695771554,0.43886051619989014,0.7785310269082921,1.311584294343767,0.5914140582097749,0.695502471169687,1.5431191652937946,61087.27155409116,0.8831746101379387
0.10974464579901166,0.23297638660076903,0.5729873695771553,0.43886051619989014,0.7585310269082921,1.341584294343767,0.5714140582097749,0.695502471169687,1.5431191652937946,60526.27155409116,0.888205957412719
0.12974464579901168,0.21297638660076923,0.6029873695771554,0.43886051619989014,0.7485310269082921,1.371584294343767,0.5414140582097748,0.715502471169687,1.5331191652937946,60159.27155409116,0.8913683414459221
0.11974464579901167,0.20297638660076922,0.6329873695771554,0.45886051619989016,0.7085310269082921,1.411584294343767,0.5314140582097748,0.725502471169687,1.5331191652937946,60120.27155409116,0.8923663616180377
0.09974464579901166,0.21297638660076923,0.6229873695771554,0.45886051619989016,0.658531026908292,1.4515842943437671,0.5314140582097748,0.715502471169687,1.4831191652937947,60689.27155409116,0.8953604221343987
0.09974464579901166,0.20297638660076922,0.6129873695771554,0.4788605161998902,0.628531026908292,1.501584294343767,0.5214140582097748,0.715502471169687,1.4831191652937947,60724.27155409116,0.8996750831603997
0.09974464579901166,0.20297638660076922,0.6029873695771554,0.4888605161998902,0.588531026908292,1.551584294343767,0.5114140582097748,0.685502471169687,1.4931191652937947,61013.27155409116,0.9033705711364739
0.07974464579901164,0.22297638660076902,0.5929873695771554,0.4988605161998902,0.578531026908292,1.561584294343767,0.5214140582097748,0.695502471169687,1.4731191652937947,60860.27155409116,0.9044062614440875
0.07974464579901164,0.23297638660076903,0.5929873695771554,0.51886051619989,0.5285310269082921,1.591584294343767,0.5114140582097748,0.675502471169687,1.4531191652937947,61005.27155409116,0.9074818611145048
0.08974464579901165,0.23297638660076903,0.5829873695771554,0.5388605161998901,0.5185310269082921,1.601584294343767,0.5114140582097748,0.675502471169687,1.4131191652937947,61522.27155409116,0.9125463485717766
0.08974464579901165,0.22297638660076902,0.5729873695771553,0.5688605161998901,0.5185310269082921,1.611584294343767,0.4814140582097748,0.675502471169687,1.4231191652937947,61833.27155409116,0.9157738208770745
0.10974464579901166,0.20297638660076922,0.5729873695771553,0.5788605161998901,0.45853102690829206,1.631584294343767,0.4714140582097748,0.695502471169687,1.3831191652937946,61476.27155409116,0.9167968749999993
0.10974464579901166,0.1929763866007692,0.5829873695771554,0.6088605161998901,0.43853102690829204,1.641584294343767,0.44141405820977475,0.665502471169687,1.3931191652937946,61307.27155409116,0.9198028564453118
0.11974464579901167,0.16297638660076919,0.5629873695771553,0.6388605161998901,0.42853102690829203,1.621584294343767,0.4114140582097747,0.685502471169687,1.3531191652937946,61350.27155409116,0.925094556808471
0.12974464579901168,0.12297638660076915,0.5829873695771554,0.69886051619989,0.418531026908292,1.601584294343767,0.3714140582097749,0.665502471169687,1.3731191652937946,62021.27155409116,0.9281837463378899
0.1497446457990117,0.14297638660076917,0.5629873695771553,0.72886051619989,0.388531026908292,1.591584294343767,0.3614140582097749,0.6355024711696869,1.3631191652937946,62916.27155409116,0.9291224002838128
0.1497446457990117,0.13297638660076916,0.5229873695771555,0.73886051619989,0.378531026908292,1.591584294343767,0.3614140582097749,0.6255024711696869,1.3631191652937946,63651.27155409116,0.9337374687194782
0.1497446457990117,0.15297638660076918,0.5329873695771555,0.7888605161998901,0.35853102690829197,1.571584294343767,0.3514140582097749,0.5955024711696871,1.3031191652937946,63872.27155409116,0.9367589473724394
0.1397446457990117,0.16297638660076919,0.5329873695771555,0.7888605161998901,0.35853102690829197,1.591584294343767,0.3414140582097749,0.5955024711696871,1.2831191652937946,63769.27155409116,0.9409267425537102
0.1397446457990117,0.16297638660076919,0.5329873695771555,0.7988605161998901,0.34853102690829196,1.571584294343767,0.32141405820977487,0.645502471169687,1.2631191652937948,63572.27155409116,0.9439763545989983
0.1597446457990117,0.16297638660076919,0.5129873695771555,0.7888605161998901,0.32853102690829195,1.601584294343767,0.32141405820977487,0.6355024711696869,1.2231191652937947,63923.27155409116,0.9455277442932122
0.1497446457990117,0.1729763866007692,0.5229873695771555,0.77886051619989,0.33853102690829195,1.601584294343767,0.31141405820977486,0.645502471169687,1.2031191652937947,64530.27155409116,0.9495751380920403
0.1497446457990117,0.15297638660076918,0.5229873695771555,0.75886051619989,0.32853102690829195,1.641584294343767,0.29141405820977484,0.6155024711696869,1.1831191652937947,64545.27155409116,0.9535748481750481
0.1397446457990117,0.20297638660076922,0.5129873695771555,0.72886051619989,0.34853102690829196,1.651584294343767,0.30141405820977485,0.6155024711696869,1.1731191652937947,64212.27155409116,0.9569200992584221
0.11974464579901167,0.1829763866007692,0.5529873695771553,0.69886051619989,0.368531026908292,1.641584294343767,0.30141405820977485,0.6155024711696869,1.1431191652937946,63949.27155409116,0.9575750350952106
0.12974464579901168,0.1929763866007692,0.5529873695771553,0.6688605161998902,0.368531026908292,1.661584294343767,0.2414140582097748,0.6055024711696871,1.1631191652937947,63680.27155409116,0.9610263824462884
0.10974464579901166,0.23297638660076903,0.5429873695771555,0.6488605161998902,0.368531026908292,1.681584294343767,0.2614140582097748,0.6155024711696869,1.1231191652937946,63471.27155409116,0.96606798171997
0.06974464579901163,0.26297638660076905,0.5429873695771555,0.6888605161998902,0.32853102690829195,1.7015842943437671,0.20141405820977487,0.6355024711696869,1.1031191652937946,63610.27155409116,0.9694702148437493
0.09974464579901166,0.26297638660076905,0.5629873695771553,0.6688605161998902,0.32853102690829195,1.7115842943437671,0.2314140582097748,0.6255024711696869,1.1031191652937946,64021.27155409116,0.970220756530761
0.08974464579901165,0.3029763866007691,0.5429873695771555,0.6888605161998902,0.30853102690829215,1.681584294343767,0.21141405820977488,0.6155024711696869,1.0731191652937946,64342.27155409116,0.974220943450927
0.05974464579901173,0.3329763866007691,0.5529873695771553,0.71886051619989,0.29853102690829214,1.6915842943437671,0.20141405820977487,0.5955024711696871,1.0931191652937946,64005.27155409116,0.9782204151153593
0.08974464579901165,0.37297638660076915,0.5229873695771555,0.72886051619989,0.28853102690829213,1.661584294343767,0.2414140582097748,0.6155024711696869,1.1031191652937946,63566.27155409116,0.9815723419189446
0.04974464579901172,0.38297638660076916,0.5329873695771555,0.76886051619989,0.2585310269082921,1.661584294343767,0.22141405820977478,0.6055024711696871,1.0731191652937946,63973.27155409116,0.9822203636169426
0.05974464579901173,0.4429763866007692,0.5429873695771555,0.8088605161998901,0.21853102690829207,1.641584294343767,0.2314140582097748,0.6055024711696871,1.1031191652937946,63880.27155409116,0.9858624458312981
0.019744645799011695,0.472976386600769,0.5429873695771555,0.8188605161998901,0.22853102690829208,1.611584294343767,0.20141405820977487,0.6055024711696871,1.1131191652937946,64351.27155409116,0.9908220291137688
0.029744645799011704,0.4529763866007692,0.5329873695771555,0.8488605161998901,0.22853102690829208,1.581584294343767,0.19141405820977486,0.645502471169687,1.1131191652937946,64388.27155409116,0.9941303253173821
0.019744645799011695,0.5329763866007691,0.5529873695771553,0.8488605161998901,0.21853102690829207,1.571584294343767,0.18141405820977485,0.675502471169687,1.0931191652937946,64737.27155409116,0.9951822280883782
0.009744645799011686,0.6029763866007691,0.5329873695771555,0.8388605161998901,0.2385310269082921,1.541584294343767,0.19141405820977486,0.685502471169687,1.1131191652937946,64756.27155409116,0.9986476421356194
-0.010255354200988331,0.5929763866007691,0.5329873695771555,0.8288605161998901,0.2485310269082921,1.521584294343767,0.19141405820977486,0.695502471169687,1.1231191652937946,64699.27155409116,1.002780866622924
0.019744645799011695,0.6629763866007692,0.4929873695771555,0.7888605161998901,0.2785310269082921,1.531584294343767,0.20141405820977487,0.665502471169687,1.1331191652937946,64304.27155409116,1.006123733520507
0.019744645799011695,0.6829763866007692,0.4729873695771555,0.74886051619989,0.30853102690829215,1.521584294343767,0.20141405820977487,0.665502471169687,1.1631191652937947,64489.27155409116,1.0071286678314202
-0.02025535420098834,0.7729763866007691,0.44298736957715545,0.73886051619989,0.34853102690829196,1.491584294343767,0.21141405820977488,0.6355024711696869,1.1731191652937947,64234.27155409116,1.010129404067996
-0.04025535420098836,0.8529763866007689,0.45298736957715546,0.6888605161998902,0.33853102690829195,1.501584294343767,0.2314140582097748,0.655502471169687,1.1731191652937947,63907.27155409116,1.014348936080932
-0.04025535420098836,0.8829763866007692,0.44298736957715545,0.71886051619989,0.32853102690829195,1.4715842943437671,0.2314140582097748,0.655502471169687,1.2031191652937947,63218.27155409116,1.0185145854949944
-0.04025535420098836,0.952976386600769,0.4129873695771554,0.71886051619989,0.35853102690829197,1.421584294343767,0.2414140582097748,0.655502471169687,1.2131191652937947,62841.27155409116,1.0224349021911578
-0.03025535420098835,0.9629763866007692,0.43298736957715545,0.69886051619989,0.35853102690829197,1.401584294343767,0.2614140582097748,0.645502471169687,1.1931191652937947,62838.27155409116,1.0224349021911578
-0.05025535420098837,1.0429763866007693,0.4129873695771554,0.69886051619989,0.34853102690829196,1.361584294343767,0.2714140582097748,0.645502471169687,1.1931191652937947,62829.27155409116,1.0275754451751702
-0.03025535420098835,1.0629763866007693,0.4129873695771554,0.71886051619989,0.368531026908292,1.331584294343767,0.28141405820977483,0.645502471169687,1.2031191652937947,62422.27155409116,1.0304879665374784
-0.060255354200988265,1.1129763866007691,0.4029873695771554,0.74886051619989,0.34853102690829196,1.331584294343767,0.2714140582097748,0.645502471169687,1.2031191652937947,62119.27155409116,1.0345313072204583
-0.060255354200988265,1.142976386600769,0.3829873695771554,0.73886051619989,0.31853102690829216,1.281584294343767,0.29141405820977484,0.655502471169687,1.1931191652937947,62128.27155409116,1.0356664180755608
-0.060255354200988265,1.182976386600769,0.3829873695771554,0.75886051619989,0.368531026908292,1.1915842943437671,0.29141405820977484,0.645502471169687,1.2131191652937947,61859.27155409116,1.039709281921386
-0.1002553542009883,1.202976386600769,0.4029873695771554,0.74886051619989,0.35853102690829197,1.181584294343767,0.29141405820977484,0.655502471169687,1.2031191652937947,61948.27155409116,1.0437099456787102
-0.07025535420098827,1.2329763866007692,0.42298736957715544,0.71886051619989,0.398531026908292,1.131584294343767,0.2714140582097748,0.645502471169687,1.2031191652937947,61875.27155409116,1.0469076156616204
-0.07025535420098827,1.2729763866007693,0.3929873695771554,0.6588605161998902,0.42853102690829203,1.091584294343767,0.29141405820977484,0.665502471169687,1.1931191652937947,61906.27155409116,1.0469076156616204
-0.05025535420098837,1.3129763866007693,0.4029873695771554,0.6188605161998901,0.44853102690829205,1.111584294343767,0.31141405820977486,0.6155024711696869,1.1831191652937947,61587.27155409116,1.0512439727783196
-0.05025535420098837,1.3129763866007693,0.4029873695771554,0.6488605161998902,0.418531026908292,1.081584294343767,0.31141405820977486,0.645502471169687,1.1831191652937947,61702.27155409116,1.055296850204467
-0.060255354200988265,1.3429763866007691,0.42298736957715544,0.6388605161998901,0.408531026908292,1.111584294343767,0.32141405820977487,0.645502471169687,1.1831191652937947,61949.27155409116,1.0594970703124993
-0.060255354200988265,1.322976386600769,0.43298736957715545,0.6088605161998901,0.44853102690829205,1.091584294343767,0.32141405820977487,0.645502471169687,1.2131191652937947,61462.27155409116,1.0605258464813225
-0.07025535420098827,1.3129763866007693,0.46298736957715547,0.5388605161998901,0.45853102690829206,1.111584294343767,0.3514140582097749,0.645502471169687,1.2131191652937947,61059.27155409116,1.0635296821594231
-0.060255354200988265,1.2929763866007693,0.5029873695771555,0.51886051619989,0.44853102690829205,1.121584294343767,0.3714140582097749,0.6155024711696869,1.1931191652937947,61214.27155409116,1.0677129745483391
-0.08025535420098828,1.2929763866007693,0.5429873695771555,0.4788605161998902,0.43853102690829204,1.101584294343767,0.3714140582097749,0.6355024711696869,1.1931191652937947,61705.27155409116,1.072001409530639
-0.08025535420098828,1.2729763866007693,0.5629873695771553,0.4188605161998901,0.4785310269082921,1.101584294343767,0.3814140582097749,0.6155024711696869,1.2031191652937947,61414.27155409116,1.072001409530639
-0.060255354200988265,1.262976386600769,0.5829873695771554,0.4188605161998901,0.43853102690829204,1.061584294343767,0.39141405820977493,0.6255024711696869,1.2031191652937947,61033.27155409116,1.076004934310916
-0.04025535420098836,1.202976386600769,0.6129873695771554,0.4188605161998901,0.46853102690829207,1.021584294343767,0.4114140582097747,0.6155024711696869,1.2031191652937947,61056.27155409116,1.080166292190551
-0.02025535420098834,1.1529763866007692,0.6629873695771554,0.3988605161998901,0.5185310269082921,0.991584294343767,0.4114140582097747,0.6055024711696871,1.1731191652937947,61149.27155409116,1.0840239048004108
-0.010255354200988331,1.1129763866007691,0.7029873695771555,0.3988605161998901,0.4885310269082921,0.9415842943437672,0.44141405820977475,0.6155024711696869,1.1631191652937947,61156.27155409116,1.0840239048004108
0.019744645799011695,1.072976386600769,0.7629873695771555,0.3888605161998901,0.5085310269082921,0.9515842943437672,0.4114140582097747,0.6355024711696869,1.1531191652937947,60801.27155409116,1.088052701950076
0.019744645799011695,1.0429763866007693,0.7829873695771555,0.34886051619989017,0.5185310269082921,0.9415842943437672,0.43141405820977474,0.6155024711696869,1.1631191652937947,61000.27155409116,1.0920533657074003
0.03974464579901171,1.0029763866007693,0.8129873695771553,0.3688605161998902,0.5085310269082921,0.9215842943437672,0.43141405820977474,0.6255024711696869,1.1631191652937947,61867.27155409116,1.0960580825805657
0.06974464579901163,0.9629763866007692,0.8329873695771554,0.3588605161998902,0.5485310269082921,0.8915842943437672,0.43141405820977474,0.6055024711696871,1.1531191652937947,62092.27155409116,1.1000499248504632
0.08974464579901165,0.912976386600769,0.8829873695771554,0.31886051619989014,0.5285310269082921,0.8815842943437672,0.46141405820977477,0.5955024711696871,1.1431191652937946,62533.27155409116,1.1000499248504632
0.09974464579901166,0.8629763866007691,0.9229873695771554,0.31886051619989014,0.5485310269082921,0.8815842943437672,0.4714140582097748,0.5955024711696871,1.1531191652937947,63844.27155409116,1.1041631221771233
0.11974464579901167,0.8329763866007691,0.9429873695771555,0.2788605161998901,0.5085310269082921,0.8715842943437672,0.46141405820977477,0.6155024711696869,1.1531191652937947,64861.27155409116,1.109226179122924
0.10974464579901166,0.7929763866007691,0.9929873695771555,0.23886051619989018,0.5385310269082921,0.8215842943437671,0.45141405820977476,0.5955024711696871,1.1831191652937947,65388.27155409116,1.1129393100738518
0.12974464579901168,0.752976386600769,1.0229873695771556,0.2588605161998901,0.5385310269082921,0.8515842943437671,0.44141405820977475,0.5855024711696871,1.1731191652937947,66091.27155409116,1.1139873981475823
0.1397446457990117,0.722976386600769,1.0529873695771554,0.21886051619989016,0.5185310269082921,0.8315842943437671,0.46141405820977477,0.5955024711696871,1.1731191652937947,66736.27155409116,1.1167740345001178
0.1497446457990117,0.7029763866007692,1.0729873695771555,0.19886051619989015,0.5485310269082921,0.8315842943437671,0.46141405820977477,0.5955024711696871,1.1731191652937947,67443.27155409116,1.1218432903289788
0.16974464579901172,0.6529763866007692,1.1029873695771553,0.23886051619989018,0.5585310269082921,0.7915842943437672,0.46141405820977477,0.6155024711696869,1.1931191652937947,68106.27155409116,1.1251358509063678
0.16974464579901172,0.6229763866007691,1.1329873695771555,0.22886051619989017,0.5285310269082921,0.8015842943437671,0.44141405820977475,0.6155024711696869,1.2231191652937947,68499.27155409116,1.1258384704589837
0.16974464579901172,0.6029763866007691,1.1429873695771553,0.19886051619989015,0.5585310269082921,0.7715842943437672,0.44141405820977475,0.6355024711696869,1.2231191652937947,68926.27155409116,1.1298381805419915
0.18974464579901174,0.6029763866007691,1.1229873695771553,0.17886051619989013,0.5685310269082922,0.7815842943437672,0.42141405820977473,0.675502471169687,1.2131191652937947,69203.27155409116,1.134182405471801
0.20974464579901175,0.5929763866007691,1.1229873695771553,0.17886051619989013,0.588531026908292,0.7515842943437672,0.42141405820977473,0.695502471169687,1.1931191652937947,69258.27155409116,1.137703371047973
0.21974464579901176,0.5629763866007691,1.1329873695771555,0.1488605161998901,0.588531026908292,0.7715842943437672,0.4114140582097747,0.705502471169687,1.2331191652937947,69469.27155409116,1.1387335777282708
0.22974464579901177,0.5629763866007691,1.1229873695771553,0.1588605161998901,0.578531026908292,0.7815842943437672,0.39141405820977493,0.735502471169687,1.2331191652937947,69566.27155409116,1.1413657188415556
0.23974464579901178,0.5529763866007691,1.1229873695771553,0.1388605161998901,0.598531026908292,0.7715842943437672,0.42141405820977473,0.745502471169687,1.2531191652937947,69417.27155409116,1.1457292556762688
0.2497446457990118,0.5329763866007691,1.1329873695771555,0.1388605161998901,0.588531026908292,0.7515842943437672,0.40141405820977494,0.7655024711696871,1.2531191652937947,69192.27155409116,1.149127912521358
0.2497446457990118,0.512976386600769,1.1529873695771555,0.1388605161998901,0.578531026908292,0.7715842943437672,0.3814140582097749,0.7855024711696871,1.3031191652937946,69575.27155409116,1.1501683712005608
0.2697446457990116,0.482976386600769,1.1629873695771553,0.1588605161998901,0.5485310269082921,0.7915842943437672,0.3814140582097749,0.7755024711696871,1.3031191652937946,69266.27155409116,1.1543983936309807
0.2897446457990116,0.46297638660076923,1.1629873695771553,0.17886051619989013,0.5585310269082921,0.7715842943437672,0.40141405820977494,0.7955024711696871,1.3031191652937946,68953.27155409116,1.1583983421325676
0.2997446457990116,0.4329763866007692,1.1629873695771553,0.18886051619989014,0.5185310269082921,0.8215842943437671,0.39141405820977493,0.8155024711696871,1.3131191652937946,69438.27155409116,1.162136507034301
0.31974464579901163,0.4229763866007692,1.1529873695771555,0.18886051619989014,0.5085310269082921,0.8415842943437671,0.39141405820977493,0.8455024711696871,1.3131191652937946,69819.27155409116,1.1629073143005364
0.31974464579901163,0.4329763866007692,1.1429873695771553,0.18886051619989014,0.4885310269082921,0.8715842943437672,0.40141405820977494,0.8355024711696871,1.3131191652937946,69486.27155409116,1.1663424491882317
0.33974464579901165,0.4129763866007692,1.1529873695771555,0.19886051619989015,0.4985310269082921,0.8615842943437672,0.4114140582097747,0.8755024711696869,1.3331191652937946,69149.27155409116,1.170243453979488
0.3697446457990117,0.4229763866007692,1.0929873695771555,0.20886051619989016,0.4885310269082921,0.8515842943437671,0.39141405820977493,0.8555024711696871,1.3631191652937946,69670.27155409116,1.1746267795562737
0.4197446457990117,0.39297638660076917,1.0729873695771555,0.22886051619989017,0.4885310269082921,0.8815842943437672,0.39141405820977493,0.895502471169687,1.3731191652937946,70063.27155409116,1.1788861274719231
0.43974464579901174,0.36297638660076914,1.0829873695771552,0.21886051619989016,0.4885310269082921,0.8915842943437672,0.39141405820977493,0.905502471169687,1.3831191652937946,70328.27155409116,1.1788861274719231
0.45974464579901175,0.3429763866007691,1.0529873695771554,0.22886051619989017,0.4985310269082921,0.8515842943437671,0.39141405820977493,0.8855024711696869,1.4131191652937947,70259.27155409116,1.183026981353759
0.4197446457990117,0.3429763866007691,1.0529873695771554,0.2588605161998901,0.5085310269082921,0.8115842943437671,0.42141405820977473,0.8755024711696869,1.4131191652937947,69914.27155409116,1.18705768585205
0.4297446457990117,0.3329763866007691,1.0529873695771554,0.2888605161998901,0.5185310269082921,0.8215842943437671,0.40141405820977494,0.895502471169687,1.4431191652937947,69841.27155409116,1.1903075695037835
0.3997446457990117,0.3129763866007691,1.0829873695771552,0.2688605161998901,0.5385310269082921,0.8115842943437671,0.42141405820977473,0.895502471169687,1.4631191652937947,69244.27155409116,1.1910333156585686
0.3797446457990117,0.3229763866007691,1.0929873695771555,0.2688605161998901,0.5485310269082921,0.8315842943437671,0.43141405820977474,0.8655024711696869,1.4831191652937947,68569.27155409116,1.1951622486114495
0.3697446457990117,0.3029763866007691,1.0829873695771552,0.2688605161998901,0.5385310269082921,0.8115842943437671,0.43141405820977474,0.8655024711696869,1.4931191652937947,68406.27155409116,1.1992706775665276
0.3697446457990117,0.3029763866007691,1.0729873695771555,0.2788605161998901,0.5485310269082921,0.8515842943437671,0.45141405820977476,0.8455024711696871,1.5131191652937948,68015.27155409116,1.2036766529083245
0.35974464579901166,0.26297638660076905,1.0829873695771552,0.2988605161998901,0.5385310269082921,0.8115842943437671,0.46141405820977477,0.8655024711696869,1.5031191652937947,68020.27155409116,1.2036766529083245
0.3697446457990117,0.25297638660076904,1.0629873695771552,0.2888605161998901,0.5385310269082921,0.8015842943437671,0.46141405820977477,0.8655024711696869,1.5231191652937948,67845.27155409116,1.2068848133087187
0.35974464579901166,0.26297638660076905,1.0529873695771554,0.30886051619989013,0.5385310269082921,0.8215842943437671,0.4914140582097748,0.8555024711696871,1.5131191652937948,68002.27155409116,1.2123155117034905
0.35974464579901166,0.23297638660076903,1.0329873695771554,0.2988605161998901,0.5585310269082921,0.8215842943437671,0.4814140582097748,0.8555024711696871,1.5131191652937948,67605.27155409116,1.2153152942657464
0.3797446457990117,0.23297638660076903,1.0329873695771554,0.2988605161998901,0.588531026908292,0.7715842943437672,0.4814140582097748,0.8655024711696869,1.5231191652937948,67148.27155409116,1.2153152942657464
0.3997446457990117,0.22297638660076902,0.9929873695771555,0.30886051619989013,0.618531026908292,0.7415842943437672,0.4814140582097748,0.8755024711696869,1.5231191652937948,67049.27155409116,1.2194554328918485
0.4197446457990117,0.23297638660076903,0.9329873695771554,0.31886051619989014,0.598531026908292,0.7515842943437672,0.4914140582097748,0.895502471169687,1.5231191652937948,66850.27155409116,1.2238432884216301
0.4297446457990117,0.22297638660076902,0.9229873695771554,0.30886051619989013,0.618531026908292,0.8015842943437671,0.4714140582097748,0.895502471169687,1.5331191652937946,66371.27155409116,1.227009487152099
0.4197446457990117,0.21297638660076923,0.9129873695771554,0.32886051619989015,0.618531026908292,0.8215842943437671,0.4714140582097748,0.895502471169687,1.5431191652937946,66190.27155409116,1.2280523300170891
0.4197446457990117,0.22297638660076902,0.9229873695771554,0.2988605161998901,0.628531026908292,0.7915842943437672,0.4714140582097748,0.895502471169687,1.5631191652937946,65931.27155409116,1.2314741134643548
0.4097446457990117,0.1929763866007692,0.8929873695771554,0.30886051619989013,0.628531026908292,0.8515842943437671,0.4714140582097748,0.905502471169687,1.5531191652937946,65086.27155409116,1.235484075546264
0.4197446457990117,0.20297638660076922,0.8829873695771554,0.33886051619989016,0.618531026908292,0.8215842943437671,0.46141405820977477,0.905502471169687,1.5631191652937946,64753.27155409116,1.239483070373531
0.3797446457990117,0.26297638660076905,0.8629873695771554,0.31886051619989014,0.638531026908292,0.8015842943437671,0.46141405820977477,0.945502471169687,1.5331191652937946,63576.27155409116,1.2404839515686028
0.33974464579901165,0.24297638660076903,0.8729873695771554,0.3688605161998902,0.618531026908292,0.8415842943437671,0.46141405820977477,0.945502471169687,1.5431191652937946,62911.27155409116,1.243484687805175
0.34974464579901166,0.25297638660076904,0.8329873695771554,0.3688605161998902,0.608531026908292,0.8615842943437672,0.46141405820977477,0.955502471169687,1.5231191652937948,62002.27155409116,1.248212528228759
0.34974464579901166,0.27297638660076906,0.7929873695771555,0.3788605161998902,0.608531026908292,0.8815842943437672,0.4714140582097748,0.955502471169687,1.5031191652937947,61129.27155409116,1.2522282123565667
0.31974464579901163,0.26297638660076905,0.7929873695771555,0.3788605161998902,0.598531026908292,0.9015842943437672,0.5014140582097748,0.945502471169687,1.5131191652937948,61042.27155409116,1.2522282123565667
0.2897446457990116,0.27297638660076906,0.7629873695771555,0.4088605161998901,0.608531026908292,0.9015842943437672,0.5114140582097748,0.945502471169687,1.5031191652937947,61151.27155409116,1.2566627979278557
0.3097446457990116,0.26297638660076905,0.7429873695771555,0.3988605161998901,0.608531026908292,0.9215842943437672,0.5114140582097748,0.955502471169687,1.5031191652937947,60718.27155409116,1.2606615543365471
0.2697446457990116,0.26297638660076905,0.7429873695771555,0.4188605161998901,0.588531026908292,0.9415842943437672,0.5114140582097748,0.925502471169687,1.5231191652937948,60601.27155409116,1.264076900482177
0.2497446457990118,0.25297638660076904,0.7529873695771555,0.42886051619989013,0.5685310269082922,0.9715842943437673,0.5114140582097748,0.925502471169687,1.5331191652937946,60494.27155409116,1.2680727958679192
0.2597446457990116,0.24297638660076903,0.7529873695771555,0.44886051619989015,0.5685310269082922,1.001584294343767,0.5114140582097748,0.915502471169687,1.5331191652937946,60507.27155409116,1.2680727958679192
0.2597446457990116,0.24297638660076903,0.7429873695771555,0.42886051619989013,0.5585310269082921,1.031584294343767,0.5114140582097748,0.925502471169687,1.5331191652937946,60096.27155409116,1.27226014137268
0.2697446457990116,0.22297638660076902,0.7529873695771555,0.44886051619989015,0.598531026908292,1.011584294343767,0.5014140582097748,0.905502471169687,1.5431191652937946,59937.27155409116,1.2772092342376702
0.23974464579901178,0.21297638660076923,0.7629873695771555,0.44886051619989015,0.618531026908292,0.991584294343767,0.5114140582097748,0.905502471169687,1.5431191652937946,60090.27155409116,1.2802431106567376
0.23974464579901178,0.23297638660076903,0.7529873695771555,0.44886051619989015,0.638531026908292,0.991584294343767,0.4914140582097748,0.915502471169687,1.5531191652937946,59713.27155409116,1.281239461898803
0.22974464579901177,0.22297638660076902,0.7429873695771555,0.45886051619989016,0.648531026908292,0.9815842943437673,0.5014140582097748,0.905502471169687,1.5431191652937946,59918.27155409116,1.2852930545806878
0.23974464579901178,0.21297638660076923,0.7529873695771555,0.44886051619989015,0.648531026908292,1.011584294343767,0.5014140582097748,0.915502471169687,1.5431191652937946,59933.27155409116,1.288733911514278
0.21974464579901176,0.20297638660076922,0.7029873695771555,0.46886051619989016,0.668531026908292,0.991584294343767,0.4914140582097748,0.915502471169687,1.5531191652937946,60148.27155409116,1.2925979614257805
0.22974464579901177,0.22297638660076902,0.6629873695771554,0.46886051619989016,0.678531026908292,1.021584294343767,0.5114140582097748,0.905502471169687,1.5431191652937946,59763.27155409116,1.293636512756347
0.20974464579901175,0.21297638660076923,0.6829873695771554,0.4888605161998902,0.688531026908292,1.011584294343767,0.5114140582097748,0.905502471169687,1.5331191652937946,59554.27155409116,1.2976374149322503
0.20974464579901175,0.20297638660076922,0.6929873695771555,0.51886051619989,0.7285310269082921,0.9815842943437673,0.5214140582097748,0.905502471169687,1.5331191652937946,59467.27155409116,1.3016280651092522
0.19974464579901174,0.22297638660076902,0.6729873695771554,0.4988605161998902,0.7085310269082921,1.021584294343767,0.5314140582097748,0.895502471169687,1.5231191652937948,59510.27155409116,1.305032920837398
0.18974464579901174,0.20297638660076922,0.6529873695771554,0.50886051619989,0.698531026908292,1.071584294343767,0.5214140582097748,0.895502471169687,1.5231191652937948,59313.27155409116,1.3060295104980462
0.20974464579901175,0.21297638660076923,0.6329873695771554,0.4988605161998902,0.698531026908292,1.081584294343767,0.5514140582097748,0.8655024711696869,1.5331191652937946,59174.27155409116,1.3092941761016839
0.18974464579901174,0.22297638660076902,0.6429873695771554,0.4888605161998902,0.7085310269082921,1.121584294343767,0.5414140582097748,0.8555024711696871,1.5431191652937946,59437.27155409116,1.3133961677551262
0.18974464579901174,0.1929763866007692,0.6429873695771554,0.4788605161998902,0.7085310269082921,1.161584294343767,0.5314140582097748,0.8555024711696871,1.5331191652937946,60296.27155409116,1.3173963546752923
0.19974464579901174,0.1929763866007692,0.6429873695771554,0.4988605161998902,0.698531026908292,1.161584294343767,0.5314140582097748,0.8555024711696871,1.5431191652937946,60093.27155409116,1.3183965206146233
0.20974464579901175,0.1829763866007692,0.6129873695771554,0.50886051619989,0.698531026908292,1.181584294343767,0.5114140582097748,0.8455024711696871,1.5431191652937946,59876.27155409116,1.3223726272583
0.18974464579901174,0.20297638660076922,0.6029873695771554,0.51886051619989,0.7185310269082921,1.1915842943437671,0.5114140582097748,0.8455024711696871,1.5531191652937946,60293.27155409116,1.3258621215820305
0.19974464579901174,0.1829763866007692,0.6029873695771554,0.5388605161998901,0.698531026908292,1.2115842943437671,0.5014140582097748,0.8455024711696871,1.5431191652937946,60600.27155409116,1.3308617591857903
0.18974464579901174,0.1729763866007692,0.6229873695771554,0.5588605161998901,0.698531026908292,1.2315842943437671,0.4914140582097748,0.8155024711696871,1.5631191652937946,60811.27155409116,1.3308617591857903
0.16974464579901172,0.15297638660076918,0.5929873695771554,0.5488605161998901,0.668531026908292,1.291584294343767,0.4714140582097748,0.8155024711696871,1.5631191652937946,60956.27155409116,1.3341552734374993
0.17974464579901173,0.15297638660076918,0.5929873695771554,0.5488605161998901,0.648531026908292,1.321584294343767,0.4814140582097748,0.8155024711696871,1.5331191652937946,61075.27155409116,1.3384661197662346
0.16974464579901172,0.1729763866007692,0.6029873695771554,0.5688605161998901,0.618531026908292,1.371584294343767,0.5314140582097748,0.7755024711696871,1.5231191652937948,61232.27155409116,1.3431748867034905
0.16974464579901172,0.20297638660076922,0.5529873695771553,0.5888605161998901,0.608531026908292,1.381584294343767,0.5314140582097748,0.7955024711696871,1.4931191652937947,60771.27155409116,1.3461215019226067
0.16974464579901172,0.1829763866007692,0.5629873695771553,0.5788605161998901,0.588531026908292,1.401584294343767,0.5314140582097748,0.7755024711696871,1.4931191652937947,60804.27155409116,1.3471450328826897
0.17974464579901173,0.16297638660076919,0.5729873695771553,0.5988605161998901,0.5585310269082921,1.4615842943437671,0.5314140582097748,0.7855024711696871,1.4731191652937947,61125.27155409116,1.351170253753665
0.16974464579901172,0.1929763866007692,0.5529873695771553,0.5688605161998901,0.5485310269082921,1.4815842943437671,0.5114140582097748,0.7855024711696871,1.4731191652937947,61062.27155409116,1.3556863784790032
0.1597446457990117,0.1929763866007692,0.5329873695771555,0.5788605161998901,0.5185310269082921,1.541584294343767,0.5014140582097748,0.7955024711696871,1.4731191652937947,60847.27155409116,1.358922910690307
0.16974464579901172,0.15297638660076918,0.5129873695771555,0.5788605161998901,0.46853102690829207,1.571584294343767,0.5114140582097748,0.7655024711696871,1.4631191652937947,60606.27155409116,1.359885644912719
0.16974464579901172,0.16297638660076919,0.5129873695771555,0.5888605161998901,0.44853102690829205,1.601584294343767,0.46141405820977477,0.7855024711696871,1.4631191652937947,60433.27155409116,1.3623160839080803
0.17974464579901173,0.1829763866007692,0.4929873695771555,0.5988605161998901,0.418531026908292,1.621584294343767,0.42141405820977473,0.8055024711696871,1.4431191652937947,60238.27155409116,1.3673710346221917
0.17974464579901173,0.16297638660076919,0.5029873695771555,0.6288605161998901,0.408531026908292,1.651584294343767,0.44141405820977475,0.7755024711696871,1.4431191652937947,60481.27155409116,1.3715414524078398
0.18974464579901174,0.16297638660076919,0.5129873695771555,0.6488605161998902,0.368531026908292,1.661584294343767,0.3714140582097749,0.8055024711696871,1.4131191652937947,60866.27155409116,1.3715414524078398
0.19974464579901174,0.14297638660076917,0.5229873695771555,0.6788605161998902,0.35853102690829197,1.651584294343767,0.3514140582097749,0.7955024711696871,1.4131191652937947,60713.27155409116,1.375541162490844
0.20974464579901175,0.13297638660076916,0.5129873695771555,0.69886051619989,0.35853102690829197,1.631584294343767,0.3414140582097749,0.7755024711696871,1.4031191652937947,61024.27155409116,1.3791863441467278
0.20974464579901175,0.14297638660076917,0.5229873695771555,0.74886051619989,0.30853102690829215,1.631584294343767,0.3414140582097749,0.7855024711696871,1.3531191652937946,61819.27155409116,1.3836063861846881
0.21974464579901176,0.13297638660076916,0.5329873695771555,0.7988605161998901,0.28853102690829213,1.611584294343767,0.32141405820977487,0.7855024711696871,1.3631191652937946,62462.27155409116,1.3846151351928704
0.22974464579901177,0.12297638660076915,0.4929873695771555,0.8488605161998901,0.2685310269082921,1.591584294343767,0.3614140582097749,0.745502471169687,1.3231191652937946,62969.27155409116,1.3876394748687702
0.22974464579901177,0.14297638660076917,0.4929873695771555,0.8488605161998901,0.2485310269082921,1.601584294343767,0.3614140582097749,0.715502471169687,1.3231191652937946,63216.27155409116,1.3916141510009759
0.20974464579901175,0.13297638660076916,0.5029873695771555,0.8688605161998901,0.2385310269082921,1.601584294343767,0.3314140582097749,0.735502471169687,1.3131191652937946,63355.27155409116,1.3959733963012688
0.21974464579901176,0.15297638660076918,0.5029873695771555,0.8888605161998901,0.2385310269082921,1.591584294343767,0.3414140582097749,0.725502471169687,1.2831191652937946,63402.27155409116,1.3959733963012688
0.21974464579901176,0.15297638660076918,0.5029873695771555,0.8988605161998902,0.2485310269082921,1.561584294343767,0.31141405820977486,0.705502471169687,1.2831191652937946,63217.27155409116,1.4001729011535637
0.17974464579901173,0.15297638660076918,0.5229873695771555,0.8888605161998901,0.2485310269082921,1.581584294343767,0.32141405820977487,0.695502471169687,1.3031191652937946,63498.27155409116,1.403340291976928
0.18974464579901174,0.16297638660076919,0.5029873695771555,0.8688605161998901,0.2585310269082921,1.591584294343767,0.2714140582097748,0.695502471169687,1.2531191652937947,63329.27155409116,1.4074584960937493
0.16974464579901172,0.16297638660076919,0.5029873695771555,0.8588605161998901,0.2685310269082921,1.581584294343767,0.2514140582097748,0.685502471169687,1.2531191652937947,63202.27155409116,1.408481311798095
0.1397446457990117,0.1929763866007692,0.5029873695771555,0.8188605161998901,0.29853102690829214,1.591584294343767,0.2714140582097748,0.695502471169687,1.1931191652937947,62655.27155409116,1.411610317230224
0.1397446457990117,0.21297638660076923,0.5429873695771555,0.7988605161998901,0.30853102690829215,1.611584294343767,0.2714140582097748,0.695502471169687,1.2131191652937947,62530.27155409116,1.415577602386474
0.11974464579901167,0.24297638660076903,0.5429873695771555,0.7888605161998901,0.31853102690829216,1.611584294343767,0.2314140582097748,0.685502471169687,1.2331191652937947,62795.27155409116,1.4207436561584466
0.08974464579901165,0.24297638660076903,0.5329873695771555,0.77886051619989,0.29853102690829214,1.621584294343767,0.22141405820977478,0.695502471169687,1.2231191652937947,62912.27155409116,1.4241284847259514
0.09974464579901166,0.28297638660076907,0.5529873695771553,0.75886051619989,0.28853102690829213,1.641584294343767,0.21141405820977488,0.705502471169687,1.1931191652937947,62513.27155409116,1.4246904373168903
0.08974464579901165,0.3029763866007691,0.5429873695771555,0.76886051619989,0.2585310269082921,1.661584294343767,0.19141405820977486,0.685502471169687,1.1731191652937947,62278.27155409116,1.4277002334594755
0.09974464579901166,0.3229763866007691,0.5629873695771553,0.75886051619989,0.2485310269082921,1.681584294343767,0.2414140582097748,0.655502471169687,1.1531191652937947,62307.27155409116,1.4327198982238798
0.08974464579901165,0.37297638660076915,0.5529873695771553,0.74886051619989,0.2485310269082921,1.671584294343767,0.22141405820977478,0.685502471169687,1.1531191652937947,62186.27155409116,1.435708951950076
0.06974464579901163,0.4029763866007692,0.5529873695771553,0.8088605161998901,0.20853102690829206,1.641584294343767,0.18141405820977485,0.695502471169687,1.1531191652937947,62337.27155409116,1.4367210388183587
0.07974464579901164,0.4429763866007692,0.5529873695771553,0.8388605161998901,0.20853102690829206,1.611584294343767,0.20141405820977487,0.685502471169687,1.1331191652937946,62684.27155409116,1.4407190799713163
0.04974464579901172,0.472976386600769,0.5529873695771553,0.8988605161998902,0.16853102690829203,1.581584294343767,0.19141405820977486,0.695502471169687,1.1531191652937947,63133.27155409116,1.4443625926971428
0.07974464579901164,0.472976386600769,0.5429873695771555,0.9188605161998902,0.17853102690829203,1.541584294343767,0.19141405820977486,0.705502471169687,1.1631191652937947,63184.27155409116,1.4488567829132073
0.07974464579901164,0.512976386600769,0.5229873695771555,0.9188605161998902,0.19853102690829205,1.521584294343767,0.19141405820977486,0.695502471169687,1.1631191652937947,63589.27155409116,1.4498641014099114
0.05974464579901173,0.5229763866007691,0.5429873695771555,0.96886051619989,0.18853102690829204,1.4815842943437671,0.20141405820977487,0.695502471169687,1.1531191652937947,63466.27155409116,1.452870082855224
0.06974464579901163,0.5329763866007691,0.5429873695771555,0.9288605161998902,0.21853102690829207,1.4615842943437671,0.20141405820977487,0.725502471169687,1.1331191652937946,63411.27155409116,1.4568690776824909
0.04974464579901172,0.5829763866007691,0.5229873695771555,0.9188605161998902,0.22853102690829208,1.4515842943437671,0.21141405820977488,0.715502471169687,1.1531191652937947,63850.27155409116,1.4608649730682401
0.03974464579901171,0.6629763866007692,0.5129873695771555,0.8988605161998902,0.2685310269082921,1.401584294343767,0.2314140582097748,0.705502471169687,1.1731191652937947,63277.27155409116,1.4618689537048368
0.009744645799011686,0.752976386600769,0.4929873695771555,0.8888605161998901,0.2785310269082921,1.391584294343767,0.2714140582097748,0.675502471169687,1.1831191652937947,62758.27155409116,1.4648422718048089
-0.010255354200988331,0.8129763866007691,0.4729873695771555,0.8788605161998901,0.30853102690829215,1.361584294343767,0.2714140582097748,0.695502471169687,1.1831191652937947,62611.27155409116,1.469429445266723
-0.03025535420098835,0.8629763866007691,0.44298736957715545,0.8688605161998901,0.30853102690829215,1.301584294343767,0.2514140582097748,0.685502471169687,1.2131191652937947,62114.27155409116,1.4734682559967034
0.019744645799011695,0.912976386600769,0.42298736957715544,0.8288605161998901,0.31853102690829216,1.351584294343767,0.2514140582097748,0.685502471169687,1.2131191652937947,61705.27155409116,1.4734682559967034
-0.03025535420098835,1.0229763866007693,0.4029873695771554,0.8188605161998901,0.32853102690829195,1.311584294343767,0.2514140582097748,0.675502471169687,1.2331191652937947,61192.27155409116,1.477461528778079
-0.03025535420098835,1.0429763866007693,0.3929873695771554,0.76886051619989,0.33853102690829195,1.311584294343767,0.2714140582097748,0.685502471169687,1.2231191652937947,60743.27155409116,1.4808048725128167
-0.060255354200988265,1.0629763866007693,0.3929873695771554,0.76886051619989,0.30853102690829215,1.321584294343767,0.30141405820977485,0.655502471169687,1.2331191652937947,60254.27155409116,1.484869194030761
-0.03025535420098835,1.1329763866007692,0.3729873695771554,0.7888605161998901,0.32853102690829195,1.281584294343767,0.2614140582097748,0.665502471169687,1.2231191652937947,59655.27155409116,1.4893602848052936
-0.03025535420098835,1.1529763866007692,0.3529873695771555,0.7888605161998901,0.34853102690829196,1.2215842943437671,0.29141405820977484,0.655502471169687,1.2231191652937947,59548.27155409116,1.4900252342224078
-0.03025535420098835,1.1729763866007692,0.3729873695771554,0.7988605161998901,0.378531026908292,1.161584294343767,0.31141405820977486,0.645502471169687,1.2331191652937947,59211.27155409116,1.4938876152038567
-0.010255354200988331,1.182976386600769,0.3729873695771554,0.7888605161998901,0.35853102690829197,1.151584294343767,0.31141405820977486,0.645502471169687,1.2331191652937947,59074.27155409116,1.4989275455474846
-0.010255354200988331,1.2129763866007692,0.3829873695771554,0.75886051619989,0.398531026908292,1.111584294343767,0.31141405820977486,0.6155024711696869,1.2331191652937947,59417.27155409116,1.5019506931304925
0.019744645799011695,1.2129763866007692,0.3829873695771554,0.74886051619989,0.398531026908292,1.091584294343767,0.3314140582097749,0.5855024711696871,1.2631191652937948,59584.27155409116,1.5019506931304925
0.029744645799011704,1.242976386600769,0.3729873695771554,0.6688605161998902,0.408531026908292,1.081584294343767,0.3314140582097749,0.6255024711696869,1.2231191652937947,59703.27155409116,1.506506156921386
0.019744645799011695,1.262976386600769,0.3529873695771555,0.6588605161998902,0.408531026908292,1.101584294343767,0.3314140582097749,0.6255024711696869,1.2231191652937947,59752.27155409116,1.5099789619445794
0.009744645799011686,1.302976386600769,0.3629873695771554,0.6388605161998901,0.418531026908292,1.061584294343767,0.32141405820977487,0.6255024711696869,1.2231191652937947,59109.27155409116,1.514027786254882
0.009744645799011686,1.3329763866007693,0.3629873695771554,0.6288605161998901,0.418531026908292,1.041584294343767,0.3414140582097749,0.6255024711696869,1.2131191652937947,59026.27155409116,1.5147523403167682
-0.02025535420098834,1.3429763866007691,0.3929873695771554,0.6188605161998901,0.398531026908292,1.051584294343767,0.3714140582097749,0.6155024711696869,1.2131191652937947,59147.27155409116,1.5187527656555204
-0.010255354200988331,1.302976386600769,0.43298736957715545,0.5488605161998901,0.42853102690829203,1.081584294343767,0.39141405820977493,0.6155024711696869,1.2331191652937947,58730.27155409116,1.5227541446685784
-0.04025535420098836,1.282976386600769,0.4929873695771555,0.51886051619989,0.418531026908292,1.051584294343767,0.39141405820977493,0.5755024711696871,1.2331191652937947,58237.27155409116,1.526769828796386
-0.03025535420098835,1.262976386600769,0.5329873695771555,0.51886051619989,0.408531026908292,1.071584294343767,0.4114140582097747,0.5855024711696871,1.2431191652937947,58364.27155409116,1.5277356624603264
-0.010255354200988331,1.222976386600769,0.5629873695771553,0.45886051619989016,0.44853102690829205,1.041584294343767,0.43141405820977474,0.5555024711696871,1.2431191652937947,58263.27155409116,1.5302912712097196
0.019744645799011695,1.182976386600769,0.5929873695771554,0.4188605161998901,0.44853102690829205,1.041584294343767,0.42141405820977473,0.5855024711696871,1.2331191652937947,57564.27155409116,1.5356630802154498
0.029744645799011704,1.142976386600769,0.6229873695771554,0.44886051619989015,0.43853102690829204,1.021584294343767,0.42141405820977473,0.5755024711696871,1.2431191652937947,57239.27155409116,1.5389596939086907
0.05974464579901173,1.102976386600769,0.6529873695771554,0.4788605161998902,0.45853102690829206,0.9815842943437673,0.4114140582097747,0.5655024711696871,1.2331191652937947,57366.27155409116,1.540014219284057
0.08974464579901165,1.0629763866007693,0.6829873695771554,0.43886051619989014,0.43853102690829204,0.9615842943437672,0.43141405820977474,0.5755024711696871,1.2231191652937947,57855.27155409116,1.5430118560791009
0.10974464579901166,1.0229763866007693,0.7129873695771555,0.4088605161998901,0.46853102690829207,0.9615842943437672,0.44141405820977475,0.5755024711696871,1.2431191652937947,57858.27155409116,1.5476195335388176
0.1397446457990117,0.972976386600769,0.7429873695771555,0.3988605161998901,0.46853102690829207,0.9415842943437672,0.43141405820977474,0.5655024711696871,1.2231191652937947,58719.27155409116,1.5506219387054436
0.1497446457990117,0.9629763866007692,0.7829873695771555,0.3988605161998901,0.4985310269082921,0.8615842943437672,0.44141405820977475,0.5755024711696871,1.2131191652937947,59632.27155409116,1.554597091674804
0.1497446457990117,0.9229763866007692,0.8129873695771553,0.34886051619989017,0.4985310269082921,0.8715842943437672,0.45141405820977476,0.5755024711696871,1.2131191652937947,59829.27155409116,1.5555932044982903
0.1597446457990117,0.9029763866007692,0.8429873695771554,0.33886051619989016,0.5085310269082921,0.8915842943437672,0.45141405820977476,0.5755024711696871,1.2231191652937947,60236.27155409116,1.5595910072326618
0.16974464579901172,0.8829763866007692,0.8529873695771554,0.30886051619989013,0.5085310269082921,0.9015842943437672,0.45141405820977476,0.5655024711696871,1.2131191652937947,60799.27155409116,1.563252401351928
0.17974464579901173,0.8329763866007691,0.8729873695771554,0.2688605161998901,0.5285310269082921,0.8715842943437672,0.45141405820977476,0.5855024711696871,1.1731191652937947,61280.27155409116,1.5670706748962395
0.19974464579901174,0.8129763866007691,0.8929873695771554,0.2488605161998902,0.5185310269082921,0.8915842943437672,0.45141405820977476,0.5555024711696871,1.2231191652937947,61571.27155409116,1.5670706748962395
0.22974464579901177,0.762976386600769,0.9329873695771554,0.22886051619989017,0.5385310269082921,0.8715842943437672,0.45141405820977476,0.5855024711696871,1.2131191652937947,62354.27155409116,1.571247768402099
0.21974464579901176,0.732976386600769,0.9529873695771555,0.21886051619989016,0.5185310269082921,0.8815842943437672,0.4714140582097748,0.5755024711696871,1.2131191652937947,63183.27155409116,1.576245975494384
0.21974464579901176,0.7129763866007692,0.9829873695771555,0.18886051619989014,0.5685310269082922,0.8115842943437671,0.4814140582097748,0.5755024711696871,1.2231191652937947,63750.27155409116,1.5795926570892362
0.23974464579901178,0.6729763866007692,1.0229873695771556,0.19886051619989015,0.5485310269082921,0.8115842943437671,0.4714140582097748,0.6155024711696869,1.2431191652937947,64345.27155409116,1.5806021213531487
0.23974464579901178,0.6629763866007692,1.0329873695771554,0.18886051619989014,0.5585310269082921,0.8015842943437671,0.46141405820977477,0.6055024711696871,1.2431191652937947,64404.27155409116,1.583555889129638
0.2597446457990116,0.6229763866007691,1.0329873695771554,0.18886051619989014,0.5585310269082921,0.8115842943437671,0.45141405820977476,0.6355024711696869,1.2631191652937948,64661.27155409116,1.58779234886169
0.2897446457990116,0.6129763866007691,1.0129873695771554,0.1388605161998901,0.5485310269082921,0.8015842943437671,0.43141405820977474,0.655502471169687,1.2831191652937946,64892.27155409116,1.5918259143829303
0.2997446457990116,0.6329763866007692,0.9929873695771555,0.16886051619989012,0.5585310269082921,0.7915842943437672,0.43141405820977474,0.655502471169687,1.2831191652937946,65095.27155409116,1.5928217887878375
0.2897446457990116,0.6429763866007692,0.9929873695771555,0.18886051619989014,0.5285310269082921,0.8115842943437671,0.44141405820977475,0.665502471169687,1.2931191652937946,64716.27155409116,1.5958384990692096
0.2997446457990116,0.6329763866007692,0.9829873695771555,0.18886051619989014,0.5485310269082921,0.7715842943437672,0.4714140582097748,0.685502471169687,1.3131191652937946,64433.27155409116,1.5999583721160882
0.32974464579901164,0.6229763866007691,0.9829873695771555,0.18886051619989014,0.5285310269082921,0.8015842943437671,0.46141405820977477,0.695502471169687,1.3031191652937946,64398.27155409116,1.6039587974548368
0.34974464579901166,0.5729763866007691,0.9929873695771555,0.19886051619989015,0.5185310269082921,0.8115842943437671,0.42141405820977473,0.705502471169687,1.3531191652937946,64195.27155409116,1.6049551486968987
0.3797446457990117,0.5329763866007691,1.0229873695771556,0.22886051619989017,0.5085310269082921,0.8015842943437671,0.44141405820977475,0.725502471169687,1.3331191652937946,63976.27155409116,1.6089386463165276
0.3897446457990117,0.49297638660076903,1.0129873695771554,0.21886051619989016,0.5185310269082921,0.7815842943437672,0.4114140582097747,0.755502471169687,1.3431191652937946,63839.27155409116,1.6129226207733147
0.3997446457990117,0.482976386600769,1.0229873695771556,0.2488605161998902,0.5285310269082921,0.8315842943437671,0.43141405820977474,0.755502471169687,1.3531191652937946,63710.27155409116,1.61696548461914
0.3997446457990117,0.472976386600769,1.0329873695771554,0.22886051619989017,0.5185310269082921,0.8215842943437671,0.43141405820977474,0.7755024711696871,1.3431191652937946,63553.27155409116,1.6179913997650104
0.4197446457990117,0.46297638660076923,1.0229873695771556,0.20886051619989016,0.5285310269082921,0.8515842943437671,0.44141405820977475,0.7855024711696871,1.3531191652937946,63816.27155409116,1.6213826656341546
0.45974464579901175,0.472976386600769,0.9729873695771555,0.21886051619989016,0.5185310269082921,0.8515842943437671,0.44141405820977475,0.7855024711696871,1.3631191652937946,64029.27155409116,1.624989461898803
0.47974464579901177,0.4429763866007692,0.9429873695771555,0.23886051619989018,0.5185310269082921,0.8715842943437672,0.44141405820977475,0.8155024711696871,1.3631191652937946,64616.27155409116,1.6290363788604765
0.5097446457990116,0.4129763866007692,0.9329873695771554,0.22886051619989017,0.5085310269082921,0.8715842943437672,0.4814140582097748,0.7955024711696871,1.3631191652937946,64851.27155409116,1.6331080913543694
0.5397446457990116,0.4029763866007692,0.9229873695771554,0.2688605161998901,0.5185310269082921,0.8515842943437671,0.5014140582097748,0.8155024711696871,1.3731191652937946,64702.27155409116,1.6331080913543694
0.4997446457990118,0.4029763866007692,0.9429873695771555,0.2488605161998902,0.5385310269082921,0.8515842943437671,0.5114140582097748,0.8355024711696871,1.3731191652937946,64435.27155409116,1.6371867179870598
0.4997446457990118,0.36297638660076914,0.9829873695771555,0.2788605161998901,0.5185310269082921,0.8715842943437672,0.5014140582097748,0.8255024711696871,1.4231191652937947,64122.27155409116,1.6412257671356194
0.4897446457990118,0.35297638660076913,1.0129873695771554,0.2788605161998901,0.5585310269082921,0.8415842943437671,0.5014140582097748,0.8155024711696871,1.4331191652937947,63845.27155409116,1.6451534748077385
0.44974464579901174,0.36297638660076914,0.9829873695771555,0.2988605161998901,0.5485310269082921,0.8415842943437671,0.5114140582097748,0.8355024711696871,1.4331191652937947,63504.27155409116,1.6451534748077385
0.46974464579901176,0.36297638660076914,0.9529873695771555,0.2788605161998901,0.5385310269082921,0.8615842943437672,0.5414140582097748,0.8055024711696871,1.4631191652937947,63665.27155409116,1.6493830204010003
0.4097446457990117,0.3329763866007691,0.9929873695771555,0.31886051619989014,0.5385310269082921,0.8715842943437672,0.5514140582097748,0.7955024711696871,1.4731191652937947,62882.27155409116,1.6539899826049798
0.4097446457990117,0.3229763866007691,1.0029873695771556,0.31886051619989014,0.5285310269082921,0.8915842943437672,0.5614140582097749,0.7755024711696871,1.4931191652937947,61441.27155409116,1.657275867462161
0.3797446457990117,0.3229763866007691,0.9929873695771555,0.32886051619989015,0.5285310269082921,0.8915842943437672,0.5514140582097748,0.7655024711696871,1.5231191652937948,61330.27155409116,1.6580168724060087
0.3797446457990117,0.3229763866007691,0.9729873695771555,0.34886051619989017,0.5385310269082921,0.8615842943437672,0.5614140582097749,0.755502471169687,1.5331191652937946,61445.27155409116,1.662120056152343
0.3997446457990117,0.3029763866007691,0.9829873695771555,0.34886051619989017,0.5385310269082921,0.8715842943437672,0.5714140582097749,0.7755024711696871,1.5331191652937946,61102.27155409116,1.666465234756469
0.4097446457990117,0.27297638660076906,0.9829873695771555,0.3588605161998902,0.5585310269082921,0.8615842943437672,0.5714140582097749,0.7955024711696871,1.5331191652937946,61075.27155409116,1.669763278961181
0.4097446457990117,0.26297638660076905,0.9629873695771555,0.3688605161998902,0.5685310269082922,0.8515842943437671,0.5514140582097748,0.7855024711696871,1.5431191652937946,60718.27155409116,1.6708282947540276
0.46974464579901176,0.25297638660076904,0.8929873695771554,0.3688605161998902,0.588531026908292,0.8115842943437671,0.5614140582097749,0.7955024711696871,1.5431191652937946,60203.27155409116,1.67379183769226
0.4897446457990118,0.24297638660076903,0.9129873695771554,0.3588605161998902,0.588531026908292,0.8315842943437671,0.5914140582097749,0.7755024711696871,1.5331191652937946,60564.27155409116,1.6777975082397418
0.47974464579901177,0.24297638660076903,0.8329873695771554,0.3688605161998902,0.588531026908292,0.8015842943437671,0.5914140582097749,0.7955024711696871,1.5231191652937948,60847.27155409116,1.6817972183227567
0.4897446457990118,0.20297638660076922,0.8229873695771553,0.3788605161998902,0.618531026908292,0.8015842943437671,0.6014140582097749,0.7955024711696871,1.5231191652937948,61120.27155409116,1.6827971458435016
0.5097446457990116,0.1929763866007692,0.8429873695771554,0.3588605161998902,0.628531026908292,0.8315842943437671,0.5914140582097749,0.7955024711696871,1.5231191652937948,60817.27155409116,1.6860048294067376
0.4997446457990118,0.1729763866007692,0.8129873695771553,0.3588605161998902,0.638531026908292,0.8515842943437671,0.5914140582097749,0.7955024711696871,1.5331191652937946,59922.27155409116,1.6901473522186272
0.45974464579901175,0.16297638660076919,0.8029873695771553,0.3688605161998902,0.648531026908292,0.8315842943437671,0.6114140582097749,0.8055024711696871,1.5231191652937948,59325.27155409116,1.69423861503601
0.4297446457990117,0.16297638660076919,0.8229873695771553,0.3688605161998902,0.638531026908292,0.8615842943437672,0.5914140582097749,0.8055024711696871,1.5331191652937946,58686.27155409116,1.6982306957244866
0.3797446457990117,0.1829763866007692,0.8229873695771553,0.3688605161998902,0.618531026908292,0.8915842943437672,0.6114140582097749,0.8155024711696871,1.5431191652937946,58289.27155409116,1.6991269111633294
0.3697446457990117,0.1829763866007692,0.8129873695771553,0.4088605161998901,0.618531026908292,0.8815842943437672,0.6014140582097749,0.8255024711696871,1.5331191652937946,58208.27155409116,1.7031156539916985
0.3697446457990117,0.21297638660076923,0.8129873695771553,0.42886051619989013,0.618531026908292,0.9015842943437672,0.5814140582097749,0.8255024711696871,1.5631191652937946,57975.27155409116,1.7077066421508782
0.31974464579901163,0.22297638660076902,0.7829873695771555,0.4188605161998901,0.618531026908292,0.9115842943437672,0.5714140582097749,0.8155024711696871,1.5631191652937946,57150.27155409116,1.710819196701049
0.2897446457990116,0.23297638660076903,0.7829873695771555,0.43886051619989014,0.638531026908292,0.9115842943437672,0.5914140582097749,0.8155024711696871,1.5631191652937946,56557.27155409116,1.710819196701049
0.2797446457990116,0.25297638660076904,0.7529873695771555,0.43886051619989014,0.628531026908292,0.9315842943437672,0.6114140582097749,0.8155024711696871,1.5531191652937946,56104.27155409116,1.714888048172
0.2997446457990116,0.23297638660076903,0.7529873695771555,0.45886051619989016,0.618531026908292,0.9515842943437672,0.6014140582097749,0.8255024711696871,1.5631191652937946,55601.27155409116,1.718884897232055
0.2797446457990116,0.20297638660076922,0.7529873695771555,0.45886051619989016,0.638531026908292,0.9715842943437673,0.5814140582097749,0.8355024711696871,1.5531191652937946,54664.27155409116,1.7231554508209221
0.2897446457990116,0.1829763866007692,0.7529873695771555,0.4788605161998902,0.638531026908292,0.9715842943437673,0.5914140582097749,0.8255024711696871,1.5531191652937946,53601.27155409116,1.7231554508209221
0.2697446457990116,0.1829763866007692,0.7629873695771555,0.46886051619989016,0.638531026908292,0.991584294343767,0.6214140582097749,0.8155024711696871,1.5431191652937946,53590.27155409116,1.7273709297180169
0.2897446457990116,0.1729763866007692,0.7229873695771555,0.4788605161998902,0.628531026908292,1.001584294343767,0.6114140582097749,0.8255024711696871,1.5331191652937946,53259.27155409116,1.7313653945922844
0.2797446457990116,0.1729763866007692,0.7029873695771555,0.4788605161998902,0.658531026908292,1.001584294343767,0.6314140582097749,0.8155024711696871,1.5331191652937946,53202.27155409116,1.7351958274841301
0.2597446457990116,0.1729763866007692,0.7029873695771555,0.4788605161998902,0.648531026908292,1.001584294343767,0.6314140582097749,0.8055024711696871,1.5331191652937946,53117.27155409116,1.7351958274841301
0.2497446457990118,0.1829763866007692,0.7029873695771555,0.46886051619989016,0.7085310269082921,0.9715842943437673,0.6414140582097749,0.8055024711696871,1.5331191652937946,53078.27155409116,1.7397679805755608
0.22974464579901177,0.1729763866007692,0.6829873695771554,0.4788605161998902,0.698531026908292,0.991584294343767,0.6214140582097749,0.8155024711696871,1.5331191652937946,53103.27155409116,1.7437397956848102
0.21974464579901176,0.1829763866007692,0.7029873695771555,0.4888605161998902,0.698531026908292,0.991584294343767,0.6114140582097749,0.8255024711696871,1.5531191652937946,53074.27155409116,1.7479812622070305
0.21974464579901176,0.15297638660076918,0.7129873695771555,0.4988605161998902,0.7385310269082921,0.9815842943437673,0.6114140582097749,0.8255024711696871,1.5331191652937946,52917.27155409116,1.7479812622070305
0.21974464579901176,0.12297638660076915,0.6929873695771555,0.4788605161998902,0.7685310269082921,0.9715842943437673,0.6114140582097749,0.8155024711696871,1.5331191652937946,52632.27155409116,1.7520184040069608
0.19974464579901174,0.15297638660076918,0.6829873695771554,0.4988605161998902,0.7785310269082921,0.991584294343767,0.6114140582097749,0.8255024711696871,1.5331191652937946,52583.27155409116,1.7560019016265862
0.17974464579901173,0.15297638660076918,0.6629873695771554,0.46886051619989016,0.7685310269082921,1.021584294343767,0.6214140582097749,0.8255024711696871,1.5131191652937948,52688.27155409116,1.7598187446594231
0.17974464579901173,0.13297638660076916,0.6629873695771554,0.4888605161998902,0.7685310269082921,1.081584294343767,0.6114140582097749,0.8255024711696871,1.5231191652937948,52659.27155409116,1.7608634948730462
0.18974464579901174,0.15297638660076918,0.6629873695771554,0.4788605161998902,0.7785310269082921,1.091584294343767,0.6414140582097749,0.8055024711696871,1.5231191652937948,53048.27155409116,1.7641458034515338
0.20974464579901175,0.11297638660076914,0.6229873695771554,0.46886051619989016,0.7685310269082921,1.151584294343767,0.6314140582097749,0.7955024711696871,1.5231191652937948,52985.27155409116,1.7682072639465325
0.20974464579901175,0.09297638660076912,0.6129873695771554,0.4888605161998902,0.7985310269082921,1.131584294343767,0.6314140582097749,0.7755024711696871,1.5231191652937948,52762.27155409116,1.7724048614501946
0.21974464579901176,0.09297638660076912,0.5929873695771554,0.4988605161998902,0.7785310269082921,1.141584294343767,0.6714140582097747,0.745502471169687,1.5131191652937948,53189.27155409116,1.7763492584228509
0.19974464579901174,0.09297638660076912,0.5929873695771554,0.4888605161998902,0.7785310269082921,1.151584294343767,0.6814140582097747,0.715502471169687,1.5131191652937948,53528.27155409116,1.7763492584228509
0.18974464579901174,0.09297638660076912,0.5929873695771554,0.50886051619989,0.7585310269082921,1.2115842943437671,0.6714140582097747,0.715502471169687,1.5131191652937948,53479.27155409116,1.7807902812957757
0.20974464579901175,0.05297638660076909,0.6029873695771554,0.5488605161998901,0.7485310269082921,1.2315842943437671,0.6514140582097749,0.715502471169687,1.5331191652937946,53840.27155409116,1.7852658748626702
0.16974464579901172,0.02297638660076906,0.6029873695771554,0.5688605161998901,0.7385310269082921,1.2315842943437671,0.6414140582097749,0.725502471169687,1.5131191652937948,54289.27155409116,1.788420391082763
0.17974464579901173,-0.007023613399230966,0.5629873695771553,0.6088605161998901,0.698531026908292,1.261584294343767,0.6314140582097749,0.725502471169687,1.5131191652937948,54570.27155409116,1.7894854068756096
0.17974464579901173,0.002976386600769043,0.6029873695771554,0.6088605161998901,0.668531026908292,1.291584294343767,0.6314140582097749,0.735502471169687,1.5131191652937948,54727.27155409116,1.7924599170684807
0.1397446457990117,-0.007023613399230966,0.6029873695771554,0.6288605161998901,0.638531026908292,1.321584294343767,0.6214140582097749,0.735502471169687,1.4831191652937947,54324.27155409116,1.7976316928863554
0.1397446457990117,0.012976386600769052,0.5629873695771553,0.6288605161998901,0.628531026908292,1.341584294343767,0.6314140582097749,0.715502471169687,1.4831191652937947,54125.27155409116,1.8009287834167473
0.11974464579901167,-0.017023613399230975,0.6029873695771554,0.6388605161998901,0.598531026908292,1.371584294343767,0.6214140582097749,0.725502471169687,1.4431191652937947,54288.27155409116,1.8016237735748284
0.11974464579901167,-0.007023613399230966,0.5429873695771555,0.6388605161998901,0.5685310269082922,1.4415842943437671,0.6214140582097749,0.715502471169687,1.4431191652937947,53805.27155409116,1.8056215763092034
0.1397446457990117,0.012976386600769052,0.5529873695771553,0.6288605161998901,0.5485310269082921,1.4815842943437671,0.6214140582097749,0.725502471169687,1.4031191652937947,54192.27155409116,1.8097931861877434
0.12974464579901168,0.012976386600769052,0.5229873695771555,0.6388605161998901,0.5185310269082921,1.511584294343767,0.6114140582097749,0.685502471169687,1.4331191652937947,54435.27155409116,1.8130640506744378
0.08974464579901165,0.012976386600769052,0.5129873695771555,0.6388605161998901,0.4985310269082921,1.541584294343767,0.6314140582097749,0.695502471169687,1.4231191652937947,54060.27155409116,1.8137940883636468
0.08974464579901165,0.012976386600769052,0.5029873695771555,0.6488605161998902,0.46853102690829207,1.571584294343767,0.6014140582097749,0.685502471169687,1.4131191652937947,53737.27155409116,1.8177887916564899
0.07974464579901164,0.002976386600769043,0.4829873695771555,0.6588605161998902,0.42853102690829203,1.621584294343767,0.5714140582097749,0.685502471169687,1.4131191652937947,53318.27155409116,1.8218440532684355
0.11974464579901167,-0.017023613399230975,0.5329873695771555,0.6788605161998902,0.408531026908292,1.621584294343767,0.5514140582097748,0.685502471169687,1.4031191652937947,53437.27155409116,1.8263966560363762
0.09974464579901166,-0.007023613399230966,0.4829873695771555,0.6788605161998902,0.408531026908292,1.611584294343767,0.5114140582097748,0.715502471169687,1.3831191652937946,53600.27155409116,1.8263966560363762
0.11974464579901167,-0.017023613399230975,0.4929873695771555,0.70886051619989,0.398531026908292,1.611584294343767,0.5014140582097748,0.725502471169687,1.3731191652937946,53853.27155409116,1.8294345855712884
0.11974464579901167,-0.017023613399230975,0.5029873695771555,0.74886051619989,0.368531026908292,1.621584294343767,0.5014140582097748,0.695502471169687,1.3631191652937946,53730.27155409116,1.834769439697265
0.11974464579901167,-0.017023613399230975,0.4829873695771555,0.76886051619989,0.35853102690829197,1.611584294343767,0.45141405820977476,0.715502471169687,1.3431191652937946,54127.27155409116,1.8388955116272
0.11974464579901167,-0.03702361339923077,0.46298736957715547,0.8088605161998901,0.33853102690829195,1.591584294343767,0.46141405820977477,0.705502471169687,1.3331191652937946,54286.27155409116,1.8416351795196526
0.1397446457990117,-0.04702361339923078,0.4729873695771555,0.8288605161998901,0.33853102690829195,1.581584294343767,0.4114140582097747,0.705502471169687,1.3131191652937946,54127.27155409116,1.8423742771148675
0.1397446457990117,-0.05702361339923079,0.4729873695771555,0.8688605161998901,0.31853102690829216,1.551584294343767,0.40141405820977494,0.695502471169687,1.3131191652937946,54706.27155409116,1.845661115646358
0.1397446457990117,-0.0770236133992308,0.46298736957715547,0.8988605161998902,0.28853102690829213,1.541584294343767,0.3714140582097749,0.685502471169687,1.3031191652937946,55179.27155409116,1.8503341197967558
0.12974464579901168,-0.05702361339923079,0.42298736957715544,0.9288605161998902,0.28853102690829213,1.551584294343767,0.3814140582097749,0.685502471169687,1.2731191652937948,55392.27155409116,1.8544115543365471
0.11974464579901167,-0.04702361339923078,0.45298736957715546,0.9388605161998902,0.2785310269082921,1.531584294343767,0.3814140582097749,0.655502471169687,1.2831191652937946,55337.27155409116,1.8544115543365471
0.11974464579901167,-0.0770236133992308,0.4029873695771554,0.94886051619989,0.28853102690829213,1.531584294343767,0.39141405820977493,0.6355024711696869,1.2631191652937948,55316.27155409116,1.8584129333496087
0.08974464579901165,-0.0770236133992308,0.43298736957715545,0.95886051619989,0.2685310269082921,1.531584294343767,0.3514140582097749,0.645502471169687,1.2531191652937947,55511.27155409116,1.8624138355255155
0.07974464579901164,-0.04702361339923078,0.42298736957715544,0.94886051619989,0.2685310269082921,1.531584294343767,0.3614140582097749,0.645502471169687,1.2331191652937947,55366.27155409116,1.8665439605712884
0.09974464579901166,-0.10702361339923083,0.4129873695771554,0.9188605161998902,0.2785310269082921,1.561584294343767,0.3314140582097749,0.6255024711696869,1.2531191652937947,55063.27155409116,1.8676106452941887
0.05974464579901173,-0.09702361339923082,0.4029873695771554,0.8888605161998901,0.28853102690829213,1.571584294343767,0.30141405820977485,0.685502471169687,1.2531191652937947,54572.27155409116,1.8706109046936028
0.06974464579901163,-0.10702361339923083,0.4129873695771554,0.8488605161998901,0.28853102690829213,1.621584294343767,0.29141405820977484,0.655502471169687,1.2231191652937947,54279.27155409116,1.874996614456176
0.07974464579901164,-0.12702361339923085,0.42298736957715544,0.8388605161998901,0.28853102690829213,1.631584294343767,0.2614140582097748,0.685502471169687,1.1931191652937947,53906.27155409116,1.8779820919036858
0.05974464579901173,-0.13702361339923086,0.3929873695771554,0.8188605161998901,0.2685310269082921,1.641584294343767,0.2314140582097748,0.695502471169687,1.2031191652937947,53129.27155409116,1.878988456726077
0.07974464579901164,-0.11702361339923084,0.42298736957715544,0.8088605161998901,0.28853102690829213,1.641584294343767,0.2614140582097748,0.695502471169687,1.2031191652937947,53170.27155409116,1.882980298995971
0.07974464579901164,-0.13702361339923086,0.4029873695771554,0.8088605161998901,0.2785310269082921,1.641584294343767,0.2414140582097748,0.695502471169687,1.2031191652937947,53123.27155409116,1.8869812011718743
0.05974464579901173,-0.14702361339923087,0.3829873695771554,0.7988605161998901,0.2685310269082921,1.671584294343767,0.2414140582097748,0.715502471169687,1.1331191652937946,52844.27155409116,1.890980911254882
0.10974464579901166,-0.12702361339923085,0.3929873695771554,0.8188605161998901,0.2385310269082921,1.651584294343767,0.20141405820977487,0.7655024711696871,1.1531191652937947,53125.27155409116,1.891980838775634
0.11974464579901167,-0.14702361339923087,0.3829873695771554,0.8488605161998901,0.22853102690829208,1.641584294343767,0.19141405820977486,0.755502471169687,1.1631191652937947,53220.27155409116,1.89497966766357
0.12974464579901168,-0.15702361339923088,0.4029873695771554,0.8688605161998901,0.21853102690829207,1.601584294343767,0.20141405820977487,0.745502471169687,1.1731191652937947,53027.27155409116,1.8989796161651604
0.12974464579901168,-0.14702361339923087,0.4129873695771554,0.8988605161998902,0.21853102690829207,1.561584294343767,0.19141405820977486,0.755502471169687,1.1631191652937947,53160.27155409116,1.902980041503902
0.11974464579901167,-0.12702361339923085,0.43298736957715545,0.9388605161998902,0.20853102690829206,1.531584294343767,0.19141405820977486,0.745502471169687,1.1731191652937947,53617.27155409116,1.9039809226989703
0.06974464579901163,-0.14702361339923087,0.4129873695771554,0.97886051619989,0.19853102690829205,1.501584294343767,0.19141405820977486,0.7655024711696871,1.1731191652937947,53506.27155409116,1.9069830894470208
0.05974464579901173,-0.1770236133992309,0.4129873695771554,0.99886051619989,0.20853102690829206,1.4715842943437671,0.22141405820977478,0.7655024711696871,1.1531191652937947,53425.27155409116,1.9109811305999749
0.03974464579901171,-0.12702361339923085,0.4129873695771554,1.02886051619989,0.21853102690829207,1.4415842943437671,0.22141405820977478,0.7755024711696871,1.1531191652937947,53456.27155409116,1.9159810066223137
0.019744645799011695,-0.11702361339923084,0.3929873695771554,1.00886051619989,0.2685310269082921,1.391584294343767,0.22141405820977478,0.7855024711696871,1.1831191652937947,53231.27155409116,1.9189831733703606
-0.010255354200988331,-0.12702361339923085,0.3429873695771555,0.98886051619989,0.2785310269082921,1.361584294343767,0.2314140582097748,0.7755024711696871,1.1831191652937947,52940.27155409116,1.9199845314025872
-0.04025535420098836,-0.14702361339923087,0.33298736957715547,0.96886051619989,0.31853102690829216,1.351584294343767,0.2514140582097748,0.7955024711696871,1.1831191652937947,52627.27155409116,1.923979473114013
-0.07025535420098827,-0.11702361339923084,0.29298736957715543,0.9388605161998902,0.34853102690829196,1.291584294343767,0.2414140582097748,0.7755024711696871,1.2131191652937947,51994.27155409116,1.9279813289642362
-0.08025535420098828,-0.11702361339923084,0.3529873695771555,0.9088605161998902,0.388531026908292,1.271584294343767,0.2714140582097748,0.735502471169687,1.2231191652937947,51427.27155409116,1.931986761093139
-0.05025535420098837,-0.13702361339923086,0.3429873695771555,0.8688605161998901,0.398531026908292,1.281584294343767,0.29141405820977484,0.755502471169687,1.2331191652937947,50934.27155409116,1.931986761093139
-0.11025535420098831,-0.12702361339923085,0.33298736957715547,0.8288605161998901,0.388531026908292,1.261584294343767,0.29141405820977484,0.735502471169687,1.2331191652937947,49861.27155409116,1.935987901687625
-0.11025535420098831,-0.14702361339923087,0.3429873695771555,0.8288605161998901,0.43853102690829204,1.281584294343767,0.29141405820977484,0.725502471169687,1.2531191652937947,49508.27155409116,1.9402520179748528
-0.1002553542009883,-0.11702361339923084,0.29298736957715543,0.8088605161998901,0.408531026908292,1.261584294343767,0.30141405820977485,0.715502471169687,1.2731191652937948,49209.27155409116,1.9442531585693352
-0.08025535420098828,-0.11702361339923084,0.30298736957715544,0.8088605161998901,0.408531026908292,1.2315842943437671,0.30141405820977485,0.735502471169687,1.2731191652937948,48814.27155409116,1.9442531585693352
-0.07025535420098827,-0.10702361339923083,0.33298736957715547,0.8088605161998901,0.44853102690829205,1.161584294343767,0.31141405820977486,0.695502471169687,1.2931191652937946,48809.27155409116,1.9487664222717278
-0.08025535420098828,-0.11702361339923084,0.33298736957715547,0.8188605161998901,0.43853102690829204,1.141584294343767,0.3414140582097749,0.705502471169687,1.2731191652937948,48558.27155409116,1.9517640590667682
-0.08025535420098828,-0.15702361339923088,0.3429873695771555,0.8288605161998901,0.42853102690829203,1.121584294343767,0.3414140582097749,0.715502471169687,1.2931191652937946,48249.27155409116,1.9563791275024407
-0.1002553542009883,-0.15702361339923088,0.3629873695771554,0.8388605161998901,0.45853102690829206,1.111584294343767,0.3414140582097749,0.695502471169687,1.2931191652937946,47586.27155409116,1.9574157714843707
-0.1002553542009883,-0.11702361339923084,0.3529873695771555,0.8088605161998901,0.4985310269082921,1.061584294343767,0.3614140582097749,0.715502471169687,1.2831191652937946,47665.27155409116,1.9601740360260003
-0.1002553542009883,-0.14702361339923087,0.33298736957715547,0.74886051619989,0.4985310269082921,1.071584294343767,0.3514140582097749,0.725502471169687,1.2931191652937946,46804.27155409116,1.9649056911468499
-0.14025535420098834,-0.09702361339923082,0.2729873695771554,0.70886051619989,0.5185310269082921,1.071584294343767,0.3714140582097749,0.725502471169687,1.2931191652937946,46783.27155409116,1.9693519592285185
-0.17025535420098836,-0.08702361339923081,0.2829873695771554,0.70886051619989,0.5285310269082921,1.071584294343767,0.39141405820977493,0.715502471169687,1.2931191652937946,46742.27155409116,1.9693519592285185
-0.15025535420098834,-0.08702361339923081,0.2629873695771554,0.6688605161998902,0.5285310269082921,1.051584294343767,0.40141405820977494,0.735502471169687,1.2631191652937948,46355.27155409116,1.9733478546142535
-0.14025535420098834,-0.10702361339923083,0.2829873695771554,0.6388605161998901,0.5285310269082921,1.081584294343767,0.4114140582097747,0.715502471169687,1.2731191652937948,46140.27155409116,1.977522563934329
-0.13025535420098833,-0.08702361339923081,0.2629873695771554,0.5688605161998901,0.5185310269082921,1.101584294343767,0.42141405820977473,0.725502471169687,1.2831191652937946,45537.27155409116,1.9815191745758085
-0.1002553542009883,-0.0770236133992308,0.2329873695771555,0.5588605161998901,0.5085310269082921,1.111584294343767,0.43141405820977474,0.705502471169687,1.2831191652937946,44848.27155409116,1.985186052322387
-0.11025535420098831,-0.09702361339923082,0.2329873695771555,0.4988605161998902,0.5085310269082921,1.111584294343767,0.42141405820977473,0.745502471169687,1.2731191652937948,44889.27155409116,1.985186052322387
-0.13025535420098833,-0.11702361339923084,0.2629873695771554,0.50886051619989,0.5285310269082921,1.101584294343767,0.43141405820977474,0.735502471169687,1.2731191652937948,44602.27155409116,1.989766073226928
-0.15025535420098834,-0.05702361339923079,0.2429873695771554,0.4788605161998902,0.5185310269082921,1.111584294343767,0.43141405820977474,0.725502471169687,1.2831191652937946,44687.27155409116,1.9937371730804436
-0.13025535420098833,-0.05702361339923079,0.2629873695771554,0.45886051619989016,0.5185310269082921,1.111584294343767,0.45141405820977476,0.715502471169687,1.2631191652937948,44658.27155409116,1.9967343330383294
-0.15025535420098834,-0.05702361339923079,0.2829873695771554,0.45886051619989016,0.4985310269082921,1.081584294343767,0.45141405820977476,0.755502471169687,1.2631191652937948,44493.27155409116,1.9977306842803983
-0.16025535420098835,-0.03702361339923077,0.2629873695771554,0.43886051619989014,0.5185310269082921,1.081584294343767,0.45141405820977476,0.755502471169687,1.2731191652937948,44386.27155409116,2.0017373085022
-0.15025535420098834,-0.05702361339923079,0.2429873695771554,0.4188605161998901,0.5385310269082921,1.071584294343767,0.46141405820977477,0.7655024711696871,1.2831191652937946,44475.27155409116,2.0056130409240716
-0.15025535420098834,-0.04702361339923078,0.2329873695771555,0.3788605161998902,0.5685310269082922,1.051584294343767,0.46141405820977477,0.7955024711696871,1.2631191652937948,44298.27155409116,2.009743642807006
-0.16025535420098835,0.002976386600769043,0.2429873695771554,0.3688605161998902,0.578531026908292,1.051584294343767,0.45141405820977476,0.7755024711696871,1.2531191652937947,44297.27155409116,2.0107590675353997
-0.16025535420098835,0.002976386600769043,0.2529873695771554,0.34886051619989017,0.5585310269082921,1.061584294343767,0.44141405820977475,0.8255024711696871,1.2331191652937947,44834.27155409116,2.0138461112976067
-0.20025535420098828,-0.017023613399230975,0.2829873695771554,0.32886051619989015,0.578531026908292,1.041584294343767,0.46141405820977477,0.8455024711696871,1.2431191652937947,44735.27155409116,2.0188362121582024
-0.15025535420098834,-0.017023613399230975,0.2729873695771554,0.31886051619989014,0.578531026908292,1.041584294343767,0.44141405820977475,0.8355024711696871,1.2331191652937947,44354.27155409116,2.0222870826721184
-0.20025535420098828,-0.017023613399230975,0.2729873695771554,0.33886051619989016,0.5685310269082922,1.031584294343767,0.4814140582097748,0.8355024711696871,1.2731191652937948,44527.27155409116,2.0222870826721184
-0.16025535420098835,-0.05702361339923079,0.2529873695771554,0.31886051619989014,0.5685310269082922,1.011584294343767,0.4714140582097748,0.8555024711696871,1.2631191652937948,44596.27155409116,2.0262934684753446
-0.17025535420098836,-0.027023613399230983,0.2729873695771554,0.2988605161998901,0.598531026908292,0.9715842943437673,0.46141405820977477,0.8455024711696871,1.2831191652937946,44409.27155409116,2.0302943706512444
-0.16025535420098835,-0.017023613399230975,0.22298736957715548,0.2888605161998901,0.578531026908292,0.9815842943437673,0.4714140582097748,0.8555024711696871,1.2731191652937948,44492.27155409116,2.0344683647155755
-0.14025535420098834,-0.027023613399230983,0.2529873695771554,0.2788605161998901,0.588531026908292,0.9515842943437672,0.4714140582097748,0.8755024711696869,1.3031191652937946,44603.27155409116,2.0344683647155755
-0.13025535420098833,-0.017023613399230975,0.2329873695771555,0.2688605161998901,0.5685310269082922,0.9515842943437672,0.4814140582097748,0.8755024711696869,1.2831191652937946,44400.27155409116,2.038209390640258
-0.14025535420098834,-0.017023613399230975,0.2629873695771554,0.2988605161998901,0.5685310269082922,0.9215842943437672,0.4914140582097748,0.8855024711696869,1.2831191652937946,44093.27155409116,2.0429312705993645
-0.15025535420098834,-0.03702361339923077,0.2329873695771555,0.2988605161998901,0.578531026908292,0.8915842943437672,0.4814140582097748,0.905502471169687,1.2831191652937946,44198.27155409116,2.0469257354736357
-0.14025535420098834,-0.03702361339923077,0.22298736957715548,0.2988605161998901,0.5685310269082922,0.9015842943437672,0.46141405820977477,0.905502471169687,1.3231191652937946,44373.27155409116,2.0474361896514885
-0.14025535420098834,-0.017023613399230975,0.21298736957715547,0.2888605161998901,0.5485310269082921,0.9015842943437672,0.4714140582097748,0.925502471169687,1.3131191652937946,44486.27155409116,2.0505108356475823
-0.12025535420098832,-0.017023613399230975,0.21298736957715547,0.2788605161998901,0.5585310269082921,0.8915842943437672,0.4714140582097748,0.915502471169687,1.3531191652937946,44331.27155409116,2.054510784149169
-0.11025535420098831,-0.027023613399230983,0.18298736957715545,0.23886051619989018,0.5485310269082921,0.8915842943437672,0.4914140582097748,0.915502471169687,1.3531191652937946,44122.27155409116,2.059491348266601
-0.1002553542009883,-0.05702361339923079,0.18298736957715545,0.22886051619989017,0.5585310269082921,0.8515842943437671,0.4914140582097748,0.905502471169687,1.3631191652937946,44661.27155409116,2.0624782562255817
-0.11025535420098831,-0.05702361339923079,0.18298736957715545,0.2488605161998902,0.5585310269082921,0.8515842943437671,0.4914140582097748,0.935502471169687,1.3731191652937946,44808.27155409116,2.0634905815124505
-0.13025535420098833,-0.0670236133992308,0.15298736957715542,0.20886051619989016,0.5685310269082922,0.8415842943437671,0.4914140582097748,0.945502471169687,1.3631191652937946,44855.27155409116,2.067518663406368
-0.13025535420098833,-0.0670236133992308,0.1429873695771554,0.19886051619989015,0.5485310269082921,0.8715842943437672,0.4914140582097748,0.945502471169687,1.3831191652937946,45040.27155409116,2.071452569961547
-0.16025535420098835,-0.08702361339923081,0.10298736957715549,0.20886051619989016,0.5485310269082921,0.8415842943437671,0.5114140582097748,0.935502471169687,1.3931191652937946,45465.27155409116,2.0755338191986077
-0.17025535420098836,-0.09702361339923082,0.1429873695771554,0.20886051619989016,0.5285310269082921,0.8315842943437671,0.5314140582097748,0.905502471169687,1.4431191652937947,45318.27155409116,2.0755338191986077
-0.18025535420098837,-0.10702361339923083,0.1329873695771554,0.18886051619989014,0.5385310269082921,0.7815842943437672,0.5314140582097748,0.935502471169687,1.3931191652937946,45657.27155409116,2.079525423049926
-0.19025535420098827,-0.10702361339923083,0.1429873695771554,0.19886051619989015,0.5385310269082921,0.7715842943437672,0.5314140582097748,0.935502471169687,1.4131191652937947,45986.27155409116,2.084525775909423
-0.20025535420098828,-0.12702361339923085,0.1429873695771554,0.22886051619989017,0.5085310269082921,0.7915842943437672,0.5614140582097749,0.925502471169687,1.4231191652937947,46057.27155409116,2.08759160041809
-0.17025535420098836,-0.14702361339923087,0.17298736957715544,0.20886051619989016,0.5185310269082921,0.7515842943437672,0.5714140582097749,0.935502471169687,1.4231191652937947,46584.27155409116,2.0885011672973626
-0.16025535420098835,-0.16702361339923089,0.1429873695771554,0.17886051619989013,0.5485310269082921,0.7115842943437671,0.5514140582097748,0.935502471169687,1.4531191652937947,47069.27155409116,2.091493082046508
-0.18025535420098837,-0.1770236133992309,0.11298736957715538,0.22886051619989017,0.4985310269082921,0.6715842943437672,0.5514140582097748,0.925502471169687,1.4431191652937947,46818.27155409116,2.095679712295528
-0.2102553542009883,-0.14702361339923087,0.1329873695771554,0.20886051619989016,0.4885310269082921,0.6515842943437672,0.5714140582097749,0.925502471169687,1.4431191652937947,47361.27155409116,2.0997900485992425
-0.16025535420098835,-0.1770236133992309,0.12298736957715539,0.18886051619989014,0.45853102690829206,0.6715842943437672,0.5714140582097749,0.925502471169687,1.4531191652937947,47352.27155409116,2.1008307456970208
-0.19025535420098827,-0.16702361339923089,0.1429873695771554,0.19886051619989015,0.46853102690829207,0.6515842943437672,0.5714140582097749,0.925502471169687,1.4631191652937947,47455.27155409116,2.103827190399169
-0.15025535420098834,-0.16702361339923089,0.1429873695771554,0.20886051619989016,0.44853102690829205,0.6615842943437672,0.5814140582097749,0.915502471169687,1.4731191652937947,48324.27155409116,2.107998323440551
-0.13025535420098833,-0.21702361339923093,0.16298736957715543,0.16886051619989012,0.46853102690829207,0.6415842943437672,0.5714140582097749,0.925502471169687,1.4731191652937947,47907.27155409116,2.1119970798492425
-0.15025535420098834,-0.1870236133992309,0.1329873695771554,0.17886051619989013,0.43853102690829204,0.6415842943437672,0.5714140582097749,0.925502471169687,1.4831191652937947,47916.27155409116,2.1119970798492425
-0.15025535420098834,-0.1970236133992309,0.16298736957715543,0.1488605161998901,0.43853102690829204,0.6315842943437672,0.5714140582097749,0.935502471169687,1.4831191652937947,48459.27155409116,2.1160380363464384
-0.16025535420098835,-0.1970236133992309,0.15298736957715542,0.1588605161998901,0.44853102690829205,0.6415842943437672,0.5714140582097749,0.925502471169687,1.4931191652937947,48344.27155409116,2.1202470779418903
-0.20025535420098828,-0.21702361339923093,0.15298736957715542,0.16886051619989012,0.42853102690829203,0.6415842943437672,0.5714140582097749,0.925502471169687,1.5031191652937947,48819.27155409116,2.1254219532012897
-0.15025535420098834,-0.21702361339923093,0.15298736957715542,0.1588605161998901,0.398531026908292,0.6715842943437672,0.5814140582097749,0.925502471169687,1.5031191652937947,49022.27155409116,2.1254219532012897
-0.19025535420098827,-0.21702361339923093,0.1329873695771554,0.1388605161998901,0.388531026908292,0.6815842943437671,0.5714140582097749,0.935502471169687,1.5031191652937947,48953.27155409116,2.1286475181579583
-0.2102553542009883,-0.20702361339923092,0.1429873695771554,0.1488605161998901,0.378531026908292,0.6515842943437672,0.5714140582097749,0.935502471169687,1.5131191652937948,49128.27155409116,2.1330220222473137
-0.20025535420098828,-0.21702361339923093,0.16298736957715543,0.1488605161998901,0.33853102690829195,0.6715842943437672,0.5914140582097749,0.935502471169687,1.5031191652937947,49123.27155409116,2.137069416046142
-0.17025535420098836,-0.23702361339923084,0.15298736957715542,0.16886051619989012,0.32853102690829195,0.6515842943437672,0.5914140582097749,0.925502471169687,1.4831191652937947,49462.27155409116,2.140948009490966
-0.16025535420098835,-0.25702361339923085,0.18298736957715545,0.11886051619989019,0.33853102690829195,0.6015842943437671,0.6014140582097749,0.935502471169687,1.4831191652937947,49489.27155409116,2.1420013427734403
-0.16025535420098835,-0.2770236133992309,0.15298736957715542,0.1388605161998901,0.32853102690829195,0.5815842943437671,0.6314140582097749,0.935502471169687,1.4631191652937947,49392.27155409116,2.1457058906555204
-0.15025535420098834,-0.26702361339923086,0.1329873695771554,0.1288605161998902,0.33853102690829195,0.5815842943437671,0.6214140582097749,0.945502471169687,1.4731191652937947,49621.27155409116,2.148992252349853
-0.14025535420098834,-0.2870236133992309,0.15298736957715542,0.11886051619989019,0.33853102690829195,0.5615842943437671,0.6314140582097749,0.945502471169687,1.4631191652937947,49854.27155409116,2.153108072280883
-0.14025535420098834,-0.25702361339923085,0.1429873695771554,0.09886051619989017,0.32853102690829195,0.5715842943437671,0.6214140582097749,0.945502471169687,1.4631191652937947,50163.27155409116,2.153108072280883
-0.12025535420098832,-0.26702361339923086,0.1329873695771554,0.06886051619989014,0.33853102690829195,0.5115842943437672,0.6114140582097749,0.955502471169687,1.4731191652937947,49848.27155409116,2.1572517871856682
-0.12025535420098832,-0.26702361339923086,0.15298736957715542,0.07886051619989015,0.30853102690829215,0.47158429434376714,0.5914140582097749,0.945502471169687,1.4931191652937947,49089.27155409116,2.1613182544708245
-0.13025535420098833,-0.25702361339923085,0.12298736957715539,0.09886051619989017,0.29853102690829214,0.5215842943437672,0.6114140582097749,0.925502471169687,1.5231191652937948,49084.27155409116,2.1655828475952106
-0.12025535420098832,-0.26702361339923086,0.1329873695771554,0.08886051619989016,0.2685310269082921,0.5215842943437672,0.6114140582097749,0.925502471169687,1.5231191652937948,48943.27155409116,2.1655828475952106
-0.14025535420098834,-0.26702361339923086,0.1429873695771554,0.09886051619989017,0.2785310269082921,0.48158429434376715,0.6114140582097749,0.915502471169687,1.5231191652937948,48490.27155409116,2.169581604003902
-0.13025535420098833,-0.24702361339923085,0.1329873695771554,0.08886051619989016,0.2585310269082921,0.5115842943437672,0.5814140582097749,0.925502471169687,1.5431191652937946,48349.27155409116,2.173524332046508
-0.12025535420098832,-0.25702361339923085,0.1429873695771554,0.058860516199890134,0.2585310269082921,0.5015842943437672,0.5814140582097749,0.925502471169687,1.5431191652937946,47680.27155409116,2.177673053741451
-0.14025535420098834,-0.22702361339923083,0.16298736957715543,0.08886051619989016,0.2485310269082921,0.5115842943437672,0.6014140582097749,0.905502471169687,1.5331191652937946,46891.27155409116,2.1786946773529046
-0.14025535420098834,-0.25702361339923085,0.17298736957715544,0.07886051619989015,0.22853102690829208,0.49158429434376716,0.6114140582097749,0.925502471169687,1.5231191652937948,46614.27155409116,2.1820826053619378
-0.12025535420098832,-0.22702361339923083,0.18298736957715545,0.08886051619989016,0.22853102690829208,0.5115842943437672,0.6114140582097749,0.915502471169687,1.5231191652937948,46289.27155409116,2.186125469207763
-0.11025535420098831,-0.23702361339923084,0.16298736957715543,0.08886051619989016,0.22853102690829208,0.5015842943437672,0.6314140582097749,0.905502471169687,1.5231191652937948,45864.27155409116,2.1903454780578606
-0.11025535420098831,-0.21702361339923093,0.17298736957715544,0.07886051619989015,0.22853102690829208,0.49158429434376716,0.6514140582097749,0.905502471169687,1.5031191652937947,45155.27155409116,2.1912807941436796
-0.11025535420098831,-0.21702361339923093,0.18298736957715545,0.09886051619989017,0.22853102690829208,0.48158429434376715,0.6714140582097747,0.895502471169687,1.4931191652937947,43520.27155409116,2.1942679405212395
-0.12025535420098832,-0.1970236133992309,0.19298736957715545,0.09886051619989017,0.22853102690829208,0.5015842943437672,0.6614140582097747,0.895502471169687,1.5131191652937948,43297.27155409116,2.198932600021358
-0.12025535420098832,-0.21702361339923093,0.19298736957715545,0.07886051619989015,0.22853102690829208,0.49158429434376716,0.6714140582097747,0.8755024711696869,1.5231191652937948,43836.27155409116,2.202268075942996
-0.11025535420098831,-0.24702361339923085,0.20298736957715546,0.058860516199890134,0.22853102690829208,0.49158429434376716,0.6614140582097747,0.8855024711696869,1.5231191652937948,43603.27155409116,2.2032711029052763
-0.1002553542009883,-0.22702361339923083,0.22298736957715548,0.07886051619989015,0.2385310269082921,0.5015842943437672,0.6614140582097747,0.8755024711696869,1.5231191652937948,43210.27155409116,2.207318258285518
-0.12025535420098832,-0.1970236133992309,0.21298736957715547,0.06886051619989014,0.2385310269082921,0.5015842943437672,0.6614140582097747,0.8855024711696869,1.5231191652937948,43407.27155409116,2.211099815368648
-0.12025535420098832,-0.22702361339923083,0.20298736957715546,0.048860516199890125,0.2485310269082921,0.49158429434376716,0.6514140582097749,0.8855024711696869,1.5331191652937946,43490.27155409116,2.2149614810943596
-0.14025535420098834,-0.20702361339923092,0.19298736957715545,0.048860516199890125,0.22853102690829208,0.46158429434376713,0.6414140582097749,0.8755024711696869,1.5531191652937946,42413.27155409116,2.215997648239135
-0.12025535420098832,-0.1970236133992309,0.20298736957715546,0.018860516199890154,0.2385310269082921,0.48158429434376715,0.6414140582097749,0.8755024711696869,1.5531191652937946,42600.27155409116,2.2188467502593987
-0.12025535420098832,-0.22702361339923083,0.18298736957715545,0.008860516199890145,0.22853102690829208,0.48158429434376715,0.6614140582097747,0.8655024711696869,1.5431191652937946,42639.27155409116,2.223889541625976
-0.12025535420098832,-0.20702361339923092,0.18298736957715545,0.008860516199890145,0.21853102690829207,0.48158429434376715,0.6614140582097747,0.8455024711696871,1.5431191652937946,42280.27155409116,2.227228116989135
-0.14025535420098834,-0.21702361339923093,0.19298736957715545,-0.001139483800109864,0.21853102690829207,0.47158429434376714,0.6714140582097747,0.8355024711696871,1.5331191652937946,41927.27155409116,2.231244039535518
-0.16025535420098835,-0.21702361339923093,0.20298736957715546,-0.031139483800109835,0.20853102690829206,0.46158429434376713,0.6714140582097747,0.8255024711696871,1.5331191652937946,41366.27155409116,2.231244039535518
-0.15025535420098834,-0.22702361339923083,0.21298736957715547,0.018860516199890154,0.21853102690829207,0.4215842943437672,0.6914140582097748,0.8155024711696871,1.5331191652937946,41549.27155409116,2.235250186920169
-0.16025535420098835,-0.22702361339923083,0.19298736957715545,0.008860516199890145,0.19853102690829205,0.4415842943437671,0.6814140582097747,0.8155024711696871,1.5331191652937946,42136.27155409116,2.2393047332763665
-0.17025535420098836,-0.25702361339923085,0.21298736957715547,-0.011139483800109873,0.20853102690829206,0.4215842943437672,0.7014140582097748,0.7855024711696871,1.5431191652937946,41653.27155409116,2.2433561801910393
-0.18025535420098837,-0.26702361339923086,0.19298736957715545,-0.02113948380010988,0.21853102690829207,0.4315842943437671,0.6714140582097747,0.7855024711696871,1.5531191652937946,41292.27155409116,2.2443177223205595
-0.20025535420098828,-0.25702361339923085,0.17298736957715544,-0.05113948380010985,0.21853102690829207,0.4515842943437671,0.6614140582097747,0.7755024711696871,1.5431191652937946,41029.27155409116,2.24628300666809
-0.20025535420098828,-0.2770236133992309,0.16298736957715543,-0.02113948380010988,0.21853102690829207,0.4315842943437671,0.6714140582097747,0.7655024711696871,1.5331191652937946,40356.27155409116,2.2512890815734856
-0.16025535420098835,-0.2870236133992309,0.15298736957715542,-0.031139483800109835,0.21853102690829207,0.4215842943437672,0.6514140582097749,0.7755024711696871,1.5431191652937946,39259.27155409116,2.255304288864135
-0.19025535420098827,-0.2770236133992309,0.17298736957715544,-0.05113948380010985,0.20853102690829206,0.48158429434376715,0.6314140582097749,0.7755024711696871,1.5531191652937946,38620.27155409116,2.2563008785247796
-0.16025535420098835,-0.25702361339923085,0.19298736957715545,-0.041139483800109844,0.22853102690829208,0.47158429434376714,0.6214140582097749,0.7755024711696871,1.5531191652937946,38449.27155409116,2.259304237365722
-0.17025535420098836,-0.25702361339923085,0.19298736957715545,-0.07113948380010987,0.21853102690829207,0.48158429434376715,0.6214140582097749,0.7955024711696871,1.5231191652937948,37852.27155409116,2.26430697441101
-0.17025535420098836,-0.26702361339923086,0.16298736957715543,-0.041139483800109844,0.2485310269082921,0.46158429434376713,0.5814140582097749,0.7855024711696871,1.5431191652937946,37363.27155409116,2.268702697753902
-0.19025535420098827,-0.26702361339923086,0.16298736957715543,-0.031139483800109835,0.2485310269082921,0.4515842943437671,0.5814140582097749,0.7655024711696871,1.5431191652937946,36728.27155409116,2.268702697753902
-0.20025535420098828,-0.2770236133992309,0.17298736957715544,-0.08113948380010988,0.2485310269082921,0.46158429434376713,0.5714140582097749,0.7655024711696871,1.5431191652937946,36129.27155409116,2.271703672409057
-0.19025535420098827,-0.2870236133992309,0.17298736957715544,-0.06113948380010986,0.22853102690829208,0.4515842943437671,0.5614140582097749,0.7755024711696871,1.5331191652937946,35782.27155409116,2.276744079589843
-0.2102553542009883,-0.25702361339923085,0.16298736957715543,-0.07113948380010987,0.2485310269082921,0.48158429434376715,0.5214140582097748,0.7755024711696871,1.5331191652937946,35537.27155409116,2.280110311508178
-0.20025535420098828,-0.26702361339923086,0.16298736957715543,-0.041139483800109844,0.2385310269082921,0.47158429434376714,0.5114140582097748,0.7855024711696871,1.5331191652937946,35142.27155409116,2.2811412334442096
-0.19025535420098827,-0.26702361339923086,0.17298736957715544,-0.031139483800109835,0.22853102690829208,0.47158429434376714,0.4914140582097748,0.745502471169687,1.5431191652937946,34415.27155409116,2.2844523906707757
-0.18025535420098837,-0.2770236133992309,0.17298736957715544,-0.031139483800109835,0.22853102690829208,0.47158429434376714,0.5014140582097748,0.7655024711696871,1.5331191652937946,34278.27155409116,2.2885047912597685
-0.2102553542009883,-0.24702361339923085,0.15298736957715542,-0.031139483800109835,0.22853102690829208,0.4415842943437671,0.4814140582097748,0.7755024711696871,1.4931191652937947,34037.27155409116,2.292806577682491
-0.2202553542009883,-0.25702361339923085,0.16298736957715543,-0.07113948380010987,0.2485310269082921,0.4515842943437671,0.4714140582097748,0.7655024711696871,1.4831191652937947,33242.27155409116,2.2936944484710686
-0.19025535420098827,-0.23702361339923084,0.1429873695771554,-0.06113948380010986,0.2385310269082921,0.48158429434376715,0.43141405820977474,0.7755024711696871,1.4931191652937947,32705.27155409116,2.296732139587398
-0.2302553542009883,-0.1970236133992309,0.1329873695771554,-0.041139483800109844,0.2385310269082921,0.46158429434376713,0.42141405820977473,0.7755024711696871,1.4731191652937947,32694.27155409116,2.3003820896148675
-0.17025535420098836,-0.24702361339923085,0.1429873695771554,-0.05113948380010985,0.2485310269082921,0.46158429434376713,0.4114140582097747,0.7755024711696871,1.4531191652937947,32063.27155409116,2.3055231094360344
-0.19025535420098827,-0.25702361339923085,0.16298736957715543,-0.05113948380010985,0.2485310269082921,0.47158429434376714,0.39141405820977493,0.7655024711696871,1.4431191652937947,31978.27155409116,2.30889983177185
-0.17025535420098836,-0.25702361339923085,0.1429873695771554,-0.031139483800109835,0.2385310269082921,0.4415842943437671,0.39141405820977493,0.7655024711696871,1.4131191652937947,32193.27155409116,2.3100435256958
-0.2302553542009883,-0.26702361339923086,0.1329873695771554,-0.05113948380010985,0.22853102690829208,0.4515842943437671,0.39141405820977493,0.755502471169687,1.4031191652937947,31650.27155409116,2.3130840778350823
-0.2402553542009883,-0.23702361339923084,0.12298736957715539,-0.06113948380010986,0.22853102690829208,0.46158429434376713,0.3814140582097749,0.745502471169687,1.4231191652937947,31455.27155409116,2.3180565357208245
-0.2302553542009883,-0.24702361339923085,0.1329873695771554,-0.07113948380010987,0.2385310269082921,0.4515842943437671,0.3814140582097749,0.7655024711696871,1.3831191652937946,30826.27155409116,2.321043920516967
-0.2202553542009883,-0.21702361339923093,0.1329873695771554,-0.08113948380010988,0.2385310269082921,0.47158429434376714,0.3714140582097749,0.735502471169687,1.3831191652937946,30825.27155409116,2.321043920516967
-0.2502553542009883,-0.24702361339923085,0.10298736957715549,-0.09113948380010983,0.2485310269082921,0.47158429434376714,0.3514140582097749,0.745502471169687,1.3631191652937946,30960.27155409116,2.32605690956116
-0.29025535420098836,-0.26702361339923086,0.09298736957715548,-0.08113948380010988,0.2385310269082921,0.4515842943437671,0.3414140582097749,0.7655024711696871,1.3731191652937946,30933.27155409116,2.3300148963928216
-0.2402553542009883,-0.24702361339923085,0.08298736957715547,-0.09113948380010983,0.22853102690829208,0.46158429434376713,0.31141405820977486,0.735502471169687,1.3931191652937946,30498.27155409116,2.333646249771121
-0.2402553542009883,-0.20702361339923092,0.07298736957715546,-0.08113948380010988,0.2585310269082921,0.4215842943437672,0.30141405820977485,0.745502471169687,1.3731191652937946,30761.27155409116,2.3347048282623284
-0.2502553542009883,-0.23702361339923084,0.10298736957715549,-0.09113948380010983,0.2385310269082921,0.46158429434376713,0.30141405820977485,0.735502471169687,1.3631191652937946,30560.27155409116,2.337978792190551
-0.28025535420098835,-0.1870236133992309,0.1429873695771554,-0.10113948380010984,0.2385310269082921,0.4515842943437671,0.28141405820977483,0.725502471169687,1.3631191652937946,30341.27155409116,2.341770124435424
-0.2502553542009883,-0.1770236133992309,0.09298736957715548,-0.07113948380010987,0.22853102690829208,0.46158429434376713,0.28141405820977483,0.735502471169687,1.3531191652937946,30260.27155409116,2.3460015773773186
-0.2502553542009883,-0.1770236133992309,0.1429873695771554,-0.10113948380010984,0.2485310269082921,0.47158429434376714,0.2714140582097748,0.725502471169687,1.3431191652937946,29629.27155409116,2.3470050811767607
-0.2302553542009883,-0.1770236133992309,0.1329873695771554,-0.08113948380010988,0.2385310269082921,0.47158429434376714,0.2614140582097748,0.745502471169687,1.3131191652937946,29416.27155409116,2.35059208869934
-0.26025535420098833,-0.16702361339923089,0.15298736957715542,-0.08113948380010988,0.2385310269082921,0.4515842943437671,0.2714140582097748,0.715502471169687,1.3131191652937946,29623.27155409116,2.3535925865173297
-0.27025535420098834,-0.1970236133992309,0.16298736957715543,-0.10113948380010984,0.2585310269082921,0.4515842943437671,0.28141405820977483,0.705502471169687,1.3031191652937946,30016.27155409116,2.3585927009582477
-0.2502553542009883,-0.16702361339923089,0.11298736957715538,-0.06113948380010986,0.2485310269082921,0.4415842943437671,0.2714140582097748,0.705502471169687,1.2831191652937946,29751.27155409116,2.3585927009582477
-0.2502553542009883,-0.1770236133992309,0.11298736957715538,-0.08113948380010988,0.2685310269082921,0.4215842943437672,0.2514140582097748,0.685502471169687,1.3031191652937946,29742.27155409116,2.36210651397705
-0.2402553542009883,-0.13702361339923086,0.11298736957715538,-0.09113948380010983,0.2785310269082921,0.38158429434376717,0.2714140582097748,0.685502471169687,1.2731191652937948,30215.27155409116,2.3661999225616483
-0.2402553542009883,-0.12702361339923085,0.11298736957715538,-0.09113948380010983,0.2685310269082921,0.4115842943437672,0.2414140582097748,0.695502471169687,1.2631191652937948,30498.27155409116,2.3707642078399687
-0.2302553542009883,-0.15702361339923088,0.10298736957715549,-0.10113948380010984,0.2585310269082921,0.4115842943437672,0.2714140582097748,0.695502471169687,1.2031191652937947,30495.27155409116,2.3717815399169915
-0.2402553542009883,-0.16702361339923089,0.09298736957715548,-0.11113948380010985,0.2685310269082921,0.4315842943437671,0.2514140582097748,0.705502471169687,1.2131191652937947,30814.27155409116,2.374271583557128
-0.2302553542009883,-0.1770236133992309,0.10298736957715549,-0.12113948380010986,0.2785310269082921,0.4315842943437671,0.2414140582097748,0.715502471169687,1.1831191652937947,30407.27155409116,2.3782536506652825
-0.2202553542009883,-0.1770236133992309,0.07298736957715546,-0.10113948380010984,0.2685310269082921,0.4215842943437672,0.28141405820977483,0.685502471169687,1.1731191652937947,30620.27155409116,2.3832559108734124
-0.2202553542009883,-0.15702361339923088,0.07298736957715546,-0.10113948380010984,0.2785310269082921,0.4115842943437672,0.2714140582097748,0.685502471169687,1.1331191652937946,30085.27155409116,2.3862561702728264
-0.20025535420098828,-0.1770236133992309,0.09298736957715548,-0.09113948380010983,0.28853102690829213,0.4215842943437672,0.28141405820977483,0.6355024711696869,1.1431191652937946,29912.27155409116,2.3872475147247307
-0.17025535420098836,-0.1870236133992309,0.08298736957715547,-0.12113948380010986,0.2685310269082921,0.37158429434376716,0.2714140582097748,0.655502471169687,1.1031191652937946,30695.27155409116,2.3904609203338616
-0.16025535420098835,-0.1970236133992309,0.06298736957715545,-0.10113948380010984,0.2785310269082921,0.38158429434376717,0.31141405820977486,0.655502471169687,1.0731191652937946,30532.27155409116,2.3947233676910393
-0.12025535420098832,-0.20702361339923092,0.06298736957715545,-0.10113948380010984,0.2785310269082921,0.37158429434376716,0.32141405820977487,0.5755024711696871,1.0931191652937946,30493.27155409116,2.3987714767456048
-0.12025535420098832,-0.1970236133992309,0.07298736957715546,-0.11113948380010985,0.2685310269082921,0.36158429434376715,0.31141405820977486,0.6055024711696871,1.0831191652937946,30920.27155409116,2.3997473239898675
-0.14025535420098834,-0.1770236133992309,0.04298736957715543,-0.10113948380010984,0.2685310269082921,0.3315842943437671,0.30141405820977485,0.5655024711696871,1.0931191652937946,30565.27155409116,2.4037713527679436
-0.12025535420098832,-0.22702361339923083,0.04298736957715543,-0.08113948380010988,0.2685310269082921,0.3215842943437671,0.30141405820977485,0.5555024711696871,1.1031191652937946,30438.27155409116,2.4067713737487786
-0.14025535420098834,-0.21702361339923093,0.03298736957715542,-0.08113948380010988,0.2785310269082921,0.3315842943437671,0.30141405820977485,0.5555024711696871,1.0331191652937946,31099.27155409116,2.411747884750369
-0.14025535420098834,-0.21702361339923093,0.022987369577155414,-0.12113948380010986,0.28853102690829213,0.3115842943437671,0.31141405820977486,0.5455024711696871,1.0531191652937946,31132.27155409116,2.411747884750369
-0.11025535420098831,-0.21702361339923093,0.012987369577155405,-0.08113948380010988,0.2685310269082921,0.3115842943437671,0.30141405820977485,0.505502471169687,1.0631191652937946,30799.27155409116,2.415771913528438
-0.1002553542009883,-0.21702361339923093,0.04298736957715543,-0.08113948380010988,0.2485310269082921,0.2815842943437671,0.30141405820977485,0.5155024711696871,1.0631191652937946,31328.27155409116,2.4197830677032464
-0.11025535420098831,-0.23702361339923084,0.022987369577155414,-0.06113948380010986,0.2585310269082921,0.2815842943437671,0.30141405820977485,0.505502471169687,1.0131191652937948,31435.27155409116,2.423662376403808
-0.13025535420098833,-0.23702361339923084,0.012987369577155405,-0.06113948380010986,0.2585310269082921,0.2815842943437671,0.2714140582097748,0.49550247116968704,1.0431191652937946,31240.27155409116,2.424881172180175
-0.12025535420098832,-0.25702361339923085,0.022987369577155414,-0.11113948380010985,0.2785310269082921,0.2815842943437671,0.28141405820977483,0.475502471169687,1.0431191652937946,31461.27155409116,2.4277181148529046
-0.12025535420098832,-0.24702361339923085,-0.01701263042284451,-0.09113948380010983,0.28853102690829213,0.2815842943437671,0.28141405820977483,0.48550247116968703,1.0431191652937946,31484.27155409116,2.432743024826049
-0.15025535420098834,-0.21702361339923093,-0.007012630422844612,-0.09113948380010983,0.29853102690829214,0.23158429434376712,0.2614140582097748,0.465502471169687,1.0331191652937946,31307.27155409116,2.43650574684143
-0.12025535420098832,-0.25702361339923085,-0.03701263042284453,-0.09113948380010983,0.2785310269082921,0.2615842943437672,0.2714140582097748,0.465502471169687,0.9931191652937947,31388.27155409116,2.43650574684143
-0.12025535420098832,-0.23702361339923084,-0.02701263042284452,-0.07113948380010987,0.29853102690829214,0.2815842943437671,0.2614140582097748,0.435502471169687,0.9931191652937947,31807.27155409116,2.440743160247802
-0.1002553542009883,-0.22702361339923083,0.012987369577155405,-0.09113948380010983,0.30853102690829215,0.23158429434376712,0.2314140582097748,0.445502471169687,0.9831191652937947,32340.27155409116,2.4437019348144524
-0.1002553542009883,-0.24702361339923085,-0.02701263042284452,-0.12113948380010986,0.30853102690829215,0.23158429434376712,0.2414140582097748,0.445502471169687,0.9631191652937947,32107.27155409116,2.447715234756469
-0.15025535420098834,-0.23702361339923084,-0.01701263042284451,-0.10113948380010984,0.32853102690829195,0.23158429434376712,0.22141405820977478,0.425502471169687,0.9431191652937947,31908.27155409116,2.4518305778503446
-0.16025535420098835,-0.23702361339923084,0.012987369577155405,-0.12113948380010986,0.30853102690829215,0.2215842943437671,0.2414140582097748,0.38550247116968694,0.9431191652937947,31957.27155409116,2.4518305778503446
-0.11025535420098831,-0.23702361339923084,0.0029873695771553965,-0.09113948380010983,0.29853102690829214,0.25158429434376717,0.22141405820977478,0.37550247116968694,0.9531191652937947,32470.27155409116,2.455828619003295
-0.16025535420098835,-0.21702361339923093,0.022987369577155414,-0.11113948380010985,0.31853102690829216,0.2215842943437671,0.21141405820977488,0.37550247116968694,0.9431191652937947,32463.27155409116,2.4602591514587395
-0.15025535420098834,-0.22702361339923083,0.04298736957715543,-0.12113948380010986,0.30853102690829215,0.20158429434376715,0.19141405820977486,0.3655024711696869,0.9331191652937947,32722.27155409116,2.464472007751464
-0.13025535420098833,-0.22702361339923083,0.012987369577155405,-0.14113948380010988,0.33853102690829195,0.19158429434376714,0.21141405820977488,0.3355024711696871,0.9231191652937947,32793.27155409116,2.464472007751464
-0.12025535420098832,-0.22702361339923083,0.03298736957715542,-0.18113948380010986,0.31853102690829216,0.18158429434376713,0.21141405820977488,0.35550247116968714,0.9231191652937947,32946.27155409116,2.46883578300476
-0.14025535420098834,-0.23702361339923084,0.04298736957715543,-0.16113948380010984,0.30853102690829215,0.2115842943437671,0.20141405820977487,0.37550247116968694,0.8931191652937946,32887.27155409116,2.4726652622222893
-0.13025535420098833,-0.24702361339923085,0.04298736957715543,-0.16113948380010984,0.31853102690829216,0.20158429434376715,0.15141405820977483,0.3655024711696869,0.8931191652937946,33280.27155409116,2.47666521072388
-0.12025535420098832,-0.21702361339923093,0.04298736957715543,-0.15113948380010983,0.31853102690829216,0.2115842943437671,0.19141405820977486,0.3655024711696869,0.8931191652937946,33467.27155409116,2.477664899826049
-0.1002553542009883,-0.22702361339923083,0.06298736957715545,-0.14113948380010988,0.30853102690829215,0.2115842943437671,0.1314140582097748,0.39550247116968695,0.8531191652937946,33032.27155409116,2.4809455394744866
-0.14025535420098834,-0.1970236133992309,0.04298736957715543,-0.14113948380010988,0.29853102690829214,0.2215842943437671,0.1214140582097748,0.40550247116968696,0.8631191652937946,33429.27155409116,2.4849760055541985
-0.14025535420098834,-0.1970236133992309,0.04298736957715543,-0.13113948380010987,0.32853102690829195,0.2215842943437671,0.1314140582097748,0.38550247116968694,0.8731191652937946,33724.27155409116,2.489564609527587
-0.17025535420098836,-0.1770236133992309,0.022987369577155414,-0.11113948380010985,0.30853102690829215,0.20158429434376715,0.07141405820977487,0.35550247116968714,0.8631191652937946,33857.27155409116,2.489564609527587
-0.13025535420098833,-0.23702361339923084,0.04298736957715543,-0.11113948380010985,0.31853102690829216,0.20158429434376715,0.08141405820977488,0.3355024711696871,0.8731191652937946,34012.27155409116,2.4935745716094964
-0.15025535420098834,-0.21702361339923093,0.012987369577155405,-0.08113948380010988,0.29853102690829214,0.23158429434376712,0.07141405820977487,0.3655024711696869,0.8531191652937946,34211.27155409116,2.49756474494934
-0.13025535420098833,-0.22702361339923083,0.022987369577155414,-0.12113948380010986,0.33853102690829195,0.20158429434376715,0.05141405820977485,0.39550247116968695,0.8331191652937947,33784.27155409116,2.501564455032348
-0.14025535420098834,-0.1970236133992309,0.04298736957715543,-0.10113948380010984,0.32853102690829195,0.20158429434376715,0.03141405820977483,0.38550247116968694,0.8231191652937947,33735.27155409116,2.501564455032348
-0.11025535420098831,-0.21702361339923093,-0.007012630422844612,-0.12113948380010986,0.30853102690829215,0.2215842943437671,0.03141405820977483,0.37550247116968694,0.8331191652937947,33358.27155409116,2.505564880371093
-0.12025535420098832,-0.21702361339923093,0.0029873695771553965,-0.10113948380010984,0.31853102690829216,0.25158429434376717,0.03141405820977483,0.35550247116968714,0.8331191652937947,33549.27155409116,2.509323549270629
-0.14025535420098834,-0.20702361339923092,0.0029873695771553965,-0.11113948380010985,0.31853102690829216,0.2115842943437671,0.021414058209774822,0.34550247116968713,0.8331191652937947,33604.27155409116,2.5136439323425286
-0.13025535420098833,-0.20702361339923092,0.022987369577155414,-0.12113948380010986,0.31853102690829216,0.20158429434376715,0.04141405820977484,0.3255024711696871,0.8231191652937947,33813.27155409116,2.5136439323425286
-0.12025535420098832,-0.1870236133992309,0.04298736957715543,-0.13113948380010987,0.31853102690829216,0.20158429434376715,0.05141405820977485,0.3255024711696871,0.8531191652937946,33764.27155409116,2.518734169006347
-0.12025535420098832,-0.20702361339923092,0.03298736957715542,-0.14113948380010988,0.31853102690829216,0.20158429434376715,0.04141405820977484,0.34550247116968713,0.8431191652937946,33469.27155409116,2.52173466682434
-0.12025535420098832,-0.20702361339923092,0.04298736957715543,-0.12113948380010986,0.31853102690829216,0.20158429434376715,0.05141405820977485,0.3155024711696871,0.8331191652937947,33424.27155409116,2.5268392086029046
-0.13025535420098833,-0.20702361339923092,0.03298736957715542,-0.16113948380010984,0.32853102690829195,0.20158429434376715,0.03141405820977483,0.35550247116968714,0.8231191652937947,33605.27155409116,2.530467224121093
-0.14025535420098834,-0.1970236133992309,-0.007012630422844612,-0.17113948380010985,0.32853102690829195,0.20158429434376715,0.0014140582097748045,0.3355024711696871,0.8231191652937947,33330.27155409116,2.530467224121093
-0.15025535420098834,-0.20702361339923092,0.012987369577155405,-0.15113948380010983,0.32853102690829195,0.20158429434376715,0.0014140582097748045,0.3355024711696871,0.8431191652937946,34015.27155409116,2.5338460922241204
-0.15025535420098834,-0.1970236133992309,0.03298736957715542,-0.15113948380010983,0.32853102690829195,0.20158429434376715,-0.008585941790225204,0.3155024711696871,0.8331191652937947,34148.27155409116,2.538901281356811
-0.14025535420098834,-0.1770236133992309,0.04298736957715543,-0.14113948380010988,0.30853102690829215,0.20158429434376715,0.021414058209774822,0.3155024711696871,0.8131191652937947,33763.27155409116,2.54233808517456
-0.12025535420098832,-0.20702361339923092,0.022987369577155414,-0.12113948380010986,0.31853102690829216,0.20158429434376715,-0.018585941790225213,0.2955024711696871,0.8331191652937947,33596.27155409116,2.5433892726898186
-0.11025535420098831,-0.1970236133992309,0.012987369577155405,-0.13113948380010987,0.32853102690829195,0.20158429434376715,-0.008585941790225204,0.3055024711696871,0.8431191652937946,33517.27155409116,2.5463950157165556
-0.13025535420098833,-0.20702361339923092,-0.007012630422844612,-0.13113948380010987,0.31853102690829216,0.19158429434376714,0.021414058209774822,0.3055024711696871,0.8131191652937947,33834.27155409116,2.5506736755371087
-0.15025535420098834,-0.20702361339923092,0.0029873695771553965,-0.14113948380010988,0.32853102690829195,0.17158429434376712,-0.008585941790225204,0.2955024711696871,0.8131191652937947,33613.27155409116,2.5549239635467558
-0.15025535420098834,-0.1870236133992309,0.022987369577155414,-0.15113948380010983,0.31853102690829216,0.2115842943437671,0.04141405820977484,0.27550247116968707,0.8231191652937947,33300.27155409116,2.5549239635467558
-0.12025535420098832,-0.1970236133992309,-0.007012630422844612,-0.15113948380010983,0.31853102690829216,0.19158429434376714,0.021414058209774822,0.2855024711696871,0.8531191652937946,33061.27155409116,2.5585422039031975
-0.15025535420098834,-0.1770236133992309,-0.007012630422844612,-0.12113948380010986,0.31853102690829216,0.19158429434376714,0.011414058209774813,0.2955024711696871,0.8431191652937946,33026.27155409116,2.5625752925872796
-0.12025535420098832,-0.1870236133992309,0.0029873695771553965,-0.17113948380010985,0.32853102690829195,0.19158429434376714,0.0014140582097748045,0.25550247116968705,0.8331191652937947,32819.27155409116,2.566571426391601
-0.13025535420098833,-0.1970236133992309,-0.007012630422844612,-0.15113948380010983,0.32853102690829195,0.19158429434376714,0.0014140582097748045,0.2855024711696871,0.8331191652937947,32716.27155409116,2.567572307586669
-0.12025535420098832,-0.1770236133992309,0.0029873695771553965,-0.14113948380010988,0.32853102690829195,0.18158429434376713,-0.018585941790225213,0.2855024711696871,0.8431191652937946,32827.27155409116,2.571572494506839
-0.12025535420098832,-0.1770236133992309,0.022987369577155414,-0.13113948380010987,0.29853102690829214,0.2115842943437671,0.021414058209774822,0.25550247116968705,0.8431191652937946,33038.27155409116,2.574806880950927
-0.14025535420098834,-0.1770236133992309,0.0029873695771553965,-0.13113948380010987,0.31853102690829216,0.19158429434376714,0.04141405820977484,0.27550247116968707,0.8331191652937947,32901.27155409116,2.57993574142456
-0.13025535420098833,-0.1770236133992309,0.012987369577155405,-0.16113948380010984,0.31853102690829216,0.18158429434376713,0.021414058209774822,0.26550247116968706,0.8331191652937947,32524.27155409116,2.57993574142456
-0.14025535420098834,-0.1870236133992309,0.022987369577155414,-0.16113948380010984,0.32853102690829195,0.18158429434376713,-0.008585941790225204,0.27550247116968707,0.8431191652937946,32507.27155409116,2.582987976074218
-0.15025535420098834,-0.16702361339923089,0.012987369577155405,-0.17113948380010985,0.32853102690829195,0.19158429434376714,0.0014140582097748045,0.26550247116968706,0.8431191652937946,32492.27155409116,2.5877780437469475
-0.15025535420098834,-0.1970236133992309,0.022987369577155414,-0.18113948380010986,0.33853102690829195,0.17158429434376712,-0.04858594179022513,0.26550247116968706,0.8131191652937947,32387.27155409116,2.5921587467193596
-0.13025535420098833,-0.1970236133992309,0.022987369577155414,-0.17113948380010985,0.32853102690829195,0.18158429434376713,-0.04858594179022513,0.27550247116968707,0.8031191652937947,31576.27155409116,2.595169019699096
-0.14025535420098834,-0.1870236133992309,0.022987369577155414,-0.17113948380010985,0.33853102690829195,0.17158429434376712,-0.03858594179022512,0.2955024711696871,0.8331191652937947,31099.27155409116,2.595169019699096
-0.15025535420098834,-0.15702361339923088,0.03298736957715542,-0.16113948380010984,0.34853102690829196,0.17158429434376712,-0.03858594179022512,0.27550247116968707,0.8231191652937947,31412.27155409116,2.5991680145263665
