0.25240924092409245,-0.19884488448844884,-0.17384763476347634,-0.14123762376237625,-0.2380995599559957,-0.06952970297029698,-0.12145764576457663,-0.47073707370737056,-0.6069884488448842,106211.73377337735,0.0020164966583244848
0.3124092409240923,-0.19884488448844884,-0.18384763476347635,-0.13123762376237624,-0.20809955995599572,-0.06952970297029698,-0.12145764576457663,-0.5107370737073706,-0.6169884488448842,105602.73377337735,0.00632376670836976
0.3524092409240923,-0.19884488448844884,-0.17384763476347634,-0.12123762376237623,-0.2380995599559957,-0.05952970297029703,-0.11145764576457662,-0.5007370737073706,-0.6169884488448842,105487.73377337735,0.010325145721438389
0.37240924092409233,-0.19884488448844884,-0.17384763476347634,-0.14123762376237625,-0.21809955995599573,-0.05952970297029703,-0.14145764576457664,-0.47073707370737056,-0.6269884488448842,105654.73377337735,0.011054468154906516
0.37240924092409233,-0.18884488448844883,-0.17384763476347634,-0.13123762376237624,-0.21809955995599573,-0.05952970297029703,-0.16145764576457666,-0.47073707370737056,-0.6169884488448842,105945.73377337735,0.015054416656489877
0.38240924092409234,-0.18884488448844883,-0.17384763476347634,-0.16123762376237627,-0.20809955995599572,-0.04952970297029702,-0.17145764576457667,-0.4907370737073706,-0.6169884488448842,106594.73377337735,0.01862473487853933
0.37240924092409233,-0.19884488448844884,-0.17384763476347634,-0.17123762376237628,-0.20809955995599572,-0.04952970297029702,-0.1914576457645767,-0.48073707370737057,-0.6169884488448842,106513.73377337735,0.02262444496154714
0.39240924092409235,-0.18884488448844883,-0.17384763476347634,-0.1912376237623763,-0.20809955995599572,-0.04952970297029702,-0.22145764576457672,-0.48073707370737057,-0.6269884488448842,105918.73377337735,0.02336115837097097
0.37240924092409233,-0.18884488448844883,-0.17384763476347634,-0.1912376237623763,-0.21809955995599573,-0.06952970297029698,-0.24145764576457673,-0.48073707370737057,-0.6369884488448843,105569.73377337735,0.02723808288574503
0.4324092409240924,-0.18884488448844883,-0.17384763476347634,-0.15123762376237626,-0.22809955995599573,-0.06952970297029698,-0.2014576457645767,-0.48073707370737057,-0.6469884488448843,104636.73377337735,0.031174373626708274
0.48240924092409243,-0.18884488448844883,-0.17384763476347634,-0.1912376237623763,-0.1980995599559957,-0.06952970297029698,-0.22145764576457672,-0.5007370737073706,-0.6469884488448843,103007.73377337735,0.03520412445068288
0.48240924092409243,-0.18884488448844883,-0.17384763476347634,-0.1912376237623763,-0.1980995599559957,-0.05952970297029703,-0.2114576457645767,-0.5007370737073706,-0.6469884488448843,102278.73377337735,0.03520412445068288
0.5324092409240925,-0.18884488448844883,-0.17384763476347634,-0.1912376237623763,-0.1880995599559957,-0.06952970297029698,-0.24145764576457673,-0.5107370737073706,-0.6369884488448843,101871.73377337735,0.0392040729522698
0.5224092409240925,-0.18884488448844883,-0.16384763476347636,-0.2512376237623761,-0.1880995599559957,-0.06952970297029698,-0.2114576457645767,-0.5307370737073706,-0.6669884488448842,101220.73377337735,0.04340548515319753
0.5824092409240923,-0.18884488448844883,-0.15384763476347635,-0.26123762376237614,-0.20809955995599572,-0.05952970297029703,-0.23145764576457672,-0.5507370737073706,-0.6569884488448843,100783.73377337735,0.04751105308532644
0.5624092409240923,-0.18884488448844883,-0.13384763476347633,-0.26123762376237614,-0.21809955995599573,-0.06952970297029698,-0.26145764576457675,-0.5307370737073706,-0.6669884488448842,100040.73377337735,0.04855055809020925
0.5624092409240923,-0.18884488448844883,-0.15384763476347635,-0.23123762376237633,-0.1980995599559957,-0.06952970297029698,-0.25145764576457674,-0.5607370737073706,-0.6769884488448842,99273.73377337735,0.05164523124694753
0.6324092409240923,-0.17884488448844882,-0.12384763476347635,-0.22123762376237632,-0.1980995599559957,-0.07952970297029699,-0.26145764576457675,-0.5407370737073706,-0.6869884488448842,98740.73377337735,0.055791330337523704
0.6424092409240924,-0.17884488448844882,-0.10384763476347635,-0.23123762376237633,-0.20809955995599572,-0.07952970297029699,-0.17145764576457667,-0.5407370737073706,-0.7069884488448842,98585.73377337735,0.06003589630126882
0.7124092409240924,-0.17884488448844882,-0.10384763476347635,-0.28123762376237615,-0.1980995599559957,-0.07952970297029699,-0.23145764576457672,-0.5407370737073706,-0.7069884488448842,97986.73377337735,0.06328721046448038
0.6824092409240924,-0.1688448844884488,-0.09384763476347635,-0.29123762376237616,-0.1980995599559957,-0.06952970297029698,-0.26145764576457675,-0.5707370737073706,-0.7169884488448842,97249.73377337735,0.06401724815368581
0.7024092409240924,-0.17884488448844882,-0.09384763476347635,-0.24123762376237634,-0.1980995599559957,-0.07952970297029699,-0.1914576457645767,-0.5707370737073706,-0.7169884488448842,97004.73377337735,0.06803722381592081
0.6724092409240924,-0.17884488448844882,-0.08384763476347634,-0.24123762376237634,-0.22809955995599573,-0.07952970297029699,-0.2014576457645767,-0.5807370737073706,-0.7269884488448842,96423.73377337735,0.07218570709228445
0.7224092409240924,-0.17884488448844882,-0.07384763476347635,-0.23123762376237633,-0.2480995599559957,-0.07952970297029699,-0.22145764576457672,-0.5507370737073706,-0.7169884488448842,95764.73377337735,0.07616252899169851
0.7724092409240925,-0.17884488448844882,-0.043847634763476334,-0.2512376237623761,-0.2580995599559957,-0.07952970297029699,-0.2114576457645767,-0.5707370737073706,-0.7169884488448842,95593.73377337735,0.077023935317996
0.8124092409240923,-0.18884488448844883,-0.043847634763476334,-0.29123762376237616,-0.2580995599559957,-0.089529702970297,-0.17145764576457667,-0.5707370737073706,-0.7169884488448842,94644.73377337735,0.08030552864074636
0.8424092409240923,-0.17884488448844882,-0.043847634763476334,-0.23123762376237633,-0.2680995599559957,-0.089529702970297,-0.17145764576457667,-0.5307370737073706,-0.7269884488448842,93325.73377337735,0.08441395759582448
0.9024092409240924,-0.18884488448844883,-0.03384763476347635,-0.22123762376237632,-0.2780995599559957,-0.09952970297029701,-0.14145764576457664,-0.5307370737073706,-0.7269884488448842,91974.73377337735,0.0884603977203362
0.9324092409240924,-0.17884488448844882,-0.03384763476347635,-0.1912376237623763,-0.2780995599559957,-0.09952970297029701,-0.08145764576457659,-0.5407370737073706,-0.7169884488448842,90991.73377337735,0.0884603977203362
0.9624092409240924,-0.17884488448844882,-0.03384763476347635,-0.16123762376237627,-0.2680995599559957,-0.09952970297029701,-0.11145764576457662,-0.5107370737073706,-0.7169884488448842,89954.73377337735,0.09246344566344789
1.0024092409240923,-0.17884488448844882,-0.023847634763476344,-0.16123762376237627,-0.2780995599559957,-0.10952970297029702,-0.0914576457645766,-0.5107370737073706,-0.7169884488448842,89109.73377337735,0.09667940139770437
1.0424092409240924,-0.17884488448844882,-0.013847634763476335,-0.17123762376237628,-0.2680995599559957,-0.10952970297029702,-0.10145764576457661,-0.5007370737073706,-0.7269884488448842,88466.73377337735,0.10072631835937074
1.0224092409240924,-0.17884488448844882,-0.003847634763476354,-0.1912376237623763,-0.2580995599559957,-0.10952970297029702,-0.061457645764576574,-0.5107370737073706,-0.7169884488448842,88397.73377337735,0.10146112442016886
1.0524092409240926,-0.1688448844884488,-0.003847634763476354,-0.2012376237623763,-0.2480995599559957,-0.10952970297029702,-0.13145764576457664,-0.5107370737073706,-0.7269884488448842,89018.73377337735,0.10477943420410085
0.9824092409240924,-0.15884488448844883,0.026152365236523645,-0.21123762376237631,-0.2480995599559957,-0.10952970297029702,-0.12145764576457663,-0.5207370737073707,-0.7269884488448842,89277.73377337735,0.10891647338867116
0.9924092409240924,-0.15884488448844883,0.026152365236523645,-0.1812376237623763,-0.2580995599559957,-0.119529702970297,-0.13145764576457664,-0.5107370737073706,-0.7269884488448842,89574.73377337735,0.11257047653198171
0.9924092409240924,-0.15884488448844883,0.026152365236523645,-0.21123762376237631,-0.2680995599559957,-0.10952970297029702,-0.2014576457645767,-0.5107370737073706,-0.7369884488448842,90525.73377337735,0.11362404823303152
0.9624092409240924,-0.15884488448844883,0.036152365236523654,-0.23123762376237633,-0.2480995599559957,-0.10952970297029702,-0.17145764576457667,-0.5307370737073706,-0.7469884488448841,91368.73377337735,0.11701793670654226
0.9124092409240924,-0.15884488448844883,0.036152365236523654,-0.26123762376237614,-0.2480995599559957,-0.10952970297029702,-0.24145764576457673,-0.5207370737073707,-0.7369884488448842,91871.73377337735,0.12123723030090261
0.9024092409240924,-0.15884488448844883,0.06615236523652365,-0.28123762376237615,-0.2380995599559957,-0.119529702970297,-0.22145764576457672,-0.5707370737073706,-0.7269884488448842,91936.73377337735,0.1253857135772698
0.9224092409240924,-0.14884488448844882,0.06615236523652365,-0.24123762376237634,-0.2580995599559957,-0.119529702970297,-0.26145764576457675,-0.5307370737073706,-0.7369884488448842,92367.73377337735,0.12636919021606374
0.9724092409240924,-0.14884488448844882,0.08615236523652367,-0.22123762376237632,-0.2480995599559957,-0.129529702970297,-0.22145764576457672,-0.5107370737073706,-0.7369884488448842,93198.73377337735,0.129383993148803
1.0524092409240926,-0.14884488448844882,0.08615236523652367,-0.23123762376237633,-0.2580995599559957,-0.129529702970297,-0.25145764576457674,-0.5107370737073706,-0.7169884488448842,93767.73377337735,0.13329691886901784
1.0624092409240924,-0.14884488448844882,0.09615236523652368,-0.2012376237623763,-0.2480995599559957,-0.129529702970297,-0.2114576457645767,-0.5207370737073707,-0.7369884488448842,93218.73377337735,0.13832015991210866
1.0824092409240924,-0.14884488448844882,0.09615236523652368,-0.21123762376237631,-0.2580995599559957,-0.129529702970297,-0.22145764576457672,-0.5107370737073706,-0.7369884488448842,92071.73377337735,0.13832015991210866
1.0924092409240922,-0.13884488448844884,0.10615236523652363,-0.1912376237623763,-0.21809955995599573,-0.129529702970297,-0.2114576457645767,-0.5107370737073706,-0.7269884488448842,91302.73377337735,0.14157767295836976
1.1524092409240922,-0.13884488448844884,0.10615236523652363,-0.1812376237623763,-0.1780995599559957,-0.129529702970297,-0.16145764576457666,-0.5107370737073706,-0.7369884488448842,90837.73377337735,0.1457170963287311
1.1224092409240924,-0.12884488448844883,0.11615236523652364,-0.1912376237623763,-0.1780995599559957,-0.129529702970297,-0.13145764576457664,-0.5207370737073707,-0.7569884488448841,90520.73377337735,0.1505996704101591
1.1724092409240923,-0.12884488448844883,0.13615236523652366,-0.16123762376237627,-0.1880995599559957,-0.129529702970297,-0.13145764576457664,-0.5207370737073707,-0.7469884488448841,89869.73377337735,0.15373916625976847
1.1824092409240925,-0.11884488448844882,0.14615236523652367,-0.16123762376237627,-0.1380995599559957,-0.13952970297029701,-0.14145764576457664,-0.5107370737073706,-0.7469884488448841,89252.73377337735,0.15373916625976847
1.2124092409240923,-0.10884488448844881,0.14615236523652367,-0.16123762376237627,-0.1380995599559957,-0.13952970297029701,-0.11145764576457662,-0.5107370737073706,-0.7569884488448841,89165.73377337735,0.15773959159851003
1.1724092409240923,-0.08884488448844882,0.14615236523652367,-0.1812376237623763,-0.14809955995599572,-0.13952970297029701,-0.17145764576457667,-0.5007370737073706,-0.7469884488448841,88252.73377337735,0.16173596382141042
1.2224092409240925,-0.08884488448844882,0.14615236523652367,-0.14123762376237625,-0.14809955995599572,-0.129529702970297,-0.18145764576457668,-0.4607370737073706,-0.7569884488448841,88063.73377337735,0.16573495864868093
1.1924092409240923,-0.07884488448844881,0.17615236523652364,-0.14123762376237625,-0.15809955995599573,-0.13952970297029701,-0.1914576457645767,-0.47073707370737056,-0.7469884488448841,87748.73377337735,0.1667382240295403
1.1924092409240923,-0.05884488448844882,0.17615236523652364,-0.14123762376237625,-0.10809955995599574,-0.13952970297029701,-0.2114576457645767,-0.4607370737073706,-0.7369884488448842,87225.73377337735,0.16973633766174245
1.1924092409240923,-0.03884488448844883,0.19615236523652366,-0.15123762376237626,-0.0680995599559957,-0.13952970297029701,-0.22145764576457672,-0.4307370737073706,-0.7469884488448841,86252.73377337735,0.17421789169311452
1.2224092409240925,-0.03884488448844883,0.20615236523652367,-0.1812376237623763,-0.058099559955995694,-0.13952970297029701,-0.2114576457645767,-0.4507370737073706,-0.7469884488448841,85679.73377337735,0.17765994071960378
1.2024092409240925,-0.028844884488448824,0.23615236523652364,-0.16123762376237627,-0.048099559955995685,-0.13952970297029701,-0.2114576457645767,-0.4407370737073706,-0.7369884488448842,85548.73377337735,0.17870349884032777
1.2224092409240925,-0.03884488448844883,0.2561523652365236,-0.15123762376237626,-0.01809955995599566,-0.13952970297029701,-0.2014576457645767,-0.4407370737073706,-0.7369884488448842,84957.73377337735,0.18256683349609304
1.2524092409240923,-0.018844884488448815,0.26615236523652364,-0.15123762376237626,-0.008099559955995761,-0.13952970297029701,-0.17145764576457667,-0.4507370737073706,-0.7369884488448842,85352.73377337735,0.18660755157470632
1.2224092409240925,-0.008844884488448834,0.3161523652365237,-0.16123762376237627,0.021900440044004266,-0.13952970297029701,-0.15145764576457665,-0.42073707370737057,-0.7369884488448842,85577.73377337735,0.19085593223572062
1.2224092409240925,0.0011551155115511746,0.3661523652365237,-0.16123762376237627,0.031900440044004275,-0.129529702970297,-0.13145764576457664,-0.4407370737073706,-0.7269884488448842,85812.73377337735,0.1915919303894036
1.1924092409240923,0.021155115511551192,0.4361523652365237,-0.1812376237623763,0.11190044004400423,-0.129529702970297,-0.13145764576457664,-0.4307370737073706,-0.7369884488448842,85313.73377337735,0.1948422908782952
1.1724092409240923,0.041155115511551155,0.5161523652365236,-0.1912376237623763,0.16190044004400428,-0.129529702970297,-0.10145764576457661,-0.4307370737073706,-0.7369884488448842,84920.73377337735,0.1988408088684075
1.1824092409240925,0.06115511551155117,0.5561523652365237,-0.1812376237623763,0.22190044004400433,-0.129529702970297,-0.07145764576457658,-0.42073707370737057,-0.7369884488448842,84659.73377337735,0.20385332107543874
1.1624092409240925,0.08115511551155119,0.6161523652365237,-0.1812376237623763,0.25190044004400425,-0.119529702970297,-0.04145764576457678,-0.42073707370737057,-0.7369884488448842,83292.73377337735,0.20385332107543874
1.1524092409240922,0.06115511551155117,0.7061523652365237,-0.2012376237623763,0.3219004400440043,-0.09952970297029701,-0.04145764576457678,-0.42073707370737057,-0.7369884488448842,83349.73377337735,0.2072882175445585
1.1424092409240925,0.06115511551155117,0.7861523652365237,-0.23123762376237633,0.37190044004400424,-0.089529702970297,-0.03145764576457677,-0.42073707370737057,-0.7369884488448842,83866.73377337735,0.21180434226989675
1.0824092409240924,0.11115511551155116,0.8661523652365237,-0.26123762376237614,0.4119004400440043,-0.089529702970297,-0.03145764576457677,-0.4307370737073706,-0.7369884488448842,83989.73377337735,0.21552462577819753
1.0724092409240922,0.17115511551155116,0.9461523652365236,-0.30123762376237617,0.5019004400440044,-0.07952970297029699,-0.061457645764576574,-0.4407370737073706,-0.7269884488448842,84416.73377337735,0.21633071899413991
0.9824092409240924,0.2711551155115512,1.0361523652365237,-0.3212376237623762,0.5219004400440044,-0.05952970297029703,-0.08145764576457659,-0.4407370737073706,-0.7269884488448842,84571.73377337735,0.21966762542724894
0.9724092409240924,0.3011551155115512,1.0661523652365237,-0.37123762376237623,0.6219004400440042,-0.04952970297029702,-0.14145764576457664,-0.4507370737073706,-0.7069884488448842,84626.73377337735,0.2236840248107903
0.9524092409240924,0.37115511551155117,1.1161523652365237,-0.39123762376237625,0.6019004400440042,-0.04952970297029702,-0.16145764576457666,-0.48073707370737057,-0.7169884488448842,84915.73377337735,0.2277714729309075
0.9324092409240924,0.3911551155115512,1.1361523652365237,-0.38123762376237624,0.6219004400440042,-0.03952970297029701,-0.15145764576457665,-0.48073707370737057,-0.7069884488448842,85024.73377337735,0.23180575370788858
0.9124092409240924,0.45115511551155113,1.1461523652365238,-0.39123762376237625,0.6219004400440042,-0.029529702970297,-0.1914576457645767,-0.47073707370737056,-0.6969884488448842,85405.73377337735,0.23255105018616007
0.9024092409240924,0.5411551155115513,1.1461523652365238,-0.37123762376237623,0.5719004400440042,-0.029529702970297,-0.18145764576457668,-0.4907370737073706,-0.7069884488448842,86014.73377337735,0.23598046302795694
0.8924092409240924,0.6011551155115511,1.1661523652365238,-0.37123762376237623,0.5519004400440042,-0.029529702970297,-0.17145764576457667,-0.47073707370737056,-0.6969884488448842,87175.73377337735,0.2400388240814202
0.8624092409240923,0.6511551155115511,1.1661523652365238,-0.3612376237623762,0.47190044004400433,-0.009529702970296983,-0.18145764576457668,-0.5207370737073707,-0.6969884488448842,87970.73377337735,0.24414248466491983
0.8524092409240923,0.7411551155115512,1.1461523652365238,-0.3512376237623762,0.4519004400440043,-0.009529702970296983,-0.18145764576457668,-0.5207370737073707,-0.7069884488448842,88905.73377337735,0.24508042335510183
0.8024092409240925,0.8111551155115513,1.1461523652365238,-0.3512376237623762,0.4319004400440043,-0.009529702970296983,-0.15145764576457665,-0.5307370737073706,-0.6769884488448842,90158.73377337735,0.24807710647582937
0.7824092409240925,0.8711551155115513,1.1361523652365237,-0.3412376237623762,0.4119004400440043,0.0004702970297029707,-0.14145764576457664,-0.5107370737073706,-0.6869884488448842,91941.73377337735,0.2520653724670403
0.7524092409240924,0.9611551155115512,1.1361523652365237,-0.3212376237623762,0.38190044004400425,-0.009529702970296983,-0.13145764576457664,-0.5107370737073706,-0.6769884488448842,93550.73377337735,0.2561833381652825
0.7424092409240924,0.9911551155115512,1.1161523652365237,-0.3112376237623762,0.36190044004400423,-0.009529702970296983,-0.16145764576457666,-0.5007370737073706,-0.6869884488448842,95041.73377337735,0.2561833381652825
0.7224092409240924,1.0311551155115513,1.1361523652365237,-0.24123762376237634,0.3119004400440043,0.0004702970297029707,-0.0914576457645766,-0.5407370737073706,-0.6869884488448842,96338.73377337735,0.2602781772613554
0.6924092409240924,1.0911551155115513,1.1261523652365237,-0.23123762376237633,0.3019004400440043,0.0004702970297029707,-0.0914576457645766,-0.5307370737073706,-0.6869884488448842,96985.73377337735,0.2646548271179192
0.6924092409240924,1.1411551155115511,1.0861523652365237,-0.2512376237623761,0.3119004400440043,-0.009529702970296983,-0.0914576457645766,-0.5207370737073707,-0.6769884488448842,97868.73377337735,0.2688755512237542
0.7124092409240924,1.1511551155115511,1.0861523652365237,-0.24123762376237634,0.2919004400440043,0.0004702970297029707,-0.13145764576457664,-0.5007370737073706,-0.6769884488448842,99171.73377337735,0.2688755512237542
0.7224092409240924,1.2111551155115512,1.0661523652365237,-0.23123762376237633,0.2919004400440043,-0.009529702970296983,-0.11145764576457662,-0.5107370737073706,-0.6769884488448842,99328.73377337735,0.2728769302368157
0.7024092409240924,1.2211551155115512,1.0661523652365237,-0.2012376237623763,0.2919004400440043,-0.009529702970296983,-0.0914576457645766,-0.5107370737073706,-0.6769884488448842,99249.73377337735,0.2768764019012444
0.7024092409240924,1.2511551155115512,1.0461523652365237,-0.2012376237623763,0.2819004400440043,-0.009529702970296983,-0.0914576457645766,-0.5107370737073706,-0.6669884488448842,99506.73377337735,0.2808768272399895
0.7124092409240924,1.2911551155115513,1.0561523652365237,-0.22123762376237632,0.26190044004400426,-0.009529702970296983,-0.08145764576457659,-0.5207370737073707,-0.6769884488448842,99837.73377337735,0.2808768272399895
0.7024092409240924,1.3011551155115513,1.0561523652365237,-0.21123762376237631,0.24190044004400424,0.0004702970297029707,-0.11145764576457662,-0.5107370737073706,-0.6669884488448842,99896.73377337735,0.28468651771544984
0.6824092409240924,1.3311551155115513,1.0661523652365237,-0.1812376237623763,0.22190044004400433,0.0004702970297029707,-0.10145764576457661,-0.5407370737073706,-0.6569884488448843,100231.73377337735,0.28885073661803773
0.6724092409240924,1.3711551155115513,1.0661523652365237,-0.21123762376237631,0.21190044004400432,0.01047029702970298,-0.0914576457645766,-0.5407370737073706,-0.6569884488448843,100566.73377337735,0.29352755546569753
0.6524092409240924,1.4111551155115512,1.0661523652365237,-0.2012376237623763,0.20190044004400431,0.02047029702970299,-0.08145764576457659,-0.5507370737073706,-0.6569884488448843,101057.73377337735,0.29440255165100027
0.6424092409240924,1.4311551155115512,1.0461523652365237,-0.21123762376237631,0.21190044004400432,0.02047029702970299,-0.0914576457645766,-0.5607370737073706,-0.6569884488448843,101424.73377337735,0.29743595123290945
0.6524092409240924,1.4611551155115512,1.0461523652365237,-0.23123762376237633,0.23190044004400434,0.02047029702970299,-0.10145764576457661,-0.5607370737073706,-0.6569884488448843,101795.73377337735,0.30176539421081117
0.6424092409240924,1.5011551155115512,1.0461523652365237,-0.22123762376237632,0.22190044004400433,0.02047029702970299,-0.0914576457645766,-0.5607370737073706,-0.6569884488448843,101310.73377337735,0.30578250885009695
0.6224092409240923,1.5311551155115513,1.0361523652365237,-0.21123762376237631,0.20190044004400431,0.02047029702970299,-0.12145764576457663,-0.5707370737073706,-0.6569884488448843,101489.73377337735,0.30875034332275675
0.6224092409240923,1.5611551155115513,1.0261523652365236,-0.22123762376237632,0.20190044004400431,0.02047029702970299,-0.15145764576457665,-0.5607370737073706,-0.6569884488448843,102206.73377337735,0.309771013259887
0.6024092409240923,1.5911551155115513,1.0161523652365236,-0.26123762376237614,0.21190044004400432,0.030470297029702997,-0.13145764576457664,-0.5807370737073706,-0.6569884488448843,102747.73377337735,0.31379122734069753
0.6124092409240923,1.6111551155115513,0.9961523652365236,-0.2512376237623761,0.23190044004400434,0.02047029702970299,-0.17145764576457667,-0.5807370737073706,-0.6469884488448843,102866.73377337735,0.31806726455688406
0.6124092409240923,1.6211551155115513,0.9961523652365236,-0.26123762376237614,0.23190044004400434,0.030470297029702997,-0.17145764576457667,-0.5907370737073705,-0.6469884488448843,103063.73377337735,0.3223680973052936
0.6124092409240923,1.6411551155115511,0.9761523652365236,-0.29123762376237616,0.24190044004400424,0.030470297029702997,-0.17145764576457667,-0.6007370737073705,-0.6569884488448843,103102.73377337735,0.3223680973052936
0.6124092409240923,1.6911551155115512,0.9561523652365236,-0.3112376237623762,0.27190044004400427,0.030470297029702997,-0.2014576457645767,-0.5907370737073705,-0.6569884488448843,103673.73377337735,0.3259057521820061
0.6024092409240923,1.7211551155115512,0.9361523652365238,-0.30123762376237617,0.2819004400440043,0.030470297029702997,-0.23145764576457672,-0.5707370737073706,-0.6469884488448843,103832.73377337735,0.33006019592285085
0.6024092409240923,1.7311551155115512,0.9361523652365238,-0.29123762376237616,0.2819004400440043,0.030470297029702997,-0.2014576457645767,-0.5607370737073706,-0.6469884488448843,103311.73377337735,0.3336979866027825
0.6024092409240923,1.7311551155115512,0.9361523652365238,-0.30123762376237617,0.25190044004400425,0.030470297029702997,-0.2014576457645767,-0.5807370737073706,-0.6469884488448843,103238.73377337735,0.3347382068634026
0.5924092409240923,1.7511551155115512,0.9361523652365238,-0.29123762376237616,0.24190044004400424,0.040470297029703006,-0.2114576457645767,-0.6107370737073705,-0.6469884488448843,103383.73377337735,0.3377279758453362
0.6024092409240923,1.7511551155115512,0.9361523652365238,-0.30123762376237617,0.27190044004400427,0.040470297029703006,-0.2114576457645767,-0.6107370737073705,-0.6569884488448843,104148.73377337735,0.3417281627655022
0.5824092409240923,1.761155115511551,0.9461523652365236,-0.30123762376237617,0.2819004400440043,0.050470297029703015,-0.26145764576457675,-0.6007370737073705,-0.6469884488448843,105077.73377337735,0.34673471450805593
0.5724092409240923,1.8111551155115513,0.9261523652365238,-0.3212376237623762,0.3219004400440043,0.06047029702970297,-0.3214576457645766,-0.5907370737073705,-0.6469884488448843,105824.73377337735,0.34673471450805593
0.5824092409240923,1.8111551155115513,0.8961523652365238,-0.3112376237623762,0.3219004400440043,0.050470297029703015,-0.27145764576457676,-0.5807370737073706,-0.6369884488448843,105789.73377337735,0.35073442459106374
0.5924092409240923,1.8111551155115513,0.8961523652365238,-0.27123762376237615,0.3219004400440043,0.06047029702970297,-0.23145764576457672,-0.5707370737073706,-0.6469884488448843,105374.73377337735,0.3543803215026884
0.5924092409240923,1.8111551155115513,0.9061523652365238,-0.29123762376237616,0.34190044004400433,0.06047029702970297,-0.22145764576457672,-0.5407370737073706,-0.6269884488448842,104025.73377337735,0.3589965820312493
0.5824092409240923,1.8111551155115513,0.9261523652365238,-0.29123762376237616,0.34190044004400433,0.07047029702970298,-0.24145764576457673,-0.5207370737073707,-0.6169884488448842,102818.73377337735,0.35999937057495046
0.5724092409240923,1.8111551155115513,0.9361523652365238,-0.24123762376237634,0.34190044004400433,0.07047029702970298,-0.22145764576457672,-0.5107370737073706,-0.6269884488448842,102435.73377337735,0.3629786491394036
0.5724092409240923,1.8111551155115513,0.9461523652365236,-0.24123762376237634,0.34190044004400433,0.07047029702970298,-0.24145764576457673,-0.5207370737073707,-0.6169884488448842,102510.73377337735,0.3669008731842034
0.5624092409240923,1.801155115511551,0.9461523652365236,-0.24123762376237634,0.3319004400440043,0.07047029702970298,-0.23145764576457672,-0.4907370737073706,-0.6169884488448842,102559.73377337735,0.37077136039733816
0.5524092409240925,1.8111551155115513,0.9461523652365236,-0.22123762376237632,0.37190044004400424,0.08047029702970299,-0.22145764576457672,-0.47073707370737056,-0.6269884488448842,101658.73377337735,0.3718139648437493
0.5324092409240925,1.8111551155115513,0.9461523652365236,-0.1912376237623763,0.34190044004400433,0.100470297029703,-0.23145764576457672,-0.4507370737073706,-0.6169884488448842,101259.73377337735,0.3758131980895989
0.5124092409240925,1.821155115511551,0.9761523652365236,-0.2012376237623763,0.36190044004400423,0.100470297029703,-0.23145764576457672,-0.42073707370737057,-0.6069884488448842,101330.73377337735,0.3791067123413079
0.5024092409240924,1.8111551155115513,1.0061523652365236,-0.1912376237623763,0.36190044004400423,0.13047029702970298,-0.2014576457645767,-0.4307370737073706,-0.5869884488448842,100559.73377337735,0.38381381034851003
0.48240924092409243,1.781155115511551,1.0261523652365236,-0.17123762376237628,0.38190044004400425,0.160470297029703,-0.2014576457645767,-0.41073707370737056,-0.5669884488448842,100042.73377337735,0.3871232986450188
0.48240924092409243,1.781155115511551,1.0461523652365237,-0.14123762376237625,0.39190044004400426,0.170470297029703,-0.1914576457645767,-0.3707370737073705,-0.5569884488448842,99649.73377337735,0.38781375885009695
0.48240924092409243,1.761155115511551,1.0561523652365237,-0.14123762376237625,0.39190044004400426,0.20047029702970304,-0.18145764576457668,-0.3707370737073705,-0.5469884488448842,98688.73377337735,0.39181346893310476
0.4724092409240924,1.761155115511551,1.0661523652365237,-0.15123762376237626,0.4419004400440043,0.24047029702970296,-0.18145764576457668,-0.3607370737073706,-0.5469884488448842,98053.73377337735,0.39615960121154714
0.48240924092409243,1.7211551155115512,1.0861523652365237,-0.13123762376237624,0.47190044004400433,0.270470297029703,-0.17145764576457667,-0.3107370737073706,-0.5269884488448842,97528.73377337735,0.39978713989257386
0.4724092409240924,1.7211551155115512,1.0961523652365237,-0.13123762376237624,0.5019004400440044,0.32047029702970303,-0.17145764576457667,-0.25073707370737053,-0.5169884488448842,97109.73377337735,0.4008361816406243
0.4524092409240924,1.6911551155115512,1.1461523652365238,-0.13123762376237624,0.5219004400440044,0.49047029702970296,-0.22145764576457672,-0.2107370737073706,-0.4669884488448842,96056.73377337735,0.40375108718872
0.4524092409240924,1.6911551155115512,1.1561523652365238,-0.12123762376237623,0.47190044004400433,0.520470297029703,-0.25145764576457674,-0.18073707370737058,-0.4369884488448842,93545.73377337735,0.40789623260497976
0.4524092409240924,1.6911551155115512,1.1461523652365238,-0.0812376237623762,0.48190044004400434,0.5504702970297031,-0.23145764576457672,-0.18073707370737058,-0.4369884488448842,89764.73377337735,0.41246290206908753
0.4424092409240924,1.6811551155115512,1.1561523652365238,-0.0812376237623762,0.48190044004400434,0.5804702970297031,-0.26145764576457675,-0.16073707370737056,-0.4269884488448842,86933.73377337735,0.41246290206908753
0.4324092409240924,1.6911551155115512,1.1661523652365238,-0.07123762376237619,0.47190044004400433,0.6104702970297029,-0.22145764576457672,-0.15073707370737055,-0.4169884488448842,85600.73377337735,0.4161121368408196
0.4324092409240924,1.6711551155115512,1.1761523652365238,-0.07123762376237619,0.4619004400440043,0.6304702970297029,-0.22145764576457672,-0.12073707370737052,-0.39698844884488416,85301.73377337735,0.42063302993774343
0.4524092409240924,1.6311551155115511,1.2061523652365236,-0.05123762376237617,0.49190044004400435,0.660470297029703,-0.1914576457645767,-0.12073707370737052,-0.39698844884488416,85996.73377337735,0.42463369369506765
0.4524092409240924,1.5711551155115513,1.2361523652365236,-0.06123762376237618,0.5119004400440044,0.680470297029703,-0.1914576457645767,-0.12073707370737052,-0.36698844884488424,86573.73377337735,0.42463369369506765
0.4424092409240924,1.5211551155115512,1.2661523652365236,-0.04123762376237616,0.5219004400440044,0.700470297029703,-0.22145764576457672,-0.09073707370737061,-0.35698844884488423,87304.73377337735,0.42863221168517995
0.41240924092409237,1.5111551155115512,1.2961523652365237,-0.0812376237623762,0.6319004400440043,0.760470297029703,-0.26145764576457675,-0.030737073707370555,-0.3169884488448842,88367.73377337735,0.4331426143646233
0.40240924092409236,1.5211551155115512,1.2961523652365237,-0.12123762376237623,0.6519004400440043,0.8304702970297029,-0.27145764576457676,-0.020737073707370546,-0.3069884488448842,87098.73377337735,0.436724138259887
0.41240924092409237,1.5011551155115512,1.2861523652365237,-0.17123762376237628,0.7019004400440043,0.8704702970297029,-0.27145764576457676,0.029262926292629388,-0.27698844884488416,84629.73377337735,0.4377734184265165
0.4224092409240924,1.4911551155115512,1.2861523652365237,-0.2012376237623763,0.7619004400440044,0.9004702970297029,-0.27145764576457676,0.049262926292629405,-0.25698844884488425,82568.73377337735,0.4400660514831536
0.4224092409240924,1.4811551155115512,1.2861523652365237,-0.2012376237623763,0.7719004400440044,0.9004702970297029,-0.26145764576457675,0.06926292629262942,-0.25698844884488425,81057.73377337735,0.4448534965515165
0.4324092409240924,1.4711551155115512,1.2861523652365237,-0.21123762376237631,0.7919004400440044,0.910470297029703,-0.25145764576457674,0.09926292629262945,-0.24698844884488425,80668.73377337735,0.4489938735961907
0.4324092409240924,1.4311551155115512,1.3061523652365237,-0.22123762376237632,0.8019004400440042,0.920470297029703,-0.26145764576457675,0.09926292629262945,-0.23698844884488424,80715.73377337735,0.4529499530792229
0.4424092409240924,1.4011551155115511,1.3061523652365237,-0.2512376237623761,0.8419004400440042,0.930470297029703,-0.24145764576457673,0.09926292629262945,-0.24698844884488425,80714.73377337735,0.4529499530792229
0.4324092409240924,1.3911551155115511,1.3161523652365237,-0.26123762376237614,0.8919004400440043,0.940470297029703,-0.25145764576457674,0.09926292629262945,-0.22698844884488423,80763.73377337735,0.45689125061035085
0.4624092409240924,1.3511551155115513,1.2961523652365237,-0.28123762376237615,0.9419004400440043,0.940470297029703,-0.26145764576457675,0.12926292629262948,-0.22698844884488423,81392.73377337735,0.4608802318572991
0.4624092409240924,1.3611551155115513,1.2861523652365237,-0.30123762376237617,1.0019004400440044,0.930470297029703,-0.24145764576457673,0.10926292629262946,-0.2069884488448842,82123.73377337735,0.4642436027526884
0.4724092409240924,1.3511551155115513,1.2761523652365236,-0.3112376237623762,1.0319004400440044,0.940470297029703,-0.26145764576457675,0.10926292629262946,-0.1869884488448842,82238.73377337735,0.4652776241302483
0.4624092409240924,1.3411551155115513,1.2861523652365237,-0.3212376237623762,1.0619004400440042,0.940470297029703,-0.26145764576457675,0.11926292629262947,-0.17698844884488418,81159.73377337735,0.4694468498230009
0.4624092409240924,1.3511551155115513,1.2761523652365236,-0.3212376237623762,1.0519004400440042,0.940470297029703,-0.25145764576457674,0.10926292629262946,-0.15698844884488417,80788.73377337735,0.4733309268951409
0.4724092409240924,1.3111551155115513,1.2761523652365236,-0.3212376237623762,1.0719004400440042,0.940470297029703,-0.27145764576457676,0.12926292629262948,-0.14698844884488416,80549.73377337735,0.477439355850219
0.4624092409240924,1.3111551155115513,1.2861523652365237,-0.3212376237623762,1.0719004400440042,0.940470297029703,-0.25145764576457674,0.11926292629262947,-0.14698844884488416,80744.73377337735,0.477439355850219
0.48240924092409243,1.2711551155115512,1.2661523652365236,-0.3412376237623762,1.1319004400440043,0.940470297029703,-0.26145764576457675,0.12926292629262948,-0.13698844884488415,81545.73377337735,0.48171658515930105
0.48240924092409243,1.2511551155115512,1.2561523652365236,-0.3512376237623762,1.1619004400440043,0.930470297029703,-0.27145764576457676,0.13926292629262949,-0.12698844884488425,82262.73377337735,0.4856347560882561
0.49240924092409244,1.2111551155115512,1.2761523652365236,-0.37123762376237623,1.2219004400440043,0.930470297029703,-0.2914576457645768,0.13926292629262949,-0.10698844884488423,82503.73377337735,0.48971576690673757
0.48240924092409243,1.1811551155115512,1.2861523652365237,-0.39123762376237625,1.2619004400440044,0.940470297029703,-0.28145764576457677,0.1492629262926295,-0.10698844884488423,82306.73377337735,0.49045844078063894
0.4724092409240924,1.1811551155115512,1.2761523652365236,-0.40123762376237626,1.2619004400440044,0.950470297029703,-0.3214576457645766,0.17926292629262952,-0.0769884488448842,81487.73377337735,0.493714523315429
0.4624092409240924,1.1911551155115512,1.2861523652365237,-0.41123762376237627,1.2819004400440044,0.950470297029703,-0.30145764576457657,0.17926292629262952,-0.08698844884488421,80554.73377337735,0.4977590560913079
0.4724092409240924,1.1811551155115512,1.2961523652365237,-0.41123762376237627,1.2919004400440044,0.950470297029703,-0.28145764576457677,0.1692629262926295,-0.08698844884488421,79393.73377337735,0.5022418022155755
0.48240924092409243,1.1911551155115512,1.2761523652365236,-0.40123762376237626,1.3119004400440042,0.940470297029703,-0.26145764576457675,0.1692629262926295,-0.09698844884488422,78038.73377337735,0.5029377460479729
0.5024092409240924,1.1811551155115512,1.2561523652365236,-0.40123762376237626,1.3119004400440042,0.930470297029703,-0.24145764576457673,0.1692629262926295,-0.08698844884488421,77815.73377337735,0.5060097694396966
0.5224092409240925,1.1711551155115512,1.2361523652365236,-0.40123762376237626,1.3319004400440042,0.930470297029703,-0.24145764576457673,0.17926292629262952,-0.08698844884488421,77506.73377337735,0.5102843761444085
0.5224092409240925,1.1511551155115511,1.2061523652365236,-0.40123762376237626,1.3519004400440042,0.930470297029703,-0.23145764576457672,0.17926292629262952,-0.0769884488448842,77109.73377337735,0.5143558502197259
0.5524092409240925,1.1111551155115513,1.1961523652365236,-0.40123762376237626,1.3619004400440042,0.920470297029703,-0.23145764576457672,0.18926292629262953,-0.0769884488448842,77356.73377337735,0.5153250217437702
0.5424092409240925,1.1111551155115513,1.1861523652365238,-0.41123762376237627,1.3719004400440042,0.920470297029703,-0.23145764576457672,0.19926292629262932,-0.0769884488448842,77783.73377337735,0.5186118602752678
0.5424092409240925,1.0811551155115513,1.1861523652365238,-0.40123762376237626,1.3919004400440043,0.920470297029703,-0.22145764576457672,0.18926292629262953,-0.0669884488448842,77612.73377337735,0.5226280212402337
0.5524092409240925,1.0611551155115513,1.1961523652365236,-0.40123762376237626,1.3919004400440043,0.920470297029703,-0.22145764576457672,0.18926292629262953,-0.0769884488448842,78163.73377337735,0.5268272876739495
0.5624092409240923,1.0411551155115513,1.1861523652365238,-0.41123762376237627,1.4019004400440043,0.920470297029703,-0.2114576457645767,0.18926292629262953,-0.08698844884488421,79020.73377337735,0.5301348686218219
0.5424092409240925,1.0211551155115512,1.1661523652365238,-0.41123762376237627,1.4119004400440043,0.920470297029703,-0.2114576457645767,0.17926292629262952,-0.10698844884488423,79815.73377337735,0.5311867713928216
0.5524092409240925,1.0011551155115512,1.1261523652365237,-0.4212376237623763,1.4219004400440043,0.920470297029703,-0.2014576457645767,0.17926292629262952,-0.11698844884488424,80174.73377337735,0.5348407745361321
0.5524092409240925,1.0011551155115512,1.1261523652365237,-0.4212376237623763,1.431900440044004,0.910470297029703,-0.2014576457645767,0.17926292629262952,-0.11698844884488424,81233.73377337735,0.539852571487426
0.5424092409240925,0.9811551155115512,1.0761523652365237,-0.4212376237623763,1.451900440044004,0.9004702970297029,-0.1914576457645767,0.1692629262926295,-0.14698844884488416,82566.73377337735,0.5430442810058587
0.5524092409240925,0.9411551155115512,1.0361523652365237,-0.4312376237623763,1.471900440044004,0.8904702970297029,-0.1914576457645767,0.1692629262926295,-0.15698844884488417,83747.73377337735,0.5430442810058587
0.5224092409240925,0.8911551155115511,1.0361523652365237,-0.4212376237623763,1.4919004400440041,0.8804702970297029,-0.16145764576457666,0.1492629262926295,-0.1869884488448842,85682.73377337735,0.5481130599975579
0.5124092409240925,0.8711551155115513,1.0461523652365237,-0.4312376237623763,1.5119004400440041,0.8704702970297029,-0.17145764576457667,0.12926292629262948,-0.2069884488448842,88065.73377337735,0.551512432098388
0.5024092409240924,0.8011551155115513,1.0461523652365237,-0.4312376237623763,1.5219004400440044,0.8604702970297029,-0.17145764576457667,0.1492629262926295,-0.21698844884488422,90484.73377337735,0.5553104400634794
0.5324092409240925,0.7811551155115513,1.0261523652365236,-0.4412376237623762,1.5619004400440044,0.8404702970297029,-0.16145764576457666,0.1492629262926295,-0.22698844884488423,92381.73377337735,0.5553104400634794
0.5224092409240925,0.7611551155115512,1.0161523652365236,-0.4312376237623763,1.5819004400440044,0.8204702970297029,-0.16145764576457666,0.1492629262926295,-0.23698844884488424,93278.73377337735,0.5593103885650628
0.5224092409240925,0.7111551155115512,0.9961523652365236,-0.4212376237623763,1.5919004400440042,0.8104702970297029,-0.15145764576457665,0.1592629262926295,-0.23698844884488424,93271.73377337735,0.5633105754852288
0.5224092409240925,0.7011551155115512,0.9861523652365236,-0.4212376237623763,1.6219004400440045,0.7904702970297028,-0.15145764576457665,0.1592629262926295,-0.23698844884488424,92966.73377337735,0.567406129837039
0.5324092409240925,0.6311551155115511,0.9861523652365236,-0.4212376237623763,1.6219004400440045,0.7904702970297028,-0.14145764576457664,0.1492629262926295,-0.24698844884488425,93351.73377337735,0.56831951141357
0.5424092409240925,0.5811551155115511,0.9961523652365236,-0.4312376237623763,1.6419004400440045,0.7804702970297028,-0.14145764576457664,0.13926292629262949,-0.25698844884488425,94152.73377337735,0.5714654445648186
0.5124092409240925,0.5211551155115512,0.9061523652365238,-0.4212376237623763,1.6519004400440043,0.770470297029703,-0.14145764576457664,0.13926292629262949,-0.24698844884488425,94945.73377337735,0.5759050369262688
0.5024092409240924,0.46115511551155114,0.8861523652365237,-0.4212376237623763,1.6719004400440043,0.750470297029703,-0.13145764576457664,0.12926292629262948,-0.26698844884488415,96714.73377337735,0.5801350593566887
0.48240924092409243,0.4211551155115512,0.7961523652365237,-0.4212376237623763,1.6719004400440043,0.750470297029703,-0.14145764576457664,0.11926292629262947,-0.3069884488448842,99335.73377337735,0.5808894157409661
0.4524092409240924,0.35115511551155115,0.7361523652365237,-0.41123762376237627,1.701900440044004,0.730470297029703,-0.16145764576457666,0.12926292629262948,-0.2969884488448842,101230.73377337735,0.5840105533599846
0.4624092409240924,0.3011551155115512,0.6861523652365237,-0.4212376237623763,1.7119004400440043,0.710470297029703,-0.1914576457645767,0.12926292629262948,-0.2969884488448842,103199.73377337735,0.5881235122680621
0.48240924092409243,0.23115511551155116,0.6561523652365236,-0.4212376237623763,1.7319004400440043,0.710470297029703,-0.1914576457645767,0.12926292629262948,-0.3069884488448842,104322.73377337735,0.5923599720001178
0.48240924092409243,0.24115511551155117,0.6461523652365236,-0.4312376237623763,1.7419004400440041,0.710470297029703,-0.2014576457645767,0.12926292629262948,-0.2969884488448842,104535.73377337735,0.5963341712951689
0.4624092409240924,0.19115511551155118,0.6461523652365236,-0.4312376237623763,1.7519004400440044,0.720470297029703,-0.2014576457645767,0.13926292629262949,-0.2969884488448842,105278.73377337735,0.5963341712951689
0.4724092409240924,0.18115511551155117,0.6261523652365237,-0.4512376237623762,1.7719004400440044,0.730470297029703,-0.1914576457645767,0.13926292629262949,-0.2969884488448842,106207.73377337735,0.6004542827606194
0.4524092409240924,0.17115511551155116,0.5461523652365237,-0.4512376237623762,1.7919004400440044,0.720470297029703,-0.2114576457645767,0.11926292629262947,-0.27698844884488416,106674.73377337735,0.6046275615692096
0.4724092409240924,0.12115511551155117,0.49615236523652373,-0.4612376237623762,1.8319004400440044,0.700470297029703,-0.24145764576457673,0.13926292629262949,-0.25698844884488425,106419.73377337735,0.6085800647735589
0.4424092409240924,0.16115511551155115,0.4761523652365237,-0.4712376237623762,1.8619004400440042,0.690470297029703,-0.2114576457645767,0.09926292629262945,-0.27698844884488416,106060.73377337735,0.6094381332397418
0.4524092409240924,0.1511551155115512,0.4361523652365237,-0.4812376237623762,1.8719004400440045,0.690470297029703,-0.23145764576457672,0.10926292629262946,-0.26698844884488415,105901.73377337735,0.612437438964843
0.4524092409240924,0.12115511551155117,0.40615236523652365,-0.4612376237623762,1.8719004400440045,0.690470297029703,-0.27145764576457676,0.07926292629262943,-0.26698844884488415,105350.73377337735,0.6174735546112089
0.4224092409240924,0.08115511551155119,0.38615236523652363,-0.4612376237623762,1.8719004400440045,0.690470297029703,-0.28145764576457677,0.10926292629262946,-0.25698844884488425,105587.73377337735,0.6209029674530022
0.39240924092409235,0.08115511551155119,0.3561523652365237,-0.4612376237623762,1.8819004400440043,0.690470297029703,-0.2914576457645768,0.07926292629262943,-0.23698844884488424,106052.73377337735,0.6209029674530022
0.40240924092409236,0.07115511551155118,0.3461523652365237,-0.4712376237623762,1.9019004400440043,0.690470297029703,-0.30145764576457657,0.11926292629262947,-0.26698844884488415,106049.73377337735,0.6249181747436481
0.40240924092409236,0.06115511551155117,0.3561523652365237,-0.4712376237623762,1.9219004400440043,0.680470297029703,-0.2914576457645768,0.07926292629262943,-0.24698844884488425,105458.73377337735,0.629684400558471
0.39240924092409235,0.07115511551155118,0.3161523652365237,-0.4612376237623762,1.9219004400440043,0.670470297029703,-0.27145764576457676,0.06926292629262942,-0.24698844884488425,104225.73377337735,0.633494567871093
0.3524092409240923,0.07115511551155118,0.3461523652365237,-0.4712376237623762,1.9419004400440043,0.670470297029703,-0.27145764576457676,0.06926292629262942,-0.25698844884488425,103328.73377337735,0.633494567871093
0.37240924092409233,0.06115511551155117,0.29615236523652366,-0.4812376237623762,1.9419004400440043,0.670470297029703,-0.27145764576457676,0.06926292629262942,-0.24698844884488425,102711.73377337735,0.6371354579925566
0.3424092409240923,0.051155115511551164,0.28615236523652365,-0.49123762376237623,1.951900440044004,0.670470297029703,-0.28145764576457677,0.06926292629262942,-0.27698844884488416,102052.73377337735,0.6419171810150104
0.3124092409240923,0.051155115511551164,0.2561523652365236,-0.5012376237623762,1.9819004400440043,0.660470297029703,-0.27145764576457676,0.049262926292629405,-0.26698844884488415,101943.73377337735,0.6452054500579827
0.2924092409240925,0.041155115511551155,0.26615236523652364,-0.49123762376237623,1.9919004400440041,0.660470297029703,-0.3214576457645766,0.059262926292629414,-0.27698844884488416,101342.73377337735,0.6459180831909208
0.2824092409240925,0.041155115511551155,0.28615236523652365,-0.49123762376237623,2.011900440044004,0.6504702970297029,-0.3114576457645766,0.059262926292629414,-0.26698844884488415,100965.73377337735,0.6499182701110833
0.27240924092409247,0.041155115511551155,0.27615236523652364,-0.5012376237623762,2.0219004400440044,0.6404702970297029,-0.3214576457645766,0.06926292629262942,-0.27698844884488416,99792.73377337735,0.6539184570312493
0.27240924092409247,0.0311551155115512,0.2561523652365236,-0.5112376237623762,2.0419004400440044,0.6404702970297029,-0.3414576457645766,0.06926292629262942,-0.25698844884488425,98101.73377337735,0.6579184055328398
0.3124092409240923,0.0311551155115512,0.22615236523652363,-0.5112376237623762,2.0419004400440044,0.6304702970297029,-0.3314576457645766,0.09926292629262945,-0.25698844884488425,96954.73377337735,0.6579184055328398
0.2924092409240925,0.0311551155115512,0.24615236523652365,-0.5112376237623762,2.051900440044004,0.6404702970297029,-0.3314576457645766,0.07926292629262943,-0.23698844884488424,95849.73377337735,0.6620099067687981
0.2824092409240925,0.0311551155115512,0.21615236523652367,-0.5212376237623763,2.051900440044004,0.6404702970297029,-0.3514576457645766,0.10926292629262946,-0.23698844884488424,94482.73377337735,0.6660818576812737
0.2824092409240925,0.0311551155115512,0.22615236523652363,-0.5212376237623763,2.071900440044004,0.6304702970297029,-0.3514576457645766,0.09926292629262945,-0.23698844884488424,93307.73377337735,0.6701216220855706
0.2824092409240925,0.0311551155115512,0.20615236523652367,-0.5312376237623763,2.0819004400440044,0.6304702970297029,-0.3514576457645766,0.12926292629262948,-0.24698844884488425,92902.73377337735,0.674202632904052
0.27240924092409247,0.021155115511551192,0.19615236523652366,-0.5312376237623763,2.1019004400440044,0.6204702970297029,-0.38145764576457664,0.13926292629262949,-0.23698844884488424,92173.73377337735,0.674202632904052
0.22240924092409242,0.011155115511551184,0.15615236523652368,-0.5512376237623763,2.1119004400440042,0.6204702970297029,-0.38145764576457664,0.1492629262926295,-0.24698844884488425,91264.73377337735,0.6781882762908928
0.2124092409240924,0.0011551155115511746,0.17615236523652364,-0.5512376237623763,2.1119004400440042,0.6104702970297029,-0.39145764576457664,0.1692629262926295,-0.26698844884488415,91277.73377337735,0.6824538230895989
0.2124092409240924,0.011155115511551184,0.18615236523652365,-0.5512376237623763,2.1219004400440045,0.6204702970297029,-0.3614576457645766,0.13926292629262949,-0.26698844884488415,90850.73377337735,0.6856426715850823
0.2124092409240924,0.0011551155115511746,0.15615236523652368,-0.5712376237623762,2.1319004400440043,0.6204702970297029,-0.3714576457645766,0.1592629262926295,-0.25698844884488425,90231.73377337735,0.6866886138916009
0.2024092409240924,-0.008844884488448834,0.15615236523652368,-0.5612376237623762,2.1219004400440045,0.6304702970297029,-0.39145764576457664,0.1692629262926295,-0.23698844884488424,90010.73377337735,0.6904799461364739
0.2024092409240924,-0.018844884488448815,0.16615236523652363,-0.5712376237623762,2.1219004400440045,0.6304702970297029,-0.38145764576457664,0.19926292629262932,-0.22698844884488423,89599.73377337735,0.6950315952301018
0.1824092409240924,-0.018844884488448815,0.14615236523652367,-0.5612376237623762,2.1219004400440045,0.6204702970297029,-0.39145764576457664,0.21926292629262933,-0.22698844884488423,89466.73377337735,0.6989976882934563
0.17240924092409238,-0.03884488448844883,0.16615236523652363,-0.5612376237623762,2.1319004400440043,0.6204702970297029,-0.39145764576457664,0.22926292629262934,-0.21698844884488422,89611.73377337735,0.6989976882934563
0.17240924092409238,-0.03884488448844883,0.17615236523652364,-0.5812376237623762,2.1319004400440043,0.6204702970297029,-0.41145764576457666,0.21926292629262933,-0.1969884488448842,88928.73377337735,0.7026433467864983
0.13240924092409234,-0.048844884488448814,0.11615236523652364,-0.5712376237623762,2.1219004400440045,0.6204702970297029,-0.3614576457645766,0.22926292629262934,-0.1969884488448842,88347.73377337735,0.7069692134857206
0.1824092409240924,-0.05884488448844882,0.08615236523652367,-0.5812376237623762,2.1219004400440045,0.6304702970297029,-0.3314576457645766,0.23926292629262935,-0.2069884488448842,88238.73377337735,0.7110802650451689
0.1924092409240924,-0.05884488448844882,0.11615236523652364,-0.5912376237623762,2.1219004400440045,0.6304702970297029,-0.30145764576457657,0.20926292629262933,-0.1969884488448842,87857.73377337735,0.7110802650451689
0.1924092409240924,-0.06884488448844883,0.09615236523652368,-0.5912376237623762,2.1219004400440045,0.6404702970297029,-0.28145764576457677,0.22926292629262934,-0.2069884488448842,87448.73377337735,0.7150799751281696
0.1824092409240924,-0.05884488448844882,0.11615236523652364,-0.6112376237623762,2.1319004400440043,0.6404702970297029,-0.23145764576457672,0.23926292629262935,-0.22698844884488423,86865.73377337735,0.7193796157836907
0.2024092409240924,-0.07884488448844881,0.10615236523652363,-0.6112376237623762,2.1319004400440043,0.6404702970297029,-0.22145764576457672,0.22926292629262934,-0.23698844884488424,85886.73377337735,0.7233774185180621
0.1824092409240924,-0.06884488448844883,0.09615236523652368,-0.6112376237623762,2.1319004400440043,0.6404702970297029,-0.2014576457645767,0.21926292629262933,-0.23698844884488424,85653.73377337735,0.7233774185180621
0.2024092409240924,-0.07884488448844881,0.08615236523652367,-0.6212376237623762,2.1419004400440045,0.6304702970297029,-0.18145764576457668,0.24926292629262936,-0.24698844884488425,85984.73377337735,0.7267927646636956
0.22240924092409242,-0.06884488448844883,0.10615236523652363,-0.6212376237623762,2.1319004400440043,0.6404702970297029,-0.13145764576457664,0.21926292629262933,-0.25698844884488425,86309.73377337735,0.7317947864532464
0.24240924092409244,-0.06884488448844883,0.11615236523652364,-0.6212376237623762,2.1219004400440045,0.6404702970297029,-0.11145764576457662,0.23926292629262935,-0.26698844884488415,86146.73377337735,0.735773038864135
0.25240924092409245,-0.06884488448844883,0.11615236523652364,-0.6112376237623762,2.1219004400440045,0.6304702970297029,-0.0914576457645766,0.20926292629262933,-0.26698844884488415,85321.73377337735,0.7397734642028801
0.2924092409240925,-0.05884488448844882,0.13615236523652366,-0.6212376237623762,2.1319004400440043,0.6304702970297029,-0.08145764576457659,0.23926292629262935,-0.27698844884488416,84780.73377337735,0.7397734642028801
0.27240924092409247,-0.06884488448844883,0.12615236523652365,-0.6212376237623762,2.1319004400440043,0.6204702970297029,-0.051457645764576565,0.23926292629262935,-0.28698844884488417,84159.73377337735,0.7437817573547356
0.3124092409240923,-0.06884488448844883,0.11615236523652364,-0.6312376237623762,2.1319004400440043,0.6204702970297029,-0.04145764576457678,0.24926292629262936,-0.28698844884488417,83650.73377337735,0.747725200653079
0.3124092409240923,-0.05884488448844882,0.14615236523652367,-0.6112376237623762,2.1119004400440042,0.6204702970297029,-0.03145764576457677,0.24926292629262936,-0.28698844884488417,83037.73377337735,0.7519466400146477
0.3224092409240923,-0.06884488448844883,0.11615236523652364,-0.6112376237623762,2.1019004400440044,0.6304702970297029,-0.02145764576457676,0.24926292629262936,-0.26698844884488415,82328.73377337735,0.7527446269989007
0.3424092409240923,-0.06884488448844883,0.13615236523652366,-0.6112376237623762,2.091900440044004,0.6404702970297029,-0.02145764576457676,0.2692629262926294,-0.26698844884488415,82201.73377337735,0.7560071468353264
0.37240924092409233,-0.048844884488448814,0.15615236523652368,-0.6112376237623762,2.0819004400440044,0.6504702970297029,-0.011457645764576752,0.2792629262926294,-0.26698844884488415,82154.73377337735,0.7604538917541497
0.40240924092409236,-0.008844884488448834,0.17615236523652364,-0.6212376237623762,2.091900440044004,0.6404702970297029,-0.02145764576457676,0.2792629262926294,-0.25698844884488425,81529.73377337735,0.7639421939849846
0.4324092409240924,-0.008844884488448834,0.17615236523652364,-0.6212376237623762,2.0819004400440044,0.6404702970297029,-0.0014576457645767427,0.2892629262926294,-0.25698844884488425,80636.73377337735,0.7644426345825188
0.48240924092409243,0.0011551155115511746,0.18615236523652365,-0.6312376237623762,2.0819004400440044,0.6504702970297029,-0.0014576457645767427,0.3092629262926294,-0.26698844884488415,79159.73377337735,0.7682899951934807
0.5024092409240924,0.021155115511551192,0.20615236523652367,-0.6212376237623762,2.071900440044004,0.6404702970297029,-0.02145764576457676,0.3192629262926294,-0.25698844884488425,78160.73377337735,0.7730130672454827
0.5324092409240925,0.0311551155115512,0.22615236523652363,-0.6112376237623762,2.0619004400440044,0.6404702970297029,-0.011457645764576752,0.33926292629262944,-0.26698844884488415,77507.73377337735,0.7762772560119622
0.5524092409240925,0.0311551155115512,0.23615236523652364,-0.6112376237623762,2.0419004400440044,0.6504702970297029,-0.02145764576457676,0.36926292629262947,-0.24698844884488425,76796.73377337735,0.7770137310028069
0.5524092409240925,0.041155115511551155,0.23615236523652364,-0.6112376237623762,2.0419004400440044,0.6504702970297029,-0.03145764576457677,0.3892629262926295,-0.24698844884488425,76949.73377337735,0.781012725830081
0.5224092409240925,0.051155115511551164,0.2561523652365236,-0.6112376237623762,2.031900440044004,0.6404702970297029,-0.04145764576457678,0.3992629262926295,-0.24698844884488425,77202.73377337735,0.7850257873535185
0.5124092409240925,0.06115511551155117,0.2561523652365236,-0.6112376237623762,2.0419004400440044,0.6204702970297029,-0.03145764576457677,0.4292629262926295,-0.27698844884488416,77765.73377337735,0.7889947414398186
0.4724092409240924,0.06115511551155117,0.26615236523652364,-0.6112376237623762,2.031900440044004,0.6104702970297029,-0.051457645764576565,0.43926292629262953,-0.25698844884488425,78006.73377337735,0.7900421142578082
0.4524092409240924,0.07115511551155118,0.2561523652365236,-0.6012376237623762,2.031900440044004,0.6104702970297029,-0.051457645764576565,0.4492629262926293,-0.25698844884488425,78263.73377337735,0.7925650596618645
0.4324092409240924,0.08115511551155119,0.28615236523652365,-0.6112376237623762,2.031900440044004,0.6104702970297029,-0.051457645764576565,0.4592629262926293,-0.25698844884488425,78582.73377337735,0.7976021289825432
0.4724092409240924,0.08115511551155119,0.28615236523652365,-0.6112376237623762,2.011900440044004,0.6204702970297029,-0.061457645764576574,0.46926292629262933,-0.24698844884488425,78841.73377337735,0.8012787818908684
0.49240924092409244,0.10115511551155115,0.3261523652365237,-0.6112376237623762,2.011900440044004,0.6104702970297029,-0.08145764576457659,0.49926292629262936,-0.25698844884488425,79144.73377337735,0.8051976680755608
0.5124092409240925,0.10115511551155115,0.3461523652365237,-0.6112376237623762,1.9919004400440041,0.6004702970297029,-0.07145764576457658,0.48926292629262935,-0.27698844884488416,79041.73377337735,0.8051976680755608
0.5124092409240925,0.10115511551155115,0.3661523652365237,-0.6012376237623762,1.9919004400440041,0.5904702970297029,-0.07145764576457658,0.49926292629262936,-0.3169884488448842,79150.73377337735,0.8096060276031487
0.5324092409240925,0.11115511551155116,0.39615236523652364,-0.5912376237623762,1.971900440044004,0.6004702970297029,-0.07145764576457658,0.5092629262926294,-0.3069884488448842,79681.73377337735,0.8136224269866901
0.5624092409240923,0.12115511551155117,0.39615236523652364,-0.5812376237623762,1.9419004400440043,0.5904702970297029,-0.10145764576457661,0.5292629262926294,-0.3069884488448842,79308.73377337735,0.817622137069705
0.5924092409240923,0.1411551155115512,0.38615236523652363,-0.5812376237623762,1.951900440044004,0.5804702970297031,-0.11145764576457662,0.5292629262926294,-0.3169884488448842,78203.73377337735,0.817622137069705
0.6124092409240923,0.1411551155115512,0.39615236523652364,-0.5912376237623762,1.9419004400440043,0.5804702970297031,-0.15145764576457665,0.5692629262926294,-0.3169884488448842,77410.73377337735,0.8213417053222649
0.6124092409240923,0.1511551155115512,0.41615236523652366,-0.5712376237623762,1.9219004400440043,0.5704702970297031,-0.12145764576457663,0.5692629262926294,-0.3269884488448842,76633.73377337735,0.8260793209075956
0.5924092409240923,0.16115511551155115,0.39615236523652364,-0.5612376237623762,1.9019004400440043,0.5604702970297031,-0.14145764576457664,0.5892629262926294,-0.3269884488448842,75804.73377337735,0.83008069992065
0.5624092409240923,0.16115511551155115,0.40615236523652365,-0.5512376237623763,1.8919004400440045,0.5504702970297031,-0.15145764576457665,0.5892629262926294,-0.3369884488448842,75705.73377337735,0.83008069992065
0.5724092409240923,0.18115511551155117,0.42615236523652367,-0.5612376237623762,1.9019004400440043,0.530470297029703,-0.1914576457645767,0.6592629262926295,-0.3469884488448842,76028.73377337735,0.8338746547698968
0.5924092409240923,0.18115511551155117,0.4361523652365237,-0.5512376237623763,1.8719004400440045,0.5404702970297031,-0.2114576457645767,0.6492629262926295,-0.35698844884488423,75915.73377337735,0.8378171443939202
0.6224092409240923,0.20115511551155119,0.41615236523652366,-0.5412376237623763,1.8419004400440042,0.5404702970297031,-0.22145764576457672,0.6592629262926295,-0.35698844884488423,75246.73377337735,0.8422400474548368
0.6524092409240924,0.2111551155115512,0.41615236523652366,-0.5712376237623762,1.8619004400440042,0.510470297029703,-0.22145764576457672,0.6792629262926295,-0.3269884488448842,75487.73377337735,0.8422400474548368
0.6624092409240924,0.22115511551155115,0.4361523652365237,-0.5512376237623763,1.8219004400440042,0.530470297029703,-0.24145764576457673,0.6992629262926293,-0.3369884488448842,75502.73377337735,0.8465852260589593
0.7024092409240924,0.23115511551155116,0.4361523652365237,-0.5412376237623763,1.8119004400440044,0.500470297029703,-0.22145764576457672,0.6892629262926295,-0.3169884488448842,75015.73377337735,0.8505007743835442
0.6924092409240924,0.2611551155115512,0.4561523652365237,-0.5312376237623763,1.7819004400440042,0.530470297029703,-0.24145764576457673,0.7292629262926293,-0.3269884488448842,74248.73377337735,0.8545476913452106
0.7224092409240924,0.23115511551155116,0.4761523652365237,-0.5312376237623763,1.7319004400440043,0.5504702970297031,-0.22145764576457672,0.6992629262926293,-0.28698844884488417,73549.73377337735,0.8545476913452106
0.7324092409240924,0.23115511551155116,0.5261523652365236,-0.5312376237623763,1.7119004400440043,0.5604702970297031,-0.2114576457645767,0.7092629262926293,-0.3069884488448842,73036.73377337735,0.8585338115692096
0.7324092409240924,0.2511551155115512,0.5661523652365237,-0.5312376237623763,1.7119004400440043,0.5404702970297031,-0.1914576457645767,0.7092629262926293,-0.3269884488448842,72931.73377337735,0.8626117229461663
0.7624092409240925,0.24115511551155117,0.5561523652365237,-0.5112376237623762,1.6419004400440045,0.5504702970297031,-0.1914576457645767,0.7092629262926293,-0.3269884488448842,72886.73377337735,0.8667461395263665
0.7624092409240925,0.24115511551155117,0.6361523652365236,-0.49123762376237623,1.5919004400440042,0.5604702970297031,-0.2014576457645767,0.7292629262926293,-0.3269884488448842,73075.73377337735,0.8675479412078886
0.7524092409240924,0.23115511551155116,0.6661523652365237,-0.5012376237623762,1.5919004400440042,0.5604702970297031,-0.2114576457645767,0.7292629262926293,-0.2969884488448842,73294.73377337735,0.8701481342315667
0.7724092409240925,0.2111551155115512,0.7061523652365237,-0.49123762376237623,1.5719004400440042,0.5604702970297031,-0.22145764576457672,0.7392629262926294,-0.28698844884488417,72727.73377337735,0.8748483180999749
0.7724092409240925,0.2111551155115512,0.7861523652365237,-0.49123762376237623,1.5719004400440042,0.520470297029703,-0.22145764576457672,0.7392629262926294,-0.27698844884488416,71686.73377337735,0.8783673763275139
0.8024092409240925,0.20115511551155119,0.8361523652365237,-0.4712376237623762,1.5519004400440042,0.530470297029703,-0.22145764576457672,0.7492629262926294,-0.27698844884488416,71041.73377337735,0.882718515396121
0.8124092409240923,0.17115511551155116,0.9061523652365238,-0.4812376237623762,1.5319004400440042,0.5404702970297031,-0.22145764576457672,0.7592629262926294,-0.27698844884488416,70512.73377337735,0.882718515396121
0.7524092409240924,0.18115511551155117,1.0161523652365236,-0.5112376237623762,1.5319004400440042,0.5604702970297031,-0.2014576457645767,0.7392629262926294,-0.26698844884488415,70897.73377337735,0.8865513324737542
0.7824092409240925,0.16115511551155115,1.0661523652365237,-0.4812376237623762,1.5019004400440044,0.5604702970297031,-0.2014576457645767,0.7392629262926294,-0.25698844884488425,70932.73377337735,0.8906504631042473
0.7524092409240924,0.17115511551155116,1.1861523652365238,-0.5012376237623762,1.471900440044004,0.5804702970297031,-0.2014576457645767,0.7492629262926294,-0.23698844884488424,70973.73377337735,0.8946566104888909
0.7124092409240924,0.2111551155115512,1.2561523652365236,-0.5212376237623763,1.4919004400440041,0.5704702970297031,-0.22145764576457672,0.7592629262926294,-0.2069884488448842,70334.73377337735,0.8956496238708489
0.6824092409240924,0.2711551155115512,1.3261523652365237,-0.5312376237623763,1.5019004400440044,0.5704702970297031,-0.23145764576457672,0.7592629262926294,-0.17698844884488418,70109.73377337735,0.8996493339538567
0.6824092409240924,0.3011551155115512,1.3461523652365237,-0.5312376237623763,1.5019004400440044,0.5504702970297031,-0.25145764576457674,0.7992629262926294,-0.1869884488448842,69644.73377337735,0.9036495208740227
0.6824092409240924,0.35115511551155115,1.3961523652365238,-0.5212376237623763,1.471900440044004,0.5404702970297031,-0.26145764576457675,0.8292629262926294,-0.16698844884488417,68555.73377337735,0.9077541351318388
0.6524092409240924,0.37115511551155117,1.4461523652365236,-0.5312376237623763,1.4919004400440041,0.530470297029703,-0.27145764576457676,0.8392629262926294,-0.16698844884488417,67894.73377337735,0.9077541351318388
0.6524092409240924,0.4311551155115512,1.4461523652365236,-0.5312376237623763,1.471900440044004,0.520470297029703,-0.27145764576457676,0.8392629262926294,-0.16698844884488417,68289.73377337735,0.9120978832244866
0.6424092409240924,0.5011551155115512,1.4361523652365238,-0.5212376237623763,1.451900440044004,0.510470297029703,-0.28145764576457677,0.8592629262926295,-0.16698844884488417,68676.73377337735,0.9161042690277093
0.6124092409240923,0.5811551155115511,1.4261523652365238,-0.5012376237623762,1.431900440044004,0.46047029702970305,-0.2914576457645768,0.8792629262926295,-0.16698844884488417,68957.73377337735,0.9196507453918485
0.5924092409240923,0.6711551155115512,1.3961523652365238,-0.5012376237623762,1.4019004400440043,0.44047029702970303,-0.30145764576457657,0.8892629262926295,-0.1869884488448842,69946.73377337735,0.9203841209411578
0.5324092409240925,0.7711551155115512,1.3761523652365237,-0.4712376237623762,1.3519004400440042,0.410470297029703,-0.2914576457645768,0.9092629262926295,-0.1869884488448842,71357.73377337735,0.9243781089782708
0.5324092409240925,0.8411551155115513,1.3561523652365237,-0.4512376237623762,1.2819004400440044,0.390470297029703,-0.2914576457645768,0.9192629262926295,-0.2069884488448842,72782.73377337735,0.9288758754730218
0.5224092409240925,0.9011551155115511,1.3561523652365237,-0.4512376237623762,1.2519004400440044,0.390470297029703,-0.2914576457645768,0.9292629262926295,-0.21698844884488422,74233.73377337735,0.9319943904876702
0.49240924092409244,0.9511551155115512,1.3561523652365237,-0.4412376237623762,1.1919004400440043,0.380470297029703,-0.2914576457645768,0.9492629262926293,-0.21698844884488422,75308.73377337735,0.9327268123626702
0.48240924092409243,0.9911551155115512,1.3561523652365237,-0.4212376237623763,1.1319004400440043,0.37047029702970297,-0.3114576457645766,0.9592629262926293,-0.23698844884488424,76281.73377337735,0.935972881317138
0.4624092409240924,1.0311551155115513,1.3261523652365237,-0.4212376237623763,1.1119004400440042,0.35047029702970295,-0.3214576457645766,0.9892629262926294,-0.23698844884488424,77354.73377337735,0.9408378124237018
0.49240924092409244,1.0711551155115513,1.3161523652365237,-0.41123762376237627,1.0619004400440042,0.34047029702970294,-0.3314576457645766,0.9892629262926294,-0.22698844884488423,77797.73377337735,0.9441954612731962
0.4624092409240924,1.1311551155115511,1.3061523652365237,-0.38123762376237624,0.9819004400440043,0.33047029702970304,-0.3314576457645766,1.0192629262926294,-0.23698844884488424,78686.73377337735,0.9481899261474602
0.4624092409240924,1.1711551155115512,1.2861523652365237,-0.37123762376237623,0.9819004400440043,0.300470297029703,-0.3514576457645766,1.0292629262926294,-0.23698844884488424,79611.73377337735,0.9489309310913079
0.48240924092409243,1.2111551155115512,1.2761523652365236,-0.3612376237623762,0.9119004400440043,0.270470297029703,-0.3514576457645766,1.0592629262926294,-0.25698844884488425,80290.73377337735,0.9529306411743192
0.49240924092409244,1.2311551155115512,1.2561523652365236,-0.3412376237623762,0.8619004400440042,0.270470297029703,-0.3614576457645766,1.0892629262926294,-0.28698844884488417,80035.73377337735,0.9569615840911858
0.5124092409240925,1.2511551155115512,1.2361523652365236,-0.3412376237623762,0.8819004400440043,0.25047029702970297,-0.3514576457645766,1.0992629262926292,-0.28698844884488417,80036.73377337735,0.9601943016052239
0.5024092409240924,1.2811551155115513,1.2361523652365236,-0.3312376237623762,0.8419004400440042,0.24047029702970296,-0.3714576457645766,1.1192629262926292,-0.28698844884488417,80725.73377337735,0.9609305381774895
0.5024092409240924,1.3011551155115513,1.2261523652365236,-0.3412376237623762,0.7519004400440044,0.24047029702970296,-0.3614576457645766,1.1192629262926292,-0.28698844884488417,80790.73377337735,0.964687538146972
0.48240924092409243,1.3311551155115513,1.2461523652365236,-0.3312376237623762,0.7219004400440043,0.23047029702970295,-0.3714576457645766,1.1392629262926293,-0.2969884488448842,80345.73377337735,0.9690246105194085
0.4624092409240924,1.3811551155115511,1.2361523652365236,-0.3312376237623762,0.6719004400440043,0.23047029702970295,-0.38145764576457664,1.1492629262926295,-0.3069884488448842,80358.73377337735,0.9730302810668903
0.4424092409240924,1.4211551155115512,1.2161523652365236,-0.3612376237623762,0.6419004400440043,0.24047029702970296,-0.3714576457645766,1.1692629262926295,-0.3269884488448842,80347.73377337735,0.973780822753902
0.4424092409240924,1.4611551155115512,1.2161523652365236,-0.3512376237623762,0.5819004400440042,0.23047029702970295,-0.3714576457645766,1.1792629262926293,-0.3169884488448842,80066.73377337735,0.9770254611968987
0.4324092409240924,1.5011551155115512,1.1761523652365238,-0.3512376237623762,0.5519004400440042,0.22047029702970294,-0.3714576457645766,1.1692629262926295,-0.3169884488448842,80303.73377337735,0.9817933559417682
0.4524092409240924,1.5311551155115513,1.1561523652365238,-0.3612376237623762,0.5319004400440044,0.22047029702970294,-0.38145764576457664,1.1792629262926293,-0.3169884488448842,80952.73377337735,0.9850327491760247
0.4524092409240924,1.5711551155115513,1.1361523652365237,-0.38123762376237624,0.5119004400440044,0.20047029702970304,-0.39145764576457664,1.1892629262926295,-0.3069884488448842,81507.73377337735,0.9857806682586663
0.4624092409240924,1.5811551155115513,1.1261523652365237,-0.39123762376237625,0.5019004400440044,0.21047029702970305,-0.39145764576457664,1.1992629262926293,-0.3069884488448842,81298.73377337735,0.9893075942993192
0.49240924092409244,1.5811551155115513,1.1161523652365237,-0.38123762376237624,0.47190044004400433,0.22047029702970294,-0.39145764576457664,1.1892629262926295,-0.3069884488448842,81037.73377337735,0.9943439483642535
0.48240924092409243,1.6011551155115513,1.0961523652365237,-0.4412376237623762,0.48190044004400434,0.22047029702970294,-0.38145764576457664,1.1892629262926295,-0.3269884488448842,80984.73377337735,0.9971451282501178
0.48240924092409243,1.6211551155115513,1.0961523652365237,-0.4612376237623762,0.4619004400440043,0.23047029702970295,-0.3614576457645766,1.1792629262926293,-0.3369884488448842,81297.73377337735,0.9982106208801262
0.4724092409240924,1.6411551155115511,1.0861523652365237,-0.4712376237623762,0.4619004400440043,0.21047029702970305,-0.3414576457645766,1.1892629262926295,-0.36698844884488424,82112.73377337735,1.001764011383056
0.48240924092409243,1.6611551155115512,1.0761523652365237,-0.49123762376237623,0.4619004400440043,0.20047029702970304,-0.3414576457645766,1.1792629262926293,-0.37698844884488425,81867.73377337735,1.0058304786682122
0.4724092409240924,1.6711551155115512,1.0661523652365237,-0.49123762376237623,0.4619004400440043,0.21047029702970305,-0.3314576457645766,1.1792629262926293,-0.36698844884488424,81580.73377337735,1.0098344802856438
0.4724092409240924,1.6911551155115512,1.0561523652365237,-0.5112376237623762,0.4619004400440043,0.20047029702970304,-0.3414576457645766,1.1692629262926295,-0.36698844884488424,82109.73377337735,1.010567140579223
0.4724092409240924,1.7111551155115512,1.0461523652365237,-0.5212376237623763,0.4619004400440043,0.21047029702970305,-0.3414576457645766,1.1792629262926293,-0.38698844884488415,82726.73377337735,1.013831567764278
0.4724092409240924,1.7311551155115512,1.0261523652365236,-0.5112376237623762,0.4619004400440043,0.20047029702970304,-0.3214576457645766,1.1792629262926293,-0.40698844884488417,83489.73377337735,1.0179686069488518
0.48240924092409243,1.7311551155115512,1.0161523652365236,-0.5212376237623763,0.4619004400440043,0.19047029702970303,-0.3114576457645766,1.1792629262926293,-0.40698844884488417,84274.73377337735,1.0223996162414508
0.48240924092409243,1.7411551155115512,1.0261523652365236,-0.5412376237623763,0.4619004400440043,0.20047029702970304,-0.3114576457645766,1.1692629262926295,-0.4169884488448842,85217.73377337735,1.0263463973999016
0.48240924092409243,1.7411551155115512,1.0261523652365236,-0.5612376237623762,0.48190044004400434,0.20047029702970304,-0.3314576457645766,1.1792629262926293,-0.40698844884488417,85618.73377337735,1.0263463973999016
0.49240924092409244,1.7311551155115512,1.0361523652365237,-0.5412376237623763,0.47190044004400433,0.20047029702970304,-0.3314576457645766,1.1892629262926295,-0.4369884488448842,85681.73377337735,1.0308956623077385
0.48240924092409243,1.7511551155115512,1.0161523652365236,-0.5112376237623762,0.49190044004400435,0.20047029702970304,-0.3314576457645766,1.1892629262926295,-0.4469884488448842,84974.73377337735,1.0347101211547844
0.4724092409240924,1.7711551155115512,1.0161523652365236,-0.5312376237623763,0.49190044004400435,0.20047029702970304,-0.3514576457645766,1.2192629262926293,-0.4469884488448842,84331.73377337735,1.0387570381164508
0.4724092409240924,1.781155115511551,1.0061523652365236,-0.49123762376237623,0.48190044004400434,0.20047029702970304,-0.3614576457645766,1.2192629262926293,-0.4469884488448842,83768.73377337735,1.0387570381164508
0.4624092409240924,1.781155115511551,1.0161523652365236,-0.5012376237623762,0.49190044004400435,0.20047029702970304,-0.3614576457645766,1.2092629262926295,-0.4569884488448842,83113.73377337735,1.04277057647705
0.4624092409240924,1.781155115511551,1.0261523652365236,-0.49123762376237623,0.47190044004400433,0.21047029702970305,-0.3514576457645766,1.1992629262926293,-0.4569884488448842,82710.73377337735,1.0469555377960198
0.4524092409240924,1.781155115511551,1.0361523652365237,-0.49123762376237623,0.4619004400440043,0.22047029702970294,-0.3414576457645766,1.1892629262926295,-0.4669884488448842,82365.73377337735,1.051127624511718
0.4324092409240924,1.801155115511551,1.0461523652365237,-0.49123762376237623,0.48190044004400434,0.21047029702970305,-0.3314576457645766,1.1692629262926295,-0.4669884488448842,82348.73377337735,1.0520021438598626
0.41240924092409237,1.7911551155115513,1.0661523652365237,-0.4712376237623762,0.4619004400440043,0.24047029702970296,-0.3314576457645766,1.1392629262926293,-0.4469884488448842,81859.73377337735,1.055334281921386
0.39240924092409235,1.801155115511551,1.0761523652365237,-0.4612376237623762,0.4619004400440043,0.25047029702970297,-0.3514576457645766,1.1492629262926295,-0.4169884488448842,80798.73377337735,1.0596673011779778
0.40240924092409236,1.7911551155115513,1.0861523652365237,-0.4512376237623762,0.4619004400440043,0.270470297029703,-0.3314576457645766,1.1092629262926295,-0.4269884488448842,80715.73377337735,1.062977981567382
0.40240924092409236,1.7911551155115513,1.0861523652365237,-0.4512376237623762,0.4619004400440043,0.290470297029703,-0.3214576457645766,1.0992629262926292,-0.4269884488448842,79876.73377337735,1.0637294769287102
0.39240924092409235,1.801155115511551,1.0761523652365237,-0.4412376237623762,0.48190044004400434,0.270470297029703,-0.3114576457645766,1.1192629262926292,-0.4669884488448842,78479.73377337735,1.06771011352539
0.39240924092409235,1.801155115511551,1.0761523652365237,-0.4312376237623763,0.48190044004400434,0.300470297029703,-0.30145764576457657,1.1192629262926292,-0.4869884488448842,77670.73377337735,1.071710538864135
0.40240924092409236,1.781155115511551,1.0861523652365237,-0.4212376237623763,0.48190044004400434,0.310470297029703,-0.3114576457645766,1.1092629262926295,-0.4769884488448842,77583.73377337735,1.075743627548217
0.39240924092409235,1.761155115511551,1.1161523652365237,-0.40123762376237626,0.4619004400440043,0.380470297029703,-0.3114576457645766,1.0992629262926292,-0.4669884488448842,77538.73377337735,1.076709461212161
0.37240924092409233,1.7211551155115512,1.1761523652365238,-0.41123762376237627,0.4519004400440043,0.5504702970297031,-0.3414576457645766,1.0792629262926292,-0.4269884488448842,77205.73377337735,1.0795218467712395
0.38240924092409234,1.6911551155115512,1.1961523652365236,-0.4312376237623763,0.4619004400440043,0.6004702970297029,-0.3514576457645766,1.0892629262926294,-0.4269884488448842,75870.73377337735,1.0834977149963336
0.38240924092409234,1.6911551155115512,1.1961523652365236,-0.40123762376237626,0.4419004400440043,0.6504702970297029,-0.3514576457645766,1.0992629262926292,-0.4269884488448842,72281.73377337735,1.0878452777862506
0.37240924092409233,1.6811551155115512,1.2161523652365236,-0.40123762376237626,0.4319004400440043,0.690470297029703,-0.3414576457645766,1.0792629262926292,-0.4169884488448842,68906.73377337735,1.0889000415801995
0.37240924092409233,1.6611551155115512,1.2261523652365236,-0.3612376237623762,0.4219004400440043,0.730470297029703,-0.3314576457645766,1.0492629262926294,-0.40698844884488417,67669.73377337735,1.0916816711425739
0.37240924092409233,1.6611551155115512,1.2261523652365236,-0.3612376237623762,0.4119004400440043,0.760470297029703,-0.3314576457645766,1.0392629262926294,-0.40698844884488417,67260.73377337735,1.096011590957641
0.38240924092409234,1.6311551155115511,1.2361523652365236,-0.37123762376237623,0.4219004400440043,0.7904702970297028,-0.3214576457645766,1.0292629262926294,-0.40698844884488417,67063.73377337735,1.099788856506347
0.39240924092409235,1.5711551155115513,1.2761523652365236,-0.3612376237623762,0.4419004400440043,0.8304702970297029,-0.30145764576457657,0.9992629262926294,-0.4169884488448842,66494.73377337735,1.1041657447814899
0.38240924092409234,1.5511551155115513,1.2961523652365237,-0.3612376237623762,0.4519004400440043,0.8604702970297029,-0.30145764576457657,0.9692629262926293,-0.4169884488448842,66671.73377337735,1.1047930240631096
0.38240924092409234,1.5211551155115512,1.3061523652365237,-0.3512376237623762,0.47190044004400433,0.8904702970297029,-0.27145764576457676,0.9092629262926295,-0.40698844884488417,67428.73377337735,1.1080467224121087
0.37240924092409233,1.5111551155115512,1.3261523652365237,-0.3512376237623762,0.49190044004400435,0.940470297029703,-0.2914576457645768,0.9092629262926295,-0.37698844884488425,68449.73377337735,1.1123976230621295
0.3424092409240923,1.5111551155115512,1.3461523652365237,-0.3312376237623762,0.5319004400440044,0.980470297029703,-0.30145764576457657,0.8892629262926295,-0.35698844884488423,68276.73377337735,1.1165070056915276
0.3524092409240923,1.4911551155115512,1.3361523652365237,-0.3312376237623762,0.5419004400440044,1.020470297029703,-0.2914576457645768,0.8792629262926295,-0.3269884488448842,66695.73377337735,1.1165070056915276
0.3624092409240923,1.4711551155115512,1.3461523652365237,-0.3212376237623762,0.5619004400440042,1.0304702970297028,-0.3114576457645766,0.8492629262926294,-0.3169884488448842,64864.73377337734,1.1205842018127434
0.37240924092409233,1.4511551155115512,1.3461523652365237,-0.3112376237623762,0.6019004400440042,1.0304702970297028,-0.2914576457645768,0.8492629262926294,-0.3169884488448842,63171.73377337734,1.1247887134551995
0.38240924092409234,1.4311551155115512,1.3361523652365237,-0.3112376237623762,0.6119004400440042,1.0504702970297028,-0.2914576457645768,0.8192629262926294,-0.28698844884488417,62254.73377337734,1.1288187026977567
0.40240924092409236,1.3811551155115511,1.3661523652365237,-0.30123762376237617,0.6419004400440043,1.0404702970297028,-0.27145764576457676,0.7992629262926294,-0.28698844884488417,62681.73377337734,1.1296519756317167
0.40240924092409236,1.3511551155115513,1.3761523652365237,-0.3212376237623762,0.7319004400440043,1.020470297029703,-0.26145764576457675,0.7692629262926294,-0.2969884488448842,63332.73377337734,1.1328472614288358
0.39240924092409235,1.3711551155115513,1.3661523652365237,-0.3212376237623762,0.7619004400440044,1.0404702970297028,-0.25145764576457674,0.7592629262926294,-0.27698844884488416,62907.73377337734,1.13710708618164
0.40240924092409236,1.3911551155115511,1.3261523652365237,-0.3312376237623762,0.8219004400440042,1.0304702970297028,-0.25145764576457674,0.7392629262926294,-0.25698844884488425,61998.73377337734,1.1411654472351067
0.4224092409240924,1.3611551155115513,1.3161523652365237,-0.3412376237623762,0.8719004400440042,1.0304702970297028,-0.24145764576457673,0.7392629262926294,-0.26698844884488415,61533.73377337734,1.14191288948059
0.4324092409240924,1.3411551155115513,1.3061523652365237,-0.37123762376237623,0.8819004400440043,1.0504702970297028,-0.25145764576457674,0.7292629262926293,-0.25698844884488425,61614.73377337734,1.1452147483825676
0.4424092409240924,1.3311551155115513,1.3061523652365237,-0.3612376237623762,0.9219004400440043,1.0304702970297028,-0.25145764576457674,0.7292629262926293,-0.25698844884488425,62005.73377337734,1.1491550922393792
0.4524092409240924,1.3111551155115513,1.2961523652365237,-0.38123762376237624,0.9619004400440043,1.0304702970297028,-0.24145764576457673,0.7092629262926293,-0.26698844884488415,61732.73377337734,1.1532124996185296
0.4624092409240924,1.2811551155115513,1.3061523652365237,-0.37123762376237623,1.0019004400440044,1.020470297029703,-0.22145764576457672,0.6692629262926295,-0.25698844884488425,61531.73377337734,1.15391297340393
0.4324092409240924,1.2811551155115513,1.2961523652365237,-0.3612376237623762,1.0319004400440044,1.000470297029703,-0.18145764576457668,0.5992629262926294,-0.27698844884488416,61844.73377337734,1.1574306011199944
0.40240924092409236,1.2811551155115513,1.3061523652365237,-0.3612376237623762,1.0619004400440042,0.980470297029703,-0.18145764576457668,0.5692629262926294,-0.24698844884488425,62819.73377337734,1.1613120555877678
0.41240924092409237,1.2511551155115512,1.3361523652365237,-0.37123762376237623,1.1119004400440042,0.980470297029703,-0.18145764576457668,0.5392629262926294,-0.21698844884488422,63372.73377337734,1.1658410549163847
0.4424092409240924,1.2211551155115512,1.3161523652365237,-0.37123762376237623,1.1619004400440043,0.980470297029703,-0.17145764576457667,0.5092629262926294,-0.21698844884488422,62447.73377337734,1.1658410549163847
0.4524092409240924,1.2211551155115512,1.3161523652365237,-0.37123762376237623,1.1819004400440043,0.970470297029703,-0.1914576457645767,0.5192629262926294,-0.1969884488448842,60692.73377337734,1.169839811325076
0.4624092409240924,1.2111551155115512,1.3161523652365237,-0.37123762376237623,1.1919004400440043,0.970470297029703,-0.2014576457645767,0.5292629262926294,-0.17698844884488418,59109.73377337734,1.1738397598266594
0.4624092409240924,1.2011551155115512,1.3061523652365237,-0.3612376237623762,1.2019004400440043,0.980470297029703,-0.22145764576457672,0.5592629262926294,-0.17698844884488418,57806.73377337734,1.1778392314910882
0.4624092409240924,1.2011551155115512,1.3061523652365237,-0.3612376237623762,1.2019004400440043,0.980470297029703,-0.22145764576457672,0.5592629262926294,-0.17698844884488418,56851.73377337734,1.1817821979522698
0.4524092409240924,1.1911551155115512,1.3061523652365237,-0.37123762376237623,1.2019004400440043,0.980470297029703,-0.2114576457645767,0.5592629262926294,-0.16698844884488417,57074.73377337734,1.1817821979522698
0.4424092409240924,1.1911551155115512,1.2861523652365237,-0.38123762376237624,1.2219004400440043,0.980470297029703,-0.17145764576457667,0.48926292629262935,-0.15698844884488417,57177.73377337734,1.1858758449554436
0.4424092409240924,1.2111551155115512,1.2461523652365236,-0.38123762376237624,1.2419004400440044,0.990470297029703,-0.15145764576457665,0.46926292629262933,-0.15698844884488417,57456.73377337734,1.1898951053619378
0.4424092409240924,1.2111551155115512,1.2161523652365236,-0.39123762376237625,1.2719004400440044,0.970470297029703,-0.14145764576457664,0.4292629262926295,-0.14698844884488416,58313.73377337734,1.1938950538635247
0.4424092409240924,1.1911551155115512,1.1961523652365236,-0.39123762376237625,1.2919004400440044,0.970470297029703,-0.13145764576457664,0.3792629262926295,-0.13698844884488415,59524.73377337734,1.1938950538635247
0.4424092409240924,1.1611551155115512,1.2061523652365236,-0.40123762376237626,1.3119004400440042,0.960470297029703,-0.11145764576457662,0.34926292629262945,-0.13698844884488415,60435.73377337734,1.1978742599487298
0.4524092409240924,1.1511551155115511,1.1661523652365238,-0.39123762376237625,1.3119004400440042,0.970470297029703,-0.11145764576457662,0.34926292629262945,-0.13698844884488415,60378.73377337734,1.2029203891754108
0.4724092409240924,1.1211551155115513,1.1761523652365238,-0.39123762376237625,1.3119004400440042,0.970470297029703,-0.11145764576457662,0.3192629262926294,-0.13698844884488415,60229.73377337734,1.2066576004028313
0.48240924092409243,1.1111551155115513,1.1561523652365238,-0.39123762376237625,1.3219004400440042,0.960470297029703,-0.10145764576457661,0.3192629262926294,-0.13698844884488415,60830.73377337734,1.2066576004028313
0.4624092409240924,1.0811551155115513,1.1661523652365238,-0.39123762376237625,1.3419004400440042,0.960470297029703,-0.0914576457645766,0.25926292629262937,-0.14698844884488416,61993.73377337734,1.2110013484954827
0.4424092409240924,1.0711551155115513,1.1561523652365238,-0.41123762376237627,1.3519004400440042,0.970470297029703,-0.08145764576457659,0.22926292629262934,-0.15698844884488417,63244.73377337734,1.2150141716003446
0.4324092409240924,1.0211551155115512,1.1661523652365238,-0.4312376237623763,1.3719004400440042,0.970470297029703,-0.08145764576457659,0.1592629262926295,-0.14698844884488416,65143.73377337734,1.2190167427062981
0.4324092409240924,0.9911551155115512,1.1261523652365237,-0.4412376237623762,1.3919004400440043,0.960470297029703,-0.08145764576457659,0.12926292629262948,-0.15698844884488417,66790.73377337735,1.2200011730194085
0.4724092409240924,0.9111551155115512,1.0961523652365237,-0.4412376237623762,1.451900440044004,0.940470297029703,-0.08145764576457659,0.13926292629262949,-0.15698844884488417,68321.73377337735,1.2230457782745354
0.48240924092409243,0.8911551155115511,1.1061523652365237,-0.4312376237623763,1.4619004400440043,0.920470297029703,-0.07145764576457658,0.11926292629262947,-0.16698844884488417,68936.73377337735,1.227171611785888
0.48240924092409243,0.8811551155115511,1.1061523652365237,-0.4312376237623763,1.4819004400440043,0.9004702970297029,-0.07145764576457658,0.12926292629262948,-0.16698844884488417,69261.73377337735,1.231256198883056
0.48240924092409243,0.8211551155115513,1.1061523652365237,-0.4312376237623763,1.4919004400440041,0.9004702970297029,-0.10145764576457661,0.1492629262926295,-0.17698844884488418,69220.73377337735,1.2321934223175042
0.49240924092409244,0.7911551155115513,1.0861523652365237,-0.4212376237623763,1.5019004400440044,0.9004702970297029,-0.10145764576457661,0.13926292629262949,-0.17698844884488418,69081.73377337735,1.2352098941802936
0.5024092409240924,0.7411551155115512,1.0861523652365237,-0.4312376237623763,1.5119004400440041,0.8904702970297029,-0.0914576457645766,0.12926292629262948,-0.1869884488448842,69648.73377337735,1.239406776428222
0.5024092409240924,0.7211551155115512,1.0661523652365237,-0.4412376237623762,1.5519004400440042,0.8704702970297029,-0.11145764576457662,0.09926292629262945,-0.1969884488448842,70133.73377337735,1.2440611839294426
0.4724092409240924,0.7011551155115512,1.0161523652365236,-0.4412376237623762,1.5719004400440042,0.8604702970297029,-0.10145764576457661,0.09926292629262945,-0.2069884488448842,71002.73377337735,1.2440611839294426
0.48240924092409243,0.6411551155115511,0.9761523652365236,-0.4412376237623762,1.6019004400440044,0.8304702970297029,-0.0914576457645766,0.059262926292629414,-0.22698844884488423,72509.73377337735,1.247092676162719
0.5124092409240925,0.5411551155115513,0.8861523652365237,-0.4312376237623763,1.6119004400440042,0.8004702970297028,-0.08145764576457659,0.08926292629262944,-0.22698844884488423,74750.73377337735,1.252060842514041
0.5124092409240925,0.49115511551155117,0.8561523652365237,-0.4212376237623763,1.6319004400440043,0.7904702970297028,-0.0914576457645766,0.08926292629262944,-0.23698844884488424,76359.73377337735,1.2560626983642535
0.5024092409240924,0.4411551155115511,0.8361523652365237,-0.4312376237623763,1.6619004400440045,0.7804702970297028,-0.10145764576457661,0.06926292629262942,-0.22698844884488423,78136.73377337735,1.259405088424682
0.5024092409240924,0.4111551155115512,0.7461523652365237,-0.4312376237623763,1.6719004400440043,0.770470297029703,-0.11145764576457662,0.08926292629262944,-0.22698844884488423,79687.73377337735,1.2600597858428948
0.5024092409240924,0.37115511551155117,0.7361523652365237,-0.4312376237623763,1.6919004400440043,0.760470297029703,-0.14145764576457664,0.059262926292629414,-0.22698844884488423,80598.73377337735,1.2644173622131305
0.4724092409240924,0.33115511551155113,0.7061523652365237,-0.4212376237623763,1.701900440044004,0.740470297029703,-0.15145764576457665,0.08926292629262944,-0.22698844884488423,82201.73377337735,1.2687837600708
0.4424092409240924,0.31115511551155123,0.5961523652365237,-0.4312376237623763,1.7319004400440043,0.720470297029703,-0.15145764576457665,0.06926292629262942,-0.22698844884488423,83800.73377337735,1.2720627307891839
0.4524092409240924,0.2611551155115512,0.5861523652365237,-0.4312376237623763,1.7419004400440041,0.730470297029703,-0.15145764576457665,0.06926292629262942,-0.23698844884488424,85001.73377337735,1.272812795639041
0.4524092409240924,0.2611551155115512,0.5761523652365237,-0.4412376237623762,1.7619004400440041,0.720470297029703,-0.14145764576457664,0.059262926292629414,-0.24698844884488425,85388.73377337735,1.276063394546508
0.4324092409240924,0.2111551155115512,0.6061523652365237,-0.4412376237623762,1.7619004400440041,0.730470297029703,-0.13145764576457664,0.039262926292629396,-0.22698844884488423,84727.73377337735,1.280577611923217
0.4424092409240924,0.22115511551155115,0.5961523652365237,-0.4312376237623763,1.7819004400440042,0.730470297029703,-0.14145764576457664,0.049262926292629405,-0.23698844884488424,84258.73377337735,1.2845806598663323
0.4324092409240924,0.2111551155115512,0.5761523652365237,-0.4412376237623762,1.7719004400440044,0.730470297029703,-0.18145764576457668,0.049262926292629405,-0.23698844884488424,84035.73377337735,1.2845806598663323
0.4224092409240924,0.19115511551155118,0.5361523652365237,-0.4412376237623762,1.7719004400440044,0.740470297029703,-0.2114576457645767,0.059262926292629414,-0.23698844884488424,84338.73377337735,1.2886542797088616
0.4324092409240924,0.17115511551155116,0.4661523652365237,-0.4212376237623763,1.7919004400440044,0.730470297029703,-0.1914576457645767,0.049262926292629405,-0.26698844884488415,84457.73377337735,1.2930771827697711
0.4324092409240924,0.12115511551155117,0.39615236523652364,-0.4412376237623762,1.8119004400440044,0.730470297029703,-0.22145764576457672,0.01926292629262938,-0.25698844884488425,84846.73377337735,1.2970747470855706
0.39240924092409235,0.10115511551155115,0.38615236523652363,-0.4512376237623762,1.8419004400440042,0.710470297029703,-0.25145764576457674,0.06926292629262942,-0.27698844884488416,85749.73377337735,1.2970747470855706
0.3524092409240923,0.10115511551155115,0.42615236523652367,-0.4512376237623762,1.8419004400440042,0.720470297029703,-0.25145764576457674,0.01926292629262938,-0.26698844884488415,85792.73377337735,1.301073503494262
0.38240924092409234,0.0911551155115512,0.41615236523652366,-0.4612376237623762,1.8519004400440044,0.720470297029703,-0.25145764576457674,0.029262926292629388,-0.26698844884488415,84683.73377337735,1.3050729751586907
0.3524092409240923,0.08115511551155119,0.41615236523652366,-0.4712376237623762,1.8819004400440043,0.720470297029703,-0.27145764576457676,0.049262926292629405,-0.24698844884488425,83436.73377337735,1.3090910434722893
0.3524092409240923,0.08115511551155119,0.39615236523652364,-0.4712376237623762,1.8919004400440045,0.710470297029703,-0.27145764576457676,0.029262926292629388,-0.24698844884488425,82285.73377337735,1.3101346015930169
0.38240924092409234,0.08115511551155119,0.3461523652365237,-0.4712376237623762,1.9119004400440045,0.690470297029703,-0.28145764576457677,-0.000737073707370528,-0.24698844884488425,81480.73377337735,1.312728834152221
0.40240924092409236,0.07115511551155118,0.3461523652365237,-0.4612376237623762,1.931900440044004,0.690470297029703,-0.26145764576457675,-0.040737073707370564,-0.24698844884488425,81471.73377337735,1.317765426635745
0.40240924092409236,0.06115511551155117,0.28615236523652365,-0.49123762376237623,1.9419004400440043,0.690470297029703,-0.2914576457645768,-0.030737073707370555,-0.27698844884488416,80950.73377337735,1.3215748786926262
0.37240924092409233,0.041155115511551155,0.26615236523652364,-0.5012376237623762,1.971900440044004,0.680470297029703,-0.3214576457645766,-0.030737073707370555,-0.26698844884488415,80047.73377337735,1.32251329421997
0.3424092409240923,0.041155115511551155,0.24615236523652365,-0.5112376237623762,1.9919004400440041,0.680470297029703,-0.3214576457645766,-0.000737073707370528,-0.26698844884488415,79330.73377337735,1.3257007122039788
0.2824092409240925,0.07115511551155118,0.27615236523652364,-0.5112376237623762,2.0019004400440044,0.680470297029703,-0.3314576457645766,0.00926292629262937,-0.27698844884488416,78403.73377337735,1.3297001838684075
0.3124092409240923,0.06115511551155117,0.30615236523652367,-0.5112376237623762,2.0019004400440044,0.680470297029703,-0.3314576457645766,0.06926292629262942,-0.25698844884488425,77478.73377337735,1.333727550506591
0.3224092409240923,0.06115511551155117,0.28615236523652365,-0.5012376237623762,2.0019004400440044,0.680470297029703,-0.3514576457645766,0.07926292629262943,-0.25698844884488425,76139.73377337735,1.333727550506591
0.3024092409240925,0.06115511551155117,0.26615236523652364,-0.5212376237623763,2.0219004400440044,0.670470297029703,-0.39145764576457664,0.07926292629262943,-0.23698844884488424,75062.73377337735,1.3376168727874784
0.2824092409240925,0.06115511551155117,0.2561523652365236,-0.5112376237623762,2.031900440044004,0.670470297029703,-0.3714576457645766,0.049262926292629405,-0.25698844884488425,74211.73377337735,1.341615152359008
0.2824092409240925,0.06115511551155117,0.27615236523652364,-0.5112376237623762,2.0219004400440044,0.670470297029703,-0.3714576457645766,0.029262926292629388,-0.23698844884488424,73536.73377337735,1.345912408828731
0.25240924092409245,0.06115511551155117,0.23615236523652364,-0.5212376237623763,2.031900440044004,0.670470297029703,-0.41145764576457666,0.06926292629262942,-0.24698844884488425,73015.73377337735,1.3493704319000237
0.25240924092409245,0.0311551155115512,0.21615236523652367,-0.5112376237623762,2.031900440044004,0.660470297029703,-0.42145764576457667,0.08926292629262944,-0.25698844884488425,72846.73377337735,1.350429725646972
0.23240924092409243,0.041155115511551155,0.23615236523652364,-0.5212376237623763,2.031900440044004,0.670470297029703,-0.42145764576457667,0.10926292629262946,-0.22698844884488423,72647.73377337735,1.354019117355346
0.24240924092409244,0.0311551155115512,0.23615236523652364,-0.5212376237623763,2.0419004400440044,0.660470297029703,-0.42145764576457667,0.12926292629262948,-0.22698844884488423,72252.73377337735,1.3582057476043694
0.22240924092409242,0.0311551155115512,0.22615236523652363,-0.5212376237623763,2.0419004400440044,0.660470297029703,-0.4314576457645767,0.13926292629262949,-0.21698844884488422,72205.73377337735,1.3623165607452385
0.22240924092409242,0.041155115511551155,0.21615236523652367,-0.5312376237623763,2.051900440044004,0.660470297029703,-0.39145764576457664,0.11926292629262947,-0.22698844884488423,71800.73377337735,1.3629920005798368
0.1924092409240924,0.051155115511551164,0.21615236523652367,-0.5412376237623763,2.071900440044004,0.6504702970297029,-0.40145764576457665,0.1492629262926295,-0.1969884488448842,71665.73377337735,1.3662497520446806
0.1924092409240924,0.041155115511551155,0.21615236523652367,-0.5512376237623763,2.0819004400440044,0.6504702970297029,-0.4414576457645767,0.1692629262926295,-0.1869884488448842,71626.73377337735,1.370466899871822
0.1924092409240924,0.0311551155115512,0.18615236523652365,-0.5612376237623762,2.091900440044004,0.6504702970297029,-0.4714576457645767,0.17926292629262952,-0.17698844884488418,71377.73377337735,1.374681901931762
0.1924092409240924,0.021155115511551192,0.19615236523652366,-0.5612376237623762,2.091900440044004,0.660470297029703,-0.49145764576457673,0.1692629262926295,-0.15698844884488417,70506.73377337735,1.375653934478759
0.22240924092409242,0.011155115511551184,0.17615236523652364,-0.5712376237623762,2.091900440044004,0.660470297029703,-0.4514576457645767,0.18926292629262953,-0.15698844884488417,69793.73377337735,1.3786758899688714
0.22240924092409242,0.011155115511551184,0.17615236523652364,-0.5812376237623762,2.091900440044004,0.660470297029703,-0.4314576457645767,0.19926292629262932,-0.14698844884488416,69816.73377337735,1.382747840881347
0.17240924092409238,-0.008844884488448834,0.16615236523652363,-0.5912376237623762,2.0819004400440044,0.670470297029703,-0.42145764576457667,0.19926292629262932,-0.14698844884488416,69593.73377337735,1.3866769790649407
0.1924092409240924,-0.05884488448844882,0.14615236523652367,-0.5812376237623762,2.0819004400440044,0.670470297029703,-0.41145764576457666,0.21926292629262933,-0.13698844884488415,69064.73377337735,1.3876688003540032
0.17240924092409238,-0.06884488448844883,0.14615236523652367,-0.5812376237623762,2.071900440044004,0.660470297029703,-0.40145764576457665,0.22926292629262934,-0.13698844884488415,68651.73377337735,1.3908671855926507
0.16240924092409237,-0.05884488448844882,0.15615236523652368,-0.6012376237623762,2.091900440044004,0.670470297029703,-0.38145764576457664,0.22926292629262934,-0.15698844884488417,68522.73377337735,1.3956398487091022
0.2024092409240924,-0.03884488448844883,0.11615236523652364,-0.6112376237623762,2.091900440044004,0.680470297029703,-0.3514576457645766,0.22926292629262934,-0.15698844884488417,68883.73377337735,1.3996538639068596
0.1924092409240924,-0.048844884488448814,0.13615236523652366,-0.5912376237623762,2.071900440044004,0.670470297029703,-0.3414576457645766,0.23926292629262935,-0.16698844884488417,68906.73377337735,1.3996538639068596
0.2024092409240924,-0.028844884488448824,0.16615236523652363,-0.6012376237623762,2.0819004400440044,0.670470297029703,-0.3114576457645766,0.22926292629262934,-0.15698844884488417,68987.73377337735,1.4029335498809807
0.1824092409240924,-0.03884488448844883,0.14615236523652367,-0.6012376237623762,2.0819004400440044,0.660470297029703,-0.2914576457645768,0.22926292629262934,-0.14698844884488416,68478.73377337735,1.406934452056884
0.1924092409240924,-0.048844884488448814,0.15615236523652368,-0.6112376237623762,2.091900440044004,0.660470297029703,-0.26145764576457675,0.21926292629262933,-0.15698844884488417,67561.73377337735,1.411688041687011
0.2024092409240924,-0.03884488448844883,0.16615236523652363,-0.6112376237623762,2.091900440044004,0.670470297029703,-0.24145764576457673,0.21926292629262933,-0.16698844884488417,67116.73377337735,1.4152237892150872
0.2124092409240924,-0.03884488448844883,0.18615236523652365,-0.6212376237623762,2.091900440044004,0.670470297029703,-0.23145764576457672,0.22926292629262934,-0.16698844884488417,66637.73377337735,1.4152237892150872
0.2124092409240924,-0.048844884488448814,0.20615236523652367,-0.6312376237623762,2.0819004400440044,0.680470297029703,-0.2114576457645767,0.23926292629262935,-0.17698844884488418,65632.73377337735,1.4202601432800286
0.22240924092409242,-0.03884488448844883,0.22615236523652363,-0.6212376237623762,2.071900440044004,0.680470297029703,-0.2114576457645767,0.24926292629262936,-0.17698844884488418,65503.73377337734,1.4239367961883538
0.23240924092409243,-0.03884488448844883,0.18615236523652365,-0.6212376237623762,2.0619004400440044,0.670470297029703,-0.1914576457645767,0.24926292629262936,-0.17698844884488418,66314.73377337735,1.4269675731658928
0.24240924092409244,-0.028844884488448824,0.23615236523652364,-0.6112376237623762,2.071900440044004,0.6504702970297029,-0.18145764576457668,0.2692629262926294,-0.17698844884488418,66421.73377337735,1.4282681465148919
0.25240924092409245,-0.03884488448844883,0.24615236523652365,-0.6212376237623762,2.0819004400440044,0.660470297029703,-0.16145764576457666,0.2792629262926294,-0.17698844884488418,66268.73377337735,1.432223987579345
0.3024092409240925,-0.008844884488448834,0.3161523652365237,-0.6212376237623762,2.0619004400440044,0.660470297029703,-0.14145764576457664,0.2892629262926294,-0.17698844884488418,65531.73377337734,1.4354867458343499
0.3224092409240923,-0.008844884488448834,0.3261523652365237,-0.6312376237623762,2.0619004400440044,0.670470297029703,-0.13145764576457664,0.2792629262926294,-0.15698844884488417,64554.73377337734,1.4395164966583245
0.3424092409240923,0.011155115511551184,0.3561523652365237,-0.6212376237623762,2.051900440044004,0.670470297029703,-0.12145764576457663,0.2892629262926294,-0.14698844884488416,63577.73377337734,1.44051642417908
0.37240924092409233,0.011155115511551184,0.3261523652365237,-0.6212376237623762,2.0419004400440044,0.670470297029703,-0.12145764576457663,0.2992629262926294,-0.14698844884488416,63028.73377337734,1.4435164451599114
0.41240924092409237,0.0011551155115511746,0.3161523652365237,-0.6112376237623762,2.0219004400440044,0.670470297029703,-0.12145764576457663,0.3092629262926294,-0.14698844884488416,62849.73377337734,1.4486438751220696
0.4224092409240924,0.021155115511551192,0.3261523652365237,-0.6012376237623762,2.0219004400440044,0.670470297029703,-0.11145764576457662,0.3192629262926294,-0.15698844884488417,62114.73377337734,1.4525210380554192
0.41240924092409237,0.021155115511551192,0.3661523652365237,-0.6012376237623762,1.9919004400440041,0.660470297029703,-0.12145764576457663,0.34926292629262945,-0.14698844884488416,61605.73377337734,1.4525210380554192
0.40240924092409236,0.0311551155115512,0.41615236523652366,-0.6012376237623762,1.971900440044004,0.670470297029703,-0.13145764576457664,0.36926292629262947,-0.16698844884488417,61420.73377337734,1.456516218185424
0.39240924092409235,0.0311551155115512,0.41615236523652366,-0.6012376237623762,1.971900440044004,0.680470297029703,-0.15145764576457665,0.3992629262926295,-0.14698844884488416,61593.73377337734,1.4605800628662102
0.3224092409240923,0.051155115511551164,0.4461523652365237,-0.5912376237623762,1.9619004400440043,0.680470297029703,-0.18145764576457668,0.4092629262926295,-0.13698844884488415,61614.73377337734,1.4650806903839104
0.3024092409240925,0.06115511551155117,0.4461523652365237,-0.5812376237623762,1.951900440044004,0.660470297029703,-0.16145764576457666,0.4192629262926295,-0.14698844884488416,61605.73377337734,1.4650806903839104
0.3024092409240925,0.07115511551155118,0.4861523652365237,-0.5912376237623762,1.951900440044004,0.660470297029703,-0.17145764576457667,0.4292629262926295,-0.12698844884488425,61446.73377337734,1.4688724994659417
0.3024092409240925,0.07115511551155118,0.4761523652365237,-0.6012376237623762,1.9619004400440043,0.670470297029703,-0.18145764576457668,0.43926292629262953,-0.12698844884488425,61679.73377337734,1.472887468338012
0.3224092409240923,0.07115511551155118,0.4661523652365237,-0.6112376237623762,1.951900440044004,0.670470297029703,-0.18145764576457668,0.4492629262926293,-0.11698844884488424,61776.73377337734,1.476723146438598
0.3624092409240923,0.07115511551155118,0.4561523652365237,-0.6112376237623762,1.931900440044004,0.690470297029703,-0.1914576457645767,0.46926292629262933,-0.12698844884488425,61725.73377337734,1.480991077423095
0.37240924092409233,0.06115511551155117,0.4861523652365237,-0.6012376237623762,1.8919004400440045,0.690470297029703,-0.1914576457645767,0.47926292629262934,-0.12698844884488425,61866.73377337734,1.480991077423095
0.37240924092409233,0.07115511551155118,0.4861523652365237,-0.6112376237623762,1.8919004400440045,0.690470297029703,-0.2114576457645767,0.49926292629262936,-0.15698844884488417,61829.73377337734,1.4848496437072747
0.4224092409240924,0.08115511551155119,0.5161523652365236,-0.5912376237623762,1.8719004400440045,0.680470297029703,-0.2014576457645767,0.5192629262926294,-0.16698844884488417,61734.73377337734,1.4888243198394804
0.4524092409240924,0.07115511551155118,0.5161523652365236,-0.6012376237623762,1.8619004400440042,0.680470297029703,-0.23145764576457672,0.5392629262926294,-0.1869884488448842,61751.73377337734,1.492823791503902
0.4424092409240924,0.0911551155115512,0.5261523652365236,-0.5912376237623762,1.8319004400440044,0.680470297029703,-0.23145764576457672,0.5492629262926294,-0.1869884488448842,61194.73377337734,1.492823791503902
0.4624092409240924,0.08115511551155119,0.5361523652365237,-0.5812376237623762,1.8219004400440042,0.670470297029703,-0.24145764576457673,0.5692629262926294,-0.2069884488448842,60081.73377337734,1.496803712844848
0.48240924092409243,0.0911551155115512,0.5161523652365236,-0.5712376237623762,1.8119004400440044,0.670470297029703,-0.23145764576457672,0.5592629262926294,-0.21698844884488422,59526.73377337734,1.5018355369567864
0.49240924092409244,0.11115511551155116,0.5061523652365236,-0.5812376237623762,1.8219004400440042,0.6404702970297029,-0.2114576457645767,0.5692629262926294,-0.22698844884488423,59445.73377337734,1.5056039810180621
0.49240924092409244,0.12115511551155117,0.5261523652365236,-0.5712376237623762,1.8119004400440044,0.6304702970297029,-0.22145764576457672,0.5692629262926294,-0.22698844884488423,59460.73377337734,1.5056039810180621
0.5024092409240924,0.13115511551155118,0.5261523652365236,-0.5812376237623762,1.8019004400440042,0.6404702970297029,-0.22145764576457672,0.5692629262926294,-0.22698844884488423,59285.73377337734,1.5096354007720905
0.5524092409240925,0.12115511551155117,0.5361523652365237,-0.5712376237623762,1.7619004400440041,0.6304702970297029,-0.22145764576457672,0.5492629262926294,-0.22698844884488423,59440.73377337734,1.513637971878051
0.5624092409240923,0.11115511551155116,0.5661523652365237,-0.5412376237623763,1.721900440044004,0.6204702970297029,-0.2114576457645767,0.5692629262926294,-0.22698844884488423,60051.73377337734,1.5179230690002434
0.5624092409240923,0.12115511551155117,0.6361523652365236,-0.5412376237623763,1.7119004400440043,0.6304702970297029,-0.2114576457645767,0.6292629262926295,-0.26698844884488415,60326.73377337734,1.5186523914337187
0.5824092409240923,0.13115511551155118,0.6561523652365236,-0.5312376237623763,1.6919004400440043,0.6004702970297029,-0.2114576457645767,0.6292629262926295,-0.25698844884488425,60121.73377337734,1.52195496559143
0.5724092409240923,0.1411551155115512,0.6961523652365237,-0.5312376237623763,1.6919004400440043,0.6104702970297029,-0.2114576457645767,0.6492629262926295,-0.25698844884488425,59740.73377337734,1.5262031078338616
0.6024092409240923,0.1511551155115512,0.7161523652365237,-0.5212376237623763,1.6519004400440043,0.6304702970297029,-0.2014576457645767,0.6592629262926295,-0.24698844884488425,59303.73377337734,1.5305249214172392
0.6224092409240923,0.1511551155115512,0.7361523652365237,-0.5112376237623762,1.6119004400440042,0.6404702970297029,-0.2114576457645767,0.6792629262926295,-0.23698844884488424,58190.73377337734,1.5305249214172392
0.6124092409240923,0.17115511551155116,0.7861523652365237,-0.5112376237623762,1.5719004400440042,0.660470297029703,-0.2114576457645767,0.6792629262926295,-0.23698844884488424,57959.73377337734,1.5343305587768512
0.6124092409240923,0.1511551155115512,0.8561523652365237,-0.5212376237623763,1.5619004400440044,0.6504702970297029,-0.22145764576457672,0.7092629262926293,-0.22698844884488423,58096.73377337734,1.538514566421508
0.5924092409240923,0.17115511551155116,0.8761523652365237,-0.5312376237623763,1.5419004400440044,0.6504702970297029,-0.25145764576457674,0.7192629262926293,-0.21698844884488422,57967.73377337734,1.5425531387329094
0.5924092409240923,0.1511551155115512,0.9461523652365236,-0.5212376237623763,1.5119004400440041,0.660470297029703,-0.23145764576457672,0.7092629262926293,-0.21698844884488422,58176.73377337734,1.5425531387329094
0.5824092409240923,0.16115511551155115,1.0461523652365237,-0.5412376237623763,1.4819004400440043,0.680470297029703,-0.24145764576457673,0.7292629262926293,-0.2069884488448842,58249.73377337734,1.546528530120849
0.5524092409240925,0.17115511551155116,1.1261523652365237,-0.5312376237623763,1.4619004400440043,0.660470297029703,-0.23145764576457672,0.7192629262926293,-0.2069884488448842,57298.73377337734,1.550622653961181
0.5424092409240925,0.19115511551155118,1.2061523652365236,-0.5312376237623763,1.4419004400440043,0.660470297029703,-0.22145764576457672,0.7192629262926293,-0.2069884488448842,56707.73377337734,1.554756593704223
0.5224092409240925,0.17115511551155116,1.2761523652365236,-0.5312376237623763,1.431900440044004,0.660470297029703,-0.2114576457645767,0.7192629262926293,-0.2069884488448842,56318.73377337734,1.5588407039642362
0.5124092409240925,0.1411551155115512,1.3361523652365237,-0.5012376237623762,1.4019004400440043,0.660470297029703,-0.22145764576457672,0.7292629262926293,-0.1869884488448842,56425.73377337734,1.5588407039642362
0.5024092409240924,0.18115511551155117,1.3761523652365237,-0.5012376237623762,1.3919004400440043,0.6504702970297029,-0.2114576457645767,0.7192629262926293,-0.1869884488448842,56426.73377337734,1.5631319999694782
0.5024092409240924,0.20115511551155119,1.4661523652365236,-0.49123762376237623,1.3619004400440042,0.6404702970297029,-0.2114576457645767,0.7092629262926293,-0.16698844884488417,56221.73377337734,1.567298364639278
0.4724092409240924,0.2511551155115512,1.5161523652365236,-0.49123762376237623,1.3419004400440042,0.6304702970297029,-0.2114576457645767,0.7292629262926293,-0.16698844884488417,55820.73377337734,1.5712978363037102
0.5024092409240924,0.2811551155115512,1.5661523652365237,-0.5012376237623762,1.3419004400440042,0.6204702970297029,-0.23145764576457672,0.7292629262926293,-0.13698844884488415,55265.73377337734,1.5712978363037102
0.48240924092409243,0.34115511551155114,1.6161523652365237,-0.5012376237623762,1.3419004400440042,0.6204702970297029,-0.25145764576457674,0.7592629262926294,-0.12698844884488425,54516.73377337734,1.5752925395965605
0.4724092409240924,0.3811551155115512,1.6161523652365237,-0.5212376237623763,1.3419004400440042,0.6304702970297029,-0.27145764576457676,0.7692629262926294,-0.11698844884488424,53099.73377337734,1.579457473754882
0.48240924092409243,0.4411551155115511,1.6361523652365237,-0.5012376237623762,1.2919004400440044,0.6404702970297029,-0.28145764576457677,0.7892629262926294,-0.10698844884488423,52982.73377337734,1.5827757835388176
0.4724092409240924,0.49115511551155117,1.6361523652365237,-0.5112376237623762,1.2819004400440044,0.6304702970297029,-0.30145764576457657,0.7992629262926294,-0.09698844884488422,52601.73377337734,1.583835315704345
0.4424092409240924,0.5711551155115511,1.6561523652365238,-0.5212376237623763,1.2619004400440044,0.6004702970297029,-0.3114576457645766,0.8292629262926294,-0.09698844884488422,52062.73377337734,1.5872330188751178
0.4324092409240924,0.6111551155115511,1.6461523652365238,-0.5112376237623762,1.2519004400440044,0.5904702970297029,-0.3214576457645766,0.8492629262926294,-0.10698844884488423,52047.73377337734,1.592099857330318
0.4324092409240924,0.6811551155115512,1.6261523652365237,-0.5112376237623762,1.2319004400440043,0.5704702970297031,-0.3214576457645766,0.8592629262926295,-0.10698844884488423,51996.73377337734,1.5954832553863554
0.4324092409240924,0.7311551155115512,1.6161523652365237,-0.49123762376237623,1.1919004400440043,0.5504702970297031,-0.3314576457645766,0.8792629262926295,-0.10698844884488423,52205.73377337734,1.5954832553863554
0.41240924092409237,0.7811551155115513,1.5961523652365237,-0.49123762376237623,1.1719004400440043,0.510470297029703,-0.3414576457645766,0.9092629262926295,-0.11698844884488424,53024.73377337734,1.5997879028320305
0.38240924092409234,0.8411551155115513,1.5761523652365237,-0.4812376237623762,1.1619004400440043,0.49047029702970296,-0.3414576457645766,0.9192629262926295,-0.10698844884488423,53733.73377337734,1.603779983520507
0.37240924092409233,0.9011551155115511,1.5761523652365237,-0.4812376237623762,1.1419004400440043,0.48047029702970295,-0.3614576457645766,0.9392629262926295,-0.11698844884488424,53874.73377337734,1.6077839851379387
0.37240924092409233,0.9411551155115512,1.5661523652365237,-0.4712376237623762,1.0719004400440042,0.47047029702970294,-0.38145764576457664,0.9492629262926293,-0.10698844884488423,54277.73377337734,1.6085066318511991
0.3524092409240923,1.0011551155115512,1.5561523652365237,-0.4412376237623762,0.9919004400440044,0.45047029702970304,-0.3714576457645766,0.9692629262926293,-0.11698844884488424,54426.73377337734,1.6118139743804925
0.3524092409240923,1.0411551155115513,1.5261523652365236,-0.41123762376237627,0.9219004400440043,0.430470297029703,-0.40145764576457665,1.0092629262926294,-0.11698844884488424,54657.73377337734,1.616889667510982
0.37240924092409233,1.0511551155115513,1.5261523652365236,-0.4212376237623763,0.9119004400440043,0.400470297029703,-0.41145764576457666,1.0392629262926294,-0.12698844884488425,55550.73377337734,1.620395612716674
0.3624092409240923,1.1111551155115513,1.5161523652365236,-0.41123762376237627,0.8719004400440042,0.380470297029703,-0.42145764576457667,1.0692629262926294,-0.12698844884488425,55931.73377337734,1.624606800079345
0.3624092409240923,1.1411551155115511,1.4961523652365236,-0.40123762376237626,0.8519004400440042,0.37047029702970297,-0.4314576457645767,1.0892629262926294,-0.12698844884488425,55422.73377337734,1.624606800079345
0.37240924092409233,1.1811551155115512,1.5061523652365236,-0.38123762376237624,0.7819004400440044,0.310470297029703,-0.4514576457645767,1.1092629262926295,-0.11698844884488424,55141.73377337734,1.6282066822051995
0.37240924092409233,1.2111551155115512,1.4961523652365236,-0.37123762376237623,0.7119004400440043,0.32047029702970303,-0.4714576457645767,1.1292629262926295,-0.11698844884488424,54410.73377337734,1.632939291000369
0.37240924092409233,1.2511551155115512,1.4861523652365236,-0.4212376237623763,0.7219004400440043,0.300470297029703,-0.4814576457645767,1.1392629262926293,-0.11698844884488424,53453.73377337734,1.6362137317657464
0.3624092409240923,1.2611551155115512,1.4961523652365236,-0.40123762376237626,0.6519004400440043,0.310470297029703,-0.49145764576457673,1.1492629262926295,-0.10698844884488423,53390.73377337734,1.6362137317657464
0.3524092409240923,1.2811551155115513,1.4861523652365236,-0.39123762376237625,0.6019004400440042,0.300470297029703,-0.5014576457645767,1.1692629262926295,-0.11698844884488424,53339.73377337734,1.6407353401184075
0.3624092409240923,1.3011551155115513,1.4861523652365236,-0.41123762376237627,0.5919004400440042,0.300470297029703,-0.5114576457645768,1.1892629262926295,-0.11698844884488424,52784.73377337734,1.6449980258941643
0.3324092409240923,1.3211551155115513,1.4961523652365236,-0.4412376237623762,0.5719004400440042,0.290470297029703,-0.5114576457645768,1.1892629262926295,-0.11698844884488424,52233.73377337734,1.6489777088165276
0.3224092409240923,1.3511551155115513,1.4961523652365236,-0.4412376237623762,0.49190044004400435,0.300470297029703,-0.5114576457645768,1.1992629262926293,-0.12698844884488425,52144.73377337734,1.6489777088165276
0.3224092409240923,1.3711551155115513,1.4961523652365236,-0.4512376237623762,0.47190044004400433,0.300470297029703,-0.5114576457645768,1.2092629262926295,-0.13698844884488415,52319.73377337734,1.6531157016754108
0.3024092409240925,1.4111551155115512,1.4761523652365236,-0.4712376237623762,0.4519004400440043,0.300470297029703,-0.5114576457645768,1.2192629262926293,-0.13698844884488415,51878.73377337734,1.6572541713714593
0.2924092409240925,1.4411551155115512,1.4661523652365236,-0.4612376237623762,0.4319004400440043,0.300470297029703,-0.5114576457645768,1.2292629262926296,-0.14698844884488416,52839.73377337734,1.6612915515899687
0.2824092409240925,1.4711551155115512,1.4661523652365236,-0.49123762376237623,0.4319004400440043,0.310470297029703,-0.5014576457645767,1.2292629262926296,-0.16698844884488417,53414.73377337734,1.6621052742004387
0.2924092409240925,1.4911551155115512,1.4361523652365238,-0.5212376237623763,0.4319004400440043,0.300470297029703,-0.5014576457645767,1.2392629262926294,-0.16698844884488417,53309.73377337734,1.6651024341583245
0.2824092409240925,1.5211551155115512,1.4261523652365238,-0.5312376237623763,0.4319004400440043,0.290470297029703,-0.5014576457645767,1.2392629262926294,-0.17698844884488418,54006.73377337734,1.670143556594848
0.2824092409240925,1.5411551155115513,1.4061523652365238,-0.5412376237623763,0.4219004400440043,0.290470297029703,-0.49145764576457673,1.2392629262926294,-0.1869884488448842,54289.73377337734,1.6735643863678007
0.2824092409240925,1.5611551155115513,1.3961523652365238,-0.5612376237623762,0.4219004400440043,0.290470297029703,-0.4814576457645767,1.2392629262926294,-0.2069884488448842,54592.73377337734,1.6746162891387968
0.2824092409240925,1.5711551155115513,1.3961523652365238,-0.5812376237623762,0.4219004400440043,0.280470297029703,-0.4714576457645767,1.2292629262926296,-0.21698844884488422,55131.73377337734,1.6777312278747587
0.27240924092409247,1.5911551155115513,1.3861523652365237,-0.5812376237623762,0.4219004400440043,0.270470297029703,-0.4514576457645767,1.2292629262926296,-0.23698844884488424,55490.73377337734,1.6814004898071282
0.27240924092409247,1.6011551155115513,1.3861523652365237,-0.5812376237623762,0.4219004400440043,0.270470297029703,-0.4514576457645767,1.2292629262926296,-0.24698844884488425,56221.73377337734,1.685379934310916
0.27240924092409247,1.6211551155115513,1.3661523652365237,-0.6012376237623762,0.4219004400440043,0.270470297029703,-0.4314576457645767,1.2292629262926296,-0.27698844884488416,56496.73377337734,1.686403465270999
0.26240924092409246,1.6311551155115511,1.3561523652365237,-0.6012376237623762,0.4219004400440043,0.270470297029703,-0.4314576457645767,1.2092629262926295,-0.26698844884488415,56899.73377337734,1.6894201755523675
0.27240924092409247,1.6511551155115511,1.3461523652365237,-0.6012376237623762,0.4319004400440043,0.260470297029703,-0.42145764576457667,1.1892629262926295,-0.26698844884488415,57148.73377337734,1.694503736495971
0.27240924092409247,1.6711551155115512,1.3361523652365237,-0.6112376237623762,0.4419004400440043,0.270470297029703,-0.41145764576457666,1.1792629262926293,-0.27698844884488416,56839.73377337734,1.6977979660034137
0.27240924092409247,1.6711551155115512,1.3261523652365237,-0.6012376237623762,0.4619004400440043,0.260470297029703,-0.41145764576457666,1.1992629262926293,-0.28698844884488417,56502.73377337734,1.7020191669464104
0.2824092409240925,1.6711551155115512,1.3261523652365237,-0.6012376237623762,0.4619004400440043,0.260470297029703,-0.42145764576457667,1.2092629262926295,-0.3069884488448842,56933.73377337734,1.7020191669464104
0.2824092409240925,1.6811551155115512,1.3261523652365237,-0.6012376237623762,0.4619004400440043,0.260470297029703,-0.42145764576457667,1.2292629262926296,-0.3269884488448842,57386.73377337734,1.7060880184173577
0.2824092409240925,1.6811551155115512,1.3361523652365237,-0.6012376237623762,0.4619004400440043,0.260470297029703,-0.42145764576457667,1.2392629262926294,-0.3369884488448842,57357.73377337734,1.7108208656311028
0.27240924092409247,1.6811551155115512,1.3361523652365237,-0.6012376237623762,0.4619004400440043,0.270470297029703,-0.42145764576457667,1.2492629262926296,-0.3369884488448842,57128.73377337734,1.7141465663909905
0.27240924092409247,1.6811551155115512,1.3361523652365237,-0.6112376237623762,0.4619004400440043,0.280470297029703,-0.42145764576457667,1.2492629262926296,-0.3369884488448842,56261.73377337734,1.7141465663909905
0.27240924092409247,1.6811551155115512,1.3261523652365237,-0.6112376237623762,0.4619004400440043,0.280470297029703,-0.42145764576457667,1.2392629262926294,-0.3469884488448842,55112.73377337734,1.7183634757995598
0.2824092409240925,1.6911551155115512,1.3261523652365237,-0.6112376237623762,0.47190044004400433,0.290470297029703,-0.42145764576457667,1.2292629262926296,-0.3469884488448842,54515.73377337734,1.7233995914459221
0.27240924092409247,1.7011551155115512,1.3161523652365237,-0.6312376237623762,0.47190044004400433,0.290470297029703,-0.41145764576457666,1.2192629262926293,-0.3469884488448842,54062.73377337734,1.7268189907074003
0.27240924092409247,1.7011551155115512,1.3261523652365237,-0.6312376237623762,0.4619004400440043,0.290470297029703,-0.40145764576457665,1.2192629262926293,-0.35698844884488423,54151.73377337734,1.7277459621429436
0.2824092409240925,1.7011551155115512,1.3161523652365237,-0.6212376237623762,0.47190044004400433,0.290470297029703,-0.40145764576457665,1.2292629262926296,-0.36698844884488424,53594.73377337734,1.7307810306549065
0.27240924092409247,1.7011551155115512,1.3261523652365237,-0.5812376237623762,0.48190044004400434,0.280470297029703,-0.40145764576457665,1.2292629262926296,-0.36698844884488424,53201.73377337734,1.7350730419158928
0.26240924092409246,1.7111551155115512,1.3161523652365237,-0.5712376237623762,0.49190044004400435,0.300470297029703,-0.41145764576457666,1.2092629262926295,-0.3469884488448842,53002.73377337734,1.7387516021728509
0.2824092409240925,1.7111551155115512,1.3061523652365237,-0.5412376237623763,0.48190044004400434,0.300470297029703,-0.39145764576457664,1.1792629262926293,-0.3469884488448842,52565.73377337734,1.7387516021728509
0.2824092409240925,1.7211551155115512,1.2961523652365237,-0.5312376237623763,0.47190044004400433,0.310470297029703,-0.3714576457645766,1.1692629262926295,-0.36698844884488424,52010.73377337734,1.7429992675781243
0.2824092409240925,1.7211551155115512,1.2861523652365237,-0.5312376237623763,0.47190044004400433,0.310470297029703,-0.3614576457645766,1.1492629262926295,-0.35698844884488423,51569.73377337734,1.7477342605590778
0.2924092409240925,1.7211551155115512,1.2761523652365236,-0.49123762376237623,0.4619004400440043,0.33047029702970304,-0.3614576457645766,1.1392629262926293,-0.35698844884488423,51598.73377337734,1.7510141849517815
0.2924092409240925,1.7211551155115512,1.2761523652365236,-0.49123762376237623,0.4619004400440043,0.390470297029703,-0.3514576457645766,1.1192629262926292,-0.36698844884488424,50767.73377337734,1.7517342090606682
0.3024092409240925,1.6911551155115512,1.2961523652365237,-0.49123762376237623,0.4619004400440043,0.44047029702970303,-0.3514576457645766,1.1192629262926292,-0.36698844884488424,50468.73377337734,1.7557339191436796
0.2924092409240925,1.6711551155115512,1.3261523652365237,-0.4312376237623763,0.4419004400440043,0.500470297029703,-0.3714576457645766,1.1192629262926292,-0.35698844884488423,49741.73377337734,1.759278488159179
0.2924092409240925,1.6311551155115511,1.3561523652365237,-0.41123762376237627,0.4319004400440043,0.6304702970297029,-0.3414576457645766,1.0992629262926292,-0.35698844884488423,49196.73377337734,1.7640313625335686
0.2924092409240925,1.6211551155115513,1.3661523652365237,-0.38123762376237624,0.39190044004400426,0.710470297029703,-0.3414576457645766,1.0692629262926294,-0.3469884488448842,48487.73377337734,1.7673294067382805
0.3024092409240925,1.6111551155115513,1.3761523652365237,-0.3612376237623762,0.38190044004400425,0.770470297029703,-0.3414576457645766,1.0592629262926294,-0.35698844884488423,47240.73377337734,1.7680611133575432
0.3124092409240923,1.5711551155115513,1.3961523652365238,-0.38123762376237624,0.35190044004400434,0.8704702970297029,-0.3314576457645766,1.0292629262926294,-0.3369884488448842,46311.73377337734,1.7720610618591301
0.3124092409240923,1.5511551155115513,1.4161523652365238,-0.38123762376237624,0.34190044004400433,0.940470297029703,-0.3314576457645766,1.0092629262926294,-0.3369884488448842,45620.73377337734,1.776248407363891
0.2924092409240925,1.5311551155115513,1.4361523652365238,-0.38123762376237624,0.36190044004400423,1.0304702970297028,-0.3214576457645766,0.9892629262926294,-0.3169884488448842,45001.73377337734,1.78027601242065
0.2924092409240925,1.5011551155115512,1.4561523652365236,-0.40123762376237626,0.35190044004400434,1.100470297029703,-0.3114576457645766,0.9692629262926293,-0.3069884488448842,44694.73377337734,1.78027601242065
0.2924092409240925,1.5011551155115512,1.4661523652365236,-0.41123762376237627,0.35190044004400434,1.170470297029703,-0.3314576457645766,0.9592629262926293,-0.28698844884488417,43839.73377337734,1.784260702133178
0.2824092409240925,1.4811551155115512,1.4761523652365236,-0.3612376237623762,0.34190044004400433,1.190470297029703,-0.3214576457645766,0.9292629262926295,-0.28698844884488417,42548.73377337734,1.788335752487182
0.2924092409240925,1.4611551155115512,1.4961523652365236,-0.3512376237623762,0.35190044004400434,1.210470297029703,-0.30145764576457657,0.9192629262926295,-0.27698844884488416,41875.73377337734,1.791803073883056
0.2824092409240925,1.4511551155115512,1.4961523652365236,-0.3412376237623762,0.35190044004400434,1.210470297029703,-0.3114576457645766,0.8892629262926295,-0.25698844884488425,41362.73377337734,1.7928466320037835
0.2924092409240925,1.4311551155115512,1.5061523652365236,-0.3312376237623762,0.38190044004400425,1.220470297029703,-0.30145764576457657,0.8892629262926295,-0.25698844884488425,40397.73377337734,1.796451520919799
0.2924092409240925,1.4211551155115512,1.5261523652365236,-0.3212376237623762,0.4419004400440043,1.200470297029703,-0.2914576457645768,0.8592629262926295,-0.24698844884488425,40040.73377337734,1.8006283760070794
0.2824092409240925,1.4011551155115511,1.5361523652365237,-0.3212376237623762,0.47190044004400433,1.210470297029703,-0.27145764576457676,0.8392629262926294,-0.23698844884488424,39585.73377337734,1.8047279834747307
0.2924092409240925,1.3811551155115511,1.5361523652365237,-0.3112376237623762,0.5219004400440044,1.200470297029703,-0.28145764576457677,0.8292629262926294,-0.22698844884488423,38928.73377337734,1.8056771278381305
0.3224092409240923,1.3211551155115513,1.5461523652365237,-0.30123762376237617,0.5319004400440044,1.220470297029703,-0.27145764576457676,0.7992629262926294,-0.21698844884488422,38317.73377337734,1.808216762542724
0.3424092409240923,1.2911551155115513,1.5461523652365237,-0.30123762376237617,0.5819004400440042,1.230470297029703,-0.27145764576457676,0.7792629262926294,-0.2069884488448842,37848.73377337734,1.8133019924163847
0.3624092409240923,1.2711551155115512,1.5461523652365237,-0.29123762376237616,0.5919004400440042,1.230470297029703,-0.25145764576457674,0.7392629262926294,-0.1869884488448842,37323.73377337734,1.816585731506347
0.3524092409240923,1.2711551155115512,1.5461523652365237,-0.30123762376237617,0.6319004400440043,1.220470297029703,-0.25145764576457674,0.7392629262926294,-0.1869884488448842,36892.73377337734,1.8173021793365471
0.37240924092409233,1.2511551155115512,1.5361523652365237,-0.30123762376237617,0.6719004400440043,1.210470297029703,-0.24145764576457673,0.7192629262926293,-0.16698844884488417,36241.73377337734,1.8205797195434563
0.3624092409240923,1.2611551155115512,1.5361523652365237,-0.30123762376237617,0.7319004400440043,1.200470297029703,-0.22145764576457672,0.6792629262926295,-0.16698844884488417,35704.73377337734,1.825311374664306
0.37240924092409233,1.2611551155115512,1.5161523652365236,-0.3112376237623762,0.7719004400440044,1.200470297029703,-0.2114576457645767,0.6492629262926295,-0.15698844884488417,35287.73377337734,1.829281044006347
0.38240924092409234,1.2511551155115512,1.5061523652365236,-0.3212376237623762,0.8219004400440042,1.190470297029703,-0.2014576457645767,0.6292629262926295,-0.14698844884488416,35476.73377337734,1.8303241252899198
0.38240924092409234,1.2511551155115512,1.4861523652365236,-0.3212376237623762,0.8519004400440042,1.190470297029703,-0.18145764576457668,0.6092629262926295,-0.15698844884488417,35585.73377337734,1.8330816745758085
0.40240924092409236,1.2211551155115512,1.4961523652365236,-0.3312376237623762,0.8819004400440043,1.190470297029703,-0.18145764576457668,0.5892629262926294,-0.16698844884488417,34988.73377337734,1.8372210979461663
0.39240924092409235,1.2211551155115512,1.5061523652365236,-0.3312376237623762,0.9019004400440043,1.180470297029703,-0.17145764576457667,0.5792629262926294,-0.16698844884488417,34751.73377337734,1.8418163776397698
0.38240924092409234,1.2111551155115512,1.5061523652365236,-0.3312376237623762,0.9219004400440043,1.190470297029703,-0.17145764576457667,0.5792629262926294,-0.17698844884488418,34520.73377337734,1.8451206207275384
0.37240924092409233,1.2111551155115512,1.5061523652365236,-0.3312376237623762,0.9519004400440043,1.190470297029703,-0.16145764576457666,0.5792629262926294,-0.2069884488448842,34271.73377337734,1.845851135253902
0.3624092409240923,1.2111551155115512,1.5261523652365236,-0.3412376237623762,1.0219004400440044,1.160470297029703,-0.14145764576457664,0.5492629262926294,-0.2069884488448842,34160.73377337734,1.8498847007751422
0.3524092409240923,1.2111551155115512,1.5261523652365236,-0.3512376237623762,1.0419004400440044,1.170470297029703,-0.13145764576457664,0.5292629262926294,-0.1869884488448842,34313.73377337734,1.8539337635040276
0.37240924092409233,1.2111551155115512,1.4861523652365236,-0.3412376237623762,1.0819004400440042,1.150470297029703,-0.13145764576457664,0.5092629262926294,-0.1869884488448842,34386.73377337734,1.8578862667083698
0.37240924092409233,1.2111551155115512,1.4661523652365236,-0.3512376237623762,1.1119004400440042,1.130470297029703,-0.12145764576457663,0.48926292629262935,-0.17698844884488418,34029.73377337734,1.8578862667083698
0.38240924092409234,1.2011551155115512,1.4661523652365236,-0.3512376237623762,1.1519004400440043,1.120470297029703,-0.12145764576457663,0.47926292629262934,-0.17698844884488418,33898.73377337734,1.8613893508911161
0.38240924092409234,1.2011551155115512,1.4661523652365236,-0.3612376237623762,1.1719004400440043,1.110470297029703,-0.11145764576457662,0.46926292629262933,-0.1869884488448842,33725.73377337734,1.8668145656585686
0.38240924092409234,1.1811551155115512,1.4661523652365236,-0.3612376237623762,1.2019004400440043,1.110470297029703,-0.11145764576457662,0.4592629262926293,-0.16698844884488417,33316.73377337734,1.870392990112304
0.37240924092409233,1.1811551155115512,1.4661523652365236,-0.3612376237623762,1.2319004400440043,1.100470297029703,-0.10145764576457661,0.4292629262926295,-0.1869884488448842,33591.73377337734,1.8710872650146477
0.37240924092409233,1.1811551155115512,1.4461523652365236,-0.38123762376237624,1.2819004400440044,1.0904702970297029,-0.10145764576457661,0.4292629262926295,-0.15698844884488417,33432.73377337734,1.874219608306884
0.37240924092409233,1.2011551155115512,1.4261523652365238,-0.40123762376237626,1.3119004400440042,1.0704702970297029,-0.11145764576457662,0.4192629262926295,-0.15698844884488417,33701.73377337734,1.8784198284149198
0.3624092409240923,1.2111551155115512,1.4161523652365238,-0.40123762376237626,1.3419004400440042,1.0604702970297029,-0.0914576457645766,0.3992629262926295,-0.16698844884488417,33720.73377337734,1.8824884414672844
0.39240924092409235,1.1711551155115512,1.4261523652365238,-0.40123762376237626,1.3819004400440043,1.0404702970297028,-0.0914576457645766,0.3992629262926295,-0.16698844884488417,34057.73377337734,1.8834294795989983
0.38240924092409234,1.1611551155115512,1.3961523652365238,-0.40123762376237626,1.4019004400440043,1.0404702970297028,-0.08145764576457659,0.3792629262926295,-0.17698844884488418,33558.73377337734,1.886494350433349
0.39240924092409235,1.1511551155115511,1.3961523652365238,-0.40123762376237626,1.431900440044004,1.020470297029703,-0.051457645764576565,0.3092629262926294,-0.16698844884488417,33473.73377337734,1.8904425621032708
0.37240924092409233,1.1411551155115511,1.4161523652365238,-0.40123762376237626,1.471900440044004,0.990470297029703,-0.04145764576457678,0.24926292629262936,-0.15698844884488417,33450.73377337734,1.8947126388549798
0.3624092409240923,1.1411551155115511,1.3961523652365238,-0.40123762376237626,1.5019004400440044,0.970470297029703,-0.04145764576457678,0.23926292629262935,-0.15698844884488417,33467.73377337734,1.895441722869876
0.38240924092409234,1.1211551155115513,1.3661523652365237,-0.41123762376237627,1.5319004400440042,0.960470297029703,-0.061457645764576574,0.23926292629262935,-0.14698844884488416,33484.73377337734,1.8986486911773675
0.3624092409240923,1.1111551155115513,1.3761523652365237,-0.41123762376237627,1.5619004400440044,0.940470297029703,-0.07145764576457658,0.22926292629262934,-0.13698844884488415,33375.73377337734,1.9026844024658196
0.39240924092409235,1.0811551155115513,1.3661523652365237,-0.41123762376237627,1.5819004400440044,0.920470297029703,-0.08145764576457659,0.20926292629262933,-0.12698844884488425,33580.73377337734,1.9075695991516106
0.40240924092409236,1.0811551155115513,1.3261523652365237,-0.4312376237623763,1.5919004400440042,0.920470297029703,-0.051457645764576565,0.1592629262926295,-0.15698844884488417,33689.73377337734,1.9075695991516106
0.40240924092409236,1.0811551155115513,1.3361523652365237,-0.4212376237623763,1.6119004400440042,0.910470297029703,-0.051457645764576565,0.11926292629262947,-0.16698844884488417,33716.73377337734,1.9111167907714837
0.39240924092409235,1.0811551155115513,1.3161523652365237,-0.40123762376237626,1.6219004400440045,0.9004702970297029,-0.051457645764576565,0.09926292629262945,-0.16698844884488417,33845.73377337734,1.9150795459747307
0.41240924092409237,1.0811551155115513,1.2861523652365237,-0.41123762376237627,1.6419004400440045,0.9004702970297029,-0.0914576457645766,0.09926292629262945,-0.1969884488448842,33948.73377337734,1.9190864086151116
0.41240924092409237,1.0611551155115513,1.2661523652365236,-0.40123762376237626,1.6519004400440043,0.8904702970297029,-0.08145764576457659,0.06926292629262942,-0.21698844884488422,34075.73377337734,1.9230882644653278
0.4224092409240924,1.0811551155115513,1.2561523652365236,-0.40123762376237626,1.6619004400440045,0.8904702970297029,-0.07145764576457658,0.059262926292629414,-0.22698844884488423,34572.73377337734,1.9230882644653278
0.4524092409240924,1.0411551155115513,1.2461523652365236,-0.39123762376237625,1.6719004400440043,0.8704702970297029,-0.0914576457645766,0.00926292629262937,-0.22698844884488423,35085.73377337734,1.9270879745483391
0.4424092409240924,1.0311551155115513,1.2061523652365236,-0.39123762376237625,1.6719004400440043,0.8704702970297029,-0.10145764576457661,0.00926292629262937,-0.22698844884488423,35876.73377337734,1.9321057319641106
0.4424092409240924,1.0111551155115512,1.1861523652365238,-0.37123762376237623,1.681900440044004,0.8704702970297029,-0.11145764576457662,-0.020737073707370546,-0.23698844884488424,36551.73377337734,1.9354691028594964
0.4724092409240924,0.9711551155115512,1.2061523652365236,-0.37123762376237623,1.681900440044004,0.8604702970297029,-0.0914576457645766,-0.06073707370737058,-0.26698844884488415,37014.73377337734,1.9362055778503446
0.49240924092409244,0.9811551155115512,1.1461523652365238,-0.37123762376237623,1.701900440044004,0.8404702970297029,-0.07145764576457658,-0.09073707370737061,-0.2969884488448842,37447.73377337734,1.9398262023925739
0.4524092409240924,1.0011551155115512,1.1361523652365237,-0.3612376237623762,1.6919004400440043,0.8404702970297029,-0.08145764576457659,-0.12073707370737052,-0.3069884488448842,37728.73377337734,1.9437756061553983
0.4724092409240924,1.0011551155115512,1.1161523652365237,-0.3512376237623762,1.701900440044004,0.8304702970297029,-0.0914576457645766,-0.14073707370737054,-0.3369884488448842,37793.73377337734,1.9477817535400384
0.4624092409240924,0.9711551155115512,1.1261523652365237,-0.3512376237623762,1.7119004400440043,0.8304702970297029,-0.07145764576457658,-0.2107370737073706,-0.35698844884488423,38086.73377337734,1.9485113143920891
0.48240924092409243,0.9811551155115512,1.0961523652365237,-0.3512376237623762,1.721900440044004,0.8204702970297029,-0.061457645764576574,-0.24073707370737063,-0.36698844884488424,38755.73377337734,1.9517776489257805
0.4524092409240924,0.9911551155115512,1.0761523652365237,-0.3512376237623762,1.721900440044004,0.8104702970297029,-0.04145764576457678,-0.25073707370737053,-0.37698844884488425,38788.73377337734,1.955990266799926
0.4424092409240924,1.0011551155115512,1.0661523652365237,-0.3412376237623762,1.7419004400440041,0.7904702970297028,-0.11145764576457662,-0.23073707370737062,-0.37698844884488425,38777.73377337734,1.960349512100219
0.4424092409240924,1.0011551155115512,1.0561523652365237,-0.3312376237623762,1.7419004400440041,0.7804702970297028,-0.10145764576457661,-0.25073707370737053,-0.37698844884488425,39254.73377337734,1.960349512100219
0.4224092409240924,1.0411551155115513,1.0361523652365237,-0.3212376237623762,1.7419004400440041,0.770470297029703,-0.12145764576457663,-0.25073707370737053,-0.38698844884488415,40007.73377337734,1.9648198604583698
0.4224092409240924,1.0511551155115513,1.0061523652365236,-0.3212376237623762,1.7419004400440041,0.760470297029703,-0.13145764576457664,-0.25073707370737053,-0.39698844884488416,40232.73377337734,1.9679698467254632
0.38240924092409234,1.0711551155115513,0.9961523652365236,-0.3112376237623762,1.7519004400440044,0.750470297029703,-0.15145764576457665,-0.24073707370737063,-0.40698844884488417,39881.73377337734,1.973005962371822
0.3624092409240923,1.1011551155115513,0.9961523652365236,-0.30123762376237617,1.7619004400440041,0.740470297029703,-0.13145764576457664,-0.24073707370737063,-0.4269884488448842,39878.73377337734,1.973005962371822
0.3424092409240923,1.0911551155115513,0.9961523652365236,-0.3112376237623762,1.7719004400440044,0.740470297029703,-0.13145764576457664,-0.26073707370737054,-0.4169884488448842,40105.73377337734,1.9770357131958
0.3124092409240923,1.0911551155115513,0.9961523652365236,-0.3212376237623762,1.7819004400440042,0.740470297029703,-0.13145764576457664,-0.2207370737073706,-0.4169884488448842,40752.73377337734,1.9808918952941887
0.3224092409240923,1.1011551155115513,0.9661523652365236,-0.3312376237623762,1.7919004400440044,0.740470297029703,-0.15145764576457665,-0.23073707370737062,-0.40698844884488417,40473.73377337734,1.9849965095519977
0.3424092409240923,1.0711551155115513,0.9561523652365236,-0.3312376237623762,1.8019004400440042,0.730470297029703,-0.2014576457645767,-0.25073707370737053,-0.38698844884488415,40258.73377337734,1.98592562675476
0.3424092409240923,1.1011551155115513,0.9061523652365238,-0.3312376237623762,1.8119004400440044,0.720470297029703,-0.22145764576457672,-0.24073707370737063,-0.3469884488448842,40449.73377337734,1.989050102233886
0.3624092409240923,1.0711551155115513,0.9061523652365238,-0.3312376237623762,1.8219004400440042,0.710470297029703,-0.24145764576457673,-0.23073707370737062,-0.3469884488448842,40328.73377337734,1.9930223941802936
0.3624092409240923,1.0911551155115513,0.8361523652365237,-0.3312376237623762,1.8319004400440044,0.700470297029703,-0.2114576457645767,-0.2107370737073706,-0.38698844884488415,40297.73377337734,1.9969262599945061
0.37240924092409233,1.0911551155115513,0.8161523652365237,-0.3312376237623762,1.8519004400440044,0.690470297029703,-0.2014576457645767,-0.23073707370737062,-0.36698844884488424,40216.73377337734,1.9979195117950432
0.38240924092409234,1.0711551155115513,0.7861523652365237,-0.3412376237623762,1.8619004400440042,0.690470297029703,-0.16145764576457666,-0.2207370737073706,-0.36698844884488424,40171.73377337734,2.0012349605560296
0.37240924092409233,1.0711551155115513,0.7961523652365237,-0.3412376237623762,1.8719004400440045,0.680470297029703,-0.18145764576457668,-0.19073707370737059,-0.3469884488448842,40370.73377337734,2.00531620979309
0.37240924092409233,1.0511551155115513,0.7361523652365237,-0.3412376237623762,1.8819004400440043,0.680470297029703,-0.15145764576457665,-0.19073707370737059,-0.3469884488448842,40435.73377337734,2.0095123767852776
0.38240924092409234,1.0011551155115512,0.7061523652365237,-0.3412376237623762,1.8819004400440043,0.670470297029703,-0.16145764576457666,-0.19073707370737059,-0.3269884488448842,40636.73377337734,2.0129847049713163
0.39240924092409235,0.9811551155115512,0.6761523652365237,-0.3412376237623762,1.9019004400440043,0.660470297029703,-0.18145764576457668,-0.16073707370737056,-0.3069884488448842,40975.73377337734,2.0140258789062493
0.37240924092409233,0.9611551155115512,0.6761523652365237,-0.3412376237623762,1.9019004400440043,0.660470297029703,-0.17145764576457667,-0.18073707370737058,-0.2969884488448842,40630.73377337734,2.017558050155639
0.3624092409240923,0.9611551155115512,0.6661523652365237,-0.3412376237623762,1.9019004400440043,0.6504702970297029,-0.15145764576457665,-0.19073707370737059,-0.27698844884488416,40179.73377337734,2.021694612503051
0.3524092409240923,0.9911551155115512,0.6461523652365236,-0.3412376237623762,1.9119004400440045,0.6504702970297029,-0.13145764576457664,-0.23073707370737062,-0.25698844884488425,39698.73377337734,2.0259115219116204
0.3324092409240923,1.0111551155115512,0.6261523652365237,-0.3512376237623762,1.9219004400440043,0.6504702970297029,-0.15145764576457665,-0.2107370737073706,-0.24698844884488425,38857.73377337734,2.026775312423702
0.3024092409240925,1.0011551155115512,0.6161523652365237,-0.3612376237623762,1.931900440044004,0.6504702970297029,-0.15145764576457665,-0.2207370737073706,-0.22698844884488423,38346.73377337734,2.0298580646514885
0.3124092409240923,0.9811551155115512,0.6161523652365237,-0.38123762376237624,1.9419004400440043,0.6504702970297029,-0.1914576457645767,-0.2007370737073706,-0.1969884488448842,38077.73377337734,2.034028005599975
0.3124092409240923,0.9511551155115512,0.5961523652365237,-0.39123762376237625,1.951900440044004,0.6504702970297029,-0.18145764576457668,-0.23073707370737062,-0.16698844884488417,37984.73377337734,2.0378298282623284
0.2924092409240925,0.9111551155115512,0.5861523652365237,-0.39123762376237625,1.951900440044004,0.6504702970297029,-0.1914576457645767,-0.24073707370737063,-0.13698844884488415,38005.73377337734,2.038862180709838
0.3224092409240923,0.8811551155115511,0.5461523652365237,-0.39123762376237625,1.9619004400440043,0.6504702970297029,-0.16145764576457666,-0.23073707370737062,-0.11698844884488424,37598.73377337734,2.042116355895999
0.2924092409240925,0.9111551155115512,0.5461523652365237,-0.40123762376237626,1.9619004400440043,0.6504702970297029,-0.15145764576457665,-0.24073707370737063,-0.08698844884488421,37269.73377337734,2.0462972640991204
0.2824092409240925,0.8911551155115511,0.5361523652365237,-0.41123762376237627,1.9619004400440043,0.6504702970297029,-0.12145764576457663,-0.24073707370737063,-0.0769884488448842,36510.73377337734,2.050544452667239
0.2824092409240925,0.8611551155115513,0.5261523652365236,-0.41123762376237627,1.9619004400440043,0.660470297029703,-0.11145764576457662,-0.28073707370737055,-0.05698844884488419,35629.73377337734,2.050544452667239
0.26240924092409246,0.8811551155115511,0.49615236523652373,-0.41123762376237627,1.9619004400440043,0.660470297029703,-0.10145764576457661,-0.3107370737073706,-0.02698844884488416,34968.73377337734,2.0549225330352776
0.27240924092409247,0.8611551155115513,0.5161523652365236,-0.4212376237623763,1.9619004400440043,0.660470297029703,-0.061457645764576574,-0.3407370737073706,-0.006988448844884254,34637.73377337734,2.0588960170745843
0.25240924092409245,0.8911551155115511,0.49615236523652373,-0.4412376237623762,1.9619004400440043,0.670470297029703,-0.061457645764576574,-0.3607370737073706,0.0030115511551157548,34090.73377337734,2.0627364635467558
0.24240924092409244,0.9011551155115511,0.4661523652365237,-0.4312376237623763,1.971900440044004,0.660470297029703,-0.04145764576457678,-0.38073707370737053,0.03301155115511578,33903.73377337734,2.063475322723388
0.22240924092409242,0.9111551155115512,0.4561523652365237,-0.4412376237623762,1.9619004400440043,0.670470297029703,-0.03145764576457677,-0.39073707370737054,0.07301155115511582,34316.73377337734,2.06673712730408
0.22240924092409242,0.9411551155115512,0.4361523652365237,-0.4512376237623762,1.971900440044004,0.680470297029703,-0.03145764576457677,-0.42073707370737057,0.09301155115511583,34247.73377337734,2.0708271980285637
0.1924092409240924,0.9611551155115512,0.41615236523652366,-0.4612376237623762,1.971900440044004,0.680470297029703,-0.04145764576457678,-0.4407370737073706,0.13301155115511587,33428.73377337734,2.074990224838256
0.1924092409240924,0.9711551155115512,0.4361523652365237,-0.4612376237623762,1.971900440044004,0.680470297029703,-0.011457645764576752,-0.4607370737073706,0.1630115511551159,33061.73377337734,2.0757257461547844
0.2124092409240924,0.9511551155115512,0.40615236523652365,-0.4712376237623762,1.9619004400440043,0.690470297029703,-0.03145764576457677,-0.4907370737073706,0.1930115511551157,32770.73377337734,2.0797705173492425
0.1924092409240924,0.9411551155115512,0.40615236523652365,-0.4712376237623762,1.9619004400440043,0.690470297029703,-0.04145764576457678,-0.5007370737073706,0.21301155115511572,32563.73377337734,2.0831045627593987
0.2024092409240924,0.9011551155115511,0.38615236523652363,-0.4812376237623762,1.951900440044004,0.700470297029703,-0.051457645764576565,-0.4907370737073706,0.23301155115511574,32700.73377337734,2.087386798858642
0.2024092409240924,0.8411551155115513,0.3661523652365237,-0.49123762376237623,1.9419004400440043,0.710470297029703,-0.051457645764576565,-0.47073707370737056,0.26301155115511576,32667.73377337734,2.0907048702239983
0.16240924092409237,0.8411551155115513,0.37615236523652373,-0.5012376237623762,1.931900440044004,0.720470297029703,-0.061457645764576574,-0.4307370737073706,0.2930115511551158,32296.73377337734,2.091757488250728
0.2024092409240924,0.7811551155115513,0.3361523652365237,-0.49123762376237623,1.9219004400440043,0.730470297029703,-0.051457645764576565,-0.4307370737073706,0.3030115511551158,32109.73377337734,2.095209312438964
0.1924092409240924,0.7711551155115512,0.3461523652365237,-0.49123762376237623,1.9219004400440043,0.730470297029703,-0.061457645764576574,-0.38073707370737053,0.3330115511551158,31692.73377337734,2.0992280960083
0.1924092409240924,0.7911551155115513,0.3161523652365237,-0.49123762376237623,1.9119004400440045,0.740470297029703,-0.07145764576457658,-0.3207370737073706,0.35301155115511584,30949.73377337734,2.1032249450683587
0.17240924092409238,0.7911551155115513,0.3161523652365237,-0.5012376237623762,1.9119004400440045,0.740470297029703,-0.08145764576457659,-0.26073707370737054,0.35301155115511584,30192.73377337734,2.104224395751956
0.14240924092409235,0.8011551155115513,0.3261523652365237,-0.5012376237623762,1.9019004400440043,0.740470297029703,-0.14145764576457664,-0.19073707370737059,0.37301155115511586,29495.73377337734,2.1072244167327874
0.15240924092409236,0.7811551155115513,0.30615236523652367,-0.5112376237623762,1.9019004400440043,0.750470297029703,-0.15145764576457665,-0.11073707370737063,0.38301155115511587,29014.73377337734,2.1116127490997307
0.16240924092409237,0.7511551155115512,0.30615236523652367,-0.5012376237623762,1.8919004400440045,0.740470297029703,-0.17145764576457667,-0.05073707370737057,0.38301155115511587,28379.73377337734,2.1153258800506585
0.16240924092409237,0.7911551155115513,0.29615236523652366,-0.5112376237623762,1.8819004400440043,0.740470297029703,-0.1914576457645767,0.01926292629262938,0.37301155115511586,27794.73377337734,2.116348695755004
0.22240924092409242,0.7711551155115512,0.28615236523652365,-0.4812376237623762,1.8519004400440044,0.750470297029703,-0.2114576457645767,0.10926292629262946,0.38301155115511587,27353.73377337734,2.11937232017517
0.22240924092409242,0.7711551155115512,0.27615236523652364,-0.4812376237623762,1.8419004400440042,0.760470297029703,-0.22145764576457672,0.13926292629262949,0.38301155115511587,26646.73377337734,2.123396587371822
0.22240924092409242,0.7811551155115513,0.30615236523652367,-0.5012376237623762,1.8419004400440042,0.770470297029703,-0.23145764576457672,0.18926292629262953,0.38301155115511587,25993.73377337734,2.12839765548706
0.24240924092409244,0.7811551155115513,0.29615236523652366,-0.49123762376237623,1.8219004400440042,0.7804702970297028,-0.25145764576457674,0.22926292629262934,0.37301155115511586,25430.73377337734,2.12839765548706
0.24240924092409244,0.7611551155115512,0.29615236523652366,-0.5012376237623762,1.8119004400440044,0.7804702970297028,-0.26145764576457675,0.25926292629262937,0.37301155115511586,24963.73377337734,2.1323973655700676
0.26240924092409246,0.7411551155115512,0.27615236523652364,-0.49123762376237623,1.8119004400440044,0.7804702970297028,-0.28145764576457677,0.3092629262926294,0.36301155115511585,24710.73377337734,2.13639850616455
0.2824092409240925,0.7111551155115512,0.28615236523652365,-0.49123762376237623,1.7819004400440042,0.7904702970297028,-0.3114576457645766,0.32926292629262943,0.37301155115511586,24631.73377337734,2.140434455871585
0.3324092409240923,0.6711551155115512,0.29615236523652366,-0.4812376237623762,1.7619004400440041,0.8004702970297028,-0.30145764576457657,0.34926292629262945,0.36301155115511585,24630.73377337734,2.140434455871585
0.3224092409240923,0.6511551155115511,0.30615236523652367,-0.4712376237623762,1.721900440044004,0.8204702970297029,-0.3114576457645766,0.36926292629262947,0.37301155115511586,24157.73377337734,2.1442613124847405
0.3324092409240923,0.6511551155115511,0.30615236523652367,-0.4612376237623762,1.7119004400440043,0.8204702970297029,-0.3214576457645766,0.3892629262926295,0.38301155115511587,23828.73377337734,2.148431253433227
0.3524092409240923,0.6211551155115511,0.3161523652365237,-0.4712376237623762,1.6919004400440043,0.8404702970297029,-0.3314576457645766,0.3992629262926295,0.3930115511551159,23875.73377337734,2.1524495601654046
0.38240924092409234,0.6011551155115511,0.3161523652365237,-0.4612376237623762,1.681900440044004,0.8504702970297029,-0.3214576457645766,0.4092629262926295,0.38301155115511587,23646.73377337734,2.1567086696624784
0.37240924092409233,0.6011551155115511,0.30615236523652367,-0.4512376237623762,1.6519004400440043,0.8604702970297029,-0.3414576457645766,0.43926292629262953,0.3930115511551159,23221.73377337734,2.1567086696624784
0.41240924092409237,0.5911551155115511,0.30615236523652367,-0.4512376237623762,1.6319004400440043,0.8704702970297029,-0.3414576457645766,0.43926292629262953,0.3930115511551159,23472.73377337734,2.160450649261474
0.4224092409240924,0.5911551155115511,0.3161523652365237,-0.4312376237623763,1.6119004400440042,0.8804702970297029,-0.3514576457645766,0.46926292629262933,0.3930115511551159,23035.73377337734,2.1648773670196526
0.4224092409240924,0.5711551155115511,0.30615236523652367,-0.4412376237623762,1.5919004400440042,0.8904702970297029,-0.3514576457645766,0.48926292629262935,0.3930115511551159,22884.73377337734,2.168885660171508
0.40240924092409236,0.5811551155115511,0.30615236523652367,-0.4412376237623762,1.5819004400440044,0.8904702970297029,-0.38145764576457664,0.5292629262926294,0.3930115511551159,22949.73377337734,2.168885660171508
0.41240924092409237,0.6011551155115511,0.30615236523652367,-0.4612376237623762,1.5919004400440042,0.8904702970297029,-0.39145764576457664,0.5492629262926294,0.38301155115511587,22856.73377337734,2.172911596298217
0.40240924092409236,0.5911551155115511,0.29615236523652366,-0.4712376237623762,1.5919004400440042,0.9004702970297029,-0.39145764576457664,0.5592629262926294,0.38301155115511587,22773.73377337734,2.176911783218383
0.41240924092409237,0.5811551155115511,0.26615236523652364,-0.4812376237623762,1.5719004400440042,0.920470297029703,-0.40145764576457665,0.5792629262926294,0.3930115511551159,22782.73377337734,2.180911970138549
0.40240924092409236,0.6111551155115511,0.29615236523652366,-0.5012376237623762,1.5819004400440044,0.920470297029703,-0.41145764576457666,0.5892629262926294,0.3930115511551159,22439.73377337734,2.181911420822143
0.39240924092409235,0.5911551155115511,0.3261523652365237,-0.5112376237623762,1.5819004400440044,0.930470297029703,-0.41145764576457666,0.5992629262926294,0.3930115511551159,21996.73377337734,2.184911441802978
0.41240924092409237,0.6311551155115511,0.3261523652365237,-0.5312376237623763,1.5719004400440042,0.930470297029703,-0.42145764576457667,0.6292629262926295,0.3930115511551159,21263.73377337734,2.189548683166503
0.4324092409240924,0.6411551155115511,0.3261523652365237,-0.5312376237623763,1.5719004400440042,0.930470297029703,-0.4314576457645767,0.6392629262926295,0.3930115511551159,20744.73377337734,2.193587970733642
0.4624092409240924,0.6211551155115511,0.30615236523652367,-0.5212376237623763,1.5719004400440042,0.930470297029703,-0.4414576457645767,0.6492629262926295,0.4030115511551159,20263.73377337734,2.193587970733642
0.4424092409240924,0.6511551155115511,0.3161523652365237,-0.5312376237623763,1.5619004400440044,0.940470297029703,-0.4414576457645767,0.6592629262926295,0.3930115511551159,20014.73377337734,2.197672080993648
0.4524092409240924,0.6611551155115512,0.30615236523652367,-0.5312376237623763,1.5419004400440044,0.950470297029703,-0.4514576457645767,0.6792629262926295,0.4030115511551159,19811.73377337734,2.2017192363739007
0.4524092409240924,0.6511551155115511,0.30615236523652367,-0.5312376237623763,1.5319004400440042,0.950470297029703,-0.4614576457645767,0.6992629262926293,0.38301155115511587,19714.73377337734,2.205894899368289
0.48240924092409243,0.6411551155115511,0.30615236523652367,-0.5312376237623763,1.5319004400440042,0.950470297029703,-0.4714576457645767,0.7192629262926293,0.38301155115511587,19775.73377337734,2.206934165954589
0.4624092409240924,0.6611551155115512,0.3261523652365237,-0.5412376237623763,1.5419004400440044,0.940470297029703,-0.4814576457645767,0.7292629262926293,0.38301155115511587,20092.73377337734,2.210064840316768
0.4524092409240924,0.6711551155115512,0.3161523652365237,-0.5412376237623763,1.5419004400440044,0.940470297029703,-0.49145764576457673,0.7492629262926294,0.38301155115511587,20229.73377337734,2.2142874717712395
0.4424092409240924,0.6411551155115511,0.3161523652365237,-0.5512376237623763,1.5319004400440042,0.950470297029703,-0.5214576457645768,0.7892629262926294,0.38301155115511587,20156.73377337734,2.218338441848754
0.4324092409240924,0.6411551155115511,0.3161523652365237,-0.5612376237623762,1.5319004400440042,0.950470297029703,-0.5314576457645768,0.8092629262926294,0.37301155115511586,20013.73377337734,2.21907992362976
0.4324092409240924,0.6311551155115511,0.3161523652365237,-0.5712376237623762,1.5319004400440042,0.960470297029703,-0.5414576457645768,0.8292629262926294,0.37301155115511586,19920.73377337734,2.2223529338836663
0.41240924092409237,0.6311551155115511,0.3261523652365237,-0.5812376237623762,1.5219004400440044,0.960470297029703,-0.5514576457645766,0.8592629262926295,0.36301155115511585,19917.73377337734,2.2264992713928216
0.39240924092409235,0.6211551155115511,0.30615236523652367,-0.5712376237623762,1.5019004400440044,0.970470297029703,-0.5714576457645766,0.8692629262926295,0.36301155115511585,19956.73377337734,2.2307593345642083
0.40240924092409236,0.6011551155115511,0.29615236523652366,-0.5712376237623762,1.5019004400440044,0.970470297029703,-0.5714576457645766,0.8992629262926295,0.36301155115511585,19701.73377337734,2.2347981452941887
0.41240924092409237,0.5911551155115511,0.27615236523652364,-0.5812376237623762,1.5019004400440044,0.960470297029703,-0.6014576457645766,0.9292629262926295,0.35301155115511584,19310.73377337734,2.2347981452941887
0.41240924092409237,0.5511551155115513,0.26615236523652364,-0.5812376237623762,1.5019004400440044,0.970470297029703,-0.6114576457645766,0.9692629262926293,0.3330115511551158,19517.73377337734,2.2392532348632805
0.40240924092409236,0.5611551155115513,0.27615236523652364,-0.6012376237623762,1.5019004400440044,0.960470297029703,-0.6214576457645766,0.9792629262926293,0.3230115511551158,19838.73377337734,2.2434622764587395
0.38240924092409234,0.5111551155115512,0.27615236523652364,-0.6012376237623762,1.4919004400440041,0.960470297029703,-0.6314576457645766,1.0192629262926294,0.3030115511551158,19851.73377337734,2.2463173389434807
0.39240924092409235,0.49115511551155117,0.24615236523652365,-0.5812376237623762,1.4619004400440043,0.980470297029703,-0.6314576457645766,1.0392629262926294,0.3030115511551158,20014.73377337734,2.2473608970642083
0.38240924092409234,0.5311551155115513,0.24615236523652365,-0.5912376237623762,1.451900440044004,0.970470297029703,-0.6314576457645766,1.0492629262926294,0.2930115511551158,19985.73377337734,2.251353693008422
0.37240924092409233,0.49115511551155117,0.24615236523652365,-0.6012376237623762,1.451900440044004,0.970470297029703,-0.6414576457645766,1.0692629262926294,0.2930115511551158,19670.73377337734,2.25500221252441
0.3624092409240923,0.48115511551155116,0.23615236523652364,-0.6012376237623762,1.451900440044004,0.960470297029703,-0.6414576457645766,1.0792629262926292,0.2830115511551158,19983.73377337734,2.2593152046203606
0.3424092409240923,0.49115511551155117,0.24615236523652365,-0.6012376237623762,1.431900440044004,0.960470297029703,-0.6514576457645767,1.0992629262926292,0.2730115511551158,20046.73377337734,2.260030221939086
0.3524092409240923,0.46115511551155114,0.23615236523652364,-0.6012376237623762,1.451900440044004,0.940470297029703,-0.6514576457645767,1.1092629262926295,0.2730115511551158,20273.73377337734,2.2633506774902337
0.3024092409240925,0.45115511551155113,0.21615236523652367,-0.5912376237623762,1.431900440044004,0.930470297029703,-0.6614576457645767,1.1192629262926292,0.26301155115511576,20756.73377337734,2.267546606063842
0.3024092409240925,0.4111551155115512,0.22615236523652363,-0.5812376237623762,1.431900440044004,0.9004702970297029,-0.6514576457645767,1.1292629262926295,0.25301155115511575,20773.73377337734,2.270940732955932
0.3024092409240925,0.4311551155115512,0.19615236523652366,-0.5812376237623762,1.431900440044004,0.8904702970297029,-0.6514576457645767,1.1292629262926295,0.25301155115511575,20364.73377337734,2.271995973587039
0.3024092409240925,0.4311551155115512,0.19615236523652366,-0.5812376237623762,1.431900440044004,0.8904702970297029,-0.6414576457645766,1.1292629262926295,0.24301155115511575,20637.73377337734,2.2759842395782464
0.25240924092409245,0.4311551155115512,0.18615236523652365,-0.5712376237623762,1.4019004400440043,0.8904702970297029,-0.6414576457645766,1.1492629262926295,0.22301155115511573,20776.73377337734,2.279985857009887
0.26240924092409246,0.4011551155115512,0.17615236523652364,-0.5812376237623762,1.4119004400440043,0.8804702970297029,-0.6414576457645766,1.1592629262926293,0.22301155115511573,20703.73377337734,2.28400011062622
0.1924092409240924,0.4111551155115512,0.18615236523652365,-0.5712376237623762,1.4019004400440043,0.8704702970297029,-0.6314576457645766,1.1692629262926295,0.21301155115511572,20926.73377337734,2.2849835872650104
0.17240924092409238,0.37115511551155117,0.17615236523652364,-0.5612376237623762,1.3919004400440043,0.8404702970297029,-0.6414576457645766,1.1792629262926293,0.2030115511551157,21013.73377337734,2.288059186935424
0.1924092409240924,0.35115511551155115,0.17615236523652364,-0.5512376237623763,1.3719004400440042,0.8304702970297029,-0.6414576457645766,1.1992629262926293,0.1930115511551157,21680.73377337734,2.292009544372558
0.15240924092409236,0.34115511551155114,0.16615236523652363,-0.5512376237623763,1.3619004400440042,0.8104702970297029,-0.6414576457645766,1.2192629262926293,0.1930115511551157,21443.73377337734,2.2970268249511676
0.13240924092409234,0.3011551155115512,0.16615236523652363,-0.5512376237623763,1.3819004400440043,0.7904702970297028,-0.6514576457645767,1.2192629262926293,0.1830115511551157,21392.73377337734,2.3004836559295647
0.12240924092409233,0.31115511551155123,0.17615236523652364,-0.5412376237623763,1.3419004400440042,0.7904702970297028,-0.6514576457645767,1.2392629262926294,0.1730115511551159,21765.73377337734,2.3010177135467558
0.13240924092409234,0.34115511551155114,0.15615236523652368,-0.5512376237623763,1.3619004400440042,0.770470297029703,-0.6514576457645767,1.2492629262926296,0.1630115511551159,21140.73377337734,2.305026721954345
0.09240924092409242,0.37115511551155117,0.15615236523652368,-0.5512376237623763,1.3619004400440042,0.730470297029703,-0.6514576457645767,1.2592629262926294,0.1630115511551159,21639.73377337734,2.308282804489135
0.10240924092409243,0.37115511551155117,0.13615236523652366,-0.5412376237623763,1.3419004400440042,0.710470297029703,-0.6614576457645767,1.2792629262926294,0.1530115511551159,22132.73377337734,2.3122527122497587
0.13240924092409234,0.37115511551155117,0.14615236523652367,-0.5612376237623762,1.3319004400440042,0.730470297029703,-0.6614576457645767,1.2892629262926296,0.14301155115511588,22099.73377337734,2.3122527122497587
0.10240924092409243,0.3811551155115512,0.15615236523652368,-0.5612376237623762,1.3319004400440042,0.710470297029703,-0.6614576457645767,1.2892629262926296,0.13301155115511587,21372.73377337734,2.3165924072265582
0.0724092409240924,0.4011551155115512,0.14615236523652367,-0.5612376237623762,1.3019004400440042,0.690470297029703,-0.6714576457645767,1.3092629262926296,0.13301155115511587,21467.73377337734,2.320545387268062
0.11240924092409244,0.4211551155115512,0.14615236523652367,-0.5412376237623763,1.3019004400440042,0.660470297029703,-0.6714576457645767,1.3092629262926296,0.13301155115511587,21514.73377337734,2.324831199645999
0.10240924092409243,0.4211551155115512,0.15615236523652368,-0.5212376237623763,1.2619004400440044,0.6504702970297029,-0.6614576457645767,1.3092629262926296,0.12301155115511586,22109.73377337734,2.3255741119384794
0.09240924092409242,0.4011551155115512,0.15615236523652368,-0.5012376237623762,1.2219004400440043,0.6404702970297029,-0.6614576457645767,1.3192629262926294,0.10301155115511584,21682.73377337734,2.3288495063781696
0.11240924092409244,0.4111551155115512,0.14615236523652367,-0.5212376237623763,1.2119004400440043,0.6204702970297029,-0.6614576457645767,1.3292629262926292,0.10301155115511584,21175.73377337734,2.33309454917908
0.13240924092409234,0.3911551155115512,0.16615236523652363,-0.5112376237623762,1.1919004400440043,0.5904702970297029,-0.6714576457645767,1.3392629262926294,0.09301155115511583,21336.73377337734,2.33716077804565
0.14240924092409235,0.4011551155115512,0.12615236523652365,-0.5012376237623762,1.1719004400440043,0.5804702970297031,-0.6714576457645767,1.3592629262926295,0.09301155115511583,20967.73377337734,2.337989997863769
0.13240924092409234,0.4011551155115512,0.13615236523652366,-0.49123762376237623,1.1619004400440043,0.5904702970297029,-0.6614576457645767,1.3592629262926295,0.07301155115511582,20888.73377337734,2.3411375999450676
0.12240924092409233,0.4311551155115512,0.12615236523652365,-0.4712376237623762,1.1119004400440042,0.5404702970297031,-0.6614576457645767,1.3792629262926295,0.06301155115511581,20933.73377337734,2.3451008319854765
0.12240924092409233,0.4011551155115512,0.12615236523652365,-0.4712376237623762,1.0919004400440042,0.520470297029703,-0.6714576457645767,1.3892629262926293,0.0530115511551158,20934.73377337734,2.349270057678222
0.12240924092409233,0.3911551155115512,0.13615236523652366,-0.4612376237623762,1.0619004400440042,0.49047029702970296,-0.6714576457645767,1.3992629262926295,0.04301155115511579,20819.73377337734,2.3500039100646966
0.15240924092409236,0.37115511551155117,0.12615236523652365,-0.4512376237623762,1.0819004400440042,0.47047029702970294,-0.6714576457645767,1.4092629262926293,0.03301155115511578,20632.73377337734,2.3532683372497587
0.13240924092409234,0.3811551155115512,0.11615236523652364,-0.4712376237623762,1.0819004400440042,0.430470297029703,-0.6714576457645767,1.4192629262926295,0.023011551155115773,21025.73377337734,2.357573223114013
0.15240924092409236,0.3811551155115512,0.10615236523652363,-0.4612376237623762,1.0719004400440042,0.380470297029703,-0.6814576457645767,1.4292629262926293,0.013011551155115764,21234.73377337734,2.361754608154296
0.15240924092409236,0.4111551155115512,0.10615236523652363,-0.4512376237623762,1.0419004400440044,0.36047029702970296,-0.6714576457645767,1.4392629262926295,0.0030115511551157548,21157.73377337734,2.3653113365173297
0.14240924092409235,0.4111551155115512,0.11615236523652364,-0.4612376237623762,1.0219004400440044,0.34047029702970294,-0.6714576457645767,1.4592629262926295,-0.016988448844884152,21130.73377337734,2.3653113365173297
0.1924092409240924,0.4211551155115512,0.12615236523652365,-0.4412376237623762,1.0119004400440044,0.35047029702970295,-0.6714576457645767,1.4692629262926293,-0.02698844884488416,20543.73377337734,2.369893264770507
0.1824092409240924,0.4411551155115511,0.12615236523652365,-0.4312376237623763,0.9219004400440043,0.34047029702970294,-0.6714576457645767,1.4792629262926296,-0.03698844884488417,20172.73377337734,2.373945426940921
0.22240924092409242,0.4411551155115511,0.12615236523652365,-0.4412376237623762,0.9219004400440043,0.310470297029703,-0.6814576457645767,1.4792629262926296,-0.03698844884488417,20161.73377337734,2.377952051162719
0.22240924092409242,0.45115511551155113,0.13615236523652366,-0.4312376237623763,0.9519004400440043,0.270470297029703,-0.6614576457645767,1.4692629262926293,-0.04698844884488418,20146.73377337734,2.378691864013671
0.24240924092409244,0.5011551155115512,0.12615236523652365,-0.4212376237623763,0.9219004400440043,0.25047029702970297,-0.6514576457645767,1.4692629262926293,-0.05698844884488419,19697.73377337734,2.381947469711303
0.27240924092409247,0.5311551155115513,0.14615236523652367,-0.41123762376237627,0.9619004400440043,0.22047029702970294,-0.6414576457645766,1.4692629262926293,-0.0669884488448842,19262.73377337734,2.3863713264465325
0.3524092409240923,0.5011551155115512,0.12615236523652365,-0.4212376237623763,0.9619004400440043,0.22047029702970294,-0.6414576457645766,1.4692629262926293,-0.0669884488448842,18825.73377337734,2.3904747486114495
0.3524092409240923,0.5211551155115512,0.12615236523652365,-0.4212376237623763,0.9319004400440043,0.20047029702970304,-0.6514576457645767,1.4692629262926293,-0.0769884488448842,18404.73377337734,2.391291332244876
0.3624092409240923,0.5211551155115512,0.12615236523652365,-0.4212376237623763,0.9619004400440043,0.170470297029703,-0.6514576457645767,1.4692629262926293,-0.0769884488448842,18343.73377337734,2.3943979263305657
0.38240924092409234,0.5411551155115513,0.14615236523652367,-0.41123762376237627,0.9319004400440043,0.150470297029703,-0.6614576457645767,1.4892629262926294,-0.0769884488448842,18452.73377337734,2.3986320018768303
0.39240924092409235,0.5811551155115511,0.13615236523652366,-0.4212376237623763,0.9319004400440043,0.12047029702970297,-0.6614576457645767,1.4792629262926296,-0.08698844884488421,18371.73377337734,2.4028527259826618
0.41240924092409237,0.6111551155115511,0.13615236523652366,-0.41123762376237627,0.9219004400440043,0.170470297029703,-0.6314576457645766,1.4292629262926293,-0.0669884488448842,18154.73377337734,2.4028527259826618
0.4224092409240924,0.6511551155115511,0.14615236523652367,-0.4212376237623763,0.9119004400440043,0.160470297029703,-0.6214576457645766,1.4292629262926293,-0.08698844884488421,17743.73377337734,2.4068452835083
0.4424092409240924,0.6611551155115512,0.15615236523652368,-0.40123762376237626,0.8819004400440043,0.160470297029703,-0.6114576457645766,1.4092629262926293,-0.08698844884488421,17060.73377337734,2.4109253406524616
0.4624092409240924,0.6811551155115512,0.15615236523652368,-0.38123762376237624,0.8919004400440043,0.13047029702970298,-0.5914576457645766,1.4092629262926293,-0.08698844884488421,17011.73377337734,2.4149834632873564
0.48240924092409243,0.6611551155115512,0.15615236523652368,-0.38123762376237624,0.9019004400440043,0.100470297029703,-0.5914576457645766,1.4092629262926293,-0.09698844884488422,16828.73377337734,2.415892791748046
0.4724092409240924,0.7011551155115512,0.15615236523652368,-0.38123762376237624,0.9119004400440043,0.11047029702970301,-0.5714576457645766,1.3992629262926295,-0.11698844884488424,16419.73377337734,2.418979358673095
0.48240924092409243,0.6911551155115512,0.17615236523652364,-0.39123762376237625,0.9119004400440043,0.13047029702970298,-0.5614576457645766,1.3892629262926293,-0.10698844884488423,15962.733773377338,2.4231500148773186
0.5024092409240924,0.7311551155115512,0.17615236523652364,-0.39123762376237625,0.9319004400440043,0.11047029702970301,-0.5514576457645766,1.3592629262926295,-0.10698844884488423,15857.733773377338,2.427453708648681
0.5224092409240925,0.7511551155115512,0.18615236523652365,-0.39123762376237625,0.9419004400440043,0.13047029702970298,-0.5214576457645768,1.3092629262926296,-0.09698844884488422,15956.733773377338,2.427453708648681
0.5624092409240923,0.7511551155115512,0.18615236523652365,-0.39123762376237625,0.9619004400440043,0.100470297029703,-0.5014576457645767,1.2892629262926296,-0.08698844884488421,15369.733773377338,2.431420993804931
0.5924092409240923,0.7711551155115512,0.20615236523652367,-0.37123762376237623,0.9619004400440043,0.100470297029703,-0.49145764576457673,1.2792629262926294,-0.09698844884488422,14968.733773377338,2.435813617706298
0.6024092409240923,0.7811551155115513,0.20615236523652367,-0.3512376237623762,0.9519004400440043,0.08047029702970299,-0.49145764576457673,1.2692629262926296,-0.09698844884488422,14647.733773377338,2.4394685745239286
0.6224092409240923,0.7811551155115513,0.19615236523652366,-0.3512376237623762,0.9619004400440043,0.08047029702970299,-0.4714576457645767,1.2592629262926294,-0.11698844884488424,14254.733773377338,2.4435574531555204
0.6424092409240924,0.7811551155115513,0.22615236523652363,-0.3412376237623762,0.9719004400440043,0.08047029702970299,-0.4514576457645767,1.2392629262926294,-0.11698844884488424,13893.733773377338,2.4435574531555204
0.6424092409240924,0.7911551155115513,0.23615236523652364,-0.3412376237623762,0.9619004400440043,0.100470297029703,-0.4614576457645767,1.2292629262926296,-0.10698844884488423,13594.733773377338,2.4478218078613274
0.6524092409240924,0.8111551155115513,0.23615236523652364,-0.3312376237623762,0.9719004400440043,0.11047029702970301,-0.4414576457645767,1.2192629262926293,-0.11698844884488424,13565.733773377338,2.4519140243530266
0.6624092409240924,0.8311551155115513,0.2561523652365236,-0.3312376237623762,0.9619004400440043,0.12047029702970297,-0.4314576457645767,1.1792629262926293,-0.09698844884488422,13250.733773377338,2.455481958389278
0.6724092409240924,0.8211551155115513,0.2561523652365236,-0.3312376237623762,0.9819004400440043,0.12047029702970297,-0.42145764576457667,1.1592629262926293,-0.08698844884488421,12917.733773377338,2.456217718124389
0.6824092409240924,0.8411551155115513,0.2561523652365236,-0.3312376237623762,0.9719004400440043,0.12047029702970297,-0.42145764576457667,1.1492629262926295,-0.0769884488448842,12696.733773377338,2.460210752487182
0.6824092409240924,0.8611551155115513,0.2561523652365236,-0.3512376237623762,0.9919004400440044,0.150470297029703,-0.42145764576457667,1.1292629262926295,-0.0669884488448842,12643.733773377338,2.4642998695373564
0.7024092409240924,0.8611551155115513,0.29615236523652366,-0.3412376237623762,0.9919004400440044,0.160470297029703,-0.40145764576457665,1.0992629262926292,-0.0669884488448842,12694.733773377338,2.4683181762695305
0.7124092409240924,0.8611551155115513,0.29615236523652366,-0.3312376237623762,0.9719004400440043,0.160470297029703,-0.38145764576457664,1.0792629262926292,-0.0769884488448842,13013.733773377338,2.469210815429687
0.7424092409240924,0.8711551155115513,0.29615236523652366,-0.3312376237623762,0.9919004400440044,0.150470297029703,-0.38145764576457664,1.0692629262926294,-0.0769884488448842,12664.733773377338,2.4722997665405266
0.7424092409240924,0.8911551155115511,0.30615236523652367,-0.3312376237623762,0.9919004400440044,0.170470297029703,-0.3614576457645766,1.0492629262926294,-0.08698844884488421,11935.733773377338,2.4764565944671624
0.7524092409240924,0.8911551155115511,0.29615236523652366,-0.3512376237623762,1.0019004400440044,0.19047029702970303,-0.3614576457645766,1.0492629262926294,-0.08698844884488421,12252.733773377338,2.480492305755611
0.7724092409240925,0.8811551155115511,0.3261523652365237,-0.3212376237623762,0.9819004400440043,0.19047029702970303,-0.3414576457645766,0.9792629262926293,-0.05698844884488419,11995.733773377338,2.480492305755611
0.7724092409240925,0.8811551155115511,0.3361523652365237,-0.3212376237623762,0.9819004400440043,0.21047029702970305,-0.3314576457645766,0.9692629262926293,-0.04698844884488418,11760.733773377338,2.484584283828731
0.7924092409240925,0.8911551155115511,0.3661523652365237,-0.3112376237623762,0.9619004400440043,0.22047029702970294,-0.3214576457645766,0.9392629262926295,-0.03698844884488417,11401.733773377338,2.488629055023196
0.7824092409240925,0.9011551155115511,0.37615236523652373,-0.29123762376237616,0.9619004400440043,0.23047029702970295,-0.3214576457645766,0.9192629262926295,-0.03698844884488417,11408.733773377338,2.4928166389465325
0.7924092409240925,0.8911551155115511,0.38615236523652363,-0.30123762376237617,0.9919004400440044,0.23047029702970295,-0.3214576457645766,0.9292629262926295,-0.03698844884488417,11289.733773377338,2.493675899505611
0.8124092409240923,0.9111551155115512,0.39615236523652364,-0.3112376237623762,0.9919004400440044,0.23047029702970295,-0.3214576457645766,0.8992629262926295,-0.02698844884488416,11230.733773377338,2.4968666553497307
0.8124092409240923,0.9011551155115511,0.42615236523652367,-0.30123762376237617,0.9819004400440043,0.25047029702970297,-0.30145764576457657,0.8592629262926295,-0.02698844884488416,11057.733773377338,2.5007562160491936
0.7924092409240925,0.9011551155115511,0.42615236523652367,-0.29123762376237616,0.9719004400440043,0.260470297029703,-0.30145764576457657,0.8392629262926294,-0.02698844884488416,11276.733773377338,2.504655790328979
0.8124092409240923,0.9211551155115512,0.4361523652365237,-0.28123762376237615,1.0019004400440044,0.260470297029703,-0.28145764576457677,0.8092629262926294,-0.016988448844884152,11097.733773377338,2.508659315109252
0.8024092409240925,0.9311551155115512,0.4561523652365237,-0.28123762376237615,1.0219004400440044,0.260470297029703,-0.27145764576457676,0.7792629262926294,0.0030115511551157548,11322.733773377338,2.508659315109252
0.8224092409240923,0.9411551155115512,0.4661523652365237,-0.27123762376237615,1.0419004400440044,0.260470297029703,-0.27145764576457676,0.7592629262926294,0.013011551155115764,11325.733773377338,2.513302516937255
0.8324092409240923,0.9511551155115512,0.4661523652365237,-0.27123762376237615,1.0719004400440042,0.270470297029703,-0.26145764576457675,0.7492629262926294,-0.006988448844884254,11402.733773377338,2.517492008209228
0.8324092409240923,0.9711551155115512,0.49615236523652373,-0.27123762376237615,1.0819004400440042,0.290470297029703,-0.24145764576457673,0.7192629262926293,0.013011551155115764,11557.733773377338,2.5214471340179436
0.8224092409240923,0.9611551155115512,0.5361523652365237,-0.27123762376237615,1.0719004400440042,0.290470297029703,-0.23145764576457672,0.6992629262926293,0.0030115511551157548,11954.733773377338,2.5214471340179436
0.8424092409240923,0.9711551155115512,0.5161523652365236,-0.27123762376237615,1.0719004400440042,0.290470297029703,-0.23145764576457672,0.6792629262926295,0.013011551155115764,11771.733773377338,2.5255763053894036
0.8624092409240923,0.9711551155115512,0.5261523652365236,-0.26123762376237614,1.0619004400440042,0.300470297029703,-0.2114576457645767,0.6492629262926295,0.03301155115511578,11798.733773377338,2.5295476436614983
0.8724092409240923,0.9611551155115512,0.5161523652365236,-0.2512376237623761,1.0919004400440042,0.300470297029703,-0.2014576457645767,0.6092629262926295,0.04301155115511579,11585.733773377338,2.533723068237304
0.8624092409240923,0.9811551155115512,0.5361523652365237,-0.26123762376237614,1.0919004400440042,0.290470297029703,-0.2114576457645767,0.6092629262926295,0.03301155115511578,11624.733773377338,2.533723068237304
0.8724092409240923,1.0011551155115512,0.5261523652365236,-0.2512376237623761,1.1019004400440042,0.290470297029703,-0.1914576457645767,0.5892629262926294,0.023011551155115773,12051.733773377338,2.5380904197692864
0.8824092409240923,0.9911551155115512,0.5161523652365236,-0.27123762376237615,1.1019004400440042,0.300470297029703,-0.18145764576457668,0.5592629262926294,0.03301155115511578,11430.733773377338,2.542073678970336
0.8524092409240923,0.9911551155115512,0.5661523652365237,-0.26123762376237614,1.0919004400440042,0.32047029702970303,-0.17145764576457667,0.5392629262926294,0.04301155115511579,10811.733773377338,2.5458099365234403
0.8624092409240923,0.9911551155115512,0.5761523652365237,-0.2512376237623761,1.0919004400440042,0.32047029702970303,-0.17145764576457667,0.5292629262926294,0.04301155115511579,10916.733773377338,2.546535444259643
0.8624092409240923,0.9911551155115512,0.5861523652365237,-0.24123762376237634,1.0819004400440042,0.310470297029703,-0.18145764576457668,0.5092629262926294,0.0530115511551158,11141.733773377338,2.549808692932128
0.8724092409240923,0.9911551155115512,0.5761523652365237,-0.23123762376237633,1.0719004400440042,0.32047029702970303,-0.18145764576457668,0.5192629262926294,0.0530115511551158,10936.733773377338,2.554538440704345
0.8824092409240923,0.9911551155115512,0.5761523652365237,-0.23123762376237633,1.0719004400440042,0.32047029702970303,-0.17145764576457667,0.48926292629262935,0.0530115511551158,10675.733773377338,2.5585638999938958
0.8824092409240923,0.9911551155115512,0.5761523652365237,-0.24123762376237634,1.0919004400440042,0.32047029702970303,-0.17145764576457667,0.48926292629262935,0.04301155115511579,10848.733773377338,2.5585638999938958
0.8924092409240924,0.9911551155115512,0.5761523652365237,-0.2512376237623761,1.0819004400440042,0.33047029702970304,-0.17145764576457667,0.47926292629262934,0.04301155115511579,10859.733773377338,2.5621602058410637
0.8824092409240923,1.0011551155115512,0.5661523652365237,-0.26123762376237614,1.0919004400440042,0.33047029702970304,-0.14145764576457664,0.4492629262926293,0.04301155115511579,10990.733773377338,2.567170810699462
0.8924092409240924,1.0011551155115512,0.5761523652365237,-0.26123762376237614,1.0919004400440042,0.33047029702970304,-0.11145764576457662,0.4492629262926293,-0.006988448844884254,10675.733773377338,2.570494365692138
0.8724092409240923,1.0011551155115512,0.5961523652365237,-0.26123762376237614,1.0919004400440042,0.310470297029703,-0.0914576457645766,0.4492629262926293,-0.02698844884488416,10586.733773377338,2.5711824417114215
0.8824092409240923,0.9911551155115512,0.5961523652365237,-0.24123762376237634,1.0919004400440042,0.310470297029703,-0.11145764576457662,0.4492629262926293,-0.03698844884488417,10481.733773377338,2.5746254444122307
0.8624092409240923,1.0011551155115512,0.6161523652365237,-0.26123762376237614,1.1019004400440042,0.310470297029703,-0.10145764576457661,0.43926292629262953,-0.03698844884488417,10164.733773377338,2.5787858486175566
0.8624092409240923,1.0011551155115512,0.6161523652365237,-0.24123762376237634,1.1019004400440042,0.300470297029703,-0.08145764576457659,0.4192629262926295,-0.04698844884488418,10221.733773377338,2.5829591274261468
0.8624092409240923,1.0011551155115512,0.6161523652365237,-0.2512376237623761,1.1219004400440042,0.310470297029703,-0.07145764576457658,0.4092629262926295,-0.0669884488448842,10598.733773377338,2.5870940208435016
0.8524092409240923,1.0111551155115512,0.6161523652365237,-0.2512376237623761,1.1119004400440042,0.310470297029703,-0.07145764576457658,0.4092629262926295,-0.08698844884488421,10459.733773377338,2.5870940208435016
0.8524092409240923,1.0111551155115512,0.6361523652365236,-0.24123762376237634,1.1019004400440042,0.300470297029703,-0.08145764576457659,0.4092629262926295,-0.0669884488448842,10490.733773377338,2.591159296035766
0.8524092409240923,1.0111551155115512,0.6461523652365236,-0.23123762376237633,1.0919004400440042,0.310470297029703,-0.0914576457645766,0.4092629262926295,-0.04698844884488418,10615.733773377338,2.5952612876892083
0.8524092409240923,1.0011551155115512,0.6461523652365236,-0.24123762376237634,1.1019004400440042,0.300470297029703,-0.10145764576457661,0.4092629262926295,-0.04698844884488418,10286.733773377338,2.599275541305545
