-0.46287011557512375,-0.4251926252063841,-0.2942157402311504,-0.11765822784810129,-0.47444138690148613,-0.02763621353880019,-0.3552173913043479,-0.23678315905338476,-0.030613648871766673,93397.91992294992,0.002660465240477805
-0.44287011557512374,-0.4151926252063841,-0.27421574023115036,-0.13765822784810128,-0.4644413869014861,-0.017636213538800197,-0.38521739130434784,-0.21678315905338474,-0.030613648871766673,93720.91992294992,0.003409814834594016
-0.45287011557512374,-0.45519262520638404,-0.3342157402311504,-0.12765822784810127,-0.47444138690148613,-0.02763621353880019,-0.32521739130434785,-0.23678315905338476,-0.030613648871766673,93543.91992294992,0.006532859802248936
-0.41287011557512376,-0.4051926252063841,-0.2942157402311504,-0.1476582278481013,-0.47444138690148613,-0.007636213538800202,-0.37521739130434784,-0.21678315905338474,-0.02061364887176667,92556.91992294992,0.010541629791259055
-0.4228701155751238,-0.44519262520638414,-0.3042157402311504,-0.13765822784810128,-0.5344413869014861,-0.007636213538800202,-0.3652173913043478,-0.23678315905338476,-0.040613648871766675,92239.91992294992,0.014507722854609995
-0.41287011557512376,-0.3951926252063841,-0.3242157402311504,-0.13765822784810128,-0.48444138690148614,-0.007636213538800202,-0.33521739130434786,-0.21678315905338474,-0.030613648871766673,92068.91992294992,0.015554141998290305
-0.4228701155751238,-0.3951926252063841,-0.3142157402311504,-0.10765822784810128,-0.5144413869014861,-0.007636213538800202,-0.37521739130434784,-0.2567831590533848,-0.030613648871766673,92765.91992294992,0.01854081153869558
-0.4328701155751238,-0.3751926252063841,-0.3242157402311504,-0.07765822784810128,-0.5244413869014861,0.002363786461199807,-0.38521739130434784,-0.21678315905338474,-0.030613648871766673,93510.91992294992,0.022681427001955967
-0.4328701155751238,-0.3951926252063841,-0.3042157402311504,-0.07765822784810128,-0.5044413869014861,-0.007636213538800202,-0.3652173913043478,-0.20678315905338474,-0.030613648871766673,93289.91992294992,0.026868534088130502
-0.44287011557512374,-0.3751926252063841,-0.2942157402311504,-0.0376582278481013,-0.5244413869014861,0.002363786461199807,-0.3552173913043479,-0.20678315905338474,-0.030613648871766673,93158.91992294992,0.026868534088130502
-0.4228701155751238,-0.32519262520638414,-0.3042157402311504,-0.04765822784810125,-0.5344413869014861,0.012363786461199816,-0.3552173913043479,-0.18678315905338477,-0.030613648871766673,94475.91992294992,0.03086276054382253
-0.41287011557512376,-0.2751926252063841,-0.27421574023115036,-0.05765822784810126,-0.5344413869014861,0.012363786461199816,-0.33521739130434786,-0.22678315905338475,-0.030613648871766673,94986.91992294992,0.03586454391479421
-0.45287011557512374,-0.24519262520638407,-0.27421574023115036,-0.0376582278481013,-0.5544413869014861,0.012363786461199816,-0.28521739130434787,-0.20678315905338474,-0.030613648871766673,95009.91992294992,0.03924841880798269
-0.5328701155751238,-0.21519262520638405,-0.3042157402311504,-0.02765822784810129,-0.5744413869014862,0.012363786461199816,-0.32521739130434785,-0.2567831590533848,-0.030613648871766673,95394.91992294992,0.0402576446533196
-0.48287011557512377,-0.18519262520638413,-0.3242157402311504,0.012341772151898744,-0.5844413869014862,0.022363786461199797,-0.33521739130434786,-0.22678315905338475,-0.030613648871766673,96453.91992294992,0.04328508377075124
-0.4928701155751238,-0.1651926252063841,-0.28421574023115037,-0.02765822784810129,-0.5844413869014862,0.012363786461199816,-0.30521739130434783,-0.20678315905338474,-0.02061364887176667,96728.91992294992,0.04721422195434499
-0.5228701155751238,-0.05519262520638413,-0.3142157402311504,-0.007658227848101273,-0.5944413869014862,0.022363786461199797,-0.2952173913043479,-0.21678315905338474,-0.02061364887176667,97091.91992294992,0.05188651084899831
-0.5028701155751237,-0.05519262520638413,-0.2942157402311504,0.0023417721518987356,-0.6044413869014862,0.022363786461199797,-0.26521739130434785,-0.20678315905338474,-0.010613648871766676,98222.91992294992,0.05188651084899831
-0.4928701155751238,-0.04519262520638412,-0.28421574023115037,0.0023417721518987356,-0.5844413869014862,0.022363786461199797,-0.24521739130434783,-0.22678315905338475,-0.02061364887176667,98887.91992294992,0.0561646938324003
-0.47287011557512376,0.004807374793615926,-0.27421574023115036,0.052341772151898724,-0.5944413869014862,0.022363786461199797,-0.2952173913043479,-0.19678315905338478,-0.02061364887176667,99278.91992294992,0.05947442054748464
-0.45287011557512374,0.13480737479361582,-0.2042157402311504,0.052341772151898724,-0.5844413869014862,0.022363786461199797,-0.22521739130434787,-0.18678315905338477,-0.02061364887176667,99715.91992294992,0.06350440979003835
-0.48287011557512377,0.12480737479361581,-0.15421574023115037,0.052341772151898724,-0.5844413869014862,0.022363786461199797,-0.22521739130434787,-0.16678315905338476,-0.02061364887176667,100194.91992294992,0.06783361434936452
-0.5028701155751237,0.20480737479361588,-0.2042157402311504,0.042341772151898716,-0.5944413869014862,0.022363786461199797,-0.22521739130434787,-0.15678315905338475,-0.02061364887176667,100555.91992294992,0.06783361434936452
-0.47287011557512376,0.41480737479361585,-0.1942157402311504,0.03234177215189871,-0.5744413869014862,0.012363786461199816,-0.18521739130434783,-0.11678315905338477,-0.02061364887176667,100958.91992294992,0.07184548377990652
-0.5128701155751237,0.3748073747936158,-0.2042157402311504,0.042341772151898716,-0.5744413869014862,0.012363786461199816,-0.17521739130434788,-0.10678315905338476,-0.02061364887176667,101349.91992294992,0.07684583663940359
-0.47287011557512376,0.42480737479361586,-0.17421574023115038,0.042341772151898716,-0.5744413869014862,0.012363786461199816,-0.16521739130434787,-0.10678315905338476,-0.02061364887176667,101578.91992294992,0.07992334365844656
-0.47287011557512376,0.544807374793616,-0.17421574023115038,0.06234177215189873,-0.5544413869014861,0.012363786461199816,-0.14521739130434785,-0.09678315905338475,-0.02061364887176667,101627.91992294992,0.08096380233764577
-0.4228701155751238,0.6248073747936158,-0.17421574023115038,0.07234177215189874,-0.5444413869014861,0.022363786461199797,-0.14521739130434785,-0.10678315905338476,-0.02061364887176667,101550.91992294992,0.0840796947479241
-0.44287011557512374,0.6548073747936158,-0.16421574023115038,0.06234177215189873,-0.5444413869014861,0.012363786461199816,-0.15521739130434786,-0.10678315905338476,-0.02061364887176667,101789.91992294992,0.08861393928527761
-0.44287011557512374,0.7248073747936159,-0.11421574023115039,0.06234177215189873,-0.5544413869014861,0.012363786461199816,-0.13521739130434784,-0.12678315905338478,-0.010613648871766676,101426.91992294992,0.0926570415496819
-0.45287011557512374,0.794807374793616,-0.10421574023115038,0.022341772151898698,-0.5344413869014861,0.012363786461199816,-0.11521739130434783,-0.11678315905338477,-0.010613648871766676,100903.91992294992,0.0926570415496819
-0.38287011557512374,0.8848073747936158,-0.0642157402311504,0.052341772151898724,-0.5244413869014861,0.012363786461199816,-0.15521739130434786,-0.12678315905338478,-0.010613648871766676,100792.91992294992,0.09667940139770437
-0.3728701155751238,0.9648073747936159,-0.08421574023115042,0.042341772151898716,-0.5244413869014861,0.002363786461199807,-0.13521739130434784,-0.13678315905338478,-0.010613648871766676,100467.91992294992,0.1004843235015862
-0.3628701155751238,0.9948073747936157,-0.0642157402311504,0.042341772151898716,-0.5144413869014861,0.002363786461199807,-0.14521739130434785,-0.12678315905338478,-0.0006136488717666672,100932.91992294992,0.10449929237365652
-0.33287011557512375,1.1148073747936158,-0.05421574023115039,0.022341772151898698,-0.4944413869014861,0.012363786461199816,-0.18521739130434783,-0.15678315905338475,-0.010613648871766676,101355.91992294992,0.10549826622009206
-0.3128701155751238,1.204807374793616,-0.0742157402311504,-0.007658227848101273,-0.5044413869014861,-0.007636213538800202,-0.18521739130434783,-0.14678315905338474,-0.0006136488717666672,101560.91992294992,0.10849947929382253
-0.34287011557512376,1.3248073747936158,-0.05421574023115039,0.012341772151898744,-0.5244413869014861,0.002363786461199807,-0.22521739130434787,-0.15678315905338475,-0.010613648871766676,101475.91992294992,0.11349530220032022
-0.23287011557512372,1.394807374793616,-0.03421574023115037,0.022341772151898698,-0.5244413869014861,-0.007636213538800202,-0.26521739130434785,-0.16678315905338476,-0.0006136488717666672,101194.91992294992,0.11689872741699148
-0.24287011557512372,1.4448073747936159,-0.05421574023115039,-0.02765822784810129,-0.5244413869014861,0.002363786461199807,-0.28521739130434787,-0.15678315905338475,-0.0006136488717666672,100881.91992294992,0.1179310798645048
-0.2028701155751238,1.564807374793616,-0.0642157402311504,-0.11765822784810129,-0.5544413869014861,-0.02763621353880019,-0.32521739130434785,-0.17678315905338476,-0.0006136488717666672,100786.91992294992,0.12086362838745046
-0.25287011557512373,1.714807374793616,-0.05421574023115039,-0.09765822784810127,-0.5444413869014861,-0.017636213538800197,-0.32521739130434785,-0.17678315905338476,-0.0006136488717666672,100309.91992294992,0.12489361763000417
-0.13287011557512374,1.6948073747936159,-0.03421574023115037,-0.09765822784810127,-0.5344413869014861,-0.017636213538800197,-0.33521739130434786,-0.17678315905338476,0.019386351128233323,100198.91992294992,0.12989325523376394
-0.11287011557512372,1.734807374793616,-0.0042157402311503445,-0.10765822784810128,-0.5544413869014861,-0.017636213538800197,-0.32521739130434785,-0.19678315905338478,0.009386351128233328,99765.91992294992,0.12989325523376394
-0.0828701155751238,1.754807374793616,0.015784259768849562,-0.1476582278481013,-0.5444413869014861,-0.007636213538800202,-0.33521739130434786,-0.18678315905338477,0.019386351128233323,99012.91992294992,0.13389320373535085
-0.09287011557512381,1.834807374793616,0.015784259768849562,-0.10765822784810128,-0.5344413869014861,0.002363786461199807,-0.32521739130434785,-0.19678315905338478,0.019386351128233323,98731.91992294992,0.13719220161437917
-0.0828701155751238,1.834807374793616,0.015784259768849562,-0.06765822784810127,-0.5344413869014861,0.012363786461199816,-0.34521739130434786,-0.18678315905338477,0.019386351128233323,98018.91992294992,0.14128942489623952
-0.05287011557512378,1.854807374793616,0.04578425976884959,-0.04765822784810125,-0.5344413869014861,0.022363786461199797,-0.33521739130434786,-0.21678315905338474,0.019386351128233323,97377.91992294992,0.14234752655029226
0.007129884424876276,1.814807374793616,0.0557842597688496,-0.08765822784810129,-0.5244413869014861,0.002363786461199807,-0.2952173913043479,-0.19678315905338478,0.009386351128233328,97022.91992294992,0.14544100761413503
0.0471298844248762,1.814807374793616,0.0557842597688496,-0.08765822784810129,-0.5244413869014861,0.012363786461199816,-0.2952173913043479,-0.18678315905338477,0.019386351128233323,96543.91992294992,0.15032358169555948
0.06712988442487622,1.8248073747936158,0.04578425976884959,-0.06765822784810127,-0.5244413869014861,0.012363786461199816,-0.30521739130434783,-0.18678315905338477,0.019386351128233323,96554.91992294992,0.15431470870971964
0.13712988442487628,1.754807374793616,0.07578425976884962,-0.04765822784810125,-0.5144413869014861,0.022363786461199797,-0.28521739130434787,-0.16678315905338476,0.02938635112823333,97295.91992294992,0.158314657211303
0.1871298844248762,1.734807374793616,0.08578425976884962,-0.05765822784810126,-0.5044413869014861,0.022363786461199797,-0.27521739130434786,-0.15678315905338475,0.02938635112823333,97606.91992294992,0.158314657211303
0.24712988442487627,1.684807374793616,0.10578425976884964,-0.06765822784810127,-0.5144413869014861,0.002363786461199807,-0.28521739130434787,-0.15678315905338475,0.02938635112823333,97549.91992294992,0.16140193939208913
0.2971298844248763,1.644807374793616,0.14578425976884957,-0.09765822784810127,-0.5144413869014861,0.002363786461199807,-0.26521739130434785,-0.14678315905338474,0.02938635112823333,97904.91992294992,0.1665381908416741
0.33712988442487635,1.5748073747936158,0.1857842597688496,-0.08765822784810129,-0.5144413869014861,0.002363786461199807,-0.26521739130434785,-0.15678315905338475,0.03938635112823333,98155.91992294992,0.1705810546874993
0.36712988442487615,1.544807374793616,0.21578425976884963,-0.12765822784810127,-0.5144413869014861,0.012363786461199816,-0.28521739130434787,-0.14678315905338474,0.03938635112823333,99294.91992294992,0.1705810546874993
0.38712988442487617,1.5148073747936157,0.25578425976884966,-0.11765822784810129,-0.5144413869014861,0.002363786461199807,-0.28521739130434787,-0.13678315905338478,0.04938635112823332,100139.91992294992,0.17458624839782644
0.4371298844248762,1.4448073747936159,0.2857842597688496,-0.06765822784810127,-0.5144413869014861,0.012363786461199816,-0.28521739130434787,-0.14678315905338474,0.04938635112823332,100480.91992294992,0.17867894172668386
0.45712988442487623,1.3848073747936158,0.34578425976884963,-0.09765822784810127,-0.5144413869014861,0.012363786461199816,-0.2952173913043479,-0.14678315905338474,0.05938635112823333,101479.91992294992,0.1828114509582477
0.46712988442487624,1.354807374793616,0.39578425976884957,-0.04765822784810125,-0.5044413869014861,0.052363786461199796,-0.26521739130434785,-0.12678315905338478,0.05938635112823333,101702.91992294992,0.1828114509582477
0.47712988442487625,1.294807374793616,0.4457842597688496,0.022341772151898698,-0.5044413869014861,0.032363786461199806,-0.30521739130434783,-0.12678315905338478,0.06938635112823334,101883.91992294992,0.1869387149810784
0.48712988442487626,1.2448073747936157,0.49578425976884966,0.06234177215189873,-0.5044413869014861,0.0823637864611998,-0.27521739130434786,-0.12678315905338478,0.05938635112823333,102604.91992294992,0.19106788635253835
0.48712988442487626,1.1948073747936159,0.5557842597688497,-0.02765822784810129,-0.5044413869014861,0.022363786461199797,-0.26521739130434785,-0.11678315905338477,0.06938635112823334,102783.91992294992,0.19511313438415456
0.48712988442487626,1.1548073747936158,0.6057842597688495,-0.007658227848101273,-0.4944413869014861,0.052363786461199796,-0.24521739130434783,-0.11678315905338477,0.06938635112823334,103218.91992294992,0.19613881111144948
0.46712988442487624,1.124807374793616,0.6857842597688496,0.0023417721518987356,-0.5044413869014861,0.022363786461199797,-0.26521739130434785,-0.10678315905338476,0.07938635112823332,103481.91992294992,0.19911975860595987
0.4371298844248762,1.104807374793616,0.7157842597688496,0.042341772151898716,-0.4944413869014861,0.032363786461199806,-0.25521739130434784,-0.09678315905338475,0.07938635112823332,103740.91992294992,0.20417065620422292
0.4171298844248762,1.064807374793616,0.7857842597688497,0.012341772151898744,-0.4944413869014861,0.042363786461199815,-0.26521739130434785,-0.10678315905338476,0.07938635112823332,103885.91992294992,0.20717973709106374
0.4071298844248762,1.064807374793616,0.8257842597688495,-0.017658227848101282,-0.48444138690148614,0.042363786461199815,-0.28521739130434787,-0.11678315905338477,0.07938635112823332,104406.91992294992,0.20717973709106374
0.38712988442487617,1.024807374793616,0.8857842597688496,0.012341772151898744,-0.4944413869014861,0.032363786461199806,-0.2952173913043479,-0.10678315905338476,0.08938635112823333,105175.91992294992,0.21181745529174734
0.36712988442487615,1.024807374793616,0.9057842597688496,-0.017658227848101282,-0.48444138690148614,0.052363786461199796,-0.2952173913043479,-0.11678315905338477,0.08938635112823333,105480.91992294992,0.21505398750305105
0.37712988442487616,0.9948073747936157,0.9357842597688496,0.022341772151898698,-0.48444138690148614,0.062363786461199805,-0.31521739130434784,-0.10678315905338476,0.09938635112823334,106265.91992294992,0.22007412910461
0.37712988442487616,0.9748073747936159,0.9457842597688496,0.022341772151898698,-0.47444138690148613,0.042363786461199815,-0.30521739130434783,-0.10678315905338476,0.09938635112823334,106878.91992294992,0.22007412910461
0.4171298844248762,0.9348073747936159,0.9457842597688496,0.0023417721518987356,-0.47444138690148613,0.042363786461199815,-0.32521739130434785,-0.09678315905338475,0.09938635112823334,107337.91992294992,0.22334046363830495
0.4271298844248762,0.9048073747936158,0.9657842597688496,0.022341772151898698,-0.4644413869014861,0.052363786461199796,-0.32521739130434785,-0.08678315905338474,0.09938635112823334,108562.91992294992,0.22736830711364675
0.4471298844248762,0.8648073747936158,1.0057842597688498,0.012341772151898744,-0.4644413869014861,0.0823637864611998,-0.31521739130434784,-0.08678315905338474,0.10938635112823332,109717.91992294992,0.23158164024352956
0.48712988442487626,0.824807374793616,0.9957842597688497,0.052341772151898724,-0.4644413869014861,0.0823637864611998,-0.33521739130434786,-0.07678315905338479,0.10938635112823332,110144.91992294992,0.23559637069702077
0.5271298844248763,0.794807374793616,1.0057842597688498,0.042341772151898716,-0.4544413869014861,0.062363786461199805,-0.32521739130434785,-0.06678315905338478,0.11938635112823333,110851.91992294992,0.23559637069702077
0.5371298844248763,0.7648073747936159,1.0157842597688496,-0.02765822784810129,-0.4544413869014861,0.052363786461199796,-0.32521739130434785,-0.06678315905338478,0.11938635112823333,111396.91992294992,0.23959536552428773
0.5671298844248763,0.7548073747936159,1.0057842597688498,-0.06765822784810127,-0.4444413869014861,0.052363786461199796,-0.34521739130434786,-0.06678315905338478,0.11938635112823333,111901.91992294992,0.24359674453735636
0.5771298844248763,0.7348073747936159,1.0257842597688498,0.012341772151898744,-0.4344413869014861,0.07236378646119981,-0.3552173913043479,-0.08678315905338474,0.10938635112823332,112402.91992294992,0.2479619503021233
0.5671298844248763,0.7248073747936159,1.0257842597688498,0.0823417721518987,-0.42444138690148614,0.062363786461199805,-0.37521739130434784,-0.08678315905338474,0.10938635112823332,112519.91992294992,0.2479619503021233
0.5671298844248763,0.7248073747936159,1.0257842597688498,0.06234177215189873,-0.41444138690148613,0.0823637864611998,-0.3652173913043478,-0.12678315905338478,0.11938635112823333,113230.91992294992,0.2518944263458245
0.5571298844248763,0.7348073747936159,1.0557842597688496,-0.007658227848101273,-0.4044413869014861,0.10236378646119981,-0.3552173913043479,-0.14678315905338474,0.11938635112823333,113077.91992294992,0.25690836906433034
0.5371298844248763,0.7248073747936159,1.0557842597688496,-0.02765822784810129,-0.3944413869014861,0.1123637864611998,-0.3552173913043479,-0.14678315905338474,0.12938635112823332,112536.91992294992,0.26056261062622
0.5471298844248763,0.7048073747936159,1.0857842597688494,-0.04765822784810125,-0.3744413869014861,0.10236378646119981,-0.38521739130434784,-0.17678315905338476,0.10938635112823332,111969.91992294992,0.26162691116332937
0.5471298844248763,0.6748073747936159,1.1057842597688494,-0.017658227848101282,-0.33444138690148606,0.1123637864611998,-0.3652173913043478,-0.15678315905338475,0.12938635112823332,111414.91992294992,0.2651724338531487
0.5471298844248763,0.6548073747936158,1.1457842597688495,0.012341772151898744,-0.31444138690148615,0.14236378646119982,-0.31521739130434784,-0.14678315905338474,0.12938635112823332,110375.91992294992,0.26850314140319753
0.5471298844248763,0.6248073747936158,1.1757842597688497,-0.007658227848101273,-0.2744413869014861,0.1323637864611998,-0.2952173913043479,-0.11678315905338477,0.12938635112823332,109960.91992294992,0.2735151767730706
0.5371298844248763,0.574807374793616,1.2057842597688495,0.03234177215189871,-0.2744413869014861,0.16236378646119978,-0.28521739130434787,-0.11678315905338477,0.13938635112823333,109495.91992294992,0.2735151767730706
0.5571298844248763,0.5248073747936159,1.2557842597688498,0.012341772151898744,-0.2644413869014861,0.15236378646119983,-0.2952173913043479,-0.11678315905338477,0.13938635112823333,108634.91992294992,0.27726263999938894
0.5671298844248763,0.5148073747936159,1.2557842597688498,0.022341772151898698,-0.2444413869014861,0.1323637864611998,-0.2952173913043479,-0.11678315905338477,0.13938635112823333,107983.91992294992,0.28208060264587687
0.5871298844248763,0.4548073747936159,1.2857842597688496,0.03234177215189871,-0.22444138690148607,0.15236378646119983,-0.23521739130434788,-0.08678315905338474,0.13938635112823333,107724.91992294992,0.2858669281005817
0.6171298844248762,0.42480737479361586,1.3057842597688496,0.022341772151898698,-0.19444138690148616,0.1823637864611998,-0.23521739130434788,-0.10678315905338476,0.15938635112823335,107237.91992294992,0.2858669281005817
0.6271298844248762,0.3848073747936158,1.3057842597688496,0.03234177215189871,-0.17444138690148614,0.16236378646119978,-0.27521739130434786,-0.07678315905338479,0.14938635112823334,107450.91992294992,0.28971047401427796
0.6571298844248762,0.334807374793616,1.3457842597688496,0.022341772151898698,-0.1444413869014861,0.20236378646119982,-0.26521739130434785,-0.07678315905338479,0.1693863511282333,107577.91992294992,0.29289240837097097
0.6971298844248762,0.27480737479361594,1.3357842597688494,0.052341772151898724,-0.08444138690148606,0.22236378646119978,-0.26521739130434785,-0.09678315905338475,0.15938635112823335,107598.91992294992,0.2978899002075188
0.7071298844248762,0.2348073747936159,1.3657842597688497,0.07234177215189874,-0.054441386901486144,0.21236378646119983,-0.24521739130434783,-0.06678315905338478,0.14938635112823334,107585.91992294992,0.2978899002075188
0.6871298844248762,0.2348073747936159,1.3657842597688497,0.0923417721518987,-0.024441386901486117,0.1923637864611998,-0.22521739130434787,-0.07678315905338479,0.15938635112823335,107802.91992294992,0.30089325904846476
0.6771298844248762,0.20480737479361588,1.3657842597688497,0.0823417721518987,0.025558613098513927,0.20236378646119982,-0.18521739130434783,-0.07678315905338479,0.15938635112823335,108027.91992294992,0.30590243339538503
0.6771298844248762,0.19480737479361587,1.4257842597688497,0.06234177215189873,0.10555861309851389,0.21236378646119983,-0.20521739130434785,-0.04678315905338476,0.15938635112823335,107356.91992294992,0.30953712463378835
0.6171298844248762,0.19480737479361587,1.4157842597688495,0.12234177215189873,0.19555861309851397,0.22236378646119978,-0.21521739130434786,-0.026783159053384742,0.15938635112823335,106589.91992294992,0.31313557624816823
0.5971298844248761,0.2348073747936159,1.3657842597688497,0.13234177215189874,0.2755586130985138,0.27236378646119985,-0.20521739130434785,-0.03678315905338475,0.2193863511282333,105372.91992294992,0.31428356170654226
0.5471298844248763,0.2348073747936159,1.4157842597688495,0.18234177215189873,0.33555861309851387,0.25236378646119983,-0.15521739130434786,-0.01678315905338479,0.2393863511282333,103083.91992294992,0.3171410083770745
0.46712988442487624,0.28480737479361595,1.4057842597688497,0.2623417721518987,0.43555861309851396,0.3223637864611998,-0.11521739130434783,-0.01678315905338479,0.2893863511282333,99972.91992294992,0.32313532829284597
0.46712988442487624,0.28480737479361595,1.3657842597688497,0.3023417721518987,0.455558613098514,0.39236378646119985,-0.0852173913043478,0.06321684094661528,0.3193863511282333,97011.91992294992,0.32613511085510183
0.46712988442487624,0.30480737479361597,1.3257842597688496,0.36234177215189867,0.43555861309851396,0.40236378646119986,-0.025217391304347858,0.13321684094661523,0.3593863511282333,94222.91992294992,0.32613511085510183
0.46712988442487624,0.30480737479361597,1.3157842597688498,0.36234177215189867,0.465558613098514,0.4723637864611998,-0.00521739130434784,0.10321684094661521,0.3393863511282333,92319.91992294992,0.3304118633270221
0.47712988442487625,0.30480737479361597,1.3057842597688496,0.3723417721518987,0.465558613098514,0.5223637864611999,0.04478260869565209,0.14321684094661524,0.3593863511282333,91016.91992294992,0.3338140964508085
0.5071298844248763,0.30480737479361597,1.2757842597688498,0.3723417721518987,0.44555861309851397,0.5523637864611999,0.034782608695652195,0.17321684094661527,0.3993863511282333,90165.91992294992,0.3382644176483147
0.5171298844248763,0.29480737479361596,1.2457842597688495,0.3923417721518987,0.4855586130985138,0.6123637864611998,0.04478260869565209,0.2132168409466152,0.4193863511282333,89722.91992294992,0.33932275772094656
0.5471298844248763,0.314807374793616,1.1657842597688495,0.44234177215189874,0.465558613098514,0.6323637864611998,0.08478260869565213,0.2332168409466152,0.44938635112823333,88381.91992294992,0.34231371879577566
0.5671298844248763,0.314807374793616,1.1157842597688497,0.44234177215189874,0.5255586130985138,0.6623637864611999,0.08478260869565213,0.24321684094661522,0.47938635112823336,87616.91992294992,0.34620494842529226
0.5871298844248763,0.28480737479361595,1.1057842597688494,0.49234177215189867,0.5555586130985138,0.7123637864611998,0.0547826086956521,0.26321684094661524,0.47938635112823336,87199.91992294992,0.350239706039428
0.5771298844248763,0.29480737479361596,1.0657842597688498,0.5123417721518987,0.6055586130985139,0.7123637864611998,0.0547826086956521,0.26321684094661524,0.48938635112823337,86846.91992294992,0.350239706039428
0.5971298844248761,0.27480737479361594,1.0057842597688498,0.5623417721518987,0.6555586130985139,0.7423637864611998,0.07478260869565212,0.28321684094661526,0.48938635112823337,86329.91992294992,0.3543755531311028
0.5871298844248763,0.29480737479361596,0.9657842597688496,0.5323417721518987,0.6655586130985139,0.7423637864611998,0.09478260869565214,0.28321684094661526,0.47938635112823336,85698.91992294992,0.35837788581848073
0.5771298844248763,0.314807374793616,0.9057842597688496,0.5623417721518987,0.725558613098514,0.7823637864611999,0.09478260869565214,0.28321684094661526,0.48938635112823337,85099.91992294992,0.3633734703063993
0.5471298844248763,0.3648073747936158,0.8657842597688495,0.5323417721518987,0.8355586130985139,0.6723637864611999,0.0547826086956521,0.3032168409466153,0.5393863511282333,84356.91992294992,0.3633734703063993
0.5171298844248763,0.3848073747936158,0.8457842597688495,0.5923417721518988,0.8355586130985139,0.6923637864611998,0.06478260869565211,0.3132168409466153,0.5393863511282333,83863.91992294992,0.3673772335052483
0.49712988442487627,0.3848073747936158,0.8257842597688495,0.6223417721518987,0.8855586130985139,0.7023637864611998,0.10478260869565215,0.29321684094661526,0.5493863511282333,83088.91992294992,0.3705310344696038
0.46712988442487624,0.3748073747936158,0.8457842597688495,0.5923417721518988,0.9155586130985139,0.7323637864611998,0.08478260869565213,0.3132168409466153,0.5493863511282333,82387.91992294992,0.37584943771362234
0.4271298844248762,0.40480737479361584,0.8357842597688495,0.6023417721518988,0.935558613098514,0.7823637864611999,0.13478260869565217,0.29321684094661526,0.5493863511282333,81708.91992294992,0.37888641357421804
0.36712988442487615,0.3748073747936158,0.8057842597688497,0.6323417721518987,0.955558613098514,0.8323637864611998,0.13478260869565217,0.3132168409466153,0.5593863511282333,81497.91992294992,0.37888641357421804
0.32712988442487634,0.41480737479361585,0.8257842597688495,0.6523417721518987,0.975558613098514,0.8723637864611998,0.11478260869565216,0.3232168409466153,0.5593863511282333,81556.91992294992,0.38392515182495046
0.31712988442487633,0.41480737479361585,0.7757842597688497,0.6723417721518987,0.925558613098514,0.8923637864611998,0.13478260869565217,0.3132168409466153,0.5493863511282333,81235.91992294992,0.3879727840423577
0.2871298844248763,0.40480737479361584,0.7657842597688497,0.7123417721518988,0.9055586130985139,0.9723637864611999,0.14478260869565218,0.29321684094661526,0.5493863511282333,80768.91992294992,0.39126319885253835
0.2671298844248763,0.39480737479361583,0.7957842597688497,0.7123417721518988,0.8955586130985139,1.0123637864611996,0.13478260869565217,0.28321684094661526,0.5493863511282333,80997.91992294992,0.39203805923461843
0.24712988442487627,0.39480737479361583,0.8057842597688497,0.7623417721518988,0.8455586130985139,1.0523637864611997,0.12478260869565216,0.3032168409466153,0.5293863511282333,81220.91992294992,0.39531345367431925
0.22712988442487625,0.3648073747936158,0.7757842597688497,0.7723417721518988,0.7855586130985138,1.1223637864611997,0.12478260869565216,0.26321684094661524,0.5393863511282333,81401.91992294992,0.3998360157012897
0.23712988442487626,0.3648073747936158,0.7557842597688497,0.7823417721518988,0.7955586130985138,1.1423637864611997,0.11478260869565216,0.26321684094661524,0.5093863511282333,81444.91992294992,0.4039656639099114
0.23712988442487626,0.3648073747936158,0.7257842597688496,0.8023417721518986,0.7655586130985138,1.2123637864611998,0.09478260869565214,0.25321684094661523,0.49938635112823326,81587.91992294992,0.40481157302856374
0.24712988442487627,0.314807374793616,0.7157842597688496,0.8123417721518986,0.7855586130985138,1.2323637864611998,0.07478260869565212,0.2232168409466152,0.49938635112823326,82218.91992294992,0.40783543586730886
0.2571298844248763,0.27480737479361594,0.6957842597688496,0.8323417721518986,0.725558613098514,1.2923637864611996,0.024782608695652186,0.28321684094661526,0.47938635112823336,82533.91992294992,0.41281147003173757
0.23712988442487626,0.27480737479361594,0.6657842597688496,0.8623417721518987,0.675558613098514,1.3423637864611997,0.014782608695652177,0.27321684094661525,0.48938635112823337,83008.91992294992,0.41631932258605886
0.22712988442487625,0.29480737479361596,0.6657842597688496,0.8723417721518987,0.6555586130985139,1.3923637864611997,0.0047826086956521685,0.26321684094661524,0.44938635112823333,83453.91992294992,0.41735215187072683
0.19712988442487622,0.27480737479361594,0.6657842597688496,0.8723417721518987,0.6655586130985139,1.3823637864611997,-0.01521739130434785,0.27321684094661525,0.44938635112823333,84314.91992294992,0.4207767963409417
0.13712988442487628,0.26480737479361594,0.6057842597688495,0.9123417721518987,0.6655586130985139,1.3923637864611997,-0.01521739130434785,0.24321684094661522,0.4193863511282333,84931.91992294992,0.4241244316101067
0.11712988442487626,0.2548073747936159,0.6157842597688495,0.9123417721518987,0.6355586130985139,1.4223637864611998,-0.01521739130434785,0.2232168409466152,0.4193863511282333,85854.91992294992,0.4291164398193352
0.12712988442487627,0.27480737479361594,0.5757842597688495,0.9123417721518987,0.6255586130985139,1.4623637864611998,-0.03521739130434787,0.2332168409466152,0.3993863511282333,86593.91992294992,0.4291164398193352
0.08712988442487624,0.27480737479361594,0.5757842597688495,0.9223417721518987,0.6055586130985139,1.4823637864611998,-0.03521739130434787,0.27321684094661525,0.4193863511282333,87440.91992294992,0.43311591148376394
0.06712988442487622,0.24480737479361592,0.5557842597688497,0.9223417721518987,0.5955586130985139,1.5123637864611996,-0.03521739130434787,0.24321684094661522,0.4193863511282333,88091.91992294992,0.43711633682250906
-0.002870115575123733,0.2548073747936159,0.5757842597688495,0.9223417721518987,0.5755586130985139,1.5523637864611997,-0.03521739130434787,0.24321684094661522,0.4193863511282333,89212.91992294992,0.441501331329345
0.027129884424876294,0.2348073747936159,0.5757842597688495,0.9323417721518987,0.5355586130985138,1.5823637864611997,-0.0852173913043478,0.2332168409466152,0.4293863511282333,90179.91992294992,0.441501331329345
-0.03287011557512376,0.2248073747936159,0.5957842597688495,0.9323417721518987,0.5155586130985138,1.6223637864611997,-0.12521739130434784,0.27321684094661525,0.3993863511282333,91316.91992294992,0.4446625232696526
-0.04287011557512377,0.2348073747936159,0.5757842597688495,0.9523417721518987,0.475558613098514,1.6523637864611997,-0.10521739130434782,0.25321684094661523,0.4093863511282333,92869.91992294992,0.44886417388915945
-0.04287011557512377,0.2348073747936159,0.5457842597688497,0.9623417721518988,0.3955586130985139,1.7023637864611998,-0.0852173913043478,0.2332168409466152,0.4393863511282333,94290.91992294992,0.4526142597198479
-0.03287011557512376,0.2248073747936159,0.5057842597688497,0.9723417721518988,0.3955586130985139,1.7223637864611998,-0.0852173913043478,0.2332168409466152,0.4193863511282333,95507.91992294992,0.4571301460266106
-0.02287011557512375,0.2348073747936159,0.5057842597688497,0.9823417721518988,0.3855586130985139,1.7223637864611998,-0.0652173913043479,0.24321684094661522,0.4193863511282333,96064.91992294992,0.4571301460266106
-0.012870115575123742,0.19480737479361587,0.48578425976884965,1.0023417721518988,0.3855586130985139,1.7223637864611998,-0.0652173913043479,0.1932168409466153,0.4093863511282333,97193.91992294992,0.46210641860961843
-0.012870115575123742,0.19480737479361587,0.48578425976884965,1.0023417721518988,0.3655586130985139,1.7323637864611998,-0.025217391304347858,0.24321684094661522,0.4293863511282333,98536.91992294992,0.46513123512267995
-0.012870115575123742,0.18480737479361586,0.47578425976884964,1.0023417721518988,0.3555586130985139,1.7523637864611996,-0.10521739130434782,0.25321684094661523,0.3993863511282333,100019.91992294992,0.46936936378478933
0.027129884424876294,0.18480737479361586,0.4457842597688496,1.0223417721518988,0.3455586130985139,1.7523637864611996,-0.0852173913043478,0.27321684094661525,0.4293863511282333,101324.91992294992,0.47013039588927796
0.027129884424876294,0.16480737479361585,0.46578425976884963,1.0323417721518988,0.32555861309851386,1.7523637864611996,-0.03521739130434787,0.27321684094661525,0.3793863511282333,102275.91992294992,0.47446985244750906
0.017129884424876285,0.17480737479361586,0.4157842597688496,1.0223417721518988,0.31555861309851385,1.7923637864611996,-0.0852173913043478,0.28321684094661526,0.3793863511282333,102774.91992294992,0.4777152061462395
-0.02287011557512375,0.16480737479361585,0.4357842597688496,1.0223417721518988,0.2855586130985138,1.8123637864611997,-0.055217391304347885,0.29321684094661526,0.38938635112823333,103919.91992294992,0.48103423118591593
0.027129884424876294,0.1148073747936158,0.4157842597688496,1.0423417721518988,0.2755586130985138,1.8123637864611997,-0.0852173913043478,0.28321684094661526,0.38938635112823333,105012.91992294992,0.48200960159301687
0.017129884424876285,0.14480737479361583,0.4057842597688496,1.0323417721518988,0.2555586130985138,1.8423637864611997,-0.055217391304347885,0.3032168409466153,0.38938635112823333,104919.91992294992,0.486289453506469
0.03712988442487619,0.13480737479361582,0.39578425976884957,1.0323417721518988,0.2655586130985138,1.8423637864611997,-0.0752173913043479,0.3132168409466153,0.3693863511282333,104832.91992294992,0.49000234603881765
0.017129884424876285,0.12480737479361581,0.38578425976884956,1.0223417721518988,0.2755586130985138,1.8323637864611997,0.0547826086956521,0.29321684094661526,0.3593863511282333,105347.91992294992,0.49380202293395925
0.027129884424876294,0.16480737479361585,0.4057842597688496,1.0223417721518988,0.2455586130985138,1.8623637864611997,-0.0752173913043479,0.27321684094661525,0.3593863511282333,105550.91992294992,0.49380202293395925
0.03712988442487619,0.16480737479361585,0.37578425976884966,1.0423417721518988,0.225558613098514,1.8623637864611997,-0.045217391304347876,0.28321684094661526,0.3693863511282333,105837.91992294992,0.4977995872497587
-0.002870115575123733,0.16480737479361585,0.38578425976884956,1.0523417721518986,0.23555861309851378,1.8223637864611997,-0.01521739130434785,0.29321684094661526,0.3793863511282333,106234.91992294992,0.5018031120300286
0.03712988442487619,0.16480737479361585,0.4057842597688496,1.0723417721518986,0.225558613098514,1.8223637864611997,-0.00521739130434784,0.26321684094661524,0.3793863511282333,105983.91992294992,0.5059973716735833
0.03712988442487619,0.14480737479361583,0.4157842597688496,1.0923417721518986,0.225558613098514,1.7923637864611996,-0.01521739130434785,0.3032168409466153,0.38938635112823333,105752.91992294992,0.5070290088653593
0.027129884424876294,0.12480737479361581,0.4457842597688496,1.1323417721518987,0.21555861309851398,1.7823637864611996,-0.12521739130434784,0.3132168409466153,0.3593863511282333,106115.91992294992,0.5101067543029778
0.007129884424876276,0.14480737479361583,0.4057842597688496,1.1523417721518987,0.19555861309851397,1.7523637864611996,-0.0852173913043478,0.3332168409466152,0.32938635112823333,106442.91992294992,0.5141269683837884
0.017129884424876285,0.16480737479361585,0.38578425976884956,1.1923417721518987,0.18555861309851396,1.7523637864611996,-0.14521739130434785,0.28321684094661526,0.32938635112823333,106527.91992294992,0.5181879520416217
0.017129884424876285,0.14480737479361583,0.4157842597688496,1.2123417721518988,0.17555861309851395,1.7323637864611998,-0.11521739130434783,0.3232168409466153,0.3493863511282333,106814.91992294992,0.5222994804382317
-0.012870115575123742,0.16480737479361585,0.38578425976884956,1.2123417721518988,0.17555861309851395,1.7323637864611998,-0.09521739130434781,0.3432168409466152,0.3393863511282333,107199.91992294992,0.5232991695404046
-0.03287011557512376,0.14480737479361583,0.4157842597688496,1.2323417721518988,0.15555861309851393,1.7223637864611998,-0.09521739130434781,0.3532168409466152,0.3193863511282333,107358.91992294992,0.5262987136840778
-0.06287011557512379,0.14480737479361583,0.39578425976884957,1.2523417721518988,0.1255586130985139,1.7323637864611998,-0.0852173913043478,0.38321684094661523,0.3393863511282333,107007.91992294992,0.5312990665435784
-0.0728701155751238,0.16480737479361585,0.38578425976884956,1.2523417721518988,0.1255586130985139,1.7323637864611998,-0.055217391304347885,0.4432168409466153,0.3393863511282333,107064.91992294992,0.5342986106872551
-0.0828701155751238,0.12480737479361581,0.4357842597688496,1.2523417721518988,0.1255586130985139,1.7423637864611998,-0.14521739130434785,0.5132168409466152,0.32938635112823333,106831.91992294992,0.5342986106872551
-0.06287011557512379,0.13480737479361582,0.4457842597688496,1.2223417721518988,0.1355586130985139,1.7523637864611996,-0.17521739130434788,0.5032168409466152,0.3593863511282333,106878.91992294992,0.5400647640228264
-0.0728701155751238,0.13480737479361582,0.38578425976884956,1.2023417721518987,0.1255586130985139,1.7623637864611996,-0.18521739130434783,0.5232168409466152,0.3593863511282333,106455.91992294992,0.5430325984954827
-0.05287011557512378,0.16480737479361585,0.4357842597688496,1.1723417721518987,0.1155586130985139,1.7723637864611996,-0.12521739130434784,0.5332168409466153,0.32938635112823333,105980.91992294992,0.5465301990509026
-0.0828701155751238,0.14480737479361583,0.4257842597688496,1.1423417721518987,0.14555861309851392,1.7923637864611996,-0.19521739130434784,0.5732168409466153,0.3493863511282333,105755.91992294992,0.5475811481475823
-0.11287011557512372,0.17480737479361586,0.4357842597688496,1.1323417721518987,0.1355586130985139,1.8123637864611997,-0.21521739130434786,0.5732168409466153,0.3393863511282333,105406.91992294992,0.5517329692840569
-0.0728701155751238,0.14480737479361583,0.4157842597688496,1.1323417721518987,0.1255586130985139,1.8123637864611997,-0.21521739130434786,0.6232168409466153,0.3393863511282333,105471.91992294992,0.5556809425353997
-0.0828701155751238,0.13480737479361582,0.4457842597688496,1.1323417721518987,0.1255586130985139,1.7923637864611996,-0.16521739130434787,0.6732168409466152,0.3493863511282333,105580.91992294992,0.5595378398895257
-0.0828701155751238,0.094807374793616,0.46578425976884963,1.1623417721518987,0.1355586130985139,1.7423637864611998,-0.19521739130434784,0.6832168409466152,0.3593863511282333,105329.91992294992,0.5603112697601276
-0.05287011557512378,0.06480737479361598,0.49578425976884966,1.1923417721518987,0.1255586130985139,1.7123637864611998,-0.21521739130434786,0.7532168409466152,0.3493863511282333,104788.91992294992,0.5643085956573479
-0.09287011557512381,0.10480737479361601,0.48578425976884965,1.2623417721518988,0.1155586130985139,1.6423637864611997,-0.21521739130434786,0.8132168409466153,0.3593863511282333,104127.91992294992,0.5673386573791497
-0.06287011557512379,0.084807374793616,0.47578425976884964,1.2823417721518988,0.09555861309851388,1.6023637864611997,-0.16521739130434787,0.7832168409466153,0.3993863511282333,103658.91992294992,0.5718488216400104
-0.12287011557512373,0.084807374793616,0.4457842597688496,1.3223417721518986,0.1355586130985139,1.5223637864611996,-0.20521739130434785,0.7932168409466153,0.45938635112823334,103409.91992294992,0.5726370334625237
-0.12287011557512373,0.094807374793616,0.4157842597688496,1.3423417721518986,0.18555861309851396,1.4523637864611998,-0.20521739130434785,0.8732168409466153,0.47938635112823336,102514.91992294992,0.5755638599395709
-0.16287011557512376,0.094807374793616,0.37578425976884966,1.3123417721518986,0.2555586130985138,1.3623637864611997,-0.20521739130434785,0.8532168409466153,0.5093863511282333,101639.91992294992,0.5799693584442096
-0.18287011557512378,0.094807374793616,0.3357842597688496,1.3223417721518986,0.2855586130985138,1.2923637864611996,-0.16521739130434787,0.8832168409466153,0.5793863511282333,100110.91992294992,0.5838262557983391
-0.2028701155751238,0.10480737479361601,0.3257842597688496,1.3123417721518986,0.33555861309851387,1.2723637864611996,-0.14521739130434785,0.8832168409466153,0.6093863511282334,99361.91992294992,0.5878149986267083
-0.1928701155751238,0.05480737479361597,0.37578425976884966,1.2223417721518988,0.3755586130985139,1.2523637864611996,-0.13521739130434784,0.9132168409466151,0.6893863511282333,98488.91992294992,0.5880224227905266
-0.16287011557512376,0.07480737479361599,0.35578425976884964,1.1623417721518987,0.44555861309851397,1.2123637864611998,-0.09521739130434781,0.9532168409466152,0.7093863511282333,97339.91992294992,0.5920345306396477
-0.17287011557512377,0.06480737479361598,0.35578425976884964,1.1623417721518987,0.43555861309851396,1.2023637864611998,-0.10521739130434782,0.9632168409466152,0.7793863511282333,95922.91992294992,0.5961050510406487
-0.16287011557512376,0.06480737479361598,0.38578425976884956,1.0923417721518986,0.465558613098514,1.1823637864611998,-0.0752173913043479,0.9732168409466152,0.8093863511282333,94995.91992294992,0.6001729488372796
-0.17287011557512377,0.04480737479361596,0.39578425976884957,1.1023417721518987,0.5155586130985138,1.1323637864611997,-0.0652173913043479,0.9932168409466152,0.8293863511282333,94358.91992294992,0.6011416435241692
-0.2028701155751238,0.094807374793616,0.36578425976884965,1.0323417721518988,0.5455586130985138,1.1023637864611997,-0.03521739130434787,0.9732168409466152,0.8693863511282333,93563.91992294992,0.6051420688629143
-0.1928701155751238,0.06480737479361598,0.37578425976884966,1.0523417721518986,0.5755586130985139,1.0823637864611997,-0.025217391304347858,1.0132168409466153,0.8793863511282333,92714.91992294992,0.6089815616607659
-0.17287011557512377,0.07480737479361599,0.37578425976884966,0.9823417721518988,0.6255586130985139,0.9923637864611999,-0.00521739130434784,1.0232168409466151,0.9393863511282333,91991.91992294992,0.612981986999511
-0.17287011557512377,0.05480737479361597,0.35578425976884964,0.9223417721518987,0.6455586130985139,0.9923637864611999,0.04478260869565209,1.0132168409466153,0.9693863511282333,90486.91992294992,0.612981986999511
-0.16287011557512376,0.04480737479361596,0.34578425976884963,0.9123417721518987,0.6355586130985139,0.9823637864611999,0.07478260869565212,0.9732168409466152,1.0393863511282335,89407.91992294992,0.617307376861568
-0.1928701155751238,0.15480737479361584,0.36578425976884965,0.8923417721518987,0.695558613098514,0.9523637864611999,0.08478260869565213,1.0132168409466153,1.0593863511282333,88882.91992294992,0.6213984012603753
-0.2128701155751238,0.14480737479361583,0.37578425976884966,0.8423417721518986,0.685558613098514,0.9923637864611999,0.10478260869565215,1.0132168409466153,1.0693863511282333,88021.91992294992,0.6254841804504387
-0.2028701155751238,0.12480737479361581,0.37578425976884966,0.7523417721518988,0.695558613098514,1.0223637864611996,0.14478260869565218,0.9832168409466152,1.1193863511282334,87052.91992294992,0.6265244007110589
-0.18287011557512378,0.13480737479361582,0.4057842597688496,0.7423417721518988,0.675558613098514,1.0523637864611997,0.1547826086956522,0.9632168409466152,1.1293863511282334,86181.91992294992,0.6290480613708489
-0.16287011557512376,0.14480737479361583,0.4157842597688496,0.6823417721518987,0.685558613098514,1.0623637864611997,0.19478260869565212,0.9632168409466152,1.1693863511282334,84550.91992294992,0.6333541393280022
-0.16287011557512376,0.15480737479361584,0.4157842597688496,0.6923417721518987,0.6655586130985139,1.0423637864611996,0.20478260869565212,0.9732168409466152,1.1793863511282334,83497.91992294992,0.6374380111694364
-0.15287011557512376,0.15480737479361584,0.4457842597688496,0.6323417721518987,0.6355586130985139,1.1023637864611997,0.20478260869565212,0.9732168409466152,1.1693863511282334,82878.91992294992,0.63838787078857
-0.14287011557512375,0.17480737479361586,0.4157842597688496,0.6223417721518987,0.6355586130985139,1.1123637864611997,0.19478260869565212,0.9932168409466152,1.1793863511282334,82131.91992294992,0.6423594474792473
-0.14287011557512375,0.17480737479361586,0.4157842597688496,0.5923417721518988,0.6655586130985139,1.1023637864611997,0.23478260869565215,1.0132168409466153,1.1793863511282334,81664.91992294992,0.6452199935913079
-0.13287011557512374,0.18480737479361586,0.4057842597688496,0.5723417721518987,0.705558613098514,1.0823637864611997,0.21478260869565213,0.9832168409466152,1.1893863511282334,81741.91992294992,0.6499695301055901
-0.15287011557512376,0.2148073747936159,0.37578425976884966,0.5023417721518987,0.715558613098514,1.0823637864611997,0.21478260869565213,1.0032168409466151,1.1793863511282334,82186.91992294992,0.6499695301055901
-0.15287011557512376,0.2148073747936159,0.36578425976884965,0.5023417721518987,0.725558613098514,1.0523637864611997,0.23478260869565215,1.0132168409466153,1.1493863511282334,81963.91992294992,0.6542598724365227
-0.15287011557512376,0.2248073747936159,0.35578425976884964,0.46234177215189876,0.725558613098514,1.0523637864611997,0.23478260869565215,1.0232168409466151,1.1893863511282334,81782.91992294992,0.6586272239685016
-0.16287011557512376,0.20480737479361588,0.34578425976884963,0.46234177215189876,0.715558613098514,1.0123637864611996,0.23478260869565215,1.0132168409466153,1.1793863511282334,81801.91992294992,0.6624497890472405
-0.11287011557512372,0.2248073747936159,0.3357842597688496,0.47234177215189876,0.725558613098514,0.9823637864611999,0.24478260869565216,1.0032168409466151,1.1993863511282334,82042.91992294992,0.666434717178344
-0.11287011557512372,0.2348073747936159,0.34578425976884963,0.44234177215189874,0.705558613098514,0.9723637864611999,0.2647826086956522,1.0132168409466153,1.2193863511282335,82331.91992294992,0.666434717178344
-0.09287011557512381,0.24480737479361592,0.3257842597688496,0.4123417721518987,0.705558613098514,0.9823637864611999,0.20478260869565212,1.0332168409466154,1.2593863511282335,82694.91992294992,0.6698088169097893
-0.10287011557512371,0.2348073747936159,0.3157842597688496,0.4223417721518987,0.685558613098514,0.9823637864611999,0.22478260869565214,1.0232168409466151,1.2493863511282335,82775.91992294992,0.6745028018951409
-0.14287011557512375,0.24480737479361592,0.27578425976884957,0.4123417721518987,0.675558613098514,0.9823637864611999,0.24478260869565216,1.0532168409466154,1.2593863511282335,82782.91992294992,0.6785273075103753
-0.12287011557512373,0.2348073747936159,0.2957842597688496,0.45234177215189875,0.6555586130985139,0.9723637864611999,0.24478260869565216,1.0732168409466154,1.2593863511282335,82747.91992294992,0.6785273075103753
-0.10287011557512371,0.20480737479361588,0.34578425976884963,0.43234177215189873,0.675558613098514,0.9823637864611999,0.2747826086956522,1.0932168409466154,1.2993863511282335,82836.91992294992,0.682515096664428
-0.04287011557512377,0.20480737479361588,0.34578425976884963,0.4023417721518987,0.685558613098514,0.9723637864611999,0.3147826086956521,1.0632168409466152,1.3193863511282333,82741.91992294992,0.6863774776458769
-0.03287011557512376,0.14480737479361583,0.3357842597688496,0.3923417721518987,0.6355586130985139,0.9823637864611999,0.3247826086956521,1.0432168409466152,1.3493863511282334,82584.91992294992,0.6901752471923821
-0.04287011557512377,0.16480737479361585,0.36578425976884965,0.4023417721518987,0.6455586130985139,0.9723637864611999,0.36478260869565216,1.0932168409466154,1.3793863511282334,82737.91992294992,0.6912586212158196
-0.05287011557512378,0.17480737479361586,0.3357842597688496,0.3823417721518987,0.6055586130985139,0.9523637864611999,0.4047826086956522,1.0732168409466154,1.3993863511282334,82526.91992294992,0.6947259426116901
-0.06287011557512379,0.2148073747936159,0.34578425976884963,0.3823417721518987,0.6055586130985139,0.9823637864611999,0.4247826086956522,1.0632168409466152,1.4193863511282334,82029.91992294992,0.698724699020385
-0.06287011557512379,0.18480737479361586,0.3257842597688496,0.36234177215189867,0.6155586130985139,0.9523637864611999,0.4347826086956522,1.1032168409466152,1.4093863511282334,81470.91992294992,0.7028696060180621
-0.05287011557512378,0.18480737479361586,0.3357842597688496,0.36234177215189867,0.6255586130985139,0.9423637864611999,0.47478260869565225,1.1032168409466152,1.4193863511282334,81613.91992294992,0.7028696060180621
-0.0728701155751238,0.20480737479361588,0.3057842597688496,0.35234177215189877,0.6055586130985139,0.9123637864611999,0.5147826086956521,1.0832168409466152,1.4193863511282334,82494.91992294992,0.7068278312683098
-0.03287011557512376,0.2148073747936159,0.3057842597688496,0.33234177215189875,0.6255586130985139,0.8923637864611998,0.5447826086956521,1.0732168409466154,1.4093863511282334,82501.91992294992,0.7109488964080803
-0.06287011557512379,0.19480737479361587,0.3257842597688496,0.32234177215189874,0.6255586130985139,0.8723637864611998,0.5447826086956521,1.0632168409466152,1.4193863511282334,82944.91992294992,0.7149862766265862
-0.0728701155751238,0.20480737479361588,0.38578425976884956,0.3023417721518987,0.6155586130985139,0.8423637864611998,0.6047826086956521,1.0432168409466152,1.4393863511282334,83573.91992294992,0.7149862766265862
-0.05287011557512378,0.2248073747936159,0.35578425976884964,0.3023417721518987,0.6055586130985139,0.8423637864611998,0.6147826086956522,1.0632168409466152,1.4693863511282335,83800.91992294992,0.7202670097351067
-0.06287011557512379,0.18480737479361586,0.38578425976884956,0.2823417721518987,0.6055586130985139,0.8123637864611998,0.6147826086956522,1.0532168409466154,1.4793863511282335,84247.91992294992,0.7234978199005155
-0.05287011557512378,0.2148073747936159,0.36578425976884965,0.2823417721518987,0.5755586130985139,0.8423637864611998,0.6447826086956522,1.0432168409466152,1.4993863511282335,85018.91992294992,0.7276043415069608
-0.06287011557512379,0.24480737479361592,0.3357842597688496,0.2623417721518987,0.5955586130985139,0.8023637864611999,0.6447826086956522,1.0632168409466152,1.4893863511282335,86021.91992294992,0.7310792922973626
-0.06287011557512379,0.26480737479361594,0.3257842597688496,0.2923417721518987,0.5655586130985139,0.8223637864611998,0.6547826086956522,1.0732168409466154,1.4993863511282335,86116.91992294992,0.7310792922973626
-0.05287011557512378,0.27480737479361594,0.3157842597688496,0.2623417721518987,0.5455586130985138,0.7823637864611999,0.6747826086956522,1.0732168409466154,1.4793863511282335,86489.91992294992,0.735592317581176
-0.0828701155751238,0.26480737479361594,0.34578425976884963,0.2723417721518987,0.5555586130985138,0.7523637864611998,0.6747826086956522,1.0632168409466152,1.5293863511282335,87196.91992294992,0.7406143665313678
-0.06287011557512379,0.2548073747936159,0.35578425976884964,0.2523417721518987,0.5655586130985139,0.7023637864611998,0.6847826086956522,1.0632168409466152,1.5293863511282335,88065.91992294992,0.7433280467987018
-0.03287011557512376,0.26480737479361594,0.35578425976884964,0.24234177215189867,0.5255586130985138,0.7423637864611998,0.7047826086956522,1.0632168409466152,1.5193863511282335,88290.91992294992,0.7443701744079583
-0.02287011557512375,0.24480737479361592,0.37578425976884966,0.22234177215189876,0.5155586130985138,0.7223637864611998,0.7147826086956522,1.0732168409466154,1.5193863511282335,88707.91992294992,0.7475542545318596
-0.06287011557512379,0.26480737479361594,0.38578425976884956,0.23234177215189877,0.5255586130985138,0.6823637864611999,0.7047826086956522,1.0732168409466154,1.5293863511282335,89344.91992294992,0.7523188114166217
-0.03287011557512376,0.314807374793616,0.36578425976884965,0.21234177215189876,0.5255586130985138,0.6923637864611998,0.7147826086956522,1.0732168409466154,1.5293863511282335,89761.91992294992,0.756352376937862
-0.0728701155751238,0.334807374793616,0.35578425976884964,0.23234177215189877,0.5055586130985138,0.6923637864611998,0.7147826086956522,1.0832168409466152,1.5393863511282335,90280.91992294992,0.7573515892028801
-0.0828701155751238,0.39480737479361583,0.34578425976884963,0.21234177215189876,0.4955586130985138,0.7023637864611998,0.7247826086956523,1.0632168409466152,1.5593863511282333,91303.91992294992,0.7603520870208769
-0.11287011557512372,0.40480737479361584,0.34578425976884963,0.23234177215189877,0.475558613098514,0.6823637864611999,0.734782608695652,1.0632168409466152,1.5493863511282335,91896.91992294992,0.7648484230041497
-0.15287011557512376,0.4448073747936159,0.35578425976884964,0.22234177215189876,0.4855586130985138,0.6923637864611998,0.744782608695652,1.0532168409466154,1.5493863511282335,92433.91992294992,0.7683658123016386
-0.10287011557512371,0.4848073747936159,0.3257842597688496,0.23234177215189877,0.44555861309851397,0.6623637864611999,0.744782608695652,1.0732168409466154,1.5393863511282335,92722.91992294992,0.7693988800048821
-0.12287011557512373,0.5048073747936159,0.34578425976884963,0.23234177215189877,0.465558613098514,0.6723637864611999,0.734782608695652,1.0732168409466154,1.5493863511282335,93281.91992294992,0.7727994441986077
-0.13287011557512374,0.554807374793616,0.3157842597688496,0.23234177215189877,0.465558613098514,0.6623637864611999,0.7247826086956523,1.0632168409466152,1.5693863511282333,93760.91992294992,0.7771505832672077
-0.10287011557512371,0.584807374793616,0.3357842597688496,0.22234177215189876,0.43555861309851396,0.6723637864611999,0.734782608695652,1.0732168409466154,1.5693863511282333,93441.91992294992,0.7807201862335198
-0.11287011557512372,0.6148073747936158,0.3357842597688496,0.24234177215189867,0.40555861309851393,0.6723637864611999,0.7147826086956522,1.0932168409466154,1.5593863511282333,93588.91992294992,0.7816676616668694
-0.09287011557512381,0.6148073747936158,0.34578425976884963,0.24234177215189867,0.40555861309851393,0.6723637864611999,0.7247826086956523,1.1032168409466152,1.5493863511282335,93853.91992294992,0.7846657752990716
-0.09287011557512381,0.6648073747936158,0.34578425976884963,0.22234177215189876,0.40555861309851393,0.6923637864611998,0.6947826086956522,1.1332168409466155,1.5593863511282333,94354.91992294992,0.7892839431762688
-0.0828701155751238,0.6748073747936159,0.3357842597688496,0.22234177215189876,0.3955586130985139,0.7023637864611998,0.6447826086956522,1.1432168409466152,1.5693863511282333,94293.91992294992,0.7932838916778557
-0.0728701155751238,0.7148073747936159,0.3157842597688496,0.22234177215189876,0.3855586130985139,0.6823637864611999,0.6447826086956522,1.1632168409466153,1.5593863511282333,94398.91992294992,0.7932838916778557
-0.05287011557512378,0.7148073747936159,0.3257842597688496,0.22234177215189876,0.3855586130985139,0.6923637864611998,0.6247826086956522,1.1832168409466153,1.5393863511282335,94783.91992294992,0.7966520309448235
-0.06287011557512379,0.784807374793616,0.3257842597688496,0.23234177215189877,0.3655586130985139,0.6823637864611999,0.6347826086956522,1.1832168409466153,1.5393863511282335,94866.91992294992,0.8008844375610344
-0.03287011557512376,0.834807374793616,0.3057842597688496,0.24234177215189867,0.3555586130985139,0.6923637864611998,0.6447826086956522,1.193216840946615,1.5293863511282335,94665.91992294992,0.8057024002075188
-0.06287011557512379,0.9248073747936159,0.2957842597688496,0.24234177215189867,0.3455586130985139,0.6623637864611999,0.6347826086956522,1.1832168409466153,1.5393863511282335,94718.91992294992,0.8092450618743889
-0.06287011557512379,0.9848073747936159,0.3057842597688496,0.21234177215189876,0.33555861309851387,0.6623637864611999,0.6247826086956522,1.1832168409466153,1.5593863511282333,94345.91992294992,0.8096918582916217
-0.06287011557512379,1.044807374793616,0.3157842597688496,0.20234177215189875,0.29555861309851383,0.6523637864611999,0.6447826086956522,1.1832168409466153,1.5393863511282335,93980.91992294992,0.8147265434265165
-0.012870115575123742,1.0748073747936158,0.3257842597688496,0.19234177215189874,0.2755586130985138,0.6623637864611999,0.6147826086956522,1.1832168409466153,1.5593863511282333,94253.91992294992,0.8172437667846673
-0.012870115575123742,1.1348073747936158,0.3257842597688496,0.21234177215189876,0.2755586130985138,0.6023637864611998,0.6147826086956522,1.1832168409466153,1.5493863511282335,93850.91992294992,0.8213052272796624
0.007129884424876276,1.164807374793616,0.2857842597688496,0.20234177215189875,0.2555586130985138,0.6223637864611998,0.6147826086956522,1.193216840946615,1.5693863511282333,93745.91992294992,0.8225001811981194
0.0471298844248762,1.184807374793616,0.2957842597688496,0.20234177215189875,0.225558613098514,0.6323637864611998,0.6147826086956522,1.173216840946615,1.5693863511282333,93596.91992294992,0.8254203319549589
0.10712988442487625,1.1748073747936159,0.3057842597688496,0.17234177215189872,0.21555861309851398,0.6723637864611999,0.6247826086956522,1.173216840946615,1.5693863511282333,93073.91992294992,0.8301543712615995
0.12712988442487627,1.1748073747936159,0.3157842597688496,0.19234177215189874,0.21555861309851398,0.6523637864611999,0.6147826086956522,1.1832168409466153,1.5493863511282335,93256.91992294992,0.8342794895172077
0.13712988442487628,1.214807374793616,0.3257842597688496,0.19234177215189874,0.21555861309851398,0.6423637864611998,0.6347826086956522,1.1832168409466153,1.5493863511282335,93933.91992294992,0.8342794895172077
0.1771298844248762,1.214807374793616,0.3057842597688496,0.17234177215189872,0.225558613098514,0.6123637864611998,0.6247826086956522,1.1832168409466153,1.5593863511282333,93302.91992294992,0.8382789611816399
0.19712988442487622,1.184807374793616,0.3157842597688496,0.19234177215189874,0.20555861309851398,0.5823637864611998,0.6247826086956522,1.173216840946615,1.5593863511282333,93317.91992294992,0.8422789096832268
0.2571298844248763,1.1748073747936159,0.2957842597688496,0.17234177215189872,0.21555861309851398,0.5623637864611998,0.6047826086956521,1.173216840946615,1.5593863511282333,93870.91992294992,0.8462540626525872
0.31712988442487633,1.144807374793616,0.3257842597688496,0.1623417721518987,0.225558613098514,0.5423637864611999,0.6147826086956522,1.153216840946615,1.5593863511282333,94107.91992294992,0.8462540626525872
0.34712988442487613,1.144807374793616,0.3257842597688496,0.13234177215189874,0.19555861309851397,0.5623637864611998,0.6247826086956522,1.1432168409466152,1.5693863511282333,94380.91992294992,0.8502475738525384
0.36712988442487615,1.1148073747936158,0.38578425976884956,0.1523417721518987,0.20555861309851398,0.5123637864611998,0.6347826086956522,1.1232168409466152,1.5593863511282333,95045.91992294992,0.8542501449584954
0.4171298844248762,1.104807374793616,0.35578425976884964,0.11234177215189872,0.19555861309851397,0.5223637864611999,0.6347826086956522,1.1332168409466155,1.5493863511282335,95688.91992294992,0.8585624217987018
0.46712988442487624,1.0548073747936157,0.4057842597688496,0.12234177215189873,0.21555861309851398,0.5823637864611998,0.6447826086956522,1.1232168409466152,1.5393863511282335,95927.91992294992,0.8595928668975823
0.48712988442487626,1.044807374793616,0.39578425976884957,0.11234177215189872,0.20555861309851398,0.5723637864611998,0.6547826086956522,1.1132168409466154,1.5293863511282335,96474.91992294992,0.8627218723297112
0.5371298844248763,0.9748073747936159,0.4357842597688496,0.0923417721518987,0.19555861309851397,0.5123637864611998,0.6547826086956522,1.1032168409466152,1.5593863511282333,96815.91992294992,0.8672377586364739
0.5671298844248763,0.9448073747936159,0.48578425976884965,0.12234177215189873,0.17555861309851395,0.5423637864611999,0.6747826086956522,1.1032168409466152,1.5293863511282335,96388.91992294992,0.8705029010772698
0.5671298844248763,0.9148073747936158,0.5057842597688497,0.13234177215189874,0.16555861309851394,0.4923637864611998,0.6647826086956522,1.0732168409466154,1.5193863511282335,96943.91992294992,0.87152547836304
0.5571298844248763,0.8748073747936158,0.5957842597688495,0.10234177215189871,0.18555861309851396,0.5223637864611999,0.6647826086956522,1.0732168409466154,1.5393863511282335,97228.91992294992,0.8755495071411161
0.5371298844248763,0.854807374793616,0.6457842597688496,0.12234177215189873,0.17555861309851395,0.5723637864611998,0.6547826086956522,1.0932168409466154,1.4893863511282335,97097.91992294992,0.8795492172241204
0.48712988442487626,0.8748073747936158,0.6957842597688496,0.10234177215189871,0.18555861309851396,0.4723637864611998,0.6247826086956522,1.0832168409466152,1.5193863511282335,97442.91992294992,0.8831147670745843
0.45712988442487623,0.8948073747936158,0.7257842597688496,0.10234177215189871,0.17555861309851395,0.5123637864611998,0.6347826086956522,1.0932168409466154,1.5193863511282335,97541.91992294992,0.8841943264007597
0.4071298844248762,0.8848073747936158,0.7757842597688497,0.10234177215189871,0.15555861309851393,0.4223637864611999,0.6247826086956522,1.0832168409466152,1.5193863511282335,97828.91992294992,0.8864368915557819
0.38712988442487617,0.8848073747936158,0.8157842597688497,0.11234177215189872,0.15555861309851393,0.4223637864611999,0.6247826086956522,1.0932168409466154,1.4893863511282335,97843.91992294992,0.892285776138305
0.35712988442487614,0.8848073747936158,0.8457842597688495,0.17234177215189872,0.15555861309851393,0.4523637864611998,0.6447826086956522,1.0832168409466152,1.4893863511282335,97510.91992294992,0.8959059238433831
0.34712988442487613,0.8648073747936158,0.8957842597688496,0.17234177215189872,0.17555861309851395,0.4623637864611998,0.6347826086956522,1.0832168409466152,1.4793863511282335,97441.91992294992,0.8995580196380608
0.35712988442487614,0.814807374793616,0.9157842597688496,0.18234177215189873,0.16555861309851394,0.4923637864611998,0.6047826086956521,1.0832168409466152,1.4293863511282334,97866.91992294992,0.9005596160888665
0.35712988442487614,0.784807374793616,0.9857842597688496,0.20234177215189875,0.16555861309851394,0.5223637864611999,0.6147826086956522,1.0632168409466152,1.4093863511282334,98407.91992294992,0.9035543918609577
0.34712988442487613,0.7748073747936159,1.0157842597688496,0.21234177215189876,0.16555861309851394,0.5323637864611999,0.5747826086956521,1.0532168409466154,1.4693863511282335,98734.91992294992,0.9085795402526884
0.37712988442487616,0.7548073747936159,1.0257842597688498,0.20234177215189875,0.16555861309851394,0.5523637864611999,0.5647826086956521,1.0532168409466154,1.4493863511282334,99263.91992294992,0.9117881774902337
0.3971298844248762,0.7448073747936159,1.0157842597688496,0.20234177215189875,0.16555861309851394,0.5623637864611998,0.5647826086956521,1.0632168409466152,1.4293863511282334,100002.91992294992,0.9125830650329583
0.4271298844248762,0.7248073747936159,0.9957842597688497,0.20234177215189875,0.16555861309851394,0.5723637864611998,0.5647826086956521,1.0232168409466151,1.4093863511282334,100197.91992294992,0.9158808708190875
0.45712988442487623,0.7048073747936159,1.0057842597688498,0.21234177215189876,0.19555861309851397,0.5723637864611998,0.5247826086956521,1.0232168409466151,1.4193863511282334,100708.91992294992,0.9200236320495598
0.46712988442487624,0.6848073747936159,1.0357842597688496,0.1623417721518987,0.20555861309851398,0.5423637864611999,0.48478260869565204,0.9832168409466152,1.3993863511282334,100905.91992294992,0.9240600585937493
0.46712988442487624,0.6848073747936159,1.0457842597688498,0.1423417721518987,0.20555861309851398,0.5623637864611998,0.47478260869565225,0.9932168409466152,1.4093863511282334,100968.91992294992,0.9240600585937493
0.47712988442487625,0.6548073747936158,1.0557842597688496,0.1623417721518987,0.2455586130985138,0.5423637864611999,0.47478260869565225,0.9732168409466152,1.4193863511282334,100859.91992294992,0.9280895709991448
0.47712988442487625,0.6648073747936158,1.0457842597688498,0.1623417721518987,0.225558613098514,0.5423637864611999,0.47478260869565225,0.9432168409466152,1.3793863511282334,100908.91992294992,0.9322642803192096
0.47712988442487625,0.6648073747936158,1.0757842597688496,0.1423417721518987,0.2455586130985138,0.5123637864611998,0.4447826086956522,0.9432168409466152,1.3393863511282333,101169.91992294992,0.9370898723602288
0.49712988442487627,0.6548073747936158,1.0457842597688498,0.1423417721518987,0.2755586130985138,0.5323637864611999,0.4147826086956522,0.9432168409466152,1.3393863511282333,100404.91992294992,0.9370898723602288
0.5071298844248763,0.6348073747936158,1.0657842597688498,0.11234177215189872,0.2855586130985138,0.5623637864611998,0.4147826086956522,0.9332168409466152,1.3593863511282334,99923.91992294992,0.9410898208618157
0.5071298844248763,0.6348073747936158,1.0657842597688498,0.13234177215189874,0.29555861309851383,0.5823637864611998,0.3847826086956522,0.9432168409466152,1.3193863511282333,99360.91992294992,0.9447919845581048
0.48712988442487626,0.594807374793616,1.1057842597688494,0.1523417721518987,0.29555861309851383,0.6223637864611998,0.33478260869565213,0.8932168409466151,1.3493863511282334,98579.91992294992,0.9487406730651848
0.47712988442487625,0.574807374793616,1.1657842597688495,0.1423417721518987,0.29555861309851383,0.6423637864611998,0.3147826086956521,0.9232168409466152,1.3593863511282334,97668.91992294992,0.9495982646942096
0.47712988442487625,0.564807374793616,1.1757842597688497,0.1423417721518987,0.33555861309851387,0.6423637864611998,0.2947826086956521,0.9032168409466151,1.3193863511282333,96691.91992294992,0.9534058094024616
0.47712988442487625,0.534807374793616,1.1957842597688497,0.17234177215189872,0.33555861309851387,0.6723637864611999,0.3147826086956521,0.8932168409466151,1.3393863511282333,96326.91992294992,0.9574052810668903
0.47712988442487625,0.4748073747936159,1.2457842597688495,0.1623417721518987,0.3555586130985139,0.7023637864611998,0.2747826086956522,0.8732168409466153,1.3293863511282333,95681.91992294992,0.9613749504089348
0.46712988442487624,0.4748073747936159,1.2457842597688495,0.17234177215189872,0.3455586130985139,0.6923637864611998,0.2747826086956522,0.8532168409466153,1.3193863511282333,95106.91992294992,0.9624051570892362
0.48712988442487626,0.4448073747936159,1.2457842597688495,0.1523417721518987,0.3455586130985139,0.7223637864611998,0.25478260869565217,0.8032168409466153,1.2893863511282335,94465.91992294992,0.9653727531433098
0.49712988442487627,0.40480737479361584,1.2757842597688498,0.17234177215189872,0.3655586130985139,0.7323637864611998,0.2647826086956522,0.8232168409466153,1.2593863511282335,94128.91992294992,0.9690463066101067
0.5171298844248763,0.39480737479361583,1.2457842597688495,0.19234177215189874,0.3455586130985139,0.7523637864611998,0.2647826086956522,0.7632168409466152,1.2993863511282335,94455.91992294992,0.9735805511474602
0.5571298844248763,0.354807374793616,1.2457842597688495,0.21234177215189876,0.3455586130985139,0.7723637864611999,0.22478260869565214,0.7832168409466153,1.2893863511282335,94456.91992294992,0.9745902538299589
0.5871298844248763,0.314807374793616,1.2257842597688495,0.21234177215189876,0.3755586130985139,0.7723637864611999,0.21478260869565213,0.7832168409466153,1.2693863511282335,94343.91992294992,0.977580261230468
0.5871298844248763,0.28480737479361595,1.2557842597688498,0.21234177215189876,0.3655586130985139,0.7923637864611999,0.1647826086956522,0.7932168409466153,1.2693863511282335,94338.91992294992,0.9818896770477288
0.6271298844248762,0.27480737479361594,1.2157842597688497,0.20234177215189875,0.3955586130985139,0.7823637864611999,0.1647826086956522,0.8132168409466153,1.2493863511282335,93579.91992294992,0.9863321304321282
0.5871298844248763,0.27480737479361594,1.2157842597688497,0.22234177215189876,0.41555861309851394,0.7923637864611999,0.12478260869565216,0.8032168409466153,1.2593863511282335,93346.91992294992,0.9898671627044671
0.5671298844248763,0.27480737479361594,1.2057842597688495,0.18234177215189873,0.43555861309851396,0.8023637864611999,0.12478260869565216,0.8132168409466153,1.1993863511282334,92793.91992294992,0.9898671627044671
0.5371298844248763,0.29480737479361596,1.1857842597688495,0.19234177215189874,0.4855586130985138,0.8023637864611999,0.08478260869565213,0.8232168409466153,1.2293863511282335,92144.91992294992,0.9939159870147698
0.47712988442487625,0.334807374793616,1.1957842597688497,0.23234177215189877,0.5455586130985138,0.7923637864611999,0.11478260869565216,0.8032168409466153,1.2193863511282335,91307.91992294992,0.9979156970977776
0.4171298844248762,0.354807374793616,1.1457842597688495,0.24234177215189867,0.5755586130985139,0.8323637864611998,0.14478260869565218,0.8032168409466153,1.2593863511282335,90170.91992294992,1.0023374080657987
0.36712988442487615,0.3748073747936158,1.1357842597688497,0.2623417721518987,0.6055586130985139,0.8323637864611998,0.1847826086956521,0.7832168409466153,1.2493863511282335,88255.91992294992,1.0023374080657987
0.35712988442487614,0.39480737479361583,1.1557842597688497,0.3023417721518987,0.6155586130985139,0.8223637864611998,0.1647826086956522,0.7832168409466153,1.2493863511282335,85880.91992294992,1.00578327178955
0.31712988442487633,0.39480737479361583,1.1157842597688497,0.32234177215189874,0.6255586130985139,0.8523637864611998,0.1847826086956521,0.7932168409466153,1.2593863511282335,83767.91992294992,1.0107988834381096
0.3071298844248763,0.39480737479361583,1.1257842597688494,0.34234177215189876,0.6055586130985139,0.8923637864611998,0.1847826086956521,0.7732168409466152,1.2393863511282335,82124.91992294992,1.014492225646972
0.2971298844248763,0.41480737479361585,1.0957842597688496,0.36234177215189867,0.6155586130985139,0.9123637864611999,0.1747826086956521,0.8132168409466153,1.1993863511282334,80917.91992294992,1.014492225646972
0.32712988442487634,0.42480737479361586,1.0657842597688498,0.3723417721518987,0.6255586130985139,0.9323637864611999,0.1647826086956522,0.8032168409466153,1.2093863511282334,80068.91992294992,1.0181788921356194
0.33712988442487635,0.3748073747936158,1.0057842597688498,0.3723417721518987,0.6355586130985139,0.9423637864611999,0.1747826086956521,0.8332168409466153,1.1693863511282334,79351.91992294992,1.0222692012786858
0.35712988442487614,0.39480737479361583,0.9657842597688496,0.3823417721518987,0.6355586130985139,0.9423637864611999,0.1747826086956521,0.8332168409466153,1.1693863511282334,79018.91992294992,1.0263964653015165
0.37712988442487616,0.3748073747936158,0.9257842597688496,0.4123417721518987,0.6655586130985139,0.9423637864611999,0.13478260869565217,0.8332168409466153,1.1793863511282334,78947.91992294992,1.0274009227752678
0.34712988442487613,0.3748073747936158,0.9257842597688496,0.43234177215189873,0.685558613098514,0.9723637864611999,0.13478260869565217,0.8132168409466153,1.1793863511282334,78372.91992294992,1.0309152126312249
0.33712988442487635,0.3648073747936158,0.8857842597688496,0.4223417721518987,0.715558613098514,0.9723637864611999,0.12478260869565216,0.8232168409466153,1.1593863511282334,78037.91992294992,1.0349142074584954
0.33712988442487635,0.354807374793616,0.8557842597688495,0.4223417721518987,0.715558613098514,1.0023637864611996,0.14478260869565218,0.8232168409466153,1.1293863511282334,77440.91992294992,1.038913440704345
0.31712988442487633,0.354807374793616,0.8157842597688497,0.44234177215189874,0.715558613098514,1.0023637864611996,0.14478260869565218,0.8232168409466153,1.0993863511282334,77215.91992294992,1.038913440704345
0.2871298844248763,0.334807374793616,0.8857842597688496,0.46234177215189876,0.7655586130985138,0.9723637864611999,0.1547826086956522,0.8132168409466153,1.1193863511282334,77266.91992294992,1.042986345291137
0.23712988442487626,0.3648073747936158,0.7957842597688497,0.46234177215189876,0.7755586130985138,1.0123637864611996,0.1847826086956521,0.7732168409466152,1.0993863511282334,76999.91992294992,1.0471536636352496
0.23712988442487626,0.3648073747936158,0.7857842597688497,0.5023417721518987,0.7755586130985138,1.0323637864611996,0.1547826086956522,0.7732168409466152,1.0693863511282333,76802.91992294992,1.051686477661132
0.20712988442487623,0.354807374793616,0.7657842597688497,0.5023417721518987,0.8055586130985138,1.0423637864611996,0.1847826086956521,0.7432168409466152,1.0493863511282335,76989.91992294992,1.0547842502593987
0.1771298844248762,0.3748073747936158,0.7557842597688497,0.5123417721518987,0.8055586130985138,1.0623637864611997,0.20478260869565212,0.7032168409466152,1.0493863511282335,76936.91992294992,1.0558228015899687
0.13712988442487628,0.3648073747936158,0.7357842597688496,0.5023417721518987,0.8355586130985139,1.0623637864611997,0.1747826086956521,0.7032168409466152,1.0793863511282333,76677.91992294992,1.0591659069061272
0.13712988442487628,0.39480737479361583,0.7557842597688497,0.5623417721518987,0.8355586130985139,1.0723637864611997,0.1847826086956521,0.6732168409466152,1.0693863511282333,76730.91992294992,1.063092899322509
0.12712988442487627,0.39480737479361583,0.7257842597688496,0.5723417721518987,0.8555586130985139,1.0423637864611996,0.20478260869565212,0.6032168409466153,1.0693863511282333,76577.91992294992,1.0674998283386223
0.10712988442487625,0.39480737479361583,0.7057842597688496,0.5923417721518988,0.8255586130985139,1.0923637864611997,0.21478260869565213,0.5732168409466153,1.0693863511282333,76986.91992294992,1.0680937290191643
0.10712988442487625,0.354807374793616,0.7157842597688496,0.6323417721518987,0.8355586130985139,1.0723637864611997,0.21478260869565213,0.5432168409466153,1.0393863511282335,77477.91992294992,1.0724014759063678
0.09712988442487624,0.334807374793616,0.6857842597688496,0.6223417721518987,0.8155586130985139,1.1323637864611997,0.19478260869565212,0.5532168409466153,0.9693863511282333,77736.91992294992,1.075661134719848
0.10712988442487625,0.344807374793616,0.6957842597688496,0.6323417721518987,0.8555586130985139,1.1123637864611997,0.22478260869565214,0.5332168409466153,0.9693863511282333,77709.91992294992,1.079048585891723
0.11712988442487626,0.324807374793616,0.6857842597688496,0.6823417721518987,0.8155586130985139,1.1723637864611998,0.23478260869565215,0.4632168409466152,0.9693863511282333,77612.91992294992,1.0801035881042473
0.08712988442487624,0.314807374793616,0.6657842597688496,0.6723417721518987,0.8255586130985139,1.2023637864611998,0.2647826086956522,0.42321684094661527,0.9393863511282333,78141.91992294992,1.0837947845458977
0.10712988442487625,0.29480737479361596,0.6157842597688495,0.7123417721518988,0.7855586130985138,1.2123637864611998,0.25478260869565217,0.41321684094661526,0.9193863511282333,78976.91992294992,1.0885059356689446
0.06712988442487622,0.2348073747936159,0.6357842597688496,0.7023417721518987,0.7855586130985138,1.2723637864611996,0.20478260869565212,0.4732168409466152,0.9193863511282333,79025.91992294992,1.0920063972473137
0.07712988442487623,0.2248073747936159,0.6557842597688496,0.6923417721518987,0.7655586130985138,1.3323637864611997,0.20478260869565212,0.4632168409466152,0.8693863511282333,79610.91992294992,1.0920063972473137
0.07712988442487623,0.2348073747936159,0.5957842597688495,0.7023417721518987,0.7655586130985138,1.3623637864611997,0.1847826086956521,0.38321684094661523,0.8593863511282334,80107.91992294992,1.0959939479827874
0.0471298844248762,0.20480737479361588,0.5757842597688495,0.7223417721518988,0.7655586130985138,1.3823637864611997,0.1847826086956521,0.3732168409466152,0.8393863511282333,80680.91992294992,1.1011988639831536
0.03712988442487619,0.24480737479361592,0.5957842597688495,0.7423417721518988,0.7355586130985138,1.4223637864611998,0.12478260869565216,0.3732168409466152,0.8593863511282334,81233.91992294992,1.1045095443725579
0.0471298844248762,0.2348073747936159,0.5457842597688497,0.7423417721518988,0.715558613098514,1.4523637864611998,0.14478260869565218,0.3432168409466152,0.7993863511282333,81670.91992294992,1.1045095443725579
0.017129884424876285,0.19480737479361587,0.49578425976884966,0.7323417721518988,0.705558613098514,1.4923637864611998,0.1647826086956522,0.3432168409466152,0.7593863511282333,82637.91992294992,1.1079060554504387
0.027129884424876294,0.20480737479361588,0.5157842597688497,0.7523417721518988,0.675558613098514,1.5323637864611996,0.12478260869565216,0.3232168409466153,0.7593863511282333,83504.91992294992,1.1120359420776396
-0.05287011557512378,0.18480737479361586,0.48578425976884965,0.7523417721518988,0.6355586130985139,1.5623637864611997,0.10478260869565215,0.3232168409466153,0.7193863511282333,84205.91992294992,1.116962385177608
-0.05287011557512378,0.18480737479361586,0.48578425976884965,0.7723417721518988,0.6155586130985139,1.5923637864611997,0.12478260869565216,0.3332168409466152,0.7193863511282333,85410.91992294992,1.1201192855834954
-0.04287011557512377,0.17480737479361586,0.48578425976884965,0.7623417721518988,0.5955586130985139,1.6423637864611997,0.08478260869565213,0.3632168409466152,0.6693863511282333,86225.91992294992,1.1209873676300042
-0.05287011557512378,0.16480737479361585,0.5057842597688497,0.7823417721518988,0.5655586130985139,1.6623637864611998,0.08478260869565213,0.3532168409466152,0.6493863511282333,86666.91992294992,1.12555284500122
-0.012870115575123742,0.12480737479361581,0.47578425976884964,0.8023417721518986,0.5455586130985138,1.6823637864611998,0.07478260869565212,0.3532168409466152,0.6093863511282334,87227.91992294992,1.1288296699523954
-0.002870115575123733,0.16480737479361585,0.4257842597688496,0.8223417721518986,0.5255586130985138,1.6823637864611998,0.04478260869565209,0.38321684094661523,0.6193863511282333,88048.91992294992,1.1329104423522907
-0.002870115575123733,0.12480737479361581,0.4157842597688496,0.8623417721518987,0.4955586130985138,1.7023637864611998,0.04478260869565209,0.3732168409466152,0.5993863511282334,89095.91992294992,1.133841943740844
0.007129884424876276,0.084807374793616,0.4457842597688496,0.8723417721518987,0.44555861309851397,1.7323637864611998,-0.025217391304347858,0.3232168409466153,0.5893863511282333,90244.91992294992,1.137311649322509
0.017129884424876285,0.014807374793615935,0.4257842597688496,0.8923417721518987,0.44555861309851397,1.7223637864611998,-0.055217391304347885,0.3732168409466152,0.5693863511282333,90901.91992294992,1.142310571670528
0.0471298844248762,0.024807374793615944,0.39578425976884957,0.9123417721518987,0.42555861309851395,1.7323637864611998,-0.025217391304347858,0.3332168409466152,0.5993863511282334,92082.91992294992,1.1448404312133782
0.03712988442487619,0.024807374793615944,0.4157842597688496,0.9323417721518987,0.3855586130985139,1.7423637864611998,-0.03521739130434787,0.3532168409466152,0.5793863511282333,92433.91992294992,1.1448404312133782
0.0471298844248762,0.05480737479361597,0.36578425976884965,0.9823417721518988,0.3655586130985139,1.7323637864611998,-0.0652173913043479,0.3532168409466152,0.5293863511282333,92956.91992294992,1.1503562450408928
0.0471298844248762,0.07480737479361599,0.3157842597688496,0.9923417721518988,0.3555586130985139,1.7323637864611998,-0.0652173913043479,0.3032168409466153,0.5293863511282333,93813.91992294992,1.1538786411285393
-0.002870115575123733,0.06480737479361598,0.2957842597688496,0.9923417721518988,0.3455586130985139,1.7523637864611996,-0.045217391304347876,0.3132168409466153,0.5193863511282333,94076.91992294992,1.157906007766723
0.027129884424876294,0.07480737479361599,0.3057842597688496,0.9823417721518988,0.33555861309851387,1.7523637864611996,-0.025217391304347858,0.3032168409466153,0.47938635112823336,94303.91992294992,1.157906007766723
0.03712988442487619,0.07480737479361599,0.27578425976884957,0.9623417721518988,0.3655586130985139,1.7623637864611996,-0.055217391304347885,0.3332168409466152,0.49938635112823326,94124.91992294992,1.1618792533874505
0.007129884424876276,0.06480737479361598,0.25578425976884966,0.9623417721518988,0.3555586130985139,1.7323637864611998,-0.03521739130434787,0.3632168409466152,0.45938635112823334,94539.91992294992,1.1658966064453118
-0.012870115575123742,0.04480737479361596,0.3157842597688496,0.9323417721518987,0.3855586130985139,1.7523637864611996,-0.0652173913043479,0.3632168409466152,0.5093863511282333,94988.91992294992,1.1695479869842522
-0.002870115575123733,0.06480737479361598,0.2957842597688496,0.9223417721518987,0.41555861309851394,1.7623637864611996,-0.045217391304347876,0.3432168409466152,0.5293863511282333,94913.91992294992,1.1695479869842522
-0.03287011557512376,0.04480737479361596,0.3257842597688496,0.8823417721518987,0.3955586130985139,1.7723637864611996,-0.0752173913043479,0.3732168409466152,0.5293863511282333,94242.91992294992,1.1737865924835198
-0.012870115575123742,0.05480737479361597,0.3357842597688496,0.8423417721518986,0.42555861309851395,1.8023637864611997,-0.09521739130434781,0.39321684094661524,0.5393863511282333,94227.91992294992,1.1787986278533964
0.007129884424876276,0.07480737479361599,0.34578425976884963,0.8323417721518986,0.40555861309851393,1.8323637864611997,-0.09521739130434781,0.41321684094661526,0.5093863511282333,94332.91992294992,1.1833974838256829
-0.012870115575123742,0.05480737479361597,0.37578425976884966,0.8123417721518986,0.41555861309851394,1.8223637864611997,-0.055217391304347885,0.4432168409466153,0.5493863511282333,93967.91992294992,1.1833974838256829
0.007129884424876276,0.06480737479361598,0.35578425976884964,0.8123417721518986,0.465558613098514,1.7823637864611996,-0.025217391304347858,0.41321684094661526,0.5493863511282333,93494.91992294992,1.1864203929901116
0.007129884424876276,0.05480737479361597,0.4057842597688496,0.8323417721518986,0.43555861309851396,1.7823637864611996,0.014782608695652177,0.4332168409466153,0.5493863511282333,93093.91992294992,1.1905233383178704
-0.012870115575123742,0.084807374793616,0.36578425976884965,0.8723417721518987,0.42555861309851395,1.7523637864611996,-0.025217391304347858,0.4432168409466153,0.5393863511282333,93068.91992294992,1.194524717330932
-0.02287011557512375,0.10480737479361601,0.35578425976884964,0.8823417721518987,0.3955586130985139,1.7523637864611996,-0.01521739130434785,0.4332168409466153,0.5693863511282333,93637.91992294992,1.1985229969024616
-0.05287011557512378,0.084807374793616,0.34578425976884963,0.8923417721518987,0.3855586130985139,1.7423637864611998,0.04478260869565209,0.4532168409466152,0.5693863511282333,93492.91992294992,1.1995219707489007
-0.03287011557512376,0.06480737479361598,0.3257842597688496,0.9423417721518987,0.3755586130985139,1.7123637864611998,-0.025217391304347858,0.4632168409466152,0.5793863511282333,93685.91992294992,1.203555536270141
-0.012870115575123742,0.024807374793615944,0.37578425976884966,0.9823417721518988,0.3555586130985139,1.6823637864611998,-0.00521739130434784,0.5232168409466152,0.6693863511282333,93592.91992294992,1.2069522857666009
-0.002870115575123733,0.004807374793615926,0.36578425976884965,1.0023417721518988,0.3455586130985139,1.6823637864611998,0.014782608695652177,0.5332168409466153,0.6293863511282333,94209.91992294992,1.210740518569942
0.007129884424876276,-0.005192625206384083,0.36578425976884965,1.0423417721518988,0.3455586130985139,1.6323637864611997,0.034782608695652195,0.5532168409466153,0.6793863511282333,94862.91992294992,1.210740518569942
0.007129884424876276,-0.0251926252063841,0.38578425976884956,1.0723417721518986,0.32555861309851386,1.6023637864611997,0.06478260869565211,0.5532168409466153,0.7593863511282333,95889.91992294992,1.2145168304443352
-0.02287011557512375,-0.005192625206384083,0.4357842597688496,1.1123417721518987,0.30555861309851384,1.6023637864611997,0.034782608695652195,0.5832168409466153,0.7693863511282333,96564.91992294992,1.2198149681091301
-0.06287011557512379,0.014807374793615935,0.4157842597688496,1.0923417721518986,0.31555861309851385,1.5823637864611997,0.06478260869565211,0.6232168409466153,0.7593863511282333,96249.91992294992,1.2230679512023954
-0.06287011557512379,-0.005192625206384083,0.4157842597688496,1.1023417721518987,0.3555586130985139,1.5623637864611997,0.06478260869565211,0.6132168409466153,0.8193863511282333,95698.91992294992,1.2241489410400384
-0.09287011557512381,0.014807374793615935,0.4057842597688496,1.0723417721518986,0.3455586130985139,1.5623637864611997,0.07478260869565212,0.6432168409466151,0.8293863511282333,95619.91992294992,1.226779413223266
-0.0828701155751238,0.024807374793615944,0.37578425976884966,1.0223417721518988,0.3755586130985139,1.5823637864611997,0.09478260869565214,0.6832168409466152,0.8393863511282333,95424.91992294992,1.2308098793029778
-0.0828701155751238,0.03480737479361595,0.39578425976884957,0.9623417721518988,0.41555861309851394,1.5423637864611996,0.10478260869565215,0.7132168409466152,0.8893863511282333,94893.91992294992,1.2347948074340778
-0.12287011557512373,0.04480737479361596,0.4057842597688496,0.9323417721518987,0.3755586130985139,1.5923637864611997,0.08478260869565213,0.7232168409466152,0.9093863511282333,94264.91992294992,1.2357902050018303
-0.15287011557512376,0.05480737479361597,0.38578425976884956,0.9323417721518987,0.40555861309851393,1.5823637864611997,0.07478260869565212,0.7532168409466152,0.9093863511282333,93409.91992294992,1.2397951602935784
-0.13287011557512374,0.06480737479361598,0.35578425976884964,0.9423417721518987,0.3955586130985139,1.5723637864611997,0.10478260869565215,0.7632168409466152,0.9393863511282333,92110.91992294992,1.2432572364807157
-0.15287011557512376,0.084807374793616,0.35578425976884964,0.9523417721518987,0.3855586130985139,1.5423637864611996,0.13478260869565217,0.7432168409466152,0.9693863511282333,91269.91992294992,1.247090291976928
-0.13287011557512374,0.094807374793616,0.34578425976884963,0.9623417721518988,0.40555861309851393,1.4623637864611998,0.12478260869565216,0.7532168409466152,0.9893863511282334,90096.91992294992,1.2481264591217034
-0.13287011557512374,0.084807374793616,0.36578425976884965,0.9923417721518988,0.41555861309851394,1.4423637864611998,0.13478260869565217,0.7732168409466152,1.0193863511282335,89151.91992294992,1.2513491630554192
-0.12287011557512373,0.05480737479361597,0.39578425976884957,1.0223417721518988,0.40555861309851393,1.4323637864611998,0.11478260869565216,0.8132168409466153,1.0093863511282335,88218.91992294992,1.2563595294952385
-0.10287011557512371,0.05480737479361597,0.37578425976884966,1.0423417721518988,0.40555861309851393,1.3823637864611997,0.10478260869565215,0.8432168409466153,1.0093863511282335,87795.91992294992,1.2597748756408684
-0.09287011557512381,0.03480737479361595,0.4457842597688496,1.0923417721518986,0.43555861309851396,1.2923637864611996,0.10478260869565215,0.8632168409466153,1.0093863511282335,87054.91992294992,1.2637812614440875
-0.0728701155751238,0.014807374793615935,0.4557842597688496,1.1023417721518987,0.5155586130985138,1.1723637864611998,0.04478260869565209,0.8532168409466153,0.9993863511282334,86541.91992294992,1.2637812614440875
-0.11287011557512372,0.024807374793615944,0.4157842597688496,1.0723417721518986,0.5655586130985139,1.1223637864611997,0.024782608695652186,0.8532168409466153,1.0293863511282335,86258.91992294992,1.2680477619171135
-0.15287011557512376,-0.005192625206384083,0.36578425976884965,0.9423417721518987,0.6655586130985139,1.0223637864611996,0.0547826086956521,0.8632168409466153,1.0093863511282335,85573.91992294992,1.2723416805267327
-0.14287011557512375,-0.03519262520638411,0.3057842597688496,0.9923417721518988,0.6655586130985139,0.9223637864611999,0.08478260869565213,0.8132168409466153,1.0293863511282335,85276.91992294992,1.2759723186492877
-0.17287011557512377,-0.005192625206384083,0.3257842597688496,0.8823417721518987,0.675558613098514,1.0323637864611996,0.08478260869565213,0.8232168409466153,1.0093863511282335,84783.91992294992,1.2759723186492877
-0.17287011557512377,0.024807374793615944,0.3057842597688496,0.7923417721518988,0.675558613098514,1.0123637864611996,0.14478260869565218,0.8632168409466153,0.9893863511282334,83342.91992294992,1.2803635120391839
-0.18287011557512378,0.014807374793615935,0.34578425976884963,0.8423417721518986,0.6655586130985139,1.0123637864611996,0.13478260869565217,0.8932168409466151,0.9693863511282333,81383.91992294992,1.2842742919921868
-0.16287011557512376,0.014807374793615935,0.4357842597688496,0.7623417721518988,0.685558613098514,1.0223637864611996,0.1647826086956522,0.8332168409466153,0.9993863511282334,79692.91992294992,1.2878157615661578
-0.13287011557512374,0.03480737479361595,0.4457842597688496,0.7823417721518988,0.6555586130985139,1.0523637864611997,0.04478260869565209,0.9232168409466152,1.0193863511282335,78393.91992294992,1.2888161659240716
-0.11287011557512372,0.05480737479361597,0.4457842597688496,0.7123417721518988,0.675558613098514,1.0923637864611997,0.024782608695652186,0.9632168409466152,1.0793863511282333,77154.91992294992,1.2928161144256585
-0.09287011557512381,0.04480737479361596,0.47578425976884964,0.6923417721518987,0.6155586130985139,1.1323637864611997,-0.01521739130434785,0.9832168409466152,1.0493863511282335,75727.91992294992,1.296817255020141
-0.0828701155751238,0.05480737479361597,0.47578425976884964,0.7023417721518987,0.6255586130985139,1.1423637864611997,0.04478260869565209,0.9532168409466152,0.9993863511282334,74808.91992294992,1.300587368011474
-0.0728701155751238,0.05480737479361597,0.48578425976884965,0.7123417721518988,0.6055586130985139,1.1323637864611997,-0.01521739130434785,0.9032168409466151,0.9293863511282333,74061.91992294992,1.3016130447387688
-0.05287011557512378,0.06480737479361598,0.47578425976884964,0.6723417721518987,0.5955586130985139,1.1323637864611997,0.0047826086956521685,0.9732168409466152,0.9493863511282333,72386.91992294992,1.305032920837398
-0.0828701155751238,0.06480737479361598,0.49578425976884966,0.6623417721518987,0.6155586130985139,1.1223637864611997,0.06478260869565211,0.9932168409466152,0.9693863511282333,70599.91992294992,1.3090281009674065
-0.06287011557512379,0.07480737479361599,0.48578425976884965,0.6423417721518987,0.5855586130985139,1.1123637864611997,0.09478260869565214,1.0032168409466151,0.9893863511282334,70096.91992294992,1.3133480072021477
-0.05287011557512378,0.084807374793616,0.48578425976884965,0.6123417721518987,0.6155586130985139,1.1123637864611997,0.09478260869565214,0.9832168409466152,1.0293863511282335,69921.91992294992,1.3133480072021477
-0.0828701155751238,0.10480737479361601,0.48578425976884965,0.5923417721518988,0.6255586130985139,1.1023637864611997,0.13478260869565217,0.9732168409466152,1.0393863511282335,68944.91992294992,1.3171882152557366
-0.0728701155751238,0.094807374793616,0.46578425976884963,0.5423417721518987,0.6555586130985139,1.0723637864611997,0.12478260869565216,1.0032168409466151,1.0593863511282333,68679.91992294992,1.3214423179626458
-0.0828701155751238,0.13480737479361582,0.4157842597688496,0.5123417721518987,0.675558613098514,1.0323637864611996,0.14478260869565218,0.9732168409466152,1.0593863511282333,69314.91992294992,1.3254413127899198
-0.0828701155751238,0.15480737479361584,0.38578425976884956,0.47234177215189876,0.725558613098514,1.0523637864611997,0.13478260869565217,1.0132168409466153,1.0593863511282333,69149.91992294992,1.32644076347351
-0.0828701155751238,0.14480737479361583,0.4057842597688496,0.4823417721518988,0.705558613098514,1.0123637864611996,0.1647826086956522,1.0132168409466153,1.0693863511282333,69020.91992294992,1.329441022872924
-0.0728701155751238,0.14480737479361583,0.4057842597688496,0.47234177215189876,0.705558613098514,1.0223637864611996,0.13478260869565217,1.0332168409466154,1.0793863511282333,69157.91992294992,1.3334464550018303
-0.0728701155751238,0.16480737479361585,0.4257842597688496,0.46234177215189876,0.695558613098514,0.9923637864611999,0.1647826086956522,1.0332168409466154,1.0893863511282333,69414.91992294992,1.3375155448913603
-0.05287011557512378,0.14480737479361583,0.4157842597688496,0.43234177215189873,0.695558613098514,0.9723637864611999,0.19478260869565212,1.0532168409466154,1.0693863511282333,69159.91992294992,1.3406323909759514
-0.0828701155751238,0.13480737479361582,0.38578425976884956,0.4223417721518987,0.695558613098514,0.9923637864611999,0.21478260869565213,1.0332168409466154,1.1193863511282334,69388.91992294992,1.3417076587676995
-0.06287011557512379,0.084807374793616,0.36578425976884965,0.4223417721518987,0.705558613098514,0.9823637864611999,0.21478260869565213,1.0732168409466154,1.0893863511282333,69439.91992294992,1.345654916763305
-0.0728701155751238,0.10480737479361601,0.39578425976884957,0.4223417721518987,0.705558613098514,0.9523637864611999,0.21478260869565213,1.0732168409466154,1.1293863511282334,69228.91992294992,1.3499845981597893
-0.06287011557512379,0.10480737479361601,0.39578425976884957,0.45234177215189875,0.685558613098514,0.9223637864611999,0.24478260869565216,1.0632168409466152,1.1493863511282334,68419.91992294992,1.354027462005611
-0.06287011557512379,0.094807374793616,0.38578425976884956,0.43234177215189873,0.705558613098514,0.9423637864611999,0.2647826086956522,1.0732168409466154,1.2193863511282335,68634.91992294992,1.354027462005611
-0.012870115575123742,0.06480737479361598,0.4157842597688496,0.4023417721518987,0.685558613098514,0.9523637864611999,0.2647826086956522,1.1032168409466152,1.1993863511282334,69469.91992294992,1.3580224037170403
-0.02287011557512375,0.05480737479361597,0.39578425976884957,0.3823417721518987,0.675558613098514,0.9323637864611999,0.3047826086956521,1.0832168409466152,1.2393863511282335,69100.91992294992,1.3620259284973137
-0.04287011557512377,0.094807374793616,0.4157842597688496,0.36234177215189867,0.675558613098514,0.9423637864611999,0.2947826086956521,1.0932168409466154,1.2693863511282335,68665.91992294992,1.3660246849060087
-0.012870115575123742,0.06480737479361598,0.38578425976884956,0.34234177215189876,0.685558613098514,0.9023637864611999,0.33478260869565213,1.1032168409466152,1.3093863511282333,68790.91992294992,1.3660246849060087
-0.04287011557512377,0.094807374793616,0.4157842597688496,0.34234177215189876,0.675558613098514,0.8823637864611998,0.37478260869565216,1.0732168409466154,1.3393863511282333,68757.91992294992,1.3701574325561516
-0.05287011557512378,0.1148073747936158,0.39578425976884957,0.32234177215189874,0.6455586130985139,0.8623637864611998,0.37478260869565216,1.0532168409466154,1.3793863511282334,68390.91992294992,1.3753747463226311
-0.04287011557512377,0.15480737479361584,0.38578425976884956,0.32234177215189874,0.6455586130985139,0.8623637864611998,0.4147826086956522,1.0632168409466152,1.3993863511282334,68019.91992294992,1.3787996292114215
-0.04287011557512377,0.12480737479361581,0.39578425976884957,0.31234177215189873,0.6355586130985139,0.8623637864611998,0.4347826086956522,1.0432168409466152,1.4293863511282334,67708.91992294992,1.379686784744262
-0.0828701155751238,0.14480737479361583,0.37578425976884966,0.3023417721518987,0.6355586130985139,0.8423637864611998,0.47478260869565225,1.0532168409466154,1.4093863511282334,68015.91992294992,1.3828234195709221
-0.06287011557512379,0.15480737479361584,0.4057842597688496,0.3023417721518987,0.6255586130985139,0.8323637864611998,0.5147826086956521,1.0432168409466152,1.4093863511282334,68666.91992294992,1.3869235038757282
-0.05287011557512378,0.12480737479361581,0.4457842597688496,0.3023417721518987,0.5855586130985139,0.8223637864611998,0.5447826086956521,1.0532168409466154,1.4093863511282334,69027.91992294992,1.3916646957397418
-0.04287011557512377,0.12480737479361581,0.4357842597688496,0.32234177215189874,0.5755586130985139,0.8023637864611999,0.5847826086956521,1.0432168409466152,1.4393863511282334,69384.91992294992,1.3916646957397418
-0.002870115575123733,0.14480737479361583,0.4357842597688496,0.31234177215189873,0.5655586130985139,0.8023637864611999,0.5947826086956521,1.0232168409466151,1.4593863511282334,69711.91992294992,1.394767236709594
-0.02287011557512375,0.16480737479361585,0.4257842597688496,0.31234177215189873,0.5655586130985139,0.7923637864611999,0.6547826086956522,1.0032168409466151,1.4793863511282335,70182.91992294992,1.3988756656646757
-0.012870115575123742,0.19480737479361587,0.4157842597688496,0.31234177215189873,0.5355586130985138,0.7823637864611999,0.6347826086956522,1.0132168409466153,1.4893863511282335,70787.91992294992,1.4030472755432122
-0.04287011557512377,0.19480737479361587,0.4057842597688496,0.3023417721518987,0.5355586130985138,0.7723637864611999,0.6647826086956522,1.0132168409466153,1.4993863511282335,71604.91992294992,1.4069208621978788
-0.04287011557512377,0.2148073747936159,0.4157842597688496,0.2923417721518987,0.5355586130985138,0.7723637864611999,0.6647826086956522,1.0232168409466151,1.5193863511282335,72265.91992294992,1.4069208621978788
-0.04287011557512377,0.17480737479361586,0.4057842597688496,0.2723417721518987,0.5455586130985138,0.7723637864611999,0.6647826086956522,1.0232168409466151,1.5293863511282335,72518.91992294992,1.4111861705780022
-0.04287011557512377,0.20480737479361588,0.4257842597688496,0.2823417721518987,0.5255586130985138,0.7623637864611998,0.6747826086956522,1.0232168409466151,1.5393863511282335,73229.91992294992,1.4162101268768303
-0.06287011557512379,0.20480737479361588,0.4057842597688496,0.2523417721518987,0.5255586130985138,0.7523637864611998,0.6647826086956522,1.0332168409466154,1.5593863511282333,73936.91992294992,1.4194890975952106
-0.02287011557512375,0.20480737479361588,0.38578425976884956,0.24234177215189867,0.4955586130985138,0.7323637864611998,0.6747826086956522,1.0232168409466151,1.5693863511282333,73955.91992294992,1.4201831340789788
-0.04287011557512377,0.26480737479361594,0.36578425976884965,0.24234177215189867,0.5155586130985138,0.7323637864611998,0.6947826086956522,1.0332168409466154,1.5793863511282333,74466.91992294992,1.4245392799377434
-0.06287011557512379,0.2548073747936159,0.37578425976884966,0.24234177215189867,0.5055586130985138,0.7223637864611998,0.6647826086956522,1.0532168409466154,1.5793863511282333,75415.91992294992,1.4279791831970208
-0.04287011557512377,0.29480737479361596,0.36578425976884965,0.31234177215189873,0.4855586130985138,0.7423637864611998,0.6547826086956522,1.0532168409466154,1.5893863511282333,75728.91992294992,1.4321343421936028
-0.06287011557512379,0.334807374793616,0.38578425976884956,0.24234177215189867,0.475558613098514,0.7423637864611998,0.6547826086956522,1.0532168409466154,1.5893863511282333,75999.91992294992,1.4321343421936028
-0.0828701155751238,0.3848073747936158,0.35578425976884964,0.2523417721518987,0.465558613098514,0.7323637864611998,0.6547826086956522,1.0732168409466154,1.5993863511282334,76438.91992294992,1.4360351085662835
-0.0728701155751238,0.39480737479361583,0.3257842597688496,0.22234177215189876,0.465558613098514,0.7223637864611998,0.6547826086956522,1.0832168409466152,1.5893863511282333,76585.91992294992,1.4402799129486077
-0.0728701155751238,0.4448073747936159,0.3157842597688496,0.23234177215189877,0.465558613098514,0.7223637864611998,0.6647826086956522,1.0832168409466152,1.5893863511282333,77136.91992294992,1.444149446487426
-0.0828701155751238,0.5048073747936159,0.3057842597688496,0.24234177215189867,0.44555861309851397,0.7223637864611998,0.6547826086956522,1.0932168409466154,1.5793863511282333,77763.91992294992,1.4448844909667997
-0.12287011557512373,0.564807374793616,0.2857842597688496,0.24234177215189867,0.455558613098514,0.7023637864611998,0.6447826086956522,1.1032168409466152,1.5893863511282333,77854.91992294992,1.447865200042724
-0.11287011557512372,0.584807374793616,0.3057842597688496,0.21234177215189876,0.44555861309851397,0.6623637864611999,0.6547826086956522,1.1232168409466152,1.5793863511282333,78567.91992294992,1.4521345615386956
-0.09287011557512381,0.6148073747936158,0.3057842597688496,0.23234177215189877,0.42555861309851395,0.6623637864611999,0.6547826086956522,1.1232168409466152,1.5693863511282333,79088.91992294992,1.4565584182739286
-0.10287011557512371,0.6448073747936158,0.2857842597688496,0.23234177215189877,0.41555861309851394,0.6523637864611999,0.6647826086956522,1.1232168409466152,1.5493863511282335,79281.91992294992,1.4575991153717034
-0.10287011557512371,0.6548073747936158,0.37578425976884966,0.22234177215189876,0.42555861309851395,0.6523637864611999,0.6647826086956522,1.1332168409466155,1.5493863511282335,79296.91992294992,1.461614561080932
-0.10287011557512371,0.7048073747936159,0.3057842597688496,0.24234177215189867,0.40555861309851393,0.6623637864611999,0.6647826086956522,1.1432168409466152,1.5393863511282335,79083.91992294992,1.4650160789489703
-0.12287011557512373,0.7448073747936159,0.3157842597688496,0.23234177215189877,0.3955586130985139,0.6723637864611999,0.6647826086956522,1.153216840946615,1.5493863511282335,79604.91992294992,1.4690746784210198
-0.0828701155751238,0.814807374793616,0.3157842597688496,0.21234177215189876,0.40555861309851393,0.6323637864611998,0.6547826086956522,1.153216840946615,1.5593863511282333,80369.91992294992,1.472852420806884
-0.0728701155751238,0.8848073747936158,0.26578425976884956,0.19234177215189874,0.3855586130985139,0.6423637864611998,0.6647826086956522,1.1432168409466152,1.5493863511282335,80764.91992294992,1.472852420806884
-0.0728701155751238,0.9048073747936158,0.23578425976884965,0.18234177215189873,0.40555861309851393,0.6323637864611998,0.6347826086956522,1.153216840946615,1.5593863511282333,81165.91992294992,1.4775676250457757
-0.09287011557512381,0.9848073747936159,0.23578425976884965,0.17234177215189872,0.40555861309851393,0.6023637864611998,0.6247826086956522,1.1832168409466153,1.5393863511282335,81672.91992294992,1.4808811664581292
-0.06287011557512379,0.9848073747936159,0.26578425976884956,0.1423417721518987,0.3655586130985139,0.5923637864611998,0.5947826086956521,1.1832168409466153,1.5793863511282333,81121.91992294992,1.48517460823059
-0.0828701155751238,1.044807374793616,0.26578425976884956,0.17234177215189872,0.3555586130985139,0.6023637864611998,0.6047826086956521,1.1832168409466153,1.5793863511282333,80374.91992294992,1.4859487533569329
-0.09287011557512381,1.0948073747936158,0.27578425976884957,0.1623417721518987,0.3455586130985139,0.5923637864611998,0.6047826086956521,1.1832168409466153,1.5693863511282333,80355.91992294992,1.4902092933654778
-0.11287011557512372,1.164807374793616,0.27578425976884957,0.1423417721518987,0.3455586130985139,0.5423637864611999,0.6147826086956522,1.1632168409466153,1.5793863511282333,80288.91992294992,1.4942090034484856
-0.0728701155751238,1.2248073747936161,0.27578425976884957,0.1423417721518987,0.3455586130985139,0.5523637864611999,0.6347826086956522,1.1632168409466153,1.5593863511282333,80195.91992294992,1.4966940402984648
-0.06287011557512379,1.234807374793616,0.27578425976884957,0.1623417721518987,0.31555861309851385,0.5523637864611999,0.6147826086956522,1.1832168409466153,1.5693863511282333,79924.91992294992,1.497706604003902
-0.03287011557512376,1.2248073747936161,0.3157842597688496,0.1423417721518987,0.2855586130985138,0.5523637864611999,0.6147826086956522,1.1832168409466153,1.5493863511282335,79529.91992294992,1.5024160861968987
-0.02287011557512375,1.254807374793616,0.2957842597688496,0.1623417721518987,0.2755586130985138,0.5423637864611999,0.6247826086956522,1.1632168409466153,1.5693863511282333,79746.91992294992,1.505925369262691
0.03712988442487619,1.274807374793616,0.3057842597688496,0.18234177215189873,0.2555586130985138,0.5923637864611998,0.6347826086956522,1.153216840946615,1.5493863511282335,79507.91992294992,1.5089540004730218
0.0471298844248762,1.274807374793616,0.3057842597688496,0.13234177215189874,0.23555861309851378,0.5923637864611998,0.6247826086956522,1.153216840946615,1.5493863511282335,79458.91992294992,1.5099412918090778
0.06712988442487622,1.2848073747936157,0.2957842597688496,0.12234177215189873,0.2455586130985138,0.5423637864611999,0.6447826086956522,1.153216840946615,1.5493863511282335,80035.91992294992,1.5132750988006585
0.11712988442487626,1.254807374793616,0.3357842597688496,0.12234177215189873,0.2455586130985138,0.5023637864611998,0.6547826086956522,1.1432168409466152,1.5293863511282335,80118.91992294992,1.5184742927551262
0.1571298844248762,1.234807374793616,0.35578425976884964,0.13234177215189874,0.23555861309851378,0.5023637864611998,0.6447826086956522,1.153216840946615,1.5293863511282335,80595.91992294992,1.5225121498107903
0.19712988442487622,1.204807374793616,0.37578425976884966,0.0823417721518987,0.2655586130985138,0.4823637864611998,0.6347826086956522,1.1632168409466153,1.5293863511282335,80874.91992294992,1.5225121498107903
0.22712988442487625,1.1748073747936159,0.4057842597688496,0.12234177215189873,0.2555586130985138,0.4923637864611998,0.6247826086956522,1.153216840946615,1.5393863511282335,80807.91992294992,1.5264982700347893
0.2671298844248763,1.144807374793616,0.4057842597688496,0.11234177215189872,0.23555861309851378,0.5023637864611998,0.6047826086956521,1.173216840946615,1.5593863511282333,80924.91992294992,1.5304970264434807
0.31712988442487633,1.144807374793616,0.4257842597688496,0.11234177215189872,0.18555861309851396,0.5723637864611998,0.6047826086956521,1.1632168409466153,1.5493863511282335,81507.91992294992,1.533509683609008
0.34712988442487613,1.0948073747936158,0.4457842597688496,0.10234177215189871,0.21555861309851398,0.4923637864611998,0.5847826086956521,1.153216840946615,1.5593863511282333,81994.91992294992,1.5344900608062737
0.36712988442487615,1.0748073747936158,0.4557842597688496,0.0823417721518987,0.23555861309851378,0.4823637864611998,0.6147826086956522,1.153216840946615,1.5493863511282335,82253.91992294992,1.5385293483734124
0.38712988442487617,1.064807374793616,0.47578425976884964,0.0923417721518987,0.225558613098514,0.4523637864611998,0.6047826086956521,1.1232168409466152,1.5393863511282335,82440.91992294992,1.5432495594024616
0.4171298844248762,1.0148073747936157,0.5257842597688497,0.0923417721518987,0.21555861309851398,0.4723637864611998,0.6247826086956522,1.1232168409466152,1.5593863511282333,82229.91992294992,1.5477547168731682
0.4471298844248762,0.9748073747936159,0.5557842597688497,0.06234177215189873,0.20555861309851398,0.5523637864611999,0.6247826086956522,1.1332168409466155,1.5293863511282335,82364.91992294992,1.5504016399383538
0.4271298844248762,0.9448073747936159,0.6057842597688495,0.06234177215189873,0.23555861309851378,0.5723637864611998,0.6347826086956522,1.1032168409466152,1.5193863511282335,82461.91992294992,1.5514463901519768
0.38712988442487617,0.9348073747936159,0.6757842597688496,0.052341772151898724,0.225558613098514,0.4323637864611999,0.6747826086956522,1.0832168409466152,1.4893863511282335,82534.91992294992,1.5555958271026604
0.34712988442487613,0.9448073747936159,0.7157842597688496,0.0823417721518987,0.21555861309851398,0.4423637864611998,0.6547826086956522,1.1032168409466152,1.4893863511282335,82927.91992294992,1.5596484661102288
0.31712988442487633,0.9448073747936159,0.7757842597688497,0.0923417721518987,0.20555861309851398,0.4523637864611998,0.6747826086956522,1.0832168409466152,1.4793863511282335,82596.91992294992,1.5627223968505817
0.2771298844248763,0.9648073747936159,0.8057842597688497,0.11234177215189872,0.21555861309851398,0.4723637864611998,0.6447826086956522,1.1132168409466154,1.4793863511282335,82667.91992294992,1.5636572360992425
0.2671298844248763,0.9648073747936159,0.8357842597688495,0.0823417721518987,0.23555861309851378,0.4723637864611998,0.6347826086956522,1.1132168409466154,1.4793863511282335,82602.91992294992,1.5676571846008294
0.2771298844248763,0.9248073747936159,0.8857842597688496,0.13234177215189874,0.23555861309851378,0.41236378646119987,0.6547826086956522,1.1032168409466152,1.4493863511282334,82289.91992294992,1.5721065521240227
0.2671298844248763,0.9148073747936158,0.9057842597688496,0.1523417721518987,0.21555861309851398,0.4623637864611998,0.6047826086956521,1.0732168409466154,1.4393863511282334,82070.91992294992,1.5753097057342522
0.2771298844248763,0.9048073747936158,0.9357842597688496,0.13234177215189874,0.20555861309851398,0.40236378646119986,0.6047826086956521,1.0932168409466154,1.4293863511282334,82517.91992294992,1.5760614395141594
0.2671298844248763,0.8648073747936158,0.9857842597688496,0.11234177215189872,0.21555861309851398,0.4623637864611998,0.6047826086956521,1.0732168409466154,1.3893863511282334,82764.91992294992,1.5795108795166009
0.2771298844248763,0.854807374793616,1.0057842597688498,0.13234177215189874,0.20555861309851398,0.4923637864611998,0.5947826086956521,1.0532168409466154,1.4393863511282334,82837.91992294992,1.584557008743289
0.31712988442487633,0.844807374793616,0.9957842597688497,0.11234177215189872,0.225558613098514,0.4723637864611998,0.5447826086956521,1.0532168409466154,1.4393863511282334,83580.91992294992,1.58734745979309
0.32712988442487634,0.824807374793616,1.0057842597688498,0.11234177215189872,0.21555861309851398,0.4623637864611998,0.5047826086956521,1.0432168409466152,1.4293863511282334,84029.91992294992,1.5884119987487786
0.34712988442487613,0.794807374793616,1.0057842597688498,0.13234177215189874,0.23555861309851378,0.4823637864611998,0.5347826086956521,1.0432168409466152,1.3893863511282334,84372.91992294992,1.5913819789886468
0.36712988442487615,0.814807374793616,1.0057842597688498,0.13234177215189874,0.2455586130985138,0.4423637864611998,0.5547826086956521,1.0132168409466153,1.3993863511282334,84605.91992294992,1.5965997695922844
0.35712988442487614,0.804807374793616,1.0357842597688496,0.13234177215189874,0.2555586130985138,0.4623637864611998,0.5447826086956521,0.9932168409466152,1.3693863511282334,85092.91992294992,1.600615453720092
0.35712988442487614,0.784807374793616,1.0457842597688498,0.1423417721518987,0.2655586130985138,0.4523637864611998,0.5047826086956521,1.0232168409466151,1.2893863511282335,85015.91992294992,1.600615453720092
0.37712988442487616,0.7648073747936159,1.0257842597688498,0.1423417721518987,0.2755586130985138,0.4523637864611998,0.49478260869565205,1.0032168409466151,1.3093863511282333,85018.91992294992,1.6036383628845208
0.38712988442487617,0.7648073747936159,1.0257842597688498,0.1523417721518987,0.2655586130985138,0.4623637864611998,0.5147826086956521,1.0132168409466153,1.2793863511282335,84555.91992294992,1.6092490673065178
0.4071298844248762,0.7448073747936159,1.0457842597688498,0.13234177215189874,0.29555861309851383,0.5123637864611998,0.4147826086956522,1.0032168409466151,1.2993863511282335,84160.91992294992,1.6123136997222893
0.4071298844248762,0.7448073747936159,1.0557842597688496,0.1523417721518987,0.32555861309851386,0.5423637864611999,0.4347826086956522,0.9632168409466152,1.2793863511282335,83455.91992294992,1.6129092693328886
0.4171298844248762,0.7348073747936159,1.0457842597688498,0.1423417721518987,0.33555861309851387,0.5223637864611999,0.3947826086956522,0.9332168409466152,1.3093863511282333,82900.91992294992,1.6163234233856194
0.3971298844248762,0.7348073747936159,1.0757842597688496,0.12234177215189873,0.3655586130985139,0.5723637864611998,0.36478260869565216,0.9332168409466152,1.2993863511282335,82517.91992294992,1.6200246334075956
0.4071298844248762,0.6648073747936158,1.1257842597688494,0.1423417721518987,0.3855586130985139,0.5623637864611998,0.33478260869565213,0.9432168409466152,1.3193863511282333,82186.91992294992,1.6250249862670891
0.4271298844248762,0.6448073747936158,1.1557842597688497,0.18234177215189873,0.40555861309851393,0.5923637864611998,0.3247826086956521,0.9332168409466152,1.3093863511282333,81775.91992294992,1.62813491821289
0.4071298844248762,0.604807374793616,1.1957842597688497,0.17234177215189872,0.3955586130985139,0.6223637864611998,0.3147826086956521,0.9132168409466151,1.2593863511282335,80550.91992294992,1.6291300773620598
0.38712988442487617,0.564807374793616,1.2357842597688498,0.18234177215189873,0.3955586130985139,0.6223637864611998,0.2947826086956521,0.9332168409466152,1.2793863511282335,79643.91992294992,1.633204650878902
0.37712988442487616,0.544807374793616,1.2457842597688495,0.20234177215189875,0.40555861309851393,0.6523637864611999,0.3047826086956521,0.9232168409466152,1.2493863511282335,79578.91992294992,1.6367814064025872
0.4171298844248762,0.5148073747936159,1.2557842597688498,0.20234177215189875,0.3855586130985139,0.6923637864611998,0.2947826086956521,0.9232168409466152,1.2193863511282335,79315.91992294992,1.640844297409057
0.4271298844248762,0.4848073747936159,1.2857842597688496,0.22234177215189876,0.3855586130985139,0.7123637864611998,0.23478260869565215,0.9232168409466152,1.2193863511282335,78984.91992294992,1.640844297409057
0.46712988442487624,0.4648073747936159,1.2557842597688498,0.20234177215189875,0.3855586130985139,0.7523637864611998,0.25478260869565217,0.8732168409466153,1.2093863511282334,78897.91992294992,1.6448697566986077
0.47712988442487625,0.39480737479361583,1.2557842597688498,0.20234177215189875,0.41555861309851394,0.7423637864611998,0.22478260869565214,0.8532168409466153,1.2093863511282334,78848.91992294992,1.6490845203399687
0.5371298844248763,0.40480737479361584,1.2057842597688495,0.23234177215189877,0.3755586130985139,0.7723637864611999,0.1847826086956521,0.8632168409466153,1.2393863511282335,78695.91992294992,1.653349828720092
0.5171298844248763,0.41480737479361585,1.2157842597688497,0.2523417721518987,0.3655586130985139,0.7823637864611999,0.1547826086956522,0.8632168409466153,1.2093863511282334,79090.91992294992,1.6543476104736357
0.5171298844248763,0.41480737479361585,1.1857842597688495,0.24234177215189867,0.40555861309851393,0.8123637864611998,0.1547826086956522,0.8832168409466153,1.1893863511282334,78383.91992294992,1.657356929779052
0.5071298844248763,0.3848073747936158,1.1857842597688495,0.2523417721518987,0.43555861309851396,0.8423637864611998,0.14478260869565218,0.8832168409466153,1.1793863511282334,78066.91992294992,1.662216138839721
0.48712988442487626,0.42480737479361586,1.1657842597688495,0.2523417721518987,0.455558613098514,0.8523637864611998,0.1547826086956522,0.8832168409466153,1.1693863511282334,78239.91992294992,1.6654259681701689
0.4471298844248762,0.41480737479361585,1.1457842597688495,0.2523417721518987,0.4855586130985138,0.8823637864611998,0.1647826086956522,0.8432168409466153,1.1693863511282334,77674.91992294992,1.6662637710571282
0.4271298844248762,0.4648073747936159,1.0657842597688498,0.2523417721518987,0.5155586130985138,0.8523637864611998,0.1647826086956522,0.8532168409466153,1.1393863511282334,76201.91992294992,1.669709396362304
0.36712988442487615,0.4648073747936159,1.0557842597688496,0.2723417721518987,0.5155586130985138,0.8823637864611998,0.1747826086956521,0.8532168409466153,1.1593863511282334,74964.91992294992,1.6741101264953606
0.32712988442487634,0.4648073747936159,1.1057842597688494,0.2723417721518987,0.5655586130985139,0.8623637864611998,0.1747826086956521,0.8332168409466153,1.1793863511282334,74197.91992294992,1.677757930755611
0.2871298844248763,0.4948073747936159,1.0857842597688494,0.2823417721518987,0.5955586130985139,0.8923637864611998,0.1847826086956521,0.8232168409466153,1.1693863511282334,73324.91992294992,1.6788100719451897
0.2771298844248763,0.4548073747936159,1.1157842597688497,0.3023417721518987,0.6655586130985139,0.8923637864611998,0.1647826086956522,0.8332168409466153,1.1693863511282334,71781.91992294992,1.6818096160888665
0.24712988442487627,0.4748073747936159,1.0957842597688496,0.3023417721518987,0.6555586130985139,0.9123637864611999,0.1747826086956521,0.8332168409466153,1.1693863511282334,70388.91992294992,1.6856855869293206
0.24712988442487627,0.4748073747936159,1.0657842597688498,0.32234177215189874,0.6455586130985139,0.9123637864611999,0.1647826086956522,0.8432168409466153,1.1493863511282334,68709.91992294992,1.6905760288238518
0.2571298844248763,0.4848073747936159,1.0057842597688498,0.33234177215189875,0.6555586130985139,0.9523637864611999,0.1847826086956521,0.8532168409466153,1.1293863511282334,67648.91992294992,1.6905760288238518
0.2771298844248763,0.4648073747936159,0.9657842597688496,0.3723417721518987,0.6555586130985139,0.9623637864611999,0.1747826086956521,0.8832168409466153,1.1193863511282334,66783.91992294992,1.694877099990844
0.2871298844248763,0.4848073747936159,0.9257842597688496,0.3923417721518987,0.6655586130985139,0.9523637864611999,0.1647826086956522,0.8532168409466153,1.1393863511282334,66350.91992294992,1.6988968372344964
0.33712988442487635,0.43480737479361586,0.8557842597688495,0.4023417721518987,0.675558613098514,0.9623637864611999,0.14478260869565218,0.8332168409466153,1.1393863511282334,65411.91992294992,1.7028769969940178
0.35712988442487614,0.4448073747936159,0.8357842597688495,0.4123417721518987,0.685558613098514,0.9823637864611999,0.12478260869565216,0.8132168409466153,1.1693863511282334,65548.91992294992,1.7028769969940178
0.34712988442487613,0.43480737479361586,0.8257842597688495,0.4223417721518987,0.715558613098514,0.9623637864611999,0.11478260869565216,0.8232168409466153,1.1493863511282334,65491.91992294992,1.7068690776824909
0.3071298844248763,0.4448073747936159,0.7957842597688497,0.4123417721518987,0.705558613098514,0.9723637864611999,0.11478260869565216,0.7732168409466152,1.1193863511282334,65434.91992294992,1.711162757873531
0.2771298844248763,0.4448073747936159,0.7657842597688497,0.43234177215189873,0.7555586130985138,0.9923637864611999,0.10478260869565215,0.7732168409466152,1.1093863511282334,65783.91992294992,1.7141563415527301
0.2871298844248763,0.4548073747936159,0.7957842597688497,0.43234177215189873,0.7655586130985138,1.0023637864611996,0.12478260869565216,0.7632168409466152,1.1093863511282334,65694.91992294992,1.7181660652160637
0.2671298844248763,0.39480737479361583,0.7557842597688497,0.44234177215189874,0.7555586130985138,0.9923637864611999,0.09478260869565214,0.7632168409466152,1.0993863511282334,65351.91992294992,1.7191602706909208
0.21712988442487624,0.40480737479361584,0.7157842597688496,0.4823417721518988,0.7755586130985138,1.0123637864611996,0.10478260869565215,0.7332168409466152,1.0893863511282333,64930.91992294992,1.7232636928558343
0.20712988442487623,0.4548073747936159,0.6957842597688496,0.45234177215189875,0.8355586130985139,1.0323637864611996,0.09478260869565214,0.7832168409466153,1.0693863511282333,65003.91992294992,1.726639938354488
0.1571298844248762,0.3848073747936158,0.6957842597688496,0.45234177215189875,0.8455586130985139,1.0223637864611996,0.11478260869565216,0.7332168409466152,1.0893863511282333,64818.91992294992,1.7307383537292473
0.1571298844248762,0.43480737479361586,0.6657842597688496,0.4823417721518988,0.8855586130985139,1.0423637864611996,0.13478260869565217,0.6932168409466152,1.0693863511282333,64589.91992294992,1.731756401062011
0.12712988442487627,0.42480737479361586,0.7157842597688496,0.5023417721518987,0.8755586130985139,1.0623637864611997,0.14478260869565218,0.7232168409466152,1.0193863511282335,64496.91992294992,1.7347568988800042
0.11712988442487626,0.43480737479361586,0.7257842597688496,0.5023417721518987,0.9055586130985139,1.0623637864611997,0.13478260869565217,0.6632168409466151,1.0293863511282335,64265.91992294992,1.7390520095825188
0.11712988442487626,0.40480737479361584,0.7057842597688496,0.5223417721518987,0.9055586130985139,1.0623637864611997,0.14478260869565218,0.6532168409466151,1.0293863511282335,63914.91992294992,1.7430517196655266
0.07712988442487623,0.39480737479361583,0.6957842597688496,0.5423417721518987,0.925558613098514,1.0723637864611997,0.1747826086956521,0.6032168409466153,1.0093863511282335,64067.91992294992,1.7430517196655266
0.06712988442487622,0.40480737479361584,0.6757842597688496,0.5623417721518987,0.925558613098514,1.0623637864611997,0.1647826086956522,0.6032168409466153,0.9793863511282334,64560.91992294992,1.747050476074218
0.07712988442487623,0.3848073747936158,0.6657842597688496,0.5423417721518987,0.925558613098514,1.0723637864611997,0.1847826086956521,0.5932168409466153,0.9593863511282333,64471.91992294992,1.7511281490325956
0.09712988442487624,0.344807374793616,0.6957842597688496,0.5923417721518988,0.935558613098514,1.0923637864611997,0.1647826086956522,0.5332168409466153,0.9593863511282333,64664.91992294992,1.7551877021789544
0.08712988442487624,0.334807374793616,0.6857842597688496,0.6023417721518988,0.9155586130985139,1.1323637864611997,0.1847826086956521,0.4732168409466152,0.9193863511282333,65455.91992294992,1.7564091205596881
0.07712988442487623,0.30480737479361597,0.6757842597688496,0.6023417721518988,0.8855586130985139,1.1723637864611998,0.12478260869565216,0.4732168409466152,0.9193863511282333,66080.91992294992,1.75928087234497
0.08712988442487624,0.28480737479361595,0.6657842597688496,0.6323417721518987,0.8755586130985139,1.2223637864611998,0.1747826086956521,0.4532168409466152,0.8793863511282333,66191.91992294992,1.7643503665924065
0.08712988442487624,0.24480737479361592,0.6657842597688496,0.6223417721518987,0.8555586130985139,1.2423637864611998,0.1547826086956522,0.4432168409466153,0.8593863511282334,66632.91992294992,1.7683677196502678
0.05712988442487621,0.26480737479361594,0.6057842597688495,0.6723417721518987,0.8655586130985139,1.2623637864611996,0.1747826086956521,0.38321684094661523,0.8393863511282333,67267.91992294992,1.7683677196502678
0.05712988442487621,0.2348073747936159,0.5657842597688497,0.6823417721518987,0.8255586130985139,1.3123637864611997,0.1647826086956522,0.39321684094661524,0.8593863511282334,67398.91992294992,1.77236361503601
0.07712988442487623,0.2148073747936159,0.5657842597688497,0.6823417721518987,0.8455586130985139,1.3323637864611997,0.08478260869565213,0.39321684094661524,0.8093863511282333,67615.91992294992,1.7766708850860589
0.0471298844248762,0.2248073747936159,0.5257842597688497,0.6923417721518987,0.8455586130985139,1.3623637864611997,0.11478260869565216,0.3432168409466152,0.8093863511282333,67854.91992294992,1.7809733867645257
0.0471298844248762,0.20480737479361588,0.5357842597688497,0.7023417721518987,0.8155586130985139,1.3723637864611997,0.09478260869565214,0.3332168409466152,0.7693863511282333,68859.91992294992,1.7809733867645257
0.06712988442487622,0.16480737479361585,0.5257842597688497,0.6823417721518987,0.8055586130985138,1.4423637864611998,0.09478260869565214,0.28321684094661526,0.7793863511282333,69550.91992294992,1.7840699672698968
0.03712988442487619,0.17480737479361586,0.5157842597688497,0.6923417721518987,0.7655586130985138,1.4823637864611998,0.07478260869565212,0.28321684094661526,0.7393863511282334,69833.91992294992,1.788453292846679
0.007129884424876276,0.16480737479361585,0.5057842597688497,0.6923417721518987,0.7655586130985138,1.5223637864611996,0.04478260869565209,0.28321684094661526,0.7193863511282333,69830.91992294992,1.7935332775115995
-0.03287011557512376,0.17480737479361586,0.48578425976884965,0.6923417721518987,0.7355586130985138,1.5623637864611997,0.024782608695652186,0.25321684094661523,0.7293863511282334,70675.91992294992,1.7958206653594964
-0.04287011557512377,0.12480737479361581,0.48578425976884965,0.7223417721518988,0.675558613098514,1.6123637864611997,-0.00521739130434784,0.27321684094661525,0.6993863511282333,72020.91992294992,1.796864223480224
-0.012870115575123742,0.13480737479361582,0.5257842597688497,0.7223417721518988,0.6555586130985139,1.6223637864611997,-0.00521739130434784,0.26321684094661524,0.6193863511282333,71963.91992294992,1.8000566482543938
-0.002870115575123733,0.1148073747936158,0.47578425976884964,0.7423417721518988,0.6255586130985139,1.6423637864611997,-0.01521739130434785,0.27321684094661525,0.6493863511282333,72268.91992294992,1.8050555706024163
-0.012870115575123742,0.094807374793616,0.49578425976884966,0.7423417721518988,0.6055586130985139,1.6723637864611998,-0.025217391304347858,0.29321684094661526,0.5693863511282333,73389.91992294992,1.80951280593872
-0.002870115575123733,0.10480737479361601,0.46578425976884963,0.7623417721518988,0.6055586130985139,1.6723637864611998,-0.045217391304347876,0.29321684094661526,0.5493863511282333,74104.91992294992,1.80951280593872
-0.002870115575123733,0.10480737479361601,0.46578425976884963,0.8023417721518986,0.5855586130985139,1.6523637864611997,-0.055217391304347885,0.29321684094661526,0.5193863511282333,74757.91992294992,1.8129910945892362
0.017129884424876285,0.04480737479361596,0.4557842597688496,0.8423417721518986,0.5455586130985138,1.6723637864611998,-0.0852173913043478,0.26321684094661524,0.5393863511282333,75186.91992294992,1.8163740158081048
0.027129884424876294,0.024807374793615944,0.4357842597688496,0.8723417721518987,0.5055586130985138,1.6923637864611998,-0.10521739130434782,0.3232168409466153,0.5293863511282333,75529.91992294992,1.8207697391510003
0.03712988442487619,0.024807374793615944,0.38578425976884956,0.9023417721518987,0.4955586130985138,1.7023637864611998,-0.0752173913043479,0.29321684094661526,0.5493863511282333,75674.91992294992,1.8207697391510003
0.027129884424876294,0.024807374793615944,0.4257842597688496,0.9223417721518987,0.455558613098514,1.7123637864611998,-0.09521739130434781,0.29321684094661526,0.5693863511282333,75815.91992294992,1.8261737346649198
0.007129884424876276,0.024807374793615944,0.39578425976884957,0.9223417721518987,0.475558613098514,1.6723637864611998,-0.10521739130434782,0.26321684094661524,0.5493863511282333,76404.91992294992,1.8304752826690667
0.03712988442487619,0.004807374793615926,0.37578425976884966,0.9423417721518987,0.465558613098514,1.6723637864611998,-0.10521739130434782,0.26321684094661524,0.5493863511282333,76491.91992294992,1.833472681045528
-0.002870115575123733,-0.0251926252063841,0.37578425976884966,0.9523417721518987,0.475558613098514,1.6623637864611998,-0.11521739130434783,0.29321684094661526,0.5393863511282333,76606.91992294992,1.833472681045528
-0.002870115575123733,0.004807374793615926,0.37578425976884966,0.9223417721518987,0.5055586130985138,1.6523637864611997,-0.0752173913043479,0.28321684094661526,0.49938635112823326,76291.91992294992,1.837706279754638
-0.012870115575123742,-0.005192625206384083,0.37578425976884966,0.9223417721518987,0.4955586130985138,1.6423637864611997,-0.11521739130434783,0.28321684094661526,0.5293863511282333,76542.91992294992,1.8416728496551507
-0.03287011557512376,0.024807374793615944,0.3357842597688496,0.8823417721518987,0.5155586130985138,1.6623637864611998,-0.09521739130434781,0.3332168409466152,0.49938635112823326,77105.91992294992,1.8466867923736565
-0.06287011557512379,0.024807374793615944,0.2857842597688496,0.8623417721518987,0.5455586130985138,1.6823637864611998,-0.0752173913043479,0.3132168409466153,0.5193863511282333,77060.91992294992,1.8466867923736565
-0.05287011557512378,0.004807374793615926,0.34578425976884963,0.7923417721518988,0.5455586130985138,1.7223637864611998,-0.12521739130434784,0.3432168409466152,0.47938635112823336,76853.91992294992,1.849944067001342
-0.05287011557512378,0.004807374793615926,0.3357842597688496,0.7423417721518988,0.5655586130985139,1.7523637864611996,-0.025217391304347858,0.3632168409466152,0.44938635112823333,76378.91992294992,1.8537849903106682
-0.06287011557512379,0.004807374793615926,0.36578425976884965,0.7123417721518988,0.5855586130985139,1.7723637864611996,-0.0852173913043478,0.3532168409466152,0.5393863511282333,76173.91992294992,1.858409118652343
-0.0728701155751238,0.024807374793615944,0.37578425976884966,0.7123417721518988,0.5855586130985139,1.7723637864611996,-0.09521739130434781,0.4432168409466153,0.5093863511282333,75488.91992294992,1.858409118652343
-0.05287011557512378,0.024807374793615944,0.37578425976884966,0.7023417721518987,0.5855586130985139,1.7523637864611996,-0.0652173913043479,0.42321684094661527,0.47938635112823336,74785.91992294992,1.862437200546264
-0.03287011557512376,0.014807374793615935,0.36578425976884965,0.7423417721518988,0.5655586130985139,1.7323637864611998,0.0047826086956521685,0.3632168409466152,0.5093863511282333,74736.91992294992,1.8660659313201897
-0.06287011557512379,0.014807374793615935,0.2957842597688496,0.7723417721518988,0.5455586130985138,1.7423637864611998,0.014782608695652177,0.4332168409466153,0.5093863511282333,74845.91992294992,1.871193599700927
-0.05287011557512378,-0.005192625206384083,0.3357842597688496,0.8123417721518986,0.5455586130985138,1.7023637864611998,0.0047826086956521685,0.41321684094661526,0.5193863511282333,74828.91992294992,1.8743588447570794
-0.04287011557512377,0.024807374793615944,0.3257842597688496,0.8323417721518986,0.5055586130985138,1.6823637864611998,-0.01521739130434785,0.4532168409466152,0.5793863511282333,75343.91992294992,1.8752183437347405
-0.05287011557512378,-0.03519262520638411,0.3157842597688496,0.8823417721518987,0.475558613098514,1.6823637864611998,-0.025217391304347858,0.5132168409466152,0.5793863511282333,75898.91992294992,1.8786229610443108
-0.04287011557512377,-0.04519262520638412,0.34578425976884963,0.9223417721518987,0.44555861309851397,1.6723637864611998,-0.00521739130434784,0.5432168409466153,0.5993863511282334,75757.91992294992,1.8828839778900104
-0.04287011557512377,-0.04519262520638412,0.36578425976884965,0.9623417721518988,0.44555861309851397,1.6523637864611997,-0.025217391304347858,0.5532168409466153,0.6493863511282333,75934.91992294992,1.886630487442016
-0.03287011557512376,-0.03519262520638411,0.3257842597688496,0.9923417721518988,0.44555861309851397,1.5923637864611997,0.0047826086956521685,0.5332168409466153,0.6993863511282333,76135.91992294992,1.8873979568481438
-0.04287011557512377,-0.015192625206384092,0.37578425976884966,1.0223417721518988,0.41555861309851394,1.5723637864611997,0.0047826086956521685,0.5432168409466153,0.7293863511282334,76726.91992294992,1.891582441329959
-0.06287011557512379,-0.07519262520638414,0.38578425976884956,1.0523417721518986,0.41555861309851394,1.5423637864611996,0.0047826086956521685,0.5832168409466153,0.7593863511282333,77123.91992294992,1.895445537567138
-0.09287011557512381,-0.06519262520638414,0.36578425976884965,1.0423417721518988,0.3855586130985139,1.5623637864611997,0.07478260869565212,0.6032168409466153,0.7693863511282333,76868.91992294992,1.8989836692810087
-0.11287011557512372,-0.0251926252063841,0.36578425976884965,0.9823417721518988,0.43555861309851396,1.5923637864611997,0.07478260869565212,0.6232168409466153,0.7893863511282333,77157.91992294992,1.9000126838684075
-0.11287011557512372,-0.07519262520638414,0.3357842597688496,0.9523417721518987,0.465558613098514,1.5623637864611997,0.09478260869565214,0.6832168409466152,0.7993863511282333,77668.91992294992,1.9030332088470487
-0.13287011557512374,-0.08519262520638404,0.3157842597688496,0.8923417721518987,0.465558613098514,1.5923637864611997,0.13478260869565217,0.6832168409466152,0.8393863511282333,77261.91992294992,1.9080132961273186
-0.0828701155751238,-0.11519262520638407,0.2957842597688496,0.8623417721518987,0.465558613098514,1.6323637864611997,0.13478260869565217,0.7132168409466152,0.8893863511282333,76338.91992294992,1.9122788429260247
-0.13287011557512374,-0.08519262520638404,0.2957842597688496,0.8523417721518987,0.5055586130985138,1.5723637864611997,0.14478260869565218,0.7132168409466152,0.9193863511282333,75241.91992294992,1.9122788429260247
-0.13287011557512374,-0.11519262520638407,0.3157842597688496,0.8423417721518986,0.5255586130985138,1.5823637864611997,0.11478260869565216,0.7632168409466152,0.9493863511282333,74252.91992294992,1.9153344154357903
-0.15287011557512376,-0.09519262520638405,0.2957842597688496,0.8323417721518986,0.4955586130985138,1.5523637864611997,0.12478260869565216,0.7632168409466152,0.9693863511282333,72981.91992294992,1.9193269729614215
-0.15287011557512376,-0.07519262520638414,0.34578425976884963,0.8423417721518986,0.5155586130985138,1.4923637864611998,0.13478260869565217,0.7632168409466152,0.9893863511282334,71810.91992294992,1.9236962318420403
-0.09287011557512381,-0.08519262520638404,0.36578425976884965,0.8723417721518987,0.4855586130985138,1.4823637864611998,0.12478260869565216,0.7732168409466152,0.9993863511282334,71273.91992294992,1.9236962318420403
-0.15287011557512376,-0.09519262520638405,0.36578425976884965,0.9323417721518987,0.5155586130985138,1.3823637864611997,0.13478260869565217,0.7832168409466153,1.0193863511282335,70704.91992294992,1.9272174358367913
-0.15287011557512376,-0.06519262520638414,0.35578425976884964,0.9723417721518988,0.5055586130985138,1.3523637864611997,0.1547826086956522,0.8032168409466153,1.0193863511282335,69877.91992294992,1.930788469314571
-0.15287011557512376,-0.09519262520638405,0.37578425976884966,0.9723417721518988,0.5255586130985138,1.2923637864611996,0.09478260869565214,0.8232168409466153,1.0093863511282335,69086.91992294992,1.9357649803161578
-0.16287011557512376,-0.12519262520638408,0.3357842597688496,1.0023417721518988,0.5655586130985139,1.2323637864611998,0.12478260869565216,0.8132168409466153,1.0193863511282335,68593.91992294992,1.9357649803161578
-0.16287011557512376,-0.1351926252063841,0.3257842597688496,1.0223417721518988,0.5955586130985139,1.1823637864611998,0.09478260869565214,0.8232168409466153,1.0593863511282333,67666.91992294992,1.9397565841674798
-0.18287011557512378,-0.11519262520638407,0.3157842597688496,0.9923417721518988,0.6255586130985139,1.1323637864611997,0.13478260869565217,0.8232168409466153,1.0693863511282333,67177.91992294992,1.944050741195678
-0.2028701155751238,-0.1551926252063841,0.3057842597688496,0.9423417721518987,0.705558613098514,1.0223637864611996,0.07478260869565212,0.9032168409466151,1.0493863511282335,67072.91992294992,1.9478542327880888
-0.18287011557512378,-0.1451926252063841,0.3057842597688496,0.9223417721518987,0.7655586130985138,0.9223637864611999,0.13478260869565217,0.8732168409466153,1.0793863511282333,65727.91992294992,1.9518739700317376
-0.2228701155751237,-0.1651926252063841,0.2957842597688496,0.9123417721518987,0.7455586130985138,1.0223637864611996,0.11478260869565216,0.9032168409466151,1.0993863511282334,64708.91992294992,1.9518739700317376
-0.17287011557512377,-0.1351926252063841,0.2857842597688496,0.8323417721518986,0.7355586130985138,1.0823637864611997,0.1547826086956522,0.8832168409466153,1.0893863511282333,63141.91992294992,1.9569038867950432
-0.2028701155751238,-0.08519262520638404,0.26578425976884956,0.8123417721518986,0.685558613098514,1.0823637864611997,0.20478260869565212,0.8832168409466153,1.1393863511282334,61464.91992294992,1.9611966133117669
-0.18287011557512378,-0.08519262520638404,0.24578425976884966,0.8223417721518986,0.6455586130985139,1.1123637864611997,0.20478260869565212,0.9032168409466151,1.1593863511282334,59655.91992294992,1.9641661167144804
-0.17287011557512377,-0.11519262520638407,0.2957842597688496,0.7523417721518988,0.6355586130985139,1.1223637864611997,0.20478260869565212,0.9032168409466151,1.1693863511282334,58336.91992294992,1.965175819396972
-0.1928701155751238,-0.08519262520638404,0.2857842597688496,0.6623417721518987,0.675558613098514,1.1523637864611997,0.20478260869565212,0.9532168409466152,1.1593863511282334,57147.91992294992,1.9682614326477044
-0.2028701155751238,-0.06519262520638414,0.26578425976884956,0.6523417721518987,0.675558613098514,1.1223637864611997,0.1847826086956521,0.9632168409466152,1.1993863511282334,56476.91992294992,1.9726376056671135
-0.2128701155751238,-0.09519262520638405,0.3357842597688496,0.6023417721518988,0.6555586130985139,1.1323637864611997,0.21478260869565213,0.9832168409466152,1.1693863511282334,55531.91992294992,1.9767992019653278
-0.23287011557512372,-0.10519262520638406,0.2857842597688496,0.6123417721518987,0.675558613098514,1.1123637864611997,0.20478260869565212,0.9732168409466152,1.1693863511282334,54666.91992294992,1.9778549194335966
-0.1928701155751238,-0.12519262520638408,0.3257842597688496,0.6223417721518987,0.6655586130985139,1.1023637864611997,0.20478260869565212,0.9832168409466152,1.2093863511282334,54407.91992294992,1.9806162834167473
-0.23287011557512372,-0.11519262520638407,0.3257842597688496,0.6123417721518987,0.685558613098514,1.0823637864611997,0.21478260869565213,0.9832168409466152,1.1893863511282334,53864.91992294992,1.985101413726806
-0.25287011557512373,-0.1351926252063841,0.3157842597688496,0.5423417721518987,0.7355586130985138,1.0323637864611996,0.1847826086956521,1.0132168409466153,1.1493863511282334,53535.91992294992,1.989942026138305
-0.27287011557512375,-0.1451926252063841,0.2857842597688496,0.5423417721518987,0.725558613098514,1.0423637864611996,0.1547826086956522,1.0632168409466152,1.1093863511282334,52864.91992294992,1.989942026138305
-0.2128701155751238,-0.1451926252063841,0.2957842597688496,0.5323417721518987,0.705558613098514,1.0423637864611996,0.1547826086956522,1.0632168409466152,1.1493863511282334,52285.91992294992,1.9934510707855182
-0.24287011557512372,-0.11519262520638407,0.3157842597688496,0.49234177215189867,0.715558613098514,1.0523637864611997,0.1647826086956522,1.0732168409466154,1.1593863511282334,50924.91992294992,1.9975571155548089
-0.2228701155751237,-0.08519262520638404,0.3157842597688496,0.46234177215189876,0.705558613098514,1.0423637864611996,0.1747826086956521,1.0932168409466154,1.1493863511282334,49207.91992294992,2.0015987873077385
-0.23287011557512372,-0.05519262520638413,0.3257842597688496,0.44234177215189874,0.7655586130985138,1.0323637864611996,0.1747826086956521,1.0932168409466154,1.1593863511282334,48630.91992294992,2.002595376968383
-0.1928701155751238,-0.05519262520638413,0.3257842597688496,0.43234177215189873,0.7455586130985138,0.9623637864611999,0.1747826086956521,1.1232168409466152,1.1693863511282334,48691.91992294992,2.0059906959533684
-0.2128701155751238,0.014807374793615935,0.2957842597688496,0.46234177215189876,0.7755586130985138,0.9623637864611999,0.1747826086956521,1.1232168409466152,1.1593863511282334,48524.91992294992,2.009374332427978
-0.2028701155751238,0.024807374793615944,0.35578425976884964,0.4023417721518987,0.7755586130985138,0.9723637864611999,0.21478260869565213,1.1632168409466153,1.1693863511282334,48219.91992294992,2.013416957855224
-0.18287011557512378,0.03480737479361595,0.35578425976884964,0.4023417721518987,0.7955586130985138,0.9423637864611999,0.22478260869565214,1.1832168409466153,1.1893863511282334,47888.91992294992,2.017414999008178
-0.1928701155751238,0.024807374793615944,0.35578425976884964,0.36234177215189867,0.7755586130985138,0.9523637864611999,0.20478260869565212,1.193216840946615,1.2293863511282335,47653.91992294992,2.018499326705932
-0.1928701155751238,0.024807374793615944,0.37578425976884966,0.35234177215189877,0.7855586130985138,0.9223637864611999,0.19478260869565212,1.2032168409466153,1.2393863511282335,47224.91992294992,2.0217134475708
-0.1928701155751238,0.06480737479361598,0.34578425976884963,0.35234177215189877,0.8055586130985138,0.9023637864611999,0.23478260869565215,1.213216840946615,1.2693863511282335,47217.91992294992,2.026767206192016
-0.1928701155751238,0.094807374793616,0.3157842597688496,0.36234177215189867,0.7755586130985138,0.9123637864611999,0.2647826086956522,1.213216840946615,1.3093863511282333,47484.91992294992,2.029880237579345
-0.16287011557512376,0.07480737479361599,0.34578425976884963,0.3923417721518987,0.7555586130985138,0.9223637864611999,0.24478260869565216,1.233216840946615,1.3493863511282334,47261.91992294992,2.029880237579345
-0.18287011557512378,0.084807374793616,0.36578425976884965,0.3823417721518987,0.7355586130985138,0.9023637864611999,0.22478260869565214,1.2032168409466153,1.3893863511282334,47232.91992294992,2.033913564682006
-0.18287011557512378,0.10480737479361601,0.35578425976884964,0.3823417721518987,0.7355586130985138,0.8923637864611998,0.23478260869565215,1.1832168409466153,1.4493863511282334,47449.91992294992,2.0379135131835966
-0.2028701155751238,0.1148073747936158,0.35578425976884964,0.36234177215189867,0.725558613098514,0.9123637864611999,0.2847826086956522,1.1832168409466153,1.4793863511282335,47398.91992294992,2.0420438766479485
-0.18287011557512378,0.1148073747936158,0.34578425976884963,0.33234177215189875,0.715558613098514,0.8823637864611998,0.2947826086956521,1.173216840946615,1.4793863511282335,47507.91992294992,2.0428792953491204
-0.18287011557512378,0.1148073747936158,0.36578425976884965,0.34234177215189876,0.725558613098514,0.8523637864611998,0.34478260869565214,1.173216840946615,1.5093863511282335,48006.91992294992,2.0462874889373737
-0.1928701155751238,0.094807374793616,0.3357842597688496,0.32234177215189874,0.715558613098514,0.8623637864611998,0.34478260869565214,1.1632168409466153,1.5593863511282333,48013.91992294992,2.0506057262420647
-0.2128701155751238,0.094807374793616,0.3257842597688496,0.31234177215189873,0.695558613098514,0.9023637864611999,0.35478260869565215,1.1832168409466153,1.5793863511282333,47782.91992294992,2.054709386825561
-0.1928701155751238,0.084807374793616,0.3157842597688496,0.2923417721518987,0.705558613098514,0.8323637864611998,0.3947826086956522,1.153216840946615,1.5893863511282333,48001.91992294992,2.0556210994720487
-0.18287011557512378,0.094807374793616,0.2857842597688496,0.2923417721518987,0.695558613098514,0.8423637864611998,0.4247826086956522,1.1332168409466155,1.5993863511282334,47936.91992294992,2.0593678474426262
-0.1928701155751238,0.084807374793616,0.27578425976884957,0.2823417721518987,0.6655586130985139,0.8323637864611998,0.46478260869565224,1.1132168409466154,1.5993863511282334,48593.91992294992,2.0630802631378167
-0.2028701155751238,0.07480737479361599,0.25578425976884966,0.2723417721518987,0.6655586130985139,0.8423637864611998,0.47478260869565225,1.1432168409466152,1.5993863511282334,48942.91992294992,2.0670802116394036
-0.24287011557512372,0.07480737479361599,0.23578425976884965,0.2723417721518987,0.6455586130985139,0.8523637864611998,0.49478260869565205,1.153216840946615,1.5993863511282334,48455.91992294992,2.0670802116394036
-0.27287011557512375,0.05480737479361597,0.20578425976884962,0.2623417721518987,0.6455586130985139,0.8523637864611998,0.5047826086956521,1.1432168409466152,1.6193863511282334,48442.91992294992,2.0711133003234856
-0.25287011557512373,0.04480737479361596,0.21578425976884963,0.2723417721518987,0.6455586130985139,0.8223637864611998,0.5347826086956521,1.1332168409466155,1.6093863511282334,49405.91992294992,2.0754396438598626
-0.27287011557512375,0.024807374793615944,0.1957842597688496,0.2823417721518987,0.6255586130985139,0.8023637864611999,0.5347826086956521,1.1332168409466155,1.6093863511282334,50178.91992294992,2.0794395923614495
-0.28287011557512376,0.014807374793615935,0.16578425976884958,0.2623417721518987,0.6055586130985139,0.8223637864611998,0.5547826086956521,1.1432168409466152,1.6193863511282334,50607.91992294992,2.0824398517608635
-0.27287011557512375,0.014807374793615935,0.13578425976884956,0.2723417721518987,0.5755586130985139,0.8023637864611999,0.5647826086956521,1.153216840946615,1.6193863511282334,50736.91992294992,2.083649587631225
-0.26287011557512374,0.004807374793615926,0.16578425976884958,0.2723417721518987,0.5755586130985139,0.7423637864611998,0.5847826086956521,1.153216840946615,1.6093863511282334,51485.91992294992,2.0878324031829827
-0.25287011557512373,-0.005192625206384083,0.16578425976884958,0.2523417721518987,0.5655586130985139,0.7623637864611998,0.5947826086956521,1.1632168409466153,1.6093863511282334,52300.91992294992,2.091486883163448
-0.27287011557512375,0.014807374793615935,0.13578425976884956,0.2623417721518987,0.5655586130985139,0.7523637864611998,0.5947826086956521,1.153216840946615,1.6093863511282334,53097.91992294992,2.0951835632324247
-0.24287011557512372,-0.005192625206384083,0.16578425976884958,0.2723417721518987,0.5655586130985139,0.7323637864611998,0.5947826086956521,1.1632168409466153,1.6193863511282334,53914.91992294992,2.0951835632324247
-0.2228701155751237,-0.005192625206384083,0.14578425976884957,0.2623417721518987,0.5655586130985139,0.7023637864611998,0.5747826086956521,1.1632168409466153,1.6193863511282334,54661.91992294992,2.100526046752929
-0.26287011557512374,-0.005192625206384083,0.12578425976884966,0.21234177215189876,0.5655586130985139,0.7023637864611998,0.5747826086956521,1.173216840946615,1.6293863511282334,54798.91992294992,2.1045515060424798
-0.25287011557512373,-0.015192625206384092,0.09578425976884963,0.23234177215189877,0.5655586130985139,0.7123637864611998,0.5647826086956521,1.1832168409466153,1.6193863511282334,54877.91992294992,2.1075281620025628
-0.26287011557512374,-0.03519262520638411,0.09578425976884963,0.24234177215189867,0.5355586130985138,0.7123637864611998,0.5747826086956521,1.193216840946615,1.6193863511282334,55536.91992294992,2.1075281620025628
-0.2228701155751237,-0.0251926252063841,0.10578425976884964,0.21234177215189876,0.5455586130985138,0.7223637864611998,0.5747826086956521,1.213216840946615,1.6093863511282334,56745.91992294992,2.1117851257324247
-0.2128701155751238,-0.03519262520638411,0.10578425976884964,0.20234177215189875,0.5655586130985139,0.7323637864611998,0.5747826086956521,1.2232168409466153,1.6093863511282334,56872.91992294992,2.1164805412292473
-0.2228701155751237,-0.03519262520638411,0.13578425976884956,0.19234177215189874,0.5355586130985138,0.7123637864611998,0.5547826086956521,1.233216840946615,1.5993863511282334,57361.91992294992,2.1197964668273954
-0.24287011557512372,-0.04519262520638412,0.14578425976884957,0.21234177215189876,0.5255586130985138,0.7023637864611998,0.5547826086956521,1.2532168409466151,1.5993863511282334,58488.91992294992,2.1205141067504876
-0.24287011557512372,-0.03519262520638411,0.13578425976884956,0.19234177215189874,0.5055586130985138,0.6923637864611998,0.5447826086956521,1.2632168409466153,1.5893863511282333,58811.91992294992,2.124778461456298
-0.2028701155751238,-0.03519262520638411,0.13578425976884956,0.19234177215189874,0.5055586130985138,0.7023637864611998,0.5347826086956521,1.2832168409466154,1.5993863511282334,58598.91992294992,2.127780866622924
-0.2228701155751237,-0.05519262520638413,0.13578425976884956,0.18234177215189873,0.465558613098514,0.7123637864611998,0.5347826086956521,1.3032168409466154,1.5893863511282333,58655.91992294992,2.1317820072174065
-0.23287011557512372,-0.03519262520638411,0.13578425976884956,0.19234177215189874,0.455558613098514,0.6823637864611999,0.5347826086956521,1.3032168409466154,1.5693863511282333,58570.91992294992,2.1327721595764153
-0.2128701155751238,-0.0251926252063841,0.13578425976884956,0.19234177215189874,0.455558613098514,0.6923637864611998,0.5447826086956521,1.3232168409466154,1.5593863511282333,58679.91992294992,2.136808347702022
-0.2128701155751238,-0.04519262520638412,0.16578425976884958,0.17234177215189872,0.455558613098514,0.6923637864611998,0.5647826086956521,1.3132168409466152,1.5393863511282335,59254.91992294992,2.141052198410037
-0.2028701155751238,-0.03519262520638411,0.1757842597688496,0.1623417721518987,0.455558613098514,0.6623637864611999,0.5647826086956521,1.3332168409466152,1.5393863511282335,59647.91992294992,2.1444181919097893
-0.1928701155751238,-0.05519262520638413,0.1857842597688496,0.1623417721518987,0.43555861309851396,0.6823637864611999,0.5547826086956521,1.3332168409466152,1.5293863511282335,59378.91992294992,2.1454824924468987
-0.2228701155751237,-0.04519262520638412,0.1757842597688496,0.1523417721518987,0.43555861309851396,0.6423637864611998,0.5547826086956521,1.3332168409466152,1.5293863511282335,59529.91992294992,2.1492774009704583
-0.2028701155751238,-0.05519262520638413,0.16578425976884958,0.1523417721518987,0.44555861309851397,0.6123637864611998,0.5447826086956521,1.3332168409466152,1.5393863511282335,59886.91992294992,2.152320337295528
-0.18287011557512378,-0.04519262520638412,0.16578425976884958,0.1423417721518987,0.455558613098514,0.6023637864611998,0.5447826086956521,1.3432168409466154,1.5493863511282335,59471.91992294992,2.157539558410644
-0.18287011557512378,-0.04519262520638412,0.1757842597688496,0.1423417721518987,0.43555861309851396,0.6123637864611998,0.5547826086956521,1.3432168409466154,1.5493863511282335,59164.91992294992,2.1609115123748808
-0.18287011557512378,-0.06519262520638414,0.1857842597688496,0.12234177215189873,0.41555861309851394,0.6123637864611998,0.5447826086956521,1.3332168409466152,1.5493863511282335,59589.91992294992,2.161686849594119
-0.1928701155751238,-0.04519262520638412,0.16578425976884958,0.11234177215189872,0.43555861309851396,0.5923637864611998,0.5447826086956521,1.3232168409466154,1.5593863511282333,59454.91992294992,2.164949131011962
-0.2228701155751237,-0.06519262520638414,0.15578425976884958,0.11234177215189872,0.42555861309851395,0.5823637864611998,0.5247826086956521,1.3332168409466152,1.5693863511282333,59185.91992294992,2.1690616130828886
-0.23287011557512372,-0.05519262520638413,0.1857842597688496,0.0923417721518987,0.40555861309851393,0.5723637864611998,0.5447826086956521,1.3332168409466152,1.5693863511282333,59502.91992294992,2.173238229751586
-0.2228701155751237,-0.05519262520638413,0.16578425976884958,0.10234177215189871,0.42555861309851395,0.5523637864611999,0.5147826086956521,1.3532168409466152,1.5593863511282333,59633.91992294992,2.1734339714050286
-0.2228701155751237,-0.0251926252063841,0.14578425976884957,0.10234177215189871,0.40555861309851393,0.5523637864611999,0.5347826086956521,1.3332168409466152,1.5593863511282333,59390.91992294992,2.177526187896728
-0.24287011557512372,-0.06519262520638414,0.15578425976884958,0.0923417721518987,0.41555861309851394,0.5223637864611999,0.5247826086956521,1.3232168409466154,1.5693863511282333,59223.91992294992,2.1825489521026604
-0.2228701155751237,-0.08519262520638404,0.13578425976884956,0.0923417721518987,0.40555861309851393,0.5623637864611998,0.5447826086956521,1.3432168409466154,1.5593863511282333,59270.91992294992,2.185714673995971
-0.2228701155751237,-0.06519262520638414,0.13578425976884956,0.0823417721518987,0.40555861309851393,0.5323637864611999,0.5647826086956521,1.3232168409466154,1.5593863511282333,58899.91992294992,2.185714673995971
-0.2228701155751237,-0.07519262520638414,0.14578425976884957,0.06234177215189873,0.40555861309851393,0.5223637864611999,0.5847826086956521,1.3032168409466154,1.5593863511282333,59188.91992294992,2.189517927169799
-0.24287011557512372,-0.08519262520638404,0.14578425976884957,0.0823417721518987,0.40555861309851393,0.5023637864611998,0.5947826086956521,1.2932168409466152,1.5593863511282333,59395.91992294992,2.194195699691768
-0.23287011557512372,-0.07519262520638414,0.16578425976884958,0.0823417721518987,0.3855586130985139,0.5023637864611998,0.5747826086956521,1.2932168409466152,1.5793863511282333,58946.91992294992,2.197730255126956
-0.24287011557512372,-0.08519262520638404,0.15578425976884958,0.07234177215189874,0.3955586130985139,0.5323637864611999,0.5747826086956521,1.2632168409466153,1.5793863511282333,58703.91992294992,2.198757600784301
-0.26287011557512374,-0.07519262520638414,0.1857842597688496,0.06234177215189873,0.3955586130985139,0.4923637864611998,0.5947826086956521,1.2732168409466151,1.5793863511282333,58542.91992294992,2.2016565322876005
-0.24287011557512372,-0.10519262520638406,0.1857842597688496,0.052341772151898724,0.3955586130985139,0.4623637864611998,0.5847826086956521,1.2532168409466151,1.5993863511282334,58779.91992294992,2.2067124366760247
-0.26287011557512374,-0.08519262520638404,0.1957842597688496,0.042341772151898716,0.3955586130985139,0.4923637864611998,0.5847826086956521,1.233216840946615,1.6093863511282334,58460.91992294992,2.2101935863494866
-0.29287011557512377,-0.06519262520638414,0.1957842597688496,0.03234177215189871,0.40555861309851393,0.5123637864611998,0.5947826086956521,1.2232168409466153,1.6093863511282334,58243.91992294992,2.2111229419708245
-0.26287011557512374,-0.07519262520638414,0.1857842597688496,0.0023417721518987356,0.3855586130985139,0.4923637864611998,0.5947826086956521,1.2232168409466153,1.6293863511282334,57888.91992294992,2.2139663219451897
-0.3028701155751238,-0.08519262520638404,0.1757842597688496,-0.007658227848101273,0.3855586130985139,0.5123637864611998,0.5847826086956521,1.2232168409466153,1.6193863511282334,57461.91992294992,2.218697023391723
-0.28287011557512376,-0.11519262520638407,0.1757842597688496,0.0023417721518987356,0.3955586130985139,0.4823637864611998,0.5947826086956521,1.2032168409466153,1.6393863511282334,57244.91992294992,2.2217425823211663
-0.27287011557512375,-0.11519262520638407,0.22578425976884964,-0.007658227848101273,0.3655586130985139,0.4823637864611998,0.5947826086956521,1.193216840946615,1.6393863511282334,57097.91992294992,2.225779485702514
-0.27287011557512375,-0.1351926252063841,0.20578425976884962,0.012341772151898744,0.3555586130985139,0.4823637864611998,0.5847826086956521,1.1832168409466153,1.6593863511282334,57012.91992294992,2.226780128479003
-0.28287011557512376,-0.1551926252063841,0.16578425976884958,-0.007658227848101273,0.3955586130985139,0.4723637864611998,0.5847826086956521,1.193216840946615,1.6393863511282334,56445.91992294992,2.2297918319702106
-0.3028701155751238,-0.1451926252063841,0.16578425976884958,-0.02765822784810129,0.3655586130985139,0.4823637864611998,0.6047826086956521,1.193216840946615,1.6093863511282334,56468.91992294992,2.2352013111114495
-0.3128701155751238,-0.1351926252063841,0.1857842597688496,-0.02765822784810129,0.3555586130985139,0.4623637864611998,0.5947826086956521,1.1832168409466153,1.6093863511282334,55855.91992294992,2.2383625030517607
-0.33287011557512375,-0.11519262520638407,0.11578425976884965,-0.02765822784810129,0.31555861309851385,0.4223637864611999,0.6047826086956521,1.1632168409466153,1.5993863511282334,55394.91992294992,2.2393917560577385
-0.32287011557512374,-0.1451926252063841,0.12578425976884966,-0.017658227848101282,0.30555861309851384,0.4223637864611999,0.5847826086956521,1.1832168409466153,1.5993863511282334,54795.91992294992,2.2434410572051995
-0.34287011557512376,-0.1551926252063841,0.12578425976884966,-0.007658227848101273,0.30555861309851384,0.41236378646119987,0.5547826086956521,1.193216840946615,1.6293863511282334,53732.91992294992,2.24725861549377
-0.32287011557512374,-0.20519262520638404,0.13578425976884956,-0.007658227848101273,0.32555861309851386,0.41236378646119987,0.5247826086956521,1.2032168409466153,1.6293863511282334,53027.91992294992,2.250510883331298
-0.3128701155751238,-0.21519262520638405,0.16578425976884958,0.022341772151898698,0.31555861309851385,0.41236378646119987,0.5147826086956521,1.2032168409466153,1.6193863511282334,52374.91992294992,2.2514903068542473
-0.3128701155751238,-0.17519262520638412,0.15578425976884958,-0.017658227848101282,0.30555861309851384,0.4223637864611999,0.5147826086956521,1.1832168409466153,1.6193863511282334,51295.91992294992,2.254830074310302
-0.32287011557512374,-0.18519262520638413,0.1857842597688496,-0.0376582278481013,0.30555861309851384,0.40236378646119986,0.5347826086956521,1.173216840946615,1.6193863511282334,50392.91992294992,2.259842348098754
-0.32287011557512374,-0.18519262520638413,0.1757842597688496,-0.017658227848101282,0.31555861309851385,0.39236378646119985,0.47478260869565225,1.1632168409466153,1.6493863511282334,50047.91992294992,2.2631577968597405
-0.27287011557512375,-0.20519262520638404,0.16578425976884958,-0.017658227848101282,0.32555861309851386,0.37236378646119983,0.46478260869565224,1.1332168409466155,1.6793863511282334,49000.91992294992,2.263830852508544
-0.27287011557512375,-0.18519262520638413,0.15578425976884958,0.0023417721518987356,0.33555861309851387,0.3523637864611998,0.4447826086956522,1.1432168409466152,1.6693863511282334,48235.91992294992,2.268516969680782
-0.29287011557512377,-0.19519262520638414,0.11578425976884965,-0.007658227848101273,0.3455586130985139,0.3523637864611998,0.4347826086956522,1.1632168409466153,1.6493863511282334,47610.91992294992,2.272450160980224
-0.28287011557512376,-0.20519262520638404,0.15578425976884958,-0.02765822784810129,0.33555861309851387,0.3623637864611998,0.4147826086956522,1.153216840946615,1.6493863511282334,46691.91992294992,2.2756599903106682
-0.3028701155751238,-0.20519262520638404,0.14578425976884957,0.0023417721518987356,0.32555861309851386,0.3323637864611998,0.4247826086956522,1.153216840946615,1.6393863511282334,46508.91992294992,2.2765435695648186
-0.3128701155751238,-0.17519262520638412,0.12578425976884966,0.0023417721518987356,0.31555861309851385,0.37236378646119983,0.37478260869565216,1.173216840946615,1.5993863511282334,45857.91992294992,2.280939769744876
-0.3128701155751238,-0.23519262520638406,0.09578425976884963,-0.017658227848101282,0.31555861309851385,0.38236378646119984,0.37478260869565216,1.1632168409466153,1.6093863511282334,45890.91992294992,2.2850129127502434
-0.3128701155751238,-0.20519262520638404,0.1757842597688496,0.012341772151898744,0.31555861309851385,0.4223637864611999,0.36478260869565216,1.1432168409466152,1.5993863511282334,45283.91992294992,2.288314771652221
-0.27287011557512375,-0.18519262520638413,0.16578425976884958,0.012341772151898744,0.33555861309851387,0.38236378646119984,0.34478260869565214,1.1432168409466152,1.5993863511282334,44426.91992294992,2.288822364807128
-0.35287011557512377,-0.19519262520638414,0.15578425976884958,-0.007658227848101273,0.31555861309851385,0.41236378646119987,0.3247826086956521,1.1232168409466152,1.5993863511282334,43617.91992294992,2.2920503139495843
-0.32287011557512374,-0.18519262520638413,0.16578425976884958,0.022341772151898698,0.30555861309851384,0.4223637864611999,0.3247826086956521,1.1132168409466154,1.5893863511282333,43376.91992294992,2.296836805343627
-0.32287011557512374,-0.23519262520638406,0.1757842597688496,0.042341772151898716,0.30555861309851384,0.40236378646119986,0.33478260869565213,1.1032168409466152,1.5693863511282333,43279.91992294992,2.300136756896972
-0.3128701155751238,-0.17519262520638412,0.1757842597688496,0.03234177215189871,0.32555861309851386,0.39236378646119985,0.3047826086956521,1.0932168409466154,1.5893863511282333,42992.91992294992,2.3043241024017327
-0.3128701155751238,-0.21519262520638405,0.14578425976884957,0.03234177215189871,0.33555861309851387,0.41236378646119987,0.3147826086956521,1.0832168409466152,1.5693863511282333,42569.91992294992,2.3051881313324003
-0.32287011557512374,-0.23519262520638406,0.13578425976884956,0.022341772151898698,0.31555861309851385,0.41236378646119987,0.2947826086956521,1.0532168409466154,1.5793863511282333,42858.91992294992,2.3092801094055204
-0.32287011557512374,-0.23519262520638406,0.15578425976884958,-0.007658227848101273,0.31555861309851385,0.40236378646119986,0.3047826086956521,1.0432168409466152,1.5093863511282335,43159.91992294992,2.313374471664428
-0.29287011557512377,-0.23519262520638406,0.15578425976884958,-0.02765822784810129,0.31555861309851385,0.37236378646119983,0.2647826086956522,1.0332168409466154,1.5293863511282335,42846.91992294992,2.316702795028686
-0.34287011557512376,-0.22519262520638406,0.12578425976884966,-0.017658227848101282,0.29555861309851383,0.41236378646119987,0.2747826086956522,0.9932168409466152,1.5293863511282335,42325.91992294992,2.3177723407745354
-0.3128701155751238,-0.22519262520638406,0.12578425976884966,-0.0376582278481013,0.31555861309851385,0.40236378646119986,0.3247826086956521,0.9832168409466152,1.4793863511282335,42258.91992294992,2.3215288639068596
-0.32287011557512374,-0.23519262520638406,0.16578425976884958,0.0023417721518987356,0.29555861309851383,0.39236378646119985,0.33478260869565213,0.9732168409466152,1.4693863511282335,42573.91992294992,2.325013589859008
-0.35287011557512377,-0.24519262520638407,0.13578425976884956,0.0023417721518987356,0.2755586130985138,0.39236378646119985,0.3147826086956521,0.9332168409466152,1.4493863511282334,42274.91992294992,2.3289727687835686
-0.32287011557512374,-0.24519262520638407,0.12578425976884966,-0.007658227848101273,0.2855586130985138,0.39236378646119985,0.2847826086956522,0.9432168409466152,1.4593863511282334,42143.91992294992,2.330120992660518
-0.3028701155751238,-0.24519262520638407,0.07578425976884962,-0.007658227848101273,0.2755586130985138,0.39236378646119985,0.2647826086956522,0.8932168409466151,1.4793863511282335,42276.91992294992,2.3331665515899687
-0.33287011557512375,-0.23519262520638406,0.07578425976884962,-0.017658227848101282,0.2655586130985138,0.40236378646119986,0.2647826086956522,0.8932168409466151,1.4593863511282334,41917.91992294992,2.337155532836917
-0.32287011557512374,-0.2551926252063841,0.10578425976884964,-0.017658227848101282,0.2655586130985138,0.39236378646119985,0.2747826086956522,0.8732168409466153,1.4093863511282334,41766.91992294992,2.341587734222408
-0.33287011557512375,-0.18519262520638413,0.10578425976884964,-0.007658227848101273,0.2655586130985138,0.41236378646119987,0.25478260869565217,0.8632168409466153,1.4293863511282334,41815.91992294992,2.3425669193267815
-0.34287011557512376,-0.20519262520638404,0.09578425976884963,-0.007658227848101273,0.2555586130985138,0.41236378646119987,0.25478260869565217,0.8532168409466153,1.4293863511282334,42268.91992294992,2.3455714702606194
-0.33287011557512375,-0.20519262520638404,0.07578425976884962,0.0023417721518987356,0.2755586130985138,0.41236378646119987,0.23478260869565215,0.8532168409466153,1.3993863511282334,42145.91992294992,2.349570941925048
-0.3128701155751238,-0.17519262520638412,0.09578425976884963,-0.02765822784810129,0.2755586130985138,0.4223637864611999,0.2747826086956522,0.8232168409466153,1.3993863511282334,42792.91992294992,2.353577089309688
-0.34287011557512376,-0.18519262520638413,0.0557842597688496,-0.02765822784810129,0.2755586130985138,0.41236378646119987,0.2647826086956522,0.8232168409466153,1.3693863511282334,43227.91992294992,2.353577089309688
-0.32287011557512374,-0.19519262520638414,0.0657842597688496,-0.02765822784810129,0.2655586130985138,0.41236378646119987,0.2647826086956522,0.8332168409466153,1.3593863511282334,42828.91992294992,2.3577041149139397
-0.3128701155751238,-0.18519262520638413,0.08578425976884962,-0.02765822784810129,0.2455586130985138,0.41236378646119987,0.2847826086956522,0.8132168409466153,1.2993863511282335,42599.91992294992,2.362298917770385
-0.3028701155751238,-0.18519262520638413,0.0657842597688496,0.012341772151898744,0.2555586130985138,0.4223637864611999,0.24478260869565216,0.8132168409466153,1.3093863511282333,42894.91992294992,2.366233301162719
-0.35287011557512377,-0.1551926252063841,0.04578425976884959,-0.007658227848101273,0.2555586130985138,0.4223637864611999,0.25478260869565217,0.8032168409466153,1.2793863511282335,43187.91992294992,2.369775485992431
-0.32287011557512374,-0.20519262520638404,0.0557842597688496,-0.02765822784810129,0.2655586130985138,0.41236378646119987,0.2747826086956522,0.8032168409466153,1.2593863511282335,42982.91992294992,2.3705722808837884
-0.3028701155751238,-0.21519262520638405,0.0557842597688496,-0.02765822784810129,0.2555586130985138,0.40236378646119986,0.2647826086956522,0.8132168409466153,1.2293863511282335,43301.91992294992,2.373848152160644
-0.32287011557512374,-0.22519262520638406,0.0657842597688496,-0.02765822784810129,0.2555586130985138,0.38236378646119984,0.23478260869565215,0.7932168409466153,1.2293863511282335,43144.91992294992,2.3788942813873284
-0.3128701155751238,-0.20519262520638404,0.0557842597688496,-0.0376582278481013,0.2655586130985138,0.3423637864611998,0.25478260869565217,0.8032168409466153,1.2093863511282334,43209.91992294992,2.381872844696044
-0.27287011557512375,-0.22519262520638406,0.07578425976884962,-0.0376582278481013,0.2655586130985138,0.3223637864611998,0.22478260869565214,0.7332168409466152,1.2393863511282335,43322.91992294992,2.381872844696044
-0.27287011557512375,-0.19519262520638414,0.04578425976884959,-0.04765822784810125,0.2855586130985138,0.3123637864611998,0.22478260869565214,0.7332168409466152,1.2193863511282335,43251.91992294992,2.3873681545257597
-0.26287011557512374,-0.20519262520638404,0.03578425976884958,-0.07765822784810128,0.2855586130985138,0.3123637864611998,0.21478260869565213,0.7232168409466152,1.2093863511282334,43112.91992294992,2.390616607666015
-0.26287011557512374,-0.21519262520638405,0.0557842597688496,-0.08765822784810129,0.31555861309851385,0.3123637864611998,0.22478260869565214,0.7432168409466152,1.1993863511282334,42985.91992294992,2.3944403648376458
-0.26287011557512374,-0.19519262520638414,0.0557842597688496,-0.07765822784810128,0.30555861309851384,0.29236378646119976,0.25478260869565217,0.6932168409466152,1.1793863511282334,42794.91992294992,2.395638418197631
-0.23287011557512372,-0.21519262520638405,0.015784259768849562,-0.06765822784810127,0.31555861309851385,0.30236378646119977,0.24478260869565216,0.6532168409466151,1.1893863511282334,43591.91992294992,2.398696851730346
-0.27287011557512375,-0.23519262520638406,0.005784259768849664,-0.09765822784810127,0.30555861309851384,0.29236378646119976,0.22478260869565214,0.6832168409466152,1.1493863511282334,43948.91992294992,2.4032339572906487
-0.25287011557512373,-0.21519262520638405,0.005784259768849664,-0.10765822784810128,0.30555861309851384,0.26236378646119984,0.23478260869565215,0.6832168409466152,1.1093863511282334,43997.91992294992,2.406501722335811
-0.23287011557512372,-0.22519262520638406,-0.014215740231150353,-0.11765822784810129,0.32555861309851386,0.28236378646119975,0.23478260869565215,0.6632168409466151,1.1093863511282334,43982.91992294992,2.40739459991455
-0.26287011557512374,-0.24519262520638407,-0.04421574023115038,-0.07765822784810128,0.32555861309851386,0.3423637864611998,0.24478260869565216,0.6332168409466153,1.0993863511282334,43787.91992294992,2.4115316390991204
-0.3028701155751238,-0.23519262520638406,-0.03421574023115037,-0.12765822784810127,0.32555861309851386,0.29236378646119976,0.21478260869565213,0.6232168409466153,1.0893863511282333,44214.91992294992,2.414958429336547
-0.28287011557512376,-0.19519262520638414,-0.03421574023115037,-0.13765822784810128,0.3555586130985139,0.28236378646119975,0.21478260869565213,0.5832168409466153,1.0693863511282333,44267.91992294992,2.4188334465026884
-0.27287011557512375,-0.19519262520638414,-0.04421574023115038,-0.1476582278481013,0.3555586130985139,0.30236378646119977,0.22478260869565214,0.6232168409466153,1.0293863511282335,44108.91992294992,2.4188334465026884
-0.28287011557512376,-0.17519262520638412,-0.05421574023115039,-0.13765822784810128,0.3455586130985139,0.29236378646119976,0.20478260869565212,0.6032168409466153,1.0793863511282333,44245.91992294992,2.4228636741638176
-0.27287011557512375,-0.19519262520638414,-0.03421574023115037,-0.16765822784810128,0.3455586130985139,0.30236378646119977,0.23478260869565215,0.5932168409466153,1.0593863511282333,44706.91992294992,2.4270090579986565
-0.26287011557512374,-0.18519262520638413,-0.024215740231150362,-0.11765822784810129,0.3555586130985139,0.27236378646119985,0.23478260869565215,0.5632168409466153,1.0593863511282333,44733.91992294992,2.430970859527587
-0.27287011557512375,-0.19519262520638414,0.015784259768849562,-0.09765822784810127,0.30555861309851384,0.37236378646119983,0.21478260869565213,0.5532168409466153,1.0493863511282335,44810.91992294992,2.431975317001342
-0.25287011557512373,-0.19519262520638414,0.005784259768849664,-0.10765822784810128,0.29555861309851383,0.37236378646119983,0.20478260869565212,0.5432168409466153,1.0293863511282335,44653.91992294992,2.435252141952514
-0.24287011557512372,-0.21519262520638405,-0.014215740231150353,-0.10765822784810128,0.33555861309851387,0.39236378646119985,0.21478260869565213,0.5432168409466153,0.9993863511282334,45210.91992294992,2.4392599582672077
-0.25287011557512373,-0.21519262520638405,-0.014215740231150353,-0.11765822784810129,0.32555861309851386,0.3423637864611998,0.20478260869565212,0.5532168409466153,0.9993863511282334,44957.91992294992,2.443422508239742
-0.23287011557512372,-0.24519262520638407,-0.014215740231150353,-0.11765822784810129,0.29555861309851383,0.37236378646119983,0.20478260869565212,0.5432168409466153,1.0093863511282335,44996.91992294992,2.4472314834594755
-0.25287011557512373,-0.20519262520638404,-0.014215740231150353,-0.10765822784810128,0.31555861309851385,0.3623637864611998,0.19478260869565212,0.4932168409466152,0.9993863511282334,45163.91992294992,2.4482099533081048
-0.24287011557512372,-0.21519262520638405,-0.014215740231150353,-0.10765822784810128,0.30555861309851384,0.3523637864611998,0.1847826086956521,0.4832168409466152,0.9893863511282334,45680.91992294992,2.4515149116516106
-0.25287011557512373,-0.22519262520638406,0.005784259768849664,-0.10765822784810128,0.29555861309851383,0.29236378646119976,0.10478260869565215,0.4932168409466152,0.9993863511282334,45703.91992294992,2.4557809352874784
-0.23287011557512372,-0.22519262520638406,0.005784259768849664,-0.10765822784810128,0.33555861309851387,0.27236378646119985,0.1747826086956521,0.4732168409466152,0.9293863511282333,45252.91992294992,2.459781122207641
-0.24287011557512372,-0.20519262520638404,0.005784259768849664,-0.13765822784810128,0.32555861309851386,0.25236378646119983,0.22478260869565214,0.4532168409466152,0.9493863511282333,45653.91992294992,2.459781122207641
-0.23287011557512372,-0.19519262520638414,0.03578425976884958,-0.10765822784810128,0.32555861309851386,0.22236378646119978,0.1647826086956522,0.4932168409466152,0.9193863511282333,45914.91992294992,2.4638912200927727
-0.25287011557512373,-0.19519262520638414,-0.0042157402311503445,-0.12765822784810127,0.33555861309851387,0.20236378646119982,0.1847826086956521,0.4732168409466152,0.8993863511282333,45939.91992294992,2.46838731765747
-0.28287011557512376,-0.21519262520638405,-0.024215740231150362,-0.11765822784810129,0.32555861309851386,0.21236378646119983,0.1647826086956522,0.4732168409466152,0.8993863511282333,45808.91992294992,2.4729125022888176
-0.25287011557512373,-0.21519262520638405,-0.014215740231150353,-0.11765822784810129,0.32555861309851386,0.20236378646119982,0.1647826086956522,0.4532168409466152,0.8893863511282333,45741.91992294992,2.4729125022888176
-0.25287011557512373,-0.22519262520638406,0.005784259768849664,-0.11765822784810129,0.33555861309851387,0.1723637864611998,0.1647826086956522,0.42321684094661527,0.8693863511282333,45932.91992294992,2.476329517364505
-0.27287011557512375,-0.20519262520638404,-0.03421574023115037,-0.08765822784810129,0.3455586130985139,0.1823637864611998,0.1747826086956521,0.4432168409466153,0.8693863511282333,45787.91992294992,2.4804307937622063
-0.27287011557512375,-0.21519262520638405,-0.024215740231150362,-0.08765822784810129,0.33555861309851387,0.1723637864611998,0.1547826086956522,0.42321684094661527,0.8593863511282334,45892.91992294992,2.4846746444702106
-0.28287011557512376,-0.18519262520638413,-0.014215740231150353,-0.10765822784810128,0.32555861309851386,0.15236378646119983,0.13478260869565217,0.41321684094661526,0.8493863511282334,45999.91992294992,2.4857332229614215
-0.25287011557512373,-0.19519262520638414,-0.024215740231150362,-0.11765822784810129,0.3455586130985139,0.1923637864611998,0.12478260869565216,0.4332168409466153,0.8493863511282334,45978.91992294992,2.48917646408081
-0.28287011557512376,-0.21519262520638405,0.005784259768849664,-0.12765822784810127,0.3555586130985139,0.1923637864611998,0.12478260869565216,0.4332168409466153,0.8493863511282334,45887.91992294992,2.493336868286132
-0.29287011557512377,-0.17519262520638412,-0.03421574023115037,-0.1476582278481013,0.33555861309851387,0.20236378646119982,0.08478260869565213,0.42321684094661527,0.7993863511282333,46038.91992294992,2.49678726196289
-0.27287011557512375,-0.18519262520638413,0.015784259768849562,-0.12765822784810127,0.3555586130985139,0.1923637864611998,0.12478260869565216,0.41321684094661526,0.8293863511282333,46237.91992294992,2.4977652549743645
-0.27287011557512375,-0.17519262520638412,0.02578425976884957,-0.09765822784810127,0.33555861309851387,0.21236378646119983,0.09478260869565214,0.4332168409466153,0.7993863511282333,46436.91992294992,2.5010921478271477
-0.3028701155751238,-0.17519262520638412,0.02578425976884957,-0.13765822784810128,0.3455586130985139,0.21236378646119983,0.04478260869565209,0.4332168409466153,0.7993863511282333,46109.91992294992,2.506125402450561
-0.27287011557512375,-0.1651926252063841,0.02578425976884957,-0.1476582278481013,0.3455586130985139,0.1723637864611998,0.0547826086956521,0.4432168409466153,0.8093863511282333,46076.91992294992,2.5086714744567864
-0.28287011557512376,-0.17519262520638412,-0.03421574023115037,-0.12765822784810127,0.3555586130985139,0.1923637864611998,0.06478260869565211,0.38321684094661523,0.7793863511282333,45973.91992294992,2.5129956722259514
-0.27287011557512375,-0.1551926252063841,0.005784259768849664,-0.11765822784810129,0.33555861309851387,0.1723637864611998,0.09478260869565214,0.3732168409466152,0.8093863511282333,45994.91992294992,2.514043760299682
-0.28287011557512376,-0.18519262520638413,-0.024215740231150362,-0.13765822784810128,0.3555586130985139,0.1723637864611998,0.08478260869565213,0.3732168409466152,0.7893863511282333,46011.91992294992,2.5170442581176786
-0.27287011557512375,-0.18519262520638413,-0.0042157402311503445,-0.11765822784810129,0.33555861309851387,0.1723637864611998,0.06478260869565211,0.3632168409466152,0.7793863511282333,45812.91992294992,2.5220598697662346
-0.26287011557512374,-0.17519262520638412,0.02578425976884957,-0.1476582278481013,0.3555586130985139,0.1723637864611998,0.04478260869565209,0.3732168409466152,0.7793863511282333,45567.91992294992,2.5257527351379387
-0.28287011557512376,-0.17519262520638412,0.005784259768849664,-0.12765822784810127,0.3555586130985139,0.20236378646119982,0.034782608695652195,0.3732168409466152,0.7693863511282333,45406.91992294992,2.5267447948455803
-0.27287011557512375,-0.1651926252063841,0.02578425976884957,-0.09765822784810127,0.3455586130985139,0.1923637864611998,0.06478260869565211,0.3432168409466152,0.7793863511282333,45033.91992294992,2.530028772354129
-0.27287011557512375,-0.1651926252063841,0.02578425976884957,-0.11765822784810129,0.3455586130985139,0.22236378646119978,0.0547826086956521,0.3432168409466152,0.7893863511282333,44966.91992294992,2.5340764045715325
-0.26287011557512374,-0.1551926252063841,0.015784259768849562,-0.11765822784810129,0.3455586130985139,0.22236378646119978,0.014782608695652177,0.3632168409466152,0.7893863511282333,44333.91992294992,2.53737826347351
-0.26287011557512374,-0.1551926252063841,0.015784259768849562,-0.13765822784810128,0.3555586130985139,0.21236378646119983,-0.01521739130434785,0.3732168409466152,0.7893863511282333,43840.91992294992,2.5384704589843707
-0.27287011557512375,-0.1551926252063841,0.005784259768849664,-0.11765822784810129,0.3455586130985139,0.2323637864611998,-0.01521739130434785,0.3632168409466152,0.8193863511282333,44055.91992294992,2.541913700103759
-0.27287011557512375,-0.1451926252063841,0.015784259768849562,-0.09765822784810127,0.3555586130985139,0.25236378646119983,0.0047826086956521685,0.3632168409466152,0.7693863511282333,43450.91992294992,2.5468656539916985
-0.28287011557512376,-0.1451926252063841,0.005784259768849664,-0.09765822784810127,0.3655586130985139,0.2323637864611998,-0.01521739130434785,0.3632168409466152,0.7793863511282333,43003.91992294992,2.549977731704711
-0.28287011557512376,-0.11519262520638407,0.03578425976884958,-0.10765822784810128,0.3755586130985139,0.2423637864611998,-0.01521739130434785,0.38321684094661523,0.7793863511282333,42236.91992294992,2.550857973098754
-0.28287011557512376,-0.1351926252063841,0.04578425976884959,-0.13765822784810128,0.3655586130985139,0.2323637864611998,-0.025217391304347858,0.41321684094661526,0.7793863511282333,41507.91992294992,2.554870319366451
-0.27287011557512375,-0.11519262520638407,0.03578425976884958,-0.12765822784810127,0.3655586130985139,0.2423637864611998,-0.025217391304347858,0.4332168409466153,0.7893863511282333,41032.91992294992,2.558368396759036
-0.3028701155751238,-0.07519262520638414,0.0657842597688496,-0.12765822784810127,0.3655586130985139,0.2323637864611998,-0.055217391304347885,0.4532168409466152,0.8093863511282333,40767.91992294992,2.562465620040893
-0.28287011557512376,-0.07519262520638414,0.0557842597688496,-0.1476582278481013,0.3855586130985139,0.2323637864611998,-0.055217391304347885,0.42321684094661527,0.8193863511282333,40538.91992294992,2.563348484039306
-0.27287011557512375,-0.09519262520638405,0.07578425976884962,-0.15765822784810127,0.3755586130985139,0.2323637864611998,-0.055217391304347885,0.42321684094661527,0.7993863511282333,40451.91992294992,2.5673756122589104
-0.25287011557512373,-0.09519262520638405,0.0657842597688496,-0.13765822784810128,0.3855586130985139,0.22236378646119978,-0.0652173913043479,0.4532168409466152,0.8093863511282333,40416.91992294992,2.570756864547729
-0.29287011557512377,-0.09519262520638405,0.0557842597688496,-0.13765822784810128,0.3855586130985139,0.22236378646119978,-0.045217391304347876,0.4432168409466153,0.8193863511282333,40175.91992294992,2.574767065048217
-0.29287011557512377,-0.09519262520638405,0.0557842597688496,-0.13765822784810128,0.3855586130985139,0.21236378646119983,-0.025217391304347858,0.4332168409466153,0.8193863511282333,40124.91992294992,2.575940322875976
-0.3028701155751238,-0.08519262520638404,0.07578425976884962,-0.1476582278481013,0.3955586130985139,0.21236378646119983,-0.03521739130434787,0.4432168409466153,0.8393863511282333,40061.91992294992,2.5789710998535185
-0.29287011557512377,-0.08519262520638404,0.0657842597688496,-0.12765822784810127,0.3855586130985139,0.2323637864611998,-0.03521739130434787,0.4532168409466152,0.8293863511282333,39876.91992294992,2.5829774856567376
-0.28287011557512376,-0.08519262520638404,0.0657842597688496,-0.13765822784810128,0.3955586130985139,0.2323637864611998,-0.055217391304347885,0.4632168409466152,0.8493863511282334,39473.91992294992,2.587598752975463
-0.29287011557512377,-0.08519262520638404,0.04578425976884959,-0.11765822784810129,0.3955586130985139,0.22236378646119978,-0.03521739130434787,0.4832168409466152,0.8593863511282334,39880.91992294992,2.5910555839538567
-0.3028701155751238,-0.07519262520638414,0.04578425976884959,-0.13765822784810128,0.3855586130985139,0.21236378646119983,-0.055217391304347885,0.4832168409466152,0.8493863511282334,39309.91992294992,2.59211177825928
-0.29287011557512377,-0.07519262520638414,-0.014215740231150353,-0.11765822784810129,0.3755586130985139,0.1723637864611998,-0.09521739130434781,0.4932168409466152,0.8193863511282333,38736.91992294992,2.5951051235198968
