-0.41458596973865197,-0.27631361760660234,-0.1276918844566713,-0.18484181568088034,-0.38923246217331464,-0.12058596973865202,-0.33691609353507573,-0.4083713892709765,-0.1548445667125172,17095.79917469051,0.0017745018005363988
-0.444585969738652,-0.2563136176066023,-0.10769188445667133,-0.19484181568088033,-0.38923246217331464,-0.12058596973865202,-0.3269160935350757,-0.4183713892709765,-0.1548445667125172,17412.79917469051,0.005452346801757102
-0.444585969738652,-0.18631361760660237,-0.1276918844566713,-0.18484181568088034,-0.39923246217331465,-0.12058596973865202,-0.3269160935350757,-0.4283713892709765,-0.1548445667125172,17991.79917469051,0.008907032012942295
-0.41458596973865197,-0.16631361760660235,-0.1376918844566713,-0.20484181568088033,-0.37923246217331463,-0.12058596973865202,-0.3269160935350757,-0.4083713892709765,-0.1448445667125172,18150.79917469051,0.00987286567687562
-0.41458596973865197,-0.17631361760660236,-0.1376918844566713,-0.17484181568088034,-0.36923246217331473,-0.110585969738652,-0.3569160935350757,-0.39837138927097654,-0.1448445667125172,18205.79917469051,0.013905954360961204
-0.47458596973865197,-0.1063136176066023,-0.11769188445667134,-0.18484181568088034,-0.37923246217331463,-0.110585969738652,-0.33691609353507573,-0.38837138927097653,-0.1448445667125172,17988.79917469051,0.018927526473998313
-0.454585969738652,-0.1263136176066023,-0.1276918844566713,-0.18484181568088034,-0.39923246217331465,-0.12058596973865202,-0.3069160935350757,-0.38837138927097653,-0.1448445667125172,17799.79917469051,0.021927785873412375
-0.434585969738652,-0.05631361760660236,-0.21769188445667131,-0.20484181568088033,-0.40923246217331466,-0.110585969738652,-0.34691609353507574,-0.4083713892709765,-0.1448445667125172,18220.79917469051,0.02290697097777894
-0.41458596973865197,-0.06631361760660237,-0.1876918844566713,-0.21484181568088034,-0.39923246217331465,-0.12058596973865202,-0.3769160935350757,-0.39837138927097654,-0.1448445667125172,18203.79917469051,0.026604127883913975
-0.41458596973865197,-0.036313617606602344,-0.17769188445667133,-0.23484181568088033,-0.39923246217331465,-0.12058596973865202,-0.33691609353507573,-0.38837138927097653,-0.13484456671251718,18472.79917469051,0.030653905868529563
-0.434585969738652,0.0036863823933976914,-0.1376918844566713,-0.22484181568088032,-0.3592324621733147,-0.110585969738652,-0.34691609353507574,-0.38837138927097653,-0.12484456671251719,18181.79917469051,0.03450818061828542
-0.424585969738652,0.053686382393397736,-0.1376918844566713,-0.21484181568088034,-0.36923246217331473,-0.10058596973865201,-0.42691609353507576,-0.3783713892709765,-0.12484456671251719,18224.79917469051,0.03504009246826101
-0.444585969738652,0.04368638239339773,-0.17769188445667133,-0.23484181568088033,-0.40923246217331466,-0.110585969738652,-0.3569160935350757,-0.4083713892709765,-0.12484456671251719,18385.79917469051,0.03842253684997132
-0.364585969738652,0.12368638239339758,-0.11769188445667134,-0.2548418156808803,-0.40923246217331466,-0.110585969738652,-0.42691609353507576,-0.36837138927097657,-0.12484456671251719,18110.79917469051,0.04248399734496999
-0.374585969738652,0.1636863823933976,-0.037691884456671265,-0.2548418156808803,-0.41923246217331467,-0.110585969738652,-0.40691609353507574,-0.4183713892709765,-0.13484456671251718,18063.79917469051,0.04663248062133718
-0.384585969738652,0.23368638239339767,0.012308115543328668,-0.23484181568088033,-0.38923246217331464,-0.110585969738652,-0.42691609353507576,-0.4083713892709765,-0.1448445667125172,18622.79917469051,0.05084795951843191
-0.434585969738652,0.2536863823933977,0.022308115543328677,-0.23484181568088033,-0.38923246217331464,-0.10058596973865201,-0.39691609353507573,-0.4083713892709765,-0.13484456671251718,18715.79917469051,0.05084795951843191
-0.404585969738652,0.32368638239339775,0.032308115543328686,-0.21484181568088034,-0.37923246217331463,-0.10058596973865201,-0.40691609353507574,-0.4083713892709765,-0.1548445667125172,18456.79917469051,0.05428261756896546
-0.364585969738652,0.3536863823933978,0.052308115543328704,-0.22484181568088032,-0.40923246217331466,-0.110585969738652,-0.42691609353507576,-0.4283713892709765,-0.1448445667125172,18301.79917469051,0.05929703712463663
-0.364585969738652,0.4136863823933976,0.07230811554332872,-0.23484181568088033,-0.41923246217331467,-0.110585969738652,-0.42691609353507576,-0.39837138927097654,-0.13484456671251718,18602.79917469051,0.06332368850707937
-0.34458596973865196,0.4936863823933977,0.042308115543328695,-0.23484181568088033,-0.39923246217331465,-0.10058596973865201,-0.41691609353507575,-0.4283713892709765,-0.1448445667125172,19085.79917469051,0.06332368850707937
-0.354585969738652,0.5436863823933977,0.0023081155433286593,-0.24484181568088034,-0.38923246217331464,-0.10058596973865201,-0.42691609353507576,-0.4383713892709765,-0.1448445667125172,19242.79917469051,0.0680274486541741
-0.364585969738652,0.6236863823933976,0.0023081155433286593,-0.28484181568088035,-0.36923246217331473,-0.10058596973865201,-0.45691609353507573,-0.39837138927097654,-0.1448445667125172,19529.79917469051,0.07172198295592835
-0.354585969738652,0.6936863823933976,-0.00769188445667135,-0.24484181568088034,-0.37923246217331463,-0.10058596973865201,-0.4369160935350757,-0.4183713892709765,-0.1448445667125172,19454.79917469051,0.07498784065246511
-0.364585969738652,0.7336863823933977,-0.01769188445667136,-0.27484181568088034,-0.37923246217331463,-0.10058596973865201,-0.40691609353507574,-0.4183713892709765,-0.1448445667125172,19327.79917469051,0.07603569030761648
-0.32458596973865195,0.7836863823933977,-0.047691884456671274,-0.26484181568088033,-0.39923246217331465,-0.09058596973865202,-0.4369160935350757,-0.45837138927097654,-0.13484456671251718,19336.79917469051,0.07928605079650808
-0.33458596973865196,0.8536863823933978,0.0023081155433286593,-0.2548418156808803,-0.3592324621733147,-0.09058596973865202,-0.45691609353507573,-0.44837138927097653,-0.1448445667125172,19407.79917469051,0.08455152511596609
-0.33458596973865196,0.8836863823933976,0.042308115543328695,-0.2548418156808803,-0.37923246217331463,-0.09058596973865202,-0.45691609353507573,-0.44837138927097653,-0.1448445667125172,19500.79917469051,0.08774013519287394
-0.34458596973865196,0.9836863823933977,0.022308115543328677,-0.2548418156808803,-0.37923246217331463,-0.10058596973865201,-0.4369160935350757,-0.45837138927097654,-0.13484456671251718,19305.79917469051,0.08774013519287394
-0.354585969738652,1.0436863823933977,0.012308115543328668,-0.23484181568088033,-0.41923246217331467,-0.08058596973865201,-0.39691609353507573,-0.4383713892709765,-0.1448445667125172,19376.79917469051,0.0917109966278069
-0.34458596973865196,1.1636863823933978,0.032308115543328686,-0.21484181568088034,-0.4592324621733147,-0.08058596973865201,-0.40691609353507574,-0.44837138927097653,-0.1548445667125172,19519.79917469051,0.09585876464843679
-0.364585969738652,1.2036863823933979,0.06230811554332871,-0.23484181568088033,-0.41923246217331467,-0.08058596973865201,-0.40691609353507574,-0.45837138927097654,-0.1548445667125172,19338.79917469051,0.09985966682434011
-0.354585969738652,1.2536863823933977,0.052308115543328704,-0.24484181568088034,-0.4492324621733147,-0.08058596973865201,-0.42691609353507576,-0.45837138927097654,-0.1448445667125172,19797.79917469051,0.10085983276367116
-0.34458596973865196,1.2836863823933975,0.08230811554332873,-0.19484181568088033,-0.4692324621733147,-0.070585969738652,-0.40691609353507574,-0.44837138927097653,-0.1448445667125172,19838.79917469051,0.10386772155761648
-0.34458596973865196,1.3436863823933975,0.11230811554332865,-0.22484181568088032,-0.47923246217331467,-0.08058596973865201,-0.42691609353507576,-0.4083713892709765,-0.13484456671251718,20249.79917469051,0.10787887573242116
-0.31458596973865194,1.3636863823933976,0.13230811554332866,-0.22484181568088032,-0.4492324621733147,-0.08058596973865201,-0.3769160935350757,-0.4283713892709765,-0.12484456671251719,19964.79917469051,0.11229605674743581
-0.284585969738652,1.4336863823933979,0.13230811554332866,-0.21484181568088034,-0.4492324621733147,-0.070585969738652,-0.3669160935350757,-0.44837138927097653,-0.13484456671251718,19635.79917469051,0.11332769393920827
-0.264585969738652,1.3936863823933978,0.13230811554332866,-0.22484181568088032,-0.4492324621733147,-0.070585969738652,-0.42691609353507576,-0.4383713892709765,-0.12484456671251719,19756.79917469051,0.11640973091125417
-0.254585969738652,1.4636863823933977,0.15230811554332868,-0.23484181568088033,-0.4492324621733147,-0.070585969738652,-0.4369160935350757,-0.44837138927097653,-0.13484456671251718,20643.79917469051,0.12045259475707937
-0.244585969738652,1.4236863823933976,0.1723081155433287,-0.20484181568088033,-0.4592324621733147,-0.06058596973865202,-0.42691609353507576,-0.45837138927097654,-0.13484456671251718,20620.79917469051,0.12468953132629323
-0.20458596973865195,1.4336863823933979,0.1823081155433287,-0.24484181568088034,-0.4492324621733147,-0.070585969738652,-0.3569160935350757,-0.44837138927097653,-0.12484456671251719,20527.79917469051,0.12868971824645925
-0.17458596973865204,1.4636863823933977,0.23230811554332864,-0.24484181568088034,-0.4492324621733147,-0.08058596973865201,-0.3669160935350757,-0.4383713892709765,-0.1148445667125172,20932.79917469051,0.12868971824645925
-0.134585969738652,1.4336863823933979,0.24230811554332865,-0.26484181568088033,-0.4692324621733147,-0.070585969738652,-0.3569160935350757,-0.45837138927097654,-0.12484456671251719,20775.79917469051,0.1328486919403069
-0.144585969738652,1.4036863823933976,0.26230811554332867,-0.26484181568088033,-0.4592324621733147,-0.070585969738652,-0.3669160935350757,-0.4383713892709765,-0.1148445667125172,21214.79917469051,0.13685579299926687
-0.10458596973865197,1.3536863823933978,0.3123081155433287,-0.2548418156808803,-0.47923246217331467,-0.08058596973865201,-0.3569160935350757,-0.44837138927097653,-0.1148445667125172,21221.79917469051,0.14083023071288991
-0.05458596973865204,1.3336863823933978,0.35230811554332864,-0.27484181568088034,-0.4492324621733147,-0.08058596973865201,-0.3669160935350757,-0.4383713892709765,-0.1148445667125172,21352.79917469051,0.1419052600860624
-0.024585969738652014,1.3136863823933977,0.34230811554332874,-0.2548418156808803,-0.4492324621733147,-0.070585969738652,-0.3569160935350757,-0.4283713892709765,-0.12484456671251719,21431.79917469051,0.14495964050292542
0.03541403026134804,1.2736863823933977,0.35230811554332864,-0.24484181568088034,-0.41923246217331467,-0.08058596973865201,-0.39691609353507573,-0.4283713892709765,-0.12484456671251719,21792.79917469051,0.1499740600585966
0.02541403026134803,1.2236863823933979,0.4023081155433287,-0.27484181568088034,-0.4392324621733147,-0.08058596973865201,-0.33691609353507573,-0.4183713892709765,-0.1148445667125172,22183.79917469051,0.1526596069335966
0.06541403026134796,1.1836863823933979,0.4523081155433287,-0.26484181568088033,-0.4492324621733147,-0.08058596973865201,-0.3669160935350757,-0.4283713892709765,-0.1148445667125172,22372.79917469051,0.15372104644775675
0.05541403026134806,1.1436863823933978,0.5223081155433288,-0.26484181568088033,-0.4392324621733147,-0.08058596973865201,-0.3569160935350757,-0.39837138927097654,-0.09484456671251719,22545.79917469051,0.1577195644378655
0.07541403026134796,1.1036863823933978,0.5423081155433286,-0.27484181568088034,-0.4292324621733147,-0.08058596973865201,-0.3269160935350757,-0.4083713892709765,-0.09484456671251719,22370.79917469051,0.16092796325683523
0.08541403026134797,1.0636863823933977,0.6223081155433287,-0.27484181568088034,-0.40923246217331466,-0.08058596973865201,-0.3869160935350757,-0.4183713892709765,-0.10484456671251718,22859.79917469051,0.16594858169555593
0.125414030261348,1.0036863823933977,0.6623081155433287,-0.26484181568088033,-0.38923246217331464,-0.070585969738652,-0.33691609353507573,-0.4383713892709765,-0.1148445667125172,23502.79917469051,0.16594858169555593
0.16541403026134804,0.9936863823933975,0.6423081155433287,-0.28484181568088035,-0.36923246217331473,-0.070585969738652,-0.42691609353507576,-0.45837138927097654,-0.1148445667125172,23381.79917469051,0.16995925903320597
0.15541403026134804,0.9536863823933976,0.6823081155433287,-0.27484181568088034,-0.38923246217331464,-0.070585969738652,-0.3769160935350757,-0.48837138927097656,-0.10484456671251718,23488.79917469051,0.17406840324401784
0.18541403026134806,0.9836863823933977,0.6923081155433287,-0.26484181568088033,-0.38923246217331464,-0.08058596973865201,-0.3769160935350757,-0.4383713892709765,-0.09484456671251719,24215.79917469051,0.1774014949798577
0.2354140302613481,0.9336863823933976,0.7023081155433287,-0.26484181568088033,-0.38923246217331464,-0.08058596973865201,-0.3769160935350757,-0.44837138927097653,-0.0848445667125172,24318.79917469051,0.17841358184814382
0.2654140302613479,0.9036863823933976,0.7123081155433287,-0.26484181568088033,-0.39923246217331465,-0.08058596973865201,-0.3569160935350757,-0.44837138927097653,-0.0848445667125172,24175.79917469051,0.18140621185302663
0.2754140302613479,0.8836863823933976,0.7323081155433288,-0.26484181568088033,-0.38923246217331464,-0.08058596973865201,-0.3869160935350757,-0.44837138927097653,-0.09484456671251719,25098.79917469051,0.18553919792175577
0.28541403026134793,0.8936863823933976,0.7523081155433288,-0.2548418156808803,-0.37923246217331463,-0.08058596973865201,-0.34691609353507574,-0.4183713892709765,-0.09484456671251719,25285.79917469051,0.19011921882629323
0.28541403026134793,0.8836863823933976,0.7623081155433288,-0.24484181568088034,-0.36923246217331473,-0.08058596973865201,-0.3769160935350757,-0.45837138927097654,-0.1148445667125172,25496.79917469051,0.19112367630004812
0.2654140302613479,0.8736863823933976,0.7723081155433288,-0.26484181568088033,-0.3592324621733147,-0.08058596973865201,-0.3669160935350757,-0.44837138927097653,-0.09484456671251719,25653.79917469051,0.19410748481750417
0.28541403026134793,0.8636863823933976,0.7923081155433286,-0.22484181568088032,-0.3592324621733147,-0.08058596973865201,-0.41691609353507575,-0.46837138927097655,-0.1148445667125172,25396.79917469051,0.1981231689453118
0.24541403026134812,0.8436863823933978,0.8323081155433286,-0.19484181568088033,-0.3392324621733147,-0.070585969738652,-0.4369160935350757,-0.44837138927097653,-0.10484456671251718,25505.79917469051,0.20347614288330007
0.2254140302613481,0.8336863823933978,0.8423081155433286,-0.22484181568088032,-0.3192324621733147,-0.06058596973865202,-0.45691609353507573,-0.44837138927097653,-0.1148445667125172,26310.79917469051,0.20613069534301687
0.17541403026134805,0.8436863823933978,0.8723081155433287,-0.19484181568088033,-0.3192324621733147,-0.05058596973865201,-0.4369160935350757,-0.4283713892709765,-0.10484456671251718,26447.79917469051,0.20681805610656667
0.17541403026134805,0.8136863823933977,0.9323081155433287,-0.22484181568088032,-0.28923246217331466,-0.05058596973865201,-0.42691609353507576,-0.44837138927097653,-0.09484456671251719,25970.79917469051,0.2108184814453118
0.125414030261348,0.7836863823933977,0.9523081155433287,-0.17484181568088034,-0.24923246217331474,-0.02058596973865201,-0.4369160935350757,-0.45837138927097654,-0.09484456671251719,26121.79917469051,0.21508545875549245
0.14541403026134803,0.7836863823933977,0.9923081155433288,-0.17484181568088034,-0.24923246217331474,-0.010585969738652001,-0.4369160935350757,-0.4383713892709765,-0.09484456671251719,26650.79917469051,0.2188295841217034
0.13541403026134802,0.7736863823933977,1.0123081155433287,-0.20484181568088033,-0.22923246217331472,-0.010585969738652001,-0.40691609353507574,-0.4383713892709765,-0.10484456671251718,26109.79917469051,0.2188295841217034
0.14541403026134803,0.7036863823933976,1.0723081155433287,-0.17484181568088034,-0.1992324621733147,0.009414030261347989,-0.42691609353507576,-0.4383713892709765,-0.09484456671251719,25548.79917469051,0.22295660972595144
0.17541403026134805,0.6636863823933976,1.0623081155433285,-0.17484181568088034,-0.18923246217331469,0.019414030261347998,-0.40691609353507574,-0.4283713892709765,-0.0848445667125172,25569.79917469051,0.22695631980895925
0.16541403026134804,0.6736863823933976,1.0823081155433285,-0.12484181568088032,-0.17923246217331468,0.03941403026134799,-0.4769160935350757,-0.44837138927097653,-0.1148445667125172,25808.79917469051,0.23095483779907156
0.14541403026134803,0.7136863823933977,1.0923081155433287,-0.08484181568088034,-0.14923246217331465,0.03941403026134799,-0.42691609353507576,-0.44837138927097653,-0.09484456671251719,26033.79917469051,0.23195595741271546
0.2154140302613481,0.6436863823933976,1.0823081155433285,-0.12484181568088032,-0.10923246217331473,0.09941403026134799,-0.3869160935350757,-0.46837138927097655,-0.10484456671251718,26152.79917469051,0.23548073768615652
0.2154140302613481,0.5936863823933978,1.1023081155433285,-0.07484181568088033,-0.11923246217331473,0.08941403026134798,-0.39691609353507573,-0.4383713892709765,-0.09484456671251719,25959.79917469051,0.23877925872802663
0.2654140302613479,0.5336863823933977,1.0823081155433285,-0.09484181568088035,-0.0792324621733147,0.08941403026134798,-0.42691609353507576,-0.46837138927097655,-0.07484456671251719,26090.79917469051,0.24358577728271769
0.28541403026134793,0.5836863823933978,1.0723081155433287,-0.04484181568088036,-0.06923246217331469,0.119414030261348,-0.41691609353507575,-0.44837138927097653,-0.0848445667125172,26073.79917469051,0.24358577728271769
0.30541403026134795,0.5436863823933977,1.1223081155433285,-0.014841815680880333,-0.039232462173314664,0.15941403026134798,-0.3869160935350757,-0.4283713892709765,-0.06484456671251719,26008.79917469051,0.24758644104003835
0.30541403026134795,0.5136863823933977,1.0823081155433285,0.005158184319119685,-0.019232462173314646,0.169414030261348,-0.40691609353507574,-0.4383713892709765,-0.06484456671251719,25581.79917469051,0.2520503520965569
0.31541403026134796,0.4836863823933977,1.1523081155433288,0.015158184319119639,-0.009232462173314637,0.20941403026134797,-0.3769160935350757,-0.45837138927097654,-0.054844566712517195,25322.79917469051,0.2562651157379179
0.30541403026134795,0.4836863823933977,1.0723081155433287,0.055158184319119674,0.02076753782668528,0.319414030261348,-0.3669160935350757,-0.44837138927097653,-0.054844566712517195,25551.79917469051,0.2562651157379179
0.32541403026134796,0.44368638239339764,1.0923081155433287,0.045158184319119665,0.050767537826685305,0.309414030261348,-0.42691609353507576,-0.4283713892709765,-0.09484456671251719,25982.79917469051,0.260273885726928
0.2654140302613479,0.47368638239339766,1.0923081155433287,0.055158184319119674,0.07076753782668532,0.309414030261348,-0.3669160935350757,-0.4283713892709765,-0.07484456671251719,25687.79917469051,0.26366443634032777
0.2754140302613479,0.44368638239339764,1.0723081155433287,0.10515818431911966,0.08076753782668533,0.329414030261348,-0.3769160935350757,-0.4383713892709765,-0.054844566712517195,25176.79917469051,0.26826663017272523
0.28541403026134793,0.43368638239339763,1.1123081155433288,0.1351581843191197,0.10076753782668535,0.319414030261348,-0.3669160935350757,-0.4283713892709765,-0.06484456671251719,25133.79917469051,0.2712704658508329
0.2554140302613479,0.4136863823933976,1.0823081155433285,0.1451581843191197,0.14076753782668538,0.329414030261348,-0.3869160935350757,-0.4183713892709765,-0.07484456671251719,24922.79917469051,0.2718123912811272
0.18541403026134806,0.46368638239339766,1.1023081155433285,0.1351581843191197,0.1907675378266852,0.299414030261348,-0.4369160935350757,-0.4283713892709765,-0.06484456671251719,24195.79917469051,0.276673507690429
0.16541403026134804,0.44368638239339764,1.1023081155433285,0.11515818431911967,0.1907675378266852,0.33941403026134803,-0.39691609353507573,-0.4083713892709765,-0.06484456671251719,24018.79917469051,0.2806729793548577
0.16541403026134804,0.4236863823933976,1.0823081155433285,0.12515818431911968,0.23076753782668524,0.34941403026134804,-0.42691609353507576,-0.38837138927097653,-0.024844566712517197,23905.79917469051,0.28428263664245534
0.19541403026134807,0.4136863823933976,1.0623081155433285,0.12515818431911968,0.2707675378266853,0.279414030261348,-0.42691609353507576,-0.4083713892709765,-0.03484456671251718,23608.79917469051,0.2853555202484124
0.18541403026134806,0.44368638239339764,1.0623081155433285,0.11515818431911967,0.2807675378266853,0.299414030261348,-0.40691609353507574,-0.36837138927097657,-0.03484456671251718,23265.79917469051,0.2884094238281243
0.19541403026134807,0.4236863823933976,0.9923081155433288,0.12515818431911968,0.35076753782668535,0.36941403026134795,-0.41691609353507575,-0.35837138927097656,-0.044844566712517187,22780.79917469051,0.2924296379089313
0.18541403026134806,0.4136863823933976,1.0023081155433289,0.11515818431911967,0.3907675378266854,0.37941403026134796,-0.39691609353507573,-0.36837138927097657,-0.03484456671251718,22679.79917469051,0.2964493751525872
0.18541403026134806,0.44368638239339764,0.9323081155433287,0.1451581843191197,0.4107675378266854,0.38941403026134797,-0.3669160935350757,-0.35837138927097656,-0.024844566712517197,22548.79917469051,0.2974352359771686
0.16541403026134804,0.47368638239339766,0.9123081155433287,0.20515818431911964,0.4507675378266852,0.439414030261348,-0.3569160935350757,-0.32837138927097653,-0.03484456671251718,21811.79917469051,0.30045027732848695
0.10541403026134799,0.47368638239339766,0.8823081155433287,0.21515818431911965,0.4507675378266852,0.47941403026134793,-0.3669160935350757,-0.3183713892709765,-0.054844566712517195,21342.79917469051,0.3044640541076653
0.115414030261348,0.46368638239339766,0.8823081155433287,0.21515818431911965,0.48076753782668524,0.49941403026134795,-0.3869160935350757,-0.28837138927097655,0.005155433287482802,21253.79917469051,0.3085097789764397
0.115414030261348,0.4236863823933976,0.8523081155433286,0.18515818431911962,0.48076753782668524,0.5194140302613479,-0.3869160935350757,-0.26837138927097653,0.005155433287482802,20842.79917469051,0.3098289489746051
0.10541403026134799,0.4836863823933977,0.8223081155433286,0.20515818431911964,0.5107675378266853,0.579414030261348,-0.42691609353507576,-0.27837138927097654,0.02515543328748282,20511.79917469051,0.3125087738037138
0.03541403026134804,0.46368638239339766,0.8623081155433286,0.23515818431911967,0.5007675378266853,0.589414030261348,-0.3569160935350757,-0.24837138927097652,-0.004844566712517179,20112.79917469051,0.3165661811828606
0.04541403026134805,0.44368638239339764,0.8023081155433286,0.22515818431911966,0.49076753782668525,0.639414030261348,-0.34691609353507574,-0.26837138927097653,0.005155433287482802,19663.79917469051,0.3217498779296868
0.03541403026134804,0.4136863823933976,0.7923081155433286,0.23515818431911967,0.5207675378266853,0.639414030261348,-0.33691609353507573,-0.21837138927097655,0.02515543328748282,19244.79917469051,0.3217498779296868
0.03541403026134804,0.4036863823933976,0.7723081155433288,0.24515818431911968,0.5307675378266853,0.649414030261348,-0.34691609353507574,-0.21837138927097655,0.015155433287482811,18965.79917469051,0.32475061416625906
0.07541403026134796,0.44368638239339764,0.7423081155433288,0.2851581843191197,0.5107675378266853,0.669414030261348,-0.3269160935350757,-0.21837138927097655,0.05515543328748282,18856.79917469051,0.329038095474246
0.03541403026134804,0.3836863823933976,0.7323081155433288,0.3051581843191196,0.5607675378266853,0.6794140302613481,-0.33691609353507573,-0.22837138927097655,0.02515543328748282,18495.79917469051,0.3334354877471917
0.03541403026134804,0.4136863823933976,0.7123081155433287,0.3151581843191196,0.5707675378266853,0.669414030261348,-0.3069160935350757,-0.14837138927097654,0.0351554332874828,18364.79917469051,0.3334354877471917
0.015414030261348022,0.4136863823933976,0.6423081155433287,0.34515818431911965,0.6307675378266854,0.669414030261348,-0.3169160935350757,-0.16837138927097656,0.0651554332874828,18121.79917469051,0.33702678680419496
0.02541403026134803,0.3936863823933976,0.6123081155433286,0.33515818431911965,0.6307675378266854,0.7394140302613479,-0.2969160935350757,-0.15837138927097655,0.07515543328748281,18144.79917469051,0.3412410736083977
-0.004585969738651996,0.4036863823933976,0.5723081155433286,0.34515818431911965,0.6607675378266854,0.6994140302613481,-0.27691609353507574,-0.11837138927097651,0.11515543328748279,17921.79917469051,0.34524126052856374
0.02541403026134803,0.3836863823933976,0.5623081155433286,0.34515818431911965,0.7707675378266853,0.6894140302613481,-0.2969160935350757,-0.08837138927097654,0.1351554332874828,18068.79917469051,0.3492412090301542
-0.024585969738652014,0.4136863823933976,0.5223081155433288,0.3151581843191196,0.8007675378266853,0.7294140302613479,-0.3069160935350757,-0.09837138927097655,0.11515543328748279,17929.79917469051,0.3492412090301542
-0.04458596973865203,0.4236863823933976,0.5323081155433288,0.33515818431911965,0.8007675378266853,0.7894140302613479,-0.2969160935350757,-0.06837138927097652,0.1251554332874828,18356.79917469051,0.35324115753173757
-0.04458596973865203,0.43368638239339763,0.5523081155433286,0.2951581843191196,0.8107675378266853,0.829414030261348,-0.2669160935350757,-0.09837138927097655,0.1251554332874828,18449.79917469051,0.3576681137084954
-0.09458596973865196,0.3736863823933976,0.5523081155433286,0.2951581843191196,0.8407675378266853,0.829414030261348,-0.2669160935350757,-0.06837138927097652,0.09515543328748283,18186.79917469051,0.36184496879577566
-0.09458596973865196,0.34368638239339777,0.5523081155433286,0.3151581843191196,0.8307675378266853,0.859414030261348,-0.2669160935350757,-0.06837138927097652,0.11515543328748279,18141.79917469051,0.36184496879577566
-0.07458596973865195,0.33368638239339776,0.5323081155433288,0.3051581843191196,0.8507675378266853,0.899414030261348,-0.2569160935350757,-0.07837138927097653,0.09515543328748283,18494.79917469051,0.36584038734435964
-0.04458596973865203,0.2636863823933977,0.5423081155433286,0.2651581843191197,0.8407675378266853,0.9394140302613478,-0.2569160935350757,-0.13837138927097653,0.07515543328748281,18547.79917469051,0.3701691150665276
-0.08458596973865196,0.2536863823933977,0.5323081155433288,0.2951581843191196,0.8807675378266854,0.909414030261348,-0.28691609353507574,-0.11837138927097651,0.05515543328748282,18268.79917469051,0.3740252971649163
-0.08458596973865196,0.18368638239339763,0.5223081155433288,0.35515818431911966,0.8807675378266854,0.9394140302613478,-0.2669160935350757,-0.15837138927097655,0.04515543328748281,18427.79917469051,0.3740252971649163
-0.07458596973865195,0.20368638239339765,0.5023081155433288,0.36515818431911967,0.9007675378266854,0.9594140302613479,-0.2569160935350757,-0.22837138927097655,0.0351554332874828,19212.79917469051,0.3781845092773395
-0.06458596973865194,0.18368638239339763,0.5223081155433288,0.4051581843191197,0.8907675378266854,0.9694140302613479,-0.2469160935350757,-0.22837138927097655,0.005155433287482802,19695.79917469051,0.38218660354614187
-0.09458596973865196,0.1436863823933976,0.47230811554332874,0.4251581843191196,0.9107675378266854,0.9894140302613479,-0.2669160935350757,-0.2583713892709765,0.005155433287482802,19296.79917469051,0.38618369102477956
-0.06458596973865194,0.1436863823933976,0.46230811554332873,0.45515818431911964,0.8907675378266854,0.9994140302613479,-0.28691609353507574,-0.26837138927097653,-0.004844566712517179,19647.79917469051,0.3871843338012688
-0.05458596973865204,0.13368638239339758,0.4323081155433287,0.45515818431911964,0.8907675378266854,1.049414030261348,-0.34691609353507574,-0.2983713892709765,-0.044844566712517187,20034.79917469051,0.3902770996093743
-0.07458596973865195,0.10368638239339778,0.46230811554332873,0.48515818431911967,0.8707675378266854,1.069414030261348,-0.3669160935350757,-0.2983713892709765,-0.024844566712517197,20063.79917469051,0.3945192813873284
-0.10458596973865197,0.07368638239339775,0.46230811554332873,0.5151581843191197,0.8507675378266853,1.079414030261348,-0.40691609353507574,-0.26837138927097653,-0.004844566712517179,20364.79917469051,0.399533939361568
-0.08458596973865196,0.053686382393397736,0.4523081155433287,0.5351581843191198,0.8507675378266853,1.119414030261348,-0.40691609353507574,-0.32837138927097653,-0.03484456671251718,21073.79917469051,0.399533939361568
-0.11458596973865198,0.02368638239339771,0.4423081155433287,0.5551581843191196,0.8007675378266853,1.1794140302613478,-0.41691609353507575,-0.27837138927097654,-0.024844566712517197,21370.79917469051,0.4029471397399931
-0.12458596973865199,0.03368638239339772,0.38230811554332866,0.5451581843191196,0.7707675378266853,1.1994140302613479,-0.3669160935350757,-0.28837138927097655,-0.014844566712517188,21907.79917469051,0.4077212333679192
-0.11458596973865198,0.0136863823933977,0.38230811554332866,0.5551581843191196,0.7207675378266852,1.249414030261348,-0.34691609353507574,-0.2583713892709765,-0.044844566712517187,22510.79917469051,0.41128177642822195
-0.12458596973865199,0.053686382393397736,0.35230811554332864,0.5751581843191196,0.6807675378266854,1.319414030261348,-0.42691609353507576,-0.3183713892709765,-0.044844566712517187,22421.79917469051,0.41476078033447195
-0.17458596973865204,0.03368638239339772,0.3923081155433287,0.5851581843191196,0.6407675378266854,1.369414030261348,-0.39691609353507573,-0.3183713892709765,-0.054844566712517195,22716.79917469051,0.41555542945861745
-0.16458596973865203,0.053686382393397736,0.3123081155433287,0.5651581843191196,0.6407675378266854,1.379414030261348,-0.45691609353507573,-0.2983713892709765,-0.06484456671251719,23109.79917469051,0.4196111679077177
-0.17458596973865204,0.02368638239339771,0.33230811554332873,0.5851581843191196,0.6307675378266854,1.399414030261348,-0.45691609353507573,-0.32837138927097653,-0.054844566712517195,23160.79917469051,0.42400021553039835
-0.144585969738652,-0.0063136176066023175,0.33230811554332873,0.5851581843191196,0.6107675378266854,1.399414030261348,-0.4469160935350757,-0.33837138927097654,-0.07484456671251719,23451.79917469051,0.42751665115356374
-0.16458596973865203,-0.04631361760660235,0.2723081155433287,0.6351581843191196,0.5907675378266853,1.4194140302613478,-0.40691609353507574,-0.3083713892709765,-0.0848445667125172,23934.79917469051,0.42857165336608816
-0.12458596973865199,-0.026313617606602335,0.26230811554332867,0.6651581843191197,0.5507675378266853,1.4294140302613478,-0.42691609353507576,-0.35837138927097656,-0.06484456671251719,23485.79917469051,0.431691122055053
-0.17458596973865204,-0.04631361760660235,0.2723081155433287,0.6851581843191197,0.5507675378266853,1.4394140302613478,-0.4469160935350757,-0.3083713892709765,-0.06484456671251719,23902.79917469051,0.4363162040710442
-0.15458596973865202,-0.04631361760660235,0.26230811554332867,0.6951581843191197,0.5407675378266853,1.4294140302613478,-0.4369160935350757,-0.3183713892709765,-0.024844566712517197,24619.79917469051,0.4396864891052239
-0.134585969738652,-0.07631361760660238,0.2823081155433287,0.7251581843191197,0.5207675378266853,1.409414030261348,-0.40691609353507574,-0.27837138927097654,-0.07484456671251719,24830.79917469051,0.4403872013092034
-0.12458596973865199,-0.07631361760660238,0.22230811554332874,0.7351581843191195,0.5207675378266853,1.409414030261348,-0.41691609353507575,-0.2583713892709765,-0.044844566712517187,24933.79917469051,0.4443881034851067
-0.134585969738652,-0.07631361760660238,0.23230811554332864,0.7751581843191195,0.48076753782668524,1.409414030261348,-0.4369160935350757,-0.3083713892709765,-0.054844566712517195,24804.79917469051,0.44890327453612855
-0.15458596973865202,-0.06631361760660237,0.22230811554332874,0.7851581843191195,0.5107675378266853,1.399414030261348,-0.4769160935350757,-0.3183713892709765,-0.09484456671251719,25039.79917469051,0.45229573249816823
-0.16458596973865203,-0.09631361760660229,0.13230811554332866,0.8051581843191196,0.5007675378266853,1.379414030261348,-0.42691609353507576,-0.33837138927097654,-0.09484456671251719,25388.79917469051,0.45229573249816823
-0.18458596973865204,-0.04631361760660235,0.14230811554332867,0.8151581843191196,0.5107675378266853,1.359414030261348,-0.45691609353507573,-0.34837138927097655,-0.10484456671251718,25349.79917469051,0.4561423778533964
-0.21458596973865196,-0.1263136176066023,0.10230811554332864,0.8051581843191196,0.49076753782668525,1.409414030261348,-0.4969160935350757,-0.32837138927097653,-0.09484456671251719,25248.79917469051,0.460544300079345
-0.20458596973865195,-0.1163136176066023,0.11230811554332865,0.7851581843191195,0.5307675378266853,1.389414030261348,-0.4769160935350757,-0.27837138927097654,-0.054844566712517195,25265.79917469051,0.4649736404418938
-0.19458596973865194,-0.1263136176066023,0.11230811554332865,0.7751581843191195,0.5207675378266853,1.379414030261348,-0.45691609353507573,-0.32837138927097653,-0.1148445667125172,25666.79917469051,0.4649736404418938
-0.18458596973865204,-0.1263136176066023,0.15230811554332868,0.7651581843191195,0.5407675378266853,1.369414030261348,-0.4469160935350757,-0.28837138927097655,-0.0848445667125172,25365.79917469051,0.469042253494262
-0.20458596973865195,-0.13631361760660232,0.14230811554332867,0.7451581843191195,0.5507675378266853,1.389414030261348,-0.4669160935350757,-0.21837138927097655,-0.0848445667125172,25270.79917469051,0.4720661163330071
-0.21458596973865196,-0.15631361760660234,0.13230811554332866,0.7251581843191197,0.5707675378266853,1.409414030261348,-0.42691609353507576,-0.2583713892709765,-0.06484456671251719,25775.79917469051,0.47675056457519815
-0.20458596973865195,-0.14631361760660233,0.1823081155433287,0.7151581843191197,0.5407675378266853,1.399414030261348,-0.40691609353507574,-0.20837138927097654,-0.03484456671251718,26066.79917469051,0.48002333641052175
-0.23458596973865198,-0.17631361760660236,0.14230811554332867,0.7151581843191197,0.5807675378266853,1.389414030261348,-0.3769160935350757,-0.15837138927097655,-0.004844566712517179,26067.79917469051,0.4810750007629423
-0.244585969738652,-0.17631361760660236,0.1623081155433287,0.6651581843191197,0.5807675378266853,1.4194140302613478,-0.3669160935350757,-0.14837138927097654,-0.004844566712517179,26174.79917469051,0.48507947921752503
-0.23458596973865198,-0.2263136176066023,0.1823081155433287,0.6651581843191197,0.6207675378266854,1.389414030261348,-0.3669160935350757,-0.11837138927097651,-0.004844566712517179,26245.79917469051,0.4894425392150872
-0.254585969738652,-0.2363136176066023,0.20230811554332873,0.6951581843191197,0.5807675378266853,1.379414030261348,-0.40691609353507574,-0.13837138927097653,0.015155433287482811,26010.79917469051,0.4927839756011956
-0.254585969738652,-0.2263136176066023,0.20230811554332873,0.7151581843191197,0.5707675378266853,1.369414030261348,-0.3769160935350757,-0.09837138927097655,0.0651554332874828,25675.79917469051,0.4935144901275663
-0.254585969738652,-0.2563136176066023,0.20230811554332873,0.6951581843191197,0.5707675378266853,1.379414030261348,-0.3769160935350757,-0.01837138927097648,0.0651554332874828,25784.79917469051,0.4975399494171171
-0.23458596973865198,-0.2663136176066023,0.1723081155433287,0.7251581843191197,0.5607675378266853,1.379414030261348,-0.2569160935350757,0.011628610729023436,0.05515543328748282,25797.79917469051,0.5015580177307157
-0.264585969738652,-0.27631361760660234,0.19230811554332872,0.7351581843191195,0.5707675378266853,1.369414030261348,-0.3069160935350757,0.0016286107290234275,0.0651554332874828,25708.79917469051,0.5045349121093743
-0.31458596973865194,-0.27631361760660234,0.21230811554332873,0.7551581843191195,0.5307675378266853,1.309414030261348,-0.3069160935350757,0.0016286107290234275,0.09515543328748283,25381.79917469051,0.5055119514465325
-0.284585969738652,-0.28631361760660234,0.1623081155433287,0.7451581843191195,0.5007675378266853,1.369414030261348,-0.2669160935350757,0.05162861072902347,0.11515543328748279,25688.79917469051,0.5093640804290764
-0.30458596973865204,-0.27631361760660234,0.13230811554332866,0.7151581843191197,0.5207675378266853,1.389414030261348,-0.22691609353507575,0.07162861072902349,0.1351554332874828,26069.79917469051,0.5136372566223173
-0.30458596973865204,-0.27631361760660234,0.11230811554332865,0.7051581843191197,0.5207675378266853,1.349414030261348,-0.19691609353507572,0.11162861072902341,0.15515543328748282,25998.79917469051,0.5176243305206292
-0.264585969738652,-0.2663136176066023,0.10230811554332864,0.6551581843191197,0.5607675378266853,1.369414030261348,-0.16691609353507575,0.15162861072902345,0.1751554332874828,25937.79917469051,0.5186976909637444
-0.274585969738652,-0.28631361760660234,0.11230811554332865,0.6651581843191197,0.5307675378266853,1.289414030261348,-0.1769160935350757,0.19162861072902349,0.2051554332874828,25696.79917469051,0.5221111297607415
-0.264585969738652,-0.3263136176066024,0.09230811554332874,0.6851581843191197,0.5307675378266853,1.309414030261348,-0.1269160935350757,0.2516286107290234,0.1851554332874828,25439.79917469051,0.5258602619171171
-0.32458596973865195,-0.3363136176066023,0.07230811554332872,0.6951581843191197,0.6007675378266853,1.249414030261348,-0.1169160935350757,0.2516286107290234,0.21515543328748282,25468.79917469051,0.5296515941619866
-0.32458596973865195,-0.31631361760660237,0.07230811554332872,0.6451581843191196,0.5907675378266853,1.299414030261348,-0.1169160935350757,0.28162861072902345,0.2651554332874828,24869.79917469051,0.5306825160980218
-0.32458596973865195,-0.28631361760660234,0.09230811554332874,0.6751581843191197,0.5907675378266853,1.2294140302613479,-0.06691609353507577,0.29162861072902346,0.2451554332874828,24584.79917469051,0.5344731330871575
-0.29458596973865203,-0.31631361760660237,0.042308115543328695,0.6851581843191197,0.6107675378266854,1.2194140302613479,-0.06691609353507577,0.3516286107290235,0.3051554332874828,24543.79917469051,0.5384730815887444
-0.32458596973865195,-0.2263136176066023,0.042308115543328695,0.6551581843191197,0.5807675378266853,1.1794140302613478,-0.05691609353507576,0.3116286107290235,0.3351554332874828,24872.79917469051,0.5424727916717558
-0.264585969738652,-0.2563136176066023,0.08230811554332873,0.6551581843191197,0.6207675378266854,1.099414030261348,-0.026916093535075736,0.3416286107290235,0.37515543328748285,24797.79917469051,0.5424727916717558
-0.264585969738652,-0.2263136176066023,0.10230811554332864,0.7151581843191197,0.5907675378266853,1.099414030261348,0.003083906464924291,0.3716286107290234,0.40515543328748277,24768.79917469051,0.5464729785919182
-0.31458596973865194,-0.2363136176066023,0.12230811554332865,0.7551581843191195,0.6107675378266854,1.039414030261348,-0.016916093535075727,0.39162861072902344,0.4251554332874828,24065.79917469051,0.5504893779754596
-0.254585969738652,-0.2563136176066023,0.07230811554332872,0.7451581843191195,0.6307675378266854,0.9894140302613479,-0.046916093535075754,0.38162861072902343,0.48515543328748284,24270.79917469051,0.5549971580505364
-0.254585969738652,-0.20631361760660227,0.052308115543328704,0.6751581843191197,0.6207675378266854,0.9694140302613479,-0.016916093535075727,0.42162861072902347,0.49515543328748285,23903.79917469051,0.5582644462585442
-0.284585969738652,-0.2363136176066023,0.0023081155433286593,0.7251581843191197,0.6507675378266854,0.899414030261348,0.043083906464924326,0.39162861072902344,0.5651554332874829,23462.79917469051,0.5582644462585442
-0.284585969738652,-0.2563136176066023,0.0023081155433286593,0.6651581843191197,0.6407675378266854,0.9694140302613479,-0.006916093535075718,0.3716286107290234,0.5551554332874828,23115.79917469051,0.563352060317996
-0.244585969738652,-0.19631361760660238,0.10230811554332864,0.5951581843191196,0.6707675378266854,0.9594140302613479,0.03308390646492432,0.39162861072902344,0.5751554332874829,22712.79917469051,0.5665840625762932
-0.264585969738652,-0.20631361760660227,0.10230811554332864,0.6251581843191196,0.6407675378266854,0.9694140302613479,0.053083906464924224,0.40162861072902345,0.5951554332874829,22531.79917469051,0.5705666065216057
-0.244585969738652,-0.20631361760660227,0.11230811554332865,0.5851581843191196,0.6407675378266854,0.9494140302613479,0.11308390646492428,0.42162861072902347,0.6451554332874827,21782.79917469051,0.5716318607330315
-0.254585969738652,-0.2263136176066023,0.11230811554332865,0.5151581843191197,0.6607675378266854,0.9794140302613479,0.1430839064649243,0.40162861072902345,0.6651554332874827,21723.79917469051,0.5741521835327177
-0.23458596973865198,-0.21631361760660228,0.10230811554332864,0.47515818431911966,0.7007675378266852,0.9394140302613478,0.16308390646492432,0.41162861072902346,0.6451554332874827,21572.79917469051,0.580168437957763
-0.23458596973865198,-0.2663136176066023,0.1723081155433287,0.5051581843191197,0.7007675378266852,0.9294140302613478,0.17308390646492433,0.39162861072902344,0.6851554332874827,21333.79917469051,0.5831517696380608
-0.254585969738652,-0.29631361760660235,0.13230811554332866,0.4351581843191196,0.7007675378266852,0.9394140302613478,0.21308390646492426,0.4616286107290235,0.7051554332874828,21190.79917469051,0.5831517696380608
-0.244585969738652,-0.2463136176066023,0.15230811554332868,0.45515818431911964,0.7007675378266852,0.9194140302613478,0.24308390646492428,0.4816286107290235,0.6951554332874827,20993.79917469051,0.5875653743743889
-0.264585969738652,-0.2663136176066023,0.15230811554332868,0.4151581843191197,0.6807675378266854,0.9194140302613478,0.2630839064649243,0.4816286107290235,0.7151554332874828,20740.79917469051,0.5915588855743401
-0.264585969738652,-0.2263136176066023,0.13230811554332866,0.4151581843191197,0.6807675378266854,0.899414030261348,0.2630839064649243,0.49162861072902353,0.7051554332874828,20193.79917469051,0.5956651687622063
-0.30458596973865204,-0.2363136176066023,0.14230811554332867,0.3751581843191197,0.6807675378266854,0.899414030261348,0.2630839064649243,0.4716286107290235,0.7651554332874828,20138.79917469051,0.5956651687622063
-0.274585969738652,-0.19631361760660238,0.10230811554332864,0.36515818431911967,0.6507675378266854,0.869414030261348,0.2830839064649243,0.5216286107290236,0.7751554332874828,20363.79917469051,0.6005684852600055
-0.34458596973865196,-0.16631361760660235,0.12230811554332865,0.33515818431911965,0.6807675378266854,0.829414030261348,0.3030839064649242,0.5216286107290236,0.7651554332874828,19912.79917469051,0.6041113853454583
-0.29458596973865203,-0.20631361760660227,0.13230811554332866,0.34515818431911965,0.6707675378266854,0.859414030261348,0.32308390646492424,0.5516286107290234,0.7651554332874828,19437.79917469051,0.6074053764343255
-0.31458596973865194,-0.14631361760660233,0.15230811554332868,0.3051581843191196,0.6707675378266854,0.829414030261348,0.34308390646492426,0.5416286107290236,0.7851554332874828,19218.79917469051,0.6084641933441155
-0.31458596973865194,-0.16631361760660235,0.13230811554332866,0.2951581843191196,0.6807675378266854,0.849414030261348,0.3730839064649243,0.5316286107290236,0.8451554332874829,19091.79917469051,0.6124763011932366
-0.30458596973865204,-0.19631361760660238,0.12230811554332865,0.2751581843191197,0.6407675378266854,0.819414030261348,0.3630839064649243,0.5816286107290234,0.8051554332874828,19222.79917469051,0.6166662693023675
-0.30458596973865204,-0.21631361760660228,0.20230811554332873,0.2551581843191197,0.6707675378266854,0.7994140302613479,0.3630839064649243,0.5816286107290234,0.7951554332874828,19117.79917469051,0.6202911853790276
-0.29458596973865203,-0.21631361760660228,0.19230811554332872,0.2551581843191197,0.6807675378266854,0.809414030261348,0.3830839064649243,0.5516286107290234,0.8351554332874829,18740.79917469051,0.6235553741455071
-0.284585969738652,-0.15631361760660234,0.20230811554332873,0.2951581843191196,0.6507675378266854,0.7694140302613479,0.3730839064649243,0.5916286107290234,0.8551554332874829,18753.79917469051,0.6242835044860833
-0.274585969738652,-0.1263136176066023,0.19230811554332872,0.23515818431911967,0.6307675378266854,0.7594140302613479,0.3930839064649243,0.5716286107290234,0.8651554332874829,18872.79917469051,0.6282853603362994
-0.23458596973865198,-0.17631361760660236,0.21230811554332873,0.24515818431911968,0.6307675378266854,0.7394140302613479,0.3830839064649243,0.5816286107290234,0.925155433287483,18961.79917469051,0.6324114322662382
-0.254585969738652,-0.16631361760660235,0.24230811554332865,0.2551581843191197,0.6207675378266854,0.7194140302613481,0.4030839064649243,0.5916286107290234,0.8751554332874829,18954.79917469051,0.6363570213317864
-0.244585969738652,-0.17631361760660236,0.24230811554332865,0.23515818431911967,0.6107675378266854,0.6794140302613481,0.3930839064649243,0.6216286107290234,0.8651554332874829,18717.79917469051,0.6363570213317864
-0.21458596973865196,-0.20631361760660227,0.23230811554332864,0.2551581843191197,0.6207675378266854,0.6794140302613481,0.4030839064649243,0.6316286107290234,0.8951554332874829,18770.79917469051,0.6405121803283684
-0.20458596973865195,-0.18631361760660237,0.23230811554332864,0.24515818431911968,0.6307675378266854,0.669414030261348,0.4130839064649243,0.6416286107290234,0.8651554332874829,18655.79917469051,0.6455273151397698
-0.20458596973865195,-0.18631361760660237,0.19230811554332872,0.17515818431911961,0.6107675378266854,0.669414030261348,0.4030839064649243,0.6216286107290234,0.925155433287483,18400.79917469051,0.6481618404388421
-0.23458596973865198,-0.15631361760660234,0.19230811554332872,0.17515818431911961,0.6107675378266854,0.639414030261348,0.4030839064649243,0.6616286107290235,0.915155433287483,18669.79917469051,0.6492177963256864
-0.254585969738652,-0.13631361760660232,0.19230811554332872,0.1551581843191197,0.6207675378266854,0.659414030261348,0.44308390646492435,0.7116286107290235,0.8851554332874829,19216.79917469051,0.6524922370910637
-0.20458596973865195,-0.15631361760660234,0.22230811554332874,0.17515818431911961,0.5907675378266853,0.639414030261348,0.44308390646492435,0.6716286107290235,0.915155433287483,19151.79917469051,0.6572176933288567
-0.20458596973865195,-0.13631361760660232,0.20230811554332873,0.16515818431911972,0.6007675378266853,0.639414030261348,0.45308390646492436,0.7316286107290235,0.915155433287483,18992.79917469051,0.661547136306762
-0.22458596973865197,-0.1263136176066023,0.23230811554332864,0.18515818431911962,0.6007675378266853,0.639414030261348,0.4730839064649244,0.7216286107290235,0.925155433287483,18765.79917469051,0.661547136306762
-0.19458596973865194,-0.1063136176066023,0.21230811554332873,0.1551581843191197,0.5807675378266853,0.569414030261348,0.42308390646492433,0.7316286107290235,0.9751554332874828,18976.79917469051,0.6660367965698235
-0.23458596973865198,-0.1263136176066023,0.24230811554332865,0.16515818431911972,0.5607675378266853,0.579414030261348,0.4830839064649244,0.7816286107290236,0.9951554332874828,19679.79917469051,0.6687824249267571
-0.254585969738652,-0.1063136176066023,0.2723081155433287,0.12515818431911968,0.5807675378266853,0.599414030261348,0.45308390646492436,0.7716286107290236,1.0251554332874828,19258.79917469051,0.6728171825408928
-0.274585969738652,-0.06631361760660237,0.22230811554332874,0.12515818431911968,0.5307675378266853,0.559414030261348,0.45308390646492436,0.8016286107290234,1.0851554332874829,19321.79917469051,0.6739031791687005
-0.32458596973865195,-0.04631361760660235,0.19230811554332872,0.12515818431911968,0.5407675378266853,0.589414030261348,0.43308390646492434,0.8416286107290234,1.0751554332874829,19624.79917469051,0.6773371219635003
-0.29458596973865203,-0.07631361760660238,0.22230811554332874,0.09515818431911965,0.5307675378266853,0.599414030261348,0.4730839064649244,0.8316286107290234,1.0851554332874829,20047.79917469051,0.6823946952819817
-0.244585969738652,-0.06631361760660237,0.21230811554332873,0.08515818431911965,0.5207675378266853,0.609414030261348,0.4830839064649244,0.8516286107290234,1.135155433287483,20162.79917469051,0.685578536987304
-0.244585969738652,-0.07631361760660238,0.22230811554332874,0.045158184319119665,0.5107675378266853,0.609414030261348,0.4730839064649244,0.8516286107290234,1.155155433287483,20377.79917469051,0.6863946437835651
-0.254585969738652,-0.06631361760660237,0.19230811554332872,0.055158184319119674,0.5207675378266853,0.589414030261348,0.5130839064649242,0.8816286107290234,1.155155433287483,20408.79917469051,0.6903779029846184
-0.244585969738652,-0.06631361760660237,0.19230811554332872,0.035158184319119656,0.5307675378266853,0.5294140302613479,0.5230839064649242,0.9016286107290234,1.175155433287483,20383.79917469051,0.6943983554840081
-0.22458596973865197,-0.05631361760660236,0.20230811554332873,0.055158184319119674,0.5007675378266853,0.559414030261348,0.5230839064649242,0.8816286107290234,1.195155433287483,20708.79917469051,0.6979200363159173
-0.244585969738652,-0.036313617606602344,0.20230811554332873,0.025158184319119647,0.5007675378266853,0.559414030261348,0.5430839064649242,0.8616286107290234,1.2351554332874828,21403.79917469051,0.701630783081054
-0.244585969738652,-0.016313617606602326,0.20230811554332873,0.035158184319119656,0.49076753782668525,0.5394140302613479,0.5430839064649242,0.8916286107290234,1.2251554332874828,21276.79917469051,0.701630783081054
-0.254585969738652,-0.016313617606602326,0.22230811554332874,0.015158184319119639,0.47076753782668523,0.5494140302613479,0.5530839064649242,0.8816286107290234,1.2851554332874828,21111.79917469051,0.7067093372344964
-0.254585969738652,-0.036313617606602344,0.23230811554332864,-0.004841815680880324,0.47076753782668523,0.5494140302613479,0.5730839064649242,0.9016286107290234,1.2851554332874828,21352.79917469051,0.7102233886718778
-0.254585969738652,-0.04631361760660235,0.2923081155433287,0.025158184319119647,0.4407675378266852,0.5294140302613479,0.5930839064649243,0.9016286107290234,1.2751554332874828,21765.79917469051,0.7138607025146477
-0.264585969738652,-0.036313617606602344,0.2823081155433287,0.025158184319119647,0.4207675378266854,0.48941403026134794,0.6130839064649243,0.9016286107290234,1.2551554332874828,21442.79917469051,0.7145735740661614
-0.254585969738652,-0.026313617606602335,0.26230811554332867,0.035158184319119656,0.4007675378266854,0.48941403026134794,0.6130839064649243,0.9216286107290235,1.2751554332874828,21799.79917469051,0.7185549259185784
-0.244585969738652,-0.05631361760660236,0.24230811554332865,0.015158184319119639,0.4007675378266854,0.5094140302613479,0.6130839064649243,0.9216286107290235,1.2751554332874828,22270.79917469051,0.7225424766540485
-0.264585969738652,0.0036863823933976914,0.22230811554332874,0.005158184319119685,0.37076753782668537,0.5194140302613479,0.6130839064649243,0.9416286107290235,1.2851554332874828,22357.79917469051,0.7265460014343255
-0.31458596973865194,0.0136863823933977,0.23230811554332864,0.005158184319119685,0.3207675378266853,0.5394140302613479,0.6130839064649243,0.9616286107290235,1.3151554332874829,22548.79917469051,0.7265460014343255
-0.30458596973865204,0.06368638239339774,0.21230811554332873,0.025158184319119647,0.3107675378266853,0.5394140302613479,0.6130839064649243,0.9316286107290235,1.3351554332874829,22827.79917469051,0.7305659770965569
-0.354585969738652,0.07368638239339775,0.1823081155433287,0.015158184319119639,0.3107675378266853,0.5194140302613479,0.6130839064649243,0.9416286107290235,1.3251554332874829,23876.79917469051,0.7345306396484368
-0.30458596973865204,0.07368638239339775,0.20230811554332873,0.015158184319119639,0.3107675378266853,0.48941403026134794,0.6030839064649243,0.9516286107290235,1.3251554332874829,24039.79917469051,0.7390014648437528
-0.274585969738652,0.053686382393397736,0.19230811554332872,0.025158184319119647,0.3107675378266853,0.459414030261348,0.6330839064649243,0.9216286107290235,1.3251554332874829,24130.79917469051,0.7390014648437528
-0.264585969738652,0.053686382393397736,0.21230811554332873,0.005158184319119685,0.2907675378266853,0.439414030261348,0.6430839064649243,0.9616286107290235,1.2851554332874828,24235.79917469051,0.7429968833923333
-0.22458596973865197,0.11368638239339757,0.1723081155433287,0.045158184319119665,0.26076753782668527,0.46941403026134804,0.6630839064649243,0.9616286107290235,1.2651554332874828,24222.79917469051,0.7471813678741448
-0.21458596973865196,0.10368638239339778,0.1723081155433287,0.025158184319119647,0.2707675378266853,0.449414030261348,0.6530839064649243,0.9816286107290235,1.2851554332874828,24321.79917469051,0.7511760711669915
-0.23458596973865198,0.1536863823933976,0.1823081155433287,0.015158184319119639,0.26076753782668527,0.439414030261348,0.6730839064649243,0.9816286107290235,1.2551554332874828,24640.79917469051,0.7511760711669915
-0.23458596973865198,0.18368638239339763,0.22230811554332874,0.005158184319119685,0.26076753782668527,0.449414030261348,0.6830839064649243,1.0016286107290235,1.2351554332874828,24581.79917469051,0.754682254791259
-0.244585969738652,0.18368638239339763,0.24230811554332865,0.015158184319119639,0.24076753782668525,0.409414030261348,0.7030839064649244,0.9916286107290235,1.2151554332874828,24796.79917469051,0.759252738952636
-0.264585969738652,0.2536863823933977,0.24230811554332865,0.005158184319119685,0.25076753782668526,0.409414030261348,0.7030839064649244,1.0216286107290236,1.195155433287483,25129.79917469051,0.7634248256683343
-0.244585969738652,0.2836863823933977,0.26230811554332867,0.005158184319119685,0.23076753782668524,0.38941403026134797,0.6930839064649243,0.9816286107290235,1.2451554332874828,25466.79917469051,0.7673813819885247
-0.244585969738652,0.2836863823933977,0.23230811554332864,-0.004841815680880324,0.24076753782668525,0.399414030261348,0.6730839064649243,1.0016286107290235,1.2351554332874828,26035.79917469051,0.7673813819885247
-0.22458596973865197,0.2936863823933977,0.25230811554332866,-0.014841815680880333,0.23076753782668524,0.38941403026134797,0.6530839064649243,1.0316286107290236,1.2351554332874828,25736.79917469051,0.7714347362518339
-0.23458596973865198,0.34368638239339777,0.24230811554332865,0.005158184319119685,0.24076753782668525,0.36941403026134795,0.6730839064649243,0.9916286107290235,1.2551554332874828,25399.79917469051,0.7765008926391594
-0.23458596973865198,0.4136863823933976,0.24230811554332865,-0.04484181568088036,0.23076753782668524,0.33941403026134803,0.6530839064649243,0.9816286107290235,1.2451554332874828,25588.79917469051,0.7796203613281243
-0.21458596973865196,0.4236863823933976,0.24230811554332865,-0.03484181568088035,0.22076753782668523,0.329414030261348,0.6630839064649243,0.9616286107290235,1.2851554332874828,25867.79917469051,0.7796203613281243
-0.244585969738652,0.4236863823933976,0.25230811554332866,-0.04484181568088036,0.21076753782668523,0.33941403026134803,0.6930839064649243,0.9816286107290235,1.2751554332874828,25770.79917469051,0.7835008621215813
-0.23458596973865198,0.45368638239339765,0.2923081155433287,-0.02484181568088034,0.20076753782668522,0.329414030261348,0.7230839064649244,0.9616286107290235,1.2751554332874828,25857.79917469051,0.7884702205657952
-0.244585969738652,0.44368638239339764,0.3023081155433287,-0.02484181568088034,0.20076753782668522,0.329414030261348,0.7030839064649244,0.9316286107290235,1.2751554332874828,26044.79917469051,0.7914719104766839
-0.22458596973865197,0.4836863823933977,0.34230811554332874,-0.03484181568088035,0.1907675378266852,0.309414030261348,0.6730839064649243,0.9616286107290235,1.2851554332874828,25679.79917469051,0.7924725532531731
-0.20458596973865195,0.4836863823933977,0.36230811554332865,-0.03484181568088035,0.1707675378266854,0.289414030261348,0.6730839064649243,0.9516286107290235,1.2951554332874828,25430.79917469051,0.7965108871459954
-0.20458596973865195,0.5136863823933977,0.35230811554332864,-0.014841815680880333,0.1707675378266854,0.299414030261348,0.7030839064649244,0.9216286107290235,1.2751554332874828,25837.79917469051,0.8009368896484368
-0.17458596973865204,0.5136863823933977,0.36230811554332865,-0.03484181568088035,0.1707675378266854,0.289414030261348,0.6830839064649243,0.9416286107290235,1.2751554332874828,26046.79917469051,0.8042282581329339
-0.134585969738652,0.5236863823933977,0.37230811554332865,-0.03484181568088035,0.13076753782668538,0.33941403026134803,0.6730839064649243,0.9716286107290235,1.2751554332874828,26343.79917469051,0.8051902770996051
-0.19458596973865194,0.5536863823933977,0.4023081155433287,-0.004841815680880324,0.14076753782668538,0.329414030261348,0.6630839064649243,0.9516286107290235,1.2951554332874828,26558.79917469051,0.8093821525573723
-0.18458596973865204,0.5936863823933978,0.4223081155433287,0.025158184319119647,0.10076753782668535,0.33941403026134803,0.6630839064649243,0.9416286107290235,1.2751554332874828,27161.79917469051,0.8127822399139397
-0.17458596973865204,0.6036863823933978,0.4523081155433287,0.025158184319119647,0.12076753782668537,0.299414030261348,0.6630839064649243,0.9116286107290235,1.3051554332874828,26802.79917469051,0.8168150901794462
-0.12458596973865199,0.6036863823933978,0.4423081155433287,0.015158184319119639,0.12076753782668537,0.299414030261348,0.6430839064649243,0.8916286107290234,1.2851554332874828,26279.79917469051,0.8168150901794462
-0.134585969738652,0.6236863823933976,0.47230811554332874,-0.014841815680880333,0.13076753782668538,0.309414030261348,0.6130839064649243,0.9216286107290235,1.2951554332874828,25768.79917469051,0.8218385696411161
-0.134585969738652,0.6136863823933976,0.46230811554332873,-0.004841815680880324,0.12076753782668537,0.279414030261348,0.5730839064649242,0.9516286107290235,1.3151554332874829,25911.79917469051,0.8254479885101276
-0.10458596973865197,0.6536863823933976,0.47230811554332874,-0.07484181568088033,0.14076753782668538,0.249414030261348,0.6030839064649243,0.9316286107290235,1.2851554332874828,26198.79917469051,0.8287147998809807
-0.04458596973865203,0.6536863823933976,0.4423081155433287,-0.03484181568088035,0.13076753782668538,0.249414030261348,0.6230839064649243,0.9116286107290235,1.2851554332874828,26105.79917469051,0.8329510211944573
-0.03458596973865202,0.6336863823933976,0.4423081155433287,-0.08484181568088034,0.14076753782668538,0.25941403026134796,0.6330839064649243,0.8716286107290234,1.2851554332874828,26184.79917469051,0.8329510211944573
-0.004585969738651996,0.6136863823933976,0.5123081155433288,-0.13484181568088033,0.1507675378266854,0.179414030261348,0.6030839064649243,0.8516286107290234,1.3251554332874829,26467.79917469051,0.8383087635040276
0.015414030261348022,0.6336863823933976,0.4523081155433287,-0.13484181568088033,0.1607675378266854,0.20941403026134797,0.6130839064649243,0.8416286107290234,1.2751554332874828,26336.79917469051,0.8418619155883782
0.015414030261348022,0.6236863823933976,0.5323081155433288,-0.13484181568088033,0.1507675378266854,0.169414030261348,0.5730839064649242,0.9016286107290234,1.2851554332874828,26501.79917469051,0.8451830863952594
0.05541403026134806,0.6136863823933976,0.5423081155433286,-0.10484181568088036,0.1607675378266854,0.20941403026134797,0.5730839064649242,0.8416286107290234,1.2651554332874828,26786.79917469051,0.8458618640899651
0.05541403026134806,0.6036863823933978,0.6023081155433286,-0.11484181568088031,0.1607675378266854,0.179414030261348,0.6230839064649243,0.8716286107290234,1.2051554332874828,26865.79917469051,0.8498625278472893
0.06541403026134796,0.6036863823933978,0.6223081155433287,-0.11484181568088031,0.1507675378266854,0.20941403026134797,0.6130839064649243,0.8516286107290234,1.2151554332874828,26442.79917469051,0.8538622379302971
0.115414030261348,0.5636863823933977,0.6823081155433287,-0.11484181568088031,0.1607675378266854,0.14941403026134797,0.6330839064649243,0.8416286107290234,1.185155433287483,26465.79917469051,0.857570838928222
0.10541403026134799,0.5636863823933977,0.6823081155433287,-0.10484181568088036,0.1607675378266854,0.239414030261348,0.5830839064649243,0.8416286107290234,1.2351554332874828,26570.79917469051,0.8584107875823968
0.13541403026134802,0.5836863823933978,0.7023081155433287,-0.06484181568088032,0.13076753782668538,0.229414030261348,0.5230839064649242,0.8516286107290234,1.185155433287483,26247.79917469051,0.8627256870269768
0.17541403026134805,0.5936863823933978,0.7323081155433288,-0.09484181568088035,0.1507675378266854,0.279414030261348,0.4730839064649244,0.8616286107290234,1.165155433287483,25556.79917469051,0.8660602092742877
0.16541403026134804,0.5836863823933978,0.6823081155433287,-0.09484181568088035,0.14076753782668538,0.279414030261348,0.44308390646492435,0.8716286107290234,1.175155433287483,25779.79917469051,0.8693065166473382
0.18541403026134806,0.5836863823933978,0.6723081155433287,-0.08484181568088034,0.1607675378266854,0.21941403026134798,0.46308390646492437,0.8416286107290234,1.155155433287483,26376.79917469051,0.870363664627078
0.19541403026134807,0.5736863823933978,0.6923081155433287,-0.05484181568088031,0.14076753782668538,0.249414030261348,0.4130839064649243,0.8216286107290234,1.175155433287483,25959.79917469051,0.8738679409027128
0.19541403026134807,0.5736863823933978,0.7023081155433287,-0.10484181568088036,0.1607675378266854,0.169414030261348,0.43308390646492434,0.7916286107290236,1.165155433287483,25844.79917469051,0.8783547401428216
0.20541403026134808,0.5636863823933977,0.7323081155433288,-0.06484181568088032,0.14076753782668538,0.229414030261348,0.3930839064649243,0.7616286107290235,1.105155433287483,26137.79917469051,0.8821691989898675
0.19541403026134807,0.5836863823933978,0.7523081155433288,-0.014841815680880333,0.13076753782668538,0.289414030261348,0.4030839064649243,0.7416286107290235,1.115155433287483,25954.79917469051,0.8832239627838128
0.19541403026134807,0.5536863823933977,0.7923081155433286,-0.03484181568088035,0.1607675378266854,0.26941403026134797,0.3030839064649242,0.6916286107290235,1.155155433287483,25593.79917469051,0.8866538524627678
0.16541403026134804,0.5336863823933977,0.8423081155433286,-0.014841815680880333,0.1707675378266854,0.289414030261348,0.3030839064649242,0.7216286107290235,1.105155433287483,25224.79917469051,0.8906538009643583
0.14541403026134803,0.5636863823933977,0.7823081155433288,-0.02484181568088034,0.1607675378266854,0.25941403026134796,0.32308390646492424,0.6616286107290235,1.0851554332874829,25539.79917469051,0.8946535110473661
0.16541403026134804,0.6036863823933978,0.8023081155433286,-0.004841815680880324,0.14076753782668538,0.33941403026134803,0.2730839064649243,0.6716286107290235,1.0951554332874829,25154.79917469051,0.8946535110473661
0.125414030261348,0.5736863823933978,0.8523081155433286,0.015158184319119639,0.14076753782668538,0.419414030261348,0.2830839064649243,0.6316286107290234,1.115155433287483,24883.79917469051,0.898754549026485
0.09541403026134798,0.5836863823933978,0.8923081155433287,-0.004841815680880324,0.1707675378266854,0.429414030261348,0.2730839064649243,0.6316286107290234,1.0651554332874829,25072.79917469051,0.9031459808349602
0.08541403026134797,0.5436863823933977,0.9623081155433287,0.005158184319119685,0.1507675378266854,0.419414030261348,0.2630839064649243,0.6016286107290234,1.0851554332874829,25017.79917469051,0.906338167190551
0.115414030261348,0.4936863823933977,0.9723081155433287,0.035158184319119656,0.1607675378266854,0.47941403026134793,0.20308390646492425,0.6116286107290234,1.0251554332874828,24408.79917469051,0.910888862609859
0.15541403026134804,0.5136863823933977,0.9123081155433287,0.035158184319119656,0.1607675378266854,0.46941403026134804,0.19308390646492424,0.5816286107290234,1.0251554332874828,24689.79917469051,0.9118136882781975
0.14541403026134803,0.5136863823933977,0.9523081155433287,0.025158184319119647,0.1607675378266854,0.5194140302613479,0.21308390646492426,0.5216286107290236,1.0351554332874828,24336.79917469051,0.9158129215240471
0.19541403026134807,0.44368638239339764,1.0023081155433289,0.055158184319119674,0.1907675378266852,0.5294140302613479,0.18308390646492423,0.5216286107290236,1.0251554332874828,24743.79917469051,0.9190854549407952
0.19541403026134807,0.4036863823933976,0.9823081155433288,0.055158184319119674,0.18076753782668542,0.559414030261348,0.19308390646492424,0.5116286107290235,0.9651554332874828,24526.79917469051,0.9230820655822782
0.19541403026134807,0.4036863823933976,0.9723081155433287,0.08515818431911965,0.18076753782668542,0.599414030261348,0.22308390646492426,0.42162861072902347,0.9551554332874828,24567.79917469051,0.9230820655822782
0.2154140302613481,0.3936863823933976,0.9023081155433287,0.09515818431911965,0.1707675378266854,0.579414030261348,0.18308390646492423,0.42162861072902347,0.915155433287483,24380.79917469051,0.9274050712585442
0.2554140302613479,0.4036863823933976,0.9023081155433287,0.10515818431911966,0.18076753782668542,0.599414030261348,0.16308390646492432,0.4316286107290235,0.9051554332874829,24307.79917469051,0.9319197654724078
0.2354140302613481,0.3536863823933978,0.9523081155433287,0.12515818431911968,0.18076753782668542,0.619414030261348,0.17308390646492433,0.4416286107290235,0.915155433287483,24768.79917469051,0.9346916198730462
0.2354140302613481,0.34368638239339777,0.9023081155433287,0.1451581843191197,0.18076753782668542,0.619414030261348,0.1530839064649243,0.4416286107290235,0.8651554332874829,24941.79917469051,0.9357368469238274
0.2554140302613479,0.33368638239339776,0.8723081155433287,0.1551581843191197,0.20076753782668522,0.619414030261348,0.1530839064649243,0.4316286107290235,0.8451554332874829,24906.79917469051,0.9391171455383294
0.2254140302613481,0.3836863823933976,0.8423081155433286,0.1551581843191197,0.21076753782668523,0.639414030261348,0.1530839064649243,0.42162861072902347,0.8551554332874829,24695.79917469051,0.944183301925662
0.14541403026134803,0.4136863823933976,0.8423081155433286,0.19515818431911963,0.22076753782668523,0.639414030261348,0.12308390646492429,0.39162861072902344,0.8451554332874829,23982.79917469051,0.9476427555084221
0.115414030261348,0.3836863823933976,0.9223081155433287,0.17515818431911961,0.22076753782668523,0.649414030261348,0.16308390646492432,0.42162861072902347,0.8251554332874829,23763.79917469051,0.9483711242675774
0.06541403026134796,0.4036863823933976,0.8723081155433287,0.16515818431911972,0.24076753782668525,0.659414030261348,0.1330839064649243,0.3716286107290234,0.8451554332874829,23792.79917469051,0.9513408660888665
0.04541403026134805,0.36368638239339757,0.9123081155433287,0.19515818431911963,0.25076753782668526,0.659414030261348,0.16308390646492432,0.3316286107290235,0.8651554332874829,23931.79917469051,0.956997108459472
0.02541403026134803,0.34368638239339777,0.9123081155433287,0.24515818431911968,0.24076753782668525,0.669414030261348,0.1530839064649243,0.3316286107290235,0.8751554332874829,23144.79917469051,0.9599682807922356
0.03541403026134804,0.3836863823933976,0.8723081155433287,0.2651581843191197,0.26076753782668527,0.649414030261348,0.16308390646492432,0.3116286107290235,0.8051554332874828,22957.79917469051,0.9599682807922356
0.005414030261348013,0.3536863823933978,0.8523081155433286,0.2651581843191197,0.26076753782668527,0.6894140302613481,0.18308390646492423,0.29162861072902346,0.7751554332874828,23292.79917469051,0.964983415603637
0.03541403026134804,0.3836863823933976,0.8423081155433286,0.24515818431911968,0.2807675378266853,0.6994140302613481,0.20308390646492425,0.27162861072902345,0.7451554332874828,23229.79917469051,0.9690057754516594
0.04541403026134805,0.32368638239339775,0.8023081155433286,0.22515818431911966,0.3007675378266853,0.6894140302613481,0.1530839064649243,0.30162861072902347,0.7651554332874828,23388.79917469051,0.9720856666564934
0.115414030261348,0.2936863823933977,0.7423081155433288,0.23515818431911967,0.3207675378266853,0.7194140302613481,0.1530839064649243,0.3116286107290235,0.7151554332874828,23503.79917469051,0.9720856666564934
0.09541403026134798,0.2736863823933977,0.7223081155433287,0.2751581843191197,0.3207675378266853,0.659414030261348,0.17308390646492433,0.29162861072902346,0.7051554332874828,23232.79917469051,0.9766773700714104
0.08541403026134797,0.30368638239339774,0.7323081155433288,0.22515818431911966,0.3207675378266853,0.6994140302613481,0.17308390646492433,0.30162861072902347,0.6851554332874827,22717.79917469051,0.9806820869445794
0.05541403026134806,0.2936863823933977,0.6923081155433287,0.2551581843191197,0.34076753782668534,0.7394140302613479,0.19308390646492424,0.29162861072902346,0.6951554332874827,22398.79917469051,0.9846829891204862
0.06541403026134796,0.33368638239339776,0.6623081155433287,0.2851581843191197,0.35076753782668535,0.7194140302613481,0.18308390646492423,0.24162861072902342,0.7351554332874828,22341.79917469051,0.9856826782226555
0.02541403026134803,0.31368638239339774,0.6423081155433287,0.2551581843191197,0.3907675378266854,0.7394140302613479,0.18308390646492423,0.2216286107290235,0.7151554332874828,22576.79917469051,0.9882819175720208
0.05541403026134806,0.34368638239339777,0.6423081155433287,0.2651581843191197,0.4007675378266854,0.7294140302613479,0.16308390646492432,0.2016286107290235,0.7151554332874828,22385.79917469051,0.9937271595001214
-0.03458596973865202,0.3536863823933978,0.5623081155433286,0.22515818431911966,0.4307675378266854,0.7494140302613479,0.17308390646492433,0.2016286107290235,0.7351554332874828,22174.79917469051,0.9969286441802971
-0.04458596973865203,0.2936863823933977,0.6223081155433287,0.2651581843191197,0.4207675378266854,0.7594140302613479,0.16308390646492432,0.2016286107290235,0.6951554332874827,22255.79917469051,1.0009381294250481
-0.07458596973865195,0.2836863823933977,0.6323081155433287,0.2751581843191197,0.4207675378266854,0.7694140302613479,0.19308390646492424,0.2116286107290235,0.7151554332874828,22582.79917469051,1.0019778728485136
-0.05458596973865204,0.2536863823933977,0.5723081155433286,0.2651581843191197,0.4207675378266854,0.7994140302613479,0.19308390646492424,0.2016286107290235,0.6951554332874827,22695.79917469051,1.0044407367706292
-0.024585969738652014,0.21368638239339766,0.5423081155433286,0.2951581843191196,0.4307675378266854,0.809414030261348,0.17308390646492433,0.2116286107290235,0.6951554332874827,22208.79917469051,1.0095071315765374
-0.04458596973865203,0.20368638239339765,0.5323081155433288,0.2751581843191197,0.4507675378266852,0.819414030261348,0.1430839064649243,0.2216286107290235,0.6651554332874827,21921.79917469051,1.0130140304565423
-0.03458596973865202,0.22368638239339766,0.5623081155433286,0.3051581843191196,0.4407675378266852,0.829414030261348,0.18308390646492423,0.23162861072902352,0.6351554332874829,22170.79917469051,1.0140196800231962
-0.04458596973865203,0.22368638239339766,0.5123081155433288,0.2751581843191197,0.48076753782668524,0.829414030261348,0.1430839064649243,0.2016286107290235,0.6451554332874827,22799.79917469051,1.0181602954864495
-0.024585969738652014,0.22368638239339766,0.4423081155433287,0.2951581843191196,0.47076753782668523,0.849414030261348,0.18308390646492423,0.17162861072902347,0.6551554332874827,22654.79917469051,1.02116150856018
-0.004585969738651996,0.18368638239339763,0.47230811554332874,0.2951581843191196,0.5107675378266853,0.859414030261348,0.18308390646492423,0.18162861072902348,0.5751554332874829,22953.79917469051,1.0252336978912382
0.02541403026134803,0.13368638239339758,0.46230811554332873,0.3051581843191196,0.5207675378266853,0.829414030261348,0.1430839064649243,0.14162861072902344,0.6051554332874829,23304.79917469051,1.0262784481048577
-0.004585969738651996,0.1536863823933976,0.4423081155433287,0.3051581843191196,0.5607675378266853,0.839414030261348,0.1530839064649243,0.12162861072902342,0.5551554332874828,23401.79917469051,1.029577445983886
-0.05458596973865204,0.1536863823933976,0.4523081155433287,0.2851581843191197,0.5407675378266853,0.849414030261348,0.16308390646492432,0.12162861072902342,0.5651554332874829,23006.79917469051,1.0341641426086419
-0.014585969738652005,0.12368638239339758,0.4523081155433287,0.3051581843191196,0.5707675378266853,0.839414030261348,0.1530839064649243,0.12162861072902342,0.5251554332874828,23151.79917469051,1.0381814956665032
-0.03458596973865202,0.10368638239339778,0.4523081155433287,0.2951581843191196,0.5707675378266853,0.869414030261348,0.1430839064649243,0.12162861072902342,0.5451554332874828,23380.79917469051,1.0381814956665032
-0.05458596973865204,0.06368638239339774,0.4423081155433287,0.2851581843191197,0.6107675378266854,0.869414030261348,0.09308390646492426,0.07162861072902349,0.49515543328748285,23375.79917469051,1.0421843051910393
-0.06458596973865194,0.04368638239339773,0.4523081155433287,0.2951581843191196,0.6007675378266853,0.869414030261348,0.11308390646492428,0.0816286107290235,0.5151554332874828,23868.79917469051,1.0459556102752678
-0.04458596973865203,0.08368638239339776,0.4423081155433287,0.2851581843191197,0.6307675378266854,0.849414030261348,0.10308390646492427,0.011628610729023436,0.47515543328748283,23507.79917469051,1.0503158092498772
-0.05458596973865204,0.0036863823933976914,0.4123081155433287,0.2751581843191197,0.6307675378266854,0.869414030261348,0.11308390646492428,0.0016286107290234275,0.49515543328748285,23714.79917469051,1.0513276576995843
-0.05458596973865204,0.0136863823933977,0.4123081155433287,0.3151581843191196,0.6607675378266854,0.889414030261348,0.06308390646492423,-0.048371389270976506,0.47515543328748283,24031.79917469051,1.054747533798217
-0.03458596973865202,-0.026313617606602335,0.36230811554332865,0.35515818431911966,0.6607675378266854,0.909414030261348,0.043083906464924326,-0.058371389270976515,0.4551554332874828,24268.79917469051,1.0590936660766594
-0.04458596973865203,-0.04631361760660235,0.36230811554332865,0.33515818431911965,0.6407675378266854,0.9494140302613479,0.06308390646492423,0.0016286107290234275,0.4151554332874828,24329.79917469051,1.0625025749206536
-0.03458596973865202,-0.036313617606602344,0.34230811554332874,0.32515818431911964,0.6807675378266854,0.9694140302613479,0.09308390646492426,-0.008371389270976581,0.36515543328748284,24270.79917469051,1.0635430335998528
-0.024585969738652014,-0.04631361760660235,0.38230811554332866,0.34515818431911965,0.6707675378266854,0.9894140302613479,0.08308390646492425,-0.0383713892709765,0.39515543328748276,24167.79917469051,1.0665616512298577
-0.004585969738651996,-0.1063136176066023,0.35230811554332864,0.34515818431911965,0.6907675378266852,0.9994140302613479,0.053083906464924224,-0.048371389270976506,0.4151554332874828,24778.79917469051,1.0715445995330803
-0.03458596973865202,-0.05631361760660236,0.3023081155433287,0.3751581843191197,0.6607675378266854,1.019414030261348,0.02308390646492431,-0.058371389270976515,0.40515543328748277,25441.79917469051,1.0755617141723661
-0.03458596973865202,-0.036313617606602344,0.33230811554332873,0.4151581843191197,0.6507675378266854,0.9994140302613479,0.03308390646492432,-0.08837138927097654,0.40515543328748277,25614.79917469051,1.0791086673736565
-0.04458596973865203,-0.07631361760660238,0.2923081155433287,0.4351581843191196,0.6407675378266854,1.039414030261348,0.053083906464924224,-0.08837138927097654,0.37515543328748285,25587.79917469051,1.0801195621490471
-0.06458596973865194,-0.08631361760660228,0.26230811554332867,0.46515818431911965,0.6107675378266854,1.059414030261348,0.06308390646492423,-0.06837138927097652,0.35515543328748284,26002.79917469051,1.0834283351898222
-0.08458596973865196,-0.08631361760660228,0.2723081155433287,0.47515818431911966,0.5907675378266853,1.069414030261348,0.0130839064649243,-0.0383713892709765,0.40515543328748277,25937.79917469051,1.0869767189025872
-0.10458596973865197,-0.036313617606602344,0.25230811554332866,0.44515818431911963,0.5807675378266853,1.109414030261348,-0.006916093535075718,-0.09837138927097655,0.36515543328748284,26112.79917469051,1.0910925388336175
-0.15458596973865202,-0.036313617606602344,0.2823081155433287,0.4151581843191197,0.6307675378266854,1.129414030261348,-0.036916093535075745,-0.058371389270976515,0.36515543328748284,26617.79917469051,1.092144203186038
-0.15458596973865202,-0.06631361760660237,0.3023081155433287,0.3751581843191197,0.6407675378266854,1.119414030261348,-0.016916093535075727,-0.06837138927097652,0.3351554332874828,26746.79917469051,1.0957479000091581
-0.15458596973865202,-0.05631361760660236,0.25230811554332866,0.3951581843191197,0.6407675378266854,1.129414030261348,0.0130839064649243,-0.06837138927097652,0.37515543328748285,26729.79917469051,1.1000833034515374
-0.17458596973865204,-0.08631361760660228,0.19230811554332872,0.36515818431911967,0.6607675378266854,1.149414030261348,-0.06691609353507577,-0.12837138927097652,0.3151554332874828,26766.79917469051,1.103643369674682
-0.15458596973865202,-0.07631361760660238,0.25230811554332866,0.3951581843191197,0.6707675378266854,1.1694140302613478,-0.006916093535075718,-0.09837138927097655,0.3351554332874828,26233.79917469051,1.1046142101287835
-0.17458596973865204,-0.07631361760660238,0.1723081155433287,0.3951581843191197,0.6607675378266854,1.1694140302613478,-0.09691609353507569,-0.008371389270976581,0.3451554332874828,26456.79917469051,1.1076206684112542
-0.16458596973865203,-0.05631361760660236,0.15230811554332868,0.3951581843191197,0.6807675378266854,1.149414030261348,-0.07691609353507567,-0.048371389270976506,0.38515543328748286,26671.79917469051,1.1120390415191643
-0.144585969738652,-0.09631361760660229,0.09230811554332874,0.4351581843191196,0.6807675378266854,1.149414030261348,-0.06691609353507577,-0.0383713892709765,0.35515543328748284,26790.79917469051,1.1155545234680169
-0.16458596973865203,-0.1263136176066023,0.1723081155433287,0.46515818431911965,0.6907675378266852,1.119414030261348,-0.06691609353507577,-0.06837138927097652,0.3251554332874828,26639.79917469051,1.1165666103362994
-0.134585969738652,-0.18631361760660237,0.15230811554332868,0.5251581843191198,0.6207675378266854,1.119414030261348,-0.036916093535075745,0.0016286107290234275,0.36515543328748284,26592.79917469051,1.1193940162658684
-0.12458596973865199,-0.20631361760660227,0.13230811554332866,0.5651581843191196,0.6207675378266854,1.109414030261348,-0.09691609353507569,-0.008371389270976581,0.3451554332874828,27265.79917469051,1.124442529678344
-0.10458596973865197,-0.18631361760660237,0.11230811554332865,0.5951581843191196,0.6007675378266853,1.089414030261348,-0.08691609353507568,-0.028371389270976488,0.4151554332874828,27308.79917469051,1.128002357482913
-0.17458596973865204,-0.17631361760660236,0.15230811554332868,0.6251581843191196,0.6107675378266854,1.069414030261348,-0.09691609353507569,-0.0383713892709765,0.35515543328748284,27287.79917469051,1.1290781021118157
-0.12458596973865199,-0.20631361760660227,0.15230811554332868,0.6351581843191196,0.6207675378266854,1.089414030261348,-0.1069160935350757,-0.0383713892709765,0.37515543328748285,27188.79917469051,1.132380676269527
-0.17458596973865204,-0.21631361760660228,0.15230811554332868,0.6251581843191196,0.5807675378266853,1.099414030261348,-0.09691609353507569,-0.008371389270976581,0.39515543328748276,26857.79917469051,1.1366080760955803
-0.15458596973865202,-0.2263136176066023,0.13230811554332866,0.6451581843191196,0.6007675378266853,1.079414030261348,-0.1169160935350757,0.021628610729023445,0.39515543328748276,26570.79917469051,1.1406020641326897
-0.17458596973865204,-0.2363136176066023,0.13230811554332866,0.6451581843191196,0.6107675378266854,1.069414030261348,-0.07691609353507567,0.05162861072902347,0.38515543328748286,26873.79917469051,1.1406020641326897
-0.22458596973865197,-0.19631361760660238,0.10230811554332864,0.6451581843191196,0.6207675378266854,1.069414030261348,-0.1169160935350757,0.09162861072902351,0.39515543328748276,26706.79917469051,1.1450242519378655
-0.264585969738652,-0.19631361760660238,0.12230811554332865,0.6451581843191196,0.6307675378266854,1.059414030261348,-0.09691609353507569,0.05162861072902347,0.37515543328748285,26437.79917469051,1.1484622478485136
-0.254585969738652,-0.18631361760660237,0.13230811554332866,0.6251581843191196,0.6607675378266854,1.079414030261348,-0.1269160935350757,0.06162861072902348,0.38515543328748286,25934.79917469051,1.153476190567016
-0.244585969738652,-0.21631361760660228,0.14230811554332867,0.5851581843191196,0.6607675378266854,1.109414030261348,-0.13691609353507572,0.10162861072902352,0.37515543328748285,26295.79917469051,1.1569647312164335
-0.22458596973865197,-0.27631361760660234,0.13230811554332866,0.5751581843191196,0.7007675378266852,1.129414030261348,-0.09691609353507569,0.05162861072902347,0.37515543328748285,26420.79917469051,1.1569647312164335
-0.22458596973865197,-0.2663136176066023,0.13230811554332866,0.5651581843191196,0.6607675378266854,1.159414030261348,-0.1169160935350757,0.07162861072902349,0.40515543328748277,26209.79917469051,1.1616606235504143
-0.19458596973865194,-0.28631361760660234,0.15230811554332868,0.5651581843191196,0.6607675378266854,1.1794140302613478,-0.09691609353507569,0.0816286107290235,0.35515543328748284,25998.79917469051,1.1647309780120843
-0.17458596973865204,-0.29631361760660235,0.15230811554332868,0.5551581843191196,0.6507675378266854,1.129414030261348,-0.1269160935350757,0.13162861072902343,0.37515543328748285,25367.79917469051,1.168917131423953
-0.17458596973865204,-0.28631361760660234,0.12230811554332865,0.5951581843191196,0.6707675378266854,1.099414030261348,-0.05691609353507576,0.13162861072902343,0.3451554332874828,25682.79917469051,1.1702131748199456
-0.16458596973865203,-0.30631361760660236,0.11230811554332865,0.6051581843191196,0.6407675378266854,1.099414030261348,-0.08691609353507568,0.16162861072902346,0.38515543328748286,25617.79917469051,1.1725623130798368
-0.20458596973865195,-0.28631361760660234,0.08230811554332873,0.6251581843191196,0.6507675378266854,1.089414030261348,-0.1069160935350757,0.18162861072902348,0.3451554332874828,25506.79917469051,1.1775774478912382
-0.21458596973865196,-0.27631361760660234,0.07230811554332872,0.5751581843191196,0.6507675378266854,1.149414030261348,-0.1169160935350757,0.15162861072902345,0.2551554332874828,25357.79917469051,1.181576204299926
-0.18458596973865204,-0.28631361760660234,0.052308115543328704,0.6151581843191196,0.6407675378266854,1.159414030261348,-0.13691609353507572,0.13162861072902343,0.2651554332874828,24622.79917469051,1.181576204299926
-0.16458596973865203,-0.28631361760660234,0.08230811554332873,0.6451581843191196,0.6507675378266854,1.149414030261348,-0.19691609353507572,0.17162861072902347,0.2451554332874828,23331.79917469051,1.186620903015136
-0.20458596973865195,-0.27631361760660234,0.09230811554332874,0.6651581843191197,0.6107675378266854,1.2094140302613479,-0.09691609353507569,0.2116286107290235,0.2751554332874828,21374.79917469051,1.190057706832885
-0.22458596973865197,-0.29631361760660235,0.06230811554332871,0.6451581843191196,0.6107675378266854,1.1894140302613478,-0.09691609353507569,0.2516286107290234,0.28515543328748283,21303.79917469051,1.1937448501586871
-0.19458596973865194,-0.3263136176066024,0.07230811554332872,0.6251581843191196,0.6207675378266854,1.2394140302613479,-0.046916093535075754,0.27162861072902345,0.3151554332874828,21238.79917469051,1.1948241710662835
-0.254585969738652,-0.28631361760660234,0.07230811554332872,0.5751581843191196,0.6507675378266854,1.2394140302613479,-0.08691609353507568,0.3316286107290235,0.3351554332874828,20923.79917469051,1.197873544692996
-0.22458596973865197,-0.30631361760660236,0.032308115543328686,0.5851581843191196,0.6507675378266854,1.1694140302613478,-0.07691609353507567,0.3116286107290235,0.35515543328748284,21028.79917469051,1.201957178115844
-0.20458596973865195,-0.30631361760660236,0.012308115543328668,0.5751581843191196,0.6607675378266854,1.1694140302613478,-0.016916093535075727,0.29162861072902346,0.38515543328748286,21075.79917469051,1.2060601234436064
-0.284585969738652,-0.29631361760660235,0.012308115543328668,0.5351581843191198,0.6607675378266854,1.149414030261348,-0.016916093535075727,0.3216286107290235,0.4151554332874828,21070.79917469051,1.2070662498474078
-0.21458596973865196,-0.2363136176066023,0.032308115543328686,0.5351581843191198,0.6707675378266854,1.1694140302613478,-0.016916093535075727,0.29162861072902346,0.4451554332874828,20673.79917469051,1.2100669860839837
-0.23458596973865198,-0.21631361760660228,0.06230811554332871,0.5651581843191196,0.7307675378266852,1.059414030261348,0.0130839064649243,0.30162861072902347,0.4551554332874828,20256.79917469051,1.2140666961669915
-0.22458596973865197,-0.21631361760660228,0.06230811554332871,0.5451581843191196,0.7007675378266852,1.059414030261348,0.043083906464924326,0.3216286107290235,0.49515543328748285,19995.79917469051,1.218031597137447
-0.254585969738652,-0.2363136176066023,0.09230811554332874,0.5351581843191198,0.6807675378266854,1.049414030261348,0.02308390646492431,0.3116286107290235,0.49515543328748285,19604.79917469051,1.218031597137447
-0.284585969738652,-0.2363136176066023,0.08230811554332873,0.6051581843191196,0.6907675378266852,0.9794140302613479,0.043083906464924326,0.3516286107290235,0.5151554332874828,19511.79917469051,1.2217623710632317
-0.23458596973865198,-0.2363136176066023,0.10230811554332864,0.5651581843191196,0.6807675378266854,0.9794140302613479,0.053083906464924224,0.38162861072902343,0.5151554332874828,19440.79917469051,1.226192665100097
-0.254585969738652,-0.2363136176066023,0.06230811554332871,0.5651581843191196,0.6607675378266854,0.9794140302613479,0.06308390646492423,0.41162861072902346,0.5551554332874828,19311.79917469051,1.230204772949218
-0.264585969738652,-0.2463136176066023,0.10230811554332864,0.5251581843191198,0.6907675378266852,1.009414030261348,0.053083906464924224,0.38162861072902343,0.5751554332874829,19372.79917469051,1.2337936878204374
-0.274585969738652,-0.2363136176066023,0.07230811554332872,0.48515818431911967,0.6707675378266854,1.019414030261348,0.06308390646492423,0.42162861072902347,0.5751554332874829,19019.79917469051,1.2348334312438958
-0.264585969738652,-0.2663136176066023,0.07230811554332872,0.46515818431911965,0.7007675378266852,0.9994140302613479,0.07308390646492424,0.3516286107290235,0.5751554332874829,18316.79917469051,1.2379905700683551
-0.254585969738652,-0.28631361760660234,0.08230811554332873,0.48515818431911967,0.6907675378266852,0.9694140302613479,0.06308390646492423,0.40162861072902345,0.6351554332874829,18487.79917469051,1.2429887771606438
-0.254585969738652,-0.2363136176066023,0.06230811554332871,0.5051581843191197,0.7307675378266852,0.9294140302613478,0.10308390646492427,0.3616286107290234,0.6151554332874829,18158.79917469051,1.2469887256622343
-0.29458596973865203,-0.2363136176066023,0.10230811554332864,0.44515818431911963,0.7607675378266853,0.839414030261348,0.12308390646492429,0.42162861072902347,0.6351554332874829,17569.79917469051,1.2469887256622343
-0.284585969738652,-0.2463136176066023,0.10230811554332864,0.45515818431911964,0.7207675378266852,0.839414030261348,0.10308390646492427,0.41162861072902346,0.6551554332874827,17456.79917469051,1.2509889125823968
-0.32458596973865195,-0.18631361760660237,0.07230811554332872,0.4351581843191196,0.7107675378266852,0.849414030261348,0.09308390646492426,0.4316286107290235,0.6951554332874827,17341.79917469051,1.254593086242675
-0.32458596973865195,-0.20631361760660227,0.07230811554332872,0.3851581843191197,0.7107675378266852,0.839414030261348,0.1530839064649243,0.4516286107290235,0.6851554332874827,16888.79917469051,1.2588757991790764
-0.364585969738652,-0.18631361760660237,0.022308115543328677,0.3851581843191197,0.6707675378266854,0.869414030261348,0.1530839064649243,0.4616286107290235,0.6651554332874827,16375.79917469051,1.2599339008331256
-0.34458596973865196,-0.2463136176066023,0.10230811554332864,0.4151581843191197,0.6807675378266854,0.819414030261348,0.17308390646492433,0.4716286107290235,0.6651554332874827,16058.79917469051,1.262926769256591
-0.364585969738652,-0.20631361760660227,0.10230811554332864,0.3851581843191197,0.6607675378266854,0.829414030261348,0.18308390646492423,0.4716286107290235,0.6851554332874827,16159.79917469051,1.266927909851077
-0.354585969738652,-0.18631361760660237,0.09230811554332874,0.3751581843191197,0.6407675378266854,0.829414030261348,0.19308390646492424,0.49162861072902353,0.7051554332874828,15644.79917469051,1.2711128711700432
-0.374585969738652,-0.17631361760660236,0.10230811554332864,0.33515818431911965,0.6507675378266854,0.829414030261348,0.22308390646492426,0.5016286107290235,0.6951554332874827,15513.79917469051,1.2721447467803983
-0.374585969738652,-0.16631361760660235,0.12230811554332865,0.33515818431911965,0.6407675378266854,0.809414030261348,0.22308390646492426,0.5016286107290235,0.7351554332874828,15938.79917469051,1.274513912200927
-0.384585969738652,-0.13631361760660232,0.10230811554332864,0.32515818431911964,0.6507675378266854,0.809414030261348,0.23308390646492427,0.5216286107290236,0.7251554332874828,15677.79917469051,1.279668760299682
-0.364585969738652,-0.1263136176066023,0.07230811554332872,0.3051581843191196,0.6607675378266854,0.7794140302613479,0.21308390646492426,0.49162861072902353,0.7751554332874828,15920.79917469051,1.283934307098388
-0.32458596973865195,-0.14631361760660233,0.08230811554332873,0.2951581843191196,0.6407675378266854,0.7894140302613479,0.24308390646492428,0.5116286107290235,0.7751554332874828,15161.79917469051,1.283934307098388
-0.354585969738652,-0.1163136176066023,0.07230811554332872,0.24515818431911968,0.6307675378266854,0.7894140302613479,0.22308390646492426,0.5316286107290236,0.7851554332874828,14410.79917469051,1.2879344940185575
-0.31458596973865194,-0.1263136176066023,0.09230811554332874,0.22515818431911966,0.6207675378266854,0.7494140302613479,0.22308390646492426,0.5316286107290236,0.8151554332874829,14147.79917469051,1.2916948318481438
-0.33458596973865196,-0.13631361760660232,0.09230811554332874,0.21515818431911965,0.6007675378266853,0.7394140302613479,0.2630839064649243,0.5216286107290236,0.8351554332874829,14254.79917469051,1.2965085029602044
-0.30458596973865204,-0.08631361760660228,0.10230811554332864,0.22515818431911966,0.6207675378266854,0.7094140302613481,0.2530839064649243,0.5716286107290234,0.8151554332874829,14123.79917469051,1.299862098693847
-0.32458596973865195,-0.1163136176066023,0.08230811554332873,0.22515818431911966,0.6307675378266854,0.6794140302613481,0.2630839064649243,0.5616286107290234,0.8351554332874829,13624.79917469051,1.3007816791534417
-0.32458596973865195,-0.07631361760660238,0.12230811554332865,0.21515818431911965,0.6107675378266854,0.6994140302613481,0.31308390646492423,0.5416286107290236,0.8351554332874829,13885.79917469051,1.3038596630096464
-0.274585969738652,-0.1063136176066023,0.09230811554332874,0.18515818431911962,0.6307675378266854,0.659414030261348,0.2930839064649243,0.5716286107290234,0.8351554332874829,14208.79917469051,1.3079363822937005
-0.264585969738652,-0.14631361760660233,0.042308115543328695,0.19515818431911963,0.6207675378266854,0.629414030261348,0.31308390646492423,0.5816286107290234,0.8351554332874829,14193.79917469051,1.3122717857360833
-0.264585969738652,-0.15631361760660234,0.042308115543328695,0.18515818431911962,0.6107675378266854,0.639414030261348,0.31308390646492423,0.5816286107290234,0.8351554332874829,14300.79917469051,1.3131155490875237
-0.284585969738652,-0.16631361760660235,0.052308115543328704,0.16515818431911972,0.6207675378266854,0.649414030261348,0.35308390646492427,0.6116286107290234,0.8151554332874829,13865.79917469051,1.316542339324954
-0.32458596973865195,-0.1163136176066023,0.032308115543328686,0.18515818431911962,0.6207675378266854,0.619414030261348,0.3730839064649243,0.6216286107290234,0.8151554332874829,13926.79917469051,1.3209199428558378
-0.30458596973865204,-0.13631361760660232,0.042308115543328695,0.1451581843191197,0.6407675378266854,0.609414030261348,0.3730839064649243,0.5916286107290234,0.8451554332874829,14093.79917469051,1.3250340938568073
-0.31458596973865194,-0.1163136176066023,0.08230811554332873,0.1351581843191197,0.5907675378266853,0.619414030261348,0.34308390646492426,0.6016286107290234,0.8451554332874829,14230.79917469051,1.326030921936038
-0.29458596973865203,-0.1163136176066023,0.12230811554332865,0.1451581843191197,0.5907675378266853,0.609414030261348,0.3830839064649243,0.6416286107290234,0.8551554332874829,14425.79917469051,1.3290223598480218
-0.32458596973865195,-0.1063136176066023,0.10230811554332864,0.11515818431911967,0.5707675378266853,0.609414030261348,0.4030839064649243,0.6416286107290234,0.8251554332874829,14356.79917469051,1.3330225467681878
-0.30458596973865204,-0.08631361760660228,0.11230811554332865,0.11515818431911967,0.5807675378266853,0.579414030261348,0.4130839064649243,0.6916286107290235,0.8951554332874829,14145.79917469051,1.3370482444763176
-0.274585969738652,-0.1063136176066023,0.13230811554332866,0.10515818431911966,0.5807675378266853,0.569414030261348,0.3830839064649243,0.7316286107290235,0.8851554332874829,14348.79917469051,1.3380472183227567
-0.29458596973865203,-0.1163136176066023,0.13230811554332866,0.11515818431911967,0.5607675378266853,0.569414030261348,0.4030839064649243,0.7216286107290235,0.9651554332874828,14179.79917469051,1.3405649185180657
-0.31458596973865194,-0.08631361760660228,0.11230811554332865,0.11515818431911967,0.5407675378266853,0.5394140302613479,0.3930839064649243,0.7216286107290235,0.935155433287483,14506.79917469051,1.3451201438903801
-0.31458596973865194,-0.08631361760660228,0.11230811554332865,0.11515818431911967,0.5607675378266853,0.5294140302613479,0.3930839064649243,0.7416286107290235,0.9951554332874828,14907.79917469051,1.3495501995086663
-0.31458596973865194,-0.08631361760660228,0.12230811554332865,0.12515818431911968,0.5707675378266853,0.5094140302613479,0.4130839064649243,0.7916286107290236,0.9751554332874828,14942.79917469051,1.3505572795867913
-0.29458596973865203,-0.06631361760660237,0.1623081155433287,0.10515818431911966,0.5607675378266853,0.5494140302613479,0.3930839064649243,0.7716286107290236,1.0151554332874828,14499.79917469051,1.353579950332641
-0.30458596973865204,-0.07631361760660238,0.15230811554332868,0.07515818431911964,0.5407675378266853,0.559414030261348,0.3830839064649243,0.8316286107290234,1.0251554332874828,14400.79917469051,1.3565487384796135
-0.29458596973865203,-0.1163136176066023,0.13230811554332866,0.055158184319119674,0.5307675378266853,0.5294140302613479,0.46308390646492437,0.8416286107290234,1.0751554332874829,14741.79917469051,1.3615576744079583
-0.284585969738652,-0.1163136176066023,0.12230811554332865,0.06515818431911968,0.5207675378266853,0.5394140302613479,0.3930839064649243,0.8416286107290234,1.0851554332874829,15076.79917469051,1.3615576744079583
-0.274585969738652,-0.08631361760660228,0.11230811554332865,0.06515818431911968,0.5107675378266853,0.5494140302613479,0.45308390646492436,0.8716286107290234,1.0851554332874829,15333.79917469051,1.365105581283565
-0.29458596973865203,-0.04631361760660235,0.10230811554332864,0.07515818431911964,0.4607675378266852,0.5494140302613479,0.4730839064649244,0.8616286107290234,1.0951554332874829,15602.79917469051,1.3701052188873284
-0.29458596973865203,-0.026313617606602335,0.10230811554332864,0.06515818431911968,0.4607675378266852,0.559414030261348,0.49308390646492417,0.8716286107290234,1.115155433287483,15307.79917469051,1.37348027229309
-0.29458596973865203,-0.036313617606602344,0.12230811554332865,0.06515818431911968,0.4607675378266852,0.5094140302613479,0.5030839064649242,0.8216286107290234,1.165155433287483,15234.79917469051,1.3775085926055937
-0.264585969738652,-0.016313617606602326,0.14230811554332867,0.07515818431911964,0.4407675378266852,0.5094140302613479,0.5030839064649242,0.8316286107290234,1.185155433287483,15557.79917469051,1.3775085926055937
-0.264585969738652,-0.026313617606602335,0.1723081155433287,0.06515818431911968,0.4407675378266852,0.48941403026134794,0.5030839064649242,0.8416286107290234,1.2051554332874828,16368.79917469051,1.381610584259036
-0.284585969738652,0.0036863823933976914,0.1723081155433287,0.08515818431911965,0.3907675378266854,0.49941403026134795,0.49308390646492417,0.8616286107290234,1.2251554332874828,16273.79917469051,1.3858627796173089
-0.264585969738652,-0.016313617606602326,0.1623081155433287,0.045158184319119665,0.37076753782668537,0.48941403026134794,0.5030839064649242,0.8716286107290234,1.2451554332874828,16786.79917469051,1.3900167465209954
-0.264585969738652,-0.026313617606602335,0.15230811554332868,0.06515818431911968,0.35076753782668535,0.46941403026134804,0.5230839064649242,0.8716286107290234,1.2451554332874828,16747.79917469051,1.3905951499938958
-0.29458596973865203,0.0036863823933976914,0.15230811554332868,0.045158184319119665,0.36076753782668536,0.46941403026134804,0.5330839064649242,0.8816286107290234,1.2751554332874828,16702.79917469051,1.3935679912567167
-0.30458596973865204,0.02368638239339771,0.1823081155433287,0.035158184319119656,0.36076753782668536,0.439414030261348,0.5230839064649242,0.9116286107290235,1.2551554332874828,16857.79917469051,1.397955131530761
-0.284585969738652,0.04368638239339773,0.1823081155433287,0.015158184319119639,0.34076753782668534,0.449414030261348,0.5530839064649242,0.9016286107290234,1.2551554332874828,17288.79917469051,1.4023468017578082
-0.29458596973865203,0.06368638239339774,0.21230811554332873,0.015158184319119639,0.34076753782668534,0.419414030261348,0.5530839064649242,0.8716286107290234,1.2851554332874828,17535.79917469051,1.4033560276031487
-0.29458596973865203,0.04368638239339773,0.21230811554332873,-0.03484181568088035,0.33076753782668533,0.409414030261348,0.5630839064649242,0.8816286107290234,1.3151554332874829,17310.79917469051,1.4063767910003655
-0.30458596973865204,0.03368638239339772,0.19230811554332872,-0.014841815680880333,0.3207675378266853,0.399414030261348,0.5330839064649242,0.8916286107290234,1.3251554332874829,17095.79917469051,1.4103447914123564
-0.254585969738652,0.03368638239339772,0.1823081155433287,-0.02484181568088034,0.33076753782668533,0.409414030261348,0.5330839064649242,0.8916286107290234,1.3251554332874829,17562.79917469051,1.4146737575530999
-0.264585969738652,0.02368638239339771,0.21230811554332873,-0.02484181568088034,0.34076753782668534,0.38941403026134797,0.5430839064649242,0.9016286107290234,1.2951554332874828,18167.79917469051,1.4157101631164544
-0.21458596973865196,0.053686382393397736,0.21230811554332873,-0.014841815680880333,0.33076753782668533,0.33941403026134803,0.5730839064649242,0.9216286107290235,1.2651554332874828,18492.79917469051,1.418704938888549
-0.254585969738652,0.06368638239339774,0.23230811554332864,-0.03484181568088035,0.33076753782668533,0.329414030261348,0.5830839064649243,0.9216286107290235,1.2551554332874828,18711.79917469051,1.4237203121185296
-0.254585969738652,0.09368638239339777,0.21230811554332873,-0.04484181568088036,0.3107675378266853,0.319414030261348,0.6130839064649243,0.9216286107290235,1.2251554332874828,19028.79917469051,1.4277204990386956
-0.23458596973865198,0.10368638239339778,0.19230811554332872,-0.04484181568088036,0.3007675378266853,0.34941403026134804,0.6330839064649243,0.9216286107290235,1.2251554332874828,18971.79917469051,1.4277204990386956
-0.20458596973865195,0.12368638239339758,0.23230811554332864,-0.05484181568088031,0.3107675378266853,0.289414030261348,0.6430839064649243,0.9516286107290235,1.2051554332874828,19226.79917469051,1.430749607086181
-0.20458596973865195,0.17368638239339762,0.19230811554332872,-0.04484181568088036,0.2907675378266853,0.289414030261348,0.6230839064649243,0.9716286107290235,1.195155433287483,19279.79917469051,1.4361094951629632
-0.19458596973865194,0.1536863823933976,0.20230811554332873,-0.05484181568088031,0.2807675378266853,0.319414030261348,0.6330839064649243,0.9616286107290235,1.2251554332874828,18848.79917469051,1.4396802902221673
-0.18458596973865204,0.19368638239339764,0.1623081155433287,-0.02484181568088034,0.2807675378266853,0.299414030261348,0.6330839064649243,0.9416286107290235,1.2451554332874828,18427.79917469051,1.443242979049682
-0.17458596973865204,0.21368638239339766,0.20230811554332873,-0.02484181568088034,0.2707675378266853,0.319414030261348,0.5730839064649242,0.9716286107290235,1.2351554332874828,19300.79917469051,1.443242979049682
-0.21458596973865196,0.23368638239339767,0.24230811554332865,-0.04484181568088036,0.24076753782668525,0.36941403026134795,0.5930839064649243,0.9516286107290235,1.2851554332874828,19425.79917469051,1.4473003864288358
-0.22458596973865197,0.2836863823933977,0.21230811554332873,-0.04484181568088036,0.25076753782668526,0.37941403026134796,0.6330839064649243,0.9816286107290235,1.2151554332874828,19440.79917469051,1.451312494277957
-0.22458596973865197,0.30368638239339774,0.24230811554332865,-0.04484181568088036,0.22076753782668523,0.34941403026134804,0.6630839064649243,0.9516286107290235,1.2451554332874828,19519.79917469051,1.4558608055114775
-0.254585969738652,0.34368638239339777,0.2723081155433287,-0.03484181568088035,0.23076753782668524,0.299414030261348,0.6230839064649243,0.9416286107290235,1.2451554332874828,19438.79917469051,1.4558608055114775
-0.29458596973865203,0.32368638239339775,0.3123081155433287,-0.03484181568088035,0.23076753782668524,0.329414030261348,0.6330839064649243,0.9716286107290235,1.2251554332874828,19337.79917469051,1.4598993778228753
-0.264585969738652,0.4136863823933976,0.3123081155433287,-0.06484181568088032,0.20076753782668522,0.329414030261348,0.6630839064649243,0.9316286107290235,1.2351554332874828,19322.79917469051,1.4638876438140862
-0.254585969738652,0.43368638239339763,0.3123081155433287,-0.014841815680880333,0.20076753782668522,0.299414030261348,0.6830839064649243,0.8916286107290234,1.2551554332874828,19699.79917469051,1.4678771018981962
-0.264585969738652,0.45368638239339765,0.34230811554332874,-0.06484181568088032,0.21076753782668523,0.289414030261348,0.6530839064649243,0.9216286107290235,1.2851554332874828,19804.79917469051,1.4689516544342034
-0.22458596973865197,0.44368638239339764,0.36230811554332865,-0.07484181568088033,0.20076753782668522,0.25941403026134796,0.6430839064649243,0.9116286107290235,1.2751554332874828,20097.79917469051,1.4718083858489983
-0.20458596973865195,0.45368638239339765,0.36230811554332865,-0.02484181568088034,0.1507675378266854,0.25941403026134796,0.6130839064649243,0.9416286107290235,1.2651554332874828,20724.79917469051,1.4768235206603997
-0.244585969738652,0.5036863823933977,0.36230811554332865,-0.06484181568088032,0.1507675378266854,0.26941403026134797,0.5930839064649243,0.9216286107290235,1.2851554332874828,20435.79917469051,1.4795443534851067
-0.23458596973865198,0.5636863823933977,0.36230811554332865,-0.07484181568088033,0.14076753782668538,0.229414030261348,0.6030839064649243,0.8916286107290234,1.3051554332874828,20762.79917469051,1.4806005477905266
-0.134585969738652,0.5836863823933978,0.36230811554332865,-0.06484181568088032,0.14076753782668538,0.21941403026134798,0.6130839064649243,0.8716286107290234,1.3151554332874829,20729.79917469051,1.4841780185699456
-0.20458596973865195,0.5936863823933978,0.4023081155433287,-0.06484181568088032,0.1607675378266854,0.179414030261348,0.5830839064649243,0.8716286107290234,1.355155433287483,20412.79917469051,1.488215160369876
-0.18458596973865204,0.5736863823933978,0.4223081155433287,-0.04484181568088036,0.1507675378266854,0.169414030261348,0.5330839064649242,0.8816286107290234,1.355155433287483,20639.79917469051,1.4932298183441155
-0.17458596973865204,0.5936863823933978,0.4423081155433287,-0.05484181568088031,0.1507675378266854,0.15941403026134798,0.5330839064649242,0.9116286107290235,1.3251554332874829,21036.79917469051,1.4942457199096673
-0.144585969738652,0.6236863823933976,0.46230811554332873,-0.05484181568088031,0.14076753782668538,0.15941403026134798,0.5230839064649242,0.8916286107290234,1.3251554332874829,20375.79917469051,1.4972302436828606
-0.12458596973865199,0.6436863823933976,0.5123081155433288,-0.06484181568088032,0.1507675378266854,0.179414030261348,0.5830839064649243,0.8816286107290234,1.2651554332874828,20400.79917469051,1.5003096580505364
-0.134585969738652,0.6336863823933976,0.49230811554332876,-0.07484181568088033,0.1507675378266854,0.179414030261348,0.5830839064649243,0.8416286107290234,1.2551554332874828,20527.79917469051,1.5048574924469023
-0.11458596973865198,0.6336863823933976,0.5023081155433288,-0.10484181568088036,0.1507675378266854,0.14941403026134797,0.5730839064649242,0.8816286107290234,1.2551554332874828,20330.79917469051,1.5058662414550774
-0.134585969738652,0.6336863823933976,0.5423081155433286,-0.06484181568088032,0.18076753782668542,0.179414030261348,0.5730839064649242,0.8816286107290234,1.2851554332874828,20227.79917469051,1.5085033893585198
-0.134585969738652,0.6336863823933976,0.5623081155433286,-0.12484181568088032,0.1707675378266854,0.15941403026134798,0.5530839064649242,0.8516286107290234,1.2951554332874828,20598.79917469051,1.5125197887420647
-0.134585969738652,0.6236863823933976,0.5823081155433286,-0.14484181568088034,0.1707675378266854,0.169414030261348,0.5630839064649242,0.8016286107290234,1.2651554332874828,20599.79917469051,1.5176832199096673
-0.09458596973865196,0.6036863823933978,0.5923081155433286,-0.10484181568088036,0.1507675378266854,0.19941403026134796,0.5430839064649242,0.8416286107290234,1.2251554332874828,20912.79917469051,1.5206810951232903
-0.07458596973865195,0.6036863823933978,0.5523081155433286,-0.07484181568088033,0.1707675378266854,0.189414030261348,0.5130839064649242,0.8416286107290234,1.2251554332874828,20901.79917469051,1.5216760158538811
-0.08458596973865196,0.6536863823933976,0.5923081155433286,-0.11484181568088031,0.1707675378266854,0.189414030261348,0.46308390646492437,0.8516286107290234,1.2651554332874828,20602.79917469051,1.525680494308471
-0.04458596973865203,0.6536863823933976,0.6523081155433287,-0.13484181568088033,0.20076753782668522,0.15941403026134798,0.5030839064649242,0.8216286107290234,1.195155433287483,20751.79917469051,1.5291358947753935
0.005414030261348013,0.6236863823933976,0.6523081155433287,-0.14484181568088034,0.18076753782668542,0.109414030261348,0.4730839064649244,0.8016286107290234,1.2151554332874828,20880.79917469051,1.5330926895141594
0.04541403026134805,0.6436863823933976,0.6623081155433287,-0.08484181568088034,0.1707675378266854,0.19941403026134796,0.44308390646492435,0.8216286107290234,1.2151554332874828,20601.79917469051,1.5339350223541253
0.06541403026134796,0.6136863823933976,0.6823081155433287,-0.08484181568088034,0.1507675378266854,0.15941403026134798,0.44308390646492435,0.8616286107290234,1.195155433287483,20438.79917469051,1.5379471302032464
0.10541403026134799,0.6036863823933978,0.6723081155433287,-0.10484181568088036,0.1707675378266854,0.179414030261348,0.4130839064649243,0.8116286107290234,1.2251554332874828,20527.79917469051,1.5419549465179436
0.09541403026134798,0.6236863823933976,0.6823081155433287,-0.09484181568088035,0.1607675378266854,0.21941403026134798,0.44308390646492435,0.8316286107290234,1.135155433287483,20510.79917469051,1.5451611995697014
0.06541403026134796,0.6336863823933976,0.6823081155433287,-0.09484181568088035,0.1707675378266854,0.25941403026134796,0.44308390646492435,0.7216286107290235,1.155155433287483,20669.79917469051,1.5463284969329791
0.115414030261348,0.5636863823933977,0.7323081155433288,-0.08484181568088034,0.1507675378266854,0.26941403026134797,0.3930839064649243,0.7616286107290235,1.105155433287483,20856.79917469051,1.5495018482208245
0.10541403026134799,0.5836863823933978,0.7123081155433287,-0.06484181568088032,0.1507675378266854,0.319414030261348,0.3930839064649243,0.7916286107290236,1.0551554332874828,20665.79917469051,1.5545191287994378
0.05541403026134806,0.5936863823933978,0.7623081155433288,-0.04484181568088036,0.12076753782668537,0.309414030261348,0.34308390646492426,0.7716286107290236,1.165155433287483,20510.79917469051,1.557795715332034
0.09541403026134798,0.5436863823933977,0.7523081155433288,-0.04484181568088036,0.14076753782668538,0.289414030261348,0.32308390646492424,0.7116286107290235,1.155155433287483,20107.79917469051,1.5585226535797112
0.07541403026134796,0.5936863823933978,0.8023081155433286,-0.03484181568088035,0.14076753782668538,0.319414030261348,0.2730839064649243,0.7216286107290235,1.0351554332874828,20324.79917469051,1.5629889488220208
0.03541403026134804,0.6036863823933978,0.8423081155433286,-0.04484181568088036,0.14076753782668538,0.26941403026134797,0.2730839064649243,0.6816286107290235,1.0551554332874828,20265.79917469051,1.5662686347961419
0.04541403026134805,0.5936863823933978,0.8323081155433286,-0.03484181568088035,0.14076753782668538,0.33941403026134803,0.2830839064649243,0.6616286107290235,1.0651554332874829,20040.79917469051,1.5704535961151116
0.015414030261348022,0.6136863823933976,0.7923081155433286,-0.02484181568088034,0.1707675378266854,0.319414030261348,0.2730839064649243,0.6216286107290234,1.0451554332874828,19799.79917469051,1.5704535961151116
0.02541403026134803,0.5536863823933977,0.8423081155433286,0.015158184319119639,0.1607675378266854,0.299414030261348,0.2730839064649243,0.5516286107290234,1.105155433287483,19714.79917469051,1.5749189376831048
0.04541403026134805,0.5436863823933977,0.9023081155433287,0.025158184319119647,0.1707675378266854,0.33941403026134803,0.22308390646492426,0.5916286107290234,1.105155433287483,19341.79917469051,1.578607273101806
0.04541403026134805,0.4936863823933977,0.9223081155433287,-0.014841815680880333,0.1707675378266854,0.329414030261348,0.23308390646492427,0.5616286107290234,1.0651554332874829,19380.79917469051,1.583611440658565
0.06541403026134796,0.47368638239339766,0.9623081155433287,-0.03484181568088035,0.1907675378266852,0.409414030261348,0.19308390646492424,0.5416286107290236,1.0351554332874828,19131.79917469051,1.5866181373596184
0.08541403026134797,0.4936863823933977,0.9123081155433287,0.025158184319119647,0.18076753782668542,0.409414030261348,0.22308390646492426,0.5216286107290236,1.0151554332874828,19304.79917469051,1.5866181373596184
0.125414030261348,0.44368638239339764,0.9023081155433287,0.045158184319119665,0.1707675378266854,0.459414030261348,0.23308390646492427,0.4616286107290235,0.9951554332874828,19569.79917469051,1.5906037807464593
0.15541403026134804,0.4136863823933976,0.9223081155433287,0.055158184319119674,0.18076753782668542,0.47941403026134793,0.23308390646492427,0.4516286107290235,0.9751554332874828,19104.79917469051,1.596049261093139
0.15541403026134804,0.4236863823933976,0.9223081155433287,0.07515818431911964,0.1707675378266854,0.47941403026134793,0.22308390646492426,0.4416286107290235,0.945155433287483,18993.79917469051,1.5986434936523395
0.16541403026134804,0.3936863823933976,0.8823081155433287,0.06515818431911968,0.18076753782668542,0.48941403026134794,0.24308390646492428,0.41162861072902346,0.9651554332874828,19330.79917469051,1.5986434936523395
0.125414030261348,0.4236863823933976,0.8523081155433286,0.11515818431911967,0.18076753782668542,0.5194140302613479,0.2530839064649243,0.39162861072902344,0.9051554332874829,19187.79917469051,1.6036870002746575
0.115414030261348,0.4136863823933976,0.9023081155433287,0.12515818431911968,0.18076753782668542,0.5394140302613479,0.23308390646492427,0.42162861072902347,0.8651554332874829,18960.79917469051,1.60673279762268
0.13541403026134802,0.4136863823933976,0.8123081155433286,0.11515818431911967,0.22076753782668523,0.5394140302613479,0.19308390646492424,0.42162861072902347,0.8751554332874829,19113.79917469051,1.6112343788146966
0.115414030261348,0.4036863823933976,0.8323081155433286,0.1351581843191197,0.22076753782668523,0.5394140302613479,0.19308390646492424,0.3716286107290234,0.8751554332874829,18766.79917469051,1.6122898578643792
0.115414030261348,0.36368638239339757,0.8623081155433286,0.1351581843191197,0.21076753782668523,0.559414030261348,0.16308390646492432,0.38162861072902343,0.8851554332874829,18915.79917469051,1.6153773784637444
0.03541403026134804,0.3836863823933976,0.8823081155433287,0.11515818431911967,0.24076753782668525,0.5494140302613479,0.1430839064649243,0.3716286107290234,0.8751554332874829,18368.79917469051,1.6195573329925566
0.04541403026134805,0.3836863823933976,0.8523081155433286,0.1451581843191197,0.22076753782668523,0.5494140302613479,0.1530839064649243,0.3316286107290235,0.8651554332874829,18035.79917469051,1.623541069030761
0.06541403026134796,0.3836863823933976,0.8123081155433286,0.16515818431911972,0.23076753782668524,0.579414030261348,0.16308390646492432,0.3416286107290235,0.8651554332874829,18300.79917469051,1.623541069030761
0.06541403026134796,0.32368638239339775,0.8523081155433286,0.16515818431911972,0.24076753782668525,0.579414030261348,0.17308390646492433,0.3716286107290234,0.8451554332874829,18261.79917469051,1.6281692504882805
0.04541403026134805,0.43368638239339763,0.7823081155433288,0.18515818431911962,0.26076753782668527,0.599414030261348,0.17308390646492433,0.39162861072902344,0.7851554332874828,18046.79917469051,1.631726694107055
0.015414030261348022,0.3536863823933978,0.8223081155433286,0.18515818431911962,0.2707675378266853,0.589414030261348,0.1530839064649243,0.3316286107290235,0.8151554332874829,17891.79917469051,1.6358382225036614
0.04541403026134805,0.3536863823933978,0.8023081155433286,0.23515818431911967,0.2907675378266853,0.5494140302613479,0.1430839064649243,0.3416286107290235,0.7251554332874828,18010.79917469051,1.6366049766540485
0.06541403026134796,0.30368638239339774,0.7523081155433288,0.22515818431911966,0.2807675378266853,0.559414030261348,0.1530839064649243,0.3116286107290235,0.7551554332874828,18187.79917469051,1.640596818923953
0.07541403026134796,0.31368638239339774,0.7623081155433288,0.21515818431911965,0.3007675378266853,0.579414030261348,0.1430839064649243,0.29162861072902346,0.7051554332874828,17986.79917469051,1.645067882537841
0.04541403026134805,0.31368638239339774,0.7423081155433288,0.20515818431911964,0.3207675378266853,0.5494140302613479,0.18308390646492423,0.28162861072902345,0.6751554332874827,17855.79917469051,1.6485917091369657
-0.014585969738652005,0.30368638239339774,0.7123081155433287,0.22515818431911966,0.3207675378266853,0.569414030261348,0.1430839064649243,0.3116286107290235,0.6351554332874829,17660.79917469051,1.6521303176879876
0.02541403026134803,0.32368638239339775,0.7223081155433287,0.22515818431911966,0.33076753782668533,0.569414030261348,0.1530839064649243,0.30162861072902347,0.7051554332874828,17411.79917469051,1.653041315078731
-0.014585969738652005,0.33368638239339776,0.6223081155433287,0.20515818431911964,0.34076753782668534,0.609414030261348,0.16308390646492432,0.29162861072902346,0.6851554332874827,17208.79917469051,1.6570145606994622
-0.06458596973865194,0.34368638239339777,0.6623081155433287,0.22515818431911966,0.35076753782668535,0.619414030261348,0.16308390646492432,0.28162861072902345,0.7051554332874828,17357.79917469051,1.6605765342712395
-0.08458596973865196,0.2936863823933977,0.6523081155433287,0.19515818431911963,0.37076753782668537,0.639414030261348,0.1430839064649243,0.2516286107290234,0.6851554332874827,17526.79917469051,1.6647188186645536
-0.07458596973865195,0.2936863823933977,0.5723081155433286,0.22515818431911966,0.37076753782668537,0.639414030261348,0.1430839064649243,0.2516286107290234,0.6651554332874827,17367.79917469051,1.6647188186645536
-0.08458596973865196,0.31368638239339774,0.5923081155433286,0.22515818431911966,0.4007675378266854,0.669414030261348,0.1530839064649243,0.26162861072902344,0.6851554332874827,17670.79917469051,1.6689984321594196
-0.06458596973865194,0.2936863823933977,0.5323081155433288,0.22515818431911966,0.4007675378266854,0.7094140302613481,0.19308390646492424,0.2116286107290235,0.6451554332874827,17917.79917469051,1.6733448028564446
-0.024585969738652014,0.2536863823933977,0.5523081155433286,0.24515818431911968,0.4007675378266854,0.7394140302613479,0.21308390646492426,0.23162861072902352,0.6751554332874827,17380.79917469051,1.6767389297485344
-0.04458596973865203,0.2736863823933977,0.5323081155433288,0.2551581843191197,0.4107675378266854,0.7294140302613479,0.18308390646492423,0.18162861072902348,0.6551554332874827,17619.79917469051,1.677811574935916
-0.06458596973865194,0.23368638239339767,0.5423081155433286,0.2651581843191197,0.4307675378266854,0.7294140302613479,0.16308390646492432,0.18162861072902348,0.6651554332874827,17264.79917469051,1.6810450077056878
-0.05458596973865204,0.21368638239339766,0.5023081155433288,0.24515818431911968,0.4107675378266854,0.7394140302613479,0.16308390646492432,0.14162861072902344,0.6551554332874827,17301.79917469051,1.6861016273498528
-0.03458596973865202,0.22368638239339766,0.5123081155433288,0.2751581843191197,0.4407675378266852,0.7394140302613479,0.19308390646492424,0.15162861072902345,0.6451554332874827,17414.79917469051,1.6889321327209466
-0.09458596973865196,0.20368638239339765,0.49230811554332876,0.2851581843191197,0.4407675378266852,0.7594140302613479,0.17308390646492433,0.16162861072902346,0.6251554332874829,17113.79917469051,1.689697456359859
-0.07458596973865195,0.19368638239339764,0.5323081155433288,0.2851581843191197,0.4507675378266852,0.7594140302613479,0.17308390646492433,0.13162861072902343,0.6151554332874829,17552.79917469051,1.6936974048614495
-0.06458596973865194,0.1536863823933976,0.49230811554332876,0.2951581843191196,0.4607675378266852,0.7594140302613479,0.1530839064649243,0.14162861072902344,0.5851554332874829,17697.79917469051,1.6976973533630364
-0.05458596973865204,0.1436863823933976,0.4523081155433287,0.2851581843191197,0.47076753782668523,0.7694140302613479,0.1430839064649243,0.12162861072902342,0.6051554332874829,17594.79917469051,1.701046180725097
-0.12458596973865199,0.17368638239339762,0.4523081155433287,0.2851581843191197,0.4607675378266852,0.7694140302613479,0.1330839064649243,0.12162861072902342,0.5751554332874829,17861.79917469051,1.7020585060119657
-0.11458596973865198,0.1436863823933976,0.4423081155433287,0.2551581843191197,0.5207675378266853,0.7794140302613479,0.11308390646492428,0.09162861072902351,0.5551554332874828,18012.79917469051,1.7053925514221184
-0.11458596973865198,0.09368638239339777,0.4223081155433287,0.2751581843191197,0.5207675378266853,0.7994140302613479,0.11308390646492428,0.05162861072902347,0.48515543328748284,17861.79917469051,1.7094909667968778
-0.144585969738652,0.06368638239339774,0.4323081155433287,0.2751581843191197,0.5207675378266853,0.7794140302613479,0.1430839064649243,0.0816286107290235,0.5251554332874828,17454.79917469051,1.7136702060699456
-0.134585969738652,0.04368638239339773,0.37230811554332865,0.2551581843191197,0.5607675378266853,0.809414030261348,0.1530839064649243,0.021628610729023445,0.4651554332874828,17745.79917469051,1.7136702060699456
-0.134585969738652,0.06368638239339774,0.37230811554332865,0.23515818431911967,0.6007675378266853,0.829414030261348,0.1330839064649243,-0.008371389270976581,0.5151554332874828,17902.79917469051,1.717858982086181
-0.12458596973865199,0.02368638239339771,0.37230811554332865,0.23515818431911967,0.5607675378266853,0.869414030261348,0.1430839064649243,0.031628610729023454,0.48515543328748284,18199.79917469051,1.7219118595123284
-0.134585969738652,0.0136863823933977,0.4023081155433287,0.22515818431911966,0.5907675378266853,0.869414030261348,0.12308390646492429,0.011628610729023436,0.47515543328748283,18040.79917469051,1.7259993076324456
-0.17458596973865204,0.03368638239339772,0.37230811554332865,0.24515818431911968,0.5907675378266853,0.9294140302613478,0.09308390646492426,-0.01837138927097648,0.4651554332874828,18149.79917469051,1.7300562381744378
-0.144585969738652,0.0036863823933976914,0.38230811554332866,0.22515818431911966,0.6207675378266854,0.909414030261348,0.07308390646492424,0.011628610729023436,0.47515543328748283,18440.79917469051,1.7308892726898222
-0.16458596973865203,0.0036863823933976914,0.36230811554332865,0.23515818431911967,0.6207675378266854,0.9394140302613478,0.12308390646492429,-0.048371389270976506,0.4251554332874828,18505.79917469051,1.7336325168609612
-0.144585969738652,0.0136863823933977,0.35230811554332864,0.2751581843191197,0.6207675378266854,0.9494140302613479,0.09308390646492426,-0.028371389270976488,0.4251554332874828,18788.79917469051,1.7381903648376458
-0.134585969738652,-0.016313617606602326,0.33230811554332873,0.2951581843191196,0.6407675378266854,0.9394140302613478,0.07308390646492424,-0.048371389270976506,0.4151554332874828,19219.79917469051,1.741823625564571
-0.144585969738652,-0.016313617606602326,0.2823081155433287,0.2951581843191196,0.6607675378266854,0.9694140302613479,0.10308390646492427,-0.058371389270976515,0.40515543328748277,19188.79917469051,1.742858839035037
-0.15458596973865202,-0.0063136176066023175,0.2823081155433287,0.32515818431911964,0.6607675378266854,0.9394140302613478,0.06308390646492423,0.0016286107290234275,0.38515543328748286,19499.79917469051,1.7459063053131132
-0.20458596973865195,0.0136863823933977,0.26230811554332867,0.35515818431911966,0.6807675378266854,0.9194140302613478,0.06308390646492423,-0.07837138927097653,0.39515543328748276,19930.79917469051,1.7509700775146477
-0.20458596973865195,-0.016313617606602326,0.2823081155433287,0.36515818431911967,0.6607675378266854,0.9294140302613478,0.003083906464924291,-0.07837138927097653,0.39515543328748276,19823.79917469051,1.7539710521697955
-0.18458596973865204,-0.05631361760660236,0.3023081155433287,0.3851581843191197,0.6407675378266854,0.9694140302613479,0.07308390646492424,-0.058371389270976515,0.39515543328748276,20542.79917469051,1.754961442947387
-0.20458596973865195,-0.05631361760660236,0.2723081155433287,0.36515818431911967,0.6507675378266854,0.9894140302613479,0.043083906464924326,-0.008371389270976581,0.38515543328748286,20941.79917469051,1.7589644908905022
-0.18458596973865204,-0.05631361760660236,0.2923081155433287,0.35515818431911966,0.6307675378266854,1.039414030261348,0.03308390646492432,-0.07837138927097653,0.40515543328748277,20682.79917469051,1.7625784397125237
-0.18458596973865204,-0.07631361760660238,0.3123081155433287,0.36515818431911967,0.6207675378266854,1.039414030261348,0.02308390646492431,-0.07837138927097653,0.37515543328748285,20733.79917469051,1.7669045448303216
-0.17458596973865204,-0.07631361760660238,0.25230811554332866,0.33515818431911965,0.6507675378266854,1.079414030261348,0.043083906464924326,-0.07837138927097653,0.36515543328748284,20196.79917469051,1.7679802894592278
-0.19458596973865194,-0.1063136176066023,0.20230811554332873,0.33515818431911965,0.6707675378266854,1.119414030261348,-0.036916093535075745,-0.048371389270976506,0.3251554332874828,20165.79917469051,1.7712873935699456
-0.19458596973865194,-0.1163136176066023,0.21230811554332873,0.35515818431911966,0.6707675378266854,1.109414030261348,-0.036916093535075745,-0.10837138927097656,0.3151554332874828,20714.79917469051,1.7749824047088616
-0.20458596973865195,-0.13631361760660232,0.24230811554332865,0.33515818431911965,0.6807675378266854,1.109414030261348,0.02308390646492431,-0.08837138927097654,0.3051554332874828,21065.79917469051,1.7789773464202874
-0.20458596973865195,-0.14631361760660233,0.20230811554332873,0.33515818431911965,0.7107675378266852,1.079414030261348,-0.006916093535075718,-0.12837138927097652,0.28515543328748283,21178.79917469051,1.779737186431884
-0.19458596973865194,-0.1263136176066023,0.19230811554332872,0.33515818431911965,0.6807675378266854,1.099414030261348,-0.006916093535075718,-0.09837138927097655,0.2751554332874828,21015.79917469051,1.7841321945190458
-0.134585969738652,-0.15631361760660234,0.1723081155433287,0.35515818431911966,0.7107675378266852,1.059414030261348,-0.016916093535075727,-0.028371389270976488,0.2551554332874828,20900.79917469051,1.7873649120330803
-0.15458596973865202,-0.15631361760660234,0.1623081155433287,0.4051581843191197,0.6807675378266854,1.069414030261348,-0.036916093535075745,-0.048371389270976506,0.28515543328748283,21263.79917469051,1.7915570259094196
-0.12458596973865199,-0.19631361760660238,0.1723081155433287,0.4351581843191196,0.6907675378266852,1.049414030261348,-0.026916093535075736,-0.008371389270976581,0.2751554332874828,21540.79917469051,1.7953800678253167
-0.16458596973865203,-0.2363136176066023,0.12230811554332865,0.46515818431911965,0.6607675378266854,1.039414030261348,-0.016916093535075727,-0.06837138927097652,0.3051554332874828,21423.79917469051,1.7953800678253167
-0.17458596973865204,-0.21631361760660228,0.1723081155433287,0.47515818431911966,0.6807675378266854,1.059414030261348,-0.036916093535075745,-0.06837138927097652,0.2651554332874828,21502.79917469051,1.79936237335205
-0.18458596973865204,-0.2363136176066023,0.1623081155433287,0.4951581843191197,0.6907675378266852,1.029414030261348,-0.06691609353507577,0.021628610729023445,0.2951554332874828,21517.79917469051,1.8047372817993157
-0.19458596973865194,-0.20631361760660227,0.15230811554332868,0.5151581843191197,0.6607675378266854,1.039414030261348,-0.09691609353507569,-0.028371389270976488,0.28515543328748283,21336.79917469051,1.8077051162719684
-0.20458596973865195,-0.2563136176066023,0.1623081155433287,0.5251581843191198,0.6907675378266852,1.019414030261348,-0.08691609353507568,-0.008371389270976581,0.2951554332874828,21857.79917469051,1.8077051162719684
-0.20458596973865195,-0.2263136176066023,0.11230811554332865,0.5251581843191198,0.6807675378266854,0.9994140302613479,-0.1169160935350757,-0.01837138927097648,0.2751554332874828,22132.79917469051,1.8120116710662835
-0.22458596973865197,-0.2463136176066023,0.1823081155433287,0.5151581843191197,0.6907675378266852,1.009414030261348,-0.1069160935350757,-0.008371389270976581,0.3251554332874828,21807.79917469051,1.816576671600341
-0.244585969738652,-0.2363136176066023,0.1723081155433287,0.4951581843191197,0.7207675378266852,1.029414030261348,-0.1169160935350757,0.031628610729023454,0.35515543328748284,21328.79917469051,1.8198105812072782
-0.254585969738652,-0.2263136176066023,0.1823081155433287,0.4951581843191197,0.6707675378266854,1.089414030261348,-0.1069160935350757,-0.028371389270976488,0.36515543328748284,21701.79917469051,1.8198105812072782
-0.264585969738652,-0.2263136176066023,0.15230811554332868,0.4951581843191197,0.7007675378266852,1.109414030261348,-0.14691609353507573,0.04162861072902346,0.3351554332874828,21698.79917469051,1.823846530914306
-0.254585969738652,-0.2563136176066023,0.1723081155433287,0.46515818431911965,0.6907675378266852,1.059414030261348,-0.19691609353507572,0.07162861072902349,0.38515543328748286,21613.79917469051,1.828094434738155
-0.254585969738652,-0.2663136176066023,0.11230811554332865,0.47515818431911966,0.7207675378266852,1.059414030261348,-0.20691609353507573,0.04162861072902346,0.37515543328748285,21388.79917469051,1.832112503051757
-0.254585969738652,-0.27631361760660234,0.13230811554332866,0.47515818431911966,0.7107675378266852,1.089414030261348,-0.16691609353507575,0.021628610729023445,0.38515543328748286,21199.79917469051,1.833198976516723
-0.254585969738652,-0.2563136176066023,0.09230811554332874,0.5251581843191198,0.7007675378266852,1.079414030261348,-0.1769160935350757,0.06162861072902348,0.36515543328748284,21064.79917469051,1.8367416381835966
-0.22458596973865197,-0.2663136176066023,0.08230811554332873,0.5551581843191196,0.6907675378266852,1.059414030261348,-0.1769160935350757,0.07162861072902349,0.35515543328748284,21143.79917469051,1.8407420635223382
-0.22458596973865197,-0.2663136176066023,0.022308115543328677,0.5251581843191198,0.6807675378266854,1.079414030261348,-0.1169160935350757,0.07162861072902349,0.35515543328748284,20644.79917469051,1.8444432735443144
-0.22458596973865197,-0.28631361760660234,0.09230811554332874,0.5351581843191198,0.6907675378266852,1.079414030261348,-0.15691609353507574,0.13162861072902343,0.2751554332874828,20297.79917469051,1.8444432735443144
-0.274585969738652,-0.30631361760660236,0.052308115543328704,0.5051581843191197,0.6807675378266854,1.099414030261348,-0.15691609353507574,0.0816286107290235,0.22515543328748283,20570.79917469051,1.849180889129638
-0.244585969738652,-0.29631361760660235,0.0023081155433286593,0.5351581843191198,0.6907675378266852,1.1794140302613478,-0.1769160935350757,0.07162861072902349,0.1751554332874828,19755.79917469051,1.852615547180175
-0.22458596973865197,-0.31631361760660237,0.012308115543328668,0.5351581843191198,0.6507675378266854,1.1994140302613479,-0.22691609353507575,0.10162861072902352,0.2051554332874828,18148.79917469051,1.8566457748413079
-0.21458596973865196,-0.30631361760660236,0.11230811554332865,0.5951581843191196,0.6607675378266854,1.1894140302613478,-0.1769160935350757,0.16162861072902346,0.2551554332874828,16981.79917469051,1.8606452465057366
-0.254585969738652,-0.2563136176066023,0.07230811554332872,0.5651581843191196,0.6607675378266854,1.1894140302613478,-0.1769160935350757,0.2116286107290235,0.2651554332874828,17114.79917469051,1.8606452465057366
-0.254585969738652,-0.30631361760660236,0.042308115543328695,0.5451581843191196,0.6707675378266854,1.1794140302613478,-0.1169160935350757,0.23162861072902352,0.2951554332874828,17325.79917469051,1.8649529933929436
-0.22458596973865197,-0.29631361760660235,0.052308115543328704,0.5051581843191197,0.6607675378266854,1.1694140302613478,-0.09691609353507569,0.2116286107290235,0.3151554332874828,17046.79917469051,1.8689534187316852
-0.23458596973865198,-0.2563136176066023,-0.037691884456671265,0.46515818431911965,0.7107675378266852,1.1894140302613478,-0.05691609353507576,0.2516286107290234,0.35515543328748284,16435.79917469051,1.8729619503021233
-0.254585969738652,-0.3463136176066023,-0.00769188445667135,0.4351581843191196,0.7007675378266852,1.159414030261348,-0.05691609353507576,0.23162861072902352,0.39515543328748276,16242.79917469051,1.8740169525146477
-0.32458596973865195,-0.28631361760660234,0.032308115543328686,0.4251581843191196,0.7407675378266853,1.139414030261348,-0.036916093535075745,0.27162861072902345,0.38515543328748286,16017.79917469051,1.877253723144527
-0.29458596973865203,-0.28631361760660234,0.0023081155433286593,0.46515818431911965,0.7107675378266852,1.109414030261348,-0.026916093535075736,0.24162861072902342,0.4151554332874828,15810.79917469051,1.8821491718292194
-0.31458596973865194,-0.27631361760660234,0.032308115543328686,0.48515818431911967,0.7107675378266852,1.079414030261348,-0.036916093535075745,0.3316286107290235,0.4251554332874828,15651.79917469051,1.885252904891967
-0.33458596973865196,-0.28631361760660234,0.0023081155433286593,0.47515818431911966,0.6907675378266852,1.109414030261348,-0.006916093535075718,0.30162861072902347,0.4451554332874828,15396.79917469051,1.8862323284149163
-0.34458596973865196,-0.27631361760660234,0.022308115543328677,0.5151581843191197,0.7107675378266852,0.9994140302613479,0.053083906464924224,0.3316286107290235,0.4551554332874828,15187.79917469051,1.8892526149749713
-0.30458596973865204,-0.29631361760660235,0.012308115543328668,0.5151581843191197,0.6707675378266854,1.039414030261348,0.053083906464924224,0.3516286107290235,0.49515543328748285,14906.79917469051,1.8942329406738274
-0.32458596973865195,-0.28631361760660234,0.012308115543328668,0.5051581843191197,0.7207675378266852,0.9794140302613479,0.043083906464924326,0.3316286107290235,0.49515543328748285,14879.79917469051,1.8979377269744866
-0.34458596973865196,-0.3263136176066024,-0.037691884456671265,0.4351581843191196,0.7307675378266852,1.009414030261348,0.043083906464924326,0.3716286107290234,0.5351554332874828,14812.79917469051,1.8988184452056878
-0.31458596973865194,-0.3363136176066023,0.0023081155433286593,0.4151581843191197,0.7007675378266852,1.019414030261348,0.02308390646492431,0.3616286107290234,0.5551554332874828,14679.79917469051,1.9023196220397978
-0.31458596973865194,-0.29631361760660235,-0.047691884456671274,0.3851581843191197,0.7307675378266852,1.039414030261348,0.03308390646492432,0.3716286107290234,0.5851554332874829,14118.79917469051,1.9062540054321282
-0.33458596973865196,-0.30631361760660236,-0.027691884456671256,0.3851581843191197,0.7307675378266852,0.9494140302613479,0.0130839064649243,0.39162861072902344,0.6051554332874829,13575.79917469051,1.910296869277957
-0.32458596973865195,-0.3263136176066024,0.022308115543328677,0.3851581843191197,0.7707675378266853,0.899414030261348,0.03308390646492432,0.41162861072902346,0.6251554332874829,13072.79917469051,1.9113001346588128
-0.31458596973865194,-0.3263136176066024,-0.06769188445667129,0.36515818431911967,0.7707675378266853,0.869414030261348,0.043083906464924326,0.42162861072902347,0.6151554332874829,13157.79917469051,1.9140831947326653
-0.34458596973865196,-0.3263136176066024,0.012308115543328668,0.4351581843191196,0.7507675378266853,0.839414030261348,0.07308390646492424,0.42162861072902347,0.6551554332874827,13262.79917469051,1.919333887100219
-0.364585969738652,-0.30631361760660236,0.012308115543328668,0.3851581843191197,0.7207675378266852,0.849414030261348,0.12308390646492429,0.40162861072902345,0.6351554332874829,13021.79917469051,1.922583770751956
-0.374585969738652,-0.28631361760660234,0.042308115543328695,0.3851581843191197,0.7307675378266852,0.809414030261348,0.1430839064649243,0.4516286107290235,0.6551554332874827,12514.79917469051,1.923636627197265
-0.354585969738652,-0.2563136176066023,0.052308115543328704,0.4051581843191197,0.7007675378266852,0.829414030261348,0.1530839064649243,0.4316286107290235,0.6651554332874827,12399.79917469051,1.9263209819793694
-0.384585969738652,-0.29631361760660235,0.032308115543328686,0.3951581843191197,0.7007675378266852,0.7894140302613479,0.1530839064649243,0.4416286107290235,0.6651554332874827,12300.79917469051,1.9314212322235136
-0.394585969738652,-0.29631361760660235,0.012308115543328668,0.3951581843191197,0.6907675378266852,0.7694140302613479,0.1530839064649243,0.4616286107290235,0.6851554332874827,12151.79917469051,1.9349207401275663
-0.41458596973865197,-0.27631361760660234,0.032308115543328686,0.4051581843191197,0.6907675378266852,0.7694140302613479,0.1430839064649243,0.4716286107290235,0.7151554332874828,12160.79917469051,1.9389831542968778
-0.384585969738652,-0.3263136176066024,-0.037691884456671265,0.3851581843191197,0.6607675378266854,0.7894140302613479,0.18308390646492423,0.5016286107290235,0.7151554332874828,11603.79917469051,1.9399361133575432
-0.354585969738652,-0.2463136176066023,-0.0776918844566713,0.35515818431911966,0.7007675378266852,0.7894140302613479,0.18308390646492423,0.4716286107290235,0.7351554332874828,11152.79917469051,1.9439372539520257
-0.384585969738652,-0.2663136176066023,-0.047691884456671274,0.34515818431911965,0.6907675378266852,0.7794140302613479,0.1430839064649243,0.49162861072902353,0.7551554332874828,10795.79917469051,1.9473487854003935
-0.32458596973865195,-0.29631361760660235,-0.0776918844566713,0.3051581843191196,0.6807675378266854,0.7794140302613479,0.1330839064649243,0.5116286107290235,0.7451554332874828,10814.79917469051,1.9514531612396233
-0.364585969738652,-0.2563136176066023,-0.05769188445667128,0.2951581843191196,0.6507675378266854,0.7694140302613479,0.1430839064649243,0.49162861072902353,0.7451554332874828,10631.79917469051,1.9514531612396233
-0.32458596973865195,-0.2463136176066023,-0.037691884456671265,0.2851581843191197,0.6607675378266854,0.7694140302613479,0.17308390646492433,0.5216286107290236,0.7551554332874828,10030.79917469051,1.9552580833435051
-0.33458596973865196,-0.2463136176066023,-0.037691884456671265,0.2751581843191197,0.6707675378266854,0.7394140302613479,0.16308390646492432,0.5516286107290234,0.7951554332874828,10031.79917469051,1.9600462436676018
-0.34458596973865196,-0.21631361760660228,-0.037691884456671265,0.2751581843191197,0.6607675378266854,0.7194140302613481,0.1530839064649243,0.5416286107290236,0.8151554332874829,10440.79917469051,1.9633416652679436
-0.354585969738652,-0.2563136176066023,-0.0776918844566713,0.23515818431911967,0.6607675378266854,0.7194140302613481,0.16308390646492432,0.5516286107290234,0.7851554332874828,10343.79917469051,1.9640752792358356
-0.31458596973865194,-0.21631361760660228,-0.06769188445667129,0.24515818431911968,0.6707675378266854,0.6994140302613481,0.19308390646492424,0.5716286107290234,0.8251554332874829,9584.79917469051,1.9680490016937249
-0.34458596973865196,-0.21631361760660228,-0.05769188445667128,0.23515818431911967,0.6907675378266852,0.6794140302613481,0.23308390646492427,0.5616286107290234,0.8151554332874829,9189.79917469051,1.972043704986568
-0.32458596973865195,-0.20631361760660227,-0.01769188445667136,0.18515818431911962,0.6807675378266854,0.659414030261348,0.22308390646492426,0.5716286107290234,0.8051554332874828,8924.79917469051,1.9758150100708
-0.30458596973865204,-0.18631361760660237,-0.047691884456671274,0.1451581843191197,0.6707675378266854,0.6794140302613481,0.2530839064649243,0.5616286107290234,0.8651554332874829,8899.79917469051,1.9768893241882317
-0.284585969738652,-0.19631361760660238,0.0023081155433286593,0.1351581843191197,0.6607675378266854,0.659414030261348,0.22308390646492426,0.5916286107290234,0.8551554332874829,9026.79917469051,1.980136346817016
-0.264585969738652,-0.21631361760660228,-0.01769188445667136,0.1551581843191197,0.6607675378266854,0.649414030261348,0.23308390646492427,0.6116286107290234,0.8051554332874828,9275.79917469051,1.9840118408203118
-0.284585969738652,-0.20631361760660227,-0.047691884456671274,0.16515818431911972,0.6507675378266854,0.649414030261348,0.22308390646492426,0.6216286107290234,0.8651554332874829,9006.79917469051,1.9875657081603997
-0.264585969738652,-0.20631361760660227,-0.00769188445667135,0.17515818431911961,0.6707675378266854,0.639414030261348,0.24308390646492428,0.6116286107290234,0.8551554332874829,8689.79917469051,1.9885971069335966
-0.254585969738652,-0.18631361760660237,0.0023081155433286593,0.16515818431911972,0.6607675378266854,0.599414030261348,0.2930839064649243,0.6716286107290235,0.8151554332874829,8870.79917469051,1.9922859191894524
-0.254585969738652,-0.18631361760660237,0.0023081155433286593,0.1351581843191197,0.6607675378266854,0.609414030261348,0.3030839064649242,0.7016286107290235,0.8251554332874829,9023.79917469051,1.996672582626342
-0.244585969738652,-0.19631361760660238,0.022308115543328677,0.11515818431911967,0.6407675378266854,0.619414030261348,0.2830839064649243,0.7116286107290235,0.8351554332874829,8914.79917469051,2.0007228374481194
-0.274585969738652,-0.17631361760660236,0.032308115543328686,0.11515818431911967,0.6307675378266854,0.609414030261348,0.33308390646492425,0.7016286107290235,0.8251554332874829,8511.79917469051,2.0007228374481194
-0.244585969738652,-0.18631361760660237,0.052308115543328704,0.10515818431911966,0.6107675378266854,0.579414030261348,0.32308390646492424,0.7116286107290235,0.8251554332874829,8576.79917469051,2.0038320541381793
-0.264585969738652,-0.19631361760660238,0.06230811554332871,0.10515818431911966,0.6207675378266854,0.619414030261348,0.35308390646492427,0.7316286107290235,0.8851554332874829,8671.79917469051,2.0090784549713163
-0.254585969738652,-0.18631361760660237,0.032308115543328686,0.09515818431911965,0.5807675378266853,0.599414030261348,0.31308390646492423,0.7316286107290235,0.945155433287483,8902.79917469051,2.0126406669616728
-0.22458596973865197,-0.19631361760660238,0.052308115543328704,0.09515818431911965,0.5607675378266853,0.619414030261348,0.32308390646492424,0.7616286107290235,0.925155433287483,9307.79917469051,2.0167247772216754
-0.22458596973865197,-0.17631361760660236,0.032308115543328686,0.08515818431911965,0.5407675378266853,0.599414030261348,0.33308390646492425,0.7316286107290235,0.9951554332874828,9502.79917469051,2.017673683166503
-0.244585969738652,-0.17631361760660236,0.032308115543328686,0.07515818431911964,0.5407675378266853,0.579414030261348,0.34308390646492426,0.7616286107290235,1.0051554332874828,9237.79917469051,2.020883035659793
-0.254585969738652,-0.16631361760660235,0.042308115543328695,0.055158184319119674,0.5207675378266853,0.609414030261348,0.3630839064649243,0.7816286107290236,1.0151554332874828,9136.79917469051,2.024879884719848
-0.264585969738652,-0.18631361760660237,0.012308115543328668,0.025158184319119647,0.5207675378266853,0.599414030261348,0.3630839064649243,0.7916286107290236,1.0251554332874828,9081.79917469051,2.0289918899536126
-0.244585969738652,-0.19631361760660238,0.032308115543328686,0.045158184319119665,0.5107675378266853,0.589414030261348,0.3830839064649243,0.8516286107290234,1.0351554332874828,9284.79917469051,2.029972028732299
-0.254585969738652,-0.18631361760660237,0.022308115543328677,0.045158184319119665,0.5107675378266853,0.589414030261348,0.35308390646492427,0.8716286107290234,1.0551554332874828,9233.79917469051,2.0330171108245843
-0.284585969738652,-0.21631361760660228,0.032308115543328686,0.055158184319119674,0.5007675378266853,0.589414030261348,0.3730839064649243,0.8416286107290234,1.0951554332874829,8984.79917469051,2.037049722671508
-0.30458596973865204,-0.18631361760660237,0.032308115543328686,0.08515818431911965,0.47076753782668523,0.5494140302613479,0.3730839064649243,0.8716286107290234,1.135155433287483,9303.79917469051,2.0412358760833733
-0.30458596973865204,-0.17631361760660236,0.022308115543328677,0.045158184319119665,0.48076753782668524,0.559414030261348,0.4030839064649243,0.8416286107290234,1.165155433287483,9784.79917469051,2.042211961746215
-0.30458596973865204,-0.18631361760660237,0.032308115543328686,0.025158184319119647,0.48076753782668524,0.5294140302613479,0.3830839064649243,0.8816286107290234,1.165155433287483,9791.79917469051,2.045212221145629
-0.29458596973865203,-0.20631361760660227,0.032308115543328686,0.025158184319119647,0.4507675378266852,0.47941403026134793,0.4130839064649243,0.8716286107290234,1.165155433287483,10400.79917469051,2.050212335586547
-0.354585969738652,-0.20631361760660227,0.022308115543328677,0.015158184319119639,0.4507675378266852,0.46941403026134804,0.42308390646492433,0.8916286107290234,1.155155433287483,10695.79917469051,2.053195667266845
-0.32458596973865195,-0.21631361760660228,-0.00769188445667135,0.015158184319119639,0.4207675378266854,0.47941403026134793,0.46308390646492437,0.8816286107290234,1.195155433287483,10624.79917469051,2.053195667266845
-0.31458596973865194,-0.20631361760660227,-0.027691884456671256,0.005158184319119685,0.4207675378266854,0.46941403026134804,0.44308390646492435,0.8816286107290234,1.2351554332874828,10785.79917469051,2.0581964969635003
-0.32458596973865195,-0.2263136176066023,-0.00769188445667135,-0.004841815680880324,0.4607675378266852,0.429414030261348,0.42308390646492433,0.9216286107290235,1.2351554332874828,11624.79917469051,2.061383199691768
-0.32458596973865195,-0.20631361760660227,-0.027691884456671256,-0.04484181568088036,0.4407675378266852,0.419414030261348,0.42308390646492433,0.9316286107290235,1.2451554332874828,12279.79917469051,2.065919113159179
-0.33458596973865196,-0.21631361760660228,-0.00769188445667135,-0.014841815680880333,0.4107675378266854,0.449414030261348,0.43308390646492434,0.9316286107290235,1.2751554332874828,11572.79917469051,2.066985321044921
-0.32458596973865195,-0.20631361760660227,-0.00769188445667135,-0.02484181568088034,0.4107675378266854,0.409414030261348,0.4130839064649243,0.9016286107290234,1.2851554332874828,11737.79917469051,2.0699924945831256
-0.31458596973865194,-0.21631361760660228,-0.01769188445667136,-0.004841815680880324,0.3907675378266854,0.399414030261348,0.4130839064649243,0.9016286107290234,1.3251554332874829,12022.79917469051,2.074532461166381
-0.32458596973865195,-0.21631361760660228,-0.027691884456671256,-0.004841815680880324,0.3907675378266854,0.37941403026134796,0.46308390646492437,0.9216286107290235,1.2751554332874828,11941.79917469051,2.0778972625732415
-0.33458596973865196,-0.2263136176066023,-0.00769188445667135,-0.05484181568088031,0.4107675378266854,0.33941403026134803,0.4730839064649244,0.9416286107290235,1.2751554332874828,12206.79917469051,2.0778972625732415
-0.34458596973865196,-0.2463136176066023,-0.027691884456671256,-0.02484181568088034,0.3807675378266854,0.329414030261348,0.5130839064649242,0.9216286107290235,1.2751554332874828,12097.79917469051,2.0829638957977252
-0.31458596973865194,-0.2663136176066023,-0.01769188445667136,-0.04484181568088036,0.37076753782668537,0.329414030261348,0.5230839064649242,0.9216286107290235,1.2451554332874828,12356.79917469051,2.0867404460906975
-0.284585969738652,-0.27631361760660234,-0.037691884456671265,-0.03484181568088035,0.36076753782668536,0.319414030261348,0.5430839064649242,0.9416286107290235,1.2351554332874828,12769.79917469051,2.090493154525756
-0.284585969738652,-0.30631361760660236,-0.037691884456671265,-0.02484181568088034,0.3207675378266853,0.329414030261348,0.5630839064649242,0.9316286107290235,1.2051554332874828,12720.79917469051,2.0948523998260455
-0.254585969738652,-0.29631361760660235,-0.047691884456671274,-0.03484181568088035,0.34076753782668534,0.319414030261348,0.5630839064649242,0.9816286107290235,1.2151554332874828,12665.79917469051,2.0948523998260455
-0.274585969738652,-0.30631361760660236,-0.037691884456671265,-0.05484181568088031,0.3207675378266853,0.319414030261348,0.5530839064649242,0.9816286107290235,1.2451554332874828,12924.79917469051,2.0987791538238483
-0.264585969738652,-0.2663136176066023,-0.037691884456671265,-0.03484181568088035,0.3207675378266853,0.319414030261348,0.5830839064649243,0.9516286107290235,1.2351554332874828,12793.79917469051,2.103653860092166
-0.29458596973865203,-0.27631361760660234,-0.037691884456671265,-0.03484181568088035,0.3107675378266853,0.26941403026134797,0.5830839064649243,0.9616286107290235,1.2351554332874828,12574.79917469051,2.107028913497924
-0.274585969738652,-0.28631361760660234,-0.06769188445667129,-0.02484181568088034,0.2907675378266853,0.309414030261348,0.5330839064649242,0.9616286107290235,1.2551554332874828,13359.79917469051,2.1080209732055657
-0.274585969738652,-0.27631361760660234,-0.0776918844566713,-0.04484181568088036,0.2707675378266853,0.319414030261348,0.5630839064649242,0.9616286107290235,1.2751554332874828,13066.79917469051,2.1110138416290276
-0.29458596973865203,-0.29631361760660235,-0.05769188445667128,-0.02484181568088034,0.2807675378266853,0.249414030261348,0.5530839064649242,0.9816286107290235,1.2751554332874828,13531.79917469051,2.1160213470458977
-0.29458596973865203,-0.30631361760660236,-0.047691884456671274,-0.02484181568088034,0.3007675378266853,0.25941403026134796,0.5830839064649243,1.0116286107290235,1.2251554332874828,13520.79917469051,2.1190218448638873
-0.254585969738652,-0.3263136176066024,-0.047691884456671274,-0.03484181568088035,0.2907675378266853,0.25941403026134796,0.6130839064649243,0.9716286107290235,1.2451554332874828,13159.79917469051,2.1190218448638873
-0.274585969738652,-0.29631361760660235,-0.027691884456671256,-0.02484181568088034,0.2707675378266853,0.249414030261348,0.5830839064649243,0.9616286107290235,1.2351554332874828,13648.79917469051,2.124201965332034
-0.274585969738652,-0.31631361760660237,-0.037691884456671265,-0.04484181568088036,0.25076753782668526,0.26941403026134797,0.6130839064649243,0.9816286107290235,1.2351554332874828,13845.79917469051,2.1272236824035637
-0.264585969738652,-0.31631361760660237,-0.06769188445667129,-0.06484181568088032,0.25076753782668526,0.239414030261348,0.5830839064649243,0.9816286107290235,1.2451554332874828,13700.79917469051,2.1322328567504876
-0.254585969738652,-0.31631361760660237,-0.047691884456671274,-0.07484181568088033,0.23076753782668524,0.239414030261348,0.5830839064649243,0.9716286107290235,1.2651554332874828,13379.79917469051,2.1322328567504876
-0.264585969738652,-0.3563136176066023,-0.01769188445667136,-0.02484181568088034,0.21076753782668523,0.249414030261348,0.5930839064649243,0.9916286107290235,1.2451554332874828,13528.79917469051,2.1359683990478473
-0.274585969738652,-0.31631361760660237,-0.027691884456671256,-0.03484181568088035,0.20076753782668522,0.249414030261348,0.5930839064649243,1.0116286107290235,1.2651554332874828,13693.79917469051,2.1406831264495843
-0.274585969738652,-0.3263136176066024,-0.00769188445667135,-0.03484181568088035,0.1707675378266854,0.25941403026134796,0.5730839064649242,0.9716286107290235,1.2751554332874828,14058.79917469051,2.1441907405853264
-0.284585969738652,-0.30631361760660236,0.012308115543328668,-0.05484181568088031,0.18076753782668542,0.239414030261348,0.5530839064649242,0.9616286107290235,1.2751554332874828,14251.79917469051,2.1441907405853264
-0.264585969738652,-0.29631361760660235,-0.00769188445667135,-0.05484181568088031,0.1907675378266852,0.20941403026134797,0.5430839064649242,0.9916286107290235,1.3051554332874828,14372.79917469051,2.1482829570770257
-0.264585969738652,-0.30631361760660236,0.022308115543328677,-0.05484181568088031,0.18076753782668542,0.20941403026134797,0.4730839064649244,1.0016286107290235,1.3351554332874829,13887.79917469051,2.152320098876956
-0.254585969738652,-0.31631361760660237,0.0023081155433286593,-0.05484181568088031,0.1507675378266854,0.21941403026134798,0.5030839064649242,0.9716286107290235,1.3051554332874828,13838.79917469051,2.156329107284545
-0.264585969738652,-0.30631361760660236,0.012308115543328668,-0.07484181568088033,0.1607675378266854,0.20941403026134797,0.4830839064649244,1.0016286107290235,1.2951554332874828,13981.79917469051,2.1573190212249713
-0.264585969738652,-0.30631361760660236,-0.00769188445667135,-0.07484181568088033,0.1507675378266854,0.229414030261348,0.4830839064649244,0.9716286107290235,1.3251554332874829,13908.79917469051,2.1608299732208245
-0.274585969738652,-0.27631361760660234,-0.00769188445667135,-0.11484181568088031,0.14076753782668538,0.21941403026134798,0.4730839064649244,1.0216286107290236,1.2751554332874828,13747.79917469051,2.165171337127685
-0.264585969738652,-0.27631361760660234,-0.00769188445667135,-0.11484181568088031,0.14076753782668538,0.21941403026134798,0.5230839064649242,0.9516286107290235,1.2851554332874828,14176.79917469051,2.1691267013549798
-0.264585969738652,-0.29631361760660235,0.0023081155433286593,-0.08484181568088034,0.11076753782668536,0.21941403026134798,0.5330839064649242,0.9716286107290235,1.2851554332874828,14063.79917469051,2.1691267013549798
-0.264585969738652,-0.29631361760660235,-0.01769188445667136,-0.07484181568088033,0.10076753782668535,0.20941403026134797,0.5330839064649242,0.9416286107290235,1.2951554332874828,13824.79917469051,2.172928047180175
-0.264585969738652,-0.30631361760660236,-0.00769188445667135,-0.04484181568088036,0.10076753782668535,0.19941403026134796,0.5530839064649242,0.8816286107290234,1.3051554332874828,14097.79917469051,2.176410865783687
-0.284585969738652,-0.27631361760660234,0.012308115543328668,-0.08484181568088034,0.12076753782668537,0.19941403026134796,0.5330839064649242,0.9616286107290235,1.2551554332874828,13774.79917469051,2.1806125164031975
-0.264585969738652,-0.27631361760660234,-0.00769188445667135,-0.09484181568088035,0.13076753782668538,0.15941403026134798,0.5130839064649242,0.9516286107290235,1.2851554332874828,13661.79917469051,2.1847445487976067
-0.244585969738652,-0.29631361760660235,0.0023081155433286593,-0.11484181568088031,0.14076753782668538,0.179414030261348,0.5130839064649242,0.9416286107290235,1.2751554332874828,13902.79917469051,2.1858894348144524
-0.254585969738652,-0.31631361760660237,-0.01769188445667136,-0.11484181568088031,0.12076753782668537,0.169414030261348,0.4830839064649244,0.9816286107290235,1.2751554332874828,13949.79917469051,2.1889700412750237
-0.264585969738652,-0.27631361760660234,-0.027691884456671256,-0.07484181568088033,0.12076753782668537,0.169414030261348,0.43308390646492434,0.9516286107290235,1.2651554332874828,13686.79917469051,2.1939701557159417
-0.254585969738652,-0.30631361760660236,-0.00769188445667135,-0.08484181568088034,0.12076753782668537,0.15941403026134798,0.4030839064649243,0.9516286107290235,1.2551554332874828,13469.79917469051,2.196952295303344
-0.23458596973865198,-0.3263136176066024,-0.00769188445667135,-0.07484181568088033,0.12076753782668537,0.129414030261348,0.3630839064649243,0.9816286107290235,1.2351554332874828,13056.79917469051,2.197970104217525
-0.23458596973865198,-0.28631361760660234,0.0023081155433286593,-0.07484181568088033,0.10076753782668535,0.109414030261348,0.3730839064649243,1.0216286107290236,1.2451554332874828,13301.79917469051,2.20094985961914
-0.23458596973865198,-0.28631361760660234,-0.01769188445667136,-0.07484181568088033,0.10076753782668535,0.07941403026134797,0.3630839064649243,0.9716286107290235,1.2451554332874828,13186.79917469051,2.2051822662353544
-0.21458596973865196,-0.28631361760660234,-0.00769188445667135,-0.03484181568088035,0.09076753782668534,0.09941403026134799,0.4130839064649243,0.9916286107290235,1.185155433287483,12579.79917469051,2.2094463825225823
-0.20458596973865195,-0.28631361760660234,-0.00769188445667135,-0.03484181568088035,0.08076753782668533,0.059414030261348005,0.3730839064649243,0.9316286107290235,1.185155433287483,12548.79917469051,2.2094463825225823
-0.18458596973865204,-0.2663136176066023,0.022308115543328677,-0.04484181568088036,0.08076753782668533,0.06941403026134801,0.3730839064649243,0.9416286107290235,1.2151554332874828,12549.79917469051,2.2134713649749713
-0.20458596973865195,-0.27631361760660234,0.0023081155433286593,-0.06484181568088032,0.07076753782668532,0.03941403026134799,0.34308390646492426,0.9016286107290234,1.145155433287483,12668.79917469051,2.217459869384765
-0.19458596973865194,-0.2663136176066023,0.012308115543328668,-0.05484181568088031,0.07076753782668532,0.03941403026134799,0.33308390646492425,0.8516286107290234,1.165155433287483,12053.79917469051,2.221061182022094
-0.20458596973865195,-0.28631361760660234,0.0023081155433286593,-0.03484181568088035,0.09076753782668534,0.049414030261347996,0.33308390646492425,0.8916286107290234,1.125155433287483,11710.79917469051,2.222100210189822
-0.20458596973865195,-0.28631361760660234,-0.01769188445667136,-0.05484181568088031,0.08076753782668533,0.049414030261347996,0.2630839064649243,0.8716286107290234,1.155155433287483,11803.79917469051,2.2254175662994378
-0.21458596973865196,-0.27631361760660234,0.0023081155433286593,-0.06484181568088032,0.07076753782668532,0.059414030261348005,0.3030839064649242,0.8216286107290234,1.105155433287483,11098.79917469051,2.230021905899047
-0.20458596973865195,-0.27631361760660234,-0.01769188445667136,-0.10484181568088036,0.07076753782668532,0.059414030261348005,0.3030839064649242,0.7816286107290236,1.165155433287483,11069.79917469051,2.233420324325561
-0.21458596973865196,-0.29631361760660235,-0.027691884456671256,-0.10484181568088036,0.08076753782668533,-0.0005859697386520202,0.2730839064649243,0.7816286107290236,1.145155433287483,11486.79917469051,2.233420324325561
-0.22458596973865197,-0.27631361760660234,-0.01769188445667136,-0.10484181568088036,0.060767537826685314,0.07941403026134797,0.2630839064649243,0.7516286107290235,1.155155433287483,10797.79917469051,2.2379474163055413
-0.22458596973865197,-0.2563136176066023,-0.00769188445667135,-0.10484181568088036,0.060767537826685314,0.06941403026134801,0.19308390646492424,0.7516286107290235,1.135155433287483,10272.79917469051,2.242162418365478
-0.21458596973865196,-0.29631361760660235,-0.00769188445667135,-0.07484181568088033,0.050767537826685305,0.07941403026134797,0.21308390646492426,0.7916286107290236,1.125155433287483,10797.79917469051,2.246208143234252
-0.19458596973865194,-0.31631361760660237,-0.027691884456671256,-0.09484181568088035,0.050767537826685305,0.08941403026134798,0.22308390646492426,0.7216286107290235,1.0851554332874829,10688.79917469051,2.246208143234252
-0.20458596973865195,-0.30631361760660236,-0.037691884456671265,-0.10484181568088036,0.060767537826685314,0.06941403026134801,0.2630839064649243,0.6216286107290234,1.0751554332874829,10321.79917469051,2.2502114295959466
-0.19458596973865194,-0.28631361760660234,-0.00769188445667135,-0.07484181568088033,0.08076753782668533,0.03941403026134799,0.24308390646492428,0.6116286107290234,1.0451554332874828,10264.79917469051,2.2543649196624784
-0.23458596973865198,-0.29631361760660235,-0.00769188445667135,-0.10484181568088036,0.07076753782668532,0.03941403026134799,0.2830839064649243,0.5816286107290234,1.0251554332874828,10421.79917469051,2.258466672897338
-0.22458596973865197,-0.27631361760660234,-0.00769188445667135,-0.07484181568088033,0.060767537826685314,0.02941403026134798,0.2830839064649243,0.5716286107290234,0.9951554332874828,9834.79917469051,2.2615572929382317
-0.20458596973865195,-0.27631361760660234,-0.01769188445667136,-0.10484181568088036,0.060767537826685314,0.03941403026134799,0.2530839064649243,0.5416286107290236,0.9951554332874828,9601.79917469051,2.262459945678714
-0.22458596973865197,-0.28631361760660234,-0.037691884456671265,-0.09484181568088035,0.060767537826685314,0.02941403026134798,0.2630839064649243,0.5016286107290235,0.9951554332874828,9912.79917469051,2.2664680004119866
-0.21458596973865196,-0.2663136176066023,-0.027691884456671256,-0.08484181568088034,0.08076753782668533,0.03941403026134799,0.23308390646492427,0.5016286107290235,0.9751554332874828,10257.79917469051,2.270464611053466
-0.21458596973865196,-0.27631361760660234,-0.027691884456671256,-0.10484181568088036,0.07076753782668532,0.019414030261347998,0.24308390646492428,0.4816286107290235,0.9651554332874828,10312.79917469051,2.2745599269866936
-0.21458596973865196,-0.27631361760660234,-0.06769188445667129,-0.09484181568088035,0.050767537826685305,0.009414030261347989,0.20308390646492425,0.49162861072902353,0.9851554332874828,9931.79917469051,2.2745599269866936
-0.22458596973865197,-0.2563136176066023,-0.05769188445667128,-0.05484181568088031,0.060767537826685314,0.02941403026134798,0.21308390646492426,0.4616286107290235,0.9051554332874829,9834.79917469051,2.2799691677093534
-0.22458596973865197,-0.2563136176066023,-0.047691884456671274,-0.06484181568088032,0.030767537826685287,0.019414030261347998,0.20308390646492425,0.4516286107290235,0.8851554332874829,9685.79917469051,2.283969116210937
-0.22458596973865197,-0.2363136176066023,-0.0776918844566713,-0.05484181568088031,0.040767537826685296,0.03941403026134799,0.17308390646492433,0.4316286107290235,0.8751554332874829,9274.79917469051,2.2869727134704583
-0.254585969738652,-0.2363136176066023,-0.08769188445667131,-0.04484181568088036,0.02076753782668528,0.02941403026134798,0.18308390646492423,0.4416286107290235,0.8751554332874829,9721.79917469051,2.2879487991333
-0.244585969738652,-0.20631361760660227,-0.08769188445667131,-0.04484181568088036,0.02076753782668528,0.03941403026134799,0.19308390646492424,0.39162861072902344,0.8351554332874829,9666.79917469051,2.2905702114105218
-0.244585969738652,-0.21631361760660228,-0.0776918844566713,-0.04484181568088036,0.030767537826685287,0.03941403026134799,0.19308390646492424,0.3516286107290235,0.8451554332874829,9817.79917469051,2.295861911773681
-0.254585969738652,-0.20631361760660227,-0.08769188445667131,-0.04484181568088036,0.030767537826685287,0.03941403026134799,0.20308390646492425,0.38162861072902343,0.7851554332874828,9758.79917469051,2.2994637012481682
-0.264585969738652,-0.20631361760660227,-0.09769188445667132,-0.04484181568088036,0.030767537826685287,0.03941403026134799,0.22308390646492426,0.3716286107290234,0.7551554332874828,9213.79917469051,2.3005117893219023
-0.254585969738652,-0.21631361760660228,-0.10769188445667133,-0.03484181568088035,0.040767537826685296,0.059414030261348005,0.21308390646492426,0.3316286107290235,0.7551554332874828,9378.79917469051,2.3033239364624016
-0.264585969738652,-0.20631361760660227,-0.09769188445667132,-0.03484181568088035,0.040767537826685296,0.049414030261347996,0.20308390646492425,0.3216286107290235,0.7651554332874828,9649.79917469051,2.3072988510131793
-0.284585969738652,-0.19631361760660238,-0.08769188445667131,-0.04484181568088036,0.050767537826685305,0.06941403026134801,0.20308390646492425,0.27162861072902345,0.7551554332874828,9684.79917469051,2.31134386062622
-0.274585969738652,-0.19631361760660238,-0.09769188445667132,-0.03484181568088035,0.040767537826685296,0.07941403026134797,0.24308390646492428,0.2516286107290234,0.7651554332874828,9535.79917469051,2.312346172332763
-0.274585969738652,-0.21631361760660228,-0.10769188445667133,-0.03484181568088035,0.040767537826685296,0.07941403026134797,0.18308390646492423,0.2216286107290235,0.7551554332874828,9228.79917469051,2.3156086921691887
-0.244585969738652,-0.2263136176066023,-0.10769188445667133,-0.03484181568088035,0.050767537826685305,0.06941403026134801,0.19308390646492424,0.2516286107290234,0.6951554332874827,9531.79917469051,2.320675802230838
-0.274585969738652,-0.21631361760660228,-0.11769188445667134,-0.05484181568088031,0.060767537826685314,0.059414030261348005,0.20308390646492425,0.27162861072902345,0.6751554332874827,9442.79917469051,2.3237411499023395
-0.264585969738652,-0.21631361760660228,-0.11769188445667134,-0.03484181568088035,0.040767537826685296,0.06941403026134801,0.19308390646492424,0.19162861072902349,0.6951554332874827,9483.79917469051,2.327811431884765
-0.254585969738652,-0.21631361760660228,-0.15769188445667132,-0.05484181568088031,0.060767537826685314,0.06941403026134801,0.18308390646492423,0.18162861072902348,0.6651554332874827,9630.79917469051,2.327811431884765
-0.254585969738652,-0.19631361760660238,-0.1276918844566713,-0.03484181568088035,0.030767537826685287,0.059414030261348005,0.19308390646492424,0.16162861072902346,0.6551554332874827,9693.79917469051,2.3331171989440875
-0.264585969738652,-0.18631361760660237,-0.1376918844566713,-0.03484181568088035,0.040767537826685296,0.07941403026134797,0.21308390646492426,0.16162861072902346,0.6751554332874827,10066.79917469051,2.3375057697296135
-0.244585969738652,-0.19631361760660238,-0.1276918844566713,-0.02484181568088034,0.030767537826685287,0.07941403026134797,0.19308390646492424,0.10162861072902352,0.6951554332874827,9923.79917469051,2.3397724151611285
-0.23458596973865198,-0.21631361760660228,-0.1276918844566713,-0.06484181568088032,0.050767537826685305,0.06941403026134801,0.22308390646492426,0.11162861072902341,0.6951554332874827,10710.79917469051,2.340798330307006
-0.264585969738652,-0.18631361760660237,-0.11769188445667134,-0.05484181568088031,0.040767537826685296,0.06941403026134801,0.23308390646492427,0.13162861072902343,0.6451554332874827,10419.79917469051,2.3447951793670647
-0.244585969738652,-0.21631361760660228,-0.11769188445667134,-0.06484181568088032,0.030767537826685287,0.059414030261348005,0.17308390646492433,0.09162861072902351,0.6351554332874829,9926.79917469051,2.348842096328731
-0.244585969738652,-0.2263136176066023,-0.1376918844566713,-0.05484181568088031,0.040767537826685296,0.049414030261347996,0.16308390646492432,0.07162861072902349,0.6251554332874829,10209.79917469051,2.3527969837188714
-0.264585969738652,-0.2363136176066023,-0.10769188445667133,-0.05484181568088031,0.040767537826685296,0.06941403026134801,0.1330839064649243,0.07162861072902349,0.5851554332874829,10488.79917469051,2.3527969837188714
-0.21458596973865196,-0.2363136176066023,-0.08769188445667131,-0.05484181568088031,0.030767537826685287,0.049414030261347996,0.1330839064649243,0.0816286107290235,0.6251554332874829,10547.79917469051,2.357190799713134
-0.244585969738652,-0.21631361760660228,-0.0776918844566713,-0.03484181568088035,0.030767537826685287,0.059414030261348005,0.1530839064649243,0.05162861072902347,0.5751554332874829,10788.79917469051,2.360775661468505
-0.22458596973865197,-0.21631361760660228,-0.08769188445667131,-0.04484181568088036,0.02076753782668528,0.06941403026134801,0.1330839064649243,0.04162861072902346,0.5451554332874828,10625.79917469051,2.3657905578613274
-0.21458596973865196,-0.20631361760660227,-0.11769188445667134,-0.04484181568088036,0.040767537826685296,0.059414030261348005,0.09308390646492426,0.04162861072902346,0.5351554332874828,10958.79917469051,2.3657905578613274
-0.23458596973865198,-0.2363136176066023,-0.1276918844566713,-0.05484181568088031,0.040767537826685296,0.059414030261348005,0.11308390646492428,0.05162861072902347,0.5351554332874828,10899.79917469051,2.369407606124877
-0.19458596973865194,-0.2363136176066023,-0.1276918844566713,-0.06484181568088032,0.07076753782668532,0.06941403026134801,0.10308390646492427,0.04162861072902346,0.47515543328748283,10928.79917469051,2.374097061157226
-0.21458596973865196,-0.2463136176066023,-0.11769188445667134,-0.07484181568088033,0.050767537826685305,0.049414030261347996,0.12308390646492429,0.021628610729023445,0.4551554332874828,11095.79917469051,2.3770358085632317
-0.17458596973865204,-0.2463136176066023,-0.11769188445667134,-0.09484181568088035,0.050767537826685305,0.03941403026134799,0.12308390646492429,0.0016286107290234275,0.48515543328748284,11398.79917469051,2.3770358085632317
-0.23458596973865198,-0.2363136176066023,-0.10769188445667133,-0.06484181568088032,0.040767537826685296,0.049414030261347996,0.08308390646492425,-0.028371389270976488,0.4151554332874828,11449.79917469051,2.3821007728576653
-0.23458596973865198,-0.2363136176066023,-0.10769188445667133,-0.09484181568088035,0.050767537826685305,0.049414030261347996,0.10308390646492427,-0.048371389270976506,0.4451554332874828,11490.79917469051,2.385528278350833
-0.18458596973865204,-0.2263136176066023,-0.1276918844566713,-0.07484181568088033,0.050767537826685305,0.03941403026134799,0.12308390646492429,-0.048371389270976506,0.39515543328748276,11787.79917469051,2.389524173736568
-0.18458596973865204,-0.2263136176066023,-0.11769188445667134,-0.09484181568088035,0.050767537826685305,0.03941403026134799,0.09308390646492426,-0.058371389270976515,0.4251554332874828,12030.79917469051,2.3925172805786126
-0.20458596973865195,-0.2263136176066023,-0.10769188445667133,-0.08484181568088034,0.040767537826685296,0.02941403026134798,0.09308390646492426,-0.048371389270976506,0.38515543328748286,11921.79917469051,2.393518161773681
-0.23458596973865198,-0.2263136176066023,-0.10769188445667133,-0.09484181568088035,0.060767537826685314,0.02941403026134798,0.10308390646492427,-0.09837138927097655,0.37515543328748285,12312.79917469051,2.3976931095123284
-0.244585969738652,-0.27631361760660234,-0.1376918844566713,-0.09484181568088035,0.050767537826685305,0.02941403026134798,0.07308390646492424,-0.14837138927097654,0.3251554332874828,12147.79917469051,2.4016708850860624
-0.23458596973865198,-0.2363136176066023,-0.10769188445667133,-0.09484181568088035,0.050767537826685305,0.02941403026134798,0.08308390646492425,-0.09837138927097655,0.3051554332874828,11776.79917469051,2.4056992053985553
-0.254585969738652,-0.20631361760660227,-0.11769188445667134,-0.10484181568088036,0.07076753782668532,0.019414030261347998,0.02308390646492431,-0.07837138927097653,0.2951554332874828,11985.79917469051,2.4056992053985553
-0.254585969738652,-0.19631361760660238,-0.1376918844566713,-0.10484181568088036,0.050767537826685305,0.009414030261347989,0.043083906464924326,-0.11837138927097651,0.2651554332874828,12312.79917469051,2.409702014923095
-0.264585969738652,-0.18631361760660237,-0.1376918844566713,-0.11484181568088031,0.040767537826685296,0.019414030261347998,0.0130839064649243,-0.09837138927097655,0.35515543328748284,12857.79917469051,2.4139923572540276
-0.244585969738652,-0.18631361760660237,-0.16769188445667133,-0.10484181568088036,0.050767537826685305,0.02941403026134798,0.02308390646492431,-0.09837138927097655,0.2951554332874828,12838.79917469051,2.41798825263977
-0.20458596973865195,-0.20631361760660227,-0.15769188445667132,-0.10484181568088036,0.050767537826685305,0.019414030261347998,0.003083906464924291,-0.11837138927097651,0.3051554332874828,12903.79917469051,2.41798825263977
-0.254585969738652,-0.19631361760660238,-0.16769188445667133,-0.11484181568088031,0.08076753782668533,0.009414030261347989,0.0130839064649243,-0.11837138927097651,0.2751554332874828,12646.79917469051,2.421994161605838
-0.284585969738652,-0.18631361760660237,-0.16769188445667133,-0.09484181568088035,0.060767537826685314,0.02941403026134798,0.02308390646492431,-0.09837138927097655,0.3151554332874828,12719.79917469051,2.426000785827636
-0.274585969738652,-0.19631361760660238,-0.17769188445667133,-0.09484181568088035,0.060767537826685314,0.019414030261347998,0.02308390646492431,-0.09837138927097655,0.3051554332874828,12888.79917469051,2.430210542678836
-0.274585969738652,-0.18631361760660237,-0.1476918844566713,-0.08484181568088034,0.040767537826685296,0.02941403026134798,-0.006916093535075718,-0.06837138927097652,0.3251554332874828,12989.79917469051,2.4311716079711942
-0.264585969738652,-0.18631361760660237,-0.1476918844566713,-0.11484181568088031,0.07076753782668532,0.019414030261347998,-0.006916093535075718,-0.13837138927097653,0.3151554332874828,13056.79917469051,2.4342040538787835
-0.284585969738652,-0.19631361760660238,-0.1476918844566713,-0.12484181568088032,0.060767537826685314,0.02941403026134798,-0.016916093535075727,-0.10837138927097656,0.3451554332874828,12919.79917469051,2.4387056350708
-0.30458596973865204,-0.17631361760660236,-0.15769188445667132,-0.13484181568088033,0.07076753782668532,0.02941403026134798,0.003083906464924291,-0.11837138927097651,0.37515543328748285,13192.79917469051,2.443036270141601
-0.30458596973865204,-0.18631361760660237,-0.1376918844566713,-0.14484181568088034,0.08076753782668533,0.02941403026134798,-0.036916093535075745,-0.12837138927097652,0.3451554332874828,13505.79917469051,2.4440688610076897
-0.274585969738652,-0.18631361760660237,-0.15769188445667132,-0.12484181568088032,0.07076753782668532,0.02941403026134798,0.003083906464924291,-0.06837138927097652,0.35515543328748284,13446.79917469051,2.4470543384551995
-0.284585969738652,-0.19631361760660238,-0.1276918844566713,-0.13484181568088033,0.07076753782668532,0.02941403026134798,-0.016916093535075727,-0.12837138927097652,0.3351554332874828,13315.79917469051,2.451924276351928
-0.274585969738652,-0.18631361760660237,-0.1376918844566713,-0.15484181568088035,0.07076753782668532,0.019414030261347998,-0.006916093535075718,-0.13837138927097653,0.3451554332874828,13424.79917469051,2.4548873424530058
-0.274585969738652,-0.19631361760660238,-0.15769188445667132,-0.15484181568088035,0.08076753782668533,0.019414030261347998,0.003083906464924291,-0.09837138927097655,0.36515543328748284,13381.79917469051,2.4548873424530058
-0.264585969738652,-0.18631361760660237,-0.1476918844566713,-0.14484181568088034,0.07076753782668532,0.019414030261347998,0.0130839064649243,-0.15837138927097655,0.3451554332874828,13736.79917469051,2.4594237327575676
-0.29458596973865203,-0.15631361760660234,-0.1376918844566713,-0.13484181568088033,0.060767537826685314,0.009414030261347989,-0.006916093535075718,-0.12837138927097652,0.36515543328748284,13491.79917469051,2.462696981430053
-0.264585969738652,-0.20631361760660227,-0.1276918844566713,-0.16484181568088033,0.07076753782668532,-0.0005859697386520202,-0.006916093535075718,-0.12837138927097652,0.3351554332874828,13614.79917469051,2.4679669857025175
-0.264585969738652,-0.18631361760660237,-0.15769188445667132,-0.12484181568088032,0.060767537826685314,-0.0005859697386520202,-0.016916093535075727,-0.10837138927097656,0.3151554332874828,13727.79917469051,2.47099323272705
-0.30458596973865204,-0.15631361760660234,-0.15769188445667132,-0.12484181568088032,0.050767537826685305,-0.010585969738652001,-0.016916093535075727,-0.12837138927097652,0.3051554332874828,13990.79917469051,2.47099323272705
-0.274585969738652,-0.18631361760660237,-0.1376918844566713,-0.14484181568088034,0.050767537826685305,-0.010585969738652001,-0.016916093535075727,-0.14837138927097654,0.2951554332874828,14261.79917469051,2.4752940654754596
-0.274585969738652,-0.20631361760660227,-0.1476918844566713,-0.13484181568088033,0.040767537826685296,-0.0005859697386520202,-0.06691609353507577,-0.12837138927097652,0.2751554332874828,13986.79917469051,2.480360698699954
-0.254585969738652,-0.20631361760660227,-0.1376918844566713,-0.14484181568088034,0.050767537826685305,-0.010585969738652001,-0.06691609353507577,-0.09837138927097655,0.28515543328748283,13807.79917469051,2.4836549282073968
-0.264585969738652,-0.20631361760660227,-0.15769188445667132,-0.15484181568088035,0.050767537826685305,-0.010585969738652001,-0.07691609353507567,-0.09837138927097655,0.23515543328748278,13810.79917469051,2.4846660614013665
-0.264585969738652,-0.20631361760660227,-0.16769188445667133,-0.16484181568088033,0.040767537826685296,-0.0005859697386520202,-0.07691609353507567,-0.07837138927097653,0.2651554332874828,13411.79917469051,2.4876961231231682
-0.244585969738652,-0.21631361760660228,-0.15769188445667132,-0.18484181568088034,0.040767537826685296,-0.02058596973865201,-0.08691609353507568,-0.07837138927097653,0.23515543328748278,13056.79917469051,2.492752265930175
-0.254585969738652,-0.2363136176066023,-0.1276918844566713,-0.15484181568088035,0.02076753782668528,-0.02058596973865201,-0.08691609353507568,-0.07837138927097653,0.2051554332874828,12897.79917469051,2.4960205078124993
-0.274585969738652,-0.2463136176066023,-0.1376918844566713,-0.17484181568088034,0.01076753782668527,-0.02058596973865201,-0.1069160935350757,-0.06837138927097652,0.15515543328748282,13462.79917469051,2.496853065490722
-0.244585969738652,-0.2463136176066023,-0.16769188445667133,-0.13484181568088033,0.02076753782668528,-0.02058596973865201,-0.15691609353507574,-0.048371389270976506,0.1351554332874828,13051.79917469051,2.500160884857177
-0.244585969738652,-0.2363136176066023,-0.1876918844566713,-0.16484181568088033,-0.039232462173314664,-0.0005859697386520202,-0.14691609353507573,-0.12837138927097652,0.1351554332874828,12450.79917469051,2.5050830364227252
-0.254585969738652,-0.2663136176066023,-0.23769188445667133,-0.14484181568088034,-0.0792324621733147,-0.010585969738652001,-0.1769160935350757,-0.15837138927097655,0.1251554332874828,12493.79917469051,2.508635473251342
-0.284585969738652,-0.3263136176066024,-0.23769188445667133,-0.17484181568088034,-0.10923246217331473,-0.03058596973865202,-0.1769160935350757,-0.1783713892709765,0.0351554332874828,12506.79917469051,2.508635473251342
-0.274585969738652,-0.3663136176066023,-0.3176918844566713,-0.15484181568088035,-0.12923246217331463,-0.03058596973865202,-0.3269160935350757,-0.3183713892709765,-0.07484456671251719,12011.79917469051,2.512668085098266
-0.31458596973865194,-0.39631361760660233,-0.37769188445667135,-0.11484181568088031,-0.16923246217331467,-0.03058596973865202,-0.2669160935350757,-0.27837138927097654,-0.03484456671251718,11284.79917469051,2.516667556762691
-0.29458596973865203,-0.39631361760660233,-0.3076918844566713,-0.09484181568088035,-0.13923246217331464,-0.02058596973865201,-0.3169160935350757,-0.22837138927097655,-0.044844566712517187,9193.79917469051,2.520195913314822
-0.254585969738652,-0.3463136176066023,-0.24769188445667129,-0.09484181568088035,-0.13923246217331464,-0.02058596973865201,-0.3169160935350757,-0.16837138927097656,-0.03484456671251718,6988.79917469051,2.5212409019470208
-0.274585969738652,-0.3563136176066023,-0.21769188445667131,-0.09484181568088035,-0.14923246217331465,-0.02058596973865201,-0.3069160935350757,-0.16837138927097656,-0.03484456671251718,5925.79917469051,2.5248152732849114
-0.244585969738652,-0.3563136176066023,-0.21769188445667131,-0.08484181568088034,-0.12923246217331463,-0.02058596973865201,-0.3069160935350757,-0.19837138927097653,-0.03484456671251718,5658.79917469051,2.528877449035644
-0.23458596973865198,-0.3363136176066023,-0.24769188445667129,-0.10484181568088036,-0.11923246217331473,-0.03058596973865202,-0.3269160935350757,-0.20837138927097654,-0.054844566712517195,5603.79917469051,2.5338770866394036
-0.264585969738652,-0.3263136176066024,-0.2676918844566713,-0.10484181568088036,-0.11923246217331473,-0.03058596973865202,-0.3069160935350757,-0.1783713892709765,-0.044844566712517187,5750.79917469051,2.5367426395416253
-0.244585969738652,-0.28631361760660234,-0.22769188445667132,-0.10484181568088036,-0.11923246217331473,-0.040585969738652,-0.3069160935350757,-0.1783713892709765,-0.054844566712517195,5667.79917469051,2.5367426395416253
-0.254585969738652,-0.31631361760660237,-0.22769188445667132,-0.10484181568088036,-0.12923246217331463,-0.040585969738652,-0.3069160935350757,-0.21837138927097655,-0.054844566712517195,5430.79917469051,2.540744972229003
-0.254585969738652,-0.28631361760660234,-0.23769188445667133,-0.10484181568088036,-0.11923246217331473,-0.040585969738652,-0.2969160935350757,-0.21837138927097655,-0.07484456671251719,5599.79917469051,2.5452973365783684
-0.254585969738652,-0.30631361760660236,-0.23769188445667133,-0.13484181568088033,-0.12923246217331463,-0.03058596973865202,-0.3069160935350757,-0.2383713892709765,-0.054844566712517195,5414.79917469051,2.54915804862976
-0.30458596973865204,-0.3363136176066023,-0.2676918844566713,-0.12484181568088032,-0.12923246217331463,-0.040585969738652,-0.28691609353507574,-0.22837138927097655,-0.06484456671251719,5867.79917469051,2.5502247333526604
-0.274585969738652,-0.3463136176066023,-0.2576918844566713,-0.08484181568088034,-0.12923246217331463,-0.040585969738652,-0.34691609353507574,-0.24837138927097652,-0.06484456671251719,6000.79917469051,2.5526289463043206
-0.264585969738652,-0.3463136176066023,-0.24769188445667129,-0.07484181568088033,-0.13923246217331464,-0.05058596973865201,-0.28691609353507574,-0.26837138927097653,-0.07484456671251719,5069.79917469051,2.557543468475341
-0.264585969738652,-0.3363136176066023,-0.24769188445667129,-0.08484181568088034,-0.12923246217331463,-0.040585969738652,-0.3169160935350757,-0.26837138927097653,-0.06484456671251719,4780.79917469051,2.5615217208862333
-0.264585969738652,-0.3563136176066023,-0.2676918844566713,-0.13484181568088033,-0.11923246217331473,-0.05058596973865201,-0.34691609353507574,-0.28837138927097655,-0.07484456671251719,4903.79917469051,2.562471818923953
-0.254585969738652,-0.3263136176066024,-0.24769188445667129,-0.12484181568088032,-0.12923246217331463,-0.040585969738652,-0.3169160935350757,-0.2583713892709765,-0.07484456671251719,5156.79917469051,2.56590552330017
-0.22458596973865197,-0.30631361760660236,-0.24769188445667129,-0.10484181568088036,-0.12923246217331463,-0.05058596973865201,-0.33691609353507573,-0.26837138927097653,-0.07484456671251719,5223.79917469051,2.5708939552307157
-0.244585969738652,-0.3363136176066023,-0.22769188445667132,-0.09484181568088035,-0.13923246217331464,-0.040585969738652,-0.33691609353507573,-0.24837138927097652,-0.06484456671251719,5050.79917469051,2.574081373214721
-0.254585969738652,-0.3263136176066024,-0.2576918844566713,-0.09484181568088035,-0.12923246217331463,-0.05058596973865201,-0.3569160935350757,-0.26837138927097653,-0.0848445667125172,4999.79917469051,2.5750929832458453
-0.254585969738652,-0.3363136176066023,-0.2576918844566713,-0.09484181568088035,-0.14923246217331465,-0.05058596973865201,-0.3669160935350757,-0.28837138927097655,-0.0848445667125172,4756.79917469051,2.5785035610198968
-0.244585969738652,-0.3263136176066024,-0.2576918844566713,-0.09484181568088035,-0.16923246217331467,-0.040585969738652,-0.33691609353507573,-0.2983713892709765,-0.0848445667125172,4359.79917469051,2.5817687034606926
-0.22458596973865197,-0.3563136176066023,-0.23769188445667133,-0.09484181568088035,-0.13923246217331464,-0.040585969738652,-0.34691609353507574,-0.28837138927097655,-0.0848445667125172,4380.79917469051,2.5860754966735833
-0.22458596973865197,-0.3563136176066023,-0.23769188445667133,-0.11484181568088031,-0.12923246217331463,-0.040585969738652,-0.33691609353507573,-0.28837138927097655,-0.0848445667125172,4381.79917469051,2.587032270431518
-0.18458596973865204,-0.31631361760660237,-0.24769188445667129,-0.13484181568088033,-0.12923246217331463,-0.05058596973865201,-0.3669160935350757,-0.3083713892709765,-0.09484456671251719,4440.79917469051,2.5902523517608635
-0.21458596973865196,-0.3363136176066023,-0.2676918844566713,-0.11484181568088031,-0.14923246217331465,-0.05058596973865201,-0.33691609353507573,-0.2983713892709765,-0.07484456671251719,4283.79917469051,2.595261049270629
-0.21458596973865196,-0.3363136176066023,-0.24769188445667129,-0.12484181568088032,-0.13923246217331464,-0.05058596973865201,-0.3269160935350757,-0.3083713892709765,-0.0848445667125172,3990.79917469051,2.5979115486145012
-0.20458596973865195,-0.3263136176066024,-0.2876918844566713,-0.12484181568088032,-0.12923246217331463,-0.070585969738652,-0.3269160935350757,-0.2983713892709765,-0.1148445667125172,4103.79917469051,2.598974180221557
