-0.37065456545654557,-0.40585258525852586,-0.3151072607260727,-0.13903465346534657,-0.4709048404840485,-0.046630913091309095,-0.3177035203520351,-0.30343509350935083,-0.05953795379537952,60811.399889989,0.0014681339263873383
-0.39065456545654553,-0.37585258525852583,-0.3051072607260727,-0.14903465346534658,-0.4809048404840485,-0.036630913091309086,-0.3277035203520351,-0.32343509350935085,-0.05953795379537952,60938.399889989,0.006486129760741477
-0.41065456545654555,-0.38585258525852584,-0.3151072607260727,-0.10903465346534658,-0.5009048404840486,-0.036630913091309086,-0.29770352035203507,-0.2934350935093508,-0.04953795379537952,61473.399889989,0.009556961059573155
-0.39065456545654553,-0.3558525852585258,-0.27510726072607267,-0.0790346534653466,-0.5409048404840485,-0.026630913091309077,-0.3077035203520351,-0.28343509350935087,-0.04953795379537952,61922.399889989,0.01053781509399343
-0.40065456545654554,-0.3558525852585258,-0.27510726072607267,-0.13903465346534657,-0.5409048404840485,-0.026630913091309077,-0.3277035203520351,-0.28343509350935087,-0.04953795379537952,62559.399889989,0.013597679138182883
-0.40065456545654554,-0.29585258525852587,-0.27510726072607267,-0.05903465346534659,-0.5309048404840485,-0.026630913091309077,-0.3177035203520351,-0.28343509350935087,-0.04953795379537952,62624.399889989,0.018653345108031516
-0.41065456545654555,-0.2258525852585258,-0.32510726072607266,-0.04903465346534658,-0.5209048404840485,-0.016630913091309096,-0.3177035203520351,-0.30343509350935083,-0.04953795379537952,63851.399889989,0.02177996635437296
-0.41065456545654555,-0.2258525852585258,-0.2551072607260727,-0.08903465346534656,-0.5309048404840485,-0.0066309130913090875,-0.3377035203520351,-0.2934350935093508,-0.04953795379537952,64140.399889989,0.022399616241454368
-0.45065456545654553,-0.17585258525852587,-0.3751072607260727,-0.0690346534653466,-0.5609048404840485,-0.016630913091309096,-0.3377035203520351,-0.27343509350935086,-0.029537953795379518,64097.399889989,0.02652878761291433
-0.45065456545654553,-0.18585258525852588,-0.3151072607260727,-0.04903465346534658,-0.5709048404840485,-0.016630913091309096,-0.2877035203520351,-0.27343509350935086,-0.03953795379537952,64800.399889989,0.030527544021609287
-0.42065456545654556,-0.14585258525852585,-0.2951072607260727,-0.04903465346534658,-0.5809048404840484,-0.016630913091309096,-0.24770352035203508,-0.27343509350935086,-0.03953795379537952,65557.399889989,0.03425045013427663
-0.43065456545654557,-0.04585258525852587,-0.3051072607260727,-0.02903465346534656,-0.5609048404840485,-0.016630913091309096,-0.2677035203520351,-0.27343509350935086,-0.03953795379537952,66254.399889989,0.03527159690857218
-0.45065456545654553,-0.04585258525852587,-0.2551072607260727,-0.0690346534653466,-0.5809048404840484,-0.026630913091309077,-0.22770352035203512,-0.2534350935093509,-0.03953795379537952,66711.399889989,0.038709354400634055
-0.4406545654565455,0.004147414741474176,-0.27510726072607267,-0.04903465346534658,-0.5709048404840485,-0.016630913091309096,-0.2077035203520351,-0.23343509350935085,-0.03953795379537952,66810.399889989,0.04268617630004812
-0.41065456545654555,0.024147414741474194,-0.22510726072607268,-0.04903465346534658,-0.5609048404840485,-0.026630913091309077,-0.17770352035203507,-0.22343509350935087,-0.03953795379537952,66867.399889989,0.04675931930541921
-0.43065456545654557,0.08414741474147425,-0.1951072607260727,-0.03903465346534657,-0.5509048404840485,-0.026630913091309077,-0.18770352035203508,-0.22343509350935087,-0.03953795379537952,67218.399889989,0.05086393356323171
-0.46065456545654554,0.1841474147414741,-0.22510726072607268,-0.04903465346534658,-0.5809048404840484,-0.026630913091309077,-0.18770352035203508,-0.2534350935093509,-0.03953795379537952,67415.399889989,0.05086393356323171
-0.41065456545654555,0.22414741474147415,-0.20510726072607266,-0.03903465346534657,-0.5809048404840484,-0.026630913091309077,-0.1577035203520351,-0.2534350935093509,-0.03953795379537952,67832.399889989,0.055142831802367454
-0.46065456545654554,0.2941474147414742,-0.1851072607260727,-0.03903465346534657,-0.5909048404840485,-0.026630913091309077,-0.18770352035203508,-0.2534350935093509,-0.03953795379537952,68015.399889989,0.059142303466796164
-0.4406545654565455,0.32414741474147424,-0.1951072607260727,-0.019034653465346607,-0.5609048404840485,-0.026630913091309077,-0.18770352035203508,-0.2534350935093509,-0.03953795379537952,67776.399889989,0.06213755607605265
-0.43065456545654557,0.38414741474147407,-0.2351072607260727,0.0009653465346534107,-0.5709048404840485,-0.026630913091309077,-0.1977035203520351,-0.26343509350935085,-0.029537953795379518,67159.399889989,0.06313772201538015
-0.45065456545654553,0.46414741474147414,-0.20510726072607266,-0.02903465346534656,-0.5509048404840485,-0.016630913091309096,-0.24770352035203508,-0.2534350935093509,-0.029537953795379518,66888.399889989,0.06692523956298402
-0.41065456545654555,0.5141474147414742,-0.16510726072607268,-0.04903465346534658,-0.5509048404840485,-0.016630913091309096,-0.24770352035203508,-0.28343509350935087,-0.029537953795379518,66895.399889989,0.0714168071746819
-0.41065456545654555,0.5541474147414742,-0.16510726072607268,-0.05903465346534659,-0.5309048404840485,-0.036630913091309086,-0.2577035203520351,-0.27343509350935086,-0.029537953795379518,66160.399889989,0.07559556961059855
-0.3806545654565455,0.6241474147414741,-0.1351072607260727,-0.08903465346534656,-0.5609048404840485,-0.026630913091309077,-0.3177035203520351,-0.28343509350935087,-0.03953795379537952,65847.399889989,0.07641477584838441
-0.3806545654565455,0.7341474147414742,-0.11510726072607269,-0.08903465346534656,-0.5509048404840485,-0.026630913091309077,-0.3077035203520351,-0.30343509350935083,-0.03953795379537952,65888.399889989,0.07941265106201456
-0.41065456545654555,0.7641474147414742,-0.08510726072607266,-0.10903465346534658,-0.5509048404840485,-0.036630913091309086,-0.3477035203520351,-0.2934350935093508,-0.04953795379537952,65565.399889989,0.0844404220581012
-0.3806545654565455,0.854147414741474,-0.08510726072607266,-0.08903465346534656,-0.5409048404840485,-0.016630913091309096,-0.3977035203520351,-0.30343509350935083,-0.03953795379537952,64946.399889989,0.08775181770324991
-0.40065456545654554,0.9441474147414741,-0.05510726072607264,-0.13903465346534657,-0.5509048404840485,-0.026630913091309077,-0.3777035203520351,-0.30343509350935083,-0.03953795379537952,64903.399889989,0.08880610466003347
-0.43065456545654557,1.0441474147414742,-0.04510726072607263,-0.13903465346534657,-0.5409048404840485,-0.016630913091309096,-0.3877035203520351,-0.32343509350935085,-0.03953795379537952,64990.399889989,0.09217543601989675
-0.42065456545654556,1.154147414741474,-0.015107260726072713,-0.09903465346534657,-0.5209048404840485,-0.016630913091309096,-0.36770352035203513,-0.33343509350935086,-0.03953795379537952,64477.399889989,0.0960735797882073
-0.39065456545654553,1.2341474147414742,-0.05510726072607264,-0.10903465346534658,-0.5109048404840486,-0.0066309130913090875,-0.3877035203520351,-0.34343509350935086,-0.03953795379537952,64060.399889989,0.10107393264770437
-0.33065456545654553,1.3141474147414742,-0.08510726072607266,-0.0790346534653466,-0.5409048404840485,0.0033690869086909214,-0.3777035203520351,-0.33343509350935086,-0.03953795379537952,63911.399889989,0.10107393264770437
-0.3106545654565456,1.3941474147414743,-0.07510726072607266,-0.05903465346534659,-0.5309048404840485,0.0033690869086909214,-0.3877035203520351,-0.33343509350935086,-0.04953795379537952,63570.399889989,0.1040703773498528
-0.2506545654565455,1.4641474147414741,-0.05510726072607264,-0.0790346534653466,-0.5309048404840485,0.0033690869086909214,-0.36770352035203513,-0.33343509350935086,-0.029537953795379518,63101.399889989,0.1091975688934319
-0.2106545654565456,1.5441474147414742,-0.06510726072607265,-0.1290346534653466,-0.5309048404840485,-0.016630913091309096,-0.36770352035203513,-0.30343509350935083,-0.029537953795379518,62526.399889989,0.11253328323364187
-0.19065456545654558,1.614147414741474,-0.04510726072607263,-0.10903465346534658,-0.5409048404840485,-0.0066309130913090875,-0.36770352035203513,-0.32343509350935085,-0.029537953795379518,62049.399889989,0.11253328323364187
-0.19065456545654558,1.654147414741474,-0.05510726072607264,-0.10903465346534658,-0.5309048404840485,-0.016630913091309096,-0.3377035203520351,-0.31343509350935084,-0.029537953795379518,61892.399889989,0.11668105125427175
-0.14065456545654553,1.674147414741474,-0.03510726072607273,-0.1290346534653466,-0.5609048404840485,-0.026630913091309077,-0.3177035203520351,-0.2934350935093508,-0.019537953795379523,62055.399889989,0.11996312141418386
-0.12065456545654552,1.674147414741474,-0.03510726072607273,-0.13903465346534657,-0.5709048404840485,-0.016630913091309096,-0.2877035203520351,-0.27343509350935086,-0.009537953795379514,61738.399889989,0.12529177665710378
-0.12065456545654552,1.7541474147414742,-0.025107260726072722,-0.13903465346534657,-0.5709048404840485,-0.026630913091309077,-0.2777035203520351,-0.27343509350935086,-0.019537953795379523,61389.399889989,0.12831230163574148
-0.06065456545654557,1.724147414741474,0.0048927392739273046,-0.1290346534653466,-0.5509048404840485,-0.026630913091309077,-0.2777035203520351,-0.27343509350935086,-0.009537953795379514,61712.399889989,0.129308891296386
-0.050654565456545564,1.7141474147414741,0.024892739273927322,-0.13903465346534657,-0.5409048404840485,-0.016630913091309096,-0.3477035203520351,-0.28343509350935087,-0.009537953795379514,62339.399889989,0.13231248855590394
-0.030654565456545546,1.724147414741474,0.024892739273927322,-0.14903465346534658,-0.5509048404840485,-0.026630913091309077,-0.3477035203520351,-0.27343509350935086,-0.029537953795379518,62300.399889989,0.1373567104339557
0.029345434543454507,1.724147414741474,0.04489273927392734,-0.16903465346534657,-0.5409048404840485,-0.026630913091309077,-0.3577035203520351,-0.30343509350935083,-0.019537953795379523,62859.399889989,0.14089770317077566
0.049345434543454414,1.7041474147414744,0.05489273927392735,-0.14903465346534658,-0.5509048404840485,-0.016630913091309096,-0.3577035203520351,-0.2934350935093508,-0.019537953795379523,63578.399889989,0.1419097900390618
0.07934543454345444,1.6941474147414741,0.07489273927392737,-0.2190346534653466,-0.5609048404840485,-0.036630913091309086,-0.3477035203520351,-0.2934350935093508,-0.009537953795379514,63767.399889989,0.14611358642578054
0.09934543454345446,1.6941474147414741,0.08489273927392726,-0.1890346534653466,-0.5509048404840485,-0.026630913091309077,-0.3777035203520351,-0.31343509350935084,0.00046204620462048096,64026.399889989,0.1498443603515618
0.1393454345434545,1.674147414741474,0.1348927392739273,-0.19903465346534657,-0.5509048404840485,-0.016630913091309096,-0.3477035203520351,-0.31343509350935084,0.00046204620462048096,64127.399889989,0.15327520370483327
0.1693454345434544,1.614147414741474,0.17489273927392734,-0.2490346534653466,-0.5409048404840485,-0.026630913091309077,-0.3577035203520351,-0.2934350935093508,0.00046204620462048096,64526.399889989,0.15418381690978933
0.19934543454345444,1.5641474147414742,0.22489273927392728,-0.22903465346534657,-0.5509048404840485,-0.026630913091309077,-0.3477035203520351,-0.30343509350935083,0.00046204620462048096,65017.399889989,0.15696425437927175
0.22934543454345446,1.5241474147414742,0.2648927392739273,-0.20903465346534658,-0.5409048404840485,-0.036630913091309086,-0.3577035203520351,-0.2934350935093508,0.00046204620462048096,65038.399889989,0.16209096908569265
0.23934543454345447,1.474147414741474,0.29489273927392734,-0.1590346534653466,-0.5109048404840486,-0.0066309130913090875,-0.3777035203520351,-0.28343509350935087,0.00046204620462048096,64963.399889989,0.16555972099304128
0.24934543454345448,1.4441474147414741,0.3948927392739273,-0.14903465346534658,-0.5109048404840486,0.0033690869086909214,-0.3577035203520351,-0.2934350935093508,0.00046204620462048096,65094.399889989,0.16652150154113698
0.2593454345434545,1.384147414741474,0.43489273927392735,-0.1290346534653466,-0.5109048404840486,0.013369086908690903,-0.3277035203520351,-0.2934350935093508,0.00046204620462048096,65245.399889989,0.17054052352905202
0.2793454345434545,1.3341474147414742,0.4848927392739274,-0.16903465346534657,-0.5109048404840486,-0.016630913091309096,-0.3177035203520351,-0.27343509350935086,0.010462046204620476,65536.399889989,0.1735255241394036
0.2793454345434545,1.284147414741474,0.5548927392739272,-0.1890346534653466,-0.5109048404840486,-0.026630913091309077,-0.3277035203520351,-0.27343509350935086,0.010462046204620476,66023.399889989,0.17796440124511648
0.2693454345434545,1.264147414741474,0.5748927392739273,-0.19903465346534657,-0.5109048404840486,-0.026630913091309077,-0.2777035203520351,-0.2534350935093509,0.020462046204620485,66092.399889989,0.1789738655090325
0.2993454345434545,1.2141474147414741,0.6248927392739273,-0.1890346534653466,-0.5009048404840486,-0.026630913091309077,-0.2577035203520351,-0.24343509350935086,0.03046204620462048,66837.399889989,0.18162436485290456
0.2793454345434545,1.174147414741474,0.6848927392739274,-0.14903465346534658,-0.5009048404840486,-0.016630913091309096,-0.3077035203520351,-0.2534350935093509,0.03046204620462048,67748.399889989,0.1861292839050286
0.2993454345434545,1.1241474147414743,0.7048927392739274,-0.09903465346534657,-0.5009048404840486,0.013369086908690903,-0.3077035203520351,-0.2534350935093509,0.03046204620462048,68337.399889989,0.19024081230163858
0.30934543454345453,1.1041474147414743,0.7548927392739274,-0.09903465346534657,-0.49090484048404853,0.0433690869086909,-0.3077035203520351,-0.2534350935093509,0.020462046204620485,68698.399889989,0.19125671386718324
0.32934543454345455,1.034147414741474,0.7848927392739272,-0.09903465346534657,-0.5009048404840486,-0.026630913091309077,-0.24770352035203508,-0.23343509350935085,0.050462046204620484,69225.399889989,0.1938666820526116
0.33934543454345456,1.054147414741474,0.7848927392739272,-0.05903465346534659,-0.5009048404840486,-0.016630913091309096,-0.24770352035203508,-0.22343509350935087,0.040462046204620475,70124.399889989,0.19889230728149343
0.36934543454345437,0.994147414741474,0.8148927392739272,-0.11903465346534658,-0.49090484048404853,0.0033690869086909214,-0.24770352035203508,-0.22343509350935087,0.050462046204620484,70989.399889989,0.20244617462158132
0.3893454345434544,0.9341474147414741,0.8448927392739273,-0.11903465346534658,-0.5009048404840486,-0.026630913091309077,-0.24770352035203508,-0.24343509350935086,0.06046204620462049,71660.399889989,0.2064327716827421
0.3893454345434544,0.9241474147414741,0.8648927392739273,-0.14903465346534658,-0.49090484048404853,-0.0066309130913090875,-0.2577035203520351,-0.21343509350935086,0.06046204620462049,72565.399889989,0.20750708580017374
0.4293454345434544,0.8941474147414741,0.8748927392739273,-0.13903465346534657,-0.4709048404840485,0.0033690869086909214,-0.2777035203520351,-0.21343509350935086,0.06046204620462049,73160.399889989,0.21061892509460378
0.4393454345434544,0.8141474147414742,0.9148927392739273,-0.1290346534653466,-0.4809048404840485,-0.016630913091309096,-0.2777035203520351,-0.21343509350935086,0.07046204620462047,73879.399889989,0.21566147804260183
0.44934543454345444,0.854147414741474,0.8848927392739273,-0.0790346534653466,-0.4609048404840485,-0.0066309130913090875,-0.3177035203520351,-0.22343509350935087,0.06046204620462049,74570.399889989,0.2188064575195341
0.44934543454345444,0.8241474147414742,0.9148927392739273,-0.0690346534653466,-0.45090484048404855,0.03336908690869092,-0.3477035203520351,-0.24343509350935086,0.06046204620462049,74831.399889989,0.2198614597320514
0.45934543454345445,0.8341474147414742,0.9248927392739273,-0.13903465346534657,-0.45090484048404855,0.013369086908690903,-0.3577035203520351,-0.2534350935093509,0.07046204620462047,74912.399889989,0.22286005020141175
0.46934543454345445,0.8141474147414742,0.9448927392739274,-0.1590346534653466,-0.45090484048404855,0.013369086908690903,-0.3777035203520351,-0.24343509350935086,0.07046204620462047,75133.399889989,0.2271947383880608
0.45934543454345445,0.7941474147414742,0.9448927392739274,-0.14903465346534658,-0.4209048404840485,0.013369086908690903,-0.40770352035203505,-0.23343509350935085,0.06046204620462049,75014.399889989,0.23160858154296804
0.44934543454345444,0.8041474147414742,0.9948927392739274,-0.17903465346534658,-0.4109048404840485,0.013369086908690903,-0.3777035203520351,-0.23343509350935085,0.07046204620462047,75073.399889989,0.23160858154296804
0.4293454345434544,0.8241474147414742,0.9848927392739274,-0.09903465346534657,-0.4009048404840485,0.05336908690869091,-0.36770352035203513,-0.2534350935093509,0.050462046204620484,74770.399889989,0.23590178489685343
0.4393454345434544,0.7941474147414742,0.9948927392739274,-0.13903465346534657,-0.3709048404840485,0.0733690869086909,-0.3877035203520351,-0.28343509350935087,0.050462046204620484,74717.399889989,0.2393829345703118
0.4193454345434544,0.8041474147414742,1.034892739273927,-0.09903465346534657,-0.3509048404840486,0.11336908690869094,-0.41770352035203506,-0.2534350935093509,0.06046204620462049,75026.399889989,0.24395318031310964
0.4093454345434544,0.7841474147414742,1.0248927392739273,-0.11903465346534658,-0.34090484048404857,0.09336908690869092,-0.3977035203520351,-0.26343509350935085,0.06046204620462049,74703.399889989,0.24495167732238343
0.4193454345434544,0.7641474147414742,1.0548927392739271,-0.10903465346534658,-0.2909048404840485,0.10336908690869093,-0.41770352035203506,-0.2534350935093509,0.07046204620462047,74526.399889989,0.24697489738464284
0.4193454345434544,0.7341474147414742,1.0548927392739271,-0.0690346534653466,-0.2809048404840485,0.11336908690869094,-0.3877035203520351,-0.2534350935093509,0.07046204620462047,74145.399889989,0.2513896942138665
0.45934543454345445,0.6741474147414741,1.0748927392739271,-0.09903465346534657,-0.2709048404840485,0.12336908690869089,-0.3977035203520351,-0.27343509350935086,0.050462046204620484,73848.399889989,0.2559587478637724
0.48934543454345447,0.6441474147414741,1.0648927392739274,-0.02903465346534656,-0.2509048404840485,0.17336908690869093,-0.36770352035203513,-0.26343509350935085,0.06046204620462049,73821.399889989,0.2569570064544635
0.5493454345434545,0.5541474147414742,1.1148927392739272,0.0009653465346534107,-0.24090484048404848,0.1833690869086909,-0.3777035203520351,-0.27343509350935086,0.07046204620462047,73972.399889989,0.25995917320251394
0.5693454345434545,0.5141474147414742,1.1148927392739272,0.030965346534653437,-0.22090484048404857,0.1833690869086909,-0.3877035203520351,-0.26343509350935085,0.08046204620462048,73989.399889989,0.26395864486694265
0.5993454345434543,0.48414741474147416,1.1248927392739274,0.030965346534653437,-0.17090484048404853,0.2133690869086909,-0.40770352035203505,-0.30343509350935083,0.050462046204620484,73744.399889989,0.2680484771728544
0.5793454345434546,0.46414741474147414,1.1848927392739275,-0.019034653465346607,-0.1409048404840485,0.2033690869086909,-0.36770352035203513,-0.2934350935093508,0.08046204620462048,73695.399889989,0.27201719284057546
0.5793454345434546,0.4141474147414741,1.1948927392739273,0.01096534653465342,-0.10090484048404857,0.24336908690869088,-0.3777035203520351,-0.31343509350935084,0.07046204620462047,73388.399889989,0.2721337795257561
0.5893454345434546,0.3941474147414741,1.2148927392739273,0.01096534653465342,-0.10090484048404857,0.23336908690869093,-0.3777035203520351,-0.2934350935093508,0.06046204620462049,73485.399889989,0.27715535163879323
0.5493454345434545,0.37414741474147406,1.2548927392739273,0.02096534653465343,-0.08090484048404856,0.22336908690869092,-0.36770352035203513,-0.27343509350935086,0.07046204620462047,73222.399889989,0.28029770851135183
0.4993454345434545,0.35414741474147404,1.3148927392739274,0.02096534653465343,0.01909515951595142,0.24336908690869088,-0.3277035203520351,-0.2934350935093508,0.07046204620462047,72871.399889989,0.28434891700744913
0.44934543454345444,0.34414741474147403,1.3448927392739272,0.030965346534653437,0.03909515951595144,0.23336908690869093,-0.3777035203520351,-0.30343509350935083,0.06046204620462049,71850.399889989,0.28434891700744913
0.3993454345434544,0.34414741474147403,1.3848927392739272,0.02096534653465343,0.09909515951595149,0.24336908690869088,-0.36770352035203513,-0.2534350935093509,0.09046204620462049,70479.399889989,0.28835625648498464
0.4193454345434544,0.32414741474147424,1.3848927392739272,0.0509653465346534,0.11909515951595151,0.25336908690869087,-0.3477035203520351,-0.2534350935093509,0.08046204620462048,69418.399889989,0.2933492183685331
0.4093454345434544,0.33414741474147425,1.3648927392739272,0.09096534653465344,0.14909515951595154,0.2833690869086909,-0.29770352035203507,-0.23343509350935085,0.10046204620462047,68205.399889989,0.2965576171874993
0.3893454345434544,0.33414741474147425,1.3748927392739274,0.08096534653465343,0.18909515951595157,0.24336908690869088,-0.2177035203520351,-0.22343509350935087,0.10046204620462047,67558.399889989,0.29735989570617605
0.3793454345434544,0.3041474147414742,1.3548927392739274,0.07096534653465342,0.21909515951595138,0.24336908690869088,-0.1977035203520351,-0.19343509350935084,0.10046204620462047,66041.399889989,0.30168290138244913
0.3993454345434544,0.31414741474147423,1.3148927392739274,0.09096534653465344,0.27909515951595143,0.2633690869086909,-0.18770352035203508,-0.17343509350935088,0.12046204620462049,64630.399889989,0.3052551269531243
0.3993454345434544,0.36414741474147405,1.2748927392739273,0.10096534653465339,0.3290951595159515,0.2933690869086909,-0.1377035203520351,-0.16343509350935087,0.13046204620462049,64299.399889989,0.30981059074401784
0.4293454345434544,0.35414741474147404,1.2248927392739275,0.13096534653465342,0.3590951595159515,0.2633690869086909,-0.12770352035203508,-0.15343509350935086,0.12046204620462049,63736.399889989,0.30981059074401784
0.46934543454345445,0.33414741474147425,1.1748927392739272,0.15096534653465343,0.40909515951595155,0.35336908690869095,-0.1377035203520351,-0.13343509350935084,0.1404620462046205,62961.399889989,0.3129336357116692
0.46934543454345445,0.3041474147414742,1.1448927392739274,0.18096534653465346,0.41909515951595155,0.4033690869086909,-0.1477035203520351,-0.13343509350935084,0.1504620462046205,61972.399889989,0.3173264980316155
0.5293454345434545,0.2741474147414742,1.0748927392739271,0.21096534653465338,0.4690951595159514,0.4233690869086909,-0.1477035203520351,-0.10343509350935087,0.18046204620462047,61279.399889989,0.32149667739868093
0.5193454345434545,0.2941474147414742,1.0448927392739273,0.2309653465346534,0.4690951595159514,0.49336908690869097,-0.11770352035203507,-0.043435093509350875,0.22046204620462045,60560.399889989,0.32149667739868093
0.5393454345434545,0.3041474147414742,1.0048927392739273,0.2509653465346534,0.5090951595159514,0.5433690869086909,-0.11770352035203507,-0.033435093509350866,0.22046204620462045,60439.399889989,0.32549734115600515
0.5793454345434546,0.2941474147414742,0.9048927392739273,0.2509653465346534,0.5590951595159515,0.593369086908691,-0.12770352035203508,-0.043435093509350875,0.28046204620462045,59736.399889989,0.3290795803070097
0.5693454345434545,0.3041474147414742,0.8948927392739273,0.30096534653465346,0.5190951595159514,0.6633690869086909,-0.0777035203520351,-0.033435093509350866,0.33046204620462044,58741.399889989,0.33370752334594656
0.5493454345434545,0.2741474147414742,0.9148927392739273,0.32096534653465336,0.5890951595159515,0.6933690869086909,-0.0777035203520351,0.006564906490649114,0.3704620462046205,57918.399889989,0.33470745086670206
0.5393454345434545,0.2941474147414742,0.9248927392739273,0.30096534653465346,0.6090951595159515,0.6733690869086909,-0.04770352035203507,0.016564906490649123,0.40046204620462045,57087.399889989,0.33725900650024343
0.47934543454345446,0.3041474147414742,0.9148927392739273,0.3609653465346534,0.6490951595159515,0.723369086908691,-0.01770352035203504,0.06656490649064917,0.39046204620462044,56326.399889989,0.3415393352508538
0.4393454345434544,0.3041474147414742,0.9148927392739273,0.3409653465346534,0.6890951595159516,0.743369086908691,0.0022964796479648664,0.06656490649064917,0.41046204620462046,55711.399889989,0.3464264392852776
0.4293454345434544,0.31414741474147423,0.8948927392739273,0.3509653465346534,0.7490951595159514,0.743369086908691,0.012296479647964875,0.1165649064906491,0.4404620462046205,54696.399889989,0.3495647430419915
0.3893454345434544,0.32414741474147424,0.8748927392739273,0.3509653465346534,0.8390951595159515,0.723369086908691,-0.0077035203520351425,0.1165649064906491,0.4804620462046205,54349.399889989,0.3502659320831327
0.33934543454345456,0.32414741474147424,0.8648927392739273,0.3509653465346534,0.8890951595159515,0.7033690869086909,0.09229647964796495,0.1165649064906491,0.5004620462046204,54136.399889989,0.3543321609497063
0.30934543454345453,0.33414741474147425,0.8448927392739273,0.3609653465346534,0.9190951595159516,0.6933690869086909,0.07229647964796493,0.13656490649064912,0.5004620462046204,53731.399889989,0.3581633090972929
0.24934543454345448,0.33414741474147425,0.8448927392739273,0.3409653465346534,0.9790951595159514,0.723369086908691,0.06229647964796492,0.14656490649064913,0.5104620462046204,53554.399889989,0.36179513931274343
0.2593454345434545,0.35414741474147404,0.8348927392739273,0.3709653465346534,0.9990951595159514,0.723369086908691,0.08229647964796494,0.14656490649064913,0.5204620462046204,53607.399889989,0.3628401279449456
0.21934543454345445,0.34414741474147403,0.7748927392739272,0.3509653465346534,1.0290951595159514,0.6833690869086909,0.11229647964796485,0.1265649064906491,0.5204620462046204,53632.399889989,0.3665992736816399
0.20934543454345445,0.32414741474147424,0.7548927392739274,0.3909653465346534,1.0290951595159514,0.753369086908691,0.11229647964796485,0.15656490649064914,0.5404620462046205,53669.399889989,0.3701238155364983
0.17934543454345442,0.36414741474147405,0.7448927392739274,0.41096534653465344,1.0690951595159515,0.763369086908691,0.1522964796479649,0.1265649064906491,0.5304620462046205,53530.399889989,0.3740403175353997
0.19934543454345444,0.32414741474147424,0.7148927392739274,0.42096534653465345,1.0290951595159514,0.843369086908691,0.18229647964796492,0.14656490649064913,0.5304620462046205,53281.399889989,0.37501425743102956
0.18934543454345443,0.2941474147414742,0.7348927392739274,0.42096534653465345,1.0990951595159515,0.853369086908691,0.1722964796479649,0.1265649064906491,0.5204620462046204,53654.399889989,0.3791241168975823
0.12934543454345448,0.2841474147414742,0.7048927392739274,0.44096534653465347,1.0590951595159515,0.923369086908691,0.13229647964796487,0.13656490649064912,0.5304620462046205,53953.399889989,0.3831336021423333
0.1493454345434545,0.2641474147414742,0.6948927392739274,0.4809653465346534,1.0190951595159514,0.9833690869086908,0.11229647964796485,0.1265649064906491,0.5004620462046204,54028.399889989,0.3861431598663323
0.12934543454345448,0.2641474147414742,0.6848927392739274,0.4809653465346534,0.9790951595159514,1.053369086908691,0.07229647964796493,0.1265649064906491,0.5004620462046204,54455.399889989,0.38712091445922425
0.12934543454345448,0.23414741474147416,0.6748927392739273,0.5309653465346534,0.9390951595159516,1.133369086908691,0.05229647964796491,0.1265649064906491,0.4704620462046205,54820.399889989,0.39113397598266175
0.11934543454345448,0.24414741474147417,0.6648927392739273,0.5609653465346535,0.8890951595159515,1.143369086908691,0.0422964796479649,0.1265649064906491,0.4604620462046205,55021.399889989,0.3952874660491936
0.07934543454345444,0.21414741474147414,0.6248927392739273,0.6009653465346534,0.8590951595159515,1.2133690869086908,-0.0077035203520351425,0.13656490649064912,0.4404620462046205,55284.399889989,0.399281454086303
0.12934543454345448,0.1841474147414741,0.6148927392739273,0.6109653465346534,0.7990951595159514,1.303369086908691,-0.04770352035203507,0.1165649064906491,0.4504620462046205,55631.399889989,0.399281454086303
0.10934543454345447,0.1541474147414741,0.5948927392739273,0.6309653465346534,0.8090951595159515,1.313369086908691,-0.04770352035203507,0.1165649064906491,0.39046204620462044,55912.399889989,0.40274972915649343
0.09934543454345446,0.1841474147414741,0.5548927392739272,0.6709653465346535,0.7790951595159514,1.333369086908691,-0.057703520352035076,0.10656490649064909,0.36046204620462047,56467.399889989,0.40757555961608816
0.08934543454345445,0.1741474147414741,0.5248927392739272,0.7209653465346535,0.7590951595159514,1.353369086908691,-0.06770352035203508,0.10656490649064909,0.34046204620462045,57084.399889989,0.41108698844909597
0.06934543454345443,0.1841474147414741,0.5048927392739274,0.7409653465346535,0.7390951595159514,1.373369086908691,-0.057703520352035076,0.07656490649064918,0.33046204620462044,57541.399889989,0.41508288383483816
0.039345434543454405,0.11414741474147405,0.4948927392739274,0.7309653465346535,0.7090951595159514,1.433369086908691,-0.1377035203520351,0.1165649064906491,0.3204620462046205,58394.399889989,0.41508288383483816
0.0193454345434545,0.13414741474147407,0.4948927392739274,0.7509653465346535,0.6890951595159516,1.4733690869086908,-0.1577035203520351,0.04656490649064915,0.34046204620462045,58977.399889989,0.4192265987396233
0.00934543454345449,0.1641474147414741,0.45489273927392737,0.7609653465346533,0.6590951595159515,1.4933690869086909,-0.1577035203520351,0.04656490649064915,0.3104620462046205,59970.399889989,0.424242448806762
-0.010654565456545528,0.1541474147414741,0.4048927392739273,0.7709653465346533,0.6190951595159515,1.543369086908691,-0.18770352035203508,0.06656490649064917,0.28046204620462045,60815.399889989,0.4273416519165032
-0.06065456545654557,0.1641474147414741,0.43489273927392735,0.7909653465346533,0.5790951595159515,1.573369086908691,-0.16770352035203512,0.06656490649064917,0.29046204620462046,61380.399889989,0.4282454967498772
-0.06065456545654557,0.1541474147414741,0.3848927392739273,0.8109653465346534,0.5390951595159514,1.613369086908691,-0.1577035203520351,0.04656490649064915,0.28046204620462045,62203.399889989,0.4314462661743157
-0.040654565456545555,0.07414741474147424,0.4048927392739273,0.8109653465346534,0.5290951595159514,1.643369086908691,-0.1577035203520351,0.02656490649064913,0.29046204620462046,62766.399889989,0.43673272132873464
-0.07065456545654558,0.08414741474147425,0.41489273927392734,0.8209653465346534,0.5090951595159514,1.663369086908691,-0.1477035203520351,0.05656490649064916,0.30046204620462047,63505.399889989,0.4400190830230706
-0.040654565456545555,0.024147414741474194,0.33489273927392726,0.8209653465346534,0.4990951595159514,1.683369086908691,-0.06770352035203508,0.04656490649064915,0.3204620462046205,64388.399889989,0.4409977912902825
-0.030654565456545546,0.024147414741474194,0.3448927392739273,0.8209653465346534,0.4690951595159514,1.7133690869086908,-0.10770352035203512,-0.0034350935093508395,0.28046204620462045,64637.399889989,0.4442035675048821
-0.050654565456545564,0.014147414741474185,0.31489273927392736,0.8109653465346534,0.45909515951595137,1.7233690869086908,-0.11770352035203507,0.06656490649064917,0.27046204620462044,65494.399889989,0.44878716468810964
-0.050654565456545564,-0.005852585258525833,0.32489273927392737,0.8009653465346533,0.4690951595159514,1.7433690869086909,-0.11770352035203507,0.07656490649064918,0.22046204620462045,66103.399889989,0.4529792785644524
-0.020654565456545537,-0.04585258525852587,0.33489273927392726,0.8109653465346534,0.43909515951595157,1.7733690869086909,-0.09770352035203511,0.13656490649064912,0.2504620462046205,66622.399889989,0.4529792785644524
0.00934543454345449,-0.015852585258525842,0.31489273927392736,0.8109653465346534,0.42909515951595156,1.7633690869086909,-0.1577035203520351,0.1265649064906491,0.2604620462046205,67535.399889989,0.45699949264526296
0.029345434543454507,-0.005852585258525833,0.31489273927392736,0.8309653465346534,0.39909515951595154,1.783369086908691,-0.2077035203520351,0.1165649064906491,0.24046204620462047,68566.399889989,0.46122164726257253
0.0193454345434545,-0.015852585258525842,0.30489273927392735,0.8309653465346534,0.3590951595159515,1.793369086908691,-0.1477035203520351,0.14656490649064913,0.2504620462046205,68939.399889989,0.4645664215087848
-0.040654565456545555,-0.005852585258525833,0.28489273927392733,0.8409653465346534,0.3790951595159515,1.803369086908691,-0.16770352035203512,0.13656490649064912,0.2604620462046205,69084.399889989,0.4657632827758782
-0.020654565456545537,-0.015852585258525842,0.29489273927392734,0.8709653465346534,0.39909515951595154,1.7533690869086909,-0.1377035203520351,0.1265649064906491,0.2504620462046205,69153.399889989,0.46927232742309144
-0.020654565456545537,-0.03585258525852586,0.28489273927392733,0.8909653465346534,0.3490951595159515,1.7733690869086909,-0.1577035203520351,0.1165649064906491,0.2504620462046205,70170.399889989,0.47356243133545206
-0.020654565456545537,-0.04585258525852587,0.29489273927392734,0.9309653465346535,0.31909515951595147,1.7533690869086909,-0.10770352035203512,0.07656490649064918,0.21046204620462045,70839.399889989,0.4776691913604729
-0.010654565456545528,-0.0758525852585259,0.30489273927392735,0.9509653465346535,0.30909515951595146,1.7633690869086909,-0.1477035203520351,0.10656490649064909,0.19046204620462048,71104.399889989,0.4776691913604729
-0.020654565456545537,-0.06585258525852589,0.2548927392739273,1.0109653465346533,0.27909515951595143,1.7233690869086908,-0.11770352035203507,0.08656490649064918,0.17046204620462047,71209.399889989,0.4816901206970208
-0.020654565456545537,-0.0858525852585259,0.28489273927392733,1.0309653465346533,0.28909515951595144,1.703369086908691,-0.0877035203520351,0.06656490649064917,0.19046204620462048,71916.399889989,0.48567910194397257
-0.020654565456545537,-0.03585258525852586,0.30489273927392735,1.0709653465346534,0.28909515951595144,1.653369086908691,-0.0777035203520351,0.05656490649064916,0.18046204620462047,72567.399889989,0.4891070842742913
-0.040654565456545555,-0.02585258525852585,0.28489273927392733,1.0709653465346534,0.29909515951595145,1.653369086908691,-0.10770352035203512,0.10656490649064909,0.21046204620462045,72436.399889989,0.49314327239990163
-0.1006545654565455,-0.005852585258525833,0.2748927392739273,1.0809653465346534,0.29909515951595145,1.653369086908691,-0.0777035203520351,0.15656490649064914,0.22046204620462045,72235.399889989,0.4943294048309319
-0.0906545654565456,-0.005852585258525833,0.28489273927392733,1.0809653465346534,0.28909515951595144,1.653369086908691,-0.03770352035203506,0.15656490649064914,0.22046204620462045,71830.399889989,0.4979180812835722
-0.12065456545654552,0.004147414741474176,0.2548927392739273,1.0709653465346534,0.27909515951595143,1.693369086908691,-0.06770352035203508,0.1265649064906491,0.19046204620462048,71469.399889989,0.5016154766082757
-0.06065456545654557,-0.005852585258525833,0.32489273927392737,1.0409653465346533,0.2690951595159514,1.693369086908691,-0.04770352035203507,0.15656490649064914,0.2004620462046205,71010.399889989,0.5049781322479241
-0.08065456545654559,-0.03585258525852586,0.28489273927392733,1.0209653465346533,0.2490951595159514,1.7433690869086909,-0.06770352035203508,0.14656490649064913,0.2004620462046205,70795.399889989,0.5049781322479241
-0.07065456545654558,-0.04585258525852587,0.28489273927392733,0.9809653465346535,0.28909515951595144,1.7433690869086909,-0.04770352035203507,0.19656490649064917,0.23046204620462046,70754.399889989,0.5091223239898639
-0.1006545654565455,-0.015852585258525842,0.28489273927392733,0.9509653465346535,0.27909515951595143,1.7633690869086909,-0.057703520352035076,0.19656490649064917,0.2604620462046205,70941.399889989,0.5141219615936237
-0.1006545654565455,0.004147414741474176,0.28489273927392733,0.9509653465346535,0.27909515951595143,1.7633690869086909,-0.057703520352035076,0.2165649064906492,0.2504620462046205,70818.399889989,0.5170895576477044
-0.13065456545654552,0.04414741474147421,0.2448927392739273,0.9409653465346535,0.2690951595159514,1.803369086908691,-0.1577035203520351,0.29656490649064915,0.24046204620462047,70999.399889989,0.5180897235870354
-0.13065456545654552,0.004147414741474176,0.2648927392739273,0.9509653465346535,0.2690951595159514,1.783369086908691,-0.10770352035203512,0.3265649064906492,0.2504620462046205,71660.399889989,0.5220901489257805
-0.0906545654565456,-0.03585258525852586,0.2748927392739273,0.9609653465346535,0.2390951595159514,1.7533690869086909,-0.1377035203520351,0.3665649064906491,0.27046204620462044,72543.399889989,0.5260974884033196
-0.1106545654565455,-0.04585258525852587,0.2448927392739273,0.9709653465346535,0.22909515951595139,1.7633690869086909,-0.06770352035203508,0.3765649064906491,0.29046204620462046,72660.399889989,0.5297894001007037
-0.13065456545654552,-0.005852585258525833,0.22489273927392728,1.0109653465346533,0.21909515951595138,1.7133690869086908,-0.0777035203520351,0.3765649064906491,0.30046204620462047,72167.399889989,0.5305618762969964
-0.12065456545654552,-0.05585258525852588,0.2448927392739273,1.0209653465346533,0.22909515951595139,1.703369086908691,-0.11770352035203507,0.42656490649064915,0.28046204620462045,71576.399889989,0.5338370323181145
-0.13065456545654552,-0.05585258525852588,0.2748927392739273,1.0409653465346533,0.2390951595159514,1.683369086908691,-0.1577035203520351,0.4665649064906492,0.33046204620462044,71319.399889989,0.5386695384979241
-0.13065456545654552,-0.04585258525852587,0.2448927392739273,1.0509653465346533,0.17909515951595156,1.663369086908691,-0.12770352035203508,0.4665649064906492,0.33046204620462044,71704.399889989,0.5426363468170159
-0.13065456545654552,-0.02585258525852585,0.2448927392739273,1.0509653465346533,0.21909515951595138,1.653369086908691,-0.11770352035203507,0.5065649064906491,0.29046204620462046,72265.399889989,0.5426363468170159
-0.15065456545654554,-0.015852585258525842,0.2548927392739273,1.0909653465346534,0.2390951595159514,1.543369086908691,-0.11770352035203507,0.5965649064906492,0.34046204620462045,71542.399889989,0.546627235412597
-0.14065456545654553,-0.05585258525852588,0.2648927392739273,1.0609653465346534,0.2690951595159514,1.5233690869086909,-0.1477035203520351,0.666564906490649,0.36046204620462047,70643.399889989,0.5515541553497343
-0.16065456545654555,-0.06585258525852589,0.2548927392739273,1.0709653465346534,0.27909515951595143,1.4933690869086909,-0.0877035203520351,0.6565649064906492,0.39046204620462044,70078.399889989,0.5551359176635735
-0.16065456545654555,-0.03585258525852586,0.28489273927392733,1.0609653465346534,0.28909515951595144,1.5033690869086909,-0.0777035203520351,0.6965649064906491,0.39046204620462044,68907.399889989,0.5587138652801507
-0.17065456545654556,-0.03585258525852586,0.30489273927392735,1.0609653465346534,0.31909515951595147,1.433369086908691,-0.0777035203520351,0.7465649064906491,0.4504620462046205,68164.399889989,0.5587138652801507
-0.17065456545654556,-0.05585258525852588,0.31489273927392736,1.0309653465346533,0.31909515951595147,1.413369086908691,-0.04770352035203507,0.7665649064906491,0.4504620462046205,67339.399889989,0.5623905181884759
-0.19065456545654558,-0.03585258525852586,0.30489273927392735,1.0409653465346533,0.3490951595159515,1.363369086908691,-0.06770352035203508,0.7665649064906491,0.4604620462046205,67104.399889989,0.5673908710479729
-0.17065456545654556,-0.05585258525852588,0.29489273927392734,1.0209653465346533,0.3790951595159515,1.313369086908691,-0.0077035203520351425,0.7565649064906491,0.4904620462046204,66907.399889989,0.5706574440002434
-0.15065456545654554,-0.015852585258525842,0.2648927392739273,1.0609653465346534,0.42909515951595156,1.2433690869086909,-0.01770352035203504,0.7665649064906491,0.5204620462046204,66600.399889989,0.5713803291320758
-0.16065456545654555,-0.02585258525852585,0.2748927392739273,1.0409653465346533,0.4690951595159514,1.193369086908691,0.012296479647964875,0.7365649064906491,0.5604620462046205,65819.399889989,0.5753757476806634
-0.16065456545654555,-0.05585258525852588,0.2548927392739273,1.0409653465346533,0.5090951595159514,1.083369086908691,0.0422964796479649,0.7865649064906491,0.6204620462046204,64914.399889989,0.5792858123779325
-0.16065456545654555,-0.0758525852585259,0.2548927392739273,1.0409653465346533,0.5490951595159514,0.9933690869086909,0.09229647964796495,0.7765649064906491,0.6604620462046205,64273.399889989,0.5833887577056878
-0.20065456545654559,-0.015852585258525842,0.2548927392739273,0.9909653465346535,0.5890951595159515,0.943369086908691,0.13229647964796487,0.7565649064906491,0.7104620462046205,63568.399889989,0.5844013214111321
-0.2306545654565455,-0.03585258525852586,0.21489273927392727,0.9609653465346535,0.5690951595159515,0.9633690869086908,0.18229647964796492,0.7865649064906491,0.7104620462046205,62455.399889989,0.5877522945404046
-0.18065456545654557,-0.05585258525852588,0.18489273927392735,0.9309653465346535,0.5890951595159515,0.923369086908691,0.1522964796479649,0.7765649064906491,0.8104620462046205,61364.399889989,0.5921051025390618
-0.19065456545654558,-0.05585258525852588,0.21489273927392727,0.9209653465346535,0.6290951595159515,0.883369086908691,0.1722964796479649,0.7665649064906491,0.8704620462046204,60593.399889989,0.5956885337829583
-0.17065456545654556,-0.06585258525852589,0.2548927392739273,0.8609653465346534,0.6390951595159515,0.913369086908691,0.22229647964796495,0.8065649064906492,0.9104620462046205,59536.399889989,0.5967468738555901
-0.18065456545654557,-0.04585258525852587,0.2748927392739273,0.8309653465346534,0.6090951595159515,0.943369086908691,0.23229647964796496,0.7865649064906491,0.9604620462046205,58745.399889989,0.5998720645904534
-0.15065456545654554,-0.015852585258525842,0.28489273927392733,0.7709653465346533,0.6090951595159515,1.0033690869086909,0.2622964796479649,0.7565649064906491,0.9604620462046205,57708.399889989,0.6039118289947503
-0.17065456545654556,0.004147414741474176,0.28489273927392733,0.7309653465346535,0.5990951595159515,1.033369086908691,0.25229647964796487,0.8465649064906492,0.9604620462046205,56379.399889989,0.607918453216552
-0.16065456545654555,-0.02585258525852585,0.29489273927392734,0.6909653465346535,0.5990951595159515,1.083369086908691,0.25229647964796487,0.8265649064906492,0.9904620462046205,55554.399889989,0.6089107513427727
-0.14065456545654553,-0.02585258525852585,0.30489273927392735,0.6109653465346534,0.5990951595159515,1.123369086908691,0.2722964796479649,0.8665649064906492,1.0104620462046205,54485.399889989,0.611918640136718
-0.15065456545654554,-0.005852585258525833,0.29489273927392734,0.5709653465346534,0.6090951595159515,1.093369086908691,0.2922964796479649,0.8765649064906492,1.0104620462046205,54618.399889989,0.6160757064819329
-0.1006545654565455,-0.03585258525852586,0.32489273927392737,0.5609653465346535,0.5890951595159515,1.093369086908691,0.32229647964796493,0.8365649064906492,1.0204620462046206,54639.399889989,0.620214653015136
-0.1106545654565455,-0.04585258525852587,0.31489273927392736,0.5309653465346534,0.6290951595159515,1.083369086908691,0.34229647964796495,0.8665649064906492,1.0604620462046204,54024.399889989,0.620214653015136
-0.12065456545654552,-0.03585258525852586,0.33489273927392726,0.4609653465346534,0.6790951595159516,1.0233690869086909,0.32229647964796493,0.8665649064906492,1.0604620462046204,53643.399889989,0.6245471954345732
-0.13065456545654552,-0.04585258525852587,0.3448927392739273,0.45096534653465337,0.7090951595159514,0.9933690869086909,0.36229647964796485,0.8565649064906492,1.0604620462046204,53648.399889989,0.6285848140716546
-0.12065456545654552,-0.05585258525852588,0.33489273927392726,0.4709653465346534,0.6890951595159516,1.0133690869086909,0.35229647964796496,0.8765649064906492,1.1004620462046204,54067.399889989,0.6325821399688714
-0.12065456545654552,-0.015852585258525842,0.31489273927392736,0.44096534653465347,0.6890951595159516,1.0033690869086909,0.36229647964796485,0.8865649064906492,1.0604620462046204,54132.399889989,0.6355771541595416
-0.13065456545654552,-0.015852585258525842,0.32489273927392737,0.3809653465346534,0.7090951595159514,0.9933690869086909,0.38229647964796487,0.8765649064906492,1.1004620462046204,54149.399889989,0.6366462230682366
-0.13065456545654552,-0.02585258525852585,0.30489273927392735,0.3809653465346534,0.7390951595159514,0.9733690869086908,0.35229647964796496,0.8965649064906492,1.0904620462046204,54230.399889989,0.6402387142181425
-0.12065456545654552,-0.015852585258525842,0.31489273927392736,0.3509653465346534,0.7390951595159514,0.913369086908691,0.3922964796479649,0.8765649064906492,1.0804620462046204,54661.399889989,0.6452717304229729
-0.1006545654565455,-0.02585258525852585,0.30489273927392735,0.3509653465346534,0.6990951595159516,0.953369086908691,0.4122964796479649,0.8665649064906492,1.1104620462046204,54500.399889989,0.6482738971710198
-0.1106545654565455,-0.005852585258525833,0.29489273927392734,0.3609653465346534,0.6890951595159516,0.953369086908691,0.4122964796479649,0.8765649064906492,1.1004620462046204,54413.399889989,0.6482738971710198
-0.1106545654565455,-0.005852585258525833,0.31489273927392736,0.3509653465346534,0.6590951595159515,0.943369086908691,0.4322964796479649,0.9065649064906492,1.0904620462046204,54768.399889989,0.65279574394226
-0.08065456545654559,-0.015852585258525842,0.32489273927392737,0.3409653465346534,0.6790951595159516,0.943369086908691,0.4022964796479649,0.926564906490649,1.1204620462046204,54555.399889989,0.6568917751312213
-0.07065456545654558,-0.015852585258525842,0.32489273927392737,0.3409653465346534,0.6590951595159515,0.943369086908691,0.38229647964796487,0.926564906490649,1.1704620462046205,54106.399889989,0.6608912467956536
-0.040654565456545555,-0.02585258525852585,0.32489273927392737,0.3409653465346534,0.6890951595159516,0.913369086908691,0.3922964796479649,0.9465649064906491,1.2004620462046205,53299.399889989,0.6608912467956536
-0.040654565456545555,0.004147414741474176,0.32489273927392737,0.31096534653465346,0.6290951595159515,0.923369086908691,0.4222964796479649,1.016564906490649,1.1704620462046205,53298.399889989,0.6648942947387724
-0.06065456545654557,-0.03585258525852586,0.31489273927392736,0.33096534653465337,0.6690951595159516,0.873369086908691,0.46229647964796494,0.9965649064906491,1.1904620462046205,53759.399889989,0.6690246582031243
-0.06065456545654557,-0.02585258525852585,0.31489273927392736,0.31096534653465346,0.6390951595159515,0.873369086908691,0.47229647964796495,0.9965649064906491,1.2404620462046205,53826.399889989,0.6740800857543938
-0.08065456545654559,-0.015852585258525842,0.30489273927392735,0.30096534653465346,0.6590951595159515,0.843369086908691,0.45229647964796493,1.0465649064906493,1.2304620462046205,53459.399889989,0.6740800857543938
-0.07065456545654558,0.004147414741474176,0.31489273927392736,0.29096534653465345,0.6290951595159515,0.8133690869086909,0.48229647964796496,1.056564906490649,1.2404620462046205,52986.399889989,0.6776895046234124
-0.06065456545654557,-0.02585258525852585,0.29489273927392734,0.32096534653465336,0.6490951595159515,0.7933690869086909,0.512296479647965,1.036564906490649,1.2504620462046205,53561.399889989,0.6819574356079094
-0.06065456545654557,-0.015852585258525842,0.30489273927392735,0.29096534653465345,0.6390951595159515,0.8033690869086909,0.5622964796479648,0.9865649064906491,1.2904620462046206,53712.399889989,0.6854772090911858
-0.050654565456545564,-0.03585258525852586,0.31489273927392736,0.32096534653465336,0.5990951595159515,0.8233690869086909,0.6022964796479648,1.016564906490649,1.3304620462046204,53877.399889989,0.6859566688537555
-0.07065456545654558,0.014147414741474185,0.30489273927392735,0.28096534653465344,0.6090951595159515,0.7933690869086909,0.6222964796479649,0.9765649064906491,1.3604620462046204,54508.399889989,0.6899699687957757
-0.040654565456545555,-0.005852585258525833,0.31489273927392736,0.27096534653465343,0.6190951595159515,0.743369086908691,0.6322964796479649,1.0265649064906492,1.3704620462046204,55117.399889989,0.6940652847290032
-0.040654565456545555,-0.005852585258525833,0.29489273927392734,0.2509653465346534,0.6090951595159515,0.723369086908691,0.6322964796479649,1.056564906490649,1.3404620462046204,55092.399889989,0.6980633258819573
-0.07065456545654558,0.0341474147414742,0.2748927392739273,0.2609653465346534,0.5890951595159515,0.763369086908691,0.6522964796479649,1.0465649064906493,1.4004620462046204,55563.399889989,0.7011422634124784
-0.050654565456545564,0.04414741474147421,0.31489273927392736,0.2609653465346534,0.5890951595159515,0.723369086908691,0.7122964796479649,1.036564906490649,1.4004620462046204,56216.399889989,0.7021524429321282
-0.06065456545654557,0.05414741474147422,0.30489273927392735,0.2409653465346534,0.5890951595159515,0.723369086908691,0.7022964796479649,1.016564906490649,1.4104620462046205,56309.399889989,0.7061480998992913
-0.08065456545654559,0.07414741474147424,0.2748927392739273,0.2409653465346534,0.5790951595159515,0.7033690869086909,0.742296479647965,1.0265649064906492,1.4204620462046205,56718.399889989,0.7101470947265618
-0.07065456545654558,0.05414741474147422,0.28489273927392733,0.2309653465346534,0.5690951595159515,0.6633690869086909,0.732296479647965,1.056564906490649,1.4104620462046205,57211.399889989,0.7141558647155755
-0.050654565456545564,0.06414741474147423,0.29489273927392734,0.21096534653465338,0.5790951595159515,0.6633690869086909,0.752296479647965,1.056564906490649,1.4404620462046205,57272.399889989,0.7141558647155755
-0.08065456545654559,0.07414741474147424,0.2748927392739273,0.2309653465346534,0.5390951595159514,0.6533690869086909,0.762296479647965,1.0465649064906493,1.4404620462046205,57673.399889989,0.7181450843811028
-0.06065456545654557,0.09414741474147403,0.29489273927392734,0.21096534653465338,0.5490951595159514,0.6633690869086909,0.752296479647965,1.0865649064906493,1.4704620462046205,58704.399889989,0.7221462249755817
-0.08065456545654559,0.08414741474147425,0.30489273927392735,0.18096534653465346,0.5490951595159514,0.6633690869086909,0.772296479647965,1.0665649064906493,1.4804620462046205,59017.399889989,0.7262067317962639
-0.0906545654565456,0.09414741474147403,0.33489273927392726,0.18096534653465346,0.5290951595159514,0.6633690869086909,0.772296479647965,1.076564906490649,1.4904620462046205,59092.399889989,0.7262067317962639
-0.08065456545654559,0.13414741474147407,0.33489273927392726,0.19096534653465347,0.4890951595159514,0.643369086908691,0.792296479647965,1.076564906490649,1.5004620462046205,59137.399889989,0.7302503108978264
-0.0906545654565456,0.13414741474147407,0.33489273927392726,0.18096534653465346,0.4890951595159514,0.623369086908691,0.782296479647965,1.0665649064906493,1.5104620462046205,60098.399889989,0.7342538356780999
-0.1106545654565455,0.1541474147414741,0.31489273927392736,0.19096534653465347,0.4790951595159514,0.613369086908691,0.782296479647965,1.076564906490649,1.5104620462046205,60357.399889989,0.7380251407623284
-0.0906545654565456,0.1841474147414741,0.32489273927392737,0.18096534653465346,0.4790951595159514,0.643369086908691,0.762296479647965,1.096564906490649,1.5004620462046205,60480.399889989,0.7390450954437249
-0.0906545654565456,0.20414741474147413,0.2648927392739273,0.19096534653465347,0.43909515951595157,0.6733690869086909,0.772296479647965,1.0865649064906493,1.5104620462046205,61429.399889989,0.7431282520294182
-0.13065456545654552,0.21414741474147414,0.28489273927392733,0.19096534653465347,0.42909515951595156,0.6533690869086909,0.782296479647965,1.076564906490649,1.5304620462046206,62446.399889989,0.7471296310424798
-0.1006545654565455,0.24414741474147417,0.29489273927392734,0.17096534653465345,0.41909515951595155,0.643369086908691,0.762296479647965,1.096564906490649,1.5304620462046206,62699.399889989,0.7506734848022454
-0.13065456545654552,0.2741474147414742,0.30489273927392735,0.18096534653465346,0.39909515951595154,0.643369086908691,0.752296479647965,1.1065649064906493,1.5404620462046206,62516.399889989,0.7506734848022454
-0.13065456545654552,0.2641474147414742,0.2748927392739273,0.19096534653465347,0.39909515951595154,0.603369086908691,0.752296479647965,1.1065649064906493,1.5304620462046206,63377.399889989,0.7556688308715813
-0.1106545654565455,0.31414741474147423,0.29489273927392734,0.19096534653465347,0.39909515951595154,0.603369086908691,0.752296479647965,1.116564906490649,1.5404620462046206,64308.399889989,0.7596661567687981
-0.1006545654565455,0.36414741474147405,0.30489273927392735,0.21096534653465338,0.3890951595159515,0.603369086908691,0.732296479647965,1.1365649064906491,1.5304620462046206,64621.399889989,0.7636768341064446
-0.0906545654565456,0.36414741474147405,0.29489273927392734,0.18096534653465346,0.39909515951595154,0.613369086908691,0.752296479647965,1.1365649064906491,1.5304620462046206,64614.399889989,0.7636768341064446
-0.08065456545654559,0.3941474147414741,0.29489273927392734,0.21096534653465338,0.3790951595159515,0.623369086908691,0.752296479647965,1.1765649064906492,1.4804620462046205,64217.399889989,0.7666685104370146
-0.0906545654565456,0.3941474147414741,0.2548927392739273,0.20096534653465337,0.3690951595159515,0.603369086908691,0.752296479647965,1.1765649064906492,1.5004620462046205,64834.399889989,0.7717036724090569
-0.08065456545654559,0.4441474147414741,0.2648927392739273,0.20096534653465337,0.3590951595159515,0.593369086908691,0.742296479647965,1.1965649064906492,1.5004620462046205,64953.399889989,0.7757822990417438
-0.08065456545654559,0.46414741474147414,0.2348927392739273,0.18096534653465346,0.3590951595159515,0.5733690869086909,0.732296479647965,1.2165649064906492,1.4804620462046205,64580.399889989,0.7797836780548124
-0.1006545654565455,0.5241474147414742,0.2548927392739273,0.2509653465346534,0.3490951595159515,0.593369086908691,0.752296479647965,1.2165649064906492,1.4604620462046205,64963.399889989,0.7797836780548124
-0.12065456545654552,0.614147414741474,0.2348927392739273,0.2409653465346534,0.3490951595159515,0.5633690869086909,0.742296479647965,1.2365649064906492,1.4604620462046205,65298.399889989,0.7837874412536614
-0.12065456545654552,0.614147414741474,0.2348927392739273,0.2409653465346534,0.3390951595159515,0.5733690869086909,0.722296479647965,1.2565649064906492,1.4604620462046205,65033.399889989,0.7878057479858356
-0.13065456545654552,0.6541474147414741,0.2448927392739273,0.22096534653465338,0.31909515951595147,0.5733690869086909,0.7122964796479649,1.246564906490649,1.4604620462046205,64924.399889989,0.7919356346130364
-0.08065456545654559,0.6641474147414741,0.2548927392739273,0.2409653465346534,0.3290951595159515,0.5733690869086909,0.6822964796479649,1.246564906490649,1.5104620462046205,64515.399889989,0.7919356346130364
-0.08065456545654559,0.7341474147414742,0.2548927392739273,0.21096534653465338,0.30909515951595146,0.5533690869086909,0.6822964796479649,1.246564906490649,1.4904620462046205,64118.399889989,0.7959770679473834
-0.020654565456545537,0.7541474147414742,0.2448927392739273,0.1109653465346534,0.31909515951595147,0.5633690869086909,0.6822964796479649,1.2365649064906492,1.5004620462046205,64313.399889989,0.8001853942871087
-0.010654565456545528,0.7841474147414742,0.22489273927392728,0.1109653465346534,0.29909515951595145,0.5533690869086909,0.6822964796479649,1.226564906490649,1.5104620462046205,64696.399889989,0.8042094230651813
0.00934543454345449,0.844147414741474,0.22489273927392728,0.16096534653465344,0.28909515951595144,0.5333690869086909,0.6722964796479649,1.2365649064906492,1.5204620462046206,65263.399889989,0.8042094230651813
0.029345434543454507,0.854147414741474,0.22489273927392728,0.10096534653465339,0.27909515951595143,0.5433690869086909,0.6722964796479649,1.2365649064906492,1.5104620462046205,64804.399889989,0.8082091331481926
0.049345434543454414,0.8841474147414741,0.22489273927392728,0.1209653465346534,0.2490951595159514,0.5833690869086909,0.6922964796479649,1.226564906490649,1.5004620462046205,64419.399889989,0.8121745109558134
0.10934543454345447,0.864147414741474,0.2348927392739273,0.09096534653465344,0.2390951595159514,0.5833690869086909,0.6822964796479649,1.226564906490649,1.5004620462046205,65362.399889989,0.816747856140136
0.1393454345434545,0.8941474147414741,0.2348927392739273,0.08096534653465343,0.21909515951595138,0.5633690869086909,0.6822964796479649,1.206564906490649,1.5004620462046205,65697.399889989,0.81779236793518
0.1493454345434545,0.9041474147414741,0.2548927392739273,0.14096534653465342,0.20909515951595137,0.5433690869086909,0.6922964796479649,1.2365649064906492,1.4904620462046205,65820.399889989,0.8210100650787346
0.18934543454345443,0.9041474147414741,0.2748927392739273,0.14096534653465342,0.2490951595159514,0.5433690869086909,0.7022964796479649,1.2165649064906492,1.4804620462046205,66349.399889989,0.8249978542327838
0.19934543454345444,0.9041474147414741,0.28489273927392733,0.1209653465346534,0.2590951595159514,0.49336908690869097,0.742296479647965,1.206564906490649,1.4604620462046205,66812.399889989,0.8292698383331327
0.24934543454345448,0.9241474147414741,0.29489273927392734,0.10096534653465339,0.22909515951595139,0.5233690869086909,0.732296479647965,1.1965649064906492,1.4704620462046205,66837.399889989,0.8292698383331327
0.24934543454345448,0.8941474147414741,0.3548927392739273,0.04096534653465339,0.2590951595159514,0.48336908690869096,0.742296479647965,1.1765649064906492,1.4704620462046205,66494.399889989,0.8334426403045647
0.2593454345434545,0.8941474147414741,0.3448927392739273,0.14096534653465342,0.21909515951595138,0.45336908690869093,0.742296479647965,1.1765649064906492,1.5004620462046205,66273.399889989,0.837476444244384
0.24934543454345448,0.9541474147414741,0.3948927392739273,0.02096534653465343,0.2490951595159514,0.4333690869086909,0.7122964796479649,1.1765649064906492,1.5004620462046205,66588.399889989,0.8414873600006132
0.24934543454345448,0.8841474147414741,0.41489273927392734,0.01096534653465342,0.27909515951595143,0.36336908690869096,0.732296479647965,1.1765649064906492,1.5004620462046205,66613.399889989,0.8445903778076165
0.24934543454345448,0.8741474147414741,0.45489273927392737,-0.009034653465346598,0.21909515951595138,0.35336908690869095,0.742296479647965,1.166564906490649,1.4904620462046205,65894.399889989,0.8455976963043206
0.21934543454345445,0.8741474147414741,0.4948927392739274,-0.019034653465346607,0.2490951595159514,0.35336908690869095,0.7022964796479649,1.1465649064906493,1.5004620462046205,66337.399889989,0.8490859985351555
0.24934543454345448,0.9041474147414741,0.4748927392739274,0.01096534653465342,0.21909515951595138,0.47336908690869095,0.7122964796479649,1.166564906490649,1.5004620462046205,66900.399889989,0.8534271240234368
0.2593454345434545,0.864147414741474,0.5248927392739272,0.01096534653465342,0.20909515951595137,0.4133690869086909,0.732296479647965,1.1465649064906493,1.4704620462046205,66557.399889989,0.8574382781982415
0.2793454345434545,0.854147414741474,0.5548927392739272,0.04096534653465339,0.22909515951595139,0.33336908690869094,0.762296479647965,1.1265649064906493,1.4804620462046205,66530.399889989,0.8574382781982415
0.2993454345434545,0.864147414741474,0.5648927392739272,0.01096534653465342,0.20909515951595137,0.383369086908691,0.742296479647965,1.1065649064906493,1.4904620462046205,66649.399889989,0.8614141464233427
0.30934543454345453,0.854147414741474,0.6148927392739273,-0.02903465346534656,0.17909515951595156,0.45336908690869093,0.752296479647965,1.076564906490649,1.4904620462046205,67228.399889989,0.86641879081726
0.34934543454345435,0.8141474147414742,0.6748927392739273,0.0009653465346534107,0.14909515951595154,0.49336908690869097,0.772296479647965,1.0665649064906493,1.4704620462046205,67135.399889989,0.8694123744964593
0.32934543454345455,0.8041474147414742,0.7048927392739274,0.01096534653465342,0.16909515951595155,0.45336908690869093,0.8122964796479648,1.016564906490649,1.4704620462046205,67622.399889989,0.8704154014587395
0.33934543454345456,0.7941474147414742,0.7348927392739274,-0.019034653465346607,0.17909515951595156,0.383369086908691,0.782296479647965,1.0065649064906492,1.4404620462046205,68163.399889989,0.8744146347045891
0.33934543454345456,0.7741474147414742,0.7548927392739274,0.02096534653465343,0.17909515951595156,0.383369086908691,0.752296479647965,1.036564906490649,1.4204620462046205,68514.399889989,0.8784412860870354
0.35934543454345436,0.7541474147414742,0.8148927392739272,0.02096534653465343,0.18909515951595157,0.393369086908691,0.742296479647965,1.056564906490649,1.4104620462046205,68817.399889989,0.882433366775512
0.35934543454345436,0.7441474147414742,0.8148927392739272,0.02096534653465343,0.16909515951595155,0.4233690869086909,0.722296479647965,1.056564906490649,1.4104620462046205,69180.399889989,0.882433366775512
0.3993454345434544,0.7141474147414741,0.8348927392739273,0.030965346534653437,0.17909515951595156,0.4333690869086909,0.6722964796479649,1.056564906490649,1.4104620462046205,69169.399889989,0.8864371299743645
0.3993454345434544,0.7041474147414741,0.8548927392739273,0.04096534653465339,0.18909515951595157,0.4433690869086909,0.6622964796479649,1.0665649064906493,1.4204620462046205,69444.399889989,0.8904110908508294
0.4093454345434544,0.6641474147414741,0.8948927392739273,0.04096534653465339,0.21909515951595138,0.4333690869086909,0.6422964796479649,1.0665649064906493,1.3704620462046204,69531.399889989,0.8945557594299345
0.4293454345434544,0.6441474147414741,0.9048927392739273,0.030965346534653437,0.20909515951595137,0.4033690869086909,0.6522964796479649,1.0465649064906493,1.4004620462046204,69158.399889989,0.8956255435943596
0.4193454345434544,0.6741474147414741,0.8948927392739273,0.08096534653465343,0.22909515951595139,0.4033690869086909,0.5722964796479648,1.0665649064906493,1.3704620462046204,69513.399889989,0.8988022327423089
0.4193454345434544,0.6841474147414741,0.8848927392739273,0.0509653465346534,0.2490951595159514,0.393369086908691,0.6022964796479648,1.0265649064906492,1.3504620462046204,69720.399889989,0.902852010726928
0.44934543454345444,0.6941474147414741,0.8748927392739273,0.0509653465346534,0.2590951595159514,0.4033690869086909,0.5922964796479648,1.0265649064906492,1.3404620462046204,69207.399889989,0.9069494724273675
0.4193454345434544,0.6741474147414741,0.9348927392739274,0.04096534653465339,0.2490951595159514,0.393369086908691,0.5822964796479648,1.016564906490649,1.3304620462046204,69076.399889989,0.9109358310699456
0.3993454345434544,0.6941474147414741,0.9248927392739273,0.08096534653465343,0.27909515951595143,0.4233690869086909,0.6022964796479648,0.9765649064906491,1.3104620462046204,68585.399889989,0.9117958068847649
0.4093454345434544,0.6741474147414741,0.9848927392739274,0.08096534653465343,0.30909515951595146,0.4233690869086909,0.5522964796479648,0.9765649064906491,1.3304620462046204,67556.399889989,0.9153723239898639
0.3893454345434544,0.6641474147414741,1.0048927392739273,0.04096534653465339,0.30909515951595146,0.373369086908691,0.49229647964796497,0.9765649064906491,1.3604620462046204,67037.399889989,0.9196314334869378
0.35934543454345436,0.6541474147414741,1.0248927392739273,0.07096534653465342,0.3290951595159515,0.4433690869086909,0.48229647964796496,0.926564906490649,1.3404620462046204,66654.399889989,0.9229399681091337
0.36934543454345437,0.614147414741474,1.0648927392739274,0.08096534653465343,0.3290951595159515,0.4233690869086909,0.4222964796479649,0.8965649064906492,1.4004620462046204,66081.399889989,0.9236518859863274
0.3893454345434544,0.5841474147414742,1.0648927392739274,0.1209653465346534,0.3390951595159515,0.49336908690869097,0.4122964796479649,0.8765649064906492,1.3704620462046204,65402.399889989,0.9276477813720696
0.4093454345434544,0.5541474147414742,1.1048927392739274,0.1109653465346534,0.3490951595159515,0.5433690869086909,0.37229647964796486,0.8565649064906492,1.3104620462046204,65535.399889989,0.932644081115722
0.4093454345434544,0.5241474147414742,1.1348927392739272,0.1209653465346534,0.3290951595159515,0.5533690869086909,0.4022964796479649,0.8065649064906492,1.3004620462046204,65282.399889989,0.9358326911926262
0.45934543454345445,0.5141474147414742,1.0648927392739274,0.14096534653465342,0.3290951595159515,0.5833690869086909,0.4122964796479649,0.7865649064906491,1.3304620462046204,65213.399889989,0.9358326911926262
0.46934543454345445,0.48414741474147416,1.1048927392739274,0.18096534653465346,0.31909515951595147,0.603369086908691,0.38229647964796487,0.7365649064906491,1.3504620462046204,65222.399889989,0.9395851612091057
0.5093454345434545,0.46414741474147414,1.0748927392739271,0.18096534653465346,0.31909515951595147,0.633369086908691,0.35229647964796496,0.7465649064906491,1.2904620462046206,65447.399889989,0.9446594238281243
0.5193454345434545,0.4341474147414741,1.0648927392739274,0.20096534653465337,0.3390951595159515,0.6533690869086909,0.38229647964796487,0.686564906490649,1.3004620462046204,65832.399889989,0.9484817504882805
0.5293454345434545,0.4241474147414741,1.0848927392739274,0.18096534653465346,0.3490951595159515,0.6633690869086909,0.32229647964796493,0.686564906490649,1.2504620462046205,65389.399889989,0.9484817504882805
0.5593454345434545,0.4441474147414741,1.0448927392739273,0.19096534653465347,0.3690951595159515,0.6733690869086909,0.33229647964796494,0.7065649064906491,1.2404620462046205,64782.399889989,0.9520842552185016
0.5493454345434545,0.4041474147414741,1.034892739273927,0.19096534653465347,0.3790951595159515,0.7033690869086909,0.25229647964796487,0.7065649064906491,1.2104620462046205,64801.399889989,0.9559309005737333
0.5293454345434545,0.4041474147414741,1.0748927392739271,0.19096534653465347,0.3690951595159515,0.7033690869086909,0.25229647964796487,0.7065649064906491,1.2004620462046205,64326.399889989,0.9601723670959466
0.48934543454345447,0.37414741474147406,1.0648927392739274,0.19096534653465347,0.3590951595159515,0.733369086908691,0.25229647964796487,0.7165649064906491,1.1904620462046205,63825.399889989,0.9601723670959466
0.46934543454345445,0.38414741474147407,1.1048927392739274,0.18096534653465346,0.3890951595159515,0.733369086908691,0.23229647964796496,0.7565649064906491,1.1804620462046205,63428.399889989,0.9641704082489007
0.4093454345434544,0.34414741474147403,1.1148927392739272,0.19096534653465347,0.40909515951595155,0.723369086908691,0.18229647964796492,0.7565649064906491,1.2104620462046205,62271.399889989,0.9681674957275384
0.3793454345434544,0.36414741474147405,1.1248927392739274,0.2509653465346534,0.41909515951595155,0.733369086908691,0.21229647964796494,0.7465649064906491,1.2004620462046205,61034.399889989,0.9721714973449735
0.34934543454345435,0.3941474147414741,1.1348927392739272,0.2409653465346534,0.41909515951595155,0.743369086908691,0.24229647964796486,0.7365649064906491,1.1904620462046205,60511.399889989,0.9721714973449735
0.30934543454345453,0.37414741474147406,1.1548927392739272,0.2509653465346534,0.4490951595159516,0.723369086908691,0.22229647964796495,0.7365649064906491,1.1704620462046205,59908.399889989,0.9761447429656975
0.2793454345434545,0.31414741474147423,1.1648927392739274,0.2509653465346534,0.4890951595159514,0.733369086908691,0.25229647964796487,0.7065649064906491,1.1704620462046205,59293.399889989,0.9803239822387724
0.2893454345434545,0.35414741474147404,1.1248927392739274,0.28096534653465344,0.4990951595159514,0.763369086908691,0.23229647964796496,0.6965649064906491,1.1604620462046205,58622.399889989,0.9845611572265618
0.32934543454345455,0.34414741474147403,1.0648927392739274,0.31096534653465346,0.5190951595159514,0.7833690869086909,0.22229647964796495,0.7265649064906491,1.1304620462046204,58173.399889989,0.9855768203735344
0.31934543454345454,0.32414741474147424,1.034892739273927,0.28096534653465344,0.5290951595159514,0.7733690869086909,0.24229647964796486,0.7065649064906491,1.1204620462046204,57606.399889989,0.9886703014373772
0.33934543454345456,0.31414741474147423,1.0048927392739273,0.2509653465346534,0.5890951595159515,0.8133690869086909,0.20229647964796493,0.6965649064906491,1.1304620462046204,57713.399889989,0.9928202152252226
0.3793454345434544,0.34414741474147403,0.9348927392739274,0.2609653465346534,0.5990951595159515,0.7833690869086909,0.18229647964796492,0.7565649064906491,1.0904620462046204,57508.399889989,0.9977182865142815
0.34934543454345435,0.2941474147414742,0.9048927392739273,0.30096534653465346,0.6090951595159515,0.7833690869086909,0.18229647964796492,0.7265649064906491,1.0404620462046206,56429.399889989,1.0012855052947955
0.35934543454345436,0.3041474147414742,0.8948927392739273,0.33096534653465337,0.6090951595159515,0.8033690869086909,0.1522964796479649,0.7165649064906491,1.0504620462046204,56402.399889989,1.0012855052947955
0.4093454345434544,0.2841474147414742,0.8348927392739273,0.3709653465346534,0.6190951595159515,0.8233690869086909,0.18229647964796492,0.676564906490649,1.0904620462046204,56877.399889989,1.005491924285888
0.36934543454345437,0.2941474147414742,0.8148927392739272,0.3609653465346534,0.6390951595159515,0.8333690869086909,0.20229647964796493,0.676564906490649,1.0604620462046204,56432.399889989,1.010222148895263
0.32934543454345455,0.2841474147414742,0.8348927392739273,0.3809653465346534,0.6390951595159515,0.863369086908691,0.1722964796479649,0.6965649064906491,1.0204620462046206,55791.399889989,1.0133692741394036
0.2993454345434545,0.3041474147414742,0.8048927392739272,0.3509653465346534,0.6290951595159515,0.873369086908691,0.18229647964796492,0.666564906490649,1.0404620462046206,55434.399889989,1.0133692741394036
0.2693454345434545,0.3041474147414742,0.7848927392739272,0.3909653465346534,0.6590951595159515,0.893369086908691,0.21229647964796494,0.676564906490649,1.0004620462046205,54803.399889989,1.017407846450805
0.23934543454345447,0.2941474147414742,0.7948927392739272,0.42096534653465345,0.6490951595159515,0.903369086908691,0.18229647964796492,0.6565649064906492,1.0304620462046206,54440.399889989,1.0219976425170927
0.20934543454345445,0.32414741474147424,0.7848927392739272,0.40096534653465343,0.6990951595159516,0.923369086908691,0.1622964796479649,0.6365649064906492,1.0004620462046205,53843.399889989,1.0256397247314446
0.1593454345434544,0.33414741474147425,0.7748927392739272,0.40096534653465343,0.6890951595159516,0.933369086908691,0.1722964796479649,0.6465649064906492,0.9904620462046205,54356.399889989,1.0264260292053216
0.17934543454345442,0.32414741474147424,0.7448927392739274,0.40096534653465343,0.7290951595159514,0.943369086908691,0.1722964796479649,0.676564906490649,1.0004620462046205,54773.399889989,1.0294148445129423
0.17934543454345442,0.2941474147414742,0.7348927392739274,0.43096534653465346,0.7090951595159514,0.9633690869086908,0.18229647964796492,0.6365649064906492,1.0104620462046205,54156.399889989,1.0348684310913043
0.12934543454345448,0.32414741474147424,0.7448927392739274,0.42096534653465345,0.7390951595159514,0.943369086908691,0.1522964796479649,0.6165649064906492,0.9804620462046205,54041.399889989,1.0382828235626214
0.1493454345434545,0.32414741474147424,0.6448927392739273,0.41096534653465344,0.7790951595159514,0.933369086908691,0.1522964796479649,0.5965649064906492,0.9604620462046205,53650.399889989,1.0382828235626214
0.1393454345434545,0.32414741474147424,0.6548927392739273,0.44096534653465347,0.7490951595159514,0.953369086908691,0.18229647964796492,0.5765649064906492,0.9404620462046205,53559.399889989,1.0419857025146477
0.1493454345434545,0.31414741474147423,0.6548927392739273,0.43096534653465346,0.7690951595159514,1.0033690869086909,0.1622964796479649,0.5765649064906492,0.8804620462046204,54072.399889989,1.0463008403778105
0.1493454345434545,0.2841474147414742,0.6448927392739273,0.45096534653465337,0.7890951595159514,1.0133690869086909,0.1622964796479649,0.5665649064906492,0.9404620462046205,53889.399889989,1.0502166271209745
0.1393454345434545,0.23414741474147416,0.6648927392739273,0.45096534653465337,0.8190951595159515,1.0033690869086909,0.20229647964796493,0.5565649064906492,0.9104620462046205,54166.399889989,1.0512561321258538
0.11934543454345448,0.2741474147414742,0.6348927392739273,0.4609653465346534,0.8890951595159515,0.953369086908691,0.1522964796479649,0.5365649064906491,0.9004620462046204,54673.399889989,1.054247570037841
0.10934543454345447,0.22414741474147415,0.6448927392739273,0.4609653465346534,0.8990951595159515,1.0033690869086909,0.1722964796479649,0.5065649064906491,0.8904620462046204,54266.399889989,1.0594138622283928
0.11934543454345448,0.21414741474147414,0.6348927392739273,0.45096534653465337,0.9190951595159516,0.9733690869086908,0.1622964796479649,0.4965649064906491,0.8904620462046204,54251.399889989,1.0623778820037835
0.08934543454345445,0.22414741474147415,0.6048927392739273,0.4609653465346534,0.9390951595159516,1.0233690869086909,0.1722964796479649,0.4565649064906492,0.8104620462046205,54928.399889989,1.0633890151977532
0.06934543454345443,0.21414741474147414,0.6248927392739273,0.3809653465346534,0.9590951595159514,1.053369086908691,0.18229647964796492,0.42656490649064915,0.7904620462046205,55115.399889989,1.0663775920867913
0.07934543454345444,0.1641474147414741,0.5948927392739273,0.4609653465346534,0.9290951595159516,1.113369086908691,0.20229647964796493,0.3865649064906491,0.7904620462046205,55378.399889989,1.0711216449737542
0.05934543454345442,0.1541474147414741,0.6048927392739273,0.42096534653465345,0.9090951595159515,1.153369086908691,0.18229647964796492,0.3765649064906491,0.7604620462046204,55935.399889989,1.0752970695495598
0.039345434543454405,0.1541474147414741,0.5948927392739273,0.44096534653465347,0.9390951595159516,1.163369086908691,0.14229647964796488,0.3765649064906491,0.7104620462046205,56090.399889989,1.0785469532012932
0.0193454345434545,0.14414741474147408,0.5548927392739272,0.44096534653465347,0.9590951595159514,1.173369086908691,0.20229647964796493,0.3365649064906492,0.7204620462046205,56645.399889989,1.0785469532012932
0.0193454345434545,0.1541474147414741,0.5148927392739274,0.4609653465346534,0.9090951595159515,1.193369086908691,0.20229647964796493,0.31656490649064917,0.6904620462046205,56938.399889989,1.082858991622924
-0.0006545654565455195,0.10414741474147404,0.5248927392739272,0.5209653465346534,0.8890951595159515,1.2133690869086908,0.19229647964796492,0.3365649064906492,0.6804620462046205,57593.399889989,1.0872334957122796
0.00934543454345449,0.07414741474147424,0.4748927392739274,0.5409653465346534,0.8890951595159515,1.2433690869086909,0.20229647964796493,0.29656490649064915,0.6404620462046204,58282.399889989,1.0912665843963616
-0.0006545654565455195,0.08414741474147425,0.4848927392739274,0.5709653465346534,0.8490951595159515,1.283369086908691,0.20229647964796493,0.31656490649064917,0.6204620462046204,58881.399889989,1.0912665843963616
0.0193454345434545,0.04414741474147421,0.43489273927392735,0.6309653465346534,0.8090951595159515,1.323369086908691,0.1622964796479649,0.28656490649064914,0.6404620462046204,59156.399889989,1.095265102386474
-0.0006545654565455195,0.024147414741474194,0.43489273927392735,0.6609653465346534,0.7790951595159514,1.343369086908691,0.11229647964796485,0.2165649064906492,0.6004620462046205,60045.399889989,1.099887800216674
0.0193454345434545,0.004147414741474176,0.42489273927392734,0.6909653465346535,0.7090951595159514,1.353369086908691,0.13229647964796487,0.2565649064906491,0.5904620462046205,60588.399889989,1.1031293392181425
-0.020654565456545537,-0.015852585258525842,0.42489273927392734,0.7209653465346535,0.6790951595159516,1.383369086908691,0.08229647964796494,0.27656490649064913,0.6204620462046204,60895.399889989,1.104196262359622
-0.030654565456545546,-0.04585258525852587,0.43489273927392735,0.7709653465346533,0.6290951595159515,1.443369086908691,0.03229647964796489,0.2365649064906491,0.5904620462046205,61796.399889989,1.1081807136535637
-0.0006545654565455195,-0.04585258525852587,0.43489273927392735,0.7409653465346535,0.6090951595159515,1.4733690869086908,0.13229647964796487,0.2465649064906491,0.5604620462046205,61825.399889989,1.1118409156799345
-0.040654565456545555,-0.02585258525852585,0.42489273927392734,0.7509653465346535,0.6190951595159515,1.4733690869086908,0.10229647964796496,0.2265649064906491,0.5204620462046204,61970.399889989,1.1156618118286126
-0.0006545654565455195,-0.03585258525852586,0.3948927392739273,0.7709653465346533,0.5990951595159515,1.4933690869086909,0.07229647964796493,0.19656490649064917,0.4904620462046204,62265.399889989,1.1164319038391106
-0.010654565456545528,-0.03585258525852586,0.3948927392739273,0.7709653465346533,0.5690951595159515,1.5133690869086909,0.10229647964796496,0.2165649064906492,0.5004620462046204,62536.399889989,1.1207701683044426
-0.0006545654565455195,-0.05585258525852588,0.3948927392739273,0.7709653465346533,0.5390951595159514,1.553369086908691,0.0422964796479649,0.29656490649064915,0.5204620462046204,63271.399889989,1.1247412681579583
-0.010654565456545528,-0.06585258525852589,0.3448927392739273,0.7809653465346533,0.5490951595159514,1.563369086908691,0.012296479647964875,0.27656490649064913,0.5504620462046205,63254.399889989,1.1285798072814934
-0.0006545654565455195,-0.06585258525852589,0.3548927392739273,0.7609653465346533,0.5590951595159515,1.603369086908691,0.022296479647964884,0.2165649064906492,0.5304620462046205,63627.399889989,1.1285798072814934
-0.020654565456545537,-0.10585258525852581,0.3448927392739273,0.7109653465346535,0.5790951595159515,1.613369086908691,0.08229647964796494,0.15656490649064914,0.5404620462046205,63920.399889989,1.1326670169830315
0.00934543454345449,-0.0858525852585259,0.3548927392739273,0.6809653465346535,0.5590951595159515,1.673369086908691,0.022296479647964884,0.18656490649064916,0.4904620462046204,64069.399889989,1.136693906784057
0.00934543454345449,-0.06585258525852589,0.31489273927392736,0.6909653465346535,0.5290951595159514,1.673369086908691,-0.01770352035203504,0.20656490649064918,0.4804620462046205,64128.399889989,1.1406938552856438
0.00934543454345449,-0.0858525852585259,0.33489273927392726,0.6709653465346535,0.5590951595159515,1.643369086908691,-0.03770352035203506,0.2565649064906491,0.4504620462046205,63841.399889989,1.1406938552856438
-0.030654565456545546,-0.06585258525852589,0.30489273927392735,0.7009653465346535,0.5690951595159515,1.613369086908691,-0.01770352035203504,0.20656490649064918,0.5004620462046204,64246.399889989,1.1448075294494622
-0.030654565456545546,-0.09585258525852591,0.30489273927392735,0.6809653465346535,0.5790951595159515,1.623369086908691,0.0422964796479649,0.2465649064906491,0.5204620462046204,64705.399889989,1.1481375217437737
-0.040654565456545555,-0.11585258525852582,0.29489273927392734,0.7109653465346535,0.5690951595159515,1.583369086908691,0.0022964796479648664,0.2265649064906491,0.5404620462046205,64848.399889989,1.15371222496033
-0.020654565456545537,-0.09585258525852591,0.29489273927392734,0.7809653465346533,0.5790951595159515,1.533369086908691,-0.0077035203520351425,0.2465649064906491,0.4804620462046205,65315.399889989,1.1569194316864007
0.029345434543454507,-0.14585258525852585,0.3448927392739273,0.8109653465346534,0.5390951595159514,1.543369086908691,-0.03770352035203506,0.2265649064906491,0.5104620462046204,65394.399889989,1.1569194316864007
0.029345434543454507,-0.15585258525852586,0.30489273927392735,0.8209653465346534,0.5490951595159514,1.4933690869086909,0.022296479647964884,0.2365649064906491,0.5104620462046204,65797.399889989,1.1613142013549798
-0.0006545654565455195,-0.16585258525852586,0.33489273927392726,0.8809653465346534,0.5190951595159514,1.4933690869086909,0.05229647964796491,0.2665649064906491,0.5404620462046205,66152.399889989,1.1653518199920612
-0.0006545654565455195,-0.16585258525852586,0.2648927392739273,0.9309653465346535,0.5290951595159514,1.433369086908691,0.0422964796479649,0.2465649064906491,0.6104620462046204,66541.399889989,1.1687356948852532
0.029345434543454507,-0.14585258525852585,0.22489273927392728,0.9809653465346535,0.5290951595159514,1.383369086908691,0.0422964796479649,0.30656490649064916,0.5504620462046205,66988.399889989,1.1693512916564934
-0.0006545654565455195,-0.16585258525852586,0.22489273927392728,0.9609653465346535,0.5490951595159514,1.383369086908691,0.13229647964796487,0.30656490649064916,0.6004620462046205,67539.399889989,1.1733638763427727
-0.0006545654565455195,-0.16585258525852586,0.2348927392739273,0.9909653465346535,0.5090951595159514,1.423369086908691,0.1622964796479649,0.29656490649064915,0.6204620462046204,67174.399889989,1.177507829666137
-0.040654565456545555,-0.16585258525852586,0.21489273927392727,0.9509653465346535,0.5290951595159514,1.393369086908691,0.1522964796479649,0.3565649064906491,0.6304620462046204,67125.399889989,1.1808464050292962
-0.020654565456545537,-0.2158525852585259,0.2648927392739273,0.9209653465346535,0.5390951595159514,1.413369086908691,0.14229647964796488,0.3265649064906492,0.6504620462046204,67272.399889989,1.1818880558013873
-0.030654565456545546,-0.17585258525852587,0.2448927392739273,0.8809653465346534,0.5890951595159515,1.433369086908691,0.06229647964796492,0.3365649064906492,0.6204620462046204,67079.399889989,1.1851305484771721
-0.07065456545654558,-0.16585258525852586,0.2348927392739273,0.8409653465346534,0.5690951595159515,1.4933690869086909,0.10229647964796496,0.41656490649064914,0.6604620462046205,66974.399889989,1.1906015396118157
-0.07065456545654558,-0.15585258525852586,0.2548927392739273,0.7709653465346533,0.5590951595159515,1.543369086908691,0.13229647964796487,0.4665649064906492,0.6504620462046204,67187.399889989,1.1936466217041009
-0.06065456545654557,-0.13585258525852584,0.2648927392739273,0.7209653465346535,0.5590951595159515,1.583369086908691,0.1522964796479649,0.4665649064906492,0.6804620462046205,67142.399889989,1.1947245121002226
-0.06065456545654557,-0.13585258525852584,0.2748927392739273,0.6809653465346535,0.5890951595159515,1.543369086908691,0.10229647964796496,0.5365649064906491,0.6804620462046205,66915.399889989,1.1973633289337187
-0.06065456545654557,-0.15585258525852586,0.2648927392739273,0.6809653465346535,0.5690951595159515,1.573369086908691,0.14229647964796488,0.5465649064906491,0.7204620462046205,66118.399889989,1.2016603469848626
-0.050654565456545564,-0.15585258525852586,0.29489273927392734,0.7009653465346535,0.5590951595159515,1.5233690869086909,0.1722964796479649,0.5665649064906492,0.6904620462046205,65971.399889989,1.2067262649536126
-0.06065456545654557,-0.13585258525852584,0.28489273927392733,0.7409653465346535,0.5590951595159515,1.5233690869086909,0.20229647964796493,0.5865649064906492,0.7504620462046204,65796.399889989,1.2067262649536126
-0.06065456545654557,-0.13585258525852584,0.28489273927392733,0.7909653465346533,0.5290951595159514,1.4833690869086908,0.18229647964796492,0.5865649064906492,0.7804620462046205,65459.399889989,1.2107369422912626
-0.07065456545654558,-0.18585258525852588,0.2648927392739273,0.7909653465346533,0.5190951595159514,1.4833690869086908,0.22229647964796495,0.5765649064906492,0.8204620462046205,65368.399889989,1.2142543315887444
-0.07065456545654558,-0.16585258525852586,0.30489273927392735,0.8509653465346534,0.5090951595159514,1.423369086908691,0.22229647964796495,0.6165649064906492,0.7904620462046205,65345.399889989,1.2183010101318352
-0.08065456545654559,-0.2058525852585259,0.32489273927392737,0.8909653465346534,0.4790951595159514,1.403369086908691,0.23229647964796496,0.6265649064906492,0.8004620462046205,65226.399889989,1.2183010101318352
-0.06065456545654557,-0.2058525852585259,0.32489273927392737,0.8809653465346534,0.4990951595159514,1.393369086908691,0.21229647964796494,0.6565649064906492,0.8804620462046204,65359.399889989,1.22223515510559
-0.07065456545654558,-0.2158525852585259,0.32489273927392737,0.8909653465346534,0.4990951595159514,1.373369086908691,0.18229647964796492,0.7065649064906491,0.8704620462046204,65142.399889989,1.226209354400634
-0.06065456545654557,-0.2058525852585259,0.3548927392739273,0.8609653465346534,0.5290951595159514,1.313369086908691,0.20229647964796493,0.6965649064906491,0.9204620462046205,64585.399889989,1.2305390357971184
-0.06065456545654557,-0.1958525852585259,0.3448927392739273,0.8609653465346534,0.5190951595159514,1.2633690869086909,0.1622964796479649,0.7465649064906491,0.9204620462046205,63962.399889989,1.2315451622009306
-0.08065456545654559,-0.18585258525852588,0.3848927392739273,0.8509653465346534,0.5690951595159515,1.2633690869086909,0.19229647964796492,0.7665649064906491,0.9204620462046205,63175.399889989,1.2341320037841825
-0.07065456545654558,-0.1958525852585259,0.3648927392739273,0.8409653465346534,0.5990951595159515,1.2333690869086908,0.19229647964796492,0.7865649064906491,0.9104620462046205,62732.399889989,1.2396173000335722
-0.0906545654565456,-0.14585258525852585,0.30489273927392735,0.7409653465346535,0.6690951595159516,1.173369086908691,0.21229647964796494,0.7665649064906491,0.9304620462046205,62111.399889989,1.2432386398315423
-0.1006545654565455,-0.15585258525852586,0.32489273927392737,0.7509653465346535,0.6690951595159516,1.133369086908691,0.20229647964796493,0.7865649064906491,0.9404620462046205,61604.399889989,1.2464808940887444
-0.14065456545654553,-0.17585258525852587,0.33489273927392726,0.7709653465346533,0.6390951595159515,1.143369086908691,0.1722964796479649,0.7865649064906491,0.9504620462046205,60963.399889989,1.2472784042358356
-0.14065456545654553,-0.14585258525852585,0.33489273927392726,0.7609653465346533,0.6590951595159515,1.113369086908691,0.1722964796479649,0.7765649064906491,0.9604620462046205,59694.399889989,1.2501544475555413
-0.16065456545654555,-0.13585258525852584,0.33489273927392726,0.7009653465346535,0.6990951595159516,1.093369086908691,0.1722964796479649,0.7765649064906491,0.8904620462046204,58933.399889989,1.2552115440368645
-0.15065456545654554,-0.15585258525852586,0.29489273927392734,0.7109653465346535,0.7190951595159514,1.073369086908691,0.11229647964796485,0.7565649064906491,0.9504620462046205,58104.399889989,1.2591230392456048
-0.15065456545654554,-0.14585258525852585,0.30489273927392735,0.7509653465346535,0.6890951595159516,1.0133690869086909,0.13229647964796487,0.7765649064906491,0.9404620462046205,56875.399889989,1.2601680278778105
-0.13065456545654552,-0.17585258525852587,0.3648927392739273,0.7209653465346535,0.7490951595159514,0.9633690869086908,0.20229647964796493,0.7765649064906491,0.8804620462046204,55790.399889989,1.2628309249877923
-0.12065456545654552,-0.16585258525852586,0.3648927392739273,0.7109653465346535,0.7490951595159514,0.9733690869086908,0.22229647964796495,0.7865649064906491,0.8904620462046204,55323.399889989,1.2668509006500237
-0.17065456545654556,-0.16585258525852586,0.33489273927392726,0.6209653465346534,0.7290951595159514,0.943369086908691,0.1522964796479649,0.8165649064906492,0.8404620462046205,54308.399889989,1.2713999271392815
-0.16065456545654555,-0.13585258525852584,0.30489273927392735,0.6709653465346535,0.7390951595159514,0.903369086908691,0.10229647964796496,0.7565649064906491,0.8204620462046205,53429.399889989,1.2713999271392815
-0.17065456545654556,-0.15585258525852586,0.32489273927392737,0.6009653465346534,0.6990951595159516,1.033369086908691,0.10229647964796496,0.7865649064906491,0.8204620462046205,52140.399889989,1.27586121559143
-0.17065456545654556,-0.14585258525852585,0.30489273927392735,0.6309653465346534,0.6690951595159516,1.033369086908691,0.13229647964796487,0.8065649064906492,0.8904620462046204,50161.399889989,1.279986095428466
-0.16065456545654555,-0.11585258525852582,0.32489273927392737,0.6009653465346534,0.6290951595159515,1.083369086908691,0.1522964796479649,0.8165649064906492,0.9404620462046205,47810.399889989,1.2840175151824944
-0.12065456545654552,-0.13585258525852584,0.33489273927392726,0.6009653465346534,0.6390951595159515,1.073369086908691,0.1522964796479649,0.8665649064906492,0.9704620462046205,47037.399889989,1.2849747657775836
-0.13065456545654552,-0.09585258525852591,0.32489273927392737,0.5309653465346534,0.6490951595159515,1.113369086908691,0.1722964796479649,0.9065649064906492,0.9904620462046205,46538.399889989,1.288378190994262
-0.1006545654565455,-0.0858525852585259,0.33489273927392726,0.4809653465346534,0.6590951595159515,1.143369086908691,0.1722964796479649,0.8965649064906492,0.9904620462046205,46247.399889989,1.2926942825317376
-0.12065456545654552,-0.0858525852585259,0.30489273927392735,0.42096534653465345,0.6590951595159515,1.133369086908691,0.19229647964796492,0.8965649064906492,1.0104620462046205,46002.399889989,1.2967416763305692
-0.1006545654565455,-0.04585258525852587,0.29489273927392734,0.3709653465346534,0.6790951595159516,1.133369086908691,0.19229647964796492,0.8865649064906492,1.0404620462046206,45695.399889989,1.2967416763305692
-0.1106545654565455,-0.0758525852585259,0.30489273927392735,0.3409653465346534,0.6790951595159516,1.113369086908691,0.22229647964796495,0.8965649064906492,1.0704620462046204,45980.399889989,1.3000304222106926
-0.1006545654565455,-0.06585258525852589,0.2748927392739273,0.3809653465346534,0.6590951595159515,1.113369086908691,0.24229647964796486,0.8865649064906492,1.0604620462046204,46037.399889989,1.3050686836242633
-0.1006545654565455,-0.09585258525852591,0.28489273927392733,0.3809653465346534,0.6590951595159515,1.083369086908691,0.25229647964796487,0.916564906490649,1.0704620462046204,45736.399889989,1.3088023185729973
-0.0906545654565456,-0.0858525852585259,0.28489273927392733,0.40096534653465343,0.6190951595159515,1.083369086908691,0.25229647964796487,0.9065649064906492,1.0804620462046204,45355.399889989,1.3118314266204827
-0.0906545654565456,-0.05585258525852588,0.2648927392739273,0.3909653465346534,0.6290951595159515,1.053369086908691,0.2622964796479649,0.8865649064906492,1.0804620462046204,45146.399889989,1.3118314266204827
-0.1006545654565455,-0.06585258525852589,0.2648927392739273,0.40096534653465343,0.6090951595159515,1.073369086908691,0.2822964796479649,0.916564906490649,1.0904620462046204,45513.399889989,1.3163065433502226
-0.1006545654565455,-0.0758525852585259,0.29489273927392734,0.3909653465346534,0.6190951595159515,1.043369086908691,0.3022964796479649,0.916564906490649,1.0804620462046204,45492.399889989,1.3214408874511712
-0.1006545654565455,-0.0858525852585259,0.30489273927392735,0.3509653465346534,0.6290951595159515,1.033369086908691,0.33229647964796494,0.9465649064906491,1.0904620462046204,45371.399889989,1.3247520446777337
-0.0906545654565456,-0.0858525852585259,0.30489273927392735,0.3509653465346534,0.6190951595159515,1.043369086908691,0.3122964796479649,0.9565649064906491,1.0804620462046204,44652.399889989,1.3254997253417962
-0.1106545654565455,-0.03585258525852586,0.32489273927392737,0.3509653465346534,0.6290951595159515,1.0133690869086909,0.32229647964796493,0.9865649064906491,1.0904620462046204,44761.399889989,1.328499507904052
-0.1006545654565455,-0.0858525852585259,0.29489273927392734,0.32096534653465336,0.5990951595159515,1.0033690869086909,0.36229647964796485,0.9965649064906491,1.1004620462046204,45278.399889989,1.3328732967376702
-0.14065456545654553,-0.0758525852585259,0.30489273927392735,0.33096534653465337,0.5990951595159515,1.0133690869086909,0.36229647964796485,0.9865649064906491,1.1104620462046204,45013.399889989,1.3374895572662346
-0.15065456545654554,-0.05585258525852588,0.2648927392739273,0.3409653465346534,0.6090951595159515,0.9633690869086908,0.35229647964796496,1.016564906490649,1.1204620462046204,44490.399889989,1.3374895572662346
-0.13065456545654552,-0.06585258525852589,0.22489273927392728,0.30096534653465346,0.6190951595159515,0.9633690869086908,0.37229647964796486,1.056564906490649,1.1804620462046205,44373.399889989,1.3420407295227044
-0.1006545654565455,-0.05585258525852588,0.2448927392739273,0.27096534653465343,0.6290951595159515,0.933369086908691,0.38229647964796487,1.0465649064906493,1.1804620462046205,44402.399889989,1.3455385684967034
-0.17065456545654556,-0.05585258525852588,0.2348927392739273,0.2509653465346534,0.6390951595159515,0.9633690869086908,0.4122964796479649,1.0065649064906492,1.1804620462046205,43707.399889989,1.3488907337188714
-0.16065456545654555,-0.0758525852585259,0.2748927392739273,0.27096534653465343,0.5990951595159515,0.943369086908691,0.4122964796479649,1.036564906490649,1.2204620462046205,44094.399889989,1.3488907337188714
-0.13065456545654552,-0.05585258525852588,0.29489273927392734,0.27096534653465343,0.6190951595159515,0.913369086908691,0.4422964796479649,1.056564906490649,1.2104620462046205,44535.399889989,1.3534538269042962
-0.15065456545654554,-0.05585258525852588,0.30489273927392735,0.2309653465346534,0.6190951595159515,0.903369086908691,0.45229647964796493,1.0065649064906492,1.2604620462046205,45364.399889989,1.3578342914581327
-0.13065456545654552,-0.05585258525852588,0.29489273927392734,0.2509653465346534,0.6290951595159515,0.893369086908691,0.48229647964796496,1.0265649064906492,1.2504620462046205,45089.399889989,1.3622071266174274
-0.13065456545654552,-0.02585258525852585,0.31489273927392736,0.2509653465346534,0.6190951595159515,0.873369086908691,0.502296479647965,1.076564906490649,1.2804620462046206,44652.399889989,1.3622071266174274
-0.13065456545654552,0.024147414741474194,0.33489273927392726,0.2509653465346534,0.6090951595159515,0.8333690869086909,0.512296479647965,1.056564906490649,1.3604620462046204,44927.399889989,1.3662054061889641
-0.1006545654565455,0.014147414741474185,0.31489273927392736,0.2309653465346534,0.5990951595159515,0.843369086908691,0.542296479647965,1.036564906490649,1.3804620462046204,45734.399889989,1.3694843769073444
-0.1106545654565455,0.004147414741474176,0.32489273927392737,0.22096534653465338,0.6090951595159515,0.8133690869086909,0.542296479647965,1.056564906490649,1.3904620462046204,46191.399889989,1.374827575683593
-0.1006545654565455,-0.02585258525852585,0.3448927392739273,0.20096534653465337,0.5890951595159515,0.8133690869086909,0.5822964796479648,1.036564906490649,1.4004620462046204,46128.399889989,1.3752574443817132
-0.0906545654565456,0.014147414741474185,0.32489273927392737,0.21096534653465338,0.5890951595159515,0.8033690869086909,0.5822964796479648,1.0265649064906492,1.4504620462046205,46509.399889989,1.3774227619171135
-0.1106545654565455,0.024147414741474194,0.30489273927392735,0.2309653465346534,0.5790951595159515,0.7933690869086909,0.6522964796479649,1.0265649064906492,1.4504620462046205,47026.399889989,1.382463884353637
-0.0906545654565456,0.0341474147414742,0.29489273927392734,0.21096534653465338,0.5390951595159514,0.7933690869086909,0.6322964796479649,1.076564906490649,1.4504620462046205,47371.399889989,1.3865103244781487
-0.06065456545654557,0.014147414741474185,0.29489273927392734,0.21096534653465338,0.5390951595159514,0.8033690869086909,0.6722964796479649,1.0665649064906493,1.4404620462046205,48020.399889989,1.3898918151855462
-0.06065456545654557,0.04414741474147421,0.28489273927392733,0.22096534653465338,0.5290951595159514,0.7833690869086909,0.6722964796479649,1.0465649064906493,1.4704620462046205,47921.399889989,1.3906239986419706
-0.050654565456545564,0.06414741474147423,0.29489273927392734,0.20096534653465337,0.5090951595159514,0.7833690869086909,0.6822964796479649,1.0665649064906493,1.4904620462046205,48310.399889989,1.3946237087249713
-0.040654565456545555,0.09414741474147403,0.2648927392739273,0.22096534653465338,0.4990951595159514,0.7733690869086909,0.6922964796479649,1.0465649064906493,1.5004620462046205,48375.399889989,1.399624061584472
-0.0906545654565456,0.12414741474147406,0.29489273927392734,0.21096534653465338,0.4890951595159514,0.7733690869086909,0.6922964796479649,1.0665649064906493,1.5104620462046205,48604.399889989,1.40220494270325
-0.1006545654565455,0.10414741474147404,0.32489273927392737,0.19096534653465347,0.4790951595159514,0.763369086908691,0.7022964796479649,1.096564906490649,1.4904620462046205,49259.399889989,1.4032680511474602
-0.1006545654565455,0.12414741474147406,0.30489273927392735,0.18096534653465346,0.4490951595159516,0.7833690869086909,0.722296479647965,1.0865649064906493,1.5104620462046205,49810.399889989,1.4067751884460442
-0.12065456545654552,0.12414741474147406,0.33489273927392726,0.20096534653465337,0.4490951595159516,0.7933690869086909,0.6922964796479649,1.1065649064906493,1.5304620462046206,49927.399889989,1.4111353874206536
-0.1006545654565455,0.14414741474147408,0.29489273927392734,0.21096534653465338,0.4490951595159516,0.7833690869086909,0.742296479647965,1.096564906490649,1.5104620462046205,50442.399889989,1.4151024341583245
-0.13065456545654552,0.1741474147414741,0.2748927392739273,0.2309653465346534,0.43909515951595157,0.733369086908691,0.732296479647965,1.1065649064906493,1.5204620462046206,50927.399889989,1.4151024341583245
-0.0906545654565456,0.24414741474147417,0.2548927392739273,0.22096534653465338,0.42909515951595156,0.723369086908691,0.7022964796479649,1.1265649064906493,1.5304620462046206,51176.399889989,1.4191128730773919
-0.13065456545654552,0.2841474147414742,0.2448927392739273,0.21096534653465338,0.42909515951595156,0.723369086908691,0.7122964796479649,1.116564906490649,1.5304620462046206,51589.399889989,1.423258972167968
-0.06065456545654557,0.3041474147414742,0.21489273927392727,0.19096534653465347,0.42909515951595156,0.6833690869086909,0.6922964796479649,1.1365649064906491,1.5504620462046204,52196.399889989,1.4275917530059807
-0.06065456545654557,0.2841474147414742,0.28489273927392733,0.22096534653465338,0.41909515951595155,0.6733690869086909,0.6922964796479649,1.116564906490649,1.5604620462046204,53391.399889989,1.4275917530059807
-0.06065456545654557,0.34414741474147403,0.2648927392739273,0.19096534653465347,0.41909515951595155,0.6833690869086909,0.7022964796479649,1.1365649064906491,1.5504620462046204,53038.399889989,1.4305982112884514
-0.06065456545654557,0.34414741474147403,0.2548927392739273,0.19096534653465347,0.39909515951595154,0.6633690869086909,0.7022964796479649,1.1365649064906491,1.5604620462046204,53585.399889989,1.4356572151184075
-0.040654565456545555,0.38414741474147407,0.2648927392739273,0.19096534653465347,0.3590951595159515,0.6533690869086909,0.6922964796479649,1.1465649064906493,1.5504620462046204,53930.399889989,1.4398452758789055
-0.08065456545654559,0.4041474147414741,0.2648927392739273,0.19096534653465347,0.3790951595159515,0.633369086908691,0.6722964796479649,1.166564906490649,1.5604620462046204,53907.399889989,1.4398452758789055
-0.08065456545654559,0.4241474147414741,0.28489273927392733,0.17096534653465345,0.3590951595159515,0.603369086908691,0.6922964796479649,1.166564906490649,1.5504620462046204,53772.399889989,1.44419713020325
-0.08065456545654559,0.47414741474147415,0.28489273927392733,0.15096534653465343,0.3590951595159515,0.613369086908691,0.6722964796479649,1.1965649064906492,1.5404620462046206,54419.399889989,1.4475047111511223
-0.07065456545654558,0.5141474147414742,0.29489273927392734,0.16096534653465344,0.3290951595159515,0.623369086908691,0.6822964796479649,1.226564906490649,1.5104620462046205,55044.399889989,1.4527754306793206
-0.08065456545654559,0.5241474147414742,0.2548927392739273,0.15096534653465343,0.30909515951595146,0.643369086908691,0.6822964796479649,1.2165649064906492,1.5004620462046205,55015.399889989,1.4558572292327838
-0.0906545654565456,0.5641474147414742,0.2548927392739273,0.15096534653465343,0.29909515951595145,0.623369086908691,0.6822964796479649,1.2565649064906492,1.4904620462046205,54836.399889989,1.456838560104373
-0.1006545654565455,0.5641474147414742,0.2748927392739273,0.13096534653465342,0.30909515951595146,0.603369086908691,0.6722964796479649,1.266564906490649,1.4604620462046205,54913.399889989,1.45961685180664
-0.13065456545654552,0.6441474147414741,0.20489273927392737,0.14096534653465342,0.29909515951595145,0.613369086908691,0.6622964796479649,1.2765649064906492,1.4704620462046205,54976.399889989,1.4643408775329583
-0.13065456545654552,0.6941474147414741,0.21489273927392727,0.13096534653465342,0.28909515951595144,0.603369086908691,0.6722964796479649,1.2765649064906492,1.4504620462046205,54979.399889989,1.4677547931671135
-0.13065456545654552,0.7241474147414741,0.21489273927392727,0.1109653465346534,0.28909515951595144,0.593369086908691,0.6722964796479649,1.2765649064906492,1.4704620462046205,54664.399889989,1.4683434486389153
-0.0906545654565456,0.7841474147414742,0.2348927392739273,0.10096534653465339,0.27909515951595143,0.5633690869086909,0.6722964796479649,1.2565649064906492,1.4804620462046205,54503.399889989,1.4723517417907743
-0.040654565456545555,0.8341474147414742,0.2448927392739273,0.06096534653465341,0.29909515951595145,0.5333690869086909,0.6722964796479649,1.266564906490649,1.4804620462046205,54684.399889989,1.4768294811248772
-0.06065456545654557,0.844147414741474,0.2448927392739273,0.09096534653465344,0.2690951595159514,0.5333690869086909,0.6922964796479649,1.2365649064906492,1.4804620462046205,54595.399889989,1.4800927162170403
-0.010654565456545528,0.9041474147414741,0.21489273927392727,0.08096534653465343,0.2590951595159514,0.5333690869086909,0.6622964796479649,1.246564906490649,1.4904620462046205,54426.399889989,1.4800927162170403
-0.0006545654565455195,0.9041474147414741,0.2648927392739273,0.0509653465346534,0.2690951595159514,0.5233690869086909,0.6522964796479649,1.2365649064906492,1.5104620462046205,55015.399889989,1.4846872806549065
0.029345434543454507,0.9241474147414741,0.2548927392739273,0.0509653465346534,0.2690951595159514,0.5333690869086909,0.6522964796479649,1.246564906490649,1.5104620462046205,55082.399889989,1.4888491153717034
0.05934543454345442,0.9541474147414741,0.2648927392739273,0.030965346534653437,0.2590951595159514,0.5433690869086909,0.6422964796479649,1.206564906490649,1.5304620462046206,55045.399889989,1.4926397323608356
0.049345434543454414,0.994147414741474,0.28489273927392733,0.01096534653465342,0.2490951595159514,0.503369086908691,0.6322964796479649,1.206564906490649,1.5504620462046204,54916.399889989,1.4937154769897418
0.039345434543454405,1.014147414741474,0.28489273927392733,0.030965346534653437,0.2390951595159514,0.513369086908691,0.6322964796479649,1.1965649064906492,1.5504620462046204,55219.399889989,1.4967655658721917
0.08934543454345445,0.994147414741474,0.31489273927392736,0.0009653465346534107,0.22909515951595139,0.49336908690869097,0.6422964796479649,1.206564906490649,1.5404620462046206,55238.399889989,1.5015382289886503
0.08934543454345445,1.014147414741474,0.32489273927392737,0.01096534653465342,0.21909515951595138,0.47336908690869095,0.6422964796479649,1.186564906490649,1.5104620462046205,55295.399889989,1.5050208091735833
0.11934543454345448,1.0241474147414742,0.33489273927392726,0.030965346534653437,0.21909515951595138,0.47336908690869095,0.6622964796479649,1.1765649064906492,1.5404620462046206,55876.399889989,1.506071758270263
0.1393454345434545,0.9641474147414741,0.3648927392739273,0.01096534653465342,0.20909515951595137,0.4433690869086909,0.6922964796479649,1.1565649064906491,1.5304620462046206,56111.399889989,1.5086068630218534
0.1493454345434545,0.994147414741474,0.3948927392739273,0.04096534653465339,0.22909515951595139,0.4333690869086909,0.6822964796479649,1.1565649064906491,1.5504620462046204,55948.399889989,1.513618898391723
0.1493454345434545,0.9841474147414742,0.4048927392739273,-0.009034653465346598,0.20909515951595137,0.46336908690869094,0.6522964796479649,1.1565649064906491,1.5204620462046206,56145.399889989,1.5176290988922112
0.1493454345434545,0.9441474147414741,0.43489273927392735,0.01096534653465342,0.22909515951595139,0.35336908690869095,0.6722964796479649,1.1465649064906493,1.5304620462046206,56272.399889989,1.5176290988922112
0.09934543454345446,0.9341474147414741,0.4848927392739274,-0.03903465346534657,0.2490951595159514,0.4133690869086909,0.6922964796479649,1.1565649064906491,1.5204620462046206,56153.399889989,1.5216290473937981
0.1393454345434545,0.9341474147414741,0.5248927392739272,-0.04903465346534658,0.2690951595159514,0.373369086908691,0.6822964796479649,1.1265649064906493,1.5304620462046206,55784.399889989,1.5257842063903801
0.1393454345434545,0.9341474147414741,0.5748927392739273,0.0009653465346534107,0.22909515951595139,0.33336908690869094,0.6922964796479649,1.1565649064906491,1.5204620462046206,55559.399889989,1.5297026157379143
0.1493454345434545,0.8841474147414741,0.6348927392739273,-0.019034653465346607,0.22909515951595139,0.383369086908691,0.6722964796479649,1.1465649064906493,1.5104620462046205,55900.399889989,1.5332977294921832
0.1593454345434544,0.9241474147414741,0.6348927392739273,-0.05903465346534659,0.2590951595159514,0.4233690869086909,0.6922964796479649,1.1365649064906491,1.4904620462046205,55709.399889989,1.5332977294921832
0.17934543454345442,0.8841474147414741,0.6648927392739273,-0.009034653465346598,0.20909515951595137,0.4133690869086909,0.722296479647965,1.116564906490649,1.4804620462046205,56070.399889989,1.5380336761474602
0.19934543454345444,0.8941474147414741,0.6948927392739274,-0.02903465346534656,0.21909515951595138,0.4333690869086909,0.6722964796479649,1.116564906490649,1.4804620462046205,56273.399889989,1.542636346817016
0.19934543454345444,0.844147414741474,0.7448927392739274,0.0009653465346534107,0.20909515951595137,0.35336908690869095,0.6822964796479649,1.116564906490649,1.5004620462046205,56424.399889989,1.5461239337921135
0.24934543454345448,0.8341474147414742,0.7748927392739272,-0.009034653465346598,0.20909515951595137,0.36336908690869096,0.7022964796479649,1.076564906490649,1.4504620462046205,56485.399889989,1.5461239337921135
0.24934543454345448,0.8041474147414742,0.7848927392739272,-0.019034653465346607,0.20909515951595137,0.4033690869086909,0.7122964796479649,1.0665649064906493,1.4304620462046205,56752.399889989,1.5494310379028313
0.2593454345434545,0.7841474147414742,0.8248927392739273,-0.02903465346534656,0.18909515951595157,0.34336908690869095,0.7122964796479649,1.0665649064906493,1.4104620462046205,57407.399889989,1.5542118072509759
0.2793454345434545,0.7741474147414742,0.8448927392739273,-0.009034653465346598,0.19909515951595158,0.4233690869086909,0.6822964796479649,1.076564906490649,1.4104620462046205,57716.399889989,1.5581311702728264
0.31934543454345454,0.7941474147414742,0.8148927392739272,0.01096534653465342,0.19909515951595158,0.46336908690869094,0.6922964796479649,1.0665649064906493,1.3904620462046204,58257.399889989,1.5589770793914752
0.34934543454345435,0.7841474147414742,0.8448927392739273,-0.009034653465346598,0.18909515951595157,0.49336908690869097,0.6622964796479649,1.076564906490649,1.3704620462046204,58356.399889989,1.5623571395874016
0.36934543454345437,0.7341474147414742,0.8748927392739273,0.01096534653465342,0.16909515951595155,0.49336908690869097,0.6822964796479649,1.016564906490649,1.3904620462046204,58433.399889989,1.5674125671386712
0.35934543454345436,0.7341474147414742,0.8748927392739273,-0.009034653465346598,0.19909515951595158,0.4333690869086909,0.6722964796479649,1.016564906490649,1.3904620462046204,57964.399889989,1.5703036308288567
0.3893454345434544,0.7441474147414742,0.8748927392739273,-0.019034653465346607,0.2390951595159514,0.503369086908691,0.6122964796479649,0.9965649064906491,1.3804620462046204,57883.399889989,1.5703036308288567
0.3893454345434544,0.7141474147414741,0.8848927392739273,0.0009653465346534107,0.22909515951595139,0.48336908690869096,0.6422964796479649,1.016564906490649,1.3504620462046204,58088.399889989,1.5748927116394036
0.3793454345434544,0.6941474147414741,0.8848927392739273,0.0009653465346534107,0.2490951595159514,0.45336908690869093,0.6222964796479649,0.9965649064906491,1.3704620462046204,57615.399889989,1.5789024353027337
0.3993454345434544,0.7341474147414742,0.8748927392739273,-0.019034653465346607,0.27909515951595143,0.4233690869086909,0.5622964796479648,0.9765649064906491,1.3204620462046204,56586.399889989,1.5829109668731682
0.33934543454345456,0.7841474147414742,0.8948927392739273,0.0009653465346534107,0.29909515951595145,0.4233690869086909,0.5522964796479648,0.9665649064906491,1.3604620462046204,56485.399889989,1.5829109668731682
0.32934543454345455,0.7441474147414742,0.9048927392739273,0.02096534653465343,0.29909515951595145,0.4033690869086909,0.522296479647965,0.9765649064906491,1.3404620462046204,56274.399889989,1.58720512390137
0.30934543454345453,0.7641474147414742,0.9248927392739273,0.030965346534653437,0.30909515951595146,0.4133690869086909,0.542296479647965,0.926564906490649,1.2904620462046206,55729.399889989,1.5912050724029534
0.33934543454345456,0.7341474147414742,0.9648927392739274,0.02096534653465343,0.3390951595159515,0.48336908690869096,0.512296479647965,0.926564906490649,1.3404620462046204,55376.399889989,1.5948042392730706
0.31934543454345454,0.6941474147414741,1.0048927392739273,0.0509653465346534,0.3490951595159515,0.503369086908691,0.49229647964796497,0.936564906490649,1.3004620462046204,54971.399889989,1.5987779617309563
0.2993454345434545,0.6741474147414741,1.0548927392739271,0.08096534653465343,0.3490951595159515,0.5333690869086909,0.46229647964796494,0.926564906490649,1.3104620462046204,54746.399889989,1.5993203639984124
0.34934543454345435,0.614147414741474,1.0848927392739274,0.08096534653465343,0.3590951595159515,0.5733690869086909,0.4222964796479649,0.8765649064906492,1.3004620462046204,54557.399889989,1.6029297828674274
0.35934543454345436,0.614147414741474,1.0648927392739274,0.08096534653465343,0.3490951595159515,0.633369086908691,0.4322964796479649,0.8865649064906492,1.3104620462046204,54436.399889989,1.606922817230224
0.3893454345434544,0.6241474147414741,1.0448927392739273,0.08096534653465343,0.3290951595159515,0.643369086908691,0.4022964796479649,0.8365649064906492,1.3004620462046204,54477.399889989,1.6110074043273919
0.3993454345434544,0.614147414741474,1.0148927392739275,0.09096534653465344,0.3390951595159515,0.6633690869086909,0.35229647964796496,0.8565649064906492,1.2604620462046205,54724.399889989,1.6110074043273919
0.4193454345434544,0.5741474147414742,1.0148927392739275,0.08096534653465343,0.3690951595159515,0.6633690869086909,0.3022964796479649,0.8265649064906492,1.2704620462046206,55005.399889989,1.6151577949523919
0.46934543454345445,0.5741474147414742,1.0048927392739273,0.1209653465346534,0.3690951595159515,0.6833690869086909,0.3122964796479649,0.8065649064906492,1.2304620462046205,54758.399889989,1.6194903373718255
0.48934543454345447,0.5341474147414742,0.9848927392739274,0.1109653465346534,0.3690951595159515,0.6933690869086909,0.2622964796479649,0.8165649064906492,1.2404620462046205,54505.399889989,1.623305034637454
0.48934543454345447,0.49414741474147417,1.0148927392739275,0.1209653465346534,0.3690951595159515,0.7033690869086909,0.3022964796479649,0.7565649064906491,1.2404620462046205,54314.399889989,1.6242839813232415
0.46934543454345445,0.47414741474147415,1.0448927392739273,0.13096534653465342,0.40909515951595155,0.723369086908691,0.2822964796479649,0.8065649064906492,1.2004620462046205,53853.399889989,1.627109479904174
0.44934543454345444,0.45414741474147413,1.034892739273927,0.16096534653465344,0.3790951595159515,0.763369086908691,0.2622964796479649,0.8065649064906492,1.2004620462046205,53362.399889989,1.6321408271789544
0.46934543454345445,0.45414741474147413,1.0148927392739275,0.16096534653465344,0.3790951595159515,0.7733690869086909,0.2922964796479649,0.7665649064906491,1.2004620462046205,52607.399889989,1.6361407756805413
0.44934543454345444,0.46414741474147414,1.034892739273927,0.20096534653465337,0.3690951595159515,0.7833690869086909,0.21229647964796494,0.7865649064906491,1.1604620462046205,52304.399889989,1.6361407756805413
0.36934543454345437,0.47414741474147415,1.034892739273927,0.22096534653465338,0.40909515951595155,0.7733690869086909,0.24229647964796486,0.7865649064906491,1.1704620462046205,52203.399889989,1.6401524066925042
0.33934543454345456,0.4241474147414741,1.0448927392739273,0.22096534653465338,0.41909515951595155,0.7933690869086909,0.24229647964796486,0.7765649064906491,1.1504620462046204,51348.399889989,1.6437661170959466
0.2793454345434545,0.4241474147414741,1.1048927392739274,0.2309653465346534,0.42909515951595156,0.7833690869086909,0.24229647964796486,0.7765649064906491,1.1504620462046204,50625.399889989,1.6480650424957304
0.2593454345434545,0.3941474147414741,1.0948927392739272,0.2409653465346534,0.43909515951595157,0.7933690869086909,0.22229647964796495,0.7665649064906491,1.1604620462046205,50092.399889989,1.6480650424957304
0.32934543454345455,0.4041474147414741,1.0848927392739274,0.2509653465346534,0.4690951595159514,0.7833690869086909,0.21229647964796494,0.7465649064906491,1.1704620462046205,49877.399889989,1.6523768424987821
0.2893454345434545,0.3941474147414741,1.0748927392739271,0.2509653465346534,0.4690951595159514,0.7733690869086909,0.22229647964796495,0.7465649064906491,1.1504620462046204,49436.399889989,1.6563832283020012
0.30934543454345453,0.4041474147414741,1.0548927392739271,0.2409653465346534,0.4890951595159514,0.8133690869086909,0.22229647964796495,0.7165649064906491,1.1204620462046204,48623.399889989,1.6613835811614983
0.2993454345434545,0.36414741474147405,1.0148927392739275,0.2509653465346534,0.5090951595159514,0.7933690869086909,0.21229647964796494,0.7665649064906491,1.0804620462046204,48658.399889989,1.6613835811614983
0.2893454345434545,0.38414741474147407,0.9948927392739274,0.2409653465346534,0.5390951595159514,0.7733690869086909,0.20229647964796493,0.7365649064906491,1.1004620462046204,48913.399889989,1.6645698070526116
0.31934543454345454,0.34414741474147403,0.9348927392739274,0.2609653465346534,0.5690951595159515,0.7933690869086909,0.18229647964796492,0.7365649064906491,1.0704620462046204,48504.399889989,1.6693861007690423
0.33934543454345456,0.36414741474147405,0.8648927392739273,0.27096534653465343,0.6190951595159515,0.7933690869086909,0.20229647964796493,0.7465649064906491,1.0404620462046206,48183.399889989,1.6737529754638665
0.34934543454345435,0.38414741474147407,0.8148927392739272,0.28096534653465344,0.6390951595159515,0.8133690869086909,0.20229647964796493,0.7665649064906491,1.0104620462046205,48030.399889989,1.6766361713409417
0.34934543454345435,0.31414741474147423,0.8148927392739272,0.29096534653465345,0.6090951595159515,0.843369086908691,0.1722964796479649,0.7665649064906491,0.9804620462046205,47563.399889989,1.6771587848663323
0.30934543454345453,0.34414741474147403,0.8048927392739272,0.27096534653465343,0.6190951595159515,0.8233690869086909,0.19229647964796492,0.7665649064906491,1.0104620462046205,47304.399889989,1.6813385009765618
0.2793454345434545,0.33414741474147425,0.8348927392739273,0.29096534653465345,0.6490951595159515,0.853369086908691,0.1722964796479649,0.7665649064906491,1.0104620462046205,47147.399889989,1.6858710765838616
0.24934543454345448,0.33414741474147425,0.8448927392739273,0.32096534653465336,0.6490951595159515,0.873369086908691,0.21229647964796494,0.7665649064906491,0.9804620462046205,46860.399889989,1.6891340732574491
0.23934543454345447,0.3041474147414742,0.8348927392739273,0.33096534653465337,0.6490951595159515,0.883369086908691,0.1722964796479649,0.7465649064906491,0.9504620462046205,45993.399889989,1.6898610115051298
0.22934543454345446,0.32414741474147424,0.7948927392739272,0.3509653465346534,0.6590951595159515,0.883369086908691,0.19229647964796492,0.7265649064906491,1.0104620462046205,46152.399889989,1.6938590526580803
0.19934543454345444,0.31414741474147423,0.7748927392739272,0.3709653465346534,0.6390951595159515,0.903369086908691,0.18229647964796492,0.7165649064906491,0.9604620462046205,46033.399889989,1.698191595077514
0.1393454345434545,0.36414741474147405,0.7248927392739274,0.3709653465346534,0.6690951595159516,0.933369086908691,0.22229647964796495,0.6965649064906491,0.9604620462046205,45818.399889989,1.70158405303955
0.08934543454345445,0.35414741474147404,0.7248927392739274,0.3709653465346534,0.6990951595159516,0.943369086908691,0.22229647964796495,0.676564906490649,0.9604620462046205,45685.399889989,1.7026576519012444
0.06934543454345443,0.36414741474147405,0.7548927392739274,0.3809653465346534,0.7290951595159514,0.933369086908691,0.22229647964796495,0.6365649064906492,0.9704620462046205,45188.399889989,1.705821228027343
0.05934543454345442,0.35414741474147404,0.7148927392739274,0.3809653465346534,0.7490951595159514,0.953369086908691,0.18229647964796492,0.5965649064906492,0.9604620462046205,45185.399889989,1.7095872879028313
0.049345434543454414,0.36414741474147405,0.6848927392739274,0.40096534653465343,0.7390951595159514,0.933369086908691,0.18229647964796492,0.5865649064906492,0.9504620462046205,44732.399889989,1.7138540267944329
0.07934543454345444,0.32414741474147424,0.6748927392739273,0.3909653465346534,0.7690951595159514,0.933369086908691,0.1522964796479649,0.5765649064906492,0.9404620462046205,45025.399889989,1.7138540267944329
0.07934543454345444,0.34414741474147403,0.6748927392739273,0.41096534653465344,0.7590951595159514,0.933369086908691,0.19229647964796492,0.5865649064906492,0.9004620462046204,45156.399889989,1.718394231796264
0.11934543454345448,0.2841474147414742,0.6448927392739273,0.41096534653465344,0.8090951595159515,0.943369086908691,0.22229647964796495,0.5365649064906491,0.9104620462046205,45661.399889989,1.7227246284484892
0.08934543454345445,0.2841474147414742,0.6448927392739273,0.3909653465346534,0.8390951595159515,0.943369086908691,0.1722964796479649,0.5465649064906491,0.8704620462046204,45704.399889989,1.726725769042968
0.08934543454345445,0.2941474147414742,0.6448927392739273,0.42096534653465345,0.8690951595159515,0.9733690869086908,0.19229647964796492,0.5365649064906491,0.8904620462046204,45493.399889989,1.726725769042968
0.08934543454345445,0.21414741474147414,0.6048927392739273,0.42096534653465345,0.8990951595159515,0.9733690869086908,0.22229647964796495,0.5065649064906491,0.9004620462046204,45540.399889989,1.7297820568084674
0.05934543454345442,0.24414741474147417,0.6648927392739273,0.42096534653465345,0.9090951595159515,0.953369086908691,0.22229647964796495,0.4965649064906491,0.8604620462046204,45721.399889989,1.7339932441711419
0.039345434543454405,0.22414741474147415,0.6248927392739273,0.41096534653465344,0.9590951595159514,0.933369086908691,0.21229647964796494,0.4565649064906492,0.8304620462046205,46152.399889989,1.738054704666137
0.039345434543454405,0.22414741474147415,0.5948927392739273,0.41096534653465344,0.9790951595159514,0.953369086908691,0.18229647964796492,0.42656490649064915,0.8404620462046205,46303.399889989,1.742193412780761
0.05934543454345442,0.20414741474147413,0.6348927392739273,0.41096534653465344,0.9390951595159516,1.0233690869086909,0.20229647964796493,0.3965649064906491,0.8004620462046205,46704.399889989,1.742193412780761
0.049345434543454414,0.1541474147414741,0.5748927392739273,0.3709653465346534,0.9590951595159514,1.083369086908691,0.25229647964796487,0.3665649064906491,0.7804620462046205,46979.399889989,1.7462021827697747
-0.0006545654565455195,0.1641474147414741,0.5548927392739272,0.3909653465346534,0.9890951595159514,1.093369086908691,0.23229647964796496,0.3565649064906491,0.7804620462046205,47102.399889989,1.7511248111724846
0.00934543454345449,0.13414741474147407,0.5148927392739274,0.3809653465346534,0.9490951595159516,1.143369086908691,0.23229647964796496,0.3365649064906492,0.7704620462046204,47301.399889989,1.754456710815429
0.00934543454345449,0.14414741474147408,0.4848927392739274,0.40096534653465343,0.9490951595159516,1.183369086908691,0.25229647964796487,0.3265649064906492,0.7904620462046205,47800.399889989,1.7551741123199456
0.039345434543454405,0.08414741474147425,0.4648927392739274,0.43096534653465346,0.9490951595159516,1.2233690869086908,0.22229647964796495,0.30656490649064916,0.7904620462046205,48095.399889989,1.7591623783111565
0.0193454345434545,0.13414741474147407,0.4648927392739274,0.41096534653465344,0.9490951595159516,1.2533690869086909,0.21229647964796494,0.2665649064906491,0.7604620462046204,48708.399889989,1.7631523132324212
0.029345434543454507,0.10414741474147404,0.43489273927392735,0.4609653465346534,0.9290951595159516,1.2533690869086909,0.19229647964796492,0.3265649064906492,0.7104620462046205,49129.399889989,1.7661435127258294
0.039345434543454405,0.05414741474147422,0.43489273927392735,0.5009653465346534,0.9090951595159515,1.313369086908691,0.1522964796479649,0.29656490649064915,0.7104620462046205,49494.399889989,1.767141294479373
0.05934543454345442,0.0341474147414742,0.45489273927392737,0.5309653465346534,0.8590951595159515,1.293369086908691,0.18229647964796492,0.30656490649064916,0.6804620462046205,50285.399889989,1.771154594421386
0.029345434543454507,0.024147414741474194,0.42489273927392734,0.5609653465346535,0.8390951595159515,1.323369086908691,0.14229647964796488,0.2665649064906491,0.7004620462046205,50492.399889989,1.7756397247314446
0.049345434543454414,0.024147414741474194,0.3948927392739273,0.6109653465346534,0.7490951595159514,1.363369086908691,0.1722964796479649,0.2565649064906491,0.6604620462046205,50587.399889989,1.7793616771697955
0.039345434543454405,0.004147414741474176,0.3848927392739273,0.6409653465346534,0.7490951595159514,1.373369086908691,0.23229647964796496,0.29656490649064915,0.6304620462046204,51026.399889989,1.7800766944885247
0.049345434543454414,0.014147414741474185,0.4048927392739273,0.6609653465346534,0.7290951595159514,1.403369086908691,0.14229647964796488,0.2265649064906491,0.6504620462046204,51227.399889989,1.7834965705871575
0.039345434543454405,-0.005852585258525833,0.32489273927392737,0.6709653465346535,0.7090951595159514,1.413369086908691,0.1622964796479649,0.2265649064906491,0.5904620462046205,51532.399889989,1.7878763198852532
0.049345434543454414,-0.015852585258525842,0.33489273927392726,0.6709653465346535,0.6990951595159516,1.423369086908691,0.12229647964796486,0.20656490649064918,0.5604620462046205,51823.399889989,1.7918881893157952
0.00934543454345449,-0.005852585258525833,0.3448927392739273,0.6909653465346535,0.6890951595159516,1.453369086908691,0.07229647964796493,0.2465649064906491,0.5704620462046205,52178.399889989,1.7929086208343499
0.039345434543454405,-0.005852585258525833,0.3448927392739273,0.7009653465346535,0.6790951595159516,1.443369086908691,0.0422964796479649,0.16656490649064914,0.5604620462046205,52609.399889989,1.7959634780883782
0.029345434543454507,-0.03585258525852586,0.3448927392739273,0.7009653465346535,0.6790951595159516,1.4733690869086908,-0.02770352035203505,0.16656490649064914,0.5304620462046205,52906.399889989,1.7995635986328118
0.039345434543454405,-0.0758525852585259,0.30489273927392735,0.6809653465346535,0.6890951595159516,1.4933690869086909,0.0022964796479648664,0.20656490649064918,0.5504620462046205,53369.399889989,1.8033544540405302
0.029345434543454507,-0.06585258525852589,0.31489273927392736,0.6209653465346534,0.7390951595159514,1.5133690869086909,0.0022964796479648664,0.18656490649064916,0.5404620462046205,53108.399889989,1.8044158935546903
0.0193454345434545,-0.06585258525852589,0.33489273927392726,0.5709653465346534,0.7290951595159514,1.573369086908691,0.05229647964796491,0.19656490649064917,0.4504620462046205,52419.399889989,1.8088194847106926
-0.0006545654565455195,-0.11585258525852582,0.31489273927392736,0.5909653465346534,0.7090951595159514,1.563369086908691,0.03229647964796489,0.18656490649064916,0.5204620462046204,52618.399889989,1.8128301620483427
-0.010654565456545528,-0.09585258525852591,0.29489273927392734,0.5609653465346535,0.7390951595159514,1.583369086908691,0.05229647964796491,0.14656490649064913,0.5204620462046204,53345.399889989,1.816823196411132
-0.010654565456545528,-0.09585258525852591,0.28489273927392733,0.5709653465346534,0.7090951595159514,1.573369086908691,0.12229647964796486,0.18656490649064916,0.5504620462046205,53314.399889989,1.8201336383819573
0.029345434543454507,-0.11585258525852582,0.30489273927392735,0.6209653465346534,0.6990951595159516,1.5233690869086909,0.05229647964796491,0.18656490649064916,0.5404620462046205,53629.399889989,1.8208109855651813
0.00934543454345449,-0.13585258525852584,0.31489273927392736,0.6509653465346534,0.6790951595159516,1.5133690869086909,0.13229647964796487,0.14656490649064913,0.4804620462046205,53228.399889989,1.8248302459716754
-0.020654565456545537,-0.17585258525852587,0.28489273927392733,0.7209653465346535,0.6590951595159515,1.4933690869086909,0.1522964796479649,0.18656490649064916,0.5404620462046205,53149.399889989,1.8280498504638665
0.00934543454345449,-0.16585258525852586,0.30489273927392735,0.7609653465346533,0.6590951595159515,1.4633690869086908,0.09229647964796495,0.17656490649064915,0.5104620462046204,54052.399889989,1.832002115249633
0.00934543454345449,-0.18585258525852588,0.2448927392739273,0.7709653465346533,0.6890951595159516,1.423369086908691,0.13229647964796487,0.15656490649064914,0.5604620462046205,54669.399889989,1.8330368518829339
0.039345434543454405,-0.17585258525852587,0.2348927392739273,0.8109653465346534,0.6590951595159515,1.393369086908691,0.14229647964796488,0.18656490649064916,0.5304620462046205,54942.399889989,1.8360383033752434
0.029345434543454507,-0.16585258525852586,0.2348927392739273,0.8409653465346534,0.6490951595159515,1.363369086908691,0.11229647964796485,0.2265649064906491,0.5204620462046204,55243.399889989,1.841403913497924
0.0193454345434545,-0.1958525852585259,0.20489273927392737,0.8809653465346534,0.6490951595159515,1.343369086908691,0.07229647964796493,0.2265649064906491,0.5204620462046204,55368.399889989,1.8444020271301298
0.039345434543454405,-0.14585258525852585,0.2548927392739273,0.8909653465346534,0.6590951595159515,1.323369086908691,0.09229647964796495,0.2565649064906491,0.5504620462046205,55711.399889989,1.8454088687896721
-0.020654565456545537,-0.17585258525852587,0.2648927392739273,0.8909653465346534,0.6390951595159515,1.343369086908691,0.07229647964796493,0.2265649064906491,0.5704620462046205,55782.399889989,1.848624658584594
-0.030654565456545546,-0.17585258525852587,0.2448927392739273,0.8909653465346534,0.6490951595159515,1.323369086908691,0.11229647964796485,0.30656490649064916,0.5704620462046205,55689.399889989,1.8536700725555413
-0.040654565456545555,-0.18585258525852588,0.2348927392739273,0.8809653465346534,0.6390951595159515,1.353369086908691,0.14229647964796488,0.28656490649064914,0.6104620462046204,55288.399889989,1.856953334808349
-0.06065456545654557,-0.18585258525852588,0.28489273927392733,0.8709653465346534,0.6490951595159515,1.363369086908691,0.1522964796479649,0.3365649064906492,0.6204620462046204,55165.399889989,1.8576428413391106
-0.06065456545654557,-0.2058525852585259,0.2448927392739273,0.8009653465346533,0.6290951595159515,1.433369086908691,0.12229647964796486,0.3465649064906492,0.6204620462046204,55302.399889989,1.8618206501007037
-0.0906545654565456,-0.15585258525852586,0.2448927392739273,0.7609653465346533,0.6990951595159516,1.443369086908691,0.11229647964796485,0.3865649064906491,0.6204620462046204,55067.399889989,1.8664671897888176
-0.0906545654565456,-0.13585258525852584,0.2348927392739273,0.6709653465346535,0.6890951595159516,1.453369086908691,0.13229647964796487,0.44656490649064917,0.6804620462046205,54966.399889989,1.869402599334716
-0.1006545654565455,-0.16585258525852586,0.22489273927392728,0.6609653465346534,0.6790951595159516,1.443369086908691,0.1522964796479649,0.40656490649064914,0.6604620462046205,55017.399889989,1.869402599334716
-0.0906545654565456,-0.18585258525852588,0.20489273927392737,0.6609653465346534,0.7090951595159514,1.453369086908691,0.1622964796479649,0.4565649064906492,0.7104620462046205,54852.399889989,1.8734697818756132
-0.1006545654565455,-0.16585258525852586,0.21489273927392727,0.6509653465346534,0.7090951595159514,1.433369086908691,0.14229647964796488,0.4665649064906492,0.6704620462046205,54431.399889989,1.877572727203372
-0.07065456545654558,-0.1958525852585259,0.2648927392739273,0.6809653465346535,0.6590951595159515,1.4733690869086908,0.1522964796479649,0.4865649064906491,0.6704620462046205,53596.399889989,1.8815736293792718
-0.08065456545654559,-0.13585258525852584,0.19489273927392736,0.7009653465346535,0.6190951595159515,1.453369086908691,0.20229647964796493,0.4765649064906491,0.7404620462046204,53585.399889989,1.8855745315551715
-0.06065456545654557,-0.2058525852585259,0.20489273927392737,0.7409653465346535,0.5890951595159515,1.433369086908691,0.20229647964796493,0.5465649064906491,0.7504620462046204,53484.399889989,1.8855745315551715
-0.06065456545654557,-0.17585258525852587,0.2648927392739273,0.7109653465346535,0.5990951595159515,1.433369086908691,0.24229647964796486,0.5265649064906491,0.7604620462046204,53177.399889989,1.8897397041320758
-0.0906545654565456,-0.2058525852585259,0.2348927392739273,0.7709653465346533,0.5890951595159515,1.423369086908691,0.2622964796479649,0.5565649064906492,0.8204620462046205,53472.399889989,1.8936154365539544
-0.07065456545654558,-0.1958525852585259,0.20489273927392737,0.7609653465346533,0.5690951595159515,1.353369086908691,0.25229647964796487,0.5465649064906491,0.8504620462046205,53027.399889989,1.8970314979553216
-0.0906545654565456,-0.17585258525852587,0.2348927392739273,0.8009653465346533,0.5890951595159515,1.343369086908691,0.25229647964796487,0.5865649064906492,0.8904620462046204,52688.399889989,1.898269605636596
-0.1006545654565455,-0.2058525852585259,0.2348927392739273,0.7809653465346533,0.5890951595159515,1.333369086908691,0.25229647964796487,0.5965649064906492,0.9004620462046204,52753.399889989,1.9022001743316643
-0.14065456545654553,-0.2058525852585259,0.2348927392739273,0.7609653465346533,0.6590951595159515,1.2233690869086908,0.24229647964796486,0.6065649064906492,0.9104620462046205,52392.399889989,1.9062027454376214
-0.13065456545654552,-0.1958525852585259,0.2348927392739273,0.7909653465346533,0.6690951595159516,1.193369086908691,0.20229647964796493,0.6165649064906492,0.9604620462046205,51869.399889989,1.91019959449768
-0.15065456545654554,-0.2258525852585258,0.22489273927392728,0.8009653465346533,0.6790951595159516,1.193369086908691,0.24229647964796486,0.676564906490649,0.9604620462046205,51294.399889989,1.91019959449768
-0.17065456545654556,-0.18585258525852588,0.22489273927392728,0.7609653465346533,0.7090951595159514,1.143369086908691,0.21229647964796494,0.686564906490649,0.9804620462046205,50449.399889989,1.9142012119293206
-0.16065456545654555,-0.24585258525852582,0.22489273927392728,0.7709653465346533,0.7090951595159514,1.103369086908691,0.23229647964796496,0.676564906490649,1.0104620462046205,49944.399889989,1.918371629714965
-0.18065456545654557,-0.25585258525852583,0.22489273927392728,0.7109653465346535,0.7290951595159514,1.083369086908691,0.22229647964796495,0.676564906490649,1.0504620462046204,49469.399889989,1.92255349159241
-0.17065456545654556,-0.26585258525852584,0.17489273927392734,0.6709653465346535,0.7290951595159514,1.123369086908691,0.24229647964796486,0.7065649064906491,1.0704620462046204,48816.399889989,1.923554849624633
-0.17065456545654556,-0.25585258525852583,0.20489273927392737,0.6509653465346534,0.7290951595159514,1.123369086908691,0.2622964796479649,0.7065649064906491,1.0804620462046204,48247.399889989,1.9265770435333245
-0.12065456545654552,-0.2258525852585258,0.19489273927392736,0.6509653465346534,0.7490951595159514,1.113369086908691,0.2922964796479649,0.676564906490649,1.0504620462046204,46550.399889989,1.9315640449523919
-0.15065456545654554,-0.25585258525852583,0.17489273927392734,0.6709653465346535,0.7190951595159514,1.0233690869086909,0.2622964796479649,0.7865649064906491,1.0404620462046206,45323.399889989,1.935738277435302
-0.18065456545654557,-0.2258525852585258,0.2548927392739273,0.6709653465346535,0.7790951595159514,1.0033690869086909,0.25229647964796487,0.8065649064906492,1.0104620462046205,44672.399889989,1.935738277435302
-0.16065456545654555,-0.24585258525852582,0.21489273927392727,0.6709653465346535,0.7690951595159514,0.953369086908691,0.2722964796479649,0.7365649064906491,1.0204620462046206,44159.399889989,1.939116430282592
-0.18065456545654557,-0.24585258525852582,0.18489273927392735,0.6509653465346534,0.7990951595159514,0.913369086908691,0.2922964796479649,0.7765649064906491,0.9804620462046205,43558.399889989,1.9431857585906975
-0.19065456545654558,-0.24585258525852582,0.18489273927392735,0.5609653465346535,0.7790951595159514,0.9733690869086908,0.32229647964796493,0.7865649064906491,0.9904620462046205,42901.399889989,1.9473456859588616
-0.16065456545654555,-0.27585258525852585,0.20489273927392737,0.5709653465346534,0.7490951595159514,0.943369086908691,0.2722964796479649,0.7865649064906491,1.0304620462046206,42064.399889989,1.9508256435394244
-0.2306545654565455,-0.28585258525852586,0.14489273927392732,0.5409653465346534,0.7990951595159514,0.933369086908691,0.25229647964796487,0.8165649064906492,1.0004620462046205,41349.399889989,1.9513549327850335
-0.17065456545654556,-0.3158525852585259,0.04489273927392734,0.5309653465346534,0.8090951595159515,0.943369086908691,0.19229647964796492,0.8165649064906492,0.9804620462046205,39982.399889989,1.955209445953372
-0.2206545654565455,-0.3158525852585259,0.04489273927392734,0.5209653465346534,0.7790951595159514,0.923369086908691,0.09229647964796495,0.8365649064906492,0.9304620462046205,38751.399889989,1.959260177612304
-0.15065456545654554,-0.29585258525852587,0.09489273927392727,0.5309653465346534,0.7290951595159514,0.9933690869086909,0.1522964796479649,0.8365649064906492,1.0004620462046205,37438.399889989,1.963288497924804
-0.18065456545654557,-0.25585258525852583,0.17489273927392734,0.5009653465346534,0.7290951595159514,1.043369086908691,0.18229647964796492,0.8265649064906492,1.0904620462046204,35517.399889989,1.9643983364105218
-0.17065456545654556,-0.17585258525852587,0.22489273927392728,0.43096534653465346,0.7590951595159514,1.043369086908691,0.21229647964796494,0.8465649064906492,1.1004620462046204,33846.399889989,1.9674732208251946
-0.18065456545654557,-0.2058525852585259,0.18489273927392735,0.41096534653465344,0.7290951595159514,1.0233690869086909,0.20229647964796493,0.8765649064906492,1.0804620462046204,32757.399889989,1.9725038528442376
-0.19065456545654558,-0.2058525852585259,0.18489273927392735,0.3809653465346534,0.7690951595159514,0.9933690869086909,0.25229647964796487,0.8765649064906492,1.0604620462046204,32754.399889989,1.9756109237670927
-0.16065456545654555,-0.18585258525852588,0.18489273927392735,0.3909653465346534,0.7490951595159514,0.9833690869086908,0.2622964796479649,0.8765649064906492,1.0804620462046204,32769.399889989,1.9756109237670927
-0.16065456545654555,-0.15585258525852586,0.17489273927392734,0.3809653465346534,0.7590951595159514,0.953369086908691,0.23229647964796496,0.8665649064906492,1.1004620462046204,32478.399889989,1.9806091308593743
-0.16065456545654555,-0.15585258525852586,0.1348927392739273,0.3809653465346534,0.7490951595159514,0.953369086908691,0.2622964796479649,0.8865649064906492,1.0804620462046204,32591.399889989,1.9846090793609612
-0.14065456545654553,-0.15585258525852586,0.16489273927392734,0.32096534653465336,0.7590951595159514,0.9633690869086908,0.2922964796479649,0.916564906490649,1.0904620462046204,32392.399889989,1.9876081466674798
-0.20065456545654559,-0.14585258525852585,0.15489273927392733,0.3409653465346534,0.7890951595159514,0.933369086908691,0.2922964796479649,0.9665649064906491,1.0604620462046204,32065.399889989,1.9886087894439726
-0.16065456545654555,-0.14585258525852585,0.15489273927392733,0.3509653465346534,0.7690951595159514,0.923369086908691,0.33229647964796494,0.9665649064906491,1.1004620462046204,32092.399889989,1.9920286655426018
-0.19065456545654558,-0.11585258525852582,0.21489273927392727,0.33096534653465337,0.7590951595159514,0.893369086908691,0.35229647964796496,0.9765649064906491,1.0704620462046204,31877.399889989,1.9965664863586419
-0.16065456545654555,-0.12585258525852583,0.15489273927392733,0.32096534653465336,0.8090951595159515,0.873369086908691,0.36229647964796485,0.9965649064906491,1.0804620462046204,31978.399889989,2.0005616664886503
-0.17065456545654556,-0.09585258525852591,0.14489273927392732,0.30096534653465346,0.7590951595159514,0.883369086908691,0.37229647964796486,1.0065649064906492,1.1104620462046204,32027.399889989,2.0005616664886503
-0.17065456545654556,-0.09585258525852591,0.18489273927392735,0.30096534653465346,0.7890951595159514,0.843369086908691,0.36229647964796485,1.0265649064906492,1.1204620462046204,31464.399889989,2.0045666217803983
-0.16065456545654555,-0.06585258525852589,0.17489273927392734,0.31096534653465346,0.7690951595159514,0.873369086908691,0.4022964796479649,1.056564906490649,1.1404620462046204,31103.399889989,2.0085653781890898
-0.16065456545654555,-0.05585258525852588,0.19489273927392736,0.29096534653465345,0.7590951595159514,0.843369086908691,0.3922964796479649,1.036564906490649,1.1704620462046205,30976.399889989,2.0125641345977776
-0.17065456545654556,-0.05585258525852588,0.18489273927392735,0.29096534653465345,0.7490951595159514,0.863369086908691,0.37229647964796486,1.0865649064906493,1.2204620462046205,31035.399889989,2.0135666847228997
-0.1006545654565455,-0.04585258525852587,0.20489273927392737,0.29096534653465345,0.7790951595159514,0.8133690869086909,0.4022964796479649,1.096564906490649,1.2404620462046205,31348.399889989,2.0165807723999016
-0.12065456545654552,-0.02585258525852585,0.21489273927392727,0.2409653465346534,0.7890951595159514,0.8333690869086909,0.34229647964796495,1.1365649064906491,1.2804620462046206,31267.399889989,2.02077670097351
-0.15065456545654554,-0.02585258525852585,0.18489273927392735,0.2309653465346534,0.7590951595159514,0.8133690869086909,0.38229647964796487,1.1465649064906493,1.2904620462046206,30864.399889989,2.0246741294860833
-0.15065456545654554,-0.06585258525852589,0.18489273927392735,0.21096534653465338,0.7490951595159514,0.8233690869086909,0.4422964796479649,1.096564906490649,1.3404620462046204,30863.399889989,2.0287179470062213
-0.12065456545654552,-0.0758525852585259,0.16489273927392734,0.2509653465346534,0.7390951595159514,0.8033690869086909,0.46229647964796494,1.1065649064906493,1.3604620462046204,31154.399889989,2.0287179470062213
-0.1106545654565455,-0.04585258525852587,0.17489273927392734,0.2509653465346534,0.7090951595159514,0.753369086908691,0.46229647964796494,1.096564906490649,1.4104620462046205,31599.399889989,2.033713293075561
-0.1106545654565455,-0.05585258525852588,0.18489273927392735,0.2409653465346534,0.7190951595159514,0.763369086908691,0.48229647964796496,1.1265649064906493,1.4204620462046205,31808.399889989,2.0377215862274163
-0.1006545654565455,-0.05585258525852588,0.1248927392739273,0.2509653465346534,0.6990951595159516,0.7933690869086909,0.49229647964796497,1.1365649064906491,1.4204620462046205,31253.399889989,2.0407206535339313
-0.0906545654565456,-0.0858525852585259,0.15489273927392733,0.2609653465346534,0.6890951595159516,0.753369086908691,0.49229647964796497,1.116564906490649,1.4704620462046205,31722.399889989,2.041721296310424
-0.13065456545654552,-0.10585258525852581,0.1348927392739273,0.2409653465346534,0.6790951595159516,0.743369086908691,0.522296479647965,1.1265649064906493,1.5004620462046205,32281.399889989,2.0447225093841546
-0.14065456545654553,-0.09585258525852591,0.11489273927392729,0.2509653465346534,0.6490951595159515,0.733369086908691,0.512296479647965,1.166564906490649,1.5304620462046206,32058.399889989,2.0497440814971917
-0.16065456545654555,-0.10585258525852581,0.10489273927392728,0.2609653465346534,0.6190951595159515,0.723369086908691,0.502296479647965,1.1465649064906493,1.5404620462046206,32171.399889989,2.053547811508178
-0.19065456545654558,-0.09585258525852591,0.09489273927392727,0.2409653465346534,0.6090951595159515,0.743369086908691,0.502296479647965,1.1765649064906492,1.5404620462046206,32774.399889989,2.0545861244201653
-0.16065456545654555,-0.11585258525852582,0.05489273927392735,0.2409653465346534,0.5890951595159515,0.7133690869086909,0.542296479647965,1.166564906490649,1.5704620462046204,33011.399889989,2.0577482700347893
-0.2106545654565456,-0.14585258525852585,0.09489273927392727,0.2409653465346534,0.6090951595159515,0.7133690869086909,0.5722964796479648,1.1465649064906493,1.5604620462046204,33446.399889989,2.0627271652221673
-0.20065456545654559,-0.14585258525852585,0.08489273927392726,0.2409653465346534,0.5990951595159515,0.6833690869086909,0.5722964796479648,1.1565649064906491,1.5704620462046204,33701.399889989,2.065999221801757
-0.2206545654565455,-0.15585258525852586,0.04489273927392734,0.2309653465346534,0.5690951595159515,0.6733690869086909,0.5522964796479648,1.1365649064906491,1.6204620462046204,34178.399889989,2.0667488098144524
-0.2306545654565455,-0.14585258525852585,0.06489273927392736,0.22096534653465338,0.5390951595159514,0.6833690869086909,0.5522964796479648,1.1765649064906492,1.6004620462046204,34461.399889989,2.070748996734622
-0.2306545654565455,-0.15585258525852586,0.03489273927392733,0.2409653465346534,0.5490951595159514,0.6733690869086909,0.5522964796479648,1.1965649064906492,1.6104620462046204,35142.399889989,2.0751392364501946
-0.2506545654565455,-0.15585258525852586,0.024892739273927322,0.21096534653465338,0.5490951595159514,0.6833690869086909,0.5822964796479648,1.1765649064906492,1.5904620462046204,35517.399889989,2.0781630992889397
-0.2306545654565455,-0.17585258525852587,0.014892739273927313,0.21096534653465338,0.5490951595159514,0.6733690869086909,0.6022964796479648,1.206564906490649,1.5804620462046204,35694.399889989,2.0781630992889397
-0.27065456545654554,-0.17585258525852587,0.03489273927392733,0.20096534653465337,0.5390951595159514,0.6733690869086909,0.6122964796479649,1.206564906490649,1.5704620462046204,36803.399889989,2.082368326187133
-0.2206545654565455,-0.18585258525852588,0.024892739273927322,0.18096534653465346,0.5390951595159514,0.6733690869086909,0.6022964796479648,1.1965649064906492,1.6004620462046204,37522.399889989,2.0876752853393583
-0.2506545654565455,-0.2058525852585259,0.024892739273927322,0.19096534653465347,0.5090951595159514,0.6533690869086909,0.6122964796479649,1.226564906490649,1.5704620462046204,37687.399889989,2.0906800746917718
-0.2306545654565455,-0.2058525852585259,0.04489273927392734,0.19096534653465347,0.5290951595159514,0.6633690869086909,0.6022964796479648,1.226564906490649,1.5904620462046204,37980.399889989,2.0917124271392815
-0.2306545654565455,-0.1958525852585259,0.04489273927392734,0.20096534653465337,0.4990951595159514,0.613369086908691,0.6022964796479648,1.2365649064906492,1.5804620462046204,38399.399889989,2.0949038982391315
-0.2406545654565455,-0.2158525852585259,0.08489273927392726,0.18096534653465346,0.5090951595159514,0.603369086908691,0.6122964796479649,1.2365649064906492,1.5704620462046204,38954.399889989,2.098112773895263
-0.2406545654565455,-0.2058525852585259,0.06489273927392736,0.16096534653465344,0.5090951595159514,0.593369086908691,0.5722964796479648,1.246564906490649,1.5904620462046204,39593.399889989,2.103165102005004
-0.2306545654565455,-0.2058525852585259,0.06489273927392736,0.16096534653465344,0.4890951595159514,0.603369086908691,0.5922964796479648,1.266564906490649,1.5804620462046204,39888.399889989,2.1069931507110624
-0.2306545654565455,-0.2058525852585259,0.10489273927392728,0.19096534653465347,0.45909515951595137,0.593369086908691,0.5922964796479648,1.266564906490649,1.5704620462046204,40041.399889989,2.107943725585937
-0.19065456545654558,-0.16585258525852586,0.09489273927392727,0.18096534653465346,0.4490951595159516,0.5533690869086909,0.5922964796479648,1.266564906490649,1.5804620462046204,40138.399889989,2.1113876819610624
-0.18065456545654557,-0.1958525852585259,0.10489273927392728,0.19096534653465347,0.43909515951595157,0.5733690869086909,0.6022964796479648,1.286564906490649,1.5804620462046204,40119.399889989,2.1155747890472405
-0.20065456545654559,-0.1958525852585259,0.1248927392739273,0.15096534653465343,0.42909515951595156,0.5533690869086909,0.5922964796479648,1.286564906490649,1.5704620462046204,40952.399889989,2.119414281845092
-0.2106545654565456,-0.16585258525852586,0.10489273927392728,0.14096534653465342,0.43909515951595157,0.5433690869086909,0.5722964796479648,1.306564906490649,1.5604620462046204,41033.399889989,2.1203639030456536
-0.2206545654565455,-0.17585258525852587,0.09489273927392727,0.14096534653465342,0.40909515951595155,0.5333690869086909,0.5822964796479648,1.326564906490649,1.5404620462046206,40606.399889989,2.1233636856079094
-0.2206545654565455,-0.18585258525852588,0.10489273927392728,0.13096534653465342,0.40909515951595155,0.5533690869086909,0.5822964796479648,1.346564906490649,1.5204620462046206,41027.399889989,2.1277489185333245
-0.2306545654565455,-0.2058525852585259,0.10489273927392728,0.15096534653465343,0.3790951595159515,0.5533690869086909,0.6022964796479648,1.366564906490649,1.5204620462046206,41526.399889989,2.131177139282226
-0.2206545654565455,-0.18585258525852588,0.11489273927392729,0.16096534653465344,0.3690951595159515,0.503369086908691,0.5822964796479648,1.3765649064906493,1.5004620462046205,41159.399889989,2.131177139282226
-0.19065456545654558,-0.1958525852585259,0.09489273927392727,0.14096534653465342,0.3790951595159515,0.49336908690869097,0.5822964796479648,1.3965649064906493,1.5004620462046205,41140.399889989,2.1353752136230497
-0.2206545654565455,-0.2258525852585258,0.11489273927392729,0.13096534653465342,0.3790951595159515,0.48336908690869096,0.5622964796479648,1.4065649064906491,1.4904620462046205,41301.399889989,2.140895080566409
-0.18065456545654557,-0.23585258525852582,0.06489273927392736,0.10096534653465339,0.3690951595159515,0.49336908690869097,0.5922964796479648,1.4065649064906491,1.4804620462046205,41512.399889989,2.1438710212707512
-0.2106545654565456,-0.2258525852585258,0.07489273927392737,0.1109653465346534,0.3690951595159515,0.47336908690869095,0.5622964796479648,1.416564906490649,1.4904620462046205,41591.399889989,2.1438710212707512
-0.2306545654565455,-0.2258525852585258,0.08489273927392726,0.10096534653465339,0.3590951595159515,0.47336908690869095,0.5622964796479648,1.416564906490649,1.4904620462046205,41256.399889989,2.147314262390136
-0.2506545654565455,-0.2058525852585259,0.07489273927392737,0.06096534653465341,0.3590951595159515,0.48336908690869096,0.5822964796479648,1.3965649064906493,1.5004620462046205,40763.399889989,2.1522120952606194
-0.2406545654565455,-0.2058525852585259,0.10489273927392728,0.08096534653465343,0.3490951595159515,0.48336908690869096,0.5622964796479648,1.3965649064906493,1.5204620462046206,41082.399889989,2.156486463546752
-0.2506545654565455,-0.2058525852585259,0.09489273927392727,0.04096534653465339,0.3690951595159515,0.48336908690869096,0.5622964796479648,1.3965649064906493,1.5204620462046206,40621.399889989,2.157199335098266
-0.2406545654565455,-0.2258525852585258,0.10489273927392728,0.0009653465346534107,0.3590951595159515,0.49336908690869097,0.5622964796479648,1.3765649064906493,1.5304620462046206,40736.399889989,2.1612121582031243
-0.2406545654565455,-0.2158525852585259,0.11489273927392729,-0.019034653465346607,0.3490951595159515,0.48336908690869096,0.5622964796479648,1.3765649064906493,1.5404620462046206,40985.399889989,2.1655013084411614
-0.2306545654565455,-0.2258525852585258,0.11489273927392729,0.0009653465346534107,0.3590951595159515,0.49336908690869097,0.5622964796479648,1.346564906490649,1.5604620462046204,41316.399889989,2.1689462184906
-0.26065456545654553,-0.2058525852585259,0.10489273927392728,-0.02903465346534656,0.3390951595159515,0.48336908690869096,0.5622964796479648,1.346564906490649,1.5804620462046204,41043.399889989,2.1689462184906
-0.2406545654565455,-0.2258525852585258,0.1348927392739273,-0.019034653465346607,0.31909515951595147,0.47336908690869095,0.5522964796479648,1.326564906490649,1.5704620462046204,40490.399889989,2.1724879264831536
-0.2506545654565455,-0.2258525852585258,0.11489273927392729,0.0009653465346534107,0.30909515951595146,0.47336908690869095,0.5822964796479648,1.3365649064906493,1.5504620462046204,40833.399889989,2.177221965789794
-0.26065456545654553,-0.2258525852585258,0.1348927392739273,0.01096534653465342,0.31909515951595147,0.47336908690869095,0.5822964796479648,1.3565649064906493,1.5504620462046204,40794.399889989,2.1805612564086942
-0.26065456545654553,-0.2258525852585258,0.1348927392739273,-0.019034653465346607,0.29909515951595145,0.47336908690869095,0.5722964796479648,1.3365649064906493,1.5604620462046204,40517.399889989,2.1847133159637444
-0.2406545654565455,-0.24585258525852582,0.15489273927392733,0.0009653465346534107,0.28909515951595144,0.47336908690869095,0.5722964796479648,1.3165649064906493,1.5704620462046204,40756.399889989,2.1857442378997796
-0.2506545654565455,-0.24585258525852582,0.1248927392739273,0.0009653465346534107,0.28909515951595144,0.45336908690869093,0.5922964796479648,1.306564906490649,1.5504620462046204,40821.399889989,2.1897334575653034
-0.2406545654565455,-0.23585258525852582,0.11489273927392729,-0.02903465346534656,0.29909515951595145,0.45336908690869093,0.6022964796479648,1.2965649064906493,1.5704620462046204,40926.399889989,2.193125915527343
-0.28065456545654555,-0.25585258525852583,0.11489273927392729,-0.019034653465346607,0.27909515951595143,0.45336908690869093,0.6322964796479649,1.2565649064906492,1.5604620462046204,40981.399889989,2.196830224990844
-0.30065456545654556,-0.24585258525852582,0.10489273927392728,-0.04903465346534658,0.29909515951595145,0.4433690869086909,0.6322964796479649,1.266564906490649,1.5504620462046204,40830.399889989,2.19787950515747
-0.29065456545654555,-0.2258525852585258,0.10489273927392728,-0.02903465346534656,0.30909515951595146,0.4333690869086909,0.6322964796479649,1.2765649064906492,1.5204620462046206,40723.399889989,2.200943183898925
-0.3106545654565456,-0.2158525852585259,0.08489273927392726,-0.009034653465346598,0.30909515951595146,0.373369086908691,0.6322964796479649,1.2565649064906492,1.5404620462046206,40556.399889989,2.2061216354370146
-0.3206545654565455,-0.24585258525852582,0.07489273927392737,-0.05903465346534659,0.31909515951595147,0.383369086908691,0.6322964796479649,1.266564906490649,1.5404620462046206,40171.399889989,2.2093629360198968
-0.30065456545654556,-0.24585258525852582,0.07489273927392737,-0.05903465346534659,0.30909515951595146,0.34336908690869095,0.6322964796479649,1.2765649064906492,1.5404620462046206,39744.399889989,2.2102295875549345
-0.29065456545654555,-0.27585258525852585,0.11489273927392729,-0.03903465346534657,0.31909515951595147,0.34336908690869095,0.6122964796479649,1.266564906490649,1.5404620462046206,38737.399889989,2.2134356021881096
-0.29065456545654555,-0.24585258525852582,0.09489273927392727,-0.02903465346534656,0.31909515951595147,0.33336908690869094,0.6122964796479649,1.266564906490649,1.5604620462046204,38470.399889989,2.2182478427886956
-0.28065456545654555,-0.26585258525852584,0.08489273927392726,-0.0690346534653466,0.3290951595159515,0.2933690869086909,0.5822964796479648,1.266564906490649,1.5404620462046206,38333.399889989,2.221509885787963
-0.30065456545654556,-0.27585258525852585,0.06489273927392736,-0.0690346534653466,0.30909515951595146,0.2833690869086909,0.6022964796479648,1.266564906490649,1.5104620462046205,38086.399889989,2.2222289562225335
-0.3106545654565456,-0.28585258525852586,0.08489273927392726,-0.0690346534653466,0.30909515951595146,0.2633690869086909,0.6422964796479649,1.2365649064906492,1.5004620462046205,37863.399889989,2.226835680007934
-0.30065456545654556,-0.27585258525852585,0.05489273927392735,-0.0790346534653466,0.29909515951595145,0.2633690869086909,0.6322964796479649,1.246564906490649,1.4904620462046205,37906.399889989,2.2292098522186237
-0.3106545654565456,-0.24585258525852582,0.06489273927392736,-0.04903465346534658,0.27909515951595143,0.2933690869086909,0.6422964796479649,1.246564906490649,1.4804620462046205,37761.399889989,2.234266233444213
-0.29065456545654555,-0.27585258525852585,0.07489273927392737,-0.05903465346534659,0.2690951595159514,0.3033690869086909,0.6222964796479649,1.206564906490649,1.4804620462046205,36806.399889989,2.234266233444213
-0.30065456545654556,-0.24585258525852582,0.06489273927392736,-0.08903465346534656,0.2690951595159514,0.25336908690869087,0.6222964796479649,1.186564906490649,1.5104620462046205,35861.399889989,2.2384082794189446
-0.28065456545654555,-0.26585258525852584,0.05489273927392735,-0.09903465346534657,0.2590951595159514,0.2633690869086909,0.6122964796479649,1.166564906490649,1.5004620462046205,35160.399889989,2.241902780532836
-0.28065456545654555,-0.28585258525852586,0.014892739273927313,-0.05903465346534659,0.2490951595159514,0.2633690869086909,0.5922964796479648,1.1465649064906493,1.5104620462046205,34581.399889989,2.2461122989654534
-0.29065456545654555,-0.27585258525852585,0.05489273927392735,-0.09903465346534657,0.27909515951595143,0.2733690869086909,0.5722964796479648,1.1565649064906491,1.4804620462046205,33854.399889989,2.24711365699768
-0.29065456545654555,-0.26585258525852584,0.024892739273927322,-0.05903465346534659,0.2590951595159514,0.25336908690869087,0.5522964796479648,1.1365649064906491,1.4904620462046205,33117.399889989,2.2500025749206536
-0.29065456545654555,-0.28585258525852586,0.0048927392739273046,-0.0690346534653466,0.2490951595159514,0.24336908690869088,0.5622964796479648,1.116564906490649,1.5104620462046205,32380.399889989,2.2540232658386223
-0.28065456545654555,-0.26585258525852584,0.024892739273927322,-0.09903465346534657,0.2690951595159514,0.22336908690869092,0.512296479647965,1.116564906490649,1.5204620462046206,32005.399889989,2.2590286254882805
-0.30065456545654556,-0.25585258525852583,0.03489273927392733,-0.09903465346534657,0.2490951595159514,0.2133690869086909,0.48229647964796496,1.1265649064906493,1.5304620462046206,31486.399889989,2.2590286254882805
-0.29065456545654555,-0.27585258525852585,0.024892739273927322,-0.09903465346534657,0.2590951595159514,0.17336908690869093,0.47229647964796495,1.096564906490649,1.5004620462046205,30839.399889989,2.2630240440368645
-0.29065456545654555,-0.24585258525852582,0.024892739273927322,-0.0790346534653466,0.2690951595159514,0.1833690869086909,0.46229647964796494,1.1265649064906493,1.4704620462046205,30368.399889989,2.266481113433837
-0.29065456545654555,-0.27585258525852585,0.0048927392739273046,-0.09903465346534657,0.27909515951595143,0.17336908690869093,0.46229647964796494,1.0865649064906493,1.4504620462046205,30373.399889989,2.270644140243533
-0.30065456545654556,-0.23585258525852582,-0.025107260726072722,-0.13903465346534657,0.28909515951595144,0.15336908690869092,0.45229647964796493,1.0465649064906493,1.4804620462046205,30040.399889989,2.274604988098144
-0.3206545654565455,-0.2258525852585258,-0.005107260726072704,-0.11903465346534658,0.31909515951595147,0.23336908690869093,0.47229647964796495,1.0265649064906492,1.4104620462046205,29461.399889989,2.2758142471313434
-0.34065456545654554,-0.26585258525852584,-0.005107260726072704,-0.0790346534653466,0.27909515951595143,0.23336908690869093,0.45229647964796493,1.0265649064906492,1.4304620462046205,29528.399889989,2.279814434051513
-0.34065456545654554,-0.25585258525852583,-0.025107260726072722,-0.14903465346534658,0.27909515951595143,0.22336908690869092,0.45229647964796493,1.016564906490649,1.4004620462046204,29237.399889989,2.282812309265136
-0.29065456545654555,-0.24585258525852582,-0.025107260726072722,-0.09903465346534657,0.28909515951595144,0.1433690869086909,0.4222964796479649,0.9965649064906491,1.3904620462046204,29190.399889989,2.2868251323699944
-0.35065456545654555,-0.2258525852585258,-0.015107260726072713,-0.11903465346534658,0.28909515951595144,0.17336908690869093,0.4222964796479649,0.9865649064906491,1.3604620462046204,29249.399889989,2.2868251323699944
-0.3206545654565455,-0.26585258525852584,-0.05510726072607264,-0.09903465346534657,0.27909515951595143,0.2033690869086909,0.38229647964796487,0.9765649064906491,1.3404620462046204,28566.399889989,2.2912766456603997
-0.29065456545654555,-0.23585258525852582,-0.015107260726072713,-0.11903465346534658,0.2590951595159514,0.22336908690869092,0.4022964796479649,0.9465649064906491,1.3604620462046204,28261.399889989,2.2962595939636223
-0.3206545654565455,-0.26585258525852584,-0.06510726072607265,-0.11903465346534658,0.2690951595159514,0.2133690869086909,0.3922964796479649,0.916564906490649,1.3404620462046204,28230.399889989,2.3002600193023675
-0.34065456545654554,-0.25585258525852583,-0.03510726072607273,-0.0690346534653466,0.2690951595159514,0.2133690869086909,0.35229647964796496,0.8865649064906492,1.3304620462046204,28545.399889989,2.3002600193023675
-0.3106545654565456,-0.27585258525852585,-0.015107260726072713,-0.1290346534653466,0.2590951595159514,0.25336908690869087,0.35229647964796496,0.9065649064906492,1.3304620462046204,28488.399889989,2.304259490966796
-0.34065456545654554,-0.28585258525852586,-0.04510726072607263,-0.11903465346534658,0.2590951595159514,0.24336908690869088,0.35229647964796496,0.8465649064906492,1.3104620462046204,28329.399889989,2.3088850498199456
-0.3806545654565455,-0.26585258525852584,-0.05510726072607264,-0.1290346534653466,0.2590951595159514,0.23336908690869093,0.34229647964796495,0.8465649064906492,1.3104620462046204,28918.399889989,2.3126055717468255
-0.34065456545654554,-0.28585258525852586,-0.04510726072607263,-0.1290346534653466,0.22909515951595139,0.22336908690869092,0.2922964796479649,0.8565649064906492,1.2704620462046206,29037.399889989,2.3126055717468255
-0.39065456545654553,-0.25585258525852583,-0.06510726072607265,-0.13903465346534657,0.21909515951595138,0.2133690869086909,0.2922964796479649,0.8465649064906492,1.2604620462046205,28852.399889989,2.316273641586303
-0.36065456545654556,-0.26585258525852584,-0.05510726072607264,-0.14903465346534658,0.21909515951595138,0.1933690869086909,0.3022964796479649,0.8265649064906492,1.2504620462046205,28681.399889989,2.3203095912933343
-0.39065456545654553,-0.27585258525852585,-0.04510726072607263,-0.1290346534653466,0.22909515951595139,0.2033690869086909,0.2922964796479649,0.8265649064906492,1.2504620462046205,28686.399889989,2.324187469482421
-0.39065456545654553,-0.3058525852585259,-0.06510726072607265,-0.10903465346534658,0.20909515951595137,0.2133690869086909,0.25229647964796487,0.8065649064906492,1.2204620462046205,28905.399889989,2.3252381801605218
-0.36065456545654556,-0.28585258525852586,-0.05510726072607264,-0.11903465346534658,0.2390951595159514,0.23336908690869093,0.24229647964796486,0.8065649064906492,1.2204620462046205,29176.399889989,2.3282353401184075
-0.3806545654565455,-0.24585258525852582,-0.06510726072607265,-0.11903465346534658,0.2490951595159514,0.24336908690869088,0.25229647964796487,0.7865649064906491,1.1804620462046205,28549.399889989,2.3326384544372516
-0.35065456545654555,-0.23585258525852582,-0.05510726072607264,-0.09903465346534657,0.2490951595159514,0.2133690869086909,0.2722964796479649,0.7865649064906491,1.1804620462046205,27980.399889989,2.336982440948489
-0.33065456545654553,-0.25585258525852583,-0.09510726072607267,-0.11903465346534658,0.2590951595159514,0.1933690869086909,0.2822964796479649,0.7865649064906491,1.1404620462046204,27925.399889989,2.3370670795440667
-0.33065456545654553,-0.23585258525852582,-0.04510726072607263,-0.09903465346534657,0.2590951595159514,0.2033690869086909,0.2722964796479649,0.7765649064906491,1.1104620462046204,28226.399889989,2.3411540508270257
-0.33065456545654553,-0.2258525852585258,-0.05510726072607264,-0.10903465346534658,0.2590951595159514,0.1933690869086909,0.2722964796479649,0.7465649064906491,1.1104620462046204,28183.399889989,2.344134044647216
-0.35065456545654555,-0.2058525852585259,-0.04510726072607263,-0.11903465346534658,0.28909515951595144,0.1833690869086909,0.25229647964796487,0.7365649064906491,1.1204620462046204,28564.399889989,2.349564027786254
-0.37065456545654557,-0.2058525852585259,-0.05510726072607264,-0.08903465346534656,0.2590951595159514,0.1833690869086909,0.2822964796479649,0.7065649064906491,1.1004620462046204,28573.399889989,2.352856826782226
-0.35065456545654555,-0.1958525852585259,-0.06510726072607265,-0.10903465346534658,0.2690951595159514,0.17336908690869093,0.2622964796479649,0.7065649064906491,1.0604620462046204,28562.399889989,2.352856826782226
-0.3206545654565455,-0.25585258525852583,-0.04510726072607263,-0.09903465346534657,0.2690951595159514,0.1933690869086909,0.24229647964796486,0.6965649064906491,1.1004620462046204,28647.399889989,2.357432317733764
-0.34065456545654554,-0.23585258525852582,-0.05510726072607264,-0.09903465346534657,0.2690951595159514,0.16336908690869092,0.19229647964796492,0.7065649064906491,1.0904620462046204,28570.399889989,2.3607151031494134
-0.3206545654565455,-0.23585258525852582,-0.03510726072607273,-0.09903465346534657,0.2690951595159514,0.16336908690869092,0.24229647964796486,0.686564906490649,1.0604620462046204,28639.399889989,2.3657114028930657
-0.3206545654565455,-0.2158525852585259,-0.07510726072607266,-0.10903465346534658,0.2590951595159514,0.1433690869086909,0.21229647964796494,0.676564906490649,1.0204620462046206,28978.399889989,2.3657114028930657
-0.28065456545654555,-0.24585258525852582,-0.07510726072607266,-0.08903465346534656,0.28909515951595144,0.1433690869086909,0.20229647964796493,0.6465649064906492,1.0104620462046205,29203.399889989,2.3697113513946526
-0.3106545654565456,-0.24585258525852582,-0.09510726072607267,-0.11903465346534658,0.28909515951595144,0.12336908690869089,0.19229647964796492,0.6365649064906492,1.0004620462046205,29470.399889989,2.3737110614776604
-0.26065456545654553,-0.24585258525852582,-0.10510726072607268,-0.11903465346534658,0.2690951595159514,0.1433690869086909,0.22229647964796495,0.6065649064906492,0.9804620462046205,29377.399889989,2.3776838302612298
-0.27065456545654554,-0.23585258525852582,-0.09510726072607267,-0.10903465346534658,0.27909515951595143,0.1333690869086909,0.24229647964796486,0.6165649064906492,0.9604620462046205,29020.399889989,2.3776838302612298
-0.27065456545654554,-0.23585258525852582,-0.10510726072607268,-0.1290346534653466,0.2690951595159514,0.1433690869086909,0.25229647964796487,0.5365649064906491,0.9804620462046205,29173.399889989,2.3813759803771966
-0.2406545654565455,-0.24585258525852582,-0.1251072607260727,-0.08903465346534656,0.2690951595159514,0.16336908690869092,0.22229647964796495,0.5765649064906492,0.9704620462046205,29416.399889989,2.38591022491455
-0.27065456545654554,-0.24585258525852582,-0.16510726072607268,-0.08903465346534656,0.2490951595159514,0.2033690869086909,0.24229647964796486,0.5165649064906491,0.9204620462046205,29429.399889989,2.389460754394534
-0.28065456545654555,-0.26585258525852584,-0.16510726072607268,-0.09903465346534657,0.2590951595159514,0.16336908690869092,0.24229647964796486,0.5065649064906491,0.9004620462046204,29252.399889989,2.389460754394534
-0.2406545654565455,-0.3358525852585259,-0.1251072607260727,-0.11903465346534658,0.2490951595159514,0.2033690869086909,0.24229647964796486,0.4965649064906491,0.9104620462046205,29713.399889989,2.394732189178466
-0.26065456545654553,-0.3258525852585259,-0.1751072607260727,-0.08903465346534656,0.2390951595159514,0.1933690869086909,0.2922964796479649,0.4865649064906491,0.8704620462046204,29996.399889989,2.3989583969116204
-0.2306545654565455,-0.3358525852585259,-0.1251072607260727,-0.05903465346534659,0.2490951595159514,0.1833690869086909,0.2622964796479649,0.42656490649064915,0.9004620462046204,29865.399889989,2.4023701667785637
-0.26065456545654553,-0.3158525852585259,-0.1851072607260727,-0.09903465346534657,0.2590951595159514,0.1833690869086909,0.25229647964796487,0.40656490649064914,0.8804620462046204,30388.399889989,2.4023701667785637
-0.2506545654565455,-0.3058525852585259,-0.16510726072607268,-0.1290346534653466,0.2490951595159514,0.16336908690869092,0.2922964796479649,0.41656490649064914,0.9004620462046204,30541.399889989,2.4064049243926995
-0.2406545654565455,-0.3258525852585259,-0.16510726072607268,-0.09903465346534657,0.2590951595159514,0.16336908690869092,0.25229647964796487,0.43656490649064916,0.8804620462046204,31298.399889989,2.4105970382690423
-0.2506545654565455,-0.3358525852585259,-0.1951072607260727,-0.1290346534653466,0.2590951595159514,0.1433690869086909,0.20229647964796493,0.3865649064906491,0.8804620462046204,31309.399889989,2.4139682769775384
-0.2406545654565455,-0.3258525852585259,-0.1751072607260727,-0.11903465346534658,0.2590951595159514,0.15336908690869092,0.2622964796479649,0.3865649064906491,0.8504620462046205,31116.399889989,2.4150151729583733
-0.27065456545654554,-0.3358525852585259,-0.1851072607260727,-0.14903465346534658,0.2590951595159514,0.16336908690869092,0.22229647964796495,0.3665649064906491,0.8204620462046205,30889.399889989,2.4190041542053216
-0.26065456545654553,-0.3458525852585259,-0.1851072607260727,-0.14903465346534658,0.2590951595159514,0.11336908690869094,0.20229647964796493,0.3465649064906492,0.8204620462046205,30906.399889989,2.42232961654663
-0.2506545654565455,-0.3358525852585259,-0.15510726072607267,-0.16903465346534657,0.2690951595159514,0.1333690869086909,0.18229647964796492,0.3265649064906492,0.7904620462046205,31125.399889989,2.4264230251312213
-0.2306545654565455,-0.3258525852585259,-0.16510726072607268,-0.0790346534653466,0.2390951595159514,0.12336908690869089,0.18229647964796492,0.3565649064906491,0.8104620462046205,31206.399889989,2.4305421829223626
-0.2306545654565455,-0.3058525852585259,-0.16510726072607268,-0.09903465346534657,0.2390951595159514,0.2133690869086909,0.25229647964796487,0.30656490649064916,0.7904620462046205,31131.399889989,2.4305421829223626
-0.2206545654565455,-0.3358525852585259,-0.1351072607260727,-0.0790346534653466,0.2490951595159514,0.16336908690869092,0.22229647964796495,0.31656490649064917,0.7904620462046205,31282.399889989,2.4345442771911614
-0.20065456545654559,-0.3058525852585259,-0.10510726072607268,-0.13903465346534657,0.2690951595159514,0.1433690869086909,0.24229647964796486,0.3265649064906492,0.7604620462046204,31685.399889989,2.4388131618499713
-0.2106545654565456,-0.3158525852585259,-0.10510726072607268,-0.13903465346534657,0.27909515951595143,0.1333690869086909,0.23229647964796496,0.31656490649064917,0.7104620462046205,32086.399889989,2.442994785308837
-0.19065456545654558,-0.3058525852585259,-0.10510726072607268,-0.13903465346534657,0.2390951595159514,0.12336908690869089,0.23229647964796496,0.30656490649064916,0.7104620462046205,32291.399889989,2.4439486980438225
-0.2206545654565455,-0.27585258525852585,-0.11510726072607269,-0.13903465346534657,0.2690951595159514,0.15336908690869092,0.19229647964796492,0.30656490649064916,0.6604620462046205,32034.399889989,2.446956110000613
-0.20065456545654559,-0.28585258525852586,-0.1251072607260727,-0.13903465346534657,0.2590951595159514,0.1333690869086909,0.18229647964796492,0.30656490649064916,0.6804620462046205,32585.399889989,2.4515470981597893
-0.2206545654565455,-0.27585258525852585,-0.16510726072607268,-0.11903465346534658,0.2490951595159514,0.12336908690869089,0.13229647964796487,0.30656490649064916,0.6904620462046205,32716.399889989,2.4549645900726276
-0.2206545654565455,-0.3058525852585259,-0.1751072607260727,-0.13903465346534657,0.2490951595159514,0.12336908690869089,0.1722964796479649,0.29656490649064915,0.6404620462046204,32501.399889989,2.45601673126221
-0.2306545654565455,-0.3058525852585259,-0.15510726072607267,-0.14903465346534658,0.2590951595159514,0.12336908690869089,0.21229647964796494,0.3265649064906492,0.6604620462046205,32386.399889989,2.459148359298702
-0.2106545654565456,-0.27585258525852585,-0.14510726072607266,-0.11903465346534658,0.2590951595159514,0.11336908690869094,0.1722964796479649,0.28656490649064914,0.6404620462046204,33063.399889989,2.4643966674804645
-0.2406545654565455,-0.26585258525852584,-0.1751072607260727,-0.10903465346534658,0.2390951595159514,0.1333690869086909,0.1722964796479649,0.28656490649064914,0.6504620462046204,33180.399889989,2.4673895359039335
-0.2206545654565455,-0.28585258525852586,-0.14510726072607266,-0.09903465346534657,0.2590951595159514,0.1333690869086909,0.1722964796479649,0.27656490649064913,0.6004620462046205,33457.399889989,2.468394231796264
-0.2506545654565455,-0.28585258525852586,-0.1251072607260727,-0.11903465346534658,0.2390951595159514,0.12336908690869089,0.19229647964796492,0.2465649064906491,0.5904620462046205,33818.399889989,2.4723040580749505
-0.2306545654565455,-0.28585258525852586,-0.14510726072607266,-0.13903465346534657,0.2590951595159514,0.1433690869086909,0.18229647964796492,0.2665649064906491,0.5904620462046205,33605.399889989,2.476322364807128
-0.2506545654565455,-0.27585258525852585,-0.1351072607260727,-0.1590346534653466,0.2590951595159514,0.12336908690869089,0.20229647964796493,0.2165649064906492,0.5804620462046205,33534.399889989,2.480322551727294
-0.2106545654565456,-0.24585258525852582,-0.1351072607260727,-0.1590346534653466,0.2590951595159514,0.11336908690869094,0.1522964796479649,0.20656490649064918,0.5904620462046205,33251.399889989,2.480322551727294
-0.20065456545654559,-0.26585258525852584,-0.14510726072607266,-0.1590346534653466,0.2490951595159514,0.12336908690869089,0.14229647964796488,0.18656490649064916,0.6004620462046205,33236.399889989,2.4833230495452874
-0.2206545654565455,-0.24585258525852582,-0.11510726072607269,-0.1590346534653466,0.22909515951595139,0.12336908690869089,0.13229647964796487,0.2165649064906492,0.5804620462046205,33329.399889989,2.4882936000823968
-0.2206545654565455,-0.25585258525852583,-0.1351072607260727,-0.1590346534653466,0.2390951595159514,0.12336908690869089,0.10229647964796496,0.2265649064906491,0.6004620462046205,33208.399889989,2.4913403511047356
-0.20065456545654559,-0.24585258525852582,-0.1351072607260727,-0.13903465346534657,0.2490951595159514,0.11336908690869094,0.12229647964796486,0.20656490649064918,0.5804620462046205,33037.399889989,2.495766353607177
-0.2306545654565455,-0.24585258525852582,-0.11510726072607269,-0.14903465346534658,0.2490951595159514,0.1333690869086909,0.09229647964796495,0.20656490649064918,0.5804620462046205,33164.399889989,2.4967998981475823
-0.2306545654565455,-0.24585258525852582,-0.08510726072607266,-0.1590346534653466,0.2490951595159514,0.11336908690869094,0.06229647964796492,0.2465649064906491,0.6004620462046205,33473.399889989,2.5002555370330803
-0.20065456545654559,-0.25585258525852583,-0.11510726072607269,-0.16903465346534657,0.2690951595159514,0.10336908690869093,0.08229647964796494,0.2465649064906491,0.5804620462046205,33488.399889989,2.5042273521423333
-0.2106545654565456,-0.24585258525852582,-0.08510726072607266,-0.16903465346534657,0.2590951595159514,0.11336908690869094,0.03229647964796489,0.2265649064906491,0.5604620462046205,33105.399889989,2.5086922168731682
-0.2206545654565455,-0.23585258525852582,-0.07510726072607266,-0.17903465346534658,0.2590951595159514,0.12336908690869089,0.10229647964796496,0.18656490649064916,0.5704620462046205,32834.399889989,2.5096766471862786
-0.2106545654565456,-0.2258525852585258,-0.08510726072607266,-0.1290346534653466,0.2590951595159514,0.15336908690869092,0.08229647964796494,0.19656490649064917,0.5804620462046205,32945.399889989,2.5126926422119134
-0.19065456545654558,-0.2258525852585258,-0.06510726072607265,-0.14903465346534658,0.2690951595159514,0.1433690869086909,0.08229647964796494,0.2365649064906491,0.5704620462046205,33186.399889989,2.516532850265502
-0.2106545654565456,-0.2158525852585259,-0.07510726072607266,-0.16903465346534657,0.2690951595159514,0.1333690869086909,0.12229647964796486,0.20656490649064918,0.5704620462046205,33099.399889989,2.5205280303955035
-0.2206545654565455,-0.2058525852585259,-0.08510726072607266,-0.14903465346534658,0.27909515951595143,0.1433690869086909,0.09229647964796495,0.2265649064906491,0.5704620462046205,32922.399889989,2.521270942687984
-0.2206545654565455,-0.2058525852585259,-0.04510726072607263,-0.16903465346534657,0.27909515951595143,0.12336908690869089,0.09229647964796495,0.2265649064906491,0.5904620462046205,32861.399889989,2.525564622879024
-0.2406545654565455,-0.2058525852585259,-0.06510726072607265,-0.1590346534653466,0.28909515951595144,0.11336908690869094,0.09229647964796495,0.2265649064906491,0.5704620462046205,33278.399889989,2.5291847705841057
-0.2306545654565455,-0.2058525852585259,-0.03510726072607273,-0.16903465346534657,0.28909515951595144,0.09336908690869092,0.11229647964796485,0.19656490649064917,0.5804620462046205,33307.399889989,2.533744525909423
-0.2406545654565455,-0.2058525852585259,-0.05510726072607264,-0.17903465346534658,0.28909515951595144,0.10336908690869093,0.06229647964796492,0.2165649064906492,0.5804620462046205,33344.399889989,2.533744525909423
-0.2306545654565455,-0.2058525852585259,-0.09510726072607267,-0.1890346534653466,0.27909515951595143,0.08336908690869091,0.11229647964796485,0.2265649064906491,0.5704620462046205,33161.399889989,2.5371212482452385
-0.2506545654565455,-0.1958525852585259,-0.10510726072607268,-0.17903465346534658,0.2690951595159514,0.08336908690869091,0.08229647964796494,0.2265649064906491,0.5904620462046205,32660.399889989,2.541124534606933
-0.2306545654565455,-0.2158525852585259,-0.11510726072607269,-0.17903465346534658,0.2590951595159514,0.05336908690869091,0.06229647964796492,0.2365649064906491,0.5904620462046205,32873.399889989,2.546071004867553
-0.29065456545654555,-0.2058525852585259,-0.1351072607260727,-0.19903465346534657,0.2490951595159514,0.06336908690869092,0.08229647964796494,0.19656490649064917,0.5704620462046205,33112.399889989,2.546071004867553
-0.2506545654565455,-0.2158525852585259,-0.14510726072607266,-0.17903465346534658,0.2390951595159514,0.0733690869086909,0.05229647964796491,0.20656490649064918,0.5504620462046205,32721.399889989,2.5499257564544635
-0.26065456545654553,-0.24585258525852582,-0.1351072607260727,-0.17903465346534658,0.2390951595159514,0.06336908690869092,0.07229647964796493,0.20656490649064918,0.5404620462046205,31794.399889989,2.554165792465213
-0.26065456545654553,-0.25585258525852583,-0.16510726072607268,-0.17903465346534658,0.22909515951595139,0.09336908690869092,0.06229647964796492,0.18656490649064916,0.5604620462046205,32195.399889989,2.5584115505218534
-0.2406545654565455,-0.2258525852585258,-0.15510726072607267,-0.16903465346534657,0.2390951595159514,0.09336908690869092,0.08229647964796494,0.20656490649064918,0.5404620462046205,32148.399889989,2.5584115505218534
-0.2206545654565455,-0.2258525852585258,-0.1251072607260727,-0.1890346534653466,0.2490951595159514,0.08336908690869091,0.07229647964796493,0.19656490649064917,0.5804620462046205,31635.399889989,2.5624401092529325
-0.2306545654565455,-0.2158525852585259,-0.09510726072607267,-0.1590346534653466,0.22909515951595139,0.06336908690869092,-0.01770352035203504,0.2565649064906491,0.5704620462046205,31482.399889989,2.5658547401428216
-0.2206545654565455,-0.2258525852585258,-0.1351072607260727,-0.17903465346534658,0.2490951595159514,0.0733690869086909,0.06229647964796492,0.19656490649064917,0.5704620462046205,31005.399889989,2.5701937198638944
-0.2206545654565455,-0.24585258525852582,-0.10510726072607268,-0.16903465346534657,0.22909515951595139,0.06336908690869092,0.0422964796479649,0.19656490649064917,0.5704620462046205,30364.399889989,2.5736414909362786
-0.2206545654565455,-0.23585258525852582,-0.10510726072607268,-0.17903465346534658,0.2390951595159514,0.08336908690869091,0.0422964796479649,0.18656490649064916,0.5504620462046205,29981.399889989,2.5747098445892327
-0.2406545654565455,-0.23585258525852582,-0.1251072607260727,-0.17903465346534658,0.2390951595159514,0.0733690869086909,0.0422964796479649,0.2465649064906491,0.5504620462046205,29188.399889989,2.577799987792968
-0.20065456545654559,-0.23585258525852582,-0.11510726072607269,-0.1890346534653466,0.2490951595159514,0.08336908690869091,0.03229647964796489,0.2465649064906491,0.5604620462046205,28817.399889989,2.5828001022338896
-0.20065456545654559,-0.26585258525852584,-0.1351072607260727,-0.1890346534653466,0.2490951595159514,0.0733690869086909,0.03229647964796489,0.2365649064906491,0.5604620462046205,28126.399889989,2.586101484298702
-0.20065456545654559,-0.26585258525852584,-0.1351072607260727,-0.1590346534653466,0.22909515951595139,0.06336908690869092,0.022296479647964884,0.2165649064906492,0.5404620462046205,27721.399889989,2.586101484298702
-0.19065456545654558,-0.27585258525852585,-0.14510726072607266,-0.16903465346534657,0.2390951595159514,0.0733690869086909,0.0022964796479648664,0.18656490649064916,0.5104620462046204,27834.399889989,2.5911354541778557
-0.20065456545654559,-0.27585258525852585,-0.1251072607260727,-0.16903465346534657,0.21909515951595138,0.08336908690869091,-0.03770352035203506,0.2165649064906492,0.5104620462046204,27917.399889989,2.594180536270141
-0.18065456545654557,-0.27585258525852585,-0.11510726072607269,-0.17903465346534658,0.2490951595159514,0.08336908690869091,0.0022964796479648664,0.2165649064906492,0.5104620462046204,27436.399889989,2.598253202438354
-0.20065456545654559,-0.24585258525852582,-0.14510726072607266,-0.1590346534653466,0.2390951595159514,0.08336908690869091,-0.01770352035203504,0.2465649064906491,0.5104620462046204,26561.399889989,2.598253202438354
